id,id_Key,Date_Proc,Lat_DNB,Lon_DNB,Rad_DNB,Date_Mscan,Date_LTZ,Line_DNB,Sample_DNB,Rad_I04,QF_Detect,QF_Bitflag,SMI,Thr_SMI,SI,Thr_SI,SHI,Thr_SHI,LI,Thr_LI,Glint,Thr_Gl_SMI,Xcorr,Land_Mask,EEZ,FMZ,MPA,File_DNB,File_GDNB,File_I04,File_VNF,File_EEZ,File_FMZ,File_MPA,File_FLM,File_LSM,File_LTZ,File_RLP,Dist_RLP,File_RLV,Lat_Gring,Lon_Gring,Gran_List,SOLZ_GDNBO,SOLA_GDNBO,SATZ_GDNBO,SATA_GDNBO,LUNZ_GDNBO,LUNA_GDNBO
1,VBD_npp_d20250830_t1814126_x0980521E_y138313N_l0624_s0261_v23,2025-08-30 20:25:26,13.831322,98.052055,3.45132,2025-08-30 18:14:12,2025-08-31 00:44:12,624,261,0.0870227,1,2401,0.164415,0.1375,0.51041,0.4,0.762448,0.75,2.11759e-16,0.0001,2.88121e-09,999999,999999,3,Myanmar Exclusive Economic Zone,,,SVDNB_npp_d20250830_t1813047_e1814288_b71723_c20250830194207141000_oeac_ops.h5,GDNBO_npp_d20250830_t1813047_e1814288_b71723_c20250830193933722000_oeac_ops.h5,SVI04_npp_d20250830_t1813047_e1814288_b71723_c20250830194217693000_oeac_ops.dspace_rad,,eez_v11.shp,WPP_BFAR_merge.shp,vbd_mpa_r20170830.shp,VNF-VBD_npp_20120301-20151231_global_asia-enhanced_c201607211230.bitmask,vbd_landsea_r20220824.mask,timezone.shp,VBD_platforms-recurring_2015_r20170330.shp,999999,VBD_bridges_c20160811.shp,18.010777;16.285755;13.639250;8.810288;11.274569;13.100046,96.877495;111.220482;125.148262;123.755745;110.056465;96.042732,npp_d20250830_t1808484_e1810126_b71723;npp_d20250830_t1810139_e1811380_b71723;npp_d20250830_t1811393_e1813034_b71723;npp_d20250830_t1813047_e1814288_b71723,154.746,27.4628,65.9428,95.9308,116.303,-111.986
2,VBD_npp_d20250830_t1814143_x0980443E_y138249N_l0626_s0261_v23,2025-08-30 20:25:26,13.824931,98.044319,3.30958,2025-08-30 18:14:14,2025-08-31 00:44:14,626,261,0.0873072,2,2337,0.148352,0.1375,0.51041,0.4,0.467818,0.75,2.13217e-16,0.0001,3.03479e-09,999999,999999,3,Myanmar Exclusive Economic Zone,,,SVDNB_npp_d20250830_t1813047_e1814288_b71723_c20250830194207141000_oeac_ops.h5,GDNBO_npp_d20250830_t1813047_e1814288_b71723_c20250830193933722000_oeac_ops.h5,SVI04_npp_d20250830_t1813047_e1814288_b71723_c20250830194217693000_oeac_ops.dspace_rad,,eez_v11.shp,WPP_BFAR_merge.shp,vbd_mpa_r20170830.shp,VNF-VBD_npp_20120301-20151231_global_asia-enhanced_c201607211230.bitmask,vbd_landsea_r20220824.mask,timezone.shp,VBD_platforms-recurring_2015_r20170330.shp,999999,VBD_bridges_c20160811.shp,18.010777;16.285755;13.639250;8.810288;11.274569;13.100046,96.877495;111.220482;125.148262;123.755745;110.056465;96.042732,npp_d20250830_t1808484_e1810126_b71723;npp_d20250830_t1810139_e1811380_b71723;npp_d20250830_t1811393_e1813034_b71723;npp_d20250830_t1813047_e1814288_b71723,154.752,27.4684,65.9417,96.4059,116.3,-111.989
3,VBD_npp_d20250830_t1814268_x0982261E_y130563N_l0740_s0306_v23,2025-08-30 20:25:26,13.056253,98.226074,53.5225,2025-08-30 18:14:26,2025-08-31 00:44:26,740,306,0.229854,1,2401,0.958255,0.1375,0.87674,0.4,0.912464,0.75,1.82371e-16,0.0001,2.3397e-08,999999,999999,3,Myanmar Exclusive Economic Zone,,,SVDNB_npp_d20250830_t1813047_e1814288_b71723_c20250830194207141000_oeac_ops.h5,GDNBO_npp_d20250830_t1813047_e1814288_b71723_c20250830193933722000_oeac_ops.h5,SVI04_npp_d20250830_t1813047_e1814288_b71723_c20250830194217693000_oeac_ops.dspace_rad,,eez_v11.shp,WPP_BFAR_merge.shp,vbd_mpa_r20170830.shp,VNF-VBD_npp_20120301-20151231_global_asia-enhanced_c201607211230.bitmask,vbd_landsea_r20220824.mask,timezone.shp,VBD_platforms-recurring_2015_r20170330.shp,999999,VBD_bridges_c20160811.shp,18.010777;16.285755;13.639250;8.810288;11.274569;13.100046,96.877495;111.220482;125.148262;123.755745;110.056465;96.042732,npp_d20250830_t1808484_e1810126_b71723;npp_d20250830_t1810139_e1811380_b71723;npp_d20250830_t1811393_e1813034_b71723;npp_d20250830_t1813047_e1814288_b71723,155.323,28.7311,65.1288,96.5508,116.22,-112.315
4,VBD_npp_d20250830_t1814250_x0983477E_y130703N_l0735_s0322_v23,2025-08-30 20:25:26,13.070273,98.347740,7.31024,2025-08-30 18:14:25,2025-08-31 00:44:25,735,322,0.16676,1,2401,0.38064,0.1375,0.744174,0.4,0.795614,0.75,1.68643e-16,0.0001,4.02195e-08,999999,999999,3,Myanmar Exclusive Economic Zone,,,SVDNB_npp_d20250830_t1813047_e1814288_b71723_c20250830194207141000_oeac_ops.h5,GDNBO_npp_d20250830_t1813047_e1814288_b71723_c20250830193933722000_oeac_ops.h5,SVI04_npp_d20250830_t1813047_e1814288_b71723_c20250830194217693000_oeac_ops.dspace_rad,,eez_v11.shp,WPP_BFAR_merge.shp,vbd_mpa_r20170830.shp,VNF-VBD_npp_20120301-20151231_global_asia-enhanced_c201607211230.bitmask,vbd_landsea_r20220824.mask,timezone.shp,VBD_platforms-recurring_2015_r20170330.shp,999999,VBD_bridges_c20160811.shp,18.010777;16.285755;13.639250;8.810288;11.274569;13.100046,96.877495;111.220482;125.148262;123.755745;110.056465;96.042732,npp_d20250830_t1808484_e1810126_b71723;npp_d20250830_t1810139_e1811380_b71723;npp_d20250830_t1811393_e1813034_b71723;npp_d20250830_t1813047_e1814288_b71723,155.257,28.954,64.8372,96.1833,116.328,-112.303
1,VBD_npp_d20250830_t1814375_x0978018E_y124179N_l0076_s0263_v23,2025-08-30 20:43:22,12.417899,97.801781,51.371,2025-08-30 18:14:37,2025-08-31 00:44:37,76,263,0.212924,1,2401,0.996792,0.1375,0.874751,0.4,0.899125,0.75,3.62946e-16,0.0001,1.40648e-08,999999,999999,3,Myanmar Exclusive Economic Zone,,,SVDNB_npp_d20250830_t1814301_e1815542_b71723_c20250830194159405000_oeac_ops.h5,GDNBO_npp_d20250830_t1814301_e1815542_b71723_c20250830193935163000_oeac_ops.h5,SVI04_npp_d20250830_t1814301_e1815542_b71723_c20250830194207485000_oeac_ops.dspace_rad,,eez_v11.shp,WPP_BFAR_merge.shp,vbd_mpa_r20170830.shp,VNF-VBD_npp_20120301-20151231_global_asia-enhanced_c201607211230.bitmask,vbd_landsea_r20220824.mask,timezone.shp,VBD_platforms-recurring_2015_r20170330.shp,999999,VBD_bridges_c20160811.shp,13.103016;11.269409;8.812280;3.958795;6.255141;8.201997,96.038063;110.048721;123.751022;122.491997;108.912346;95.112503,npp_d20250830_t1814301_e1815542_b71723;npp_d20250830_t1815555_e1817196_b71723;npp_d20250830_t1817209_e1818451_b71723;npp_d20250830_t1818463_e1820105_b71723,156.061,28.6058,65.9073,96.3373,115.636,-112.609
2,VBD_npp_d20250830_t1814357_x0978816E_y125626N_l0053_s0271_v23,2025-08-30 20:43:22,12.562645,97.881615,4.75699,2025-08-30 18:14:35,2025-08-31 00:44:35,53,271,0.153886,2,2337,0.216556,0.1375,0.594023,0.4,0.709966,0.75,3.18777e-16,0.0001,1.49488e-08,999999,999999,3,Myanmar Exclusive Economic Zone,,,SVDNB_npp_d20250830_t1814301_e1815542_b71723_c20250830194159405000_oeac_ops.h5,GDNBO_npp_d20250830_t1814301_e1815542_b71723_c20250830193935163000_oeac_ops.h5,SVI04_npp_d20250830_t1814301_e1815542_b71723_c20250830194207485000_oeac_ops.dspace_rad,,eez_v11.shp,WPP_BFAR_merge.shp,vbd_mpa_r20170830.shp,VNF-VBD_npp_20120301-20151231_global_asia-enhanced_c201607211230.bitmask,vbd_landsea_r20220824.mask,timezone.shp,VBD_platforms-recurring_2015_r20170330.shp,999999,VBD_bridges_c20160811.shp,13.103016;11.269409;8.812280;3.958795;6.255141;8.201997,96.038063;110.048721;123.751022;122.491997;108.912346;95.112503,npp_d20250830_t1814301_e1815542_b71723;npp_d20250830_t1815555_e1817196_b71723;npp_d20250830_t1817209_e1818451_b71723;npp_d20250830_t1818463_e1820105_b71723,155.9,28.605,65.7675,96.5574,115.757,-112.544
3,VBD_npp_d20250830_t1815522_x0970334E_y081498N_l0740_s0273_v23,2025-08-30 20:43:22,8.149845,97.033447,4.97261,2025-08-30 18:15:52,2025-08-31 01:15:52,740,273,0.124366,1,2401,0.28556,0.1375,0.670201,0.4,0.869379,0.75,2.48919e-15,0.0001,3.43136e-07,999999,999999,3,Thailand Exclusive Economic Zone,,,SVDNB_npp_d20250830_t1814301_e1815542_b71723_c20250830194159405000_oeac_ops.h5,GDNBO_npp_d20250830_t1814301_e1815542_b71723_c20250830193935163000_oeac_ops.h5,SVI04_npp_d20250830_t1814301_e1815542_b71723_c20250830194207485000_oeac_ops.dspace_rad,,eez_v11.shp,WPP_BFAR_merge.shp,vbd_mpa_r20170830.shp,VNF-VBD_npp_20120301-20151231_global_asia-enhanced_c201607211230.bitmask,vbd_landsea_r20220824.mask,timezone.shp,VBD_platforms-recurring_2015_r20170330.shp,999999,VBD_bridges_c20160811.shp,13.103016;11.269409;8.812280;3.958795;6.255141;8.201997,96.038063;110.048721;123.751022;122.491997;108.912346;95.112503,npp_d20250830_t1814301_e1815542_b71723;npp_d20250830_t1815555_e1817196_b71723;npp_d20250830_t1817209_e1818451_b71723;npp_d20250830_t1818463_e1820105_b71723,159.961,32.9818,65.7391,97.4405,113.527,-114.339
4,VBD_npp_d20250830_t1814392_x0978746E_y123186N_l0090_s0276_v23,2025-08-30 20:43:22,12.318564,97.874626,3.74048,2025-08-30 18:14:39,2025-08-31 00:44:39,90,276,0.0294777,1,2401,0.183777,0.1375,0.583905,0.4,0.829028,0.75,3.47829e-16,0.0001,2.44317e-08,999999,999999,3,Myanmar Exclusive Economic Zone,,,SVDNB_npp_d20250830_t1814301_e1815542_b71723_c20250830194159405000_oeac_ops.h5,GDNBO_npp_d20250830_t1814301_e1815542_b71723_c20250830193935163000_oeac_ops.h5,SVI04_npp_d20250830_t1814301_e1815542_b71723_c20250830194207485000_oeac_ops.dspace_rad,,eez_v11.shp,WPP_BFAR_merge.shp,vbd_mpa_r20170830.shp,VNF-VBD_npp_20120301-20151231_global_asia-enhanced_c201607211230.bitmask,vbd_landsea_r20220824.mask,timezone.shp,VBD_platforms-recurring_2015_r20170330.shp,999999,VBD_bridges_c20160811.shp,13.103016;11.269409;8.812280;3.958795;6.255141;8.201997,96.038063;110.048721;123.751022;122.491997;108.912346;95.112503,npp_d20250830_t1814301_e1815542_b71723;npp_d20250830_t1815555_e1817196_b71723;npp_d20250830_t1817209_e1818451_b71723;npp_d20250830_t1818463_e1820105_b71723,156.11,28.8857,65.6759,96.4403,115.67,-112.649
5,VBD_npp_d20250830_t1815130_x0992720E_y101195N_l0398_s0532_v23,2025-08-30 20:43:22,10.119528,99.272011,4.43101,2025-08-30 18:15:13,2025-08-31 01:15:13,398,532,0.0917884,1,2401,0.250825,0.0825,0.657152,0.4,0.806921,0.75,2.27001e-16,0.0001,7.89747e-10,999999,999999,3,Thailand Exclusive Economic Zone,,,SVDNB_npp_d20250830_t1814301_e1815542_b71723_c20250830194159405000_oeac_ops.h5,GDNBO_npp_d20250830_t1814301_e1815542_b71723_c20250830193935163000_oeac_ops.h5,SVI04_npp_d20250830_t1814301_e1815542_b71723_c20250830194207485000_oeac_ops.dspace_rad,,eez_v11.shp,WPP_BFAR_merge.shp,vbd_mpa_r20170830.shp,VNF-VBD_npp_20120301-20151231_global_asia-enhanced_c201607211230.bitmask,vbd_landsea_r20220824.mask,timezone.shp,VBD_platforms-recurring_2015_r20170330.shp,999999,VBD_bridges_c20160811.shp,13.103016;11.269409;8.812280;3.958795;6.255141;8.201997,96.038063;110.048721;123.751022;122.491997;108.912346;95.112503,npp_d20250830_t1814301_e1815542_b71723;npp_d20250830_t1815555_e1817196_b71723;npp_d20250830_t1817209_e1818451_b71723;npp_d20250830_t1818463_e1820105_b71723,157.183,34.8444,60.6396,96.9592,116.187,-113.577
6,VBD_npp_d20250830_t1815130_x0993021E_y101865N_l0388_s0535_v23,2025-08-30 20:43:22,10.186513,99.302109,5.72731,2025-08-30 18:15:13,2025-08-31 01:15:13,388,535,0.0815456,2,2337,0.271536,0.0825,0.637769,0.4,0.51688,0.75,2.19902e-16,0.0001,8.00147e-10,999999,999999,3,Thailand Exclusive Economic Zone,,,SVDNB_npp_d20250830_t1814301_e1815542_b71723_c20250830194159405000_oeac_ops.h5,GDNBO_npp_d20250830_t1814301_e1815542_b71723_c20250830193935163000_oeac_ops.h5,SVI04_npp_d20250830_t1814301_e1815542_b71723_c20250830194207485000_oeac_ops.dspace_rad,,eez_v11.shp,WPP_BFAR_merge.shp,vbd_mpa_r20170830.shp,VNF-VBD_npp_20120301-20151231_global_asia-enhanced_c201607211230.bitmask,vbd_landsea_r20220824.mask,timezone.shp,VBD_platforms-recurring_2015_r20170330.shp,999999,VBD_bridges_c20160811.shp,13.103016;11.269409;8.812280;3.958795;6.255141;8.201997,96.038063;110.048721;123.751022;122.491997;108.912346;95.112503,npp_d20250830_t1814301_e1815542_b71723;npp_d20250830_t1815555_e1817196_b71723;npp_d20250830_t1817209_e1818451_b71723;npp_d20250830_t1818463_e1820105_b71723,157.111,34.8167,60.5733,97.354,116.24,-113.548
7,VBD_npp_d20250830_t1815148_x0993615E_y100024N_l0414_s0548_v23,2025-08-30 20:43:22,10.002365,99.361542,2.28192,2025-08-30 18:15:14,2025-08-31 01:15:14,414,548,0.0509593,2,2337,0.0940681,0.0825,0.55068,0.4,0.57393,0.75,2.13008e-16,0.0001,5.47984e-10,999999,999999,3,Thailand Exclusive Economic Zone,,,SVDNB_npp_d20250830_t1814301_e1815542_b71723_c20250830194159405000_oeac_ops.h5,GDNBO_npp_d20250830_t1814301_e1815542_b71723_c20250830193935163000_oeac_ops.h5,SVI04_npp_d20250830_t1814301_e1815542_b71723_c20250830194207485000_oeac_ops.dspace_rad,,eez_v11.shp,WPP_BFAR_merge.shp,vbd_mpa_r20170830.shp,VNF-VBD_npp_20120301-20151231_global_asia-enhanced_c201607211230.bitmask,vbd_landsea_r20220824.mask,timezone.shp,VBD_platforms-recurring_2015_r20170330.shp,999999,VBD_bridges_c20160811.shp,13.103016;11.269409;8.812280;3.958795;6.255141;8.201997,96.038063;110.048721;123.751022;122.491997;108.912346;95.112503,npp_d20250830_t1814301_e1815542_b71723;npp_d20250830_t1815555_e1817196_b71723;npp_d20250830_t1817209_e1818451_b71723;npp_d20250830_t1818463_e1820105_b71723,157.224,35.2073,60.2938,96.9925,116.227,-113.629
8,VBD_npp_d20250830_t1815148_x0993801E_y099860N_l0416_s0551_v23,2025-08-30 20:43:22,9.986032,99.380066,2.86724,2025-08-30 18:15:14,2025-08-31 01:15:14,416,551,0.0483274,2,2337,0.125326,0.0825,0.531101,0.4,0.58996,0.75,2.09959e-16,0.0001,5.12023e-10,999999,999999,3,Thailand Exclusive Economic Zone,,,SVDNB_npp_d20250830_t1814301_e1815542_b71723_c20250830194159405000_oeac_ops.h5,GDNBO_npp_d20250830_t1814301_e1815542_b71723_c20250830193935163000_oeac_ops.h5,SVI04_npp_d20250830_t1814301_e1815542_b71723_c20250830194207485000_oeac_ops.dspace_rad,,eez_v11.shp,WPP_BFAR_merge.shp,vbd_mpa_r20170830.shp,VNF-VBD_npp_20120301-20151231_global_asia-enhanced_c201607211230.bitmask,vbd_landsea_r20220824.mask,timezone.shp,VBD_platforms-recurring_2015_r20170330.shp,999999,VBD_bridges_c20160811.shp,13.103016;11.269409;8.812280;3.958795;6.255141;8.201997,96.038063;110.048721;123.751022;122.491997;108.912346;95.112503,npp_d20250830_t1814301_e1815542_b71723;npp_d20250830_t1815555_e1817196_b71723;npp_d20250830_t1817209_e1818451_b71723;npp_d20250830_t1818463_e1820105_b71723,157.227,35.2685,60.2299,96.9173,116.237,-113.636
9,VBD_npp_d20250830_t1815166_x0993809E_y099854N_l0417_s0552_v23,2025-08-30 20:43:22,9.985448,99.380913,2.94604,2025-08-30 18:15:16,2025-08-31 01:15:16,417,552,0.0483274,2,2337,0.128062,0.0825,0.531101,0.4,0.624144,0.75,2.09044e-16,0.0001,5.26473e-10,999999,999999,3,Thailand Exclusive Economic Zone,,,SVDNB_npp_d20250830_t1814301_e1815542_b71723_c20250830194159405000_oeac_ops.h5,GDNBO_npp_d20250830_t1814301_e1815542_b71723_c20250830193935163000_oeac_ops.h5,SVI04_npp_d20250830_t1814301_e1815542_b71723_c20250830194207485000_oeac_ops.dspace_rad,,eez_v11.shp,WPP_BFAR_merge.shp,vbd_mpa_r20170830.shp,VNF-VBD_npp_20120301-20151231_global_asia-enhanced_c201607211230.bitmask,vbd_landsea_r20220824.mask,timezone.shp,VBD_platforms-recurring_2015_r20170330.shp,999999,VBD_bridges_c20160811.shp,13.103016;11.269409;8.812280;3.958795;6.255141;8.201997,96.038063;110.048721;123.751022;122.491997;108.912346;95.112503,npp_d20250830_t1814301_e1815542_b71723;npp_d20250830_t1815555_e1817196_b71723;npp_d20250830_t1817209_e1818451_b71723;npp_d20250830_t1818463_e1820105_b71723,157.223,35.2865,60.2037,97.5252,116.244,-113.637
10,VBD_npp_d20250830_t1815148_x0994325E_y100566N_l0405_s0557_v23,2025-08-30 20:43:22,10.056564,99.432503,5.95304,2025-08-30 18:15:14,2025-08-31 01:15:14,405,557,0.0582146,1,2401,0.32845,0.0825,0.719507,0.4,0.829959,0.75,1.99157e-16,0.0001,4.93661e-10,999999,999999,3,Thailand Exclusive Economic Zone,,,SVDNB_npp_d20250830_t1814301_e1815542_b71723_c20250830194159405000_oeac_ops.h5,GDNBO_npp_d20250830_t1814301_e1815542_b71723_c20250830193935163000_oeac_ops.h5,SVI04_npp_d20250830_t1814301_e1815542_b71723_c20250830194207485000_oeac_ops.dspace_rad,,eez_v11.shp,WPP_BFAR_merge.shp,vbd_mpa_r20170830.shp,VNF-VBD_npp_20120301-20151231_global_asia-enhanced_c201607211230.bitmask,vbd_landsea_r20220824.mask,timezone.shp,VBD_platforms-recurring_2015_r20170330.shp,999999,VBD_bridges_c20160811.shp,13.103016;11.269409;8.812280;3.958795;6.255141;8.201997,96.038063;110.048721;123.751022;122.491997;108.912346;95.112503,npp_d20250830_t1814301_e1815542_b71723;npp_d20250830_t1815555_e1817196_b71723;npp_d20250830_t1817209_e1818451_b71723;npp_d20250830_t1818463_e1820105_b71723,157.139,35.281,60.094,97.3568,116.312,-113.606
11,VBD_npp_d20250830_t1815130_x0994499E_y100836N_l0400_s0558_v23,2025-08-30 20:43:22,10.083572,99.449944,1.99993,2025-08-30 18:15:13,2025-08-31 01:15:13,400,558,0.0543024,2,2337,0.0852532,0.0825,0.664224,0.4,0.66382,0.75,1.96407e-16,0.0001,4.75168e-10,999999,999999,3,Thailand Exclusive Economic Zone,,,SVDNB_npp_d20250830_t1814301_e1815542_b71723_c20250830194159405000_oeac_ops.h5,GDNBO_npp_d20250830_t1814301_e1815542_b71723_c20250830193935163000_oeac_ops.h5,SVI04_npp_d20250830_t1814301_e1815542_b71723_c20250830194207485000_oeac_ops.dspace_rad,,eez_v11.shp,WPP_BFAR_merge.shp,vbd_mpa_r20170830.shp,VNF-VBD_npp_20120301-20151231_global_asia-enhanced_c201607211230.bitmask,vbd_landsea_r20220824.mask,timezone.shp,VBD_platforms-recurring_2015_r20170330.shp,999999,VBD_bridges_c20160811.shp,13.103016;11.269409;8.812280;3.958795;6.255141;8.201997,96.038063;110.048721;123.751022;122.491997;108.912346;95.112503,npp_d20250830_t1814301_e1815542_b71723;npp_d20250830_t1815555_e1817196_b71723;npp_d20250830_t1817209_e1818451_b71723;npp_d20250830_t1818463_e1820105_b71723,157.112,35.2649,60.074,96.9104,116.332,-113.594
12,VBD_npp_d20250830_t1815184_x0994885E_y098232N_l0439_s0571_v23,2025-08-30 20:43:22,9.823154,99.488495,2.06465,2025-08-30 18:15:18,2025-08-31 01:15:18,439,571,0.0169586,10,2305,0.0957795,0.0825,0.354833,0.4,0.691621,0.75,1.91803e-16,0.0001,3.42077e-10,999999,999999,3,Thailand Exclusive Economic Zone,,,SVDNB_npp_d20250830_t1814301_e1815542_b71723_c20250830194159405000_oeac_ops.h5,GDNBO_npp_d20250830_t1814301_e1815542_b71723_c20250830193935163000_oeac_ops.h5,SVI04_npp_d20250830_t1814301_e1815542_b71723_c20250830194207485000_oeac_ops.dspace_rad,,eez_v11.shp,WPP_BFAR_merge.shp,vbd_mpa_r20170830.shp,VNF-VBD_npp_20120301-20151231_global_asia-enhanced_c201607211230.bitmask,vbd_landsea_r20220824.mask,timezone.shp,VBD_platforms-recurring_2015_r20170330.shp,999999,VBD_bridges_c20160811.shp,13.103016;11.269409;8.812280;3.958795;6.255141;8.201997,96.038063;110.048721;123.751022;122.491997;108.912346;95.112503,npp_d20250830_t1814301_e1815542_b71723;npp_d20250830_t1815555_e1817196_b71723;npp_d20250830_t1817209_e1818451_b71723;npp_d20250830_t1818463_e1820105_b71723,157.289,35.7511,59.7763,97.3262,116.282,-113.709
13,VBD_npp_d20250830_t1815148_x0995622E_y100121N_l0409_s0576_v23,2025-08-30 20:43:22,10.012141,99.562210,3.3199,2025-08-30 18:15:14,2025-08-31 01:15:14,409,576,0.0667503,2,2337,0.181581,0.0825,0.611741,0.4,0.727979,0.75,1.77202e-16,0.0001,3.42948e-10,999999,999999,3,Thailand Exclusive Economic Zone,,,SVDNB_npp_d20250830_t1814301_e1815542_b71723_c20250830194159405000_oeac_ops.h5,GDNBO_npp_d20250830_t1814301_e1815542_b71723_c20250830193935163000_oeac_ops.h5,SVI04_npp_d20250830_t1814301_e1815542_b71723_c20250830194207485000_oeac_ops.dspace_rad,,eez_v11.shp,WPP_BFAR_merge.shp,vbd_mpa_r20170830.shp,VNF-VBD_npp_20120301-20151231_global_asia-enhanced_c201607211230.bitmask,vbd_landsea_r20220824.mask,timezone.shp,VBD_platforms-recurring_2015_r20170330.shp,999999,VBD_bridges_c20160811.shp,13.103016;11.269409;8.812280;3.958795;6.255141;8.201997,96.038063;110.048721;123.751022;122.491997;108.912346;95.112503,npp_d20250830_t1814301_e1815542_b71723;npp_d20250830_t1815555_e1817196_b71723;npp_d20250830_t1817209_e1818451_b71723;npp_d20250830_t1818463_e1820105_b71723,157.102,35.6112,59.667,97.2223,116.411,-113.627
14,VBD_npp_d20250830_t1814428_x0999445E_y118586N_l0123_s0578_v23,2025-08-30 20:43:22,11.858603,99.944534,3.77663,2025-08-30 18:14:42,2025-08-31 01:14:42,123,578,0.0352393,10,2305,0.0887489,0.0825,0.301103,0.4,0.538611,0.75,6.51033e-17,0.0001,8.78605e-10,999999,999999,3,Thailand Exclusive Economic Zone,,,SVDNB_npp_d20250830_t1814301_e1815542_b71723_c20250830194159405000_oeac_ops.h5,GDNBO_npp_d20250830_t1814301_e1815542_b71723_c20250830193935163000_oeac_ops.h5,SVI04_npp_d20250830_t1814301_e1815542_b71723_c20250830194207485000_oeac_ops.dspace_rad,,eez_v11.shp,WPP_BFAR_merge.shp,vbd_mpa_r20170830.shp,VNF-VBD_npp_20120301-20151231_global_asia-enhanced_c201607211230.bitmask,vbd_landsea_r20220824.mask,timezone.shp,VBD_platforms-recurring_2015_r20170330.shp,999999,VBD_bridges_c20160811.shp,13.103016;11.269409;8.812280;3.958795;6.255141;8.201997,96.038063;110.048721;123.751022;122.491997;108.912346;95.112503,npp_d20250830_t1814301_e1815542_b71723;npp_d20250830_t1815555_e1817196_b71723;npp_d20250830_t1817209_e1818451_b71723;npp_d20250830_t1818463_e1820105_b71723,155.444,33.7257,59.6213,96.8637,117.36,-112.795
15,VBD_npp_d20250830_t1814481_x0999508E_y115678N_l0167_s0587_v23,2025-08-30 20:43:22,11.567834,99.950752,2.81656,2025-08-30 18:14:48,2025-08-31 01:14:48,167,587,0.0441307,2,2337,0.121567,0.0825,0.489418,0.4,0.601583,0.75,7.14282e-17,0.0001,6.2383e-10,999999,999999,3,Thailand Exclusive Economic Zone,,,SVDNB_npp_d20250830_t1814301_e1815542_b71723_c20250830194159405000_oeac_ops.h5,GDNBO_npp_d20250830_t1814301_e1815542_b71723_c20250830193935163000_oeac_ops.h5,SVI04_npp_d20250830_t1814301_e1815542_b71723_c20250830194207485000_oeac_ops.dspace_rad,,eez_v11.shp,WPP_BFAR_merge.shp,vbd_mpa_r20170830.shp,VNF-VBD_npp_20120301-20151231_global_asia-enhanced_c201607211230.bitmask,vbd_landsea_r20220824.mask,timezone.shp,VBD_platforms-recurring_2015_r20170330.shp,999999,VBD_bridges_c20160811.shp,13.103016;11.269409;8.812280;3.958795;6.255141;8.201997,96.038063;110.048721;123.751022;122.491997;108.912346;95.112503,npp_d20250830_t1814301_e1815542_b71723;npp_d20250830_t1815555_e1817196_b71723;npp_d20250830_t1817209_e1818451_b71723;npp_d20250830_t1818463_e1820105_b71723,155.669,34.1395,59.4151,97.0823,117.273,-112.929
16,VBD_npp_d20250830_t1814464_x1000055E_y116187N_l0158_s0593_v23,2025-08-30 20:43:22,11.618684,100.005531,2.50409,2025-08-30 18:14:46,2025-08-31 01:14:46,158,593,0.0368042,2,2337,0.0925498,0.0825,0.471758,0.4,0.535284,0.75,6.61916e-17,0.0001,5.58672e-10,999999,999999,3,Thailand Exclusive Economic Zone,,,SVDNB_npp_d20250830_t1814301_e1815542_b71723_c20250830194159405000_oeac_ops.h5,GDNBO_npp_d20250830_t1814301_e1815542_b71723_c20250830193935163000_oeac_ops.h5,SVI04_npp_d20250830_t1814301_e1815542_b71723_c20250830194207485000_oeac_ops.dspace_rad,,eez_v11.shp,WPP_BFAR_merge.shp,vbd_mpa_r20170830.shp,VNF-VBD_npp_20120301-20151231_global_asia-enhanced_c201607211230.bitmask,vbd_landsea_r20220824.mask,timezone.shp,VBD_platforms-recurring_2015_r20170330.shp,999999,VBD_bridges_c20160811.shp,13.103016;11.269409;8.812280;3.958795;6.255141;8.201997,96.038063;110.048721;123.751022;122.491997;108.912346;95.112503,npp_d20250830_t1814301_e1815542_b71723;npp_d20250830_t1815555_e1817196_b71723;npp_d20250830_t1817209_e1818451_b71723;npp_d20250830_t1818463_e1820105_b71723,155.601,34.1708,59.2844,96.7958,117.335,-112.905
17,VBD_npp_d20250830_t1814464_x1000374E_y116492N_l0153_s0597_v23,2025-08-30 20:43:22,11.649200,100.037354,3.90623,2025-08-30 18:14:46,2025-08-31 01:14:46,153,597,0.0385825,2,2337,0.1661,0.0825,0.501894,0.4,0.667995,0.75,6.33104e-17,0.0001,5.35057e-10,999999,999999,3,Thailand Exclusive Economic Zone,,,SVDNB_npp_d20250830_t1814301_e1815542_b71723_c20250830194159405000_oeac_ops.h5,GDNBO_npp_d20250830_t1814301_e1815542_b71723_c20250830193935163000_oeac_ops.h5,SVI04_npp_d20250830_t1814301_e1815542_b71723_c20250830194207485000_oeac_ops.dspace_rad,,eez_v11.shp,WPP_BFAR_merge.shp,vbd_mpa_r20170830.shp,VNF-VBD_npp_20120301-20151231_global_asia-enhanced_c201607211230.bitmask,vbd_landsea_r20220824.mask,timezone.shp,VBD_platforms-recurring_2015_r20170330.shp,999999,VBD_bridges_c20160811.shp,13.103016;11.269409;8.812280;3.958795;6.255141;8.201997,96.038063;110.048721;123.751022;122.491997;108.912346;95.112503,npp_d20250830_t1814301_e1815542_b71723;npp_d20250830_t1815555_e1817196_b71723;npp_d20250830_t1817209_e1818451_b71723;npp_d20250830_t1818463_e1820105_b71723,155.558,34.1962,59.1943,96.9998,117.376,-112.891
18,VBD_npp_d20250830_t1814375_x1002915E_y121837N_l0068_s0618_v23,2025-08-30 20:43:22,12.183743,100.291519,2.36199,2025-08-30 18:14:37,2025-08-31 01:14:37,68,618,0.0575033,8,18721,0.0836639,0.0825,0.483587,0.4,0.516653,0.75,4.21175e-17,0.0001,4.7804e-10,999999,999999,3,Thailand Exclusive Economic Zone,,,SVDNB_npp_d20250830_t1814301_e1815542_b71723_c20250830194159405000_oeac_ops.h5,GDNBO_npp_d20250830_t1814301_e1815542_b71723_c20250830193935163000_oeac_ops.h5,SVI04_npp_d20250830_t1814301_e1815542_b71723_c20250830194207485000_oeac_ops.dspace_rad,,eez_v11.shp,WPP_BFAR_merge.shp,vbd_mpa_r20170830.shp,VNF-VBD_npp_20120301-20151231_global_asia-enhanced_c201607211230.bitmask,vbd_landsea_r20220824.mask,timezone.shp,VBD_platforms-recurring_2015_r20170330.shp,0.69204,VBD_bridges_c20160811.shp,13.103016;11.269409;8.812280;3.958795;6.255141;8.201997,96.038063;110.048721;123.751022;122.491997;108.912346;95.112503,npp_d20250830_t1814301_e1815542_b71723;npp_d20250830_t1815555_e1817196_b71723;npp_d20250830_t1817209_e1818451_b71723;npp_d20250830_t1818463_e1820105_b71723,154.997,33.9724,58.7085,97.1625,117.776,-112.638
19,VBD_npp_d20250830_t1814570_x1001812E_y110158N_l0246_s0635_v23,2025-08-30 20:43:22,11.015785,100.181190,3.29809,2025-08-30 18:14:57,2025-08-31 01:14:57,246,635,0.0488965,1,2401,0.236837,0.06875,0.662452,0.4,0.865657,0.75,7.37251e-17,0.0001,2.08519e-10,999999,999999,3,Thailand Exclusive Economic Zone,,,SVDNB_npp_d20250830_t1814301_e1815542_b71723_c20250830194159405000_oeac_ops.h5,GDNBO_npp_d20250830_t1814301_e1815542_b71723_c20250830193935163000_oeac_ops.h5,SVI04_npp_d20250830_t1814301_e1815542_b71723_c20250830194207485000_oeac_ops.dspace_rad,,eez_v11.shp,WPP_BFAR_merge.shp,vbd_mpa_r20170830.shp,VNF-VBD_npp_20120301-20151231_global_asia-enhanced_c201607211230.bitmask,vbd_landsea_r20220824.mask,timezone.shp,VBD_platforms-recurring_2015_r20170330.shp,999999,VBD_bridges_c20160811.shp,13.103016;11.269409;8.812280;3.958795;6.255141;8.201997,96.038063;110.048721;123.751022;122.491997;108.912346;95.112503,npp_d20250830_t1814301_e1815542_b71723;npp_d20250830_t1815555_e1817196_b71723;npp_d20250830_t1817209_e1818451_b71723;npp_d20250830_t1818463_e1820105_b71723,155.973,35.3729,58.317,97.2647,117.297,-113.181
20,VBD_npp_d20250830_t1815024_x1001837E_y106343N_l0303_s0645_v23,2025-08-30 20:43:22,10.634299,100.183708,2.80399,2025-08-30 18:15:02,2025-08-31 01:15:02,303,645,0.104805,1,2401,0.220711,0.06875,0.676342,0.4,0.869174,0.75,8.54556e-17,0.0001,1.48608e-10,999999,999999,3,Thailand Exclusive Economic Zone,,,SVDNB_npp_d20250830_t1814301_e1815542_b71723_c20250830194159405000_oeac_ops.h5,GDNBO_npp_d20250830_t1814301_e1815542_b71723_c20250830193935163000_oeac_ops.h5,SVI04_npp_d20250830_t1814301_e1815542_b71723_c20250830194207485000_oeac_ops.dspace_rad,,eez_v11.shp,WPP_BFAR_merge.shp,vbd_mpa_r20170830.shp,VNF-VBD_npp_20120301-20151231_global_asia-enhanced_c201607211230.bitmask,vbd_landsea_r20220824.mask,timezone.shp,VBD_platforms-recurring_2015_r20170330.shp,999999,VBD_bridges_c20160811.shp,13.103016;11.269409;8.812280;3.958795;6.255141;8.201997,96.038063;110.048721;123.751022;122.491997;108.912346;95.112503,npp_d20250830_t1814301_e1815542_b71723;npp_d20250830_t1815555_e1817196_b71723;npp_d20250830_t1817209_e1818451_b71723;npp_d20250830_t1818463_e1820105_b71723,156.269,35.9244,58.0715,96.9481,117.169,-113.356
21,VBD_npp_d20250830_t1815042_x1001981E_y105959N_l0309_s0649_v23,2025-08-30 20:43:22,10.595879,100.198143,1.4193,2025-08-30 18:15:04,2025-08-31 01:15:04,309,649,0.115119,2,2337,0.0701858,0.06875,0.586213,0.4,0.474698,0.75,8.56163e-17,0.0001,1.43537e-10,999999,999999,3,Thailand Exclusive Economic Zone,,,SVDNB_npp_d20250830_t1814301_e1815542_b71723_c20250830194159405000_oeac_ops.h5,GDNBO_npp_d20250830_t1814301_e1815542_b71723_c20250830193935163000_oeac_ops.h5,SVI04_npp_d20250830_t1814301_e1815542_b71723_c20250830194207485000_oeac_ops.dspace_rad,,eez_v11.shp,WPP_BFAR_merge.shp,vbd_mpa_r20170830.shp,VNF-VBD_npp_20120301-20151231_global_asia-enhanced_c201607211230.bitmask,vbd_landsea_r20220824.mask,timezone.shp,VBD_platforms-recurring_2015_r20170330.shp,999999,VBD_bridges_c20160811.shp,13.103016;11.269409;8.812280;3.958795;6.255141;8.201997,96.038063;110.048721;123.751022;122.491997;108.912346;95.112503,npp_d20250830_t1814301_e1815542_b71723;npp_d20250830_t1815555_e1817196_b71723;npp_d20250830_t1817209_e1818451_b71723;npp_d20250830_t1818463_e1820105_b71723,156.288,36.0193,57.9811,97.3849,117.173,-113.373
22,VBD_npp_d20250830_t1815326_x1003596E_y088036N_l0575_s0722_v23,2025-08-30 20:43:22,8.803642,100.359612,2.22075,2025-08-30 18:15:32,2025-08-31 01:15:32,575,722,0.0728676,1,2401,0.140737,0.06875,0.557062,0.4,0.762579,0.75,1.19943e-16,0.0001,3.29847e-11,999999,999999,3,Thailand Exclusive Economic Zone,,,SVDNB_npp_d20250830_t1814301_e1815542_b71723_c20250830194159405000_oeac_ops.h5,GDNBO_npp_d20250830_t1814301_e1815542_b71723_c20250830193935163000_oeac_ops.h5,SVI04_npp_d20250830_t1814301_e1815542_b71723_c20250830194207485000_oeac_ops.dspace_rad,,eez_v11.shp,WPP_BFAR_merge.shp,vbd_mpa_r20170830.shp,VNF-VBD_npp_20120301-20151231_global_asia-enhanced_c201607211230.bitmask,vbd_landsea_r20220824.mask,timezone.shp,VBD_platforms-recurring_2015_r20170330.shp,999999,VBD_bridges_c20160811.shp,13.103016;11.269409;8.812280;3.958795;6.255141;8.201997,96.038063;110.048721;123.751022;122.491997;108.912346;95.112503,npp_d20250830_t1814301_e1815542_b71723;npp_d20250830_t1815555_e1817196_b71723;npp_d20250830_t1817209_e1818451_b71723;npp_d20250830_t1818463_e1820105_b71723,157.54,39.1448,56.1892,97.2662,116.703,-114.187
23,VBD_npp_d20250830_t1815095_x1007823E_y101327N_l0367_s0743_v23,2025-08-30 20:43:22,10.132728,100.782272,1.97573,2025-08-30 18:15:09,2025-08-31 01:15:09,367,743,0.0607753,1,2401,0.141755,0.06875,0.570236,0.4,0.877167,0.75,6.12111e-17,0.0001,3.64368e-11,999999,999999,3,Thailand Exclusive Economic Zone,,,SVDNB_npp_d20250830_t1814301_e1815542_b71723_c20250830194159405000_oeac_ops.h5,GDNBO_npp_d20250830_t1814301_e1815542_b71723_c20250830193935163000_oeac_ops.h5,SVI04_npp_d20250830_t1814301_e1815542_b71723_c20250830194207485000_oeac_ops.dspace_rad,,eez_v11.shp,WPP_BFAR_merge.shp,vbd_mpa_r20170830.shp,VNF-VBD_npp_20120301-20151231_global_asia-enhanced_c201607211230.bitmask,vbd_landsea_r20220824.mask,timezone.shp,VBD_platforms-recurring_2015_r20170330.shp,999999,VBD_bridges_c20160811.shp,13.103016;11.269409;8.812280;3.958795;6.255141;8.201997,96.038063;110.048721;123.751022;122.491997;108.912346;95.112503,npp_d20250830_t1814301_e1815542_b71723;npp_d20250830_t1815555_e1817196_b71723;npp_d20250830_t1817209_e1818451_b71723;npp_d20250830_t1818463_e1820105_b71723,156.299,37.848,55.6511,97.1078,117.532,-113.596
24,VBD_npp_d20250830_t1815024_x1010334E_y105951N_l0293_s0766_v23,2025-08-30 20:43:22,10.595055,101.033363,1.94466,2025-08-30 18:15:02,2025-08-31 01:15:02,293,766,0.0727253,1,2401,0.144831,0.06875,0.599519,0.4,0.861882,0.75,4.02504e-17,0.0001,3.28054e-11,999999,999999,3,Thailand Exclusive Economic Zone,,,SVDNB_npp_d20250830_t1814301_e1815542_b71723_c20250830194159405000_oeac_ops.h5,GDNBO_npp_d20250830_t1814301_e1815542_b71723_c20250830193935163000_oeac_ops.h5,SVI04_npp_d20250830_t1814301_e1815542_b71723_c20250830194207485000_oeac_ops.dspace_rad,,eez_v11.shp,WPP_BFAR_merge.shp,vbd_mpa_r20170830.shp,VNF-VBD_npp_20120301-20151231_global_asia-enhanced_c201607211230.bitmask,vbd_landsea_r20220824.mask,timezone.shp,VBD_platforms-recurring_2015_r20170330.shp,999999,VBD_bridges_c20160811.shp,13.103016;11.269409;8.812280;3.958795;6.255141;8.201997,96.038063;110.048721;123.751022;122.491997;108.912346;95.112503,npp_d20250830_t1814301_e1815542_b71723;npp_d20250830_t1815555_e1817196_b71723;npp_d20250830_t1817209_e1818451_b71723;npp_d20250830_t1818463_e1820105_b71723,155.801,37.6385,55.0623,97.5302,117.914,-113.384
25,VBD_npp_d20250830_t1815077_x1011015E_y102601N_l0342_s0786_v23,2025-08-30 20:43:22,10.260103,101.101517,1.54833,2025-08-30 18:15:07,2025-08-31 01:15:07,342,786,0.0686709,1,2401,0.106012,0.06875,0.470519,0.4,0.80982,0.75,4.26942e-17,0.0001,2.46771e-11,999999,999999,3,Thailand Exclusive Economic Zone,,,SVDNB_npp_d20250830_t1814301_e1815542_b71723_c20250830194159405000_oeac_ops.h5,GDNBO_npp_d20250830_t1814301_e1815542_b71723_c20250830193935163000_oeac_ops.h5,SVI04_npp_d20250830_t1814301_e1815542_b71723_c20250830194207485000_oeac_ops.dspace_rad,,eez_v11.shp,WPP_BFAR_merge.shp,vbd_mpa_r20170830.shp,VNF-VBD_npp_20120301-20151231_global_asia-enhanced_c201607211230.bitmask,vbd_landsea_r20220824.mask,timezone.shp,VBD_platforms-recurring_2015_r20170330.shp,999999,VBD_bridges_c20160811.shp,13.103016;11.269409;8.812280;3.958795;6.255141;8.201997,96.038063;110.048721;123.751022;122.491997;108.912346;95.112503,npp_d20250830_t1814301_e1815542_b71723;npp_d20250830_t1815555_e1817196_b71723;npp_d20250830_t1817209_e1818451_b71723;npp_d20250830_t1818463_e1820105_b71723,156.01,38.2722,54.56,97.552,117.862,-113.543
26,VBD_npp_d20250830_t1815415_x1007118E_y083007N_l0644_s0788_v23,2025-08-30 20:43:22,8.300654,100.711777,4.4272,2025-08-30 18:15:41,2025-08-31 01:15:41,644,788,0.107793,1,2401,0.274195,0.06875,0.700946,0.4,0.827156,0.75,1.06559e-16,0.0001,1.6194e-11,999999,999999,3,Thailand Exclusive Economic Zone,,,SVDNB_npp_d20250830_t1814301_e1815542_b71723_c20250830194159405000_oeac_ops.h5,GDNBO_npp_d20250830_t1814301_e1815542_b71723_c20250830193935163000_oeac_ops.h5,SVI04_npp_d20250830_t1814301_e1815542_b71723_c20250830194207485000_oeac_ops.dspace_rad,,eez_v11.shp,WPP_BFAR_merge.shp,vbd_mpa_r20170830.shp,VNF-VBD_npp_20120301-20151231_global_asia-enhanced_c201607211230.bitmask,vbd_landsea_r20220824.mask,timezone.shp,VBD_platforms-recurring_2015_r20170330.shp,999999,VBD_bridges_c20160811.shp,13.103016;11.269409;8.812280;3.958795;6.255141;8.201997,96.038063;110.048721;123.751022;122.491997;108.912346;95.112503,npp_d20250830_t1814301_e1815542_b71723;npp_d20250830_t1815555_e1817196_b71723;npp_d20250830_t1817209_e1818451_b71723;npp_d20250830_t1818463_e1820105_b71723,157.679,40.7028,54.504,97.9013,116.844,-114.429
27,VBD_npp_d20250830_t1815077_x1011483E_y102329N_l0345_s0793_v23,2025-08-30 20:43:22,10.232869,101.148346,1.39654,2025-08-30 18:15:07,2025-08-31 01:15:07,345,793,0.0533777,8,18721,0.0777542,0.06875,0.441777,0.4,0.709776,0.75,4.0948e-17,0.0001,2.25344e-11,999999,999999,3,Thailand Exclusive Economic Zone,,,SVDNB_npp_d20250830_t1814301_e1815542_b71723_c20250830194159405000_oeac_ops.h5,GDNBO_npp_d20250830_t1814301_e1815542_b71723_c20250830193935163000_oeac_ops.h5,SVI04_npp_d20250830_t1814301_e1815542_b71723_c20250830194207485000_oeac_ops.dspace_rad,,eez_v11.shp,WPP_BFAR_merge.shp,vbd_mpa_r20170830.shp,VNF-VBD_npp_20120301-20151231_global_asia-enhanced_c201607211230.bitmask,vbd_landsea_r20220824.mask,timezone.shp,VBD_platforms-recurring_2015_r20170330.shp,0.732696,VBD_bridges_c20160811.shp,13.103016;11.269409;8.812280;3.958795;6.255141;8.201997,96.038063;110.048721;123.751022;122.491997;108.912346;95.112503,npp_d20250830_t1814301_e1815542_b71723;npp_d20250830_t1815555_e1817196_b71723;npp_d20250830_t1817209_e1818451_b71723;npp_d20250830_t1818463_e1820105_b71723,156.003,38.3997,54.3697,97.4194,117.893,-113.557
28,VBD_npp_d20250830_t1815006_x1012713E_y106081N_l0286_s0799_v23,2025-08-30 20:43:22,10.608102,101.271294,4.8842,2025-08-30 18:15:00,2025-08-31 01:15:00,286,799,0.112274,8,18785,0.324632,0.06875,0.760407,0.4,0.882812,0.75,3.14711e-17,0.0001,2.24811e-11,999999,999999,3,Thailand Exclusive Economic Zone,,,SVDNB_npp_d20250830_t1814301_e1815542_b71723_c20250830194159405000_oeac_ops.h5,GDNBO_npp_d20250830_t1814301_e1815542_b71723_c20250830193935163000_oeac_ops.h5,SVI04_npp_d20250830_t1814301_e1815542_b71723_c20250830194207485000_oeac_ops.dspace_rad,,eez_v11.shp,WPP_BFAR_merge.shp,vbd_mpa_r20170830.shp,VNF-VBD_npp_20120301-20151231_global_asia-enhanced_c201607211230.bitmask,vbd_landsea_r20220824.mask,timezone.shp,VBD_platforms-recurring_2015_r20170330.shp,0.668751,VBD_bridges_c20160811.shp,13.103016;11.269409;8.812280;3.958795;6.255141;8.201997,96.038063;110.048721;123.751022;122.491997;108.912346;95.112503,npp_d20250830_t1814301_e1815542_b71723;npp_d20250830_t1815555_e1817196_b71723;npp_d20250830_t1817209_e1818451_b71723;npp_d20250830_t1818463_e1820105_b71723,155.651,38.0598,54.205,97.1387,118.126,-113.382
29,VBD_npp_d20250830_t1814481_x1014341E_y113892N_l0166_s0800_v23,2025-08-30 20:43:22,11.389167,101.434074,1.79161,2025-08-30 18:14:48,2025-08-31 01:14:48,166,800,0.0680307,2,2337,0.110428,0.06875,0.44304,0.4,0.73455,0.75,2.04134e-17,0.0001,2.71005e-11,999999,999999,3,Thailand Exclusive Economic Zone,,,SVDNB_npp_d20250830_t1814301_e1815542_b71723_c20250830194159405000_oeac_ops.h5,GDNBO_npp_d20250830_t1814301_e1815542_b71723_c20250830193935163000_oeac_ops.h5,SVI04_npp_d20250830_t1814301_e1815542_b71723_c20250830194207485000_oeac_ops.dspace_rad,,eez_v11.shp,WPP_BFAR_merge.shp,vbd_mpa_r20170830.shp,VNF-VBD_npp_20120301-20151231_global_asia-enhanced_c201607211230.bitmask,vbd_landsea_r20220824.mask,timezone.shp,VBD_platforms-recurring_2015_r20170330.shp,999999,VBD_bridges_c20160811.shp,13.103016;11.269409;8.812280;3.958795;6.255141;8.201997,96.038063;110.048721;123.751022;122.491997;108.912346;95.112503,npp_d20250830_t1814301_e1815542_b71723;npp_d20250830_t1815555_e1817196_b71723;npp_d20250830_t1817209_e1818451_b71723;npp_d20250830_t1818463_e1820105_b71723,154.966,37.2308,54.1738,97.4311,118.532,-113.008
30,VBD_npp_d20250830_t1815024_x1012817E_y105214N_l0299_s0803_v23,2025-08-30 20:43:22,10.521399,101.281662,3.59975,2025-08-30 18:15:02,2025-08-31 01:15:02,299,803,0.0833239,4,35173,0.188399,0.06875,0.575206,0.4,0.762529,0.75,3.25949e-17,0.0001,2.13857e-11,999999,999999,3,Thailand Exclusive Economic Zone,,,SVDNB_npp_d20250830_t1814301_e1815542_b71723_c20250830194159405000_oeac_ops.h5,GDNBO_npp_d20250830_t1814301_e1815542_b71723_c20250830193935163000_oeac_ops.h5,SVI04_npp_d20250830_t1814301_e1815542_b71723_c20250830194207485000_oeac_ops.dspace_rad,,eez_v11.shp,WPP_BFAR_merge.shp,vbd_mpa_r20170830.shp,VNF-VBD_npp_20120301-20151231_global_asia-enhanced_c201607211230.bitmask,vbd_landsea_r20220824.mask,timezone.shp,VBD_platforms-recurring_2015_r20170330.shp,999999,VBD_bridges_c20160811.shp,13.103016;11.269409;8.812280;3.958795;6.255141;8.201997,96.038063;110.048721;123.751022;122.491997;108.912346;95.112503,npp_d20250830_t1814301_e1815542_b71723;npp_d20250830_t1815555_e1817196_b71723;npp_d20250830_t1817209_e1818451_b71723;npp_d20250830_t1818463_e1820105_b71723,155.709,38.212,54.0933,97.2996,118.108,-113.423
31,VBD_npp_d20250830_t1814570_x1013506E_y108319N_l0251_s0804_v23,2025-08-30 20:43:22,10.831898,101.350594,8.68167,2025-08-30 18:14:57,2025-08-31 01:14:57,251,804,0.206807,1,2401,0.525636,0.06875,0.845841,0.4,0.976494,0.75,2.74096e-17,0.0001,2.26347e-11,999999,999999,3,Thailand Exclusive Economic Zone,,,SVDNB_npp_d20250830_t1814301_e1815542_b71723_c20250830194159405000_oeac_ops.h5,GDNBO_npp_d20250830_t1814301_e1815542_b71723_c20250830193935163000_oeac_ops.h5,SVI04_npp_d20250830_t1814301_e1815542_b71723_c20250830194207485000_oeac_ops.dspace_rad,,eez_v11.shp,WPP_BFAR_merge.shp,vbd_mpa_r20170830.shp,VNF-VBD_npp_20120301-20151231_global_asia-enhanced_c201607211230.bitmask,vbd_landsea_r20220824.mask,timezone.shp,VBD_platforms-recurring_2015_r20170330.shp,999999,VBD_bridges_c20160811.shp,13.103016;11.269409;8.812280;3.958795;6.255141;8.201997,96.038063;110.048721;123.751022;122.491997;108.912346;95.112503,npp_d20250830_t1814301_e1815542_b71723;npp_d20250830_t1815555_e1817196_b71723;npp_d20250830_t1817209_e1818451_b71723;npp_d20250830_t1818463_e1820105_b71723,155.436,37.8789,54.0719,97.2604,118.272,-113.276
32,VBD_npp_d20250830_t1815202_x1010854E_y094602N_l0462_s0806_v23,2025-08-30 20:43:22,9.460152,101.085396,4.34002,2025-08-30 18:15:20,2025-08-31 01:15:20,462,806,0.0634072,2,2337,0.247896,0.06875,0.620773,0.4,0.708871,0.75,4.96011e-17,0.0001,1.66039e-11,999999,999999,3,Thailand Exclusive Economic Zone,,,SVDNB_npp_d20250830_t1814301_e1815542_b71723_c20250830194159405000_oeac_ops.h5,GDNBO_npp_d20250830_t1814301_e1815542_b71723_c20250830193935163000_oeac_ops.h5,SVI04_npp_d20250830_t1814301_e1815542_b71723_c20250830194207485000_oeac_ops.dspace_rad,,eez_v11.shp,WPP_BFAR_merge.shp,vbd_mpa_r20170830.shp,VNF-VBD_npp_20120301-20151231_global_asia-enhanced_c201607211230.bitmask,vbd_landsea_r20220824.mask,timezone.shp,VBD_platforms-recurring_2015_r20170330.shp,999999,VBD_bridges_c20160811.shp,13.103016;11.269409;8.812280;3.958795;6.255141;8.201997,96.038063;110.048721;123.751022;122.491997;108.912346;95.112503,npp_d20250830_t1814301_e1815542_b71723;npp_d20250830_t1815555_e1817196_b71723;npp_d20250830_t1817209_e1818451_b71723;npp_d20250830_t1818463_e1820105_b71723,156.611,39.4853,54.0188,97.2889,117.573,-113.917
33,VBD_npp_d20250830_t1815024_x1013096E_y105178N_l0299_s0807_v23,2025-08-30 20:43:22,10.517800,101.309555,1.94047,2025-08-30 18:15:02,2025-08-31 01:15:02,299,807,0.129203,7,35105,0.110691,0.06875,0.517552,0.4,0.650903,0.75,3.19996e-17,0.0001,2.05091e-11,999999,999999,3,,,,SVDNB_npp_d20250830_t1814301_e1815542_b71723_c20250830194159405000_oeac_ops.h5,GDNBO_npp_d20250830_t1814301_e1815542_b71723_c20250830193935163000_oeac_ops.h5,SVI04_npp_d20250830_t1814301_e1815542_b71723_c20250830194207485000_oeac_ops.dspace_rad,,eez_v11.shp,WPP_BFAR_merge.shp,vbd_mpa_r20170830.shp,VNF-VBD_npp_20120301-20151231_global_asia-enhanced_c201607211230.bitmask,vbd_landsea_r20220824.mask,timezone.shp,VBD_platforms-recurring_2015_r20170330.shp,999999,VBD_bridges_c20160811.shp,13.103016;11.269409;8.812280;3.958795;6.255141;8.201997,96.038063;110.048721;123.751022;122.491997;108.912346;95.112503,npp_d20250830_t1814301_e1815542_b71723;npp_d20250830_t1815555_e1817196_b71723;npp_d20250830_t1817209_e1818451_b71723;npp_d20250830_t1818463_e1820105_b71723,155.694,38.2697,53.985,97.3044,118.131,-113.426
34,VBD_npp_d20250830_t1814464_x1015702E_y114571N_l0153_s0817_v23,2025-08-30 20:43:22,11.457119,101.570206,4.85283,2025-08-30 18:14:46,2025-08-31 01:14:46,153,817,0.104236,1,2401,0.335209,0.06875,0.779342,0.4,0.904506,0.75,1.80338e-17,0.0001,2.2636e-11,999999,999999,3,Thailand Exclusive Economic Zone,,,SVDNB_npp_d20250830_t1814301_e1815542_b71723_c20250830194159405000_oeac_ops.h5,GDNBO_npp_d20250830_t1814301_e1815542_b71723_c20250830193935163000_oeac_ops.h5,SVI04_npp_d20250830_t1814301_e1815542_b71723_c20250830194207485000_oeac_ops.dspace_rad,,eez_v11.shp,WPP_BFAR_merge.shp,vbd_mpa_r20170830.shp,VNF-VBD_npp_20120301-20151231_global_asia-enhanced_c201607211230.bitmask,vbd_landsea_r20220824.mask,timezone.shp,VBD_platforms-recurring_2015_r20170330.shp,999999,VBD_bridges_c20160811.shp,13.103016;11.269409;8.812280;3.958795;6.255141;8.201997,96.038063;110.048721;123.751022;122.491997;108.912346;95.112503,npp_d20250830_t1814301_e1815542_b71723;npp_d20250830_t1815555_e1817196_b71723;npp_d20250830_t1817209_e1818451_b71723;npp_d20250830_t1818463_e1820105_b71723,154.836,37.3826,53.716,97.2979,118.674,-112.976
35,VBD_npp_d20250830_t1814464_x1016056E_y114595N_l0152_s0822_v23,2025-08-30 20:43:22,11.459511,101.605576,3.01052,2025-08-30 18:14:46,2025-08-31 01:14:46,152,822,0.113412,1,2401,0.213465,0.06875,0.781055,0.4,0.844273,0.75,1.75327e-17,0.0001,2.15708e-11,999999,999999,3,Thailand Exclusive Economic Zone,,,SVDNB_npp_d20250830_t1814301_e1815542_b71723_c20250830194159405000_oeac_ops.h5,GDNBO_npp_d20250830_t1814301_e1815542_b71723_c20250830193935163000_oeac_ops.h5,SVI04_npp_d20250830_t1814301_e1815542_b71723_c20250830194207485000_oeac_ops.dspace_rad,,eez_v11.shp,WPP_BFAR_merge.shp,vbd_mpa_r20170830.shp,VNF-VBD_npp_20120301-20151231_global_asia-enhanced_c201607211230.bitmask,vbd_landsea_r20220824.mask,timezone.shp,VBD_platforms-recurring_2015_r20170330.shp,999999,VBD_bridges_c20160811.shp,13.103016;11.269409;8.812280;3.958795;6.255141;8.201997,96.038063;110.048721;123.751022;122.491997;108.912346;95.112503,npp_d20250830_t1814301_e1815542_b71723;npp_d20250830_t1815555_e1817196_b71723;npp_d20250830_t1817209_e1818451_b71723;npp_d20250830_t1818463_e1820105_b71723,154.813,37.4451,53.5808,97.3522,118.707,-112.975
36,VBD_npp_d20250830_t1815540_x1008528E_y075196N_l0758_s0831_v23,2025-08-30 20:43:22,7.519620,100.852776,5.7156,2025-08-30 18:15:54,2025-08-31 01:15:54,758,831,0.196351,1,2401,0.361792,0.06875,0.740822,0.4,0.885671,0.75,9.41659e-17,0.0001,9.6266e-12,999999,999999,3,Thailand Exclusive Economic Zone,,,SVDNB_npp_d20250830_t1814301_e1815542_b71723_c20250830194159405000_oeac_ops.h5,GDNBO_npp_d20250830_t1814301_e1815542_b71723_c20250830193935163000_oeac_ops.h5,SVI04_npp_d20250830_t1814301_e1815542_b71723_c20250830194207485000_oeac_ops.dspace_rad,,eez_v11.shp,WPP_BFAR_merge.shp,vbd_mpa_r20170830.shp,VNF-VBD_npp_20120301-20151231_global_asia-enhanced_c201607211230.bitmask,vbd_landsea_r20220824.mask,timezone.shp,VBD_platforms-recurring_2015_r20170330.shp,999999,VBD_bridges_c20160811.shp,13.103016;11.269409;8.812280;3.958795;6.255141;8.201997,96.038063;110.048721;123.751022;122.491997;108.912346;95.112503,npp_d20250830_t1814301_e1815542_b71723;npp_d20250830_t1815555_e1817196_b71723;npp_d20250830_t1817209_e1818451_b71723;npp_d20250830_t1818463_e1820105_b71723,158.137,42.3575,53.3447,97.9403,116.692,-114.788
37,VBD_npp_d20250830_t1815219_x1012484E_y093803N_l0471_s0832_v23,2025-08-30 20:43:22,9.380256,101.248405,1.46899,2025-08-30 18:15:21,2025-08-31 01:15:21,471,832,0.14663,1,2401,0.0908945,0.06875,0.405237,0.4,0.789416,0.75,4.4215e-17,0.0001,1.31871e-11,999999,999999,3,Thailand Exclusive Economic Zone,,,SVDNB_npp_d20250830_t1814301_e1815542_b71723_c20250830194159405000_oeac_ops.h5,GDNBO_npp_d20250830_t1814301_e1815542_b71723_c20250830193935163000_oeac_ops.h5,SVI04_npp_d20250830_t1814301_e1815542_b71723_c20250830194207485000_oeac_ops.dspace_rad,,eez_v11.shp,WPP_BFAR_merge.shp,vbd_mpa_r20170830.shp,VNF-VBD_npp_20120301-20151231_global_asia-enhanced_c201607211230.bitmask,vbd_landsea_r20220824.mask,timezone.shp,VBD_platforms-recurring_2015_r20170330.shp,999999,VBD_bridges_c20160811.shp,13.103016;11.269409;8.812280;3.958795;6.255141;8.201997,96.038063;110.048721;123.751022;122.491997;108.912346;95.112503,npp_d20250830_t1814301_e1815542_b71723;npp_d20250830_t1815555_e1817196_b71723;npp_d20250830_t1817209_e1818451_b71723;npp_d20250830_t1818463_e1820105_b71723,156.565,39.9298,53.316,97.6611,117.693,-113.96
38,VBD_npp_d20250830_t1814553_x1016295E_y109234N_l0232_s0841_v23,2025-08-30 20:43:22,10.923449,101.629456,7.53255,2025-08-30 18:14:55,2025-08-31 01:14:55,232,841,0.20574,1,2401,0.470518,0.06875,0.820162,0.4,0.926247,0.75,2.12449e-17,0.0001,1.60603e-11,999999,999999,3,Thailand Exclusive Economic Zone,,,SVDNB_npp_d20250830_t1814301_e1815542_b71723_c20250830194159405000_oeac_ops.h5,GDNBO_npp_d20250830_t1814301_e1815542_b71723_c20250830193935163000_oeac_ops.h5,SVI04_npp_d20250830_t1814301_e1815542_b71723_c20250830194207485000_oeac_ops.dspace_rad,,eez_v11.shp,WPP_BFAR_merge.shp,vbd_mpa_r20170830.shp,VNF-VBD_npp_20120301-20151231_global_asia-enhanced_c201607211230.bitmask,vbd_landsea_r20220824.mask,timezone.shp,VBD_platforms-recurring_2015_r20170330.shp,999999,VBD_bridges_c20160811.shp,13.103016;11.269409;8.812280;3.958795;6.255141;8.201997,96.038063;110.048721;123.751022;122.491997;108.912346;95.112503,npp_d20250830_t1814301_e1815542_b71723;npp_d20250830_t1815555_e1817196_b71723;npp_d20250830_t1817209_e1818451_b71723;npp_d20250830_t1818463_e1820105_b71723,155.199,38.2639,53.0676,97.4391,118.551,-113.236
39,VBD_npp_d20250830_t1815202_x1013447E_y094811N_l0454_s0843_v23,2025-08-30 20:43:22,9.481090,101.344681,23.1145,2025-08-30 18:15:20,2025-08-31 01:15:20,454,843,0.185895,1,2401,0.799278,0.06875,0.863441,0.4,0.951752,0.75,4.06355e-17,0.0001,1.22344e-11,999999,999999,3,Thailand Exclusive Economic Zone,,,SVDNB_npp_d20250830_t1814301_e1815542_b71723_c20250830194159405000_oeac_ops.h5,GDNBO_npp_d20250830_t1814301_e1815542_b71723_c20250830193935163000_oeac_ops.h5,SVI04_npp_d20250830_t1814301_e1815542_b71723_c20250830194207485000_oeac_ops.dspace_rad,,eez_v11.shp,WPP_BFAR_merge.shp,vbd_mpa_r20170830.shp,VNF-VBD_npp_20120301-20151231_global_asia-enhanced_c201607211230.bitmask,vbd_landsea_r20220824.mask,timezone.shp,VBD_platforms-recurring_2015_r20170330.shp,999999,VBD_bridges_c20160811.shp,13.103016;11.269409;8.812280;3.958795;6.255141;8.201997,96.038063;110.048721;123.751022;122.491997;108.912346;95.112503,npp_d20250830_t1814301_e1815542_b71723;npp_d20250830_t1815555_e1817196_b71723;npp_d20250830_t1817209_e1818451_b71723;npp_d20250830_t1818463_e1820105_b71723,156.431,39.95,53.02,97.71,117.814,-113.917
40,VBD_npp_d20250830_t1814553_x1016618E_y109603N_l0226_s0845_v23,2025-08-30 20:43:22,10.960303,101.661766,2.52395,2025-08-30 18:14:55,2025-08-31 01:14:55,226,845,0.149333,1,2401,0.180292,0.06875,0.69775,0.4,0.754917,0.75,2.03082e-17,0.0001,1.59186e-11,999999,999999,3,Thailand Exclusive Economic Zone,,,SVDNB_npp_d20250830_t1814301_e1815542_b71723_c20250830194159405000_oeac_ops.h5,GDNBO_npp_d20250830_t1814301_e1815542_b71723_c20250830193935163000_oeac_ops.h5,SVI04_npp_d20250830_t1814301_e1815542_b71723_c20250830194207485000_oeac_ops.dspace_rad,,eez_v11.shp,WPP_BFAR_merge.shp,vbd_mpa_r20170830.shp,VNF-VBD_npp_20120301-20151231_global_asia-enhanced_c201607211230.bitmask,vbd_landsea_r20220824.mask,timezone.shp,VBD_platforms-recurring_2015_r20170330.shp,999999,VBD_bridges_c20160811.shp,13.103016;11.269409;8.812280;3.958795;6.255141;8.201997,96.038063;110.048721;123.751022;122.491997;108.912346;95.112503,npp_d20250830_t1814301_e1815542_b71723;npp_d20250830_t1815555_e1817196_b71723;npp_d20250830_t1817209_e1818451_b71723;npp_d20250830_t1818463_e1820105_b71723,155.151,38.2745,52.9601,97.7326,118.595,-113.219
41,VBD_npp_d20250830_t1815166_x1014027E_y096938N_l0421_s0845_v23,2025-08-30 20:43:22,9.693840,101.402695,10.2797,2025-08-30 18:15:16,2025-08-31 01:15:16,421,845,0.0614155,4,100709,0.526948,0.06875,0.795819,0.4,0.913032,0.75,3.82151e-17,0.0001,1.2516e-11,999999,999999,3,Thailand Exclusive Economic Zone,,,SVDNB_npp_d20250830_t1814301_e1815542_b71723_c20250830194159405000_oeac_ops.h5,GDNBO_npp_d20250830_t1814301_e1815542_b71723_c20250830193935163000_oeac_ops.h5,SVI04_npp_d20250830_t1814301_e1815542_b71723_c20250830194207485000_oeac_ops.dspace_rad,,eez_v11.shp,WPP_BFAR_merge.shp,vbd_mpa_r20170830.shp,VNF-VBD_npp_20120301-20151231_global_asia-enhanced_c201607211230.bitmask,vbd_landsea_r20220824.mask,timezone.shp,VBD_platforms-recurring_2015_r20170330.shp,999999,VBD_bridges_c20160811.shp,13.103016;11.269409;8.812280;3.958795;6.255141;8.201997,96.038063;110.048721;123.751022;122.491997;108.912346;95.112503,npp_d20250830_t1814301_e1815542_b71723;npp_d20250830_t1815555_e1817196_b71723;npp_d20250830_t1817209_e1818451_b71723;npp_d20250830_t1818463_e1820105_b71723,156.241,39.7209,52.9627,97.7371,117.938,-113.819
42,VBD_npp_d20250830_t1815273_x1012949E_y090747N_l0516_s0848_v23,2025-08-30 20:43:22,9.074678,101.294868,2.15473,2025-08-30 18:15:27,2025-08-31 01:15:27,516,848,0.110354,4,117029,0.125202,0.06875,0.701311,0.4,0.689547,0.75,4.76864e-17,0.0001,1.09833e-11,999999,999999,3,Thailand Exclusive Economic Zone,,,SVDNB_npp_d20250830_t1814301_e1815542_b71723_c20250830194159405000_oeac_ops.h5,GDNBO_npp_d20250830_t1814301_e1815542_b71723_c20250830193935163000_oeac_ops.h5,SVI04_npp_d20250830_t1814301_e1815542_b71723_c20250830194207485000_oeac_ops.dspace_rad,,eez_v11.shp,WPP_BFAR_merge.shp,vbd_mpa_r20170830.shp,VNF-VBD_npp_20120301-20151231_global_asia-enhanced_c201607211230.bitmask,vbd_landsea_r20220824.mask,timezone.shp,VBD_platforms-recurring_2015_r20170330.shp,0.610431,VBD_bridges_c20160811.shp,13.103016;11.269409;8.812280;3.958795;6.255141;8.201997,96.038063;110.048721;123.751022;122.491997;108.912346;95.112503,npp_d20250830_t1814301_e1815542_b71723;npp_d20250830_t1815555_e1817196_b71723;npp_d20250830_t1817209_e1818451_b71723;npp_d20250830_t1818463_e1820105_b71723,156.754,40.5181,52.8815,97.8634,117.63,-114.105
43,VBD_npp_d20250830_t1815166_x1014255E_y096634N_l0425_s0849_v23,2025-08-30 20:43:22,9.663416,101.425491,1.88346,2025-08-30 18:15:16,2025-08-31 01:15:16,425,849,0.0793405,11,51553,0.119019,0.06875,0.759321,0.4,0.835204,0.75,3.75854e-17,0.0001,1.18578e-11,999999,999999,3,Thailand Exclusive Economic Zone,,,SVDNB_npp_d20250830_t1814301_e1815542_b71723_c20250830194159405000_oeac_ops.h5,GDNBO_npp_d20250830_t1814301_e1815542_b71723_c20250830193935163000_oeac_ops.h5,SVI04_npp_d20250830_t1814301_e1815542_b71723_c20250830194207485000_oeac_ops.dspace_rad,,eez_v11.shp,WPP_BFAR_merge.shp,vbd_mpa_r20170830.shp,VNF-VBD_npp_20120301-20151231_global_asia-enhanced_c201607211230.bitmask,vbd_landsea_r20220824.mask,timezone.shp,VBD_platforms-recurring_2015_r20170330.shp,0.625357,VBD_bridges_c20160811.shp,13.103016;11.269409;8.812280;3.958795;6.255141;8.201997,96.038063;110.048721;123.751022;122.491997;108.912346;95.112503,npp_d20250830_t1814301_e1815542_b71723;npp_d20250830_t1815555_e1817196_b71723;npp_d20250830_t1817209_e1818451_b71723;npp_d20250830_t1818463_e1820105_b71723,156.25,39.8082,52.856,97.5492,117.946,-113.834
44,VBD_npp_d20250830_t1815273_x1013090E_y090796N_l0515_s0850_v23,2025-08-30 20:43:22,9.079572,101.309029,7.03822,2025-08-30 18:15:27,2025-08-31 01:15:27,515,850,0.104734,4,100709,0.380668,0.06875,0.701311,0.4,0.858614,0.75,4.69531e-17,0.0001,1.08478e-11,999999,999999,3,Thailand Exclusive Economic Zone,,,SVDNB_npp_d20250830_t1814301_e1815542_b71723_c20250830194159405000_oeac_ops.h5,GDNBO_npp_d20250830_t1814301_e1815542_b71723_c20250830193935163000_oeac_ops.h5,SVI04_npp_d20250830_t1814301_e1815542_b71723_c20250830194207485000_oeac_ops.dspace_rad,,eez_v11.shp,WPP_BFAR_merge.shp,vbd_mpa_r20170830.shp,VNF-VBD_npp_20120301-20151231_global_asia-enhanced_c201607211230.bitmask,vbd_landsea_r20220824.mask,timezone.shp,VBD_platforms-recurring_2015_r20170330.shp,999999,VBD_bridges_c20160811.shp,13.103016;11.269409;8.812280;3.958795;6.255141;8.201997,96.038063;110.048721;123.751022;122.491997;108.912346;95.112503,npp_d20250830_t1814301_e1815542_b71723;npp_d20250830_t1815555_e1817196_b71723;npp_d20250830_t1817209_e1818451_b71723;npp_d20250830_t1818463_e1820105_b71723,156.741,40.5377,52.8279,97.9137,117.645,-114.103
45,VBD_npp_d20250830_t1815308_x1012700E_y088577N_l0549_s0851_v23,2025-08-30 20:43:22,8.857664,101.269981,1.86659,2025-08-30 18:15:30,2025-08-31 01:15:30,549,851,0.110852,4,117029,0.110043,0.06875,0.431019,0.4,0.743445,0.75,5.29833e-17,0.0001,1.02975e-11,999999,999999,3,Thailand Exclusive Economic Zone,,,SVDNB_npp_d20250830_t1814301_e1815542_b71723_c20250830194159405000_oeac_ops.h5,GDNBO_npp_d20250830_t1814301_e1815542_b71723_c20250830193935163000_oeac_ops.h5,SVI04_npp_d20250830_t1814301_e1815542_b71723_c20250830194207485000_oeac_ops.dspace_rad,,eez_v11.shp,WPP_BFAR_merge.shp,vbd_mpa_r20170830.shp,VNF-VBD_npp_20120301-20151231_global_asia-enhanced_c201607211230.bitmask,vbd_landsea_r20220824.mask,timezone.shp,VBD_platforms-recurring_2015_r20170330.shp,0.400042,VBD_bridges_c20160811.shp,13.103016;11.269409;8.812280;3.958795;6.255141;8.201997,96.038063;110.048721;123.751022;122.491997;108.912346;95.112503,npp_d20250830_t1814301_e1815542_b71723;npp_d20250830_t1815555_e1817196_b71723;npp_d20250830_t1817209_e1818451_b71723;npp_d20250830_t1818463_e1820105_b71723,156.925,40.8296,52.8037,97.8436,117.533,-114.204
46,VBD_npp_d20250830_t1815273_x1013232E_y090845N_l0514_s0852_v23,2025-08-30 20:43:22,9.084458,101.323151,3.5418,2025-08-30 18:15:27,2025-08-31 01:15:27,514,852,0.137455,7,35105,0.195896,0.06875,0.690456,0.4,0.716294,0.75,4.62242e-17,0.0001,1.07148e-11,999999,999999,3,,,,SVDNB_npp_d20250830_t1814301_e1815542_b71723_c20250830194159405000_oeac_ops.h5,GDNBO_npp_d20250830_t1814301_e1815542_b71723_c20250830193935163000_oeac_ops.h5,SVI04_npp_d20250830_t1814301_e1815542_b71723_c20250830194207485000_oeac_ops.dspace_rad,,eez_v11.shp,WPP_BFAR_merge.shp,vbd_mpa_r20170830.shp,VNF-VBD_npp_20120301-20151231_global_asia-enhanced_c201607211230.bitmask,vbd_landsea_r20220824.mask,timezone.shp,VBD_platforms-recurring_2015_r20170330.shp,999999,VBD_bridges_c20160811.shp,13.103016;11.269409;8.812280;3.958795;6.255141;8.201997,96.038063;110.048721;123.751022;122.491997;108.912346;95.112503,npp_d20250830_t1814301_e1815542_b71723;npp_d20250830_t1815555_e1817196_b71723;npp_d20250830_t1817209_e1818451_b71723;npp_d20250830_t1818463_e1820105_b71723,156.729,40.5572,52.7744,97.9641,117.66,-114.102
47,VBD_npp_d20250830_t1815184_x1014502E_y095530N_l0441_s0856_v23,2025-08-30 20:43:22,9.553039,101.450218,7.85155,2025-08-30 18:15:18,2025-08-31 01:15:18,441,856,0.187317,1,2401,0.456241,0.06875,0.830988,0.4,0.867623,0.75,3.69617e-17,0.0001,1.09584e-11,999999,999999,3,Thailand Exclusive Economic Zone,,,SVDNB_npp_d20250830_t1814301_e1815542_b71723_c20250830194159405000_oeac_ops.h5,GDNBO_npp_d20250830_t1814301_e1815542_b71723_c20250830193935163000_oeac_ops.h5,SVI04_npp_d20250830_t1814301_e1815542_b71723_c20250830194207485000_oeac_ops.dspace_rad,,eez_v11.shp,WPP_BFAR_merge.shp,vbd_mpa_r20170830.shp,VNF-VBD_npp_20120301-20151231_global_asia-enhanced_c201607211230.bitmask,vbd_landsea_r20220824.mask,timezone.shp,VBD_platforms-recurring_2015_r20170330.shp,999999,VBD_bridges_c20160811.shp,13.103016;11.269409;8.812280;3.958795;6.255141;8.201997,96.038063;110.048721;123.751022;122.491997;108.912346;95.112503,npp_d20250830_t1814301_e1815542_b71723;npp_d20250830_t1815555_e1817196_b71723;npp_d20250830_t1817209_e1818451_b71723;npp_d20250830_t1818463_e1820105_b71723,156.314,40.03,52.6686,97.5665,117.931,-113.887
48,VBD_npp_d20250830_t1814464_x1018477E_y114214N_l0153_s0858_v23,2025-08-30 20:43:22,11.421371,101.847679,1.53307,2025-08-30 18:14:46,2025-08-31 01:14:46,153,858,0.0363774,1,2401,0.0994484,0.055,0.494646,0.4,0.823114,0.75,1.44266e-17,0.0001,1.49403e-11,999999,999999,3,Thailand Exclusive Economic Zone,,,SVDNB_npp_d20250830_t1814301_e1815542_b71723_c20250830194159405000_oeac_ops.h5,GDNBO_npp_d20250830_t1814301_e1815542_b71723_c20250830193935163000_oeac_ops.h5,SVI04_npp_d20250830_t1814301_e1815542_b71723_c20250830194207485000_oeac_ops.dspace_rad,,eez_v11.shp,WPP_BFAR_merge.shp,vbd_mpa_r20170830.shp,VNF-VBD_npp_20120301-20151231_global_asia-enhanced_c201607211230.bitmask,vbd_landsea_r20220824.mask,timezone.shp,VBD_platforms-recurring_2015_r20170330.shp,999999,VBD_bridges_c20160811.shp,13.103016;11.269409;8.812280;3.958795;6.255141;8.201997,96.038063;110.048721;123.751022;122.491997;108.912346;95.112503,npp_d20250830_t1814301_e1815542_b71723;npp_d20250830_t1815555_e1817196_b71723;npp_d20250830_t1817209_e1818451_b71723;npp_d20250830_t1818463_e1820105_b71723,154.698,37.9407,52.6117,97.3505,118.909,-112.995
49,VBD_npp_d20250830_t1815166_x1014868E_y096129N_l0431_s0859_v23,2025-08-30 20:43:22,9.612852,101.486801,6.36527,2025-08-30 18:15:16,2025-08-31 01:15:16,431,859,0.129772,1,2401,0.371309,0.055,0.776583,0.4,0.815615,0.75,3.5745e-17,0.0001,1.05508e-11,999999,999999,3,Thailand Exclusive Economic Zone,,,SVDNB_npp_d20250830_t1814301_e1815542_b71723_c20250830194159405000_oeac_ops.h5,GDNBO_npp_d20250830_t1814301_e1815542_b71723_c20250830193935163000_oeac_ops.h5,SVI04_npp_d20250830_t1814301_e1815542_b71723_c20250830194207485000_oeac_ops.dspace_rad,,eez_v11.shp,WPP_BFAR_merge.shp,vbd_mpa_r20170830.shp,VNF-VBD_npp_20120301-20151231_global_asia-enhanced_c201607211230.bitmask,vbd_landsea_r20220824.mask,timezone.shp,VBD_platforms-recurring_2015_r20170330.shp,999999,VBD_bridges_c20160811.shp,13.103016;11.269409;8.812280;3.958795;6.255141;8.201997,96.038063;110.048721;123.751022;122.491997;108.912346;95.112503,npp_d20250830_t1814301_e1815542_b71723;npp_d20250830_t1815555_e1817196_b71723;npp_d20250830_t1817209_e1818451_b71723;npp_d20250830_t1818463_e1820105_b71723,156.25,39.9975,52.585,97.259,117.981,-113.86
50,VBD_npp_d20250830_t1815184_x1014852E_y095482N_l0441_s0861_v23,2025-08-30 20:43:22,9.548242,101.485245,2.63856,2025-08-30 18:15:18,2025-08-31 01:15:18,441,861,0.204602,1,2401,0.177002,0.055,0.800239,0.4,0.77388,0.75,3.58501e-17,0.0001,1.04708e-11,999999,999999,3,Thailand Exclusive Economic Zone,,,SVDNB_npp_d20250830_t1814301_e1815542_b71723_c20250830194159405000_oeac_ops.h5,GDNBO_npp_d20250830_t1814301_e1815542_b71723_c20250830193935163000_oeac_ops.h5,SVI04_npp_d20250830_t1814301_e1815542_b71723_c20250830194207485000_oeac_ops.dspace_rad,,eez_v11.shp,WPP_BFAR_merge.shp,vbd_mpa_r20170830.shp,VNF-VBD_npp_20120301-20151231_global_asia-enhanced_c201607211230.bitmask,vbd_landsea_r20220824.mask,timezone.shp,VBD_platforms-recurring_2015_r20170330.shp,999999,VBD_bridges_c20160811.shp,13.103016;11.269409;8.812280;3.958795;6.255141;8.201997,96.038063;110.048721;123.751022;122.491997;108.912346;95.112503,npp_d20250830_t1814301_e1815542_b71723;npp_d20250830_t1815555_e1817196_b71723;npp_d20250830_t1817209_e1818451_b71723;npp_d20250830_t1818463_e1820105_b71723,156.295,40.1031,52.5258,97.5713,117.96,-113.891
51,VBD_npp_d20250830_t1815237_x1014260E_y092784N_l0483_s0861_v23,2025-08-30 20:43:22,9.278408,101.426018,2.30178,2025-08-30 18:15:23,2025-08-31 01:15:23,483,861,0.0804075,4,35173,0.151261,0.055,0.49773,0.4,0.794923,0.75,3.83718e-17,0.0001,1.02327e-11,999999,999999,3,Thailand Exclusive Economic Zone,,,SVDNB_npp_d20250830_t1814301_e1815542_b71723_c20250830194159405000_oeac_ops.h5,GDNBO_npp_d20250830_t1814301_e1815542_b71723_c20250830193935163000_oeac_ops.h5,SVI04_npp_d20250830_t1814301_e1815542_b71723_c20250830194207485000_oeac_ops.dspace_rad,,eez_v11.shp,WPP_BFAR_merge.shp,vbd_mpa_r20170830.shp,VNF-VBD_npp_20120301-20151231_global_asia-enhanced_c201607211230.bitmask,vbd_landsea_r20220824.mask,timezone.shp,VBD_platforms-recurring_2015_r20170330.shp,999999,VBD_bridges_c20160811.shp,13.103016;11.269409;8.812280;3.958795;6.255141;8.201997,96.038063;110.048721;123.751022;122.491997;108.912346;95.112503,npp_d20250830_t1814301_e1815542_b71723;npp_d20250830_t1815555_e1817196_b71723;npp_d20250830_t1817209_e1818451_b71723;npp_d20250830_t1818463_e1820105_b71723,156.525,40.4327,52.5276,97.9104,117.817,-114.015
52,VBD_npp_d20250830_t1815042_x1016632E_y103855N_l0312_s0862_v23,2025-08-30 20:43:22,10.385525,101.663231,3.95643,2025-08-30 18:15:04,2025-08-31 01:15:04,312,862,0.187175,1,2401,0.303658,0.055,0.753662,0.4,0.914198,0.75,2.5143e-17,0.0001,1.20289e-11,999999,999999,3,Cambodian Exclusive Economic Zone,,,SVDNB_npp_d20250830_t1814301_e1815542_b71723_c20250830194159405000_oeac_ops.h5,GDNBO_npp_d20250830_t1814301_e1815542_b71723_c20250830193935163000_oeac_ops.h5,SVI04_npp_d20250830_t1814301_e1815542_b71723_c20250830194207485000_oeac_ops.dspace_rad,,eez_v11.shp,WPP_BFAR_merge.shp,vbd_mpa_r20170830.shp,VNF-VBD_npp_20120301-20151231_global_asia-enhanced_c201607211230.bitmask,vbd_landsea_r20220824.mask,timezone.shp,VBD_platforms-recurring_2015_r20170330.shp,999999,VBD_bridges_c20160811.shp,13.103016;11.269409;8.812280;3.958795;6.255141;8.201997,96.038063;110.048721;123.751022;122.491997;108.912346;95.112503,npp_d20250830_t1814301_e1815542_b71723;npp_d20250830_t1815555_e1817196_b71723;npp_d20250830_t1817209_e1818451_b71723;npp_d20250830_t1818463_e1820105_b71723,155.576,39.1297,52.502,97.5249,118.402,-113.497
53,VBD_npp_d20250830_t1815148_x1016215E_y097158N_l0413_s0875_v23,2025-08-30 20:43:22,9.715759,101.621475,1.59218,2025-08-30 18:15:14,2025-08-31 01:15:14,413,875,0.0360217,2,2337,0.0865336,0.055,0.422419,0.4,0.640132,0.75,3.13464e-17,0.0001,9.38922e-12,999999,999999,3,Cambodian Exclusive Economic Zone,,,SVDNB_npp_d20250830_t1814301_e1815542_b71723_c20250830194159405000_oeac_ops.h5,GDNBO_npp_d20250830_t1814301_e1815542_b71723_c20250830193935163000_oeac_ops.h5,SVI04_npp_d20250830_t1814301_e1815542_b71723_c20250830194207485000_oeac_ops.dspace_rad,,eez_v11.shp,WPP_BFAR_merge.shp,vbd_mpa_r20170830.shp,VNF-VBD_npp_20120301-20151231_global_asia-enhanced_c201607211230.bitmask,vbd_landsea_r20220824.mask,timezone.shp,VBD_platforms-recurring_2015_r20170330.shp,999999,VBD_bridges_c20160811.shp,13.103016;11.269409;8.812280;3.958795;6.255141;8.201997,96.038063;110.048721;123.751022;122.491997;108.912346;95.112503,npp_d20250830_t1814301_e1815542_b71723;npp_d20250830_t1815555_e1817196_b71723;npp_d20250830_t1817209_e1818451_b71723;npp_d20250830_t1818463_e1820105_b71723,156.09,40.0864,52.1277,97.3623,118.136,-113.816
54,VBD_npp_d20250830_t1815486_x1012613E_y078049N_l0707_s0881_v23,2025-08-30 20:43:22,7.804864,101.261307,1.85861,2025-08-30 18:15:48,2025-08-31 01:15:48,707,881,0.249415,2,2337,0.0978762,0.055,0.453408,0.4,0.710081,0.75,6.95722e-17,0.0001,6.86559e-12,999999,999999,3,Thailand Exclusive Economic Zone,,,SVDNB_npp_d20250830_t1814301_e1815542_b71723_c20250830194159405000_oeac_ops.h5,GDNBO_npp_d20250830_t1814301_e1815542_b71723_c20250830193935163000_oeac_ops.h5,SVI04_npp_d20250830_t1814301_e1815542_b71723_c20250830194207485000_oeac_ops.dspace_rad,,eez_v11.shp,WPP_BFAR_merge.shp,vbd_mpa_r20170830.shp,VNF-VBD_npp_20120301-20151231_global_asia-enhanced_c201607211230.bitmask,vbd_landsea_r20220824.mask,timezone.shp,VBD_platforms-recurring_2015_r20170330.shp,999999,VBD_bridges_c20160811.shp,13.103016;11.269409;8.812280;3.958795;6.255141;8.201997,96.038063;110.048721;123.751022;122.491997;108.912346;95.112503,npp_d20250830_t1814301_e1815542_b71723;npp_d20250830_t1815555_e1817196_b71723;npp_d20250830_t1817209_e1818451_b71723;npp_d20250830_t1818463_e1820105_b71723,157.668,42.6297,51.9534,98.1052,117.157,-114.688
55,VBD_npp_d20250830_t1815255_x1015472E_y091337N_l0502_s0882_v23,2025-08-30 20:43:22,9.133707,101.547234,2.00689,2025-08-30 18:15:25,2025-08-31 01:15:25,502,882,0.293658,1,2401,0.139276,0.055,0.739967,0.4,0.781212,0.75,3.6265e-17,0.0001,8.26989e-12,999999,999999,3,Thailand Exclusive Economic Zone,,,SVDNB_npp_d20250830_t1814301_e1815542_b71723_c20250830194159405000_oeac_ops.h5,GDNBO_npp_d20250830_t1814301_e1815542_b71723_c20250830193935163000_oeac_ops.h5,SVI04_npp_d20250830_t1814301_e1815542_b71723_c20250830194207485000_oeac_ops.dspace_rad,,eez_v11.shp,WPP_BFAR_merge.shp,vbd_mpa_r20170830.shp,VNF-VBD_npp_20120301-20151231_global_asia-enhanced_c201607211230.bitmask,vbd_landsea_r20220824.mask,timezone.shp,VBD_platforms-recurring_2015_r20170330.shp,999999,VBD_bridges_c20160811.shp,13.103016;11.269409;8.812280;3.958795;6.255141;8.201997,96.038063;110.048721;123.751022;122.491997;108.912346;95.112503,npp_d20250830_t1814301_e1815542_b71723;npp_d20250830_t1815555_e1817196_b71723;npp_d20250830_t1817209_e1818451_b71723;npp_d20250830_t1818463_e1820105_b71723,156.552,40.8925,51.9263,97.7943,117.874,-114.089
56,VBD_npp_d20250830_t1815255_x1015716E_y091582N_l0498_s0885_v23,2025-08-30 20:43:22,9.158220,101.571594,3.08691,2025-08-30 18:15:25,2025-08-31 01:15:25,498,885,0.316705,1,2401,0.249263,0.055,0.812617,0.4,0.927921,0.75,3.48957e-17,0.0001,8.21404e-12,999999,999999,3,Thailand Exclusive Economic Zone,,,SVDNB_npp_d20250830_t1814301_e1815542_b71723_c20250830194159405000_oeac_ops.h5,GDNBO_npp_d20250830_t1814301_e1815542_b71723_c20250830193935163000_oeac_ops.h5,SVI04_npp_d20250830_t1814301_e1815542_b71723_c20250830194207485000_oeac_ops.dspace_rad,,eez_v11.shp,WPP_BFAR_merge.shp,vbd_mpa_r20170830.shp,VNF-VBD_npp_20120301-20151231_global_asia-enhanced_c201607211230.bitmask,vbd_landsea_r20220824.mask,timezone.shp,VBD_platforms-recurring_2015_r20170330.shp,999999,VBD_bridges_c20160811.shp,13.103016;11.269409;8.812280;3.958795;6.255141;8.201997,96.038063;110.048721;123.751022;122.491997;108.912346;95.112503,npp_d20250830_t1814301_e1815542_b71723;npp_d20250830_t1815555_e1817196_b71723;npp_d20250830_t1817209_e1818451_b71723;npp_d20250830_t1818463_e1820105_b71723,156.518,40.9012,51.8406,97.9999,117.906,-114.078
57,VBD_npp_d20250830_t1815291_x1015268E_y089437N_l0531_s0885_v23,2025-08-30 20:43:22,8.943748,101.526756,2.06084,2025-08-30 18:15:29,2025-08-31 01:15:29,531,885,0.285549,1,2401,0.139114,0.055,0.784005,0.4,0.924359,0.75,3.98004e-17,0.0001,7.92411e-12,999999,999999,3,Thailand Exclusive Economic Zone,,,SVDNB_npp_d20250830_t1814301_e1815542_b71723_c20250830194159405000_oeac_ops.h5,GDNBO_npp_d20250830_t1814301_e1815542_b71723_c20250830193935163000_oeac_ops.h5,SVI04_npp_d20250830_t1814301_e1815542_b71723_c20250830194207485000_oeac_ops.dspace_rad,,eez_v11.shp,WPP_BFAR_merge.shp,vbd_mpa_r20170830.shp,VNF-VBD_npp_20120301-20151231_global_asia-enhanced_c201607211230.bitmask,vbd_landsea_r20220824.mask,timezone.shp,VBD_platforms-recurring_2015_r20170330.shp,999999,VBD_bridges_c20160811.shp,13.103016;11.269409;8.812280;3.958795;6.255141;8.201997,96.038063;110.048721;123.751022;122.491997;108.912346;95.112503,npp_d20250830_t1814301_e1815542_b71723;npp_d20250830_t1815555_e1817196_b71723;npp_d20250830_t1817209_e1818451_b71723;npp_d20250830_t1818463_e1820105_b71723,156.699,41.1703,51.8434,97.9738,117.791,-114.177
58,VBD_npp_d20250830_t1815308_x1015041E_y088263N_l0549_s0885_v23,2025-08-30 20:43:22,8.826324,101.504051,2.07594,2025-08-30 18:15:30,2025-08-31 01:15:30,549,885,0.150827,2,2337,0.12167,0.055,0.530719,0.4,0.701373,0.75,4.24757e-17,0.0001,7.72139e-12,999999,999999,3,Thailand Exclusive Economic Zone,,,SVDNB_npp_d20250830_t1814301_e1815542_b71723_c20250830194159405000_oeac_ops.h5,GDNBO_npp_d20250830_t1814301_e1815542_b71723_c20250830193935163000_oeac_ops.h5,SVI04_npp_d20250830_t1814301_e1815542_b71723_c20250830194207485000_oeac_ops.dspace_rad,,eez_v11.shp,WPP_BFAR_merge.shp,vbd_mpa_r20170830.shp,VNF-VBD_npp_20120301-20151231_global_asia-enhanced_c201607211230.bitmask,vbd_landsea_r20220824.mask,timezone.shp,VBD_platforms-recurring_2015_r20170330.shp,999999,VBD_bridges_c20160811.shp,13.103016;11.269409;8.812280;3.958795;6.255141;8.201997,96.038063;110.048721;123.751022;122.491997;108.912346;95.112503,npp_d20250830_t1814301_e1815542_b71723;npp_d20250830_t1815555_e1817196_b71723;npp_d20250830_t1817209_e1818451_b71723;npp_d20250830_t1818463_e1820105_b71723,156.797,41.3217,51.8399,97.8868,117.729,-114.231
59,VBD_npp_d20250830_t1815308_x1015002E_y087990N_l0553_s0885_v23,2025-08-30 20:43:22,8.799009,101.500191,1.68082,2025-08-30 18:15:30,2025-08-31 01:15:30,553,885,0.173447,2,2337,0.0938265,0.055,0.508514,0.4,0.672779,0.75,4.30703e-17,0.0001,7.58352e-12,999999,999999,3,Thailand Exclusive Economic Zone,,,SVDNB_npp_d20250830_t1814301_e1815542_b71723_c20250830194159405000_oeac_ops.h5,GDNBO_npp_d20250830_t1814301_e1815542_b71723_c20250830193935163000_oeac_ops.h5,SVI04_npp_d20250830_t1814301_e1815542_b71723_c20250830194207485000_oeac_ops.dspace_rad,,eez_v11.shp,WPP_BFAR_merge.shp,vbd_mpa_r20170830.shp,VNF-VBD_npp_20120301-20151231_global_asia-enhanced_c201607211230.bitmask,vbd_landsea_r20220824.mask,timezone.shp,VBD_platforms-recurring_2015_r20170330.shp,999999,VBD_bridges_c20160811.shp,13.103016;11.269409;8.812280;3.958795;6.255141;8.201997,96.038063;110.048721;123.751022;122.491997;108.912346;95.112503,npp_d20250830_t1814301_e1815542_b71723;npp_d20250830_t1815555_e1817196_b71723;npp_d20250830_t1817209_e1818451_b71723;npp_d20250830_t1818463_e1820105_b71723,156.82,41.3566,51.8403,97.6846,117.715,-114.243
60,VBD_npp_d20250830_t1815308_x1015138E_y088459N_l0546_s0886_v23,2025-08-30 20:43:22,8.845860,101.513763,2.00234,2025-08-30 18:15:30,2025-08-31 01:15:30,546,886,0.138095,8,18721,0.093261,0.055,0.467336,0.4,0.501932,0.75,4.17241e-17,0.0001,7.76292e-12,999999,999999,3,Thailand Exclusive Economic Zone,,,SVDNB_npp_d20250830_t1814301_e1815542_b71723_c20250830194159405000_oeac_ops.h5,GDNBO_npp_d20250830_t1814301_e1815542_b71723_c20250830193935163000_oeac_ops.h5,SVI04_npp_d20250830_t1814301_e1815542_b71723_c20250830194207485000_oeac_ops.dspace_rad,,eez_v11.shp,WPP_BFAR_merge.shp,vbd_mpa_r20170830.shp,VNF-VBD_npp_20120301-20151231_global_asia-enhanced_c201607211230.bitmask,vbd_landsea_r20220824.mask,timezone.shp,VBD_platforms-recurring_2015_r20170330.shp,0.753571,VBD_bridges_c20160811.shp,13.103016;11.269409;8.812280;3.958795;6.255141;8.201997,96.038063;110.048721;123.751022;122.491997;108.912346;95.112503,npp_d20250830_t1814301_e1815542_b71723;npp_d20250830_t1815555_e1817196_b71723;npp_d20250830_t1817209_e1818451_b71723;npp_d20250830_t1818463_e1820105_b71723,156.776,41.3099,51.8114,98.0396,117.746,-114.222
61,VBD_npp_d20250830_t1815237_x1016128E_y092527N_l0483_s0888_v23,2025-08-30 20:43:22,9.252697,101.612839,4.17744,2025-08-30 18:15:23,2025-08-31 01:15:23,483,888,0.320332,8,18785,0.323927,0.055,0.77463,0.4,0.923526,0.75,3.1953e-17,0.0001,8.10435e-12,999999,999999,3,Thailand Exclusive Economic Zone,,,SVDNB_npp_d20250830_t1814301_e1815542_b71723_c20250830194159405000_oeac_ops.h5,GDNBO_npp_d20250830_t1814301_e1815542_b71723_c20250830193935163000_oeac_ops.h5,SVI04_npp_d20250830_t1814301_e1815542_b71723_c20250830194207485000_oeac_ops.dspace_rad,,eez_v11.shp,WPP_BFAR_merge.shp,vbd_mpa_r20170830.shp,VNF-VBD_npp_20120301-20151231_global_asia-enhanced_c201607211230.bitmask,vbd_landsea_r20220824.mask,timezone.shp,VBD_platforms-recurring_2015_r20170330.shp,0.302222,VBD_bridges_c20160811.shp,13.103016;11.269409;8.812280;3.958795;6.255141;8.201997,96.038063;110.048721;123.751022;122.491997;108.912346;95.112503,npp_d20250830_t1814301_e1815542_b71723;npp_d20250830_t1815555_e1817196_b71723;npp_d20250830_t1817209_e1818451_b71723;npp_d20250830_t1818463_e1820105_b71723,156.424,40.8227,51.7545,97.9426,117.974,-114.036
62,VBD_npp_d20250830_t1815237_x1016003E_y091641N_l0496_s0888_v23,2025-08-30 20:43:22,9.164050,101.600334,2.50998,2025-08-30 18:15:23,2025-08-31 01:15:23,496,888,0.26862,1,2401,0.207961,0.055,0.834821,0.4,0.905392,0.75,3.38431e-17,0.0001,7.63941e-12,999999,999999,3,Thailand Exclusive Economic Zone,,,SVDNB_npp_d20250830_t1814301_e1815542_b71723_c20250830194159405000_oeac_ops.h5,GDNBO_npp_d20250830_t1814301_e1815542_b71723_c20250830193935163000_oeac_ops.h5,SVI04_npp_d20250830_t1814301_e1815542_b71723_c20250830194207485000_oeac_ops.dspace_rad,,eez_v11.shp,WPP_BFAR_merge.shp,vbd_mpa_r20170830.shp,VNF-VBD_npp_20120301-20151231_global_asia-enhanced_c201607211230.bitmask,vbd_landsea_r20220824.mask,timezone.shp,VBD_platforms-recurring_2015_r20170330.shp,999999,VBD_bridges_c20160811.shp,13.103016;11.269409;8.812280;3.958795;6.255141;8.201997,96.038063;110.048721;123.751022;122.491997;108.912346;95.112503,npp_d20250830_t1814301_e1815542_b71723;npp_d20250830_t1815555_e1817196_b71723;npp_d20250830_t1817209_e1818451_b71723;npp_d20250830_t1818463_e1820105_b71723,156.499,40.9324,51.7568,97.2845,117.927,-114.077
63,VBD_npp_d20250830_t1815255_x1015998E_y091613N_l0497_s0889_v23,2025-08-30 20:43:22,9.161259,101.599815,4.21489,2025-08-30 18:15:25,2025-08-31 01:15:25,497,889,0.26862,1,2401,0.294416,0.055,0.834821,0.4,0.874378,0.75,3.37356e-17,0.0001,7.9822e-12,999999,999999,3,Thailand Exclusive Economic Zone,,,SVDNB_npp_d20250830_t1814301_e1815542_b71723_c20250830194159405000_oeac_ops.h5,GDNBO_npp_d20250830_t1814301_e1815542_b71723_c20250830193935163000_oeac_ops.h5,SVI04_npp_d20250830_t1814301_e1815542_b71723_c20250830194207485000_oeac_ops.dspace_rad,,eez_v11.shp,WPP_BFAR_merge.shp,vbd_mpa_r20170830.shp,VNF-VBD_npp_20120301-20151231_global_asia-enhanced_c201607211230.bitmask,vbd_landsea_r20220824.mask,timezone.shp,VBD_platforms-recurring_2015_r20170330.shp,999999,VBD_bridges_c20160811.shp,13.103016;11.269409;8.812280;3.958795;6.255141;8.201997,96.038063;110.048721;123.751022;122.491997;108.912346;95.112503,npp_d20250830_t1814301_e1815542_b71723;npp_d20250830_t1815555_e1817196_b71723;npp_d20250830_t1817209_e1818451_b71723;npp_d20250830_t1818463_e1820105_b71723,156.497,40.9496,51.7266,98.0552,117.932,-114.078
64,VBD_npp_d20250830_t1815469_x1013302E_y078532N_l0698_s0889_v23,2025-08-30 20:43:22,7.853182,101.330208,10.2558,2025-08-30 18:15:46,2025-08-31 01:15:46,698,889,0.345797,1,2401,0.525523,0.055,0.822389,0.4,0.922893,0.75,6.56372e-17,0.0001,6.3582e-12,999999,999999,3,Thailand Exclusive Economic Zone,,,SVDNB_npp_d20250830_t1814301_e1815542_b71723_c20250830194159405000_oeac_ops.h5,GDNBO_npp_d20250830_t1814301_e1815542_b71723_c20250830193935163000_oeac_ops.h5,SVI04_npp_d20250830_t1814301_e1815542_b71723_c20250830194207485000_oeac_ops.dspace_rad,,eez_v11.shp,WPP_BFAR_merge.shp,vbd_mpa_r20170830.shp,VNF-VBD_npp_20120301-20151231_global_asia-enhanced_c201607211230.bitmask,vbd_landsea_r20220824.mask,timezone.shp,VBD_platforms-recurring_2015_r20170330.shp,999999,VBD_bridges_c20160811.shp,13.103016;11.269409;8.812280;3.958795;6.255141;8.201997,96.038063;110.048721;123.751022;122.491997;108.912346;95.112503,npp_d20250830_t1814301_e1815542_b71723;npp_d20250830_t1815555_e1817196_b71723;npp_d20250830_t1817209_e1818451_b71723;npp_d20250830_t1818463_e1820105_b71723,157.591,42.6674,51.728,97.7448,117.232,-114.67
65,VBD_npp_d20250830_t1815486_x1013148E_y077903N_l0708_s0889_v23,2025-08-30 20:43:22,7.790344,101.314827,1.76647,2025-08-30 18:15:48,2025-08-31 01:15:48,708,889,0.302336,8,18721,0.0650279,0.055,0.552952,0.4,0.518587,0.75,6.56372e-17,0.0001,6.42293e-12,999999,999999,3,Thailand Exclusive Economic Zone,,,SVDNB_npp_d20250830_t1814301_e1815542_b71723_c20250830194159405000_oeac_ops.h5,GDNBO_npp_d20250830_t1814301_e1815542_b71723_c20250830193935163000_oeac_ops.h5,SVI04_npp_d20250830_t1814301_e1815542_b71723_c20250830194207485000_oeac_ops.dspace_rad,,eez_v11.shp,WPP_BFAR_merge.shp,vbd_mpa_r20170830.shp,VNF-VBD_npp_20120301-20151231_global_asia-enhanced_c201607211230.bitmask,vbd_landsea_r20220824.mask,timezone.shp,VBD_platforms-recurring_2015_r20170330.shp,0.295536,VBD_bridges_c20160811.shp,13.103016;11.269409;8.812280;3.958795;6.255141;8.201997,96.038063;110.048721;123.751022;122.491997;108.912346;95.112503,npp_d20250830_t1814301_e1815542_b71723;npp_d20250830_t1815555_e1817196_b71723;npp_d20250830_t1817209_e1818451_b71723;npp_d20250830_t1818463_e1820105_b71723,157.643,42.7557,51.7249,98.0626,117.198,-114.698
66,VBD_npp_d20250830_t1815255_x1016106E_y091389N_l0500_s0891_v23,2025-08-30 20:43:22,9.138935,101.610565,5.56856,2025-08-30 18:15:25,2025-08-31 01:15:25,500,891,0.339395,1,2401,0.411334,0.055,0.822529,0.4,0.966426,0.75,3.36563e-17,0.0001,7.74507e-12,999999,999999,3,Thailand Exclusive Economic Zone,,,SVDNB_npp_d20250830_t1814301_e1815542_b71723_c20250830194159405000_oeac_ops.h5,GDNBO_npp_d20250830_t1814301_e1815542_b71723_c20250830193935163000_oeac_ops.h5,SVI04_npp_d20250830_t1814301_e1815542_b71723_c20250830194207485000_oeac_ops.dspace_rad,,eez_v11.shp,WPP_BFAR_merge.shp,vbd_mpa_r20170830.shp,VNF-VBD_npp_20120301-20151231_global_asia-enhanced_c201607211230.bitmask,vbd_landsea_r20220824.mask,timezone.shp,VBD_platforms-recurring_2015_r20170330.shp,999999,VBD_bridges_c20160811.shp,13.103016;11.269409;8.812280;3.958795;6.255141;8.201997,96.038063;110.048721;123.751022;122.491997;108.912346;95.112503,npp_d20250830_t1814301_e1815542_b71723;npp_d20250830_t1815555_e1817196_b71723;npp_d20250830_t1817209_e1818451_b71723;npp_d20250830_t1818463_e1820105_b71723,156.507,41.0034,51.6694,97.9056,117.933,-114.089
67,VBD_npp_d20250830_t1815273_x1015888E_y090284N_l0517_s0891_v23,2025-08-30 20:43:22,9.028400,101.588837,4.40045,2025-08-30 18:15:27,2025-08-31 01:15:27,517,891,0.253042,1,2401,0.317451,0.055,0.778464,0.4,0.911961,0.75,3.60728e-17,0.0001,7.58298e-12,999999,999999,3,Thailand Exclusive Economic Zone,,,SVDNB_npp_d20250830_t1814301_e1815542_b71723_c20250830194159405000_oeac_ops.h5,GDNBO_npp_d20250830_t1814301_e1815542_b71723_c20250830193935163000_oeac_ops.h5,SVI04_npp_d20250830_t1814301_e1815542_b71723_c20250830194207485000_oeac_ops.dspace_rad,,eez_v11.shp,WPP_BFAR_merge.shp,vbd_mpa_r20170830.shp,VNF-VBD_npp_20120301-20151231_global_asia-enhanced_c201607211230.bitmask,vbd_landsea_r20220824.mask,timezone.shp,VBD_platforms-recurring_2015_r20170330.shp,999999,VBD_bridges_c20160811.shp,13.103016;11.269409;8.812280;3.958795;6.255141;8.201997,96.038063;110.048721;123.751022;122.491997;108.912346;95.112503,npp_d20250830_t1814301_e1815542_b71723;npp_d20250830_t1815555_e1817196_b71723;npp_d20250830_t1817209_e1818451_b71723;npp_d20250830_t1818463_e1820105_b71723,156.599,41.144,51.6661,97.8693,117.875,-114.14
68,VBD_npp_d20250830_t1814553_x1019846E_y108632N_l0234_s0893_v23,2025-08-30 20:43:22,10.863223,101.984604,2.0325,2025-08-30 18:14:55,2025-08-31 01:14:55,234,893,0.0934956,2,2337,0.127088,0.055,0.619349,0.4,0.615702,0.75,1.52549e-17,0.0001,9.73518e-12,999999,999999,3,Cambodian Exclusive Economic Zone,,,SVDNB_npp_d20250830_t1814301_e1815542_b71723_c20250830194159405000_oeac_ops.h5,GDNBO_npp_d20250830_t1814301_e1815542_b71723_c20250830193935163000_oeac_ops.h5,SVI04_npp_d20250830_t1814301_e1815542_b71723_c20250830194207485000_oeac_ops.dspace_rad,,eez_v11.shp,WPP_BFAR_merge.shp,vbd_mpa_r20170830.shp,VNF-VBD_npp_20120301-20151231_global_asia-enhanced_c201607211230.bitmask,vbd_landsea_r20220824.mask,timezone.shp,VBD_platforms-recurring_2015_r20170330.shp,999999,VBD_bridges_c20160811.shp,13.103016;11.269409;8.812280;3.958795;6.255141;8.201997,96.038063;110.048721;123.751022;122.491997;108.912346;95.112503,npp_d20250830_t1814301_e1815542_b71723;npp_d20250830_t1815555_e1817196_b71723;npp_d20250830_t1817209_e1818451_b71723;npp_d20250830_t1818463_e1820105_b71723,155.029,38.9993,51.608,97.4049,118.846,-113.271
69,VBD_npp_d20250830_t1815469_x1013592E_y078631N_l0696_s0893_v23,2025-08-30 20:43:22,7.863053,101.359238,2.45811,2025-08-30 18:15:46,2025-08-31 01:15:46,696,893,0.353195,2,2337,0.152779,0.055,0.808823,0.4,0.672926,0.75,6.36697e-17,0.0001,6.21919e-12,999999,999999,3,Thailand Exclusive Economic Zone,,,SVDNB_npp_d20250830_t1814301_e1815542_b71723_c20250830194159405000_oeac_ops.h5,GDNBO_npp_d20250830_t1814301_e1815542_b71723_c20250830193935163000_oeac_ops.h5,SVI04_npp_d20250830_t1814301_e1815542_b71723_c20250830194207485000_oeac_ops.dspace_rad,,eez_v11.shp,WPP_BFAR_merge.shp,vbd_mpa_r20170830.shp,VNF-VBD_npp_20120301-20151231_global_asia-enhanced_c201607211230.bitmask,vbd_landsea_r20220824.mask,timezone.shp,VBD_platforms-recurring_2015_r20170330.shp,999999,VBD_bridges_c20160811.shp,13.103016;11.269409;8.812280;3.958795;6.255141;8.201997,96.038063;110.048721;123.751022;122.491997;108.912346;95.112503,npp_d20250830_t1814301_e1815542_b71723;npp_d20250830_t1815555_e1817196_b71723;npp_d20250830_t1817209_e1818451_b71723;npp_d20250830_t1818463_e1820105_b71723,157.565,42.7064,51.6136,97.8497,117.262,-114.667
70,VBD_npp_d20250830_t1815291_x1015879E_y089353N_l0531_s0894_v23,2025-08-30 20:43:22,8.935265,101.587921,58.8158,2025-08-30 18:15:29,2025-08-31 01:15:29,531,894,0.301696,4,35173,1.14885,0.055,0.900768,0.4,0.978611,0.75,3.73114e-17,0.0001,7.36318e-12,999999,999999,3,Thailand Exclusive Economic Zone,,,SVDNB_npp_d20250830_t1814301_e1815542_b71723_c20250830194159405000_oeac_ops.h5,GDNBO_npp_d20250830_t1814301_e1815542_b71723_c20250830193935163000_oeac_ops.h5,SVI04_npp_d20250830_t1814301_e1815542_b71723_c20250830194207485000_oeac_ops.dspace_rad,,eez_v11.shp,WPP_BFAR_merge.shp,vbd_mpa_r20170830.shp,VNF-VBD_npp_20120301-20151231_global_asia-enhanced_c201607211230.bitmask,vbd_landsea_r20220824.mask,timezone.shp,VBD_platforms-recurring_2015_r20170330.shp,999999,VBD_bridges_c20160811.shp,13.103016;11.269409;8.812280;3.958795;6.255141;8.201997,96.038063;110.048721;123.751022;122.491997;108.912346;95.112503,npp_d20250830_t1814301_e1815542_b71723;npp_d20250830_t1815555_e1817196_b71723;npp_d20250830_t1817209_e1818451_b71723;npp_d20250830_t1818463_e1820105_b71723,156.665,41.2982,51.5867,97.984,117.842,-114.184
71,VBD_npp_d20250830_t1815451_x1013848E_y079458N_l0683_s0894_v23,2025-08-30 20:43:22,7.945835,101.384811,1.39024,2025-08-30 18:15:45,2025-08-31 01:15:45,683,894,0.191443,4,18725,0.060044,0.055,0.474141,0.4,0.538256,0.75,6.33772e-17,0.0001,6.18725e-12,999999,999999,3,Thailand Exclusive Economic Zone,,,SVDNB_npp_d20250830_t1814301_e1815542_b71723_c20250830194159405000_oeac_ops.h5,GDNBO_npp_d20250830_t1814301_e1815542_b71723_c20250830193935163000_oeac_ops.h5,SVI04_npp_d20250830_t1814301_e1815542_b71723_c20250830194207485000_oeac_ops.dspace_rad,,eez_v11.shp,WPP_BFAR_merge.shp,vbd_mpa_r20170830.shp,VNF-VBD_npp_20120301-20151231_global_asia-enhanced_c201607211230.bitmask,vbd_landsea_r20220824.mask,timezone.shp,VBD_platforms-recurring_2015_r20170330.shp,0.162765,VBD_bridges_c20160811.shp,13.103016;11.269409;8.812280;3.958795;6.255141;8.201997,96.038063;110.048721;123.751022;122.491997;108.912346;95.112503,npp_d20250830_t1814301_e1815542_b71723;npp_d20250830_t1815555_e1817196_b71723;npp_d20250830_t1817209_e1818451_b71723;npp_d20250830_t1818463_e1820105_b71723,157.491,42.6052,51.5862,97.6878,117.313,-114.631
72,VBD_npp_d20250830_t1815273_x1016082E_y089703N_l0525_s0895_v23,2025-08-30 20:43:22,8.970310,101.608238,2.75865,2025-08-30 18:15:27,2025-08-31 01:15:27,525,895,0.255532,7,35105,0.201102,0.055,0.860252,0.4,0.698475,0.75,3.63194e-17,0.0001,7.0825e-12,999999,999999,3,,,,SVDNB_npp_d20250830_t1814301_e1815542_b71723_c20250830194159405000_oeac_ops.h5,GDNBO_npp_d20250830_t1814301_e1815542_b71723_c20250830193935163000_oeac_ops.h5,SVI04_npp_d20250830_t1814301_e1815542_b71723_c20250830194207485000_oeac_ops.dspace_rad,,eez_v11.shp,WPP_BFAR_merge.shp,vbd_mpa_r20170830.shp,VNF-VBD_npp_20120301-20151231_global_asia-enhanced_c201607211230.bitmask,vbd_landsea_r20220824.mask,timezone.shp,VBD_platforms-recurring_2015_r20170330.shp,999999,VBD_bridges_c20160811.shp,13.103016;11.269409;8.812280;3.958795;6.255141;8.201997,96.038063;110.048721;123.751022;122.491997;108.912346;95.112503,npp_d20250830_t1814301_e1815542_b71723;npp_d20250830_t1815555_e1817196_b71723;npp_d20250830_t1817209_e1818451_b71723;npp_d20250830_t1818463_e1820105_b71723,156.631,41.2689,51.5534,97.4676,117.868,-114.168
73,VBD_npp_d20250830_t1815451_x1014050E_y079431N_l0683_s0897_v23,2025-08-30 20:43:22,7.943061,101.405037,1.99404,2025-08-30 18:15:45,2025-08-31 01:15:45,683,897,0.182338,8,18785,0.133487,0.055,0.541882,0.4,0.795958,0.75,6.25642e-17,0.0001,6.0472e-12,999999,999999,3,Thailand Exclusive Economic Zone,,,SVDNB_npp_d20250830_t1814301_e1815542_b71723_c20250830194159405000_oeac_ops.h5,GDNBO_npp_d20250830_t1814301_e1815542_b71723_c20250830193935163000_oeac_ops.h5,SVI04_npp_d20250830_t1814301_e1815542_b71723_c20250830194207485000_oeac_ops.dspace_rad,,eez_v11.shp,WPP_BFAR_merge.shp,vbd_mpa_r20170830.shp,VNF-VBD_npp_20120301-20151231_global_asia-enhanced_c201607211230.bitmask,vbd_landsea_r20220824.mask,timezone.shp,VBD_platforms-recurring_2015_r20170330.shp,0.634588,VBD_bridges_c20160811.shp,13.103016;11.269409;8.812280;3.958795;6.255141;8.201997,96.038063;110.048721;123.751022;122.491997;108.912346;95.112503,npp_d20250830_t1814301_e1815542_b71723;npp_d20250830_t1815555_e1817196_b71723;npp_d20250830_t1817209_e1818451_b71723;npp_d20250830_t1818463_e1820105_b71723,157.48,42.6481,51.5007,97.6903,117.329,-114.634
74,VBD_npp_d20250830_t1814553_x1020195E_y108656N_l0233_s0898_v23,2025-08-30 20:43:22,10.865573,102.019524,3.23417,2025-08-30 18:14:55,2025-08-31 01:14:55,233,898,0.0619846,1,2401,0.222901,0.055,0.656551,0.4,0.77692,0.75,1.4869e-17,0.0001,9.35764e-12,999999,999999,3,Cambodian Exclusive Economic Zone,,,SVDNB_npp_d20250830_t1814301_e1815542_b71723_c20250830194159405000_oeac_ops.h5,GDNBO_npp_d20250830_t1814301_e1815542_b71723_c20250830193935163000_oeac_ops.h5,SVI04_npp_d20250830_t1814301_e1815542_b71723_c20250830194207485000_oeac_ops.dspace_rad,,eez_v11.shp,WPP_BFAR_merge.shp,vbd_mpa_r20170830.shp,VNF-VBD_npp_20120301-20151231_global_asia-enhanced_c201607211230.bitmask,vbd_landsea_r20220824.mask,timezone.shp,VBD_platforms-recurring_2015_r20170330.shp,999999,VBD_bridges_c20160811.shp,13.103016;11.269409;8.812280;3.958795;6.255141;8.201997,96.038063;110.048721;123.751022;122.491997;108.912346;95.112503,npp_d20250830_t1814301_e1815542_b71723;npp_d20250830_t1815555_e1817196_b71723;npp_d20250830_t1817209_e1818451_b71723;npp_d20250830_t1818463_e1820105_b71723,155.005,39.0598,51.4655,97.4619,118.878,-113.271
75,VBD_npp_d20250830_t1815469_x1013871E_y078177N_l0702_s0898_v23,2025-08-30 20:43:22,7.817670,101.387062,4.83882,2025-08-30 18:15:46,2025-08-31 01:15:46,702,898,0.35917,2,2337,0.315671,0.055,0.810062,0.4,0.685988,0.75,6.22932e-17,0.0001,5.83575e-12,999999,999999,3,Thailand Exclusive Economic Zone,,,SVDNB_npp_d20250830_t1814301_e1815542_b71723_c20250830194159405000_oeac_ops.h5,GDNBO_npp_d20250830_t1814301_e1815542_b71723_c20250830193935163000_oeac_ops.h5,SVI04_npp_d20250830_t1814301_e1815542_b71723_c20250830194207485000_oeac_ops.dspace_rad,,eez_v11.shp,WPP_BFAR_merge.shp,vbd_mpa_r20170830.shp,VNF-VBD_npp_20120301-20151231_global_asia-enhanced_c201607211230.bitmask,vbd_landsea_r20220824.mask,timezone.shp,VBD_platforms-recurring_2015_r20170330.shp,999999,VBD_bridges_c20160811.shp,13.103016;11.269409;8.812280;3.958795;6.255141;8.201997,96.038063;110.048721;123.751022;122.491997;108.912346;95.112503,npp_d20250830_t1814301_e1815542_b71723;npp_d20250830_t1815555_e1817196_b71723;npp_d20250830_t1817209_e1818451_b71723;npp_d20250830_t1818463_e1820105_b71723,157.579,42.8338,51.4726,97.5493,117.268,-114.69
76,VBD_npp_d20250830_t1815522_x1013466E_y074959N_l0751_s0902_v23,2025-08-30 20:43:22,7.495895,101.346642,6.09726,2025-08-30 18:15:52,2025-08-31 01:15:52,751,902,0.155735,1,2401,0.321686,0.055,0.620886,0.4,0.806744,0.75,6.12092e-17,0.0001,5.40147e-12,999999,999999,3,Thailand Exclusive Economic Zone,,,SVDNB_npp_d20250830_t1814301_e1815542_b71723_c20250830194159405000_oeac_ops.h5,GDNBO_npp_d20250830_t1814301_e1815542_b71723_c20250830193935163000_oeac_ops.h5,SVI04_npp_d20250830_t1814301_e1815542_b71723_c20250830194207485000_oeac_ops.dspace_rad,,eez_v11.shp,WPP_BFAR_merge.shp,vbd_mpa_r20170830.shp,VNF-VBD_npp_20120301-20151231_global_asia-enhanced_c201607211230.bitmask,vbd_landsea_r20220824.mask,timezone.shp,VBD_platforms-recurring_2015_r20170330.shp,999999,VBD_bridges_c20160811.shp,13.103016;11.269409;8.812280;3.958795;6.255141;8.201997,96.038063;110.048721;123.751022;122.491997;108.912346;95.112503,npp_d20250830_t1814301_e1815542_b71723;npp_d20250830_t1815555_e1817196_b71723;npp_d20250830_t1817209_e1818451_b71723;npp_d20250830_t1818463_e1820105_b71723,157.826,43.3353,51.3616,97.5397,117.117,-114.834
77,VBD_npp_d20250830_t1815433_x1015032E_y080983N_l0658_s0907_v23,2025-08-30 20:43:22,8.098262,101.503220,3.77621,2025-08-30 18:15:43,2025-08-31 01:15:43,658,907,0.0593527,1,2401,0.254124,0.055,0.687307,0.4,0.781792,0.75,5.69537e-17,0.0001,5.91108e-12,999999,999999,3,Thailand Exclusive Economic Zone,,,SVDNB_npp_d20250830_t1814301_e1815542_b71723_c20250830194159405000_oeac_ops.h5,GDNBO_npp_d20250830_t1814301_e1815542_b71723_c20250830193935163000_oeac_ops.h5,SVI04_npp_d20250830_t1814301_e1815542_b71723_c20250830194207485000_oeac_ops.dspace_rad,,eez_v11.shp,WPP_BFAR_merge.shp,vbd_mpa_r20170830.shp,VNF-VBD_npp_20120301-20151231_global_asia-enhanced_c201607211230.bitmask,vbd_landsea_r20220824.mask,timezone.shp,VBD_platforms-recurring_2015_r20170330.shp,999999,VBD_bridges_c20160811.shp,13.103016;11.269409;8.812280;3.958795;6.255141;8.201997,96.038063;110.048721;123.751022;122.491997;108.912346;95.112503,npp_d20250830_t1814301_e1815542_b71723;npp_d20250830_t1815555_e1817196_b71723;npp_d20250830_t1817209_e1818451_b71723;npp_d20250830_t1818463_e1820105_b71723,157.305,42.5673,51.2124,98.1441,117.475,-114.569
78,VBD_npp_d20250830_t1815433_x1015060E_y080703N_l0662_s0908_v23,2025-08-30 20:43:22,8.070308,101.506020,3.24907,2025-08-30 18:15:43,2025-08-31 01:15:43,662,908,0.177003,2,2337,0.20507,0.055,0.703248,0.4,0.74281,0.75,5.74658e-17,0.0001,5.76697e-12,999999,999999,3,Thailand Exclusive Economic Zone,,,SVDNB_npp_d20250830_t1814301_e1815542_b71723_c20250830194159405000_oeac_ops.h5,GDNBO_npp_d20250830_t1814301_e1815542_b71723_c20250830193935163000_oeac_ops.h5,SVI04_npp_d20250830_t1814301_e1815542_b71723_c20250830194207485000_oeac_ops.dspace_rad,,eez_v11.shp,WPP_BFAR_merge.shp,vbd_mpa_r20170830.shp,VNF-VBD_npp_20120301-20151231_global_asia-enhanced_c201607211230.bitmask,vbd_landsea_r20220824.mask,timezone.shp,VBD_platforms-recurring_2015_r20170330.shp,999999,VBD_bridges_c20160811.shp,13.103016;11.269409;8.812280;3.958795;6.255141;8.201997,96.038063;110.048721;123.751022;122.491997;108.912346;95.112503,npp_d20250830_t1814301_e1815542_b71723;npp_d20250830_t1815555_e1817196_b71723;npp_d20250830_t1817209_e1818451_b71723;npp_d20250830_t1818463_e1820105_b71723,157.324,42.6179,51.184,97.9411,117.466,-114.582
79,VBD_npp_d20250830_t1815469_x1014539E_y078086N_l0702_s0908_v23,2025-08-30 20:43:22,7.808578,101.453880,54.3368,2025-08-30 18:15:46,2025-08-31 01:15:46,702,908,0.373396,8,18785,1.16828,0.055,0.925418,0.4,0.984334,0.75,5.95832e-17,0.0001,5.41773e-12,999999,999999,3,Thailand Exclusive Economic Zone,,,SVDNB_npp_d20250830_t1814301_e1815542_b71723_c20250830194159405000_oeac_ops.h5,GDNBO_npp_d20250830_t1814301_e1815542_b71723_c20250830193935163000_oeac_ops.h5,SVI04_npp_d20250830_t1814301_e1815542_b71723_c20250830194207485000_oeac_ops.dspace_rad,,eez_v11.shp,WPP_BFAR_merge.shp,vbd_mpa_r20170830.shp,VNF-VBD_npp_20120301-20151231_global_asia-enhanced_c201607211230.bitmask,vbd_landsea_r20220824.mask,timezone.shp,VBD_platforms-recurring_2015_r20170330.shp,0.428327,VBD_bridges_c20160811.shp,13.103016;11.269409;8.812280;3.958795;6.255141;8.201997,96.038063;110.048721;123.751022;122.491997;108.912346;95.112503,npp_d20250830_t1814301_e1815542_b71723;npp_d20250830_t1815555_e1817196_b71723;npp_d20250830_t1817209_e1818451_b71723;npp_d20250830_t1818463_e1820105_b71723,157.541,42.9753,51.1884,97.557,117.324,-114.699
80,VBD_npp_d20250830_t1815469_x1014843E_y078319N_l0698_s0912_v23,2025-08-30 20:43:22,7.831927,101.484276,24.9799,2025-08-30 18:15:46,2025-08-31 01:15:46,698,912,0.360735,1,2401,0.854814,0.055,0.907701,0.4,0.939725,0.75,5.84993e-17,0.0001,5.35122e-12,999999,999999,3,Thailand Exclusive Economic Zone,,,SVDNB_npp_d20250830_t1814301_e1815542_b71723_c20250830194159405000_oeac_ops.h5,GDNBO_npp_d20250830_t1814301_e1815542_b71723_c20250830193935163000_oeac_ops.h5,SVI04_npp_d20250830_t1814301_e1815542_b71723_c20250830194207485000_oeac_ops.dspace_rad,,eez_v11.shp,WPP_BFAR_merge.shp,vbd_mpa_r20170830.shp,VNF-VBD_npp_20120301-20151231_global_asia-enhanced_c201607211230.bitmask,vbd_landsea_r20220824.mask,timezone.shp,VBD_platforms-recurring_2015_r20170330.shp,999999,VBD_bridges_c20160811.shp,13.103016;11.269409;8.812280;3.958795;6.255141;8.201997,96.038063;110.048721;123.751022;122.491997;108.912346;95.112503,npp_d20250830_t1814301_e1815542_b71723;npp_d20250830_t1815555_e1817196_b71723;npp_d20250830_t1817209_e1818451_b71723;npp_d20250830_t1818463_e1820105_b71723,157.503,42.9942,51.074,97.7644,117.361,-114.69
81,VBD_npp_d20250830_t1815469_x1014804E_y078050N_l0702_s0912_v23,2025-08-30 20:43:22,7.804968,101.480392,1.07963,2025-08-30 18:15:46,2025-08-31 01:15:46,702,912,0.367136,7,18721,0.0588702,0.055,0.917888,0.4,0.737777,0.75,5.84993e-17,0.0001,5.26182e-12,999999,999999,3,,,,SVDNB_npp_d20250830_t1814301_e1815542_b71723_c20250830194159405000_oeac_ops.h5,GDNBO_npp_d20250830_t1814301_e1815542_b71723_c20250830193935163000_oeac_ops.h5,SVI04_npp_d20250830_t1814301_e1815542_b71723_c20250830194207485000_oeac_ops.dspace_rad,,eez_v11.shp,WPP_BFAR_merge.shp,vbd_mpa_r20170830.shp,VNF-VBD_npp_20120301-20151231_global_asia-enhanced_c201607211230.bitmask,vbd_landsea_r20220824.mask,timezone.shp,VBD_platforms-recurring_2015_r20170330.shp,0.568755,VBD_bridges_c20160811.shp,13.103016;11.269409;8.812280;3.958795;6.255141;8.201997,96.038063;110.048721;123.751022;122.491997;108.912346;95.112503,npp_d20250830_t1814301_e1815542_b71723;npp_d20250830_t1815555_e1817196_b71723;npp_d20250830_t1817209_e1818451_b71723;npp_d20250830_t1818463_e1820105_b71723,157.525,43.0313,51.075,97.56,117.346,-114.702
82,VBD_npp_d20250830_t1815540_x1014610E_y074485N_l0756_s0921_v23,2025-08-30 20:43:22,7.448462,101.461029,8.40258,2025-08-30 18:15:54,2025-08-31 01:15:54,756,921,0.183121,8,18785,0.412773,0.055,0.831405,0.4,0.825323,0.75,5.60603e-17,0.0001,4.8638e-12,999999,999999,3,Thailand Exclusive Economic Zone,,,SVDNB_npp_d20250830_t1814301_e1815542_b71723_c20250830194159405000_oeac_ops.h5,GDNBO_npp_d20250830_t1814301_e1815542_b71723_c20250830193935163000_oeac_ops.h5,SVI04_npp_d20250830_t1814301_e1815542_b71723_c20250830194207485000_oeac_ops.dspace_rad,,eez_v11.shp,WPP_BFAR_merge.shp,vbd_mpa_r20170830.shp,VNF-VBD_npp_20120301-20151231_global_asia-enhanced_c201607211230.bitmask,vbd_landsea_r20220824.mask,timezone.shp,VBD_platforms-recurring_2015_r20170330.shp,0.70047,VBD_bridges_c20160811.shp,13.103016;11.269409;8.812280;3.958795;6.255141;8.201997,96.038063;110.048721;123.751022;122.491997;108.912346;95.112503,npp_d20250830_t1814301_e1815542_b71723;npp_d20250830_t1815555_e1817196_b71723;npp_d20250830_t1817209_e1818451_b71723;npp_d20250830_t1818463_e1820105_b71723,157.778,43.6459,50.8207,98.1275,117.206,-114.864
83,VBD_npp_d20250830_t1815540_x1014647E_y074274N_l0759_s0922_v23,2025-08-30 20:43:22,7.427406,101.464668,26.4837,2025-08-30 18:15:54,2025-08-31 01:15:54,759,922,0.208016,8,18785,0.74311,0.055,0.832946,0.4,0.890076,0.75,5.57893e-17,0.0001,4.77023e-12,999999,999999,3,Thailand Exclusive Economic Zone,,,SVDNB_npp_d20250830_t1814301_e1815542_b71723_c20250830194159405000_oeac_ops.h5,GDNBO_npp_d20250830_t1814301_e1815542_b71723_c20250830193935163000_oeac_ops.h5,SVI04_npp_d20250830_t1814301_e1815542_b71723_c20250830194207485000_oeac_ops.dspace_rad,,eez_v11.shp,WPP_BFAR_merge.shp,vbd_mpa_r20170830.shp,VNF-VBD_npp_20120301-20151231_global_asia-enhanced_c201607211230.bitmask,vbd_landsea_r20220824.mask,timezone.shp,VBD_platforms-recurring_2015_r20170330.shp,0.308955,VBD_bridges_c20160811.shp,13.103016;11.269409;8.812280;3.958795;6.255141;8.201997,96.038063;110.048721;123.751022;122.491997;108.912346;95.112503,npp_d20250830_t1814301_e1815542_b71723;npp_d20250830_t1815555_e1817196_b71723;npp_d20250830_t1817209_e1818451_b71723;npp_d20250830_t1818463_e1820105_b71723,157.79,43.6884,50.7927,97.9745,117.2,-114.874
84,VBD_npp_d20250830_t1815486_x1016819E_y077255N_l0710_s0944_v23,2025-08-30 20:43:22,7.725461,101.681946,2.60614,2025-08-30 18:15:48,2025-08-31 01:15:48,710,944,0.343094,1,2401,0.213902,0.055,0.745101,0.4,0.952325,0.75,4.98275e-17,0.0001,4.25737e-12,999999,999999,3,Thailand Exclusive Economic Zone,,,SVDNB_npp_d20250830_t1814301_e1815542_b71723_c20250830194159405000_oeac_ops.h5,GDNBO_npp_d20250830_t1814301_e1815542_b71723_c20250830193935163000_oeac_ops.h5,SVI04_npp_d20250830_t1814301_e1815542_b71723_c20250830194207485000_oeac_ops.dspace_rad,,eez_v11.shp,WPP_BFAR_merge.shp,vbd_mpa_r20170830.shp,VNF-VBD_npp_20120301-20151231_global_asia-enhanced_c201607211230.bitmask,vbd_landsea_r20220824.mask,timezone.shp,VBD_platforms-recurring_2015_r20170330.shp,999999,VBD_bridges_c20160811.shp,13.103016;11.269409;8.812280;3.958795;6.255141;8.201997,96.038063;110.048721;123.751022;122.491997;108.912346;95.112503,npp_d20250830_t1814301_e1815542_b71723;npp_d20250830_t1815555_e1817196_b71723;npp_d20250830_t1817209_e1818451_b71723;npp_d20250830_t1818463_e1820105_b71723,157.441,43.5546,50.1361,98.0166,117.499,-114.754
85,VBD_npp_d20250830_t1815486_x1016985E_y076952N_l0714_s0947_v23,2025-08-30 20:43:22,7.695151,101.698471,1.48681,2025-08-30 18:15:48,2025-08-31 01:15:48,714,947,0.361802,8,18785,0.0999858,0.055,0.744614,0.4,0.791549,0.75,4.90145e-17,0.0001,4.09735e-12,999999,999999,3,Thailand Exclusive Economic Zone,,,SVDNB_npp_d20250830_t1814301_e1815542_b71723_c20250830194159405000_oeac_ops.h5,GDNBO_npp_d20250830_t1814301_e1815542_b71723_c20250830193935163000_oeac_ops.h5,SVI04_npp_d20250830_t1814301_e1815542_b71723_c20250830194207485000_oeac_ops.dspace_rad,,eez_v11.shp,WPP_BFAR_merge.shp,vbd_mpa_r20170830.shp,VNF-VBD_npp_20120301-20151231_global_asia-enhanced_c201607211230.bitmask,vbd_landsea_r20220824.mask,timezone.shp,VBD_platforms-recurring_2015_r20170330.shp,0.753617,VBD_bridges_c20160811.shp,13.103016;11.269409;8.812280;3.958795;6.255141;8.201997,96.038063;110.048721;123.751022;122.491997;108.912346;95.112503,npp_d20250830_t1814301_e1815542_b71723;npp_d20250830_t1815555_e1817196_b71723;npp_d20250830_t1817209_e1818451_b71723;npp_d20250830_t1818463_e1820105_b71723,157.452,43.6357,50.0463,97.8048,117.502,-114.769
86,VBD_npp_d20250830_t1815486_x1017180E_y077344N_l0708_s0949_v23,2025-08-30 20:43:22,7.734355,101.718002,2.47473,2025-08-30 18:15:48,2025-08-31 01:15:48,708,949,0.363722,1,2401,0.195685,0.055,0.757179,0.4,0.867222,0.75,4.84725e-17,0.0001,4.14295e-12,999999,999999,3,Thailand Exclusive Economic Zone,,,SVDNB_npp_d20250830_t1814301_e1815542_b71723_c20250830194159405000_oeac_ops.h5,GDNBO_npp_d20250830_t1814301_e1815542_b71723_c20250830193935163000_oeac_ops.h5,SVI04_npp_d20250830_t1814301_e1815542_b71723_c20250830194207485000_oeac_ops.dspace_rad,,eez_v11.shp,WPP_BFAR_merge.shp,vbd_mpa_r20170830.shp,VNF-VBD_npp_20120301-20151231_global_asia-enhanced_c201607211230.bitmask,vbd_landsea_r20220824.mask,timezone.shp,VBD_platforms-recurring_2015_r20170330.shp,999999,VBD_bridges_c20160811.shp,13.103016;11.269409;8.812280;3.958795;6.255141;8.201997,96.038063;110.048721;123.751022;122.491997;108.912346;95.112503,npp_d20250830_t1814301_e1815542_b71723;npp_d20250830_t1815555_e1817196_b71723;npp_d20250830_t1817209_e1818451_b71723;npp_d20250830_t1818463_e1820105_b71723,157.41,43.607,49.9855,98.1288,117.535,-114.752
87,VBD_npp_d20250830_t1815486_x1017940E_y076402N_l0720_s0962_v23,2025-08-30 20:43:22,7.640203,101.793953,6.29445,2025-08-30 18:15:48,2025-08-31 01:15:48,720,962,0.335554,8,18785,0.438779,0.055,0.826422,0.4,0.949403,0.75,4.49496e-17,0.0001,3.59989e-12,999999,999999,3,Thailand Exclusive Economic Zone,,,SVDNB_npp_d20250830_t1814301_e1815542_b71723_c20250830194159405000_oeac_ops.h5,GDNBO_npp_d20250830_t1814301_e1815542_b71723_c20250830193935163000_oeac_ops.h5,SVI04_npp_d20250830_t1814301_e1815542_b71723_c20250830194207485000_oeac_ops.dspace_rad,,eez_v11.shp,WPP_BFAR_merge.shp,vbd_mpa_r20170830.shp,VNF-VBD_npp_20120301-20151231_global_asia-enhanced_c201607211230.bitmask,vbd_landsea_r20220824.mask,timezone.shp,VBD_platforms-recurring_2015_r20170330.shp,0.392266,VBD_bridges_c20160811.shp,13.103016;11.269409;8.812280;3.958795;6.255141;8.201997,96.038063;110.048721;123.751022;122.491997;108.912346;95.112503,npp_d20250830_t1814301_e1815542_b71723;npp_d20250830_t1815555_e1817196_b71723;npp_d20250830_t1817209_e1818451_b71723;npp_d20250830_t1818463_e1820105_b71723,157.426,43.9044,49.5973,97.4931,117.564,-114.801
88,VBD_npp_d20250830_t1815486_x1018026E_y076529N_l0718_s0963_v23,2025-08-30 20:43:22,7.652896,101.802628,1.15868,2025-08-30 18:15:48,2025-08-31 01:15:48,718,963,0.329366,1,2401,0.0636503,0.055,0.802709,0.4,0.761408,0.75,4.46786e-17,0.0001,3.60497e-12,999999,999999,3,Thailand Exclusive Economic Zone,,,SVDNB_npp_d20250830_t1814301_e1815542_b71723_c20250830194159405000_oeac_ops.h5,GDNBO_npp_d20250830_t1814301_e1815542_b71723_c20250830193935163000_oeac_ops.h5,SVI04_npp_d20250830_t1814301_e1815542_b71723_c20250830194207485000_oeac_ops.dspace_rad,,eez_v11.shp,WPP_BFAR_merge.shp,vbd_mpa_r20170830.shp,VNF-VBD_npp_20120301-20151231_global_asia-enhanced_c201607211230.bitmask,vbd_landsea_r20220824.mask,timezone.shp,VBD_platforms-recurring_2015_r20170330.shp,999999,VBD_bridges_c20160811.shp,13.103016;11.269409;8.812280;3.958795;6.255141;8.201997,96.038063;110.048721;123.751022;122.491997;108.912346;95.112503,npp_d20250830_t1814301_e1815542_b71723;npp_d20250830_t1815555_e1817196_b71723;npp_d20250830_t1817209_e1818451_b71723;npp_d20250830_t1818463_e1820105_b71723,157.411,43.8993,49.5666,97.6019,117.577,-114.796
89,VBD_npp_d20250830_t1815504_x1017932E_y076372N_l0721_s0963_v23,2025-08-30 20:43:22,7.637182,101.793243,10.5274,2025-08-30 18:15:50,2025-08-31 01:15:50,721,963,0.331002,8,18785,0.589008,0.055,0.834562,0.4,0.966499,0.75,4.46786e-17,0.0001,3.75637e-12,999999,999999,3,Thailand Exclusive Economic Zone,,,SVDNB_npp_d20250830_t1814301_e1815542_b71723_c20250830194159405000_oeac_ops.h5,GDNBO_npp_d20250830_t1814301_e1815542_b71723_c20250830193935163000_oeac_ops.h5,SVI04_npp_d20250830_t1814301_e1815542_b71723_c20250830194207485000_oeac_ops.dspace_rad,,eez_v11.shp,WPP_BFAR_merge.shp,vbd_mpa_r20170830.shp,VNF-VBD_npp_20120301-20151231_global_asia-enhanced_c201607211230.bitmask,vbd_landsea_r20220824.mask,timezone.shp,VBD_platforms-recurring_2015_r20170330.shp,0.177319,VBD_bridges_c20160811.shp,13.103016;11.269409;8.812280;3.958795;6.255141;8.201997,96.038063;110.048721;123.751022;122.491997;108.912346;95.112503,npp_d20250830_t1814301_e1815542_b71723;npp_d20250830_t1815555_e1817196_b71723;npp_d20250830_t1817209_e1818451_b71723;npp_d20250830_t1818463_e1820105_b71723,157.424,43.9219,49.5655,98.3145,117.569,-114.803
90,VBD_npp_d20250830_t1815362_x1019992E_y084508N_l0595_s0968_v23,2025-08-30 20:43:22,8.450827,101.999214,1.27097,2025-08-30 18:15:36,2025-08-31 01:15:36,595,968,0.106655,8,18753,0.0777222,0.055,0.349712,0.4,0.756837,0.75,3.24073e-17,0.0001,3.98954e-12,999999,999999,3,Thailand Exclusive Economic Zone,,,SVDNB_npp_d20250830_t1814301_e1815542_b71723_c20250830194159405000_oeac_ops.h5,GDNBO_npp_d20250830_t1814301_e1815542_b71723_c20250830193935163000_oeac_ops.h5,SVI04_npp_d20250830_t1814301_e1815542_b71723_c20250830194207485000_oeac_ops.dspace_rad,,eez_v11.shp,WPP_BFAR_merge.shp,vbd_mpa_r20170830.shp,VNF-VBD_npp_20120301-20151231_global_asia-enhanced_c201607211230.bitmask,vbd_landsea_r20220824.mask,timezone.shp,VBD_platforms-recurring_2015_r20170330.shp,0.126207,VBD_bridges_c20160811.shp,13.103016;11.269409;8.812280;3.958795;6.255141;8.201997,96.038063;110.048721;123.751022;122.491997;108.912346;95.112503,npp_d20250830_t1814301_e1815542_b71723;npp_d20250830_t1815555_e1817196_b71723;npp_d20250830_t1817209_e1818451_b71723;npp_d20250830_t1818463_e1820105_b71723,156.733,42.8699,49.4201,98.1208,118.038,-114.436
91,VBD_npp_d20250830_t1815540_x1018136E_y073647N_l0761_s0974_v23,2025-08-30 20:43:22,7.364662,101.813606,2.98869,2025-08-30 18:15:54,2025-08-31 01:15:54,761,974,0.119885,8,18785,0.220887,0.055,0.709884,0.4,0.876227,0.75,4.16976e-17,0.0001,3.29613e-12,999999,999999,3,Thailand Exclusive Economic Zone,,,SVDNB_npp_d20250830_t1814301_e1815542_b71723_c20250830194159405000_oeac_ops.h5,GDNBO_npp_d20250830_t1814301_e1815542_b71723_c20250830193935163000_oeac_ops.h5,SVI04_npp_d20250830_t1814301_e1815542_b71723_c20250830194207485000_oeac_ops.dspace_rad,,eez_v11.shp,WPP_BFAR_merge.shp,vbd_mpa_r20170830.shp,VNF-VBD_npp_20120301-20151231_global_asia-enhanced_c201607211230.bitmask,vbd_landsea_r20220824.mask,timezone.shp,VBD_platforms-recurring_2015_r20170330.shp,0.2541,VBD_bridges_c20160811.shp,13.103016;11.269409;8.812280;3.958795;6.255141;8.201997,96.038063;110.048721;123.751022;122.491997;108.912346;95.112503,npp_d20250830_t1814301_e1815542_b71723;npp_d20250830_t1815555_e1817196_b71723;npp_d20250830_t1817209_e1818451_b71723;npp_d20250830_t1818463_e1820105_b71723,157.595,44.4456,49.2404,97.9137,117.486,-114.931
92,VBD_npp_d20250830_t1815540_x1018427E_y073330N_l0765_s0979_v23,2025-08-30 20:43:22,7.333014,101.842651,4.33161,2025-08-30 18:15:54,2025-08-31 01:15:54,765,979,0.108433,1,2401,0.294397,0.055,0.770805,0.4,0.864395,0.75,4.03427e-17,0.0001,3.13934e-12,999999,999999,3,Thailand Exclusive Economic Zone,,,SVDNB_npp_d20250830_t1814301_e1815542_b71723_c20250830194159405000_oeac_ops.h5,GDNBO_npp_d20250830_t1814301_e1815542_b71723_c20250830193935163000_oeac_ops.h5,SVI04_npp_d20250830_t1814301_e1815542_b71723_c20250830194207485000_oeac_ops.dspace_rad,,eez_v11.shp,WPP_BFAR_merge.shp,vbd_mpa_r20170830.shp,VNF-VBD_npp_20120301-20151231_global_asia-enhanced_c201607211230.bitmask,vbd_landsea_r20220824.mask,timezone.shp,VBD_platforms-recurring_2015_r20170330.shp,999999,VBD_bridges_c20160811.shp,13.103016;11.269409;8.812280;3.958795;6.255141;8.201997,96.038063;110.048721;123.751022;122.491997;108.912346;95.112503,npp_d20250830_t1814301_e1815542_b71723;npp_d20250830_t1815555_e1817196_b71723;npp_d20250830_t1817209_e1818451_b71723;npp_d20250830_t1818463_e1820105_b71723,157.597,44.553,49.0918,97.6998,117.498,-114.947
93,VBD_npp_d20250830_t1815486_x1019782E_y076562N_l0714_s0989_v23,2025-08-30 20:43:22,7.656151,101.978249,17.5953,2025-08-30 18:15:48,2025-08-31 01:15:48,714,989,0.260084,1,2401,0.750005,0.055,0.8803,0.4,0.960764,0.75,3.76327e-17,0.0001,3.08568e-12,999999,999999,3,Thailand Exclusive Economic Zone,,,SVDNB_npp_d20250830_t1814301_e1815542_b71723_c20250830194159405000_oeac_ops.h5,GDNBO_npp_d20250830_t1814301_e1815542_b71723_c20250830193935163000_oeac_ops.h5,SVI04_npp_d20250830_t1814301_e1815542_b71723_c20250830194207485000_oeac_ops.dspace_rad,,eez_v11.shp,WPP_BFAR_merge.shp,vbd_mpa_r20170830.shp,VNF-VBD_npp_20120301-20151231_global_asia-enhanced_c201607211230.bitmask,vbd_landsea_r20220824.mask,timezone.shp,VBD_platforms-recurring_2015_r20170330.shp,999999,VBD_bridges_c20160811.shp,13.103016;11.269409;8.812280;3.958795;6.255141;8.201997,96.038063;110.048721;123.751022;122.491997;108.912346;95.112503,npp_d20250830_t1814301_e1815542_b71723;npp_d20250830_t1815555_e1817196_b71723;npp_d20250830_t1817209_e1818451_b71723;npp_d20250830_t1818463_e1820105_b71723,157.288,44.217,48.7881,97.8391,117.735,-114.808
94,VBD_npp_d20250830_t1815397_x1022269E_y081775N_l0631_s1010_v23,2025-08-30 20:43:22,8.177455,102.226929,3.00242,2025-08-30 18:15:39,2025-08-31 01:15:39,631,1010,0.24159,1,2401,0.226441,0.055,0.645021,0.4,0.797787,0.75,2.93556e-17,0.0001,2.89867e-12,999999,999999,3,Thailand Exclusive Economic Zone,,,SVDNB_npp_d20250830_t1814301_e1815542_b71723_c20250830194159405000_oeac_ops.h5,GDNBO_npp_d20250830_t1814301_e1815542_b71723_c20250830193935163000_oeac_ops.h5,SVI04_npp_d20250830_t1814301_e1815542_b71723_c20250830194207485000_oeac_ops.dspace_rad,,eez_v11.shp,WPP_BFAR_merge.shp,vbd_mpa_r20170830.shp,VNF-VBD_npp_20120301-20151231_global_asia-enhanced_c201607211230.bitmask,vbd_landsea_r20220824.mask,timezone.shp,VBD_platforms-recurring_2015_r20170330.shp,999999,VBD_bridges_c20160811.shp,13.103016;11.269409;8.812280;3.958795;6.255141;8.201997,96.038063;110.048721;123.751022;122.491997;108.912346;95.112503,npp_d20250830_t1814301_e1815542_b71723;npp_d20250830_t1815555_e1817196_b71723;npp_d20250830_t1817209_e1818451_b71723;npp_d20250830_t1818463_e1820105_b71723,156.767,43.7479,48.1615,97.9684,118.142,-114.581
95,VBD_npp_d20250830_t1815415_x1022949E_y081028N_l0641_s1022_v23,2025-08-30 20:43:22,8.102774,102.294907,10.5044,2025-08-30 18:15:41,2025-08-31 01:15:41,641,1022,0.207305,1,35169,0.532696,0.055,0.806455,0.4,0.890873,0.75,2.87601e-17,0.0001,2.70887e-12,999999,999999,3,Thailand Exclusive Economic Zone,,,SVDNB_npp_d20250830_t1814301_e1815542_b71723_c20250830194159405000_oeac_ops.h5,GDNBO_npp_d20250830_t1814301_e1815542_b71723_c20250830193935163000_oeac_ops.h5,SVI04_npp_d20250830_t1814301_e1815542_b71723_c20250830194207485000_oeac_ops.dspace_rad,,eez_v11.shp,WPP_BFAR_merge.shp,vbd_mpa_r20170830.shp,VNF-VBD_npp_20120301-20151231_global_asia-enhanced_c201607211230.bitmask,vbd_landsea_r20220824.mask,timezone.shp,VBD_platforms-recurring_2015_r20170330.shp,999999,VBD_bridges_c20160811.shp,13.103016;11.269409;8.812280;3.958795;6.255141;8.201997,96.038063;110.048721;123.751022;122.491997;108.912346;95.112503,npp_d20250830_t1814301_e1815542_b71723;npp_d20250830_t1815555_e1817196_b71723;npp_d20250830_t1817209_e1818451_b71723;npp_d20250830_t1818463_e1820105_b71723,156.769,44.0045,47.7683,98.3373,118.178,-114.621
96,VBD_npp_d20250830_t1815380_x1023524E_y082603N_l0616_s1025_v23,2025-08-30 20:43:22,8.260270,102.352364,1.74318,2025-08-30 18:15:38,2025-08-31 01:15:38,616,1025,0.337261,1,2401,0.125601,0.055,0.522341,0.4,0.859192,0.75,2.5785e-17,0.0001,2.63917e-12,999999,999999,3,Thailand Exclusive Economic Zone,,,SVDNB_npp_d20250830_t1814301_e1815542_b71723_c20250830194159405000_oeac_ops.h5,GDNBO_npp_d20250830_t1814301_e1815542_b71723_c20250830193935163000_oeac_ops.h5,SVI04_npp_d20250830_t1814301_e1815542_b71723_c20250830194207485000_oeac_ops.dspace_rad,,eez_v11.shp,WPP_BFAR_merge.shp,vbd_mpa_r20170830.shp,VNF-VBD_npp_20120301-20151231_global_asia-enhanced_c201607211230.bitmask,vbd_landsea_r20220824.mask,timezone.shp,VBD_platforms-recurring_2015_r20170330.shp,999999,VBD_bridges_c20160811.shp,13.103016;11.269409;8.812280;3.958795;6.255141;8.201997,96.038063;110.048721;123.751022;122.491997;108.912346;95.112503,npp_d20250830_t1814301_e1815542_b71723;npp_d20250830_t1815555_e1817196_b71723;npp_d20250830_t1817209_e1818451_b71723;npp_d20250830_t1818463_e1820105_b71723,156.626,43.8275,47.6727,97.9173,118.281,-114.55
97,VBD_npp_d20250830_t1815415_x1023127E_y080306N_l0651_s1026_v23,2025-08-30 20:43:22,8.030571,102.312653,14.6749,2025-08-30 18:15:41,2025-08-31 01:15:41,651,1026,0.0587125,4,100709,0.509807,0.055,0.715992,0.4,0.851047,0.75,2.92116e-17,0.0001,2.53247e-12,999999,999999,3,Thailand Exclusive Economic Zone,,,SVDNB_npp_d20250830_t1814301_e1815542_b71723_c20250830194159405000_oeac_ops.h5,GDNBO_npp_d20250830_t1814301_e1815542_b71723_c20250830193935163000_oeac_ops.h5,SVI04_npp_d20250830_t1814301_e1815542_b71723_c20250830194207485000_oeac_ops.dspace_rad,,eez_v11.shp,WPP_BFAR_merge.shp,vbd_mpa_r20170830.shp,VNF-VBD_npp_20120301-20151231_global_asia-enhanced_c201607211230.bitmask,vbd_landsea_r20220824.mask,timezone.shp,VBD_platforms-recurring_2015_r20170330.shp,999999,VBD_bridges_c20160811.shp,13.103016;11.269409;8.812280;3.958795;6.255141;8.201997,96.038063;110.048721;123.751022;122.491997;108.912346;95.112503,npp_d20250830_t1814301_e1815542_b71723;npp_d20250830_t1815555_e1817196_b71723;npp_d20250830_t1817209_e1818451_b71723;npp_d20250830_t1818463_e1820105_b71723,156.809,44.1535,47.6389,97.766,118.164,-114.657
98,VBD_npp_d20250830_t1815469_x1022539E_y077241N_l0698_s1027_v23,2025-08-30 20:43:22,7.724119,102.253914,4.30685,2025-08-30 18:15:46,2025-08-31 01:15:46,698,1027,0.127141,1,2401,0.319832,0.055,0.735155,0.4,0.918055,0.75,3.12889e-17,0.0001,2.44544e-12,999999,999999,3,Thailand Exclusive Economic Zone,,,SVDNB_npp_d20250830_t1814301_e1815542_b71723_c20250830194159405000_oeac_ops.h5,GDNBO_npp_d20250830_t1814301_e1815542_b71723_c20250830193935163000_oeac_ops.h5,SVI04_npp_d20250830_t1814301_e1815542_b71723_c20250830194207485000_oeac_ops.dspace_rad,,eez_v11.shp,WPP_BFAR_merge.shp,vbd_mpa_r20170830.shp,VNF-VBD_npp_20120301-20151231_global_asia-enhanced_c201607211230.bitmask,vbd_landsea_r20220824.mask,timezone.shp,VBD_platforms-recurring_2015_r20170330.shp,999999,VBD_bridges_c20160811.shp,13.103016;11.269409;8.812280;3.958795;6.255141;8.201997,96.038063;110.048721;123.751022;122.491997;108.912346;95.112503,npp_d20250830_t1814301_e1815542_b71723;npp_d20250830_t1815555_e1817196_b71723;npp_d20250830_t1817209_e1818451_b71723;npp_d20250830_t1818463_e1820105_b71723,157.053,44.591,47.6079,97.8546,118.003,-114.798
99,VBD_npp_d20250830_t1815433_x1023203E_y079847N_l0658_s1029_v23,2025-08-30 20:43:22,7.984736,102.320274,1.54348,2025-08-30 18:15:43,2025-08-31 01:15:43,658,1029,0.133613,7,100641,0.0607323,0.055,0.653847,0.4,0.58022,0.75,2.94736e-17,0.0001,2.54739e-12,999999,999999,3,,,,SVDNB_npp_d20250830_t1814301_e1815542_b71723_c20250830194159405000_oeac_ops.h5,GDNBO_npp_d20250830_t1814301_e1815542_b71723_c20250830193935163000_oeac_ops.h5,SVI04_npp_d20250830_t1814301_e1815542_b71723_c20250830194207485000_oeac_ops.dspace_rad,,eez_v11.shp,WPP_BFAR_merge.shp,vbd_mpa_r20170830.shp,VNF-VBD_npp_20120301-20151231_global_asia-enhanced_c201607211230.bitmask,vbd_landsea_r20220824.mask,timezone.shp,VBD_platforms-recurring_2015_r20170330.shp,999999,VBD_bridges_c20160811.shp,13.103016;11.269409;8.812280;3.958795;6.255141;8.201997,96.038063;110.048721;123.751022;122.491997;108.912346;95.112503,npp_d20250830_t1814301_e1815542_b71723;npp_d20250830_t1815555_e1817196_b71723;npp_d20250830_t1817209_e1818451_b71723;npp_d20250830_t1818463_e1820105_b71723,156.831,44.2552,47.5396,98.2967,118.158,-114.679
100,VBD_npp_d20250830_t1815540_x1022080E_y073158N_l0760_s1033_v23,2025-08-30 20:43:22,7.315800,102.208031,38.1589,2025-08-30 18:15:54,2025-08-31 01:15:54,760,1033,0.28498,1,2401,0.981628,0.055,0.891572,0.4,0.967102,0.75,3.03451e-17,0.0001,2.27349e-12,999999,999999,3,Thailand Exclusive Economic Zone,,,SVDNB_npp_d20250830_t1814301_e1815542_b71723_c20250830194159405000_oeac_ops.h5,GDNBO_npp_d20250830_t1814301_e1815542_b71723_c20250830193935163000_oeac_ops.h5,SVI04_npp_d20250830_t1814301_e1815542_b71723_c20250830194207485000_oeac_ops.dspace_rad,,eez_v11.shp,WPP_BFAR_merge.shp,vbd_mpa_r20170830.shp,VNF-VBD_npp_20120301-20151231_global_asia-enhanced_c201607211230.bitmask,vbd_landsea_r20220824.mask,timezone.shp,VBD_platforms-recurring_2015_r20170330.shp,999999,VBD_bridges_c20160811.shp,13.103016;11.269409;8.812280;3.958795;6.255141;8.201997,96.038063;110.048721;123.751022;122.491997;108.912346;95.112503,npp_d20250830_t1814301_e1815542_b71723;npp_d20250830_t1815555_e1817196_b71723;npp_d20250830_t1817209_e1818451_b71723;npp_d20250830_t1818463_e1820105_b71723,157.354,45.2478,47.4148,98.0176,117.817,-114.986
101,VBD_npp_d20250830_t1815540_x1022266E_y073478N_l0755_s1035_v23,2025-08-30 20:43:22,7.347829,102.226578,6.70295,2025-08-30 18:15:54,2025-08-31 01:15:54,755,1035,0.204602,1,2401,0.432189,0.055,0.873932,0.4,0.91959,0.75,3.00304e-17,0.0001,2.29023e-12,999999,999999,3,Thailand Exclusive Economic Zone,,,SVDNB_npp_d20250830_t1814301_e1815542_b71723_c20250830194159405000_oeac_ops.h5,GDNBO_npp_d20250830_t1814301_e1815542_b71723_c20250830193935163000_oeac_ops.h5,SVI04_npp_d20250830_t1814301_e1815542_b71723_c20250830194207485000_oeac_ops.dspace_rad,,eez_v11.shp,WPP_BFAR_merge.shp,vbd_mpa_r20170830.shp,VNF-VBD_npp_20120301-20151231_global_asia-enhanced_c201607211230.bitmask,vbd_landsea_r20220824.mask,timezone.shp,VBD_platforms-recurring_2015_r20170330.shp,999999,VBD_bridges_c20160811.shp,13.103016;11.269409;8.812280;3.958795;6.255141;8.201997,96.038063;110.048721;123.751022;122.491997;108.912346;95.112503,npp_d20250830_t1814301_e1815542_b71723;npp_d20250830_t1815555_e1817196_b71723;npp_d20250830_t1817209_e1818451_b71723;npp_d20250830_t1818463_e1820105_b71723,157.318,45.2268,47.3497,98.3086,117.847,-114.973
102,VBD_npp_d20250830_t1815433_x1023679E_y078809N_l0672_s1038_v23,2025-08-30 20:43:22,7.880945,102.367935,8.54367,2025-08-30 18:15:43,2025-08-31 01:15:43,672,1038,0.226013,1,2401,0.51269,0.055,0.845775,0.4,0.945168,0.75,2.9463e-17,0.0001,2.27314e-12,999999,999999,3,Thailand Exclusive Economic Zone,,,SVDNB_npp_d20250830_t1814301_e1815542_b71723_c20250830194159405000_oeac_ops.h5,GDNBO_npp_d20250830_t1814301_e1815542_b71723_c20250830193935163000_oeac_ops.h5,SVI04_npp_d20250830_t1814301_e1815542_b71723_c20250830194207485000_oeac_ops.dspace_rad,,eez_v11.shp,WPP_BFAR_merge.shp,vbd_mpa_r20170830.shp,VNF-VBD_npp_20120301-20151231_global_asia-enhanced_c201607211230.bitmask,vbd_landsea_r20220824.mask,timezone.shp,VBD_platforms-recurring_2015_r20170330.shp,999999,VBD_bridges_c20160811.shp,13.103016;11.269409;8.812280;3.958795;6.255141;8.201997,96.038063;110.048721;123.751022;122.491997;108.912346;95.112503,npp_d20250830_t1814301_e1815542_b71723;npp_d20250830_t1815555_e1817196_b71723;npp_d20250830_t1817209_e1818451_b71723;npp_d20250830_t1818463_e1820105_b71723,156.872,44.5105,47.25,97.4951,118.158,-114.732
103,VBD_npp_d20250830_t1815504_x1023074E_y074677N_l0735_s1042_v23,2025-08-30 20:43:22,7.467744,102.307381,4.65126,2025-08-30 18:15:50,2025-08-31 01:15:50,735,1042,0.181413,1,2401,0.3458,0.055,0.807962,0.4,0.921339,0.75,2.89293e-17,0.0001,2.13503e-12,999999,999999,3,Thailand Exclusive Economic Zone,,,SVDNB_npp_d20250830_t1814301_e1815542_b71723_c20250830194159405000_oeac_ops.h5,GDNBO_npp_d20250830_t1814301_e1815542_b71723_c20250830193935163000_oeac_ops.h5,SVI04_npp_d20250830_t1814301_e1815542_b71723_c20250830194207485000_oeac_ops.dspace_rad,,eez_v11.shp,WPP_BFAR_merge.shp,vbd_mpa_r20170830.shp,VNF-VBD_npp_20120301-20151231_global_asia-enhanced_c201607211230.bitmask,vbd_landsea_r20220824.mask,timezone.shp,VBD_platforms-recurring_2015_r20170330.shp,999999,VBD_bridges_c20160811.shp,13.103016;11.269409;8.812280;3.958795;6.255141;8.201997,96.038063;110.048721;123.751022;122.491997;108.912346;95.112503,npp_d20250830_t1814301_e1815542_b71723;npp_d20250830_t1815555_e1817196_b71723;npp_d20250830_t1817209_e1818451_b71723;npp_d20250830_t1818463_e1820105_b71723,157.187,45.1423,47.1208,97.5977,117.957,-114.923
104,VBD_npp_d20250830_t1815522_x1023366E_y074394N_l0739_s1048_v23,2025-08-30 20:43:22,7.439382,102.336617,3.85569,2025-08-30 18:15:52,2025-08-31 01:15:52,739,1048,0.175367,1,2401,0.281929,0.055,0.768148,0.4,0.939614,0.75,2.79854e-17,0.0001,2.13709e-12,999999,999999,3,Thailand Exclusive Economic Zone,,,SVDNB_npp_d20250830_t1814301_e1815542_b71723_c20250830194159405000_oeac_ops.h5,GDNBO_npp_d20250830_t1814301_e1815542_b71723_c20250830193935163000_oeac_ops.h5,SVI04_npp_d20250830_t1814301_e1815542_b71723_c20250830194207485000_oeac_ops.dspace_rad,,eez_v11.shp,WPP_BFAR_merge.shp,vbd_mpa_r20170830.shp,VNF-VBD_npp_20120301-20151231_global_asia-enhanced_c201607211230.bitmask,vbd_landsea_r20220824.mask,timezone.shp,VBD_platforms-recurring_2015_r20170330.shp,999999,VBD_bridges_c20160811.shp,13.103016;11.269409;8.812280;3.958795;6.255141;8.201997,96.038063;110.048721;123.751022;122.491997;108.912346;95.112503,npp_d20250830_t1814301_e1815542_b71723;npp_d20250830_t1815555_e1817196_b71723;npp_d20250830_t1817209_e1818451_b71723;npp_d20250830_t1818463_e1820105_b71723,157.181,45.2558,46.9286,98.3126,117.978,-114.939
105,VBD_npp_d20250830_t1815380_x1025264E_y082634N_l0612_s1050_v23,2025-08-30 20:43:22,8.263389,102.526367,64.2793,2025-08-30 18:15:38,2025-08-31 01:15:38,612,1050,0.387551,4,35173,1.15103,0.055,0.886783,0.4,0.95382,0.75,2.22191e-17,0.0001,2.28528e-12,999999,999999,3,Thailand Exclusive Economic Zone,,,SVDNB_npp_d20250830_t1814301_e1815542_b71723_c20250830194159405000_oeac_ops.h5,GDNBO_npp_d20250830_t1814301_e1815542_b71723_c20250830193935163000_oeac_ops.h5,SVI04_npp_d20250830_t1814301_e1815542_b71723_c20250830194207485000_oeac_ops.dspace_rad,,eez_v11.shp,WPP_BFAR_merge.shp,vbd_mpa_r20170830.shp,VNF-VBD_npp_20120301-20151231_global_asia-enhanced_c201607211230.bitmask,vbd_landsea_r20220824.mask,timezone.shp,VBD_platforms-recurring_2015_r20170330.shp,999999,VBD_bridges_c20160811.shp,13.103016;11.269409;8.812280;3.958795;6.255141;8.201997,96.038063;110.048721;123.751022;122.491997;108.912346;95.112503,npp_d20250830_t1814301_e1815542_b71723;npp_d20250830_t1815555_e1817196_b71723;npp_d20250830_t1817209_e1818451_b71723;npp_d20250830_t1818463_e1820105_b71723,156.505,44.1333,46.8619,98.1744,118.438,-114.561
106,VBD_npp_d20250830_t1815380_x1025233E_y081950N_l0622_s1051_v23,2025-08-30 20:43:22,8.195024,102.523308,3.39022,2025-08-30 18:15:38,2025-08-31 01:15:38,622,1051,0.362869,8,18721,0.262591,0.055,0.799162,0.4,0.685454,0.75,2.29814e-17,0.0001,2.18205e-12,999999,999999,3,Thailand Exclusive Economic Zone,,,SVDNB_npp_d20250830_t1814301_e1815542_b71723_c20250830194159405000_oeac_ops.h5,GDNBO_npp_d20250830_t1814301_e1815542_b71723_c20250830193935163000_oeac_ops.h5,SVI04_npp_d20250830_t1814301_e1815542_b71723_c20250830194207485000_oeac_ops.dspace_rad,,eez_v11.shp,WPP_BFAR_merge.shp,vbd_mpa_r20170830.shp,VNF-VBD_npp_20120301-20151231_global_asia-enhanced_c201607211230.bitmask,vbd_landsea_r20220824.mask,timezone.shp,VBD_platforms-recurring_2015_r20170330.shp,0.417284,VBD_bridges_c20160811.shp,13.103016;11.269409;8.812280;3.958795;6.255141;8.201997,96.038063;110.048721;123.751022;122.491997;108.912346;95.112503,npp_d20250830_t1814301_e1815542_b71723;npp_d20250830_t1815555_e1817196_b71723;npp_d20250830_t1817209_e1818451_b71723;npp_d20250830_t1818463_e1820105_b71723,156.556,44.2376,46.8314,97.5917,118.407,-114.593
107,VBD_npp_d20250830_t1815380_x1025598E_y082586N_l0612_s1055_v23,2025-08-30 20:43:22,8.258621,102.559807,2.34697,2025-08-30 18:15:38,2025-08-31 01:15:38,612,1055,0.355115,7,35105,0.127391,0.055,0.841108,0.4,0.631141,0.75,2.15876e-17,0.0001,2.21584e-12,999999,999999,3,,,,SVDNB_npp_d20250830_t1814301_e1815542_b71723_c20250830194159405000_oeac_ops.h5,GDNBO_npp_d20250830_t1814301_e1815542_b71723_c20250830193935163000_oeac_ops.h5,SVI04_npp_d20250830_t1814301_e1815542_b71723_c20250830194207485000_oeac_ops.dspace_rad,,eez_v11.shp,WPP_BFAR_merge.shp,vbd_mpa_r20170830.shp,VNF-VBD_npp_20120301-20151231_global_asia-enhanced_c201607211230.bitmask,vbd_landsea_r20220824.mask,timezone.shp,VBD_platforms-recurring_2015_r20170330.shp,999999,VBD_bridges_c20160811.shp,13.103016;11.269409;8.812280;3.958795;6.255141;8.201997,96.038063;110.048721;123.751022;122.491997;108.912346;95.112503,npp_d20250830_t1814301_e1815542_b71723;npp_d20250830_t1815555_e1817196_b71723;npp_d20250830_t1817209_e1818451_b71723;npp_d20250830_t1818463_e1820105_b71723,156.485,44.2003,46.7004,98.1797,118.466,-114.566
108,VBD_npp_d20250830_t1815344_x1026446E_y084132N_l0587_s1062_v23,2025-08-30 20:43:22,8.413198,102.644577,8.87013,2025-08-30 18:15:34,2025-08-31 01:15:34,587,1062,0.382074,1,2401,0.550518,0.055,0.873548,0.4,0.972032,0.75,1.86217e-17,0.0001,2.10584e-12,999999,999999,3,Vietnamese Exclusive Economic Zone,,,SVDNB_npp_d20250830_t1814301_e1815542_b71723_c20250830194159405000_oeac_ops.h5,GDNBO_npp_d20250830_t1814301_e1815542_b71723_c20250830193935163000_oeac_ops.h5,SVI04_npp_d20250830_t1814301_e1815542_b71723_c20250830194207485000_oeac_ops.dspace_rad,,eez_v11.shp,WPP_BFAR_merge.shp,vbd_mpa_r20170830.shp,VNF-VBD_npp_20120301-20151231_global_asia-enhanced_c201607211230.bitmask,vbd_landsea_r20220824.mask,timezone.shp,VBD_platforms-recurring_2015_r20170330.shp,999999,VBD_bridges_c20160811.shp,13.103016;11.269409;8.812280;3.958795;6.255141;8.201997,96.038063;110.048721;123.751022;122.491997;108.912346;95.112503,npp_d20250830_t1814301_e1815542_b71723;npp_d20250830_t1815555_e1817196_b71723;npp_d20250830_t1817209_e1818451_b71723;npp_d20250830_t1818463_e1820105_b71723,156.326,44.0777,46.4711,97.7564,118.593,-114.496
109,VBD_npp_d20250830_t1815024_x1031612E_y102986N_l0295_s1079_v23,2025-08-30 20:43:22,10.298639,103.161217,1.24704,2025-08-30 18:15:02,2025-08-31 01:15:02,295,1079,0.396585,1,2401,0.0897478,0.055,0.743374,0.4,0.833315,0.75,6.83527e-18,0.0001,2.29506e-12,999999,999999,3,Cambodian Exclusive Economic Zone,,,SVDNB_npp_d20250830_t1814301_e1815542_b71723_c20250830194159405000_oeac_ops.h5,GDNBO_npp_d20250830_t1814301_e1815542_b71723_c20250830193935163000_oeac_ops.h5,SVI04_npp_d20250830_t1814301_e1815542_b71723_c20250830194207485000_oeac_ops.dspace_rad,,eez_v11.shp,WPP_BFAR_merge.shp,vbd_mpa_r20170830.shp,VNF-VBD_npp_20120301-20151231_global_asia-enhanced_c201607211230.bitmask,vbd_landsea_r20220824.mask,timezone.shp,VBD_platforms-recurring_2015_r20170330.shp,999999,VBD_bridges_c20160811.shp,13.103016;11.269409;8.812280;3.958795;6.255141;8.201997,96.038063;110.048721;123.751022;122.491997;108.912346;95.112503,npp_d20250830_t1814301_e1815542_b71723;npp_d20250830_t1815555_e1817196_b71723;npp_d20250830_t1817209_e1818451_b71723;npp_d20250830_t1818463_e1820105_b71723,154.689,41.924,45.894,97.8393,119.702,-113.587
110,VBD_npp_d20250830_t1815237_x1028995E_y090625N_l0485_s1079_v23,2025-08-30 20:43:22,9.062485,102.899529,19.6031,2025-08-30 18:15:23,2025-08-31 01:15:23,485,1079,0.367563,1,2401,0.811287,0.055,0.910437,0.4,0.97626,0.75,1.12689e-17,0.0001,2.05907e-12,999999,999999,3,Vietnamese Exclusive Economic Zone,,,SVDNB_npp_d20250830_t1814301_e1815542_b71723_c20250830194159405000_oeac_ops.h5,GDNBO_npp_d20250830_t1814301_e1815542_b71723_c20250830193935163000_oeac_ops.h5,SVI04_npp_d20250830_t1814301_e1815542_b71723_c20250830194207485000_oeac_ops.dspace_rad,,eez_v11.shp,WPP_BFAR_merge.shp,vbd_mpa_r20170830.shp,VNF-VBD_npp_20120301-20151231_global_asia-enhanced_c201607211230.bitmask,vbd_landsea_r20220824.mask,timezone.shp,VBD_platforms-recurring_2015_r20170330.shp,999999,VBD_bridges_c20160811.shp,13.103016;11.269409;8.812280;3.958795;6.255141;8.201997,96.038063;110.048721;123.751022;122.491997;108.912346;95.112503,npp_d20250830_t1814301_e1815542_b71723;npp_d20250830_t1815555_e1817196_b71723;npp_d20250830_t1817209_e1818451_b71723;npp_d20250830_t1818463_e1820105_b71723,155.713,43.4379,45.8975,98.0757,119.048,-114.195
111,VBD_npp_d20250830_t1815024_x1031731E_y102830N_l0297_s1081_v23,2025-08-30 20:43:22,10.283019,103.173119,3.24613,2025-08-30 18:15:02,2025-08-31 01:15:02,297,1081,0.392388,8,18785,0.254837,0.055,0.743374,0.4,0.934866,0.75,6.80084e-18,0.0001,2.24579e-12,999999,999999,3,Cambodian Exclusive Economic Zone,,,SVDNB_npp_d20250830_t1814301_e1815542_b71723_c20250830194159405000_oeac_ops.h5,GDNBO_npp_d20250830_t1814301_e1815542_b71723_c20250830193935163000_oeac_ops.h5,SVI04_npp_d20250830_t1814301_e1815542_b71723_c20250830194207485000_oeac_ops.dspace_rad,,eez_v11.shp,WPP_BFAR_merge.shp,vbd_mpa_r20170830.shp,VNF-VBD_npp_20120301-20151231_global_asia-enhanced_c201607211230.bitmask,vbd_landsea_r20220824.mask,timezone.shp,VBD_platforms-recurring_2015_r20170330.shp,0.926102,VBD_bridges_c20160811.shp,13.103016;11.269409;8.812280;3.958795;6.255141;8.201997,96.038063;110.048721;123.751022;122.491997;108.912346;95.112503,npp_d20250830_t1814301_e1815542_b71723;npp_d20250830_t1815555_e1817196_b71723;npp_d20250830_t1817209_e1818451_b71723;npp_d20250830_t1818463_e1820105_b71723,154.692,41.9666,45.8262,97.7192,119.706,-113.595
112,VBD_npp_d20250830_t1815024_x1031820E_y102958N_l0295_s1082_v23,2025-08-30 20:43:22,10.295786,103.181984,1.24034,2025-08-30 18:15:02,2025-08-31 01:15:02,295,1082,0.397438,1,2401,0.085053,0.055,0.743374,0.4,0.758083,0.75,6.69537e-18,0.0001,2.25045e-12,999999,999999,3,Cambodian Exclusive Economic Zone,,,SVDNB_npp_d20250830_t1814301_e1815542_b71723_c20250830194159405000_oeac_ops.h5,GDNBO_npp_d20250830_t1814301_e1815542_b71723_c20250830193935163000_oeac_ops.h5,SVI04_npp_d20250830_t1814301_e1815542_b71723_c20250830194207485000_oeac_ops.dspace_rad,,eez_v11.shp,WPP_BFAR_merge.shp,vbd_mpa_r20170830.shp,VNF-VBD_npp_20120301-20151231_global_asia-enhanced_c201607211230.bitmask,vbd_landsea_r20220824.mask,timezone.shp,VBD_platforms-recurring_2015_r20170330.shp,999999,VBD_bridges_c20160811.shp,13.103016;11.269409;8.812280;3.958795;6.255141;8.201997,96.038063;110.048721;123.751022;122.491997;108.912346;95.112503,npp_d20250830_t1814301_e1815542_b71723;npp_d20250830_t1815555_e1817196_b71723;npp_d20250830_t1817209_e1818451_b71723;npp_d20250830_t1818463_e1820105_b71723,154.677,41.9639,45.7918,97.843,119.719,-113.589
113,VBD_npp_d20250830_t1815344_x1027776E_y083592N_l0592_s1082_v23,2025-08-30 20:43:22,8.359198,102.777565,5.76763,2025-08-30 18:15:34,2025-08-31 01:15:34,592,1082,0.383852,1,2401,0.409404,0.055,0.846717,0.4,0.928376,0.75,1.67154e-17,0.0001,1.82298e-12,999999,999999,3,Vietnamese Exclusive Economic Zone,,,SVDNB_npp_d20250830_t1814301_e1815542_b71723_c20250830194159405000_oeac_ops.h5,GDNBO_npp_d20250830_t1814301_e1815542_b71723_c20250830193935163000_oeac_ops.h5,SVI04_npp_d20250830_t1814301_e1815542_b71723_c20250830194207485000_oeac_ops.dspace_rad,,eez_v11.shp,WPP_BFAR_merge.shp,vbd_mpa_r20170830.shp,VNF-VBD_npp_20120301-20151231_global_asia-enhanced_c201607211230.bitmask,vbd_landsea_r20220824.mask,timezone.shp,VBD_platforms-recurring_2015_r20170330.shp,999999,VBD_bridges_c20160811.shp,13.103016;11.269409;8.812280;3.958795;6.255141;8.201997,96.038063;110.048721;123.751022;122.491997;108.912346;95.112503,npp_d20250830_t1814301_e1815542_b71723;npp_d20250830_t1815555_e1817196_b71723;npp_d20250830_t1817209_e1818451_b71723;npp_d20250830_t1818463_e1820105_b71723,156.273,44.3977,45.7954,97.4626,118.689,-114.532
114,VBD_npp_d20250830_t1815362_x1027759E_y083568N_l0593_s1083_v23,2025-08-30 20:43:22,8.356772,102.775856,14.8762,2025-08-30 18:15:36,2025-08-31 01:15:36,593,1083,0.38748,1,2401,0.689498,0.055,0.859975,0.4,0.959808,0.75,1.66718e-17,0.0001,1.90797e-12,999999,999999,3,Vietnamese Exclusive Economic Zone,,,SVDNB_npp_d20250830_t1814301_e1815542_b71723_c20250830194159405000_oeac_ops.h5,GDNBO_npp_d20250830_t1814301_e1815542_b71723_c20250830193935163000_oeac_ops.h5,SVI04_npp_d20250830_t1814301_e1815542_b71723_c20250830194207485000_oeac_ops.dspace_rad,,eez_v11.shp,WPP_BFAR_merge.shp,vbd_mpa_r20170830.shp,VNF-VBD_npp_20120301-20151231_global_asia-enhanced_c201607211230.bitmask,vbd_landsea_r20220824.mask,timezone.shp,VBD_platforms-recurring_2015_r20170330.shp,999999,VBD_bridges_c20160811.shp,13.103016;11.269409;8.812280;3.958795;6.255141;8.201997,96.038063;110.048721;123.751022;122.491997;108.912346;95.112503,npp_d20250830_t1814301_e1815542_b71723;npp_d20250830_t1815555_e1817196_b71723;npp_d20250830_t1817209_e1818451_b71723;npp_d20250830_t1818463_e1820105_b71723,156.271,44.4115,45.7656,98.3906,118.693,-114.533
115,VBD_npp_d20250830_t1815237_x1029281E_y090165N_l0491_s1084_v23,2025-08-30 20:43:22,9.016542,102.928055,13.9808,2025-08-30 18:15:23,2025-08-31 01:15:23,491,1084,0.353195,1,2401,0.670505,0.055,0.896447,0.4,0.961678,0.75,1.118e-17,0.0001,1.94719e-12,999999,999999,3,Vietnamese Exclusive Economic Zone,,,SVDNB_npp_d20250830_t1814301_e1815542_b71723_c20250830194159405000_oeac_ops.h5,GDNBO_npp_d20250830_t1814301_e1815542_b71723_c20250830193935163000_oeac_ops.h5,SVI04_npp_d20250830_t1814301_e1815542_b71723_c20250830194207485000_oeac_ops.dspace_rad,,eez_v11.shp,WPP_BFAR_merge.shp,vbd_mpa_r20170830.shp,VNF-VBD_npp_20120301-20151231_global_asia-enhanced_c201607211230.bitmask,vbd_landsea_r20220824.mask,timezone.shp,VBD_platforms-recurring_2015_r20170330.shp,999999,VBD_bridges_c20160811.shp,13.103016;11.269409;8.812280;3.958795;6.255141;8.201997,96.038063;110.048721;123.751022;122.491997;108.912346;95.112503,npp_d20250830_t1814301_e1815542_b71723;npp_d20250830_t1815555_e1817196_b71723;npp_d20250830_t1817209_e1818451_b71723;npp_d20250830_t1818463_e1820105_b71723,155.727,43.5578,45.7281,97.713,119.055,-114.219
116,VBD_npp_d20250830_t1815237_x1029398E_y090498N_l0486_s1085_v23,2025-08-30 20:43:22,9.049819,102.939850,14.018,2025-08-30 18:15:23,2025-08-31 01:15:23,486,1085,0.370337,1,2401,0.678582,0.055,0.908925,0.4,0.970629,0.75,1.08575e-17,0.0001,1.97529e-12,999999,999999,3,Vietnamese Exclusive Economic Zone,,,SVDNB_npp_d20250830_t1814301_e1815542_b71723_c20250830194159405000_oeac_ops.h5,GDNBO_npp_d20250830_t1814301_e1815542_b71723_c20250830193935163000_oeac_ops.h5,SVI04_npp_d20250830_t1814301_e1815542_b71723_c20250830194207485000_oeac_ops.dspace_rad,,eez_v11.shp,WPP_BFAR_merge.shp,vbd_mpa_r20170830.shp,VNF-VBD_npp_20120301-20151231_global_asia-enhanced_c201607211230.bitmask,vbd_landsea_r20220824.mask,timezone.shp,VBD_platforms-recurring_2015_r20170330.shp,999999,VBD_bridges_c20160811.shp,13.103016;11.269409;8.812280;3.958795;6.255141;8.201997,96.038063;110.048721;123.751022;122.491997;108.912346;95.112503,npp_d20250830_t1814301_e1815542_b71723;npp_d20250830_t1815555_e1817196_b71723;npp_d20250830_t1817209_e1818451_b71723;npp_d20250830_t1818463_e1820105_b71723,155.695,43.5276,45.6933,98.0212,119.079,-114.203
117,VBD_npp_d20250830_t1815504_x1026161E_y074933N_l0725_s1086_v23,2025-08-30 20:43:22,7.493256,102.616051,7.27296,2025-08-30 18:15:50,2025-08-31 01:15:50,725,1086,0.10701,4,100709,0.45548,0.055,0.811201,0.4,0.906618,0.75,2.20076e-17,0.0001,1.70604e-12,999999,999999,3,Thailand Exclusive Economic Zone,,,SVDNB_npp_d20250830_t1814301_e1815542_b71723_c20250830194159405000_oeac_ops.h5,GDNBO_npp_d20250830_t1814301_e1815542_b71723_c20250830193935163000_oeac_ops.h5,SVI04_npp_d20250830_t1814301_e1815542_b71723_c20250830194207485000_oeac_ops.dspace_rad,,eez_v11.shp,WPP_BFAR_merge.shp,vbd_mpa_r20170830.shp,VNF-VBD_npp_20120301-20151231_global_asia-enhanced_c201607211230.bitmask,vbd_landsea_r20220824.mask,timezone.shp,VBD_platforms-recurring_2015_r20170330.shp,999999,VBD_bridges_c20160811.shp,13.103016;11.269409;8.812280;3.958795;6.255141;8.201997,96.038063;110.048721;123.751022;122.491997;108.912346;95.112503,npp_d20250830_t1814301_e1815542_b71723;npp_d20250830_t1815555_e1817196_b71723;npp_d20250830_t1817209_e1818451_b71723;npp_d20250830_t1818463_e1820105_b71723,156.951,45.6476,45.6588,98.2272,118.243,-114.937
118,VBD_npp_d20250830_t1815362_x1028003E_y083323N_l0596_s1087_v23,2025-08-30 20:43:22,8.332298,102.800316,3.5835,2025-08-30 18:15:36,2025-08-31 01:15:36,596,1087,0.350847,1,2401,0.294869,0.055,0.821754,0.4,0.926511,0.75,1.6417e-17,0.0001,1.84e-12,999999,999999,3,Vietnamese Exclusive Economic Zone,,,SVDNB_npp_d20250830_t1814301_e1815542_b71723_c20250830194159405000_oeac_ops.h5,GDNBO_npp_d20250830_t1814301_e1815542_b71723_c20250830193935163000_oeac_ops.h5,SVI04_npp_d20250830_t1814301_e1815542_b71723_c20250830194207485000_oeac_ops.dspace_rad,,eez_v11.shp,WPP_BFAR_merge.shp,vbd_mpa_r20170830.shp,VNF-VBD_npp_20120301-20151231_global_asia-enhanced_c201607211230.bitmask,vbd_landsea_r20220824.mask,timezone.shp,VBD_platforms-recurring_2015_r20170330.shp,999999,VBD_bridges_c20160811.shp,13.103016;11.269409;8.812280;3.958795;6.255141;8.201997,96.038063;110.048721;123.751022;122.491997;108.912346;95.112503,npp_d20250830_t1814301_e1815542_b71723;npp_d20250830_t1815555_e1817196_b71723;npp_d20250830_t1817209_e1818451_b71723;npp_d20250830_t1818463_e1820105_b71723,156.271,44.4933,45.6292,98.2109,118.705,-114.547
119,VBD_npp_d20250830_t1815522_x1025969E_y073679N_l0744_s1087_v23,2025-08-30 20:43:22,7.367939,102.596886,3.92043,2025-08-30 18:15:52,2025-08-31 01:15:52,744,1087,0.301696,1,2401,0.300898,0.055,0.777449,0.4,0.928547,0.75,2.18503e-17,0.0001,1.66181e-12,999999,999999,3,Thailand Exclusive Economic Zone,,,SVDNB_npp_d20250830_t1814301_e1815542_b71723_c20250830194159405000_oeac_ops.h5,GDNBO_npp_d20250830_t1814301_e1815542_b71723_c20250830193935163000_oeac_ops.h5,SVI04_npp_d20250830_t1814301_e1815542_b71723_c20250830194207485000_oeac_ops.dspace_rad,,eez_v11.shp,WPP_BFAR_merge.shp,vbd_mpa_r20170830.shp,VNF-VBD_npp_20120301-20151231_global_asia-enhanced_c201607211230.bitmask,vbd_landsea_r20220824.mask,timezone.shp,VBD_platforms-recurring_2015_r20170330.shp,999999,VBD_bridges_c20160811.shp,13.103016;11.269409;8.812280;3.958795;6.255141;8.201997,96.038063;110.048721;123.751022;122.491997;108.912346;95.112503,npp_d20250830_t1814301_e1815542_b71723;npp_d20250830_t1815555_e1817196_b71723;npp_d20250830_t1817209_e1818451_b71723;npp_d20250830_t1818463_e1820105_b71723,157.047,45.8384,45.629,98.0552,118.18,-114.995
120,VBD_npp_d20250830_t1815184_x1030209E_y093181N_l0444_s1088_v23,2025-08-30 20:43:22,9.318124,103.020882,16.2722,2025-08-30 18:15:18,2025-08-31 01:15:18,444,1088,0.354475,1,2401,0.670135,0.055,0.87135,0.4,0.925027,0.75,9.82789e-18,0.0001,1.94586e-12,999999,999999,3,Vietnamese Exclusive Economic Zone,,,SVDNB_npp_d20250830_t1814301_e1815542_b71723_c20250830194159405000_oeac_ops.h5,GDNBO_npp_d20250830_t1814301_e1815542_b71723_c20250830193935163000_oeac_ops.h5,SVI04_npp_d20250830_t1814301_e1815542_b71723_c20250830194207485000_oeac_ops.dspace_rad,,eez_v11.shp,WPP_BFAR_merge.shp,vbd_mpa_r20170830.shp,VNF-VBD_npp_20120301-20151231_global_asia-enhanced_c201607211230.bitmask,vbd_landsea_r20220824.mask,timezone.shp,VBD_platforms-recurring_2015_r20170330.shp,999999,VBD_bridges_c20160811.shp,13.103016;11.269409;8.812280;3.958795;6.255141;8.201997,96.038063;110.048721;123.751022;122.491997;108.912346;95.112503,npp_d20250830_t1814301_e1815542_b71723;npp_d20250830_t1815555_e1817196_b71723;npp_d20250830_t1817209_e1818451_b71723;npp_d20250830_t1818463_e1820105_b71723,155.46,43.224,45.5903,97.6247,119.241,-114.075
121,VBD_npp_d20250830_t1815184_x1030306E_y092889N_l0448_s1090_v23,2025-08-30 20:43:22,9.288939,103.030624,2.03399,2025-08-30 18:15:18,2025-08-31 01:15:18,448,1090,0.350278,1,2401,0.142222,0.055,0.852405,0.4,0.787759,0.75,9.74493e-18,0.0001,1.89082e-12,999999,999999,3,Vietnamese Exclusive Economic Zone,,,SVDNB_npp_d20250830_t1814301_e1815542_b71723_c20250830194159405000_oeac_ops.h5,GDNBO_npp_d20250830_t1814301_e1815542_b71723_c20250830193935163000_oeac_ops.h5,SVI04_npp_d20250830_t1814301_e1815542_b71723_c20250830194207485000_oeac_ops.dspace_rad,,eez_v11.shp,WPP_BFAR_merge.shp,vbd_mpa_r20170830.shp,VNF-VBD_npp_20120301-20151231_global_asia-enhanced_c201607211230.bitmask,vbd_landsea_r20220824.mask,timezone.shp,VBD_platforms-recurring_2015_r20170330.shp,999999,VBD_bridges_c20160811.shp,13.103016;11.269409;8.812280;3.958795;6.255141;8.201997,96.038063;110.048721;123.751022;122.491997;108.912346;95.112503,npp_d20250830_t1814301_e1815542_b71723;npp_d20250830_t1815555_e1817196_b71723;npp_d20250830_t1817209_e1818451_b71723;npp_d20250830_t1818463_e1820105_b71723,155.475,43.2848,45.5238,97.38,119.238,-114.09
122,VBD_npp_d20250830_t1815202_x1030295E_y092864N_l0449_s1091_v23,2025-08-30 20:43:22,9.286433,103.029488,3.89499,2025-08-30 18:15:20,2025-08-31 01:15:20,449,1091,0.350278,1,2401,0.273508,0.055,0.831732,0.4,0.875825,0.75,9.68799e-18,0.0001,1.98131e-12,999999,999999,3,Vietnamese Exclusive Economic Zone,,,SVDNB_npp_d20250830_t1814301_e1815542_b71723_c20250830194159405000_oeac_ops.h5,GDNBO_npp_d20250830_t1814301_e1815542_b71723_c20250830193935163000_oeac_ops.h5,SVI04_npp_d20250830_t1814301_e1815542_b71723_c20250830194207485000_oeac_ops.dspace_rad,,eez_v11.shp,WPP_BFAR_merge.shp,vbd_mpa_r20170830.shp,VNF-VBD_npp_20120301-20151231_global_asia-enhanced_c201607211230.bitmask,vbd_landsea_r20220824.mask,timezone.shp,VBD_platforms-recurring_2015_r20170330.shp,999999,VBD_bridges_c20160811.shp,13.103016;11.269409;8.812280;3.958795;6.255141;8.201997,96.038063;110.048721;123.751022;122.491997;108.912346;95.112503,npp_d20250830_t1814301_e1815542_b71723;npp_d20250830_t1815555_e1817196_b71723;npp_d20250830_t1817209_e1818451_b71723;npp_d20250830_t1818463_e1820105_b71723,155.472,43.2994,45.491,98.3161,119.242,-114.091
123,VBD_npp_d20250830_t1814517_x1033831E_y108766N_l0204_s1093_v23,2025-08-30 20:43:22,10.876609,103.383148,3.23928,2025-08-30 18:14:51,2025-08-31 01:14:51,204,1093,0.370409,1,2401,0.249234,0.055,0.658734,0.4,0.870952,0.75,4.46389e-18,0.0001,2.17332e-12,999999,999999,3,,,,SVDNB_npp_d20250830_t1814301_e1815542_b71723_c20250830194159405000_oeac_ops.h5,GDNBO_npp_d20250830_t1814301_e1815542_b71723_c20250830193935163000_oeac_ops.h5,SVI04_npp_d20250830_t1814301_e1815542_b71723_c20250830194207485000_oeac_ops.dspace_rad,,eez_v11.shp,WPP_BFAR_merge.shp,vbd_mpa_r20170830.shp,VNF-VBD_npp_20120301-20151231_global_asia-enhanced_c201607211230.bitmask,vbd_landsea_r20220824.mask,timezone.shp,VBD_platforms-recurring_2015_r20170330.shp,999999,VBD_bridges_c20160811.shp,13.103016;11.269409;8.812280;3.958795;6.255141;8.201997,96.038063;110.048721;123.751022;122.491997;108.912346;95.112503,npp_d20250830_t1814301_e1815542_b71723;npp_d20250830_t1815555_e1817196_b71723;npp_d20250830_t1817209_e1818451_b71723;npp_d20250830_t1818463_e1820105_b71723,154.141,41.426,45.4217,97.4933,120.09,-113.297
124,VBD_npp_d20250830_t1814570_x1033494E_y105456N_l0254_s1098_v23,2025-08-30 20:43:22,10.545593,103.349358,1.16189,2025-08-30 18:14:57,2025-08-31 01:14:57,254,1098,0.393882,3,2369,0.0582572,0.055,0.276381,0.4,0.762468,0.75,5.28402e-18,0.0001,2.03044e-12,999999,999999,3,Cambodian Exclusive Economic Zone,,,SVDNB_npp_d20250830_t1814301_e1815542_b71723_c20250830194159405000_oeac_ops.h5,GDNBO_npp_d20250830_t1814301_e1815542_b71723_c20250830193935163000_oeac_ops.h5,SVI04_npp_d20250830_t1814301_e1815542_b71723_c20250830194207485000_oeac_ops.dspace_rad,,eez_v11.shp,WPP_BFAR_merge.shp,vbd_mpa_r20170830.shp,VNF-VBD_npp_20120301-20151231_global_asia-enhanced_c201607211230.bitmask,vbd_landsea_r20220824.mask,timezone.shp,VBD_platforms-recurring_2015_r20170330.shp,999999,VBD_bridges_c20160811.shp,13.103016;11.269409;8.812280;3.958795;6.255141;8.201997,96.038063;110.048721;123.751022;122.491997;108.912346;95.112503,npp_d20250830_t1814301_e1815542_b71723;npp_d20250830_t1815555_e1817196_b71723;npp_d20250830_t1817209_e1818451_b71723;npp_d20250830_t1818463_e1820105_b71723,154.396,41.8627,45.2549,97.3996,119.949,-113.467
125,VBD_npp_d20250830_t1815255_x1030024E_y089058N_l0506_s1098_v23,2025-08-30 20:43:22,8.905767,103.002365,12.9721,2025-08-30 18:15:25,2025-08-31 01:15:25,506,1098,0.356467,1,2401,0.612251,0.055,0.813016,0.4,0.938158,0.75,1.09829e-17,0.0001,1.77925e-12,999999,999999,3,Vietnamese Exclusive Economic Zone,,,SVDNB_npp_d20250830_t1814301_e1815542_b71723_c20250830194159405000_oeac_ops.h5,GDNBO_npp_d20250830_t1814301_e1815542_b71723_c20250830193935163000_oeac_ops.h5,SVI04_npp_d20250830_t1814301_e1815542_b71723_c20250830194207485000_oeac_ops.dspace_rad,,eez_v11.shp,WPP_BFAR_merge.shp,vbd_mpa_r20170830.shp,VNF-VBD_npp_20120301-20151231_global_asia-enhanced_c201607211230.bitmask,vbd_landsea_r20220824.mask,timezone.shp,VBD_platforms-recurring_2015_r20170330.shp,999999,VBD_bridges_c20160811.shp,13.103016;11.269409;8.812280;3.958795;6.255141;8.201997,96.038063;110.048721;123.751022;122.491997;108.912346;95.112503,npp_d20250830_t1814301_e1815542_b71723;npp_d20250830_t1815555_e1817196_b71723;npp_d20250830_t1817209_e1818451_b71723;npp_d20250830_t1818463_e1820105_b71723,155.751,43.8698,45.2528,97.7953,119.082,-114.279
126,VBD_npp_d20250830_t1814553_x1034477E_y106467N_l0237_s1109_v23,2025-08-30 20:43:22,10.646689,103.447708,3.50461,2025-08-30 18:14:55,2025-08-31 01:14:55,237,1109,0.36486,2,2337,0.170348,0.055,0.583986,0.4,0.740274,0.75,4.73531e-18,0.0001,1.92066e-12,999999,999999,3,Cambodian Exclusive Economic Zone,,,SVDNB_npp_d20250830_t1814301_e1815542_b71723_c20250830194159405000_oeac_ops.h5,GDNBO_npp_d20250830_t1814301_e1815542_b71723_c20250830193935163000_oeac_ops.h5,SVI04_npp_d20250830_t1814301_e1815542_b71723_c20250830194207485000_oeac_ops.dspace_rad,,eez_v11.shp,WPP_BFAR_merge.shp,vbd_mpa_r20170830.shp,VNF-VBD_npp_20120301-20151231_global_asia-enhanced_c201607211230.bitmask,vbd_landsea_r20220824.mask,timezone.shp,VBD_platforms-recurring_2015_r20170330.shp,999999,VBD_bridges_c20160811.shp,13.103016;11.269409;8.812280;3.958795;6.255141;8.201997,96.038063;110.048721;123.751022;122.491997;108.912346;95.112503,npp_d20250830_t1814301_e1815542_b71723;npp_d20250830_t1815555_e1817196_b71723;npp_d20250830_t1817209_e1818451_b71723;npp_d20250830_t1818463_e1820105_b71723,154.261,41.8775,44.8764,97.466,120.07,-113.418
127,VBD_npp_d20250830_t1814553_x1034660E_y106787N_l0232_s1111_v23,2025-08-30 20:43:22,10.678686,103.465965,2.86345,2025-08-30 18:14:55,2025-08-31 01:14:55,232,1111,0.252829,2,2337,0.074868,0.055,0.657466,0.4,0.512129,0.75,4.60578e-18,0.0001,1.93771e-12,999999,999999,3,Cambodian Exclusive Economic Zone,,,SVDNB_npp_d20250830_t1814301_e1815542_b71723_c20250830194159405000_oeac_ops.h5,GDNBO_npp_d20250830_t1814301_e1815542_b71723_c20250830193935163000_oeac_ops.h5,SVI04_npp_d20250830_t1814301_e1815542_b71723_c20250830194207485000_oeac_ops.dspace_rad,,eez_v11.shp,WPP_BFAR_merge.shp,vbd_mpa_r20170830.shp,VNF-VBD_npp_20120301-20151231_global_asia-enhanced_c201607211230.bitmask,vbd_landsea_r20220824.mask,timezone.shp,VBD_platforms-recurring_2015_r20170330.shp,999999,VBD_bridges_c20160811.shp,13.103016;11.269409;8.812280;3.958795;6.255141;8.201997,96.038063;110.048721;123.751022;122.491997;108.912346;95.112503,npp_d20250830_t1814301_e1815542_b71723;npp_d20250830_t1815555_e1817196_b71723;npp_d20250830_t1817209_e1818451_b71723;npp_d20250830_t1818463_e1820105_b71723,154.225,41.8643,44.8075,97.7802,120.099,-113.402
128,VBD_npp_d20250830_t1814535_x1035167E_y107512N_l0220_s1116_v23,2025-08-30 20:43:22,10.751219,103.516739,2.44352,2025-08-30 18:14:53,2025-08-31 01:14:53,220,1116,0.36863,8,18785,0.183522,0.055,0.672271,0.4,0.86262,0.75,4.29733e-18,0.0001,1.86606e-12,999999,999999,3,Cambodian Exclusive Economic Zone,,,SVDNB_npp_d20250830_t1814301_e1815542_b71723_c20250830194159405000_oeac_ops.h5,GDNBO_npp_d20250830_t1814301_e1815542_b71723_c20250830193935163000_oeac_ops.h5,SVI04_npp_d20250830_t1814301_e1815542_b71723_c20250830194207485000_oeac_ops.dspace_rad,,eez_v11.shp,WPP_BFAR_merge.shp,vbd_mpa_r20170830.shp,VNF-VBD_npp_20120301-20151231_global_asia-enhanced_c201607211230.bitmask,vbd_landsea_r20220824.mask,timezone.shp,VBD_platforms-recurring_2015_r20170330.shp,0.135788,VBD_bridges_c20160811.shp,13.103016;11.269409;8.812280;3.958795;6.255141;8.201997,96.038063;110.048721;123.751022;122.491997;108.912346;95.112503,npp_d20250830_t1814301_e1815542_b71723;npp_d20250830_t1815555_e1817196_b71723;npp_d20250830_t1817209_e1818451_b71723;npp_d20250830_t1818463_e1820105_b71723,154.143,41.838,44.6427,97.5248,120.167,-113.366
129,VBD_npp_d20250830_t1814535_x1035329E_y107216N_l0224_s1119_v23,2025-08-30 20:43:22,10.721582,103.532898,2.98107,2025-08-30 18:14:53,2025-08-31 01:14:53,224,1119,0.366567,1,2401,0.208666,0.055,0.726655,0.4,0.820446,0.75,4.30311e-18,0.0001,1.80254e-12,999999,999999,3,Cambodian Exclusive Economic Zone,,,SVDNB_npp_d20250830_t1814301_e1815542_b71723_c20250830194159405000_oeac_ops.h5,GDNBO_npp_d20250830_t1814301_e1815542_b71723_c20250830193935163000_oeac_ops.h5,SVI04_npp_d20250830_t1814301_e1815542_b71723_c20250830194207485000_oeac_ops.dspace_rad,,eez_v11.shp,WPP_BFAR_merge.shp,vbd_mpa_r20170830.shp,VNF-VBD_npp_20120301-20151231_global_asia-enhanced_c201607211230.bitmask,vbd_landsea_r20220824.mask,timezone.shp,VBD_platforms-recurring_2015_r20170330.shp,999999,VBD_bridges_c20160811.shp,13.103016;11.269409;8.812280;3.958795;6.255141;8.201997,96.038063;110.048721;123.751022;122.491997;108.912346;95.112503,npp_d20250830_t1814301_e1815542_b71723;npp_d20250830_t1815555_e1817196_b71723;npp_d20250830_t1817209_e1818451_b71723;npp_d20250830_t1818463_e1820105_b71723,154.154,41.9062,44.5429,97.277,120.17,-113.382
130,VBD_npp_d20250830_t1814553_x1035318E_y107108N_l0226_s1120_v23,2025-08-30 20:43:22,10.710850,103.531822,3.9743,2025-08-30 18:14:55,2025-08-31 01:14:55,226,1120,0.336052,8,18785,0.221006,0.055,0.726655,0.4,0.76012,0.75,4.31564e-18,0.0001,1.8822e-12,999999,999999,3,Cambodian Exclusive Economic Zone,,,SVDNB_npp_d20250830_t1814301_e1815542_b71723_c20250830194159405000_oeac_ops.h5,GDNBO_npp_d20250830_t1814301_e1815542_b71723_c20250830193935163000_oeac_ops.h5,SVI04_npp_d20250830_t1814301_e1815542_b71723_c20250830194207485000_oeac_ops.dspace_rad,,eez_v11.shp,WPP_BFAR_merge.shp,vbd_mpa_r20170830.shp,VNF-VBD_npp_20120301-20151231_global_asia-enhanced_c201607211230.bitmask,vbd_landsea_r20220824.mask,timezone.shp,VBD_platforms-recurring_2015_r20170330.shp,0.343265,VBD_bridges_c20160811.shp,13.103016;11.269409;8.812280;3.958795;6.255141;8.201997,96.038063;110.048721;123.751022;122.491997;108.912346;95.112503,npp_d20250830_t1814301_e1815542_b71723;npp_d20250830_t1815555_e1817196_b71723;npp_d20250830_t1817209_e1818451_b71723;npp_d20250830_t1818463_e1820105_b71723,154.158,41.9317,44.5032,98.1678,120.171,-113.388
131,VBD_npp_d20250830_t1814535_x1035462E_y107198N_l0224_s1121_v23,2025-08-30 20:43:22,10.719810,103.546234,2.6095,2025-08-30 18:14:53,2025-08-31 01:14:53,224,1121,0.351132,2,2337,0.0800723,0.055,0.726655,0.4,0.53952,0.75,4.26197e-18,0.0001,1.78127e-12,999999,999999,1,Cambodian Exclusive Economic Zone,,,SVDNB_npp_d20250830_t1814301_e1815542_b71723_c20250830194159405000_oeac_ops.h5,GDNBO_npp_d20250830_t1814301_e1815542_b71723_c20250830193935163000_oeac_ops.h5,SVI04_npp_d20250830_t1814301_e1815542_b71723_c20250830194207485000_oeac_ops.dspace_rad,,eez_v11.shp,WPP_BFAR_merge.shp,vbd_mpa_r20170830.shp,VNF-VBD_npp_20120301-20151231_global_asia-enhanced_c201607211230.bitmask,vbd_landsea_r20220824.mask,timezone.shp,VBD_platforms-recurring_2015_r20170330.shp,999999,VBD_bridges_c20160811.shp,13.103016;11.269409;8.812280;3.958795;6.255141;8.201997,96.038063;110.048721;123.751022;122.491997;108.912346;95.112503,npp_d20250830_t1814301_e1815542_b71723;npp_d20250830_t1815555_e1817196_b71723;npp_d20250830_t1817209_e1818451_b71723;npp_d20250830_t1818463_e1820105_b71723,154.147,41.9312,44.4753,97.2788,120.181,-113.383
132,VBD_npp_d20250830_t1814570_x1035155E_y106056N_l0242_s1121_v23,2025-08-30 20:43:22,10.605622,103.515495,210.319,2025-08-30 18:14:57,2025-08-31 01:14:57,242,1121,0.36294,1,2401,0.627161,0.055,0.730425,0.4,0.782588,0.75,4.55846e-18,0.0001,1.85594e-12,999999,999999,1,Cambodian Exclusive Economic Zone,,,SVDNB_npp_d20250830_t1814301_e1815542_b71723_c20250830194159405000_oeac_ops.h5,GDNBO_npp_d20250830_t1814301_e1815542_b71723_c20250830193935163000_oeac_ops.h5,SVI04_npp_d20250830_t1814301_e1815542_b71723_c20250830194207485000_oeac_ops.dspace_rad,,eez_v11.shp,WPP_BFAR_merge.shp,vbd_mpa_r20170830.shp,VNF-VBD_npp_20120301-20151231_global_asia-enhanced_c201607211230.bitmask,vbd_landsea_r20220824.mask,timezone.shp,VBD_platforms-recurring_2015_r20170330.shp,999999,VBD_bridges_c20160811.shp,13.103016;11.269409;8.812280;3.958795;6.255141;8.201997,96.038063;110.048721;123.751022;122.491997;108.912346;95.112503,npp_d20250830_t1814301_e1815542_b71723;npp_d20250830_t1815555_e1817196_b71723;npp_d20250830_t1817209_e1818451_b71723;npp_d20250830_t1818463_e1820105_b71723,154.242,42.0623,44.4748,98.1757,120.121,-113.442
133,VBD_npp_d20250830_t1814535_x1035775E_y107499N_l0219_s1125_v23,2025-08-30 20:43:22,10.749867,103.577522,5.32492,2025-08-30 18:14:53,2025-08-31 01:14:53,219,1125,0.369128,8,18721,0.265149,0.055,0.735527,0.4,0.67368,0.75,4.09894e-18,0.0001,1.77626e-12,999999,999999,1,Cambodian Exclusive Economic Zone,,,SVDNB_npp_d20250830_t1814301_e1815542_b71723_c20250830194159405000_oeac_ops.h5,GDNBO_npp_d20250830_t1814301_e1815542_b71723_c20250830193935163000_oeac_ops.h5,SVI04_npp_d20250830_t1814301_e1815542_b71723_c20250830194207485000_oeac_ops.dspace_rad,,eez_v11.shp,WPP_BFAR_merge.shp,vbd_mpa_r20170830.shp,VNF-VBD_npp_20120301-20151231_global_asia-enhanced_c201607211230.bitmask,vbd_landsea_r20220824.mask,timezone.shp,VBD_platforms-recurring_2015_r20170330.shp,0.551739,VBD_bridges_c20160811.shp,13.103016;11.269409;8.812280;3.958795;6.255141;8.201997,96.038063;110.048721;123.751022;122.491997;108.912346;95.112503,npp_d20250830_t1814301_e1815542_b71723;npp_d20250830_t1815555_e1817196_b71723;npp_d20250830_t1817209_e1818451_b71723;npp_d20250830_t1818463_e1820105_b71723,154.104,41.9428,44.3385,97.5972,120.221,-113.369
134,VBD_npp_d20250830_t1814570_x1035457E_y105808N_l0245_s1126_v23,2025-08-30 20:43:22,10.580846,103.545700,20.3195,2025-08-30 18:14:57,2025-08-31 01:14:57,245,1126,0.331429,2,2337,0.264978,0.055,0.728554,0.4,0.59526,0.75,4.49668e-18,0.0001,1.77972e-12,999999,999999,1,,,,SVDNB_npp_d20250830_t1814301_e1815542_b71723_c20250830194159405000_oeac_ops.h5,GDNBO_npp_d20250830_t1814301_e1815542_b71723_c20250830193935163000_oeac_ops.h5,SVI04_npp_d20250830_t1814301_e1815542_b71723_c20250830194207485000_oeac_ops.dspace_rad,,eez_v11.shp,WPP_BFAR_merge.shp,vbd_mpa_r20170830.shp,VNF-VBD_npp_20120301-20151231_global_asia-enhanced_c201607211230.bitmask,vbd_landsea_r20220824.mask,timezone.shp,VBD_platforms-recurring_2015_r20170330.shp,999999,VBD_bridges_c20160811.shp,13.103016;11.269409;8.812280;3.958795;6.255141;8.201997,96.038063;110.048721;123.751022;122.491997;108.912346;95.112503,npp_d20250830_t1814301_e1815542_b71723;npp_d20250830_t1815555_e1817196_b71723;npp_d20250830_t1817209_e1818451_b71723;npp_d20250830_t1818463_e1820105_b71723,154.241,42.1479,44.306,97.9937,120.138,-113.456
135,VBD_npp_d20250830_t1814535_x1035917E_y107548N_l0218_s1127_v23,2025-08-30 20:43:22,10.754787,103.591705,4.82936,2025-08-30 18:14:53,2025-08-31 01:14:53,218,1127,0.330504,2,2337,0.227816,0.055,0.700698,0.4,0.680783,0.75,4.04261e-18,0.0001,1.76285e-12,999999,999999,1,Cambodian Exclusive Economic Zone,,,SVDNB_npp_d20250830_t1814301_e1815542_b71723_c20250830194159405000_oeac_ops.h5,GDNBO_npp_d20250830_t1814301_e1815542_b71723_c20250830193935163000_oeac_ops.h5,SVI04_npp_d20250830_t1814301_e1815542_b71723_c20250830194207485000_oeac_ops.dspace_rad,,eez_v11.shp,WPP_BFAR_merge.shp,vbd_mpa_r20170830.shp,VNF-VBD_npp_20120301-20151231_global_asia-enhanced_c201607211230.bitmask,vbd_landsea_r20220824.mask,timezone.shp,VBD_platforms-recurring_2015_r20170330.shp,999999,VBD_bridges_c20160811.shp,13.103016;11.269409;8.812280;3.958795;6.255141;8.201997,96.038063;110.048721;123.751022;122.491997;108.912346;95.112503,npp_d20250830_t1814301_e1815542_b71723;npp_d20250830_t1815555_e1817196_b71723;npp_d20250830_t1817209_e1818451_b71723;npp_d20250830_t1818463_e1820105_b71723,154.091,41.96,44.2708,97.6625,120.235,-113.367
136,VBD_npp_d20250830_t1815308_x1031503E_y086183N_l0546_s1129_v23,2025-08-30 20:43:22,8.618296,103.150299,0.914007,2025-08-30 18:15:30,2025-08-31 01:15:30,546,1129,0.397794,3,2369,0.0573763,0.055,0.299364,0.4,0.82348,0.75,1.10726e-17,0.0001,1.49855e-12,999999,999999,3,Vietnamese Exclusive Economic Zone,,,SVDNB_npp_d20250830_t1814301_e1815542_b71723_c20250830194159405000_oeac_ops.h5,GDNBO_npp_d20250830_t1814301_e1815542_b71723_c20250830193935163000_oeac_ops.h5,SVI04_npp_d20250830_t1814301_e1815542_b71723_c20250830194207485000_oeac_ops.dspace_rad,,eez_v11.shp,WPP_BFAR_merge.shp,vbd_mpa_r20170830.shp,VNF-VBD_npp_20120301-20151231_global_asia-enhanced_c201607211230.bitmask,vbd_landsea_r20220824.mask,timezone.shp,VBD_platforms-recurring_2015_r20170330.shp,999999,VBD_bridges_c20160811.shp,13.103016;11.269409;8.812280;3.958795;6.255141;8.201997,96.038063;110.048721;123.751022;122.491997;108.912346;95.112503,npp_d20250830_t1814301_e1815542_b71723;npp_d20250830_t1815555_e1817196_b71723;npp_d20250830_t1817209_e1818451_b71723;npp_d20250830_t1818463_e1820105_b71723,155.84,44.61,44.2032,98.3586,119.116,-114.431
137,VBD_npp_d20250830_t1814588_x1035537E_y104932N_l0258_s1130_v23,2025-08-30 20:43:22,10.493237,103.553688,2.90349,2025-08-30 18:14:58,2025-08-31 01:14:58,258,1130,0.348785,1,2401,0.20501,0.055,0.654397,0.4,0.774876,0.75,4.61256e-18,0.0001,1.74457e-12,999999,999999,3,Cambodian Exclusive Economic Zone,,,SVDNB_npp_d20250830_t1814301_e1815542_b71723_c20250830194159405000_oeac_ops.h5,GDNBO_npp_d20250830_t1814301_e1815542_b71723_c20250830193935163000_oeac_ops.h5,SVI04_npp_d20250830_t1814301_e1815542_b71723_c20250830194207485000_oeac_ops.dspace_rad,,eez_v11.shp,WPP_BFAR_merge.shp,vbd_mpa_r20170830.shp,VNF-VBD_npp_20120301-20151231_global_asia-enhanced_c201607211230.bitmask,vbd_landsea_r20220824.mask,timezone.shp,VBD_platforms-recurring_2015_r20170330.shp,999999,VBD_bridges_c20160811.shp,13.103016;11.269409;8.812280;3.958795;6.255141;8.201997,96.038063;110.048721;123.751022;122.491997;108.912346;95.112503,npp_d20250830_t1814301_e1815542_b71723;npp_d20250830_t1815555_e1817196_b71723;npp_d20250830_t1817209_e1818451_b71723;npp_d20250830_t1818463_e1820105_b71723,154.295,42.2961,44.1682,98.1997,120.117,-113.502
138,VBD_npp_d20250830_t1814570_x1036020E_y105526N_l0248_s1135_v23,2025-08-30 20:43:22,10.552577,103.601974,10.6347,2025-08-30 18:14:57,2025-08-31 01:14:57,248,1135,0.361446,1,2401,0.405432,0.055,0.776657,0.4,0.818656,0.75,4.34263e-18,0.0001,1.66896e-12,999999,999999,3,Cambodian Exclusive Economic Zone,,,SVDNB_npp_d20250830_t1814301_e1815542_b71723_c20250830194159405000_oeac_ops.h5,GDNBO_npp_d20250830_t1814301_e1815542_b71723_c20250830193935163000_oeac_ops.h5,SVI04_npp_d20250830_t1814301_e1815542_b71723_c20250830194207485000_oeac_ops.dspace_rad,,eez_v11.shp,WPP_BFAR_merge.shp,vbd_mpa_r20170830.shp,VNF-VBD_npp_20120301-20151231_global_asia-enhanced_c201607211230.bitmask,vbd_landsea_r20220824.mask,timezone.shp,VBD_platforms-recurring_2015_r20170330.shp,999999,VBD_bridges_c20160811.shp,13.103016;11.269409;8.812280;3.958795;6.255141;8.201997,96.038063;110.048721;123.751022;122.491997;108.912346;95.112503,npp_d20250830_t1814301_e1815542_b71723;npp_d20250830_t1815555_e1817196_b71723;npp_d20250830_t1817209_e1818451_b71723;npp_d20250830_t1818463_e1820105_b71723,154.224,42.2824,44.0029,97.8153,120.178,-113.473
139,VBD_npp_d20250830_t1814570_x1036132E_y105374N_l0250_s1137_v23,2025-08-30 20:43:22,10.537417,103.613167,3.37593,2025-08-30 18:14:57,2025-08-31 01:14:57,250,1137,0.353337,2,2337,0.108704,0.055,0.776657,0.4,0.449776,0.75,4.32807e-18,0.0001,1.63672e-12,999999,999999,3,Cambodian Exclusive Economic Zone,,,SVDNB_npp_d20250830_t1814301_e1815542_b71723_c20250830194159405000_oeac_ops.h5,GDNBO_npp_d20250830_t1814301_e1815542_b71723_c20250830193935163000_oeac_ops.h5,SVI04_npp_d20250830_t1814301_e1815542_b71723_c20250830194207485000_oeac_ops.dspace_rad,,eez_v11.shp,WPP_BFAR_merge.shp,vbd_mpa_r20170830.shp,VNF-VBD_npp_20120301-20151231_global_asia-enhanced_c201607211230.bitmask,vbd_landsea_r20220824.mask,timezone.shp,VBD_platforms-recurring_2015_r20170330.shp,999999,VBD_bridges_c20160811.shp,13.103016;11.269409;8.812280;3.958795;6.255141;8.201997,96.038063;110.048721;123.751022;122.491997;108.912346;95.112503,npp_d20250830_t1814301_e1815542_b71723;npp_d20250830_t1815555_e1817196_b71723;npp_d20250830_t1817209_e1818451_b71723;npp_d20250830_t1818463_e1820105_b71723,154.228,42.3224,43.936,97.6907,120.182,-113.481
140,VBD_npp_d20250830_t1815469_x1029904E_y075926N_l0702_s1137_v23,2025-08-30 20:43:22,7.592563,102.990372,4.15339,2025-08-30 18:15:46,2025-08-31 01:15:46,702,1137,0.0154649,4,100709,0.238012,0.055,0.563183,0.4,0.753844,0.75,1.70921e-17,0.0001,1.26988e-12,999999,999999,3,Malaysian Exclusive Economic Zone,,,SVDNB_npp_d20250830_t1814301_e1815542_b71723_c20250830194159405000_oeac_ops.h5,GDNBO_npp_d20250830_t1814301_e1815542_b71723_c20250830193935163000_oeac_ops.h5,SVI04_npp_d20250830_t1814301_e1815542_b71723_c20250830194207485000_oeac_ops.dspace_rad,,eez_v11.shp,WPP_BFAR_merge.shp,vbd_mpa_r20170830.shp,VNF-VBD_npp_20120301-20151231_global_asia-enhanced_c201607211230.bitmask,vbd_landsea_r20220824.mask,timezone.shp,VBD_platforms-recurring_2015_r20170330.shp,999999,VBD_bridges_c20160811.shp,13.103016;11.269409;8.812280;3.958795;6.255141;8.201997,96.038063;110.048721;123.751022;122.491997;108.912346;95.112503,npp_d20250830_t1814301_e1815542_b71723;npp_d20250830_t1815555_e1817196_b71723;npp_d20250830_t1817209_e1818451_b71723;npp_d20250830_t1818463_e1820105_b71723,156.626,46.1071,43.9369,97.686,118.606,-114.921
141,VBD_npp_d20250830_t1815291_x1032940E_y086362N_l0540_s1149_v23,2025-08-30 20:43:22,8.636215,103.294014,4.72218,2025-08-30 18:15:29,2025-08-31 01:15:29,540,1149,0.387836,1,2401,0.346253,0.055,0.795942,0.4,0.910873,0.75,9.75145e-18,0.0001,1.30585e-12,999999,999999,3,Vietnamese Exclusive Economic Zone,,,SVDNB_npp_d20250830_t1814301_e1815542_b71723_c20250830194159405000_oeac_ops.h5,GDNBO_npp_d20250830_t1814301_e1815542_b71723_c20250830193935163000_oeac_ops.h5,SVI04_npp_d20250830_t1814301_e1815542_b71723_c20250830194207485000_oeac_ops.dspace_rad,,eez_v11.shp,WPP_BFAR_merge.shp,vbd_mpa_r20170830.shp,VNF-VBD_npp_20120301-20151231_global_asia-enhanced_c201607211230.bitmask,vbd_landsea_r20220824.mask,timezone.shp,VBD_platforms-recurring_2015_r20170330.shp,999999,VBD_bridges_c20160811.shp,13.103016;11.269409;8.812280;3.958795;6.255141;8.201997,96.038063;110.048721;123.751022;122.491997;108.912346;95.112503,npp_d20250830_t1814301_e1815542_b71723;npp_d20250830_t1815555_e1817196_b71723;npp_d20250830_t1817209_e1818451_b71723;npp_d20250830_t1818463_e1820105_b71723,155.732,44.8154,43.5216,97.7254,119.245,-114.432
142,VBD_npp_d20250830_t1815219_x1034047E_y091058N_l0468_s1151_v23,2025-08-30 20:43:22,9.105756,103.404686,1.40371,2025-08-30 18:15:21,2025-08-31 01:15:21,468,1151,0.399359,1,2401,0.103535,0.055,0.486884,0.4,0.784189,0.75,7.44293e-18,0.0001,1.37728e-12,999999,999999,3,Vietnamese Exclusive Economic Zone,,,SVDNB_npp_d20250830_t1814301_e1815542_b71723_c20250830194159405000_oeac_ops.h5,GDNBO_npp_d20250830_t1814301_e1815542_b71723_c20250830193935163000_oeac_ops.h5,SVI04_npp_d20250830_t1814301_e1815542_b71723_c20250830194207485000_oeac_ops.dspace_rad,,eez_v11.shp,WPP_BFAR_merge.shp,vbd_mpa_r20170830.shp,VNF-VBD_npp_20120301-20151231_global_asia-enhanced_c201607211230.bitmask,vbd_landsea_r20220824.mask,timezone.shp,VBD_platforms-recurring_2015_r20170330.shp,999999,VBD_bridges_c20160811.shp,13.103016;11.269409;8.812280;3.958795;6.255141;8.201997,96.038063;110.048721;123.751022;122.491997;108.912346;95.112503,npp_d20250830_t1814301_e1815542_b71723;npp_d20250830_t1815555_e1817196_b71723;npp_d20250830_t1817209_e1818451_b71723;npp_d20250830_t1818463_e1820105_b71723,155.341,44.2296,43.4463,98.2185,119.511,-114.204
143,VBD_npp_d20250830_t1815219_x1034077E_y090774N_l0472_s1152_v23,2025-08-30 20:43:22,9.077411,103.407669,1.01886,2025-08-30 18:15:21,2025-08-31 01:15:21,472,1152,0.399643,1,2401,0.0831346,0.055,0.472812,0.4,0.961903,0.75,7.44516e-18,0.0001,1.34803e-12,999999,999999,3,Vietnamese Exclusive Economic Zone,,,SVDNB_npp_d20250830_t1814301_e1815542_b71723_c20250830194159405000_oeac_ops.h5,GDNBO_npp_d20250830_t1814301_e1815542_b71723_c20250830193935163000_oeac_ops.h5,SVI04_npp_d20250830_t1814301_e1815542_b71723_c20250830194207485000_oeac_ops.dspace_rad,,eez_v11.shp,WPP_BFAR_merge.shp,vbd_mpa_r20170830.shp,VNF-VBD_npp_20120301-20151231_global_asia-enhanced_c201607211230.bitmask,vbd_landsea_r20220824.mask,timezone.shp,VBD_platforms-recurring_2015_r20170330.shp,999999,VBD_bridges_c20160811.shp,13.103016;11.269409;8.812280;3.958795;6.255141;8.201997,96.038063;110.048721;123.751022;122.491997;108.912346;95.112503,npp_d20250830_t1814301_e1815542_b71723;npp_d20250830_t1815555_e1817196_b71723;npp_d20250830_t1817209_e1818451_b71723;npp_d20250830_t1818463_e1820105_b71723,155.36,44.2778,43.4101,97.9556,119.502,-114.218
144,VBD_npp_d20250830_t1815059_x1036136E_y100150N_l0328_s1153_v23,2025-08-30 20:43:22,10.014958,103.613625,1.59878,2025-08-30 18:15:05,2025-08-31 01:15:05,328,1153,0.388903,1,2401,0.120908,0.055,0.479386,0.4,0.894844,0.75,5.29671e-18,0.0001,1.44383e-12,999999,999999,3,Vietnamese Exclusive Economic Zone,,,SVDNB_npp_d20250830_t1814301_e1815542_b71723_c20250830194159405000_oeac_ops.h5,GDNBO_npp_d20250830_t1814301_e1815542_b71723_c20250830193935163000_oeac_ops.h5,SVI04_npp_d20250830_t1814301_e1815542_b71723_c20250830194207485000_oeac_ops.dspace_rad,,eez_v11.shp,WPP_BFAR_merge.shp,vbd_mpa_r20170830.shp,VNF-VBD_npp_20120301-20151231_global_asia-enhanced_c201607211230.bitmask,vbd_landsea_r20220824.mask,timezone.shp,VBD_platforms-recurring_2015_r20170330.shp,999999,VBD_bridges_c20160811.shp,13.103016;11.269409;8.812280;3.958795;6.255141;8.201997,96.038063;110.048721;123.751022;122.491997;108.912346;95.112503,npp_d20250830_t1814301_e1815542_b71723;npp_d20250830_t1815555_e1817196_b71723;npp_d20250830_t1817209_e1818451_b71723;npp_d20250830_t1818463_e1820105_b71723,154.587,43.1259,43.3723,97.883,120.006,-113.752
145,VBD_npp_d20250830_t1815166_x1034946E_y093319N_l0432_s1156_v23,2025-08-30 20:43:22,9.331912,103.494591,1.88221,2025-08-30 18:15:16,2025-08-31 01:15:16,432,1156,0.400141,1,2401,0.134,0.055,0.758616,0.4,0.774121,0.75,6.84473e-18,0.0001,1.30863e-12,999999,999999,3,Vietnamese Exclusive Economic Zone,,,SVDNB_npp_d20250830_t1814301_e1815542_b71723_c20250830194159405000_oeac_ops.h5,GDNBO_npp_d20250830_t1814301_e1815542_b71723_c20250830193935163000_oeac_ops.h5,SVI04_npp_d20250830_t1814301_e1815542_b71723_c20250830194207485000_oeac_ops.dspace_rad,,eez_v11.shp,WPP_BFAR_merge.shp,vbd_mpa_r20170830.shp,VNF-VBD_npp_20120301-20151231_global_asia-enhanced_c201607211230.bitmask,vbd_landsea_r20220824.mask,timezone.shp,VBD_platforms-recurring_2015_r20170330.shp,999999,VBD_bridges_c20160811.shp,13.103016;11.269409;8.812280;3.958795;6.255141;8.201997,96.038063;110.048721;123.751022;122.491997;108.912346;95.112503,npp_d20250830_t1814301_e1815542_b71723;npp_d20250830_t1815555_e1817196_b71723;npp_d20250830_t1817209_e1818451_b71723;npp_d20250830_t1818463_e1820105_b71723,155.133,44.0031,43.2633,97.408,119.664,-114.095
146,VBD_npp_d20250830_t1815166_x1035035E_y093446N_l0430_s1157_v23,2025-08-30 20:43:22,9.344611,103.503494,1.55504,2025-08-30 18:15:16,2025-08-31 01:15:16,430,1157,0.400355,7,2337,0.0987233,0.055,0.773806,0.4,0.714501,0.75,6.78356e-18,0.0001,1.31162e-12,999999,999999,3,,,,SVDNB_npp_d20250830_t1814301_e1815542_b71723_c20250830194159405000_oeac_ops.h5,GDNBO_npp_d20250830_t1814301_e1815542_b71723_c20250830193935163000_oeac_ops.h5,SVI04_npp_d20250830_t1814301_e1815542_b71723_c20250830194207485000_oeac_ops.dspace_rad,,eez_v11.shp,WPP_BFAR_merge.shp,vbd_mpa_r20170830.shp,VNF-VBD_npp_20120301-20151231_global_asia-enhanced_c201607211230.bitmask,vbd_landsea_r20220824.mask,timezone.shp,VBD_platforms-recurring_2015_r20170330.shp,999999,VBD_bridges_c20160811.shp,13.103016;11.269409;8.812280;3.958795;6.255141;8.201997,96.038063;110.048721;123.751022;122.491997;108.912346;95.112503,npp_d20250830_t1814301_e1815542_b71723;npp_d20250830_t1815555_e1817196_b71723;npp_d20250830_t1817209_e1818451_b71723;npp_d20250830_t1818463_e1820105_b71723,155.117,43.9991,43.226,97.5413,119.677,-114.089
147,VBD_npp_d20250830_t1815184_x1034942E_y093287N_l0433_s1157_v23,2025-08-30 20:43:22,9.328740,103.494186,2.04147,2025-08-30 18:15:18,2025-08-31 01:15:18,433,1157,0.396087,2,2337,0.143273,0.055,0.758616,0.4,0.727508,0.75,6.81576e-18,0.0001,1.3693e-12,999999,999999,3,Vietnamese Exclusive Economic Zone,,,SVDNB_npp_d20250830_t1814301_e1815542_b71723_c20250830194159405000_oeac_ops.h5,GDNBO_npp_d20250830_t1814301_e1815542_b71723_c20250830193935163000_oeac_ops.h5,SVI04_npp_d20250830_t1814301_e1815542_b71723_c20250830194207485000_oeac_ops.dspace_rad,,eez_v11.shp,WPP_BFAR_merge.shp,vbd_mpa_r20170830.shp,VNF-VBD_npp_20120301-20151231_global_asia-enhanced_c201607211230.bitmask,vbd_landsea_r20220824.mask,timezone.shp,VBD_platforms-recurring_2015_r20170330.shp,999999,VBD_bridges_c20160811.shp,13.103016;11.269409;8.812280;3.958795;6.255141;8.201997,96.038063;110.048721;123.751022;122.491997;108.912346;95.112503,npp_d20250830_t1814301_e1815542_b71723;npp_d20250830_t1815555_e1817196_b71723;npp_d20250830_t1817209_e1818451_b71723;npp_d20250830_t1818463_e1820105_b71723,155.13,44.0197,43.2243,98.4083,119.668,-114.097
148,VBD_npp_d20250830_t1815326_x1033205E_y084735N_l0564_s1158_v23,2025-08-30 20:43:22,8.473520,103.320534,3.92903,2025-08-30 18:15:32,2025-08-31 01:15:32,564,1158,0.37802,1,2401,0.304645,0.055,0.745134,0.4,0.909515,0.75,1.00659e-17,0.0001,1.25998e-12,999999,999999,3,Vietnamese Exclusive Economic Zone,,,SVDNB_npp_d20250830_t1814301_e1815542_b71723_c20250830194159405000_oeac_ops.h5,GDNBO_npp_d20250830_t1814301_e1815542_b71723_c20250830193935163000_oeac_ops.h5,SVI04_npp_d20250830_t1814301_e1815542_b71723_c20250830194207485000_oeac_ops.dspace_rad,,eez_v11.shp,WPP_BFAR_merge.shp,vbd_mpa_r20170830.shp,VNF-VBD_npp_20120301-20151231_global_asia-enhanced_c201607211230.bitmask,vbd_landsea_r20220824.mask,timezone.shp,VBD_platforms-recurring_2015_r20170330.shp,999999,VBD_bridges_c20160811.shp,13.103016;11.269409;8.812280;3.958795;6.255141;8.201997,96.038063;110.048721;123.751022;122.491997;108.912346;95.112503,npp_d20250830_t1814301_e1815542_b71723;npp_d20250830_t1815555_e1817196_b71723;npp_d20250830_t1817209_e1818451_b71723;npp_d20250830_t1818463_e1820105_b71723,155.818,45.1414,43.1892,98.2809,119.215,-114.515
149,VBD_npp_d20250830_t1815166_x1035203E_y093632N_l0427_s1159_v23,2025-08-30 20:43:22,9.363159,103.520271,1.70153,2025-08-30 18:15:16,2025-08-31 01:15:16,427,1159,0.40135,7,2337,0.0833816,0.055,0.798259,0.4,0.515296,0.75,6.67256e-18,0.0001,1.3125e-12,999999,999999,3,,,,SVDNB_npp_d20250830_t1814301_e1815542_b71723_c20250830194159405000_oeac_ops.h5,GDNBO_npp_d20250830_t1814301_e1815542_b71723_c20250830193935163000_oeac_ops.h5,SVI04_npp_d20250830_t1814301_e1815542_b71723_c20250830194207485000_oeac_ops.dspace_rad,,eez_v11.shp,WPP_BFAR_merge.shp,vbd_mpa_r20170830.shp,VNF-VBD_npp_20120301-20151231_global_asia-enhanced_c201607211230.bitmask,vbd_landsea_r20220824.mask,timezone.shp,VBD_platforms-recurring_2015_r20170330.shp,999999,VBD_bridges_c20160811.shp,13.103016;11.269409;8.812280;3.958795;6.255141;8.201997,96.038063;110.048721;123.751022;122.491997;108.912346;95.112503,npp_d20250830_t1814301_e1815542_b71723;npp_d20250830_t1815555_e1817196_b71723;npp_d20250830_t1817209_e1818451_b71723;npp_d20250830_t1818463_e1820105_b71723,155.092,43.9997,43.1522,97.742,119.699,-114.08
150,VBD_npp_d20250830_t1815308_x1033387E_y085020N_l0559_s1159_v23,2025-08-30 20:43:22,8.502016,103.338715,2.3476,2025-08-30 18:15:30,2025-08-31 01:15:30,559,1159,0.317274,1,2401,0.179445,0.055,0.735796,0.4,0.801663,0.75,9.8405e-18,0.0001,1.21144e-12,999999,999999,3,Vietnamese Exclusive Economic Zone,,,SVDNB_npp_d20250830_t1814301_e1815542_b71723_c20250830194159405000_oeac_ops.h5,GDNBO_npp_d20250830_t1814301_e1815542_b71723_c20250830193935163000_oeac_ops.h5,SVI04_npp_d20250830_t1814301_e1815542_b71723_c20250830194207485000_oeac_ops.dspace_rad,,eez_v11.shp,WPP_BFAR_merge.shp,vbd_mpa_r20170830.shp,VNF-VBD_npp_20120301-20151231_global_asia-enhanced_c201607211230.bitmask,vbd_landsea_r20220824.mask,timezone.shp,VBD_platforms-recurring_2015_r20170330.shp,999999,VBD_bridges_c20160811.shp,13.103016;11.269409;8.812280;3.958795;6.255141;8.201997,96.038063;110.048721;123.751022;122.491997;108.912346;95.112503,npp_d20250830_t1814301_e1815542_b71723;npp_d20250830_t1815555_e1817196_b71723;npp_d20250830_t1817209_e1818451_b71723;npp_d20250830_t1818463_e1820105_b71723,155.791,45.1147,43.1552,97.5456,119.237,-114.502
151,VBD_npp_d20250830_t1815166_x1035409E_y093603N_l0427_s1162_v23,2025-08-30 20:43:22,9.360291,103.540939,33.705,2025-08-30 18:15:16,2025-08-31 01:15:16,427,1162,0.396798,2,2337,0.141196,0.055,0.798259,0.4,0.704989,0.75,6.55436e-18,0.0001,1.29089e-12,999999,999999,3,Vietnamese Exclusive Economic Zone,,,SVDNB_npp_d20250830_t1814301_e1815542_b71723_c20250830194159405000_oeac_ops.h5,GDNBO_npp_d20250830_t1814301_e1815542_b71723_c20250830193935163000_oeac_ops.h5,SVI04_npp_d20250830_t1814301_e1815542_b71723_c20250830194207485000_oeac_ops.dspace_rad,,eez_v11.shp,WPP_BFAR_merge.shp,vbd_mpa_r20170830.shp,VNF-VBD_npp_20120301-20151231_global_asia-enhanced_c201607211230.bitmask,vbd_landsea_r20220824.mask,timezone.shp,VBD_platforms-recurring_2015_r20170330.shp,999999,VBD_bridges_c20160811.shp,13.103016;11.269409;8.812280;3.958795;6.255141;8.201997,96.038063;110.048721;123.751022;122.491997;108.912346;95.112503,npp_d20250830_t1814301_e1815542_b71723;npp_d20250830_t1815555_e1817196_b71723;npp_d20250830_t1817209_e1818451_b71723;npp_d20250830_t1818463_e1820105_b71723,155.08,44.039,43.043,97.7448,119.716,-114.083
152,VBD_npp_d20250830_t1815166_x1035468E_y093525N_l0428_s1163_v23,2025-08-30 20:43:22,9.352533,103.546829,23.5582,2025-08-30 18:15:16,2025-08-31 01:15:16,428,1163,0.405192,1,2401,0.658861,0.055,0.789953,0.4,0.896553,0.75,6.52532e-18,0.0001,1.27879e-12,999999,999999,3,Vietnamese Exclusive Economic Zone,,,SVDNB_npp_d20250830_t1814301_e1815542_b71723_c20250830194159405000_oeac_ops.h5,GDNBO_npp_d20250830_t1814301_e1815542_b71723_c20250830193935163000_oeac_ops.h5,SVI04_npp_d20250830_t1814301_e1815542_b71723_c20250830194207485000_oeac_ops.dspace_rad,,eez_v11.shp,WPP_BFAR_merge.shp,vbd_mpa_r20170830.shp,VNF-VBD_npp_20120301-20151231_global_asia-enhanced_c201607211230.bitmask,vbd_landsea_r20220824.mask,timezone.shp,VBD_platforms-recurring_2015_r20170330.shp,999999,VBD_bridges_c20160811.shp,13.103016;11.269409;8.812280;3.958795;6.255141;8.201997,96.038063;110.048721;123.751022;122.491997;108.912346;95.112503,npp_d20250830_t1814301_e1815542_b71723;npp_d20250830_t1815555_e1817196_b71723;npp_d20250830_t1817209_e1818451_b71723;npp_d20250830_t1818463_e1820105_b71723,155.082,44.0605,43.007,97.6792,119.719,-114.087
153,VBD_npp_d20250830_t1815184_x1035306E_y092888N_l0438_s1163_v23,2025-08-30 20:43:22,9.288789,103.530586,7.14657,2025-08-30 18:15:18,2025-08-31 01:15:18,438,1163,0.208088,1,2401,0.304612,0.055,0.730058,0.4,0.754726,0.75,6.62894e-18,0.0001,1.29847e-12,999999,999999,3,Vietnamese Exclusive Economic Zone,,,SVDNB_npp_d20250830_t1814301_e1815542_b71723_c20250830194159405000_oeac_ops.h5,GDNBO_npp_d20250830_t1814301_e1815542_b71723_c20250830193935163000_oeac_ops.h5,SVI04_npp_d20250830_t1814301_e1815542_b71723_c20250830194207485000_oeac_ops.dspace_rad,,eez_v11.shp,WPP_BFAR_merge.shp,vbd_mpa_r20170830.shp,VNF-VBD_npp_20120301-20151231_global_asia-enhanced_c201607211230.bitmask,vbd_landsea_r20220824.mask,timezone.shp,VBD_platforms-recurring_2015_r20170330.shp,999999,VBD_bridges_c20160811.shp,13.103016;11.269409;8.812280;3.958795;6.255141;8.201997,96.038063;110.048721;123.751022;122.491997;108.912346;95.112503,npp_d20250830_t1814301_e1815542_b71723;npp_d20250830_t1815555_e1817196_b71723;npp_d20250830_t1817209_e1818451_b71723;npp_d20250830_t1818463_e1820105_b71723,155.134,44.1412,43.0058,98.084,119.685,-114.119
154,VBD_npp_d20250830_t1815166_x1035566E_y093235N_l0432_s1165_v23,2025-08-30 20:43:22,9.323455,103.556602,3.28402,2025-08-30 18:15:16,2025-08-31 01:15:16,432,1165,0.287328,2,2337,0.0930799,0.055,0.778336,0.4,0.398763,0.75,6.48735e-18,0.0001,1.24532e-12,999999,999999,3,Vietnamese Exclusive Economic Zone,,,SVDNB_npp_d20250830_t1814301_e1815542_b71723_c20250830194159405000_oeac_ops.h5,GDNBO_npp_d20250830_t1814301_e1815542_b71723_c20250830193935163000_oeac_ops.h5,SVI04_npp_d20250830_t1814301_e1815542_b71723_c20250830194207485000_oeac_ops.dspace_rad,,eez_v11.shp,WPP_BFAR_merge.shp,vbd_mpa_r20170830.shp,VNF-VBD_npp_20120301-20151231_global_asia-enhanced_c201607211230.bitmask,vbd_landsea_r20220824.mask,timezone.shp,VBD_platforms-recurring_2015_r20170330.shp,999999,VBD_bridges_c20160811.shp,13.103016;11.269409;8.812280;3.958795;6.255141;8.201997,96.038063;110.048721;123.751022;122.491997;108.912346;95.112503,npp_d20250830_t1814301_e1815542_b71723;npp_d20250830_t1815555_e1817196_b71723;npp_d20250830_t1817209_e1818451_b71723;npp_d20250830_t1818463_e1820105_b71723,155.096,44.1206,42.9359,97.4145,119.716,-114.103
155,VBD_npp_d20250830_t1815184_x1035560E_y093198N_l0433_s1166_v23,2025-08-30 20:43:22,9.319841,103.556046,3.15859,2025-08-30 18:15:18,2025-08-31 01:15:18,433,1166,0.319408,2,2337,0.0830949,0.055,0.778336,0.4,0.425006,0.75,6.45782e-18,0.0001,1.30264e-12,999999,999999,3,Vietnamese Exclusive Economic Zone,,,SVDNB_npp_d20250830_t1814301_e1815542_b71723_c20250830194159405000_oeac_ops.h5,GDNBO_npp_d20250830_t1814301_e1815542_b71723_c20250830193935163000_oeac_ops.h5,SVI04_npp_d20250830_t1814301_e1815542_b71723_c20250830194207485000_oeac_ops.dspace_rad,,eez_v11.shp,WPP_BFAR_merge.shp,vbd_mpa_r20170830.shp,VNF-VBD_npp_20120301-20151231_global_asia-enhanced_c201607211230.bitmask,vbd_landsea_r20220824.mask,timezone.shp,VBD_platforms-recurring_2015_r20170330.shp,999999,VBD_bridges_c20160811.shp,13.103016;11.269409;8.812280;3.958795;6.255141;8.201997,96.038063;110.048721;123.751022;122.491997;108.912346;95.112503,npp_d20250830_t1814301_e1815542_b71723;npp_d20250830_t1815555_e1817196_b71723;npp_d20250830_t1817209_e1818451_b71723;npp_d20250830_t1818463_e1820105_b71723,155.094,44.1376,42.8971,98.4209,119.72,-114.105
156,VBD_npp_d20250830_t1815540_x1031000E_y071674N_l0763_s1166_v23,2025-08-30 20:43:22,7.167395,103.100029,159.914,2025-08-30 18:15:54,2025-08-31 01:15:54,763,1166,0.238887,4,100709,0.999161,0.055,0.77155,0.4,0.917534,0.75,1.45037e-17,0.0001,1.06716e-12,999999,999999,3,Malaysian Exclusive Economic Zone,,,SVDNB_npp_d20250830_t1814301_e1815542_b71723_c20250830194159405000_oeac_ops.h5,GDNBO_npp_d20250830_t1814301_e1815542_b71723_c20250830193935163000_oeac_ops.h5,SVI04_npp_d20250830_t1814301_e1815542_b71723_c20250830194207485000_oeac_ops.dspace_rad,,eez_v11.shp,WPP_BFAR_merge.shp,vbd_mpa_r20170830.shp,VNF-VBD_npp_20120301-20151231_global_asia-enhanced_c201607211230.bitmask,vbd_landsea_r20220824.mask,timezone.shp,VBD_platforms-recurring_2015_r20170330.shp,999999,VBD_bridges_c20160811.shp,13.103016;11.269409;8.812280;3.958795;6.255141;8.201997,96.038063;110.048721;123.751022;122.491997;108.912346;95.112503,npp_d20250830_t1814301_e1815542_b71723;npp_d20250830_t1815555_e1817196_b71723;npp_d20250830_t1817209_e1818451_b71723;npp_d20250830_t1818463_e1820105_b71723,156.818,47.0636,42.9028,97.9283,118.551,-115.137
157,VBD_npp_d20250830_t1815504_x1031581E_y073670N_l0732_s1168_v23,2025-08-30 20:43:22,7.366990,103.158150,1.17745,2025-08-30 18:15:50,2025-08-31 01:15:50,732,1168,0.351986,1,2401,0.0916213,0.055,0.462787,0.4,0.82386,0.75,1.43252e-17,0.0001,1.06899e-12,999999,999999,3,Malaysian Exclusive Economic Zone,,,SVDNB_npp_d20250830_t1814301_e1815542_b71723_c20250830194159405000_oeac_ops.h5,GDNBO_npp_d20250830_t1814301_e1815542_b71723_c20250830193935163000_oeac_ops.h5,SVI04_npp_d20250830_t1814301_e1815542_b71723_c20250830194207485000_oeac_ops.dspace_rad,,eez_v11.shp,WPP_BFAR_merge.shp,vbd_mpa_r20170830.shp,VNF-VBD_npp_20120301-20151231_global_asia-enhanced_c201607211230.bitmask,vbd_landsea_r20220824.mask,timezone.shp,VBD_platforms-recurring_2015_r20170330.shp,999999,VBD_bridges_c20160811.shp,13.103016;11.269409;8.812280;3.958795;6.255141;8.201997,96.038063;110.048721;123.751022;122.491997;108.912346;95.112503,npp_d20250830_t1814301_e1815542_b71723;npp_d20250830_t1815555_e1817196_b71723;npp_d20250830_t1817209_e1818451_b71723;npp_d20250830_t1818463_e1820105_b71723,156.651,46.7982,42.8264,97.8452,118.674,-115.046
158,VBD_npp_d20250830_t1815540_x1031116E_y071519N_l0765_s1168_v23,2025-08-30 20:43:22,7.151880,103.111626,4.47815,2025-08-30 18:15:54,2025-08-31 01:15:54,765,1168,0.262787,7,51489,0.0850411,0.055,0.768847,0.4,0.389294,0.75,1.43252e-17,0.0001,1.04871e-12,999999,999999,3,,,,SVDNB_npp_d20250830_t1814301_e1815542_b71723_c20250830194159405000_oeac_ops.h5,GDNBO_npp_d20250830_t1814301_e1815542_b71723_c20250830193935163000_oeac_ops.h5,SVI04_npp_d20250830_t1814301_e1815542_b71723_c20250830194207485000_oeac_ops.dspace_rad,,eez_v11.shp,WPP_BFAR_merge.shp,vbd_mpa_r20170830.shp,VNF-VBD_npp_20120301-20151231_global_asia-enhanced_c201607211230.bitmask,vbd_landsea_r20220824.mask,timezone.shp,VBD_platforms-recurring_2015_r20170330.shp,0.419125,VBD_bridges_c20160811.shp,13.103016;11.269409;8.812280;3.958795;6.255141;8.201997,96.038063;110.048721;123.751022;122.491997;108.912346;95.112503,npp_d20250830_t1814301_e1815542_b71723;npp_d20250830_t1815555_e1817196_b71723;npp_d20250830_t1817209_e1818451_b71723;npp_d20250830_t1818463_e1820105_b71723,156.82,47.1099,42.8307,97.7962,118.554,-115.146
159,VBD_npp_d20250830_t1815184_x1035746E_y093033N_l0435_s1169_v23,2025-08-30 20:43:22,9.303327,103.574570,2.26766,2025-08-30 18:15:18,2025-08-31 01:15:18,435,1169,0.297072,2,2337,0.073175,0.055,0.661824,0.4,0.482329,0.75,6.35849e-18,0.0001,1.2715e-12,999999,999999,3,Vietnamese Exclusive Economic Zone,,,SVDNB_npp_d20250830_t1814301_e1815542_b71723_c20250830194159405000_oeac_ops.h5,GDNBO_npp_d20250830_t1814301_e1815542_b71723_c20250830193935163000_oeac_ops.h5,SVI04_npp_d20250830_t1814301_e1815542_b71723_c20250830194207485000_oeac_ops.dspace_rad,,eez_v11.shp,WPP_BFAR_merge.shp,vbd_mpa_r20170830.shp,VNF-VBD_npp_20120301-20151231_global_asia-enhanced_c201607211230.bitmask,vbd_landsea_r20220824.mask,timezone.shp,VBD_platforms-recurring_2015_r20170330.shp,999999,VBD_bridges_c20160811.shp,13.103016;11.269409;8.812280;3.958795;6.255141;8.201997,96.038063;110.048721;123.751022;122.491997;108.912346;95.112503,npp_d20250830_t1814301_e1815542_b71723;npp_d20250830_t1815555_e1817196_b71723;npp_d20250830_t1817209_e1818451_b71723;npp_d20250830_t1818463_e1820105_b71723,155.093,44.1936,42.7879,98.2914,119.73,-114.114
160,VBD_npp_d20250830_t1815219_x1036030E_y090292N_l0475_s1181_v23,2025-08-30 20:43:22,9.029235,103.602997,12.5713,2025-08-30 18:15:21,2025-08-31 01:15:21,475,1181,0.314784,1,2401,0.654238,0.055,0.872882,0.4,0.953085,0.75,6.24992e-18,0.0001,1.13937e-12,999999,999999,3,Vietnamese Exclusive Economic Zone,,,SVDNB_npp_d20250830_t1814301_e1815542_b71723_c20250830194159405000_oeac_ops.h5,GDNBO_npp_d20250830_t1814301_e1815542_b71723_c20250830193935163000_oeac_ops.h5,SVI04_npp_d20250830_t1814301_e1815542_b71723_c20250830194207485000_oeac_ops.dspace_rad,,eez_v11.shp,WPP_BFAR_merge.shp,vbd_mpa_r20170830.shp,VNF-VBD_npp_20120301-20151231_global_asia-enhanced_c201607211230.bitmask,vbd_landsea_r20220824.mask,timezone.shp,VBD_platforms-recurring_2015_r20170330.shp,999999,VBD_bridges_c20160811.shp,13.103016;11.269409;8.812280;3.958795;6.255141;8.201997,96.038063;110.048721;123.751022;122.491997;108.912346;95.112503,npp_d20250830_t1814301_e1815542_b71723;npp_d20250830_t1815555_e1817196_b71723;npp_d20250830_t1817209_e1818451_b71723;npp_d20250830_t1818463_e1820105_b71723,155.259,44.6813,42.3573,97.7837,119.657,-114.255
161,VBD_npp_d20250830_t1815255_x1035685E_y088400N_l0504_s1182_v23,2025-08-30 20:43:22,8.840036,103.568520,1.15916,2025-08-30 18:15:25,2025-08-31 01:15:25,504,1182,0.34032,2,2337,0.066979,0.055,0.827367,0.4,0.690218,0.75,6.92408e-18,0.0001,1.12859e-12,999999,999999,3,Vietnamese Exclusive Economic Zone,,,SVDNB_npp_d20250830_t1814301_e1815542_b71723_c20250830194159405000_oeac_ops.h5,GDNBO_npp_d20250830_t1814301_e1815542_b71723_c20250830193935163000_oeac_ops.h5,SVI04_npp_d20250830_t1814301_e1815542_b71723_c20250830194207485000_oeac_ops.dspace_rad,,eez_v11.shp,WPP_BFAR_merge.shp,vbd_mpa_r20170830.shp,VNF-VBD_npp_20120301-20151231_global_asia-enhanced_c201607211230.bitmask,vbd_landsea_r20220824.mask,timezone.shp,VBD_platforms-recurring_2015_r20170330.shp,999999,VBD_bridges_c20160811.shp,13.103016;11.269409;8.812280;3.958795;6.255141;8.201997,96.038063;110.048721;123.751022;122.491997;108.912346;95.112503,npp_d20250830_t1814301_e1815542_b71723;npp_d20250830_t1815555_e1817196_b71723;npp_d20250830_t1817209_e1818451_b71723;npp_d20250830_t1818463_e1820105_b71723,155.407,44.9386,42.3191,98.0044,119.561,-114.349
162,VBD_npp_d20250830_t1815255_x1035859E_y088651N_l0500_s1184_v23,2025-08-30 20:43:22,8.865069,103.585861,13.0941,2025-08-30 18:15:25,2025-08-31 01:15:25,500,1184,0.403271,1,2401,0.648058,0.055,0.876414,0.4,0.963663,0.75,6.71615e-18,0.0001,1.1341e-12,999999,999999,3,Vietnamese Exclusive Economic Zone,,,SVDNB_npp_d20250830_t1814301_e1815542_b71723_c20250830194159405000_oeac_ops.h5,GDNBO_npp_d20250830_t1814301_e1815542_b71723_c20250830193935163000_oeac_ops.h5,SVI04_npp_d20250830_t1814301_e1815542_b71723_c20250830194207485000_oeac_ops.dspace_rad,,eez_v11.shp,WPP_BFAR_merge.shp,vbd_mpa_r20170830.shp,VNF-VBD_npp_20120301-20151231_global_asia-enhanced_c201607211230.bitmask,vbd_landsea_r20220824.mask,timezone.shp,VBD_platforms-recurring_2015_r20170330.shp,999999,VBD_bridges_c20160811.shp,13.103016;11.269409;8.812280;3.958795;6.255141;8.201997,96.038063;110.048721;123.751022;122.491997;108.912346;95.112503,npp_d20250830_t1814301_e1815542_b71723;npp_d20250830_t1815555_e1817196_b71723;npp_d20250830_t1817209_e1818451_b71723;npp_d20250830_t1818463_e1820105_b71723,155.377,44.9291,42.2464,98.2764,119.587,-114.338
163,VBD_npp_d20250830_t1815219_x1036299E_y090255N_l0475_s1185_v23,2025-08-30 20:43:22,9.025476,103.629883,7.76498,2025-08-30 18:15:21,2025-08-31 01:15:21,475,1185,0.262574,1,2401,0.483423,0.055,0.867725,0.4,0.927112,0.75,6.08049e-18,0.0001,1.11614e-12,999999,999999,3,Vietnamese Exclusive Economic Zone,,,SVDNB_npp_d20250830_t1814301_e1815542_b71723_c20250830194159405000_oeac_ops.h5,GDNBO_npp_d20250830_t1814301_e1815542_b71723_c20250830193935163000_oeac_ops.h5,SVI04_npp_d20250830_t1814301_e1815542_b71723_c20250830194207485000_oeac_ops.dspace_rad,,eez_v11.shp,WPP_BFAR_merge.shp,vbd_mpa_r20170830.shp,VNF-VBD_npp_20120301-20151231_global_asia-enhanced_c201607211230.bitmask,vbd_landsea_r20220824.mask,timezone.shp,VBD_platforms-recurring_2015_r20170330.shp,999999,VBD_bridges_c20160811.shp,13.103016;11.269409;8.812280;3.958795;6.255141;8.201997,96.038063;110.048721;123.751022;122.491997;108.912346;95.112503,npp_d20250830_t1814301_e1815542_b71723;npp_d20250830_t1815555_e1817196_b71723;npp_d20250830_t1817209_e1818451_b71723;npp_d20250830_t1818463_e1820105_b71723,155.243,44.7322,42.2124,97.7872,119.679,-114.259
164,VBD_npp_d20250830_t1815166_x1037210E_y093147N_l0430_s1189_v23,2025-08-30 20:43:22,9.314671,103.721024,0.975757,2025-08-30 18:15:16,2025-08-31 01:15:16,430,1189,0.400355,10,2305,0.0584053,0.055,0.256288,0.4,0.683942,0.75,5.5168e-18,0.0001,1.10596e-12,999999,999999,3,Vietnamese Exclusive Economic Zone,,,SVDNB_npp_d20250830_t1814301_e1815542_b71723_c20250830194159405000_oeac_ops.h5,GDNBO_npp_d20250830_t1814301_e1815542_b71723_c20250830193935163000_oeac_ops.h5,SVI04_npp_d20250830_t1814301_e1815542_b71723_c20250830194207485000_oeac_ops.dspace_rad,,eez_v11.shp,WPP_BFAR_merge.shp,vbd_mpa_r20170830.shp,VNF-VBD_npp_20120301-20151231_global_asia-enhanced_c201607211230.bitmask,vbd_landsea_r20220824.mask,timezone.shp,VBD_platforms-recurring_2015_r20170330.shp,999999,VBD_bridges_c20160811.shp,13.103016;11.269409;8.812280;3.958795;6.255141;8.201997,96.038063;110.048721;123.751022;122.491997;108.912346;95.112503,npp_d20250830_t1814301_e1815542_b71723;npp_d20250830_t1815555_e1817196_b71723;npp_d20250830_t1817209_e1818451_b71723;npp_d20250830_t1818463_e1820105_b71723,154.989,44.41,42.065,97.5666,119.859,-114.117
165,VBD_npp_d20250830_t1815308_x1035870E_y085496N_l0547_s1194_v23,2025-08-30 20:43:22,8.549633,103.586960,3.5929,2025-08-30 18:15:30,2025-08-31 01:15:30,547,1194,0.276018,1,2401,0.291093,0.055,0.763181,0.4,0.942659,0.75,7.57565e-18,0.0001,1.0575e-12,999999,999999,3,Vietnamese Exclusive Economic Zone,,,SVDNB_npp_d20250830_t1814301_e1815542_b71723_c20250830194159405000_oeac_ops.h5,GDNBO_npp_d20250830_t1814301_e1815542_b71723_c20250830193935163000_oeac_ops.h5,SVI04_npp_d20250830_t1814301_e1815542_b71723_c20250830194207485000_oeac_ops.dspace_rad,,eez_v11.shp,WPP_BFAR_merge.shp,vbd_mpa_r20170830.shp,VNF-VBD_npp_20120301-20151231_global_asia-enhanced_c201607211230.bitmask,vbd_landsea_r20220824.mask,timezone.shp,VBD_platforms-recurring_2015_r20170330.shp,999999,VBD_bridges_c20160811.shp,13.103016;11.269409;8.812280;3.958795;6.255141;8.201997,96.038063;110.048721;123.751022;122.491997;108.912346;95.112503,npp_d20250830_t1814301_e1815542_b71723;npp_d20250830_t1815555_e1817196_b71723;npp_d20250830_t1817209_e1818451_b71723;npp_d20250830_t1818463_e1820105_b71723,155.583,45.459,41.8841,98.3838,119.478,-114.497
166,VBD_npp_d20250830_t1815024_x1039558E_y102161N_l0291_s1196_v23,2025-08-30 20:43:22,10.216102,103.955780,5.27534,2025-08-30 18:15:02,2025-08-31 01:15:02,291,1196,0.282277,2,2337,0.0826186,0.055,0.65548,0.4,0.348376,0.75,3.49379e-18,0.0001,1.18215e-12,999999,999999,1,Vietnamese Exclusive Economic Zone,,,SVDNB_npp_d20250830_t1814301_e1815542_b71723_c20250830194159405000_oeac_ops.h5,GDNBO_npp_d20250830_t1814301_e1815542_b71723_c20250830193935163000_oeac_ops.h5,SVI04_npp_d20250830_t1814301_e1815542_b71723_c20250830194207485000_oeac_ops.dspace_rad,,eez_v11.shp,WPP_BFAR_merge.shp,vbd_mpa_r20170830.shp,VNF-VBD_npp_20120301-20151231_global_asia-enhanced_c201607211230.bitmask,vbd_landsea_r20220824.mask,timezone.shp,VBD_platforms-recurring_2015_r20170330.shp,999999,VBD_bridges_c20160811.shp,13.103016;11.269409;8.812280;3.958795;6.255141;8.201997,96.038063;110.048721;123.751022;122.491997;108.912346;95.112503,npp_d20250830_t1814301_e1815542_b71723;npp_d20250830_t1815555_e1817196_b71723;npp_d20250830_t1817209_e1818451_b71723;npp_d20250830_t1818463_e1820105_b71723,154.22,43.3856,41.8085,98.2564,120.38,-113.663
167,VBD_npp_d20250830_t1815291_x1036140E_y085983N_l0539_s1196_v23,2025-08-30 20:43:22,8.598279,103.614021,3.59511,2025-08-30 18:15:29,2025-08-31 01:15:29,539,1196,0.321542,1,2401,0.275573,0.055,0.772544,0.4,0.909938,0.75,7.29964e-18,0.0001,1.02473e-12,999999,999999,3,Vietnamese Exclusive Economic Zone,,,SVDNB_npp_d20250830_t1814301_e1815542_b71723_c20250830194159405000_oeac_ops.h5,GDNBO_npp_d20250830_t1814301_e1815542_b71723_c20250830193935163000_oeac_ops.h5,SVI04_npp_d20250830_t1814301_e1815542_b71723_c20250830194207485000_oeac_ops.dspace_rad,,eez_v11.shp,WPP_BFAR_merge.shp,vbd_mpa_r20170830.shp,VNF-VBD_npp_20120301-20151231_global_asia-enhanced_c201607211230.bitmask,vbd_landsea_r20220824.mask,timezone.shp,VBD_platforms-recurring_2015_r20170330.shp,999999,VBD_bridges_c20160811.shp,13.103016;11.269409;8.812280;3.958795;6.255141;8.201997,96.038063;110.048721;123.751022;122.491997;108.912346;95.112503,npp_d20250830_t1814301_e1815542_b71723;npp_d20250830_t1815555_e1817196_b71723;npp_d20250830_t1817209_e1818451_b71723;npp_d20250830_t1818463_e1820105_b71723,155.535,45.4156,41.8159,97.8309,119.516,-114.474
168,VBD_npp_d20250830_t1815308_x1036010E_y085066N_l0553_s1197_v23,2025-08-30 20:43:22,8.506595,103.600975,3.11562,2025-08-30 18:15:30,2025-08-31 01:15:30,553,1197,0.326023,1,2401,0.241843,0.055,0.75837,0.4,0.877248,0.75,7.63736e-18,0.0001,1.01915e-12,999999,999999,3,Vietnamese Exclusive Economic Zone,,,SVDNB_npp_d20250830_t1814301_e1815542_b71723_c20250830194159405000_oeac_ops.h5,GDNBO_npp_d20250830_t1814301_e1815542_b71723_c20250830193935163000_oeac_ops.h5,SVI04_npp_d20250830_t1814301_e1815542_b71723_c20250830194207485000_oeac_ops.dspace_rad,,eez_v11.shp,WPP_BFAR_merge.shp,vbd_mpa_r20170830.shp,VNF-VBD_npp_20120301-20151231_global_asia-enhanced_c201607211230.bitmask,vbd_landsea_r20220824.mask,timezone.shp,VBD_platforms-recurring_2015_r20170330.shp,999999,VBD_bridges_c20160811.shp,13.103016;11.269409;8.812280;3.958795;6.255141;8.201997,96.038063;110.048721;123.751022;122.491997;108.912346;95.112503,npp_d20250830_t1814301_e1815542_b71723;npp_d20250830_t1815555_e1817196_b71723;npp_d20250830_t1817209_e1818451_b71723;npp_d20250830_t1818463_e1820105_b71723,155.603,45.5501,41.7759,97.9785,119.473,-114.52
169,VBD_npp_d20250830_t1815326_x1035997E_y084537N_l0561_s1199_v23,2025-08-30 20:43:22,8.453732,103.599670,2.92433,2025-08-30 18:15:32,2025-08-31 01:15:32,561,1199,0.243582,1,2401,0.225207,0.055,0.662352,0.4,0.868808,0.75,7.78075e-18,0.0001,1.03139e-12,999999,999999,3,Vietnamese Exclusive Economic Zone,,,SVDNB_npp_d20250830_t1814301_e1815542_b71723_c20250830194159405000_oeac_ops.h5,GDNBO_npp_d20250830_t1814301_e1815542_b71723_c20250830193935163000_oeac_ops.h5,SVI04_npp_d20250830_t1814301_e1815542_b71723_c20250830194207485000_oeac_ops.dspace_rad,,eez_v11.shp,WPP_BFAR_merge.shp,vbd_mpa_r20170830.shp,VNF-VBD_npp_20120301-20151231_global_asia-enhanced_c201607211230.bitmask,vbd_landsea_r20220824.mask,timezone.shp,VBD_platforms-recurring_2015_r20170330.shp,999999,VBD_bridges_c20160811.shp,13.103016;11.269409;8.812280;3.958795;6.255141;8.201997,96.038063;110.048721;123.751022;122.491997;108.912346;95.112503,npp_d20250830_t1814301_e1815542_b71723;npp_d20250830_t1815555_e1817196_b71723;npp_d20250830_t1817209_e1818451_b71723;npp_d20250830_t1818463_e1820105_b71723,155.636,45.6437,41.7037,98.5323,119.456,-114.547
170,VBD_npp_d20250830_t1815059_x1039418E_y099419N_l0332_s1202_v23,2025-08-30 20:43:22,9.941930,103.941811,6.45827,2025-08-30 18:15:05,2025-08-31 01:15:05,332,1202,0.399928,1,2401,0.436885,0.055,0.834991,0.4,0.942844,0.75,4.02332e-18,0.0001,1.09181e-12,999999,999999,3,Vietnamese Exclusive Economic Zone,,,SVDNB_npp_d20250830_t1814301_e1815542_b71723_c20250830194159405000_oeac_ops.h5,GDNBO_npp_d20250830_t1814301_e1815542_b71723_c20250830193935163000_oeac_ops.h5,SVI04_npp_d20250830_t1814301_e1815542_b71723_c20250830194207485000_oeac_ops.dspace_rad,,eez_v11.shp,WPP_BFAR_merge.shp,vbd_mpa_r20170830.shp,VNF-VBD_npp_20120301-20151231_global_asia-enhanced_c201607211230.bitmask,vbd_landsea_r20220824.mask,timezone.shp,VBD_platforms-recurring_2015_r20170330.shp,999999,VBD_bridges_c20160811.shp,13.103016;11.269409;8.812280;3.958795;6.255141;8.201997,96.038063;110.048721;123.751022;122.491997;108.912346;95.112503,npp_d20250830_t1814301_e1815542_b71723;npp_d20250830_t1815555_e1817196_b71723;npp_d20250830_t1817209_e1818451_b71723;npp_d20250830_t1818463_e1820105_b71723,154.418,43.7801,41.5972,97.6653,120.271,-113.806
171,VBD_npp_d20250830_t1814553_x1040856E_y105457N_l0239_s1204_v23,2025-08-30 20:43:22,10.545731,104.085571,2.66281,2025-08-30 18:14:55,2025-08-31 01:14:55,239,1204,0.343236,1,2401,0.172427,0.055,0.815543,0.4,0.78489,0.75,2.82776e-18,0.0001,1.11561e-12,999999,999999,3,Cambodian Exclusive Economic Zone,,,SVDNB_npp_d20250830_t1814301_e1815542_b71723_c20250830194159405000_oeac_ops.h5,GDNBO_npp_d20250830_t1814301_e1815542_b71723_c20250830193935163000_oeac_ops.h5,SVI04_npp_d20250830_t1814301_e1815542_b71723_c20250830194207485000_oeac_ops.dspace_rad,,eez_v11.shp,WPP_BFAR_merge.shp,vbd_mpa_r20170830.shp,VNF-VBD_npp_20120301-20151231_global_asia-enhanced_c201607211230.bitmask,vbd_landsea_r20220824.mask,timezone.shp,VBD_platforms-recurring_2015_r20170330.shp,999999,VBD_bridges_c20160811.shp,13.103016;11.269409;8.812280;3.958795;6.255141;8.201997,96.038063;110.048721;123.751022;122.491997;108.912346;95.112503,npp_d20250830_t1814301_e1815542_b71723;npp_d20250830_t1815555_e1817196_b71723;npp_d20250830_t1817209_e1818451_b71723;npp_d20250830_t1818463_e1820105_b71723,153.912,43.0869,41.5219,97.4141,120.601,-113.495
172,VBD_npp_d20250830_t1815059_x1039531E_y099268N_l0334_s1204_v23,2025-08-30 20:43:22,9.926763,103.953072,3.70971,2025-08-30 18:15:05,2025-08-31 01:15:05,334,1204,0.403129,1,2401,0.286159,0.055,0.850392,0.4,0.911436,0.75,4.01788e-18,0.0001,1.07279e-12,999999,999999,3,Vietnamese Exclusive Economic Zone,,,SVDNB_npp_d20250830_t1814301_e1815542_b71723_c20250830194159405000_oeac_ops.h5,GDNBO_npp_d20250830_t1814301_e1815542_b71723_c20250830193935163000_oeac_ops.h5,SVI04_npp_d20250830_t1814301_e1815542_b71723_c20250830194207485000_oeac_ops.dspace_rad,,eez_v11.shp,WPP_BFAR_merge.shp,vbd_mpa_r20170830.shp,VNF-VBD_npp_20120301-20151231_global_asia-enhanced_c201607211230.bitmask,vbd_landsea_r20220824.mask,timezone.shp,VBD_platforms-recurring_2015_r20170330.shp,999999,VBD_bridges_c20160811.shp,13.103016;11.269409;8.812280;3.958795;6.255141;8.201997,96.038063;110.048721;123.751022;122.491997;108.912346;95.112503,npp_d20250830_t1814301_e1815542_b71723;npp_d20250830_t1815555_e1817196_b71723;npp_d20250830_t1817209_e1818451_b71723;npp_d20250830_t1818463_e1820105_b71723,154.421,43.8207,41.5259,97.5301,120.275,-113.814
173,VBD_npp_d20250830_t1815077_x1039424E_y099023N_l0338_s1204_v23,2025-08-30 20:43:22,9.902304,103.942444,2.21709,2025-08-30 18:15:07,2025-08-31 01:15:07,338,1204,0.400995,1,2401,0.165201,0.055,0.848363,0.4,0.857307,0.75,4.07776e-18,0.0001,1.11464e-12,999999,999999,3,Vietnamese Exclusive Economic Zone,,,SVDNB_npp_d20250830_t1814301_e1815542_b71723_c20250830194159405000_oeac_ops.h5,GDNBO_npp_d20250830_t1814301_e1815542_b71723_c20250830193935163000_oeac_ops.h5,SVI04_npp_d20250830_t1814301_e1815542_b71723_c20250830194207485000_oeac_ops.dspace_rad,,eez_v11.shp,WPP_BFAR_merge.shp,vbd_mpa_r20170830.shp,VNF-VBD_npp_20120301-20151231_global_asia-enhanced_c201607211230.bitmask,vbd_landsea_r20220824.mask,timezone.shp,VBD_platforms-recurring_2015_r20170330.shp,999999,VBD_bridges_c20160811.shp,13.103016;11.269409;8.812280;3.958795;6.255141;8.201997,96.038063;110.048721;123.751022;122.491997;108.912346;95.112503,npp_d20250830_t1814301_e1815542_b71723;npp_d20250830_t1815555_e1817196_b71723;npp_d20250830_t1817209_e1818451_b71723;npp_d20250830_t1818463_e1820105_b71723,154.441,43.8508,41.5244,98.3575,120.262,-113.827
174,VBD_npp_d20250830_t1814570_x1040938E_y105186N_l0243_s1207_v23,2025-08-30 20:43:22,10.518615,104.093803,14.3189,2025-08-30 18:14:57,2025-08-31 01:14:57,243,1207,0.36486,1,2401,0.656699,0.055,0.82711,0.4,0.93527,0.75,2.83089e-18,0.0001,1.14352e-12,999999,999999,3,Cambodian Exclusive Economic Zone,,,SVDNB_npp_d20250830_t1814301_e1815542_b71723_c20250830194159405000_oeac_ops.h5,GDNBO_npp_d20250830_t1814301_e1815542_b71723_c20250830193935163000_oeac_ops.h5,SVI04_npp_d20250830_t1814301_e1815542_b71723_c20250830194207485000_oeac_ops.dspace_rad,,eez_v11.shp,WPP_BFAR_merge.shp,vbd_mpa_r20170830.shp,VNF-VBD_npp_20120301-20151231_global_asia-enhanced_c201607211230.bitmask,vbd_landsea_r20220824.mask,timezone.shp,VBD_platforms-recurring_2015_r20170330.shp,999999,VBD_bridges_c20160811.shp,13.103016;11.269409;8.812280;3.958795;6.255141;8.201997,96.038063;110.048721;123.751022;122.491997;108.912346;95.112503,npp_d20250830_t1814301_e1815542_b71723;npp_d20250830_t1815555_e1817196_b71723;npp_d20250830_t1817209_e1818451_b71723;npp_d20250830_t1818463_e1820105_b71723,153.921,43.1505,41.4169,98.2458,120.604,-113.51
175,VBD_npp_d20250830_t1815042_x1039965E_y100415N_l0316_s1207_v23,2025-08-30 20:43:22,10.041463,103.996506,51.2028,2025-08-30 18:15:04,2025-08-31 01:15:04,316,1207,0.390325,1,2401,0.811737,0.055,0.803865,0.4,0.905595,0.75,3.69849e-18,0.0001,1.07293e-12,999999,999999,3,Vietnamese Exclusive Economic Zone,,,SVDNB_npp_d20250830_t1814301_e1815542_b71723_c20250830194159405000_oeac_ops.h5,GDNBO_npp_d20250830_t1814301_e1815542_b71723_c20250830193935163000_oeac_ops.h5,SVI04_npp_d20250830_t1814301_e1815542_b71723_c20250830194207485000_oeac_ops.dspace_rad,,eez_v11.shp,WPP_BFAR_merge.shp,vbd_mpa_r20170830.shp,VNF-VBD_npp_20120301-20151231_global_asia-enhanced_c201607211230.bitmask,vbd_landsea_r20220824.mask,timezone.shp,VBD_platforms-recurring_2015_r20170330.shp,999999,VBD_bridges_c20160811.shp,13.103016;11.269409;8.812280;3.958795;6.255141;8.201997,96.038063;110.048721;123.751022;122.491997;108.912346;95.112503,npp_d20250830_t1814301_e1815542_b71723;npp_d20250830_t1815555_e1817196_b71723;npp_d20250830_t1817209_e1818451_b71723;npp_d20250830_t1818463_e1820105_b71723,154.314,43.7149,41.419,97.6592,120.353,-113.756
176,VBD_npp_d20250830_t1815059_x1039728E_y099241N_l0334_s1207_v23,2025-08-30 20:43:22,9.924051,103.972816,6.38135,2025-08-30 18:15:05,2025-08-31 01:15:05,334,1207,0.399714,1,2401,0.409007,0.055,0.855618,0.4,0.882498,0.75,3.9644e-18,0.0001,1.05698e-12,999999,999999,3,Vietnamese Exclusive Economic Zone,,,SVDNB_npp_d20250830_t1814301_e1815542_b71723_c20250830194159405000_oeac_ops.h5,GDNBO_npp_d20250830_t1814301_e1815542_b71723_c20250830193935163000_oeac_ops.h5,SVI04_npp_d20250830_t1814301_e1815542_b71723_c20250830194207485000_oeac_ops.dspace_rad,,eez_v11.shp,WPP_BFAR_merge.shp,vbd_mpa_r20170830.shp,VNF-VBD_npp_20120301-20151231_global_asia-enhanced_c201607211230.bitmask,vbd_landsea_r20220824.mask,timezone.shp,VBD_platforms-recurring_2015_r20170330.shp,999999,VBD_bridges_c20160811.shp,13.103016;11.269409;8.812280;3.958795;6.255141;8.201997,96.038063;110.048721;123.751022;122.491997;108.912346;95.112503,npp_d20250830_t1814301_e1815542_b71723;npp_d20250830_t1815555_e1817196_b71723;npp_d20250830_t1817209_e1818451_b71723;npp_d20250830_t1818463_e1820105_b71723,154.409,43.8573,41.4177,97.5326,120.291,-113.816
177,VBD_npp_d20250830_t1815540_x1033788E_y071206N_l0764_s1208_v23,2025-08-30 20:43:22,7.120647,103.378769,1.30253,2025-08-30 18:15:54,2025-08-31 01:15:54,764,1208,0.368275,8,18721,0.0946842,0.055,0.84671,0.4,0.732085,0.75,1.1417e-17,0.0001,8.68126e-13,999999,999999,3,Malaysian Exclusive Economic Zone,,,SVDNB_npp_d20250830_t1814301_e1815542_b71723_c20250830194159405000_oeac_ops.h5,GDNBO_npp_d20250830_t1814301_e1815542_b71723_c20250830193935163000_oeac_ops.h5,SVI04_npp_d20250830_t1814301_e1815542_b71723_c20250830194207485000_oeac_ops.dspace_rad,,eez_v11.shp,WPP_BFAR_merge.shp,vbd_mpa_r20170830.shp,VNF-VBD_npp_20120301-20151231_global_asia-enhanced_c201607211230.bitmask,vbd_landsea_r20220824.mask,timezone.shp,VBD_platforms-recurring_2015_r20170330.shp,0.416352,VBD_bridges_c20160811.shp,13.103016;11.269409;8.812280;3.958795;6.255141;8.201997,96.038063;110.048721;123.751022;122.491997;108.912346;95.112503,npp_d20250830_t1814301_e1815542_b71723;npp_d20250830_t1815555_e1817196_b71723;npp_d20250830_t1817209_e1818451_b71723;npp_d20250830_t1818463_e1820105_b71723,156.646,47.6141,41.3833,97.8869,118.779,-115.187
178,VBD_npp_d20250830_t1815077_x1039766E_y099057N_l0337_s1209_v23,2025-08-30 20:43:22,9.905748,103.976646,3.49281,2025-08-30 18:15:07,2025-08-31 01:15:07,337,1209,0.399074,8,18785,0.246346,0.055,0.846849,0.4,0.832448,0.75,3.97267e-18,0.0001,1.09221e-12,999999,999999,3,Vietnamese Exclusive Economic Zone,,,SVDNB_npp_d20250830_t1814301_e1815542_b71723_c20250830194159405000_oeac_ops.h5,GDNBO_npp_d20250830_t1814301_e1815542_b71723_c20250830193935163000_oeac_ops.h5,SVI04_npp_d20250830_t1814301_e1815542_b71723_c20250830194207485000_oeac_ops.dspace_rad,,eez_v11.shp,WPP_BFAR_merge.shp,vbd_mpa_r20170830.shp,VNF-VBD_npp_20120301-20151231_global_asia-enhanced_c201607211230.bitmask,vbd_landsea_r20220824.mask,timezone.shp,VBD_platforms-recurring_2015_r20170330.shp,0.984375,VBD_bridges_c20160811.shp,13.103016;11.269409;8.812280;3.958795;6.255141;8.201997,96.038063;110.048721;123.751022;122.491997;108.912346;95.112503,npp_d20250830_t1814301_e1815542_b71723;npp_d20250830_t1815555_e1817196_b71723;npp_d20250830_t1817209_e1818451_b71723;npp_d20250830_t1818463_e1820105_b71723,154.415,43.9024,41.3434,98.4489,120.294,-113.827
179,VBD_npp_d20250830_t1815504_x1034439E_y073675N_l0726_s1210_v23,2025-08-30 20:43:22,7.367545,103.443886,12.5181,2025-08-30 18:15:50,2025-08-31 01:15:50,726,1210,0.311156,1,2401,0.626079,0.055,0.840237,0.4,0.951065,0.75,1.1314e-17,0.0001,8.91136e-13,999999,999999,3,Malaysian Exclusive Economic Zone,,,SVDNB_npp_d20250830_t1814301_e1815542_b71723_c20250830194159405000_oeac_ops.h5,GDNBO_npp_d20250830_t1814301_e1815542_b71723_c20250830193935163000_oeac_ops.h5,SVI04_npp_d20250830_t1814301_e1815542_b71723_c20250830194207485000_oeac_ops.dspace_rad,,eez_v11.shp,WPP_BFAR_merge.shp,vbd_mpa_r20170830.shp,VNF-VBD_npp_20120301-20151231_global_asia-enhanced_c201607211230.bitmask,vbd_landsea_r20220824.mask,timezone.shp,VBD_platforms-recurring_2015_r20170330.shp,999999,VBD_bridges_c20160811.shp,13.103016;11.269409;8.812280;3.958795;6.255141;8.201997,96.038063;110.048721;123.751022;122.491997;108.912346;95.112503,npp_d20250830_t1814301_e1815542_b71723;npp_d20250830_t1815555_e1817196_b71723;npp_d20250830_t1817209_e1818451_b71723;npp_d20250830_t1818463_e1820105_b71723,156.443,47.279,41.3032,98.2892,118.929,-115.073
180,VBD_npp_d20250830_t1815077_x1039924E_y098685N_l0342_s1212_v23,2025-08-30 20:43:22,9.868529,103.992371,6.18174,2025-08-30 18:15:07,2025-08-31 01:15:07,342,1212,0.403556,1,2401,0.396273,0.055,0.835352,0.4,0.877493,0.75,3.99079e-18,0.0001,1.05453e-12,999999,999999,3,Vietnamese Exclusive Economic Zone,,,SVDNB_npp_d20250830_t1814301_e1815542_b71723_c20250830194159405000_oeac_ops.h5,GDNBO_npp_d20250830_t1814301_e1815542_b71723_c20250830193935163000_oeac_ops.h5,SVI04_npp_d20250830_t1814301_e1815542_b71723_c20250830194207485000_oeac_ops.dspace_rad,,eez_v11.shp,WPP_BFAR_merge.shp,vbd_mpa_r20170830.shp,VNF-VBD_npp_20120301-20151231_global_asia-enhanced_c201607211230.bitmask,vbd_landsea_r20220824.mask,timezone.shp,VBD_platforms-recurring_2015_r20170330.shp,999999,VBD_bridges_c20160811.shp,13.103016;11.269409;8.812280;3.958795;6.255141;8.201997,96.038063;110.048721;123.751022;122.491997;108.912346;95.112503,npp_d20250830_t1814301_e1815542_b71723;npp_d20250830_t1815555_e1817196_b71723;npp_d20250830_t1817209_e1818451_b71723;npp_d20250830_t1818463_e1820105_b71723,154.431,43.9824,41.2292,98.0985,120.293,-113.847
181,VBD_npp_d20250830_t1815042_x1040432E_y100762N_l0310_s1213_v23,2025-08-30 20:43:22,10.076191,104.043205,3.95404,2025-08-30 18:15:04,2025-08-31 01:15:04,310,1213,0.387693,2,2337,0.122743,0.055,0.770446,0.4,0.450881,0.75,3.51247e-18,0.0001,1.06478e-12,999999,999999,3,Vietnamese Exclusive Economic Zone,,,SVDNB_npp_d20250830_t1814301_e1815542_b71723_c20250830194159405000_oeac_ops.h5,GDNBO_npp_d20250830_t1814301_e1815542_b71723_c20250830193935163000_oeac_ops.h5,SVI04_npp_d20250830_t1814301_e1815542_b71723_c20250830194207485000_oeac_ops.dspace_rad,,eez_v11.shp,WPP_BFAR_merge.shp,vbd_mpa_r20170830.shp,VNF-VBD_npp_20120301-20151231_global_asia-enhanced_c201607211230.bitmask,vbd_landsea_r20220824.mask,timezone.shp,VBD_platforms-recurring_2015_r20170330.shp,999999,VBD_bridges_c20160811.shp,13.103016;11.269409;8.812280;3.958795;6.255141;8.201997,96.038063;110.048721;123.751022;122.491997;108.912346;95.112503,npp_d20250830_t1814301_e1815542_b71723;npp_d20250830_t1815555_e1817196_b71723;npp_d20250830_t1817209_e1818451_b71723;npp_d20250830_t1818463_e1820105_b71723,154.257,43.7423,41.1933,98.0838,120.409,-113.741
182,VBD_npp_d20250830_t1815326_x1036891E_y084142N_l0565_s1213_v23,2025-08-30 20:43:22,8.414237,103.689102,4.61834,2025-08-30 18:15:32,2025-08-31 01:15:32,565,1213,0.395518,1,2401,0.352492,0.055,0.802603,0.4,0.947279,0.75,7.40682e-18,0.0001,9.49885e-13,999999,999999,3,Vietnamese Exclusive Economic Zone,,,SVDNB_npp_d20250830_t1814301_e1815542_b71723_c20250830194159405000_oeac_ops.h5,GDNBO_npp_d20250830_t1814301_e1815542_b71723_c20250830193935163000_oeac_ops.h5,SVI04_npp_d20250830_t1814301_e1815542_b71723_c20250830194207485000_oeac_ops.dspace_rad,,eez_v11.shp,WPP_BFAR_merge.shp,vbd_mpa_r20170830.shp,VNF-VBD_npp_20120301-20151231_global_asia-enhanced_c201607211230.bitmask,vbd_landsea_r20220824.mask,timezone.shp,VBD_platforms-recurring_2015_r20170330.shp,999999,VBD_bridges_c20160811.shp,13.103016;11.269409;8.812280;3.958795;6.255141;8.201997,96.038063;110.048721;123.751022;122.491997;108.912346;95.112503,npp_d20250830_t1814301_e1815542_b71723;npp_d20250830_t1815555_e1817196_b71723;npp_d20250830_t1817209_e1818451_b71723;npp_d20250830_t1818463_e1820105_b71723,155.6,45.8554,41.1899,98.2819,119.52,-114.573
183,VBD_npp_d20250830_t1815042_x1040431E_y100273N_l0317_s1214_v23,2025-08-30 20:43:22,10.027323,104.043129,6.22888,2025-08-30 18:15:04,2025-08-31 01:15:04,317,1214,0.403698,2,2337,0.224585,0.055,0.799127,0.4,0.624289,0.75,3.59639e-18,0.0001,1.03084e-12,999999,999999,3,Vietnamese Exclusive Economic Zone,,,SVDNB_npp_d20250830_t1814301_e1815542_b71723_c20250830194159405000_oeac_ops.h5,GDNBO_npp_d20250830_t1814301_e1815542_b71723_c20250830193935163000_oeac_ops.h5,SVI04_npp_d20250830_t1814301_e1815542_b71723_c20250830194207485000_oeac_ops.dspace_rad,,eez_v11.shp,WPP_BFAR_merge.shp,vbd_mpa_r20170830.shp,VNF-VBD_npp_20120301-20151231_global_asia-enhanced_c201607211230.bitmask,vbd_landsea_r20220824.mask,timezone.shp,VBD_platforms-recurring_2015_r20170330.shp,999999,VBD_bridges_c20160811.shp,13.103016;11.269409;8.812280;3.958795;6.255141;8.201997,96.038063;110.048721;123.751022;122.491997;108.912346;95.112503,npp_d20250830_t1814301_e1815542_b71723;npp_d20250830_t1815555_e1817196_b71723;npp_d20250830_t1817209_e1818451_b71723;npp_d20250830_t1818463_e1820105_b71723,154.292,43.8123,41.1569,97.5874,120.389,-113.766
184,VBD_npp_d20250830_t1815184_x1038744E_y092475N_l0437_s1214_v23,2025-08-30 20:43:22,9.247464,103.874435,2.69172,2025-08-30 18:15:18,2025-08-31 01:15:18,437,1214,0.409317,1,2401,0.222693,0.055,0.692808,0.4,0.878225,0.75,4.97633e-18,0.0001,1.00241e-12,999999,999999,3,Vietnamese Exclusive Economic Zone,,,SVDNB_npp_d20250830_t1814301_e1815542_b71723_c20250830194159405000_oeac_ops.h5,GDNBO_npp_d20250830_t1814301_e1815542_b71723_c20250830193935163000_oeac_ops.h5,SVI04_npp_d20250830_t1814301_e1815542_b71723_c20250830194207485000_oeac_ops.dspace_rad,,eez_v11.shp,WPP_BFAR_merge.shp,vbd_mpa_r20170830.shp,VNF-VBD_npp_20120301-20151231_global_asia-enhanced_c201607211230.bitmask,vbd_landsea_r20220824.mask,timezone.shp,VBD_platforms-recurring_2015_r20170330.shp,999999,VBD_bridges_c20160811.shp,13.103016;11.269409;8.812280;3.958795;6.255141;8.201997,96.038063;110.048721;123.751022;122.491997;108.912346;95.112503,npp_d20250830_t1814301_e1815542_b71723;npp_d20250830_t1815555_e1817196_b71723;npp_d20250830_t1817209_e1818451_b71723;npp_d20250830_t1818463_e1820105_b71723,154.925,44.7789,41.1504,98.2184,119.975,-114.162
185,VBD_npp_d20250830_t1815273_x1037522E_y086510N_l0528_s1214_v23,2025-08-30 20:43:22,8.651003,103.752220,2.48864,2025-08-30 18:15:27,2025-08-31 01:15:27,528,1214,0.247565,1,2401,0.198723,0.055,0.576481,0.4,0.854552,0.75,6.46883e-18,0.0001,9.27489e-13,999999,999999,3,Vietnamese Exclusive Economic Zone,,,SVDNB_npp_d20250830_t1814301_e1815542_b71723_c20250830194159405000_oeac_ops.h5,GDNBO_npp_d20250830_t1814301_e1815542_b71723_c20250830193935163000_oeac_ops.h5,SVI04_npp_d20250830_t1814301_e1815542_b71723_c20250830194207485000_oeac_ops.dspace_rad,,eez_v11.shp,WPP_BFAR_merge.shp,vbd_mpa_r20170830.shp,VNF-VBD_npp_20120301-20151231_global_asia-enhanced_c201607211230.bitmask,vbd_landsea_r20220824.mask,timezone.shp,VBD_platforms-recurring_2015_r20170330.shp,999999,VBD_bridges_c20160811.shp,13.103016;11.269409;8.812280;3.958795;6.255141;8.201997,96.038063;110.048721;123.751022;122.491997;108.912346;95.112503,npp_d20250830_t1814301_e1815542_b71723;npp_d20250830_t1815555_e1817196_b71723;npp_d20250830_t1817209_e1818451_b71723;npp_d20250830_t1818463_e1820105_b71723,155.406,45.5515,41.153,97.4791,119.654,-114.458
186,VBD_npp_d20250830_t1815540_x1034226E_y071346N_l0761_s1214_v23,2025-08-30 20:43:22,7.134613,103.422562,20.9475,2025-08-30 18:15:54,2025-08-31 01:15:54,761,1214,0.399288,1,2401,0.781266,0.055,0.891706,0.4,0.909745,0.75,1.11079e-17,0.0001,8.52472e-13,999999,999999,3,Malaysian Exclusive Economic Zone,,,SVDNB_npp_d20250830_t1814301_e1815542_b71723_c20250830194159405000_oeac_ops.h5,GDNBO_npp_d20250830_t1814301_e1815542_b71723_c20250830193935163000_oeac_ops.h5,SVI04_npp_d20250830_t1814301_e1815542_b71723_c20250830194207485000_oeac_ops.dspace_rad,,eez_v11.shp,WPP_BFAR_merge.shp,vbd_mpa_r20170830.shp,VNF-VBD_npp_20120301-20151231_global_asia-enhanced_c201607211230.bitmask,vbd_landsea_r20220824.mask,timezone.shp,VBD_platforms-recurring_2015_r20170330.shp,999999,VBD_bridges_c20160811.shp,13.103016;11.269409;8.812280;3.958795;6.255141;8.201997,96.038063;110.048721;123.751022;122.491997;108.912346;95.112503,npp_d20250830_t1814301_e1815542_b71723;npp_d20250830_t1815555_e1817196_b71723;npp_d20250830_t1817209_e1818451_b71723;npp_d20250830_t1818463_e1820105_b71723,156.605,47.6634,41.1559,98.0964,118.824,-115.185
187,VBD_npp_d20250830_t1815077_x1040149E_y098793N_l0340_s1215_v23,2025-08-30 20:43:22,9.879294,104.014946,2.43529,2025-08-30 18:15:07,2025-08-31 01:15:07,340,1215,0.400141,1,2401,0.179884,0.055,0.802561,0.4,0.834339,0.75,3.90724e-18,0.0001,1.04657e-12,999999,999999,3,Vietnamese Exclusive Economic Zone,,,SVDNB_npp_d20250830_t1814301_e1815542_b71723_c20250830194159405000_oeac_ops.h5,GDNBO_npp_d20250830_t1814301_e1815542_b71723_c20250830193935163000_oeac_ops.h5,SVI04_npp_d20250830_t1814301_e1815542_b71723_c20250830194207485000_oeac_ops.dspace_rad,,eez_v11.shp,WPP_BFAR_merge.shp,vbd_mpa_r20170830.shp,VNF-VBD_npp_20120301-20151231_global_asia-enhanced_c201607211230.bitmask,vbd_landsea_r20220824.mask,timezone.shp,VBD_platforms-recurring_2015_r20170330.shp,999999,VBD_bridges_c20160811.shp,13.103016;11.269409;8.812280;3.958795;6.255141;8.201997,96.038063;110.048721;123.751022;122.491997;108.912346;95.112503,npp_d20250830_t1814301_e1815542_b71723;npp_d20250830_t1815555_e1817196_b71723;npp_d20250830_t1817209_e1818451_b71723;npp_d20250830_t1818463_e1820105_b71723,154.408,44.0041,41.1155,98.2445,120.317,-113.842
188,VBD_npp_d20250830_t1815291_x1037508E_y086483N_l0529_s1215_v23,2025-08-30 20:43:22,8.648277,103.750755,1.29983,2025-08-30 18:15:29,2025-08-31 01:15:29,529,1215,0.234833,1,2401,0.10118,0.055,0.546583,0.4,0.767981,0.75,6.46316e-18,0.0001,9.6944e-13,999999,999999,3,Vietnamese Exclusive Economic Zone,,,SVDNB_npp_d20250830_t1814301_e1815542_b71723_c20250830194159405000_oeac_ops.h5,GDNBO_npp_d20250830_t1814301_e1815542_b71723_c20250830193935163000_oeac_ops.h5,SVI04_npp_d20250830_t1814301_e1815542_b71723_c20250830194207485000_oeac_ops.dspace_rad,,eez_v11.shp,WPP_BFAR_merge.shp,vbd_mpa_r20170830.shp,VNF-VBD_npp_20120301-20151231_global_asia-enhanced_c201607211230.bitmask,vbd_landsea_r20220824.mask,timezone.shp,VBD_platforms-recurring_2015_r20170330.shp,999999,VBD_bridges_c20160811.shp,13.103016;11.269409;8.812280;3.958795;6.255141;8.201997,96.038063;110.048721;123.751022;122.491997;108.912346;95.112503,npp_d20250830_t1814301_e1815542_b71723;npp_d20250830_t1815555_e1817196_b71723;npp_d20250830_t1817209_e1818451_b71723;npp_d20250830_t1818463_e1820105_b71723,155.403,45.5657,41.1181,98.5524,119.658,-114.46
189,VBD_npp_d20250830_t1815540_x1034342E_y071190N_l0763_s1216_v23,2025-08-30 20:43:22,7.118971,103.434158,14.9139,2025-08-30 18:15:54,2025-08-31 01:15:54,763,1216,0.37304,1,2401,0.694984,0.055,0.888112,0.4,0.965653,0.75,1.10049e-17,0.0001,8.3849e-13,999999,999999,3,Malaysian Exclusive Economic Zone,,,SVDNB_npp_d20250830_t1814301_e1815542_b71723_c20250830194159405000_oeac_ops.h5,GDNBO_npp_d20250830_t1814301_e1815542_b71723_c20250830193935163000_oeac_ops.h5,SVI04_npp_d20250830_t1814301_e1815542_b71723_c20250830194207485000_oeac_ops.dspace_rad,,eez_v11.shp,WPP_BFAR_merge.shp,vbd_mpa_r20170830.shp,VNF-VBD_npp_20120301-20151231_global_asia-enhanced_c201607211230.bitmask,vbd_landsea_r20220824.mask,timezone.shp,VBD_platforms-recurring_2015_r20170330.shp,999999,VBD_bridges_c20160811.shp,13.103016;11.269409;8.812280;3.958795;6.255141;8.201997,96.038063;110.048721;123.751022;122.491997;108.912346;95.112503,npp_d20250830_t1814301_e1815542_b71723;npp_d20250830_t1815555_e1817196_b71723;npp_d20250830_t1817209_e1818451_b71723;npp_d20250830_t1818463_e1820105_b71723,156.607,47.7095,41.0806,97.9555,118.828,-115.194
190,VBD_npp_d20250830_t1815059_x1040489E_y099682N_l0326_s1217_v23,2025-08-30 20:43:22,9.968215,104.048912,2.55728,2025-08-30 18:15:05,2025-08-31 01:15:05,326,1217,0.39879,1,2401,0.149808,0.055,0.821646,0.4,0.780644,0.75,3.67328e-18,0.0001,1.03554e-12,999999,999999,3,Vietnamese Exclusive Economic Zone,,,SVDNB_npp_d20250830_t1814301_e1815542_b71723_c20250830194159405000_oeac_ops.h5,GDNBO_npp_d20250830_t1814301_e1815542_b71723_c20250830193935163000_oeac_ops.h5,SVI04_npp_d20250830_t1814301_e1815542_b71723_c20250830194207485000_oeac_ops.dspace_rad,,eez_v11.shp,WPP_BFAR_merge.shp,vbd_mpa_r20170830.shp,VNF-VBD_npp_20120301-20151231_global_asia-enhanced_c201607211230.bitmask,vbd_landsea_r20220824.mask,timezone.shp,VBD_platforms-recurring_2015_r20170330.shp,999999,VBD_bridges_c20160811.shp,13.103016;11.269409;8.812280;3.958795;6.255141;8.201997,96.038063;110.048721;123.751022;122.491997;108.912346;95.112503,npp_d20250830_t1814301_e1815542_b71723;npp_d20250830_t1815555_e1817196_b71723;npp_d20250830_t1817209_e1818451_b71723;npp_d20250830_t1818463_e1820105_b71723,154.326,43.9192,41.0396,98.0994,120.377,-113.798
191,VBD_npp_d20250830_t1815059_x1040449E_y099409N_l0330_s1217_v23,2025-08-30 20:43:22,9.940886,104.044945,7.23696,2025-08-30 18:15:05,2025-08-31 01:15:05,330,1217,0.402986,1,2401,0.327212,0.055,0.838223,0.4,0.843135,0.75,3.72971e-18,0.0001,1.01963e-12,999999,999999,3,Vietnamese Exclusive Economic Zone,,,SVDNB_npp_d20250830_t1814301_e1815542_b71723_c20250830194159405000_oeac_ops.h5,GDNBO_npp_d20250830_t1814301_e1815542_b71723_c20250830193935163000_oeac_ops.h5,SVI04_npp_d20250830_t1814301_e1815542_b71723_c20250830194207485000_oeac_ops.dspace_rad,,eez_v11.shp,WPP_BFAR_merge.shp,vbd_mpa_r20170830.shp,VNF-VBD_npp_20120301-20151231_global_asia-enhanced_c201607211230.bitmask,vbd_landsea_r20220824.mask,timezone.shp,VBD_platforms-recurring_2015_r20170330.shp,999999,VBD_bridges_c20160811.shp,13.103016;11.269409;8.812280;3.958795;6.255141;8.201997,96.038063;110.048721;123.751022;122.491997;108.912346;95.112503,npp_d20250830_t1814301_e1815542_b71723;npp_d20250830_t1815555_e1817196_b71723;npp_d20250830_t1817209_e1818451_b71723;npp_d20250830_t1818463_e1820105_b71723,154.348,43.9522,41.0402,97.8144,120.362,-113.812
192,VBD_npp_d20250830_t1815095_x1040077E_y097312N_l0362_s1218_v23,2025-08-30 20:43:22,9.731201,104.007729,25.1868,2025-08-30 18:15:09,2025-08-31 01:15:09,362,1218,0.367421,1,2401,0.851879,0.055,0.866937,0.4,0.944675,0.75,4.16148e-18,0.0001,9.99786e-13,999999,999999,3,Vietnamese Exclusive Economic Zone,,,SVDNB_npp_d20250830_t1814301_e1815542_b71723_c20250830194159405000_oeac_ops.h5,GDNBO_npp_d20250830_t1814301_e1815542_b71723_c20250830193935163000_oeac_ops.h5,SVI04_npp_d20250830_t1814301_e1815542_b71723_c20250830194207485000_oeac_ops.dspace_rad,,eez_v11.shp,WPP_BFAR_merge.shp,vbd_mpa_r20170830.shp,VNF-VBD_npp_20120301-20151231_global_asia-enhanced_c201607211230.bitmask,vbd_landsea_r20220824.mask,timezone.shp,VBD_platforms-recurring_2015_r20170330.shp,999999,VBD_bridges_c20160811.shp,13.103016;11.269409;8.812280;3.958795;6.255141;8.201997,96.038063;110.048721;123.751022;122.491997;108.912346;95.112503,npp_d20250830_t1814301_e1815542_b71723;npp_d20250830_t1815555_e1817196_b71723;npp_d20250830_t1817209_e1818451_b71723;npp_d20250830_t1818463_e1820105_b71723,154.514,44.2201,41.0006,97.8302,120.258,-113.919
193,VBD_npp_d20250830_t1815059_x1040596E_y099458N_l0329_s1219_v23,2025-08-30 20:43:22,9.945804,104.059616,4.34755,2025-08-30 18:15:05,2025-08-31 01:15:05,329,1219,0.402417,1,2401,0.220329,0.055,0.798545,0.4,0.756378,0.75,3.68062e-18,0.0001,1.01329e-12,999999,999999,3,Vietnamese Exclusive Economic Zone,,,SVDNB_npp_d20250830_t1814301_e1815542_b71723_c20250830194159405000_oeac_ops.h5,GDNBO_npp_d20250830_t1814301_e1815542_b71723_c20250830193935163000_oeac_ops.h5,SVI04_npp_d20250830_t1814301_e1815542_b71723_c20250830194207485000_oeac_ops.dspace_rad,,eez_v11.shp,WPP_BFAR_merge.shp,vbd_mpa_r20170830.shp,VNF-VBD_npp_20120301-20151231_global_asia-enhanced_c201607211230.bitmask,vbd_landsea_r20220824.mask,timezone.shp,VBD_platforms-recurring_2015_r20170330.shp,999999,VBD_bridges_c20160811.shp,13.103016;11.269409;8.812280;3.958795;6.255141;8.201997,96.038063;110.048721;123.751022;122.491997;108.912346;95.112503,npp_d20250830_t1814301_e1815542_b71723;npp_d20250830_t1815555_e1817196_b71723;npp_d20250830_t1817209_e1818451_b71723;npp_d20250830_t1818463_e1820105_b71723,154.334,43.9692,40.9642,97.8878,120.377,-113.81
194,VBD_npp_d20250830_t1815059_x1040684E_y099585N_l0327_s1220_v23,2025-08-30 20:43:22,9.958493,104.068428,2.65702,2025-08-30 18:15:05,2025-08-31 01:15:05,327,1220,0.398007,1,2401,0.152326,0.055,0.798545,0.4,0.765404,0.75,3.63531e-18,0.0001,1.01601e-12,999999,999999,3,Vietnamese Exclusive Economic Zone,,,SVDNB_npp_d20250830_t1814301_e1815542_b71723_c20250830194159405000_oeac_ops.h5,GDNBO_npp_d20250830_t1814301_e1815542_b71723_c20250830193935163000_oeac_ops.h5,SVI04_npp_d20250830_t1814301_e1815542_b71723_c20250830194207485000_oeac_ops.dspace_rad,,eez_v11.shp,WPP_BFAR_merge.shp,vbd_mpa_r20170830.shp,VNF-VBD_npp_20120301-20151231_global_asia-enhanced_c201607211230.bitmask,vbd_landsea_r20220824.mask,timezone.shp,VBD_platforms-recurring_2015_r20170330.shp,999999,VBD_bridges_c20160811.shp,13.103016;11.269409;8.812280;3.958795;6.255141;8.201997,96.038063;110.048721;123.751022;122.491997;108.912346;95.112503,npp_d20250830_t1814301_e1815542_b71723;npp_d20250830_t1815555_e1817196_b71723;npp_d20250830_t1817209_e1818451_b71723;npp_d20250830_t1818463_e1820105_b71723,154.319,43.9654,40.926,98.0318,120.39,-113.804
195,VBD_npp_d20250830_t1815042_x1040940E_y100412N_l0314_s1221_v23,2025-08-30 20:43:22,10.041181,104.094032,6.55634,2025-08-30 18:15:04,2025-08-31 01:15:04,314,1221,0.403982,1,2401,0.287048,0.055,0.773168,0.4,0.750359,0.75,3.438e-18,0.0001,1.00658e-12,999999,999999,3,Vietnamese Exclusive Economic Zone,,,SVDNB_npp_d20250830_t1814301_e1815542_b71723_c20250830194159405000_oeac_ops.h5,GDNBO_npp_d20250830_t1814301_e1815542_b71723_c20250830193935163000_oeac_ops.h5,SVI04_npp_d20250830_t1814301_e1815542_b71723_c20250830194207485000_oeac_ops.dspace_rad,,eez_v11.shp,WPP_BFAR_merge.shp,vbd_mpa_r20170830.shp,VNF-VBD_npp_20120301-20151231_global_asia-enhanced_c201607211230.bitmask,vbd_landsea_r20220824.mask,timezone.shp,VBD_platforms-recurring_2015_r20170330.shp,999999,VBD_bridges_c20160811.shp,13.103016;11.269409;8.812280;3.958795;6.255141;8.201997,96.038063;110.048721;123.751022;122.491997;108.912346;95.112503,npp_d20250830_t1814301_e1815542_b71723;npp_d20250830_t1815555_e1817196_b71723;npp_d20250830_t1817209_e1818451_b71723;npp_d20250830_t1818463_e1820105_b71723,154.247,43.8763,40.8909,97.808,120.44,-113.761
196,VBD_npp_d20250830_t1815042_x1040910E_y100207N_l0317_s1221_v23,2025-08-30 20:43:22,10.020720,104.091049,4.4809,2025-08-30 18:15:04,2025-08-31 01:15:04,317,1221,0.400355,2,2337,0.160733,0.055,0.772275,0.4,0.517894,0.75,3.47953e-18,0.0001,9.9503e-13,999999,999999,3,Vietnamese Exclusive Economic Zone,,,SVDNB_npp_d20250830_t1814301_e1815542_b71723_c20250830194159405000_oeac_ops.h5,GDNBO_npp_d20250830_t1814301_e1815542_b71723_c20250830193935163000_oeac_ops.h5,SVI04_npp_d20250830_t1814301_e1815542_b71723_c20250830194207485000_oeac_ops.dspace_rad,,eez_v11.shp,WPP_BFAR_merge.shp,vbd_mpa_r20170830.shp,VNF-VBD_npp_20120301-20151231_global_asia-enhanced_c201607211230.bitmask,vbd_landsea_r20220824.mask,timezone.shp,VBD_platforms-recurring_2015_r20170330.shp,999999,VBD_bridges_c20160811.shp,13.103016;11.269409;8.812280;3.958795;6.255141;8.201997,96.038063;110.048721;123.751022;122.491997;108.912346;95.112503,npp_d20250830_t1814301_e1815542_b71723;npp_d20250830_t1815555_e1817196_b71723;npp_d20250830_t1817209_e1818451_b71723;npp_d20250830_t1818463_e1820105_b71723,154.264,43.9008,40.8918,97.5936,120.429,-113.772
197,VBD_npp_d20250830_t1815042_x1040998E_y100334N_l0315_s1222_v23,2025-08-30 20:43:22,10.033414,104.099846,3.78336,2025-08-30 18:15:04,2025-08-31 01:15:04,315,1222,0.39502,2,2337,0.120209,0.055,0.772275,0.4,0.528641,0.75,3.43528e-18,0.0001,9.97711e-13,999999,999999,3,Vietnamese Exclusive Economic Zone,,,SVDNB_npp_d20250830_t1814301_e1815542_b71723_c20250830194159405000_oeac_ops.h5,GDNBO_npp_d20250830_t1814301_e1815542_b71723_c20250830193935163000_oeac_ops.h5,SVI04_npp_d20250830_t1814301_e1815542_b71723_c20250830194207485000_oeac_ops.dspace_rad,,eez_v11.shp,WPP_BFAR_merge.shp,vbd_mpa_r20170830.shp,VNF-VBD_npp_20120301-20151231_global_asia-enhanced_c201607211230.bitmask,vbd_landsea_r20220824.mask,timezone.shp,VBD_platforms-recurring_2015_r20170330.shp,999999,VBD_bridges_c20160811.shp,13.103016;11.269409;8.812280;3.958795;6.255141;8.201997,96.038063;110.048721;123.751022;122.491997;108.912346;95.112503,npp_d20250830_t1814301_e1815542_b71723;npp_d20250830_t1815555_e1817196_b71723;npp_d20250830_t1817209_e1818451_b71723;npp_d20250830_t1818463_e1820105_b71723,154.249,43.897,40.8533,97.7375,120.442,-113.766
198,VBD_npp_d20250830_t1815042_x1041086E_y100461N_l0313_s1223_v23,2025-08-30 20:43:22,10.046096,104.108643,6.22248,2025-08-30 18:15:04,2025-08-31 01:15:04,313,1223,0.394451,1,2401,0.327574,0.055,0.772389,0.4,0.835662,0.75,3.3913e-18,0.0001,1.00041e-12,999999,999999,3,Vietnamese Exclusive Economic Zone,,,SVDNB_npp_d20250830_t1814301_e1815542_b71723_c20250830194159405000_oeac_ops.h5,GDNBO_npp_d20250830_t1814301_e1815542_b71723_c20250830193935163000_oeac_ops.h5,SVI04_npp_d20250830_t1814301_e1815542_b71723_c20250830194207485000_oeac_ops.dspace_rad,,eez_v11.shp,WPP_BFAR_merge.shp,vbd_mpa_r20170830.shp,VNF-VBD_npp_20120301-20151231_global_asia-enhanced_c201607211230.bitmask,vbd_landsea_r20220824.mask,timezone.shp,VBD_platforms-recurring_2015_r20170330.shp,999999,VBD_bridges_c20160811.shp,13.103016;11.269409;8.812280;3.958795;6.255141;8.201997,96.038063;110.048721;123.751022;122.491997;108.912346;95.112503,npp_d20250830_t1814301_e1815542_b71723;npp_d20250830_t1815555_e1817196_b71723;npp_d20250830_t1817209_e1818451_b71723;npp_d20250830_t1818463_e1820105_b71723,154.234,43.8933,40.815,97.8817,120.455,-113.76
199,VBD_npp_d20250830_t1815059_x1040889E_y099556N_l0327_s1223_v23,2025-08-30 20:43:22,9.955613,104.088867,2.13359,2025-08-30 18:15:05,2025-08-31 01:15:05,327,1223,0.402417,1,2401,0.141852,0.055,0.703514,0.4,0.784576,0.75,3.58323e-18,0.0001,1.00087e-12,999999,999999,3,Vietnamese Exclusive Economic Zone,,,SVDNB_npp_d20250830_t1814301_e1815542_b71723_c20250830194159405000_oeac_ops.h5,GDNBO_npp_d20250830_t1814301_e1815542_b71723_c20250830193935163000_oeac_ops.h5,SVI04_npp_d20250830_t1814301_e1815542_b71723_c20250830194207485000_oeac_ops.dspace_rad,,eez_v11.shp,WPP_BFAR_merge.shp,vbd_mpa_r20170830.shp,VNF-VBD_npp_20120301-20151231_global_asia-enhanced_c201607211230.bitmask,vbd_landsea_r20220824.mask,timezone.shp,VBD_platforms-recurring_2015_r20170330.shp,999999,VBD_bridges_c20160811.shp,13.103016;11.269409;8.812280;3.958795;6.255141;8.201997,96.038063;110.048721;123.751022;122.491997;108.912346;95.112503,npp_d20250830_t1814301_e1815542_b71723;npp_d20250830_t1815555_e1817196_b71723;npp_d20250830_t1817209_e1818451_b71723;npp_d20250830_t1818463_e1820105_b71723,154.307,44.0032,40.8125,98.0353,120.408,-113.806
200,VBD_npp_d20250830_t1815077_x1040666E_y098511N_l0343_s1223_v23,2025-08-30 20:43:22,9.851069,104.066605,3.84437,2025-08-30 18:15:07,2025-08-31 01:15:07,343,1223,0.406259,1,2401,0.291822,0.055,0.767611,0.4,0.894555,0.75,3.80257e-18,0.0001,9.93649e-13,999999,999999,3,Vietnamese Exclusive Economic Zone,,,SVDNB_npp_d20250830_t1814301_e1815542_b71723_c20250830194159405000_oeac_ops.h5,GDNBO_npp_d20250830_t1814301_e1815542_b71723_c20250830193935163000_oeac_ops.h5,SVI04_npp_d20250830_t1814301_e1815542_b71723_c20250830194207485000_oeac_ops.dspace_rad,,eez_v11.shp,WPP_BFAR_merge.shp,vbd_mpa_r20170830.shp,VNF-VBD_npp_20120301-20151231_global_asia-enhanced_c201607211230.bitmask,vbd_landsea_r20220824.mask,timezone.shp,VBD_platforms-recurring_2015_r20170330.shp,999999,VBD_bridges_c20160811.shp,13.103016;11.269409;8.812280;3.958795;6.255141;8.201997,96.038063;110.048721;123.751022;122.491997;108.912346;95.112503,npp_d20250830_t1814301_e1815542_b71723;npp_d20250830_t1815555_e1817196_b71723;npp_d20250830_t1817209_e1818451_b71723;npp_d20250830_t1818463_e1820105_b71723,154.393,44.1302,40.8127,98.0405,120.352,-113.86
201,VBD_npp_d20250830_t1815077_x1040646E_y098374N_l0345_s1223_v23,2025-08-30 20:43:22,9.837442,104.064636,1.2781,2025-08-30 18:15:07,2025-08-31 01:15:07,345,1223,0.406756,1,2401,0.0917568,0.055,0.767611,0.4,0.775693,0.75,3.82999e-18,0.0001,9.86067e-13,999999,999999,3,Vietnamese Exclusive Economic Zone,,,SVDNB_npp_d20250830_t1814301_e1815542_b71723_c20250830194159405000_oeac_ops.h5,GDNBO_npp_d20250830_t1814301_e1815542_b71723_c20250830193935163000_oeac_ops.h5,SVI04_npp_d20250830_t1814301_e1815542_b71723_c20250830194207485000_oeac_ops.dspace_rad,,eez_v11.shp,WPP_BFAR_merge.shp,vbd_mpa_r20170830.shp,VNF-VBD_npp_20120301-20151231_global_asia-enhanced_c201607211230.bitmask,vbd_landsea_r20220824.mask,timezone.shp,VBD_platforms-recurring_2015_r20170330.shp,999999,VBD_bridges_c20160811.shp,13.103016;11.269409;8.812280;3.958795;6.255141;8.201997,96.038063;110.048721;123.751022;122.491997;108.912346;95.112503,npp_d20250830_t1814301_e1815542_b71723;npp_d20250830_t1815555_e1817196_b71723;npp_d20250830_t1817209_e1818451_b71723;npp_d20250830_t1818463_e1820105_b71723,154.404,44.1468,40.813,97.8973,120.345,-113.867
202,VBD_npp_d20250830_t1815042_x1041174E_y100588N_l0311_s1224_v23,2025-08-30 20:43:22,10.058765,104.117416,3.98393,2025-08-30 18:15:04,2025-08-31 01:15:04,311,1224,0.396158,1,2401,0.262809,0.055,0.772389,0.4,0.833804,0.75,3.34759e-18,0.0001,1.00313e-12,999999,999999,3,Vietnamese Exclusive Economic Zone,,,SVDNB_npp_d20250830_t1814301_e1815542_b71723_c20250830194159405000_oeac_ops.h5,GDNBO_npp_d20250830_t1814301_e1815542_b71723_c20250830193935163000_oeac_ops.h5,SVI04_npp_d20250830_t1814301_e1815542_b71723_c20250830194207485000_oeac_ops.dspace_rad,,eez_v11.shp,WPP_BFAR_merge.shp,vbd_mpa_r20170830.shp,VNF-VBD_npp_20120301-20151231_global_asia-enhanced_c201607211230.bitmask,vbd_landsea_r20220824.mask,timezone.shp,VBD_platforms-recurring_2015_r20170330.shp,999999,VBD_bridges_c20160811.shp,13.103016;11.269409;8.812280;3.958795;6.255141;8.201997,96.038063;110.048721;123.751022;122.491997;108.912346;95.112503,npp_d20250830_t1814301_e1815542_b71723;npp_d20250830_t1815555_e1817196_b71723;npp_d20250830_t1817209_e1818451_b71723;npp_d20250830_t1818463_e1820105_b71723,154.219,43.8895,40.7769,98.0261,120.468,-113.754
203,VBD_npp_d20250830_t1815077_x1040704E_y098297N_l0346_s1224_v23,2025-08-30 20:43:22,9.829679,104.070435,3.47049,2025-08-30 18:15:07,2025-08-31 01:15:07,346,1224,0.404338,1,2401,0.278786,0.055,0.767611,0.4,0.865569,0.75,3.82507e-18,0.0001,9.77456e-13,999999,999999,3,Vietnamese Exclusive Economic Zone,,,SVDNB_npp_d20250830_t1814301_e1815542_b71723_c20250830194159405000_oeac_ops.h5,GDNBO_npp_d20250830_t1814301_e1815542_b71723_c20250830193935163000_oeac_ops.h5,SVI04_npp_d20250830_t1814301_e1815542_b71723_c20250830194207485000_oeac_ops.dspace_rad,,eez_v11.shp,WPP_BFAR_merge.shp,vbd_mpa_r20170830.shp,VNF-VBD_npp_20120301-20151231_global_asia-enhanced_c201607211230.bitmask,vbd_landsea_r20220824.mask,timezone.shp,VBD_platforms-recurring_2015_r20170330.shp,999999,VBD_bridges_c20160811.shp,13.103016;11.269409;8.812280;3.958795;6.255141;8.201997,96.038063;110.048721;123.751022;122.491997;108.912346;95.112503,npp_d20250830_t1814301_e1815542_b71723;npp_d20250830_t1815555_e1817196_b71723;npp_d20250830_t1817209_e1818451_b71723;npp_d20250830_t1818463_e1820105_b71723,154.405,44.1676,40.7754,97.8268,120.347,-113.871
204,VBD_npp_d20250830_t1815308_x1037813E_y084739N_l0554_s1224_v23,2025-08-30 20:43:22,8.473884,103.781265,4.97049,2025-08-30 18:15:30,2025-08-31 01:15:30,554,1224,0.345442,1,2401,0.363715,0.055,0.810102,0.4,0.958875,0.75,6.77466e-18,0.0001,8.90697e-13,999999,999999,3,Vietnamese Exclusive Economic Zone,,,SVDNB_npp_d20250830_t1814301_e1815542_b71723_c20250830194159405000_oeac_ops.h5,GDNBO_npp_d20250830_t1814301_e1815542_b71723_c20250830193935163000_oeac_ops.h5,SVI04_npp_d20250830_t1814301_e1815542_b71723_c20250830194207485000_oeac_ops.dspace_rad,,eez_v11.shp,WPP_BFAR_merge.shp,vbd_mpa_r20170830.shp,VNF-VBD_npp_20120301-20151231_global_asia-enhanced_c201607211230.bitmask,vbd_landsea_r20220824.mask,timezone.shp,VBD_platforms-recurring_2015_r20170330.shp,999999,VBD_bridges_c20160811.shp,13.103016;11.269409;8.812280;3.958795;6.255141;8.201997,96.038063;110.048721;123.751022;122.491997;108.912346;95.112503,npp_d20250830_t1814301_e1815542_b71723;npp_d20250830_t1815555_e1817196_b71723;npp_d20250830_t1817209_e1818451_b71723;npp_d20250830_t1818463_e1820105_b71723,155.498,45.902,40.7743,97.9303,119.62,-114.55
205,VBD_npp_d20250830_t1815042_x1041231E_y100024N_l0319_s1226_v23,2025-08-30 20:43:22,10.002422,104.123085,5.91266,2025-08-30 18:15:04,2025-08-31 01:15:04,319,1226,0.402062,2,2337,0.206059,0.055,0.736269,0.4,0.647497,0.75,3.42307e-18,0.0001,9.63276e-13,999999,999999,3,Vietnamese Exclusive Economic Zone,,,SVDNB_npp_d20250830_t1814301_e1815542_b71723_c20250830194159405000_oeac_ops.h5,GDNBO_npp_d20250830_t1814301_e1815542_b71723_c20250830193935163000_oeac_ops.h5,SVI04_npp_d20250830_t1814301_e1815542_b71723_c20250830194207485000_oeac_ops.dspace_rad,,eez_v11.shp,WPP_BFAR_merge.shp,vbd_mpa_r20170830.shp,VNF-VBD_npp_20120301-20151231_global_asia-enhanced_c201607211230.bitmask,vbd_landsea_r20220824.mask,timezone.shp,VBD_platforms-recurring_2015_r20170330.shp,999999,VBD_bridges_c20160811.shp,13.103016;11.269409;8.812280;3.958795;6.255141;8.201997,96.038063;110.048721;123.751022;122.491997;108.912346;95.112503,npp_d20250830_t1814301_e1815542_b71723;npp_d20250830_t1815555_e1817196_b71723;npp_d20250830_t1817209_e1818451_b71723;npp_d20250830_t1818463_e1820105_b71723,154.255,43.9798,40.7036,97.4544,120.45,-113.783
206,VBD_npp_d20250830_t1815042_x1041309E_y100083N_l0318_s1227_v23,2025-08-30 20:43:22,10.008292,104.130859,6.74289,2025-08-30 18:15:04,2025-08-31 01:15:04,318,1227,0.401635,2,2337,0.166694,0.055,0.724461,0.4,0.621558,0.75,3.3928e-18,0.0001,9.62211e-13,999999,999999,3,Vietnamese Exclusive Economic Zone,,,SVDNB_npp_d20250830_t1814301_e1815542_b71723_c20250830194159405000_oeac_ops.h5,GDNBO_npp_d20250830_t1814301_e1815542_b71723_c20250830193935163000_oeac_ops.h5,SVI04_npp_d20250830_t1814301_e1815542_b71723_c20250830194207485000_oeac_ops.dspace_rad,,eez_v11.shp,WPP_BFAR_merge.shp,vbd_mpa_r20170830.shp,VNF-VBD_npp_20120301-20151231_global_asia-enhanced_c201607211230.bitmask,vbd_landsea_r20220824.mask,timezone.shp,VBD_platforms-recurring_2015_r20170330.shp,999999,VBD_bridges_c20160811.shp,13.103016;11.269409;8.812280;3.958795;6.255141;8.201997,96.038063;110.048721;123.751022;122.491997;108.912346;95.112503,npp_d20250830_t1814301_e1815542_b71723;npp_d20250830_t1815555_e1817196_b71723;npp_d20250830_t1817209_e1818451_b71723;npp_d20250830_t1818463_e1820105_b71723,154.246,43.9841,40.6653,97.527,120.46,-113.781
207,VBD_npp_d20250830_t1815095_x1040864E_y097479N_l0358_s1229_v23,2025-08-30 20:43:22,9.747918,104.086433,6.72517,2025-08-30 18:15:09,2025-08-31 01:15:09,358,1229,0.405192,1,2401,0.47151,0.055,0.840088,0.4,0.955352,0.75,3.89167e-18,0.0001,9.6141e-13,999999,999999,3,Vietnamese Exclusive Economic Zone,,,SVDNB_npp_d20250830_t1814301_e1815542_b71723_c20250830194159405000_oeac_ops.h5,GDNBO_npp_d20250830_t1814301_e1815542_b71723_c20250830193935163000_oeac_ops.h5,SVI04_npp_d20250830_t1814301_e1815542_b71723_c20250830194207485000_oeac_ops.dspace_rad,,eez_v11.shp,WPP_BFAR_merge.shp,vbd_mpa_r20170830.shp,VNF-VBD_npp_20120301-20151231_global_asia-enhanced_c201607211230.bitmask,vbd_landsea_r20220824.mask,timezone.shp,VBD_platforms-recurring_2015_r20170330.shp,999999,VBD_bridges_c20160811.shp,13.103016;11.269409;8.812280;3.958795;6.255141;8.201997,96.038063;110.048721;123.751022;122.491997;108.912346;95.112503,npp_d20250830_t1814301_e1815542_b71723;npp_d20250830_t1815555_e1817196_b71723;npp_d20250830_t1817209_e1818451_b71723;npp_d20250830_t1818463_e1820105_b71723,154.448,44.3253,40.5839,98.1289,120.335,-113.915
208,VBD_npp_d20250830_t1815255_x1038798E_y087682N_l0508_s1229_v23,2025-08-30 20:43:22,8.768153,103.879845,5.56896,2025-08-30 18:15:25,2025-08-31 01:15:25,508,1229,0.387124,1,2401,0.37315,0.055,0.781025,0.4,0.892475,0.75,5.56453e-18,0.0001,8.82115e-13,999999,999999,3,Vietnamese Exclusive Economic Zone,,,SVDNB_npp_d20250830_t1814301_e1815542_b71723_c20250830194159405000_oeac_ops.h5,GDNBO_npp_d20250830_t1814301_e1815542_b71723_c20250830193935163000_oeac_ops.h5,SVI04_npp_d20250830_t1814301_e1815542_b71723_c20250830194207485000_oeac_ops.dspace_rad,,eez_v11.shp,WPP_BFAR_merge.shp,vbd_mpa_r20170830.shp,VNF-VBD_npp_20120301-20151231_global_asia-enhanced_c201607211230.bitmask,vbd_landsea_r20220824.mask,timezone.shp,VBD_platforms-recurring_2015_r20170330.shp,999999,VBD_bridges_c20160811.shp,13.103016;11.269409;8.812280;3.958795;6.255141;8.201997,96.038063;110.048721;123.751022;122.491997;108.912346;95.112503,npp_d20250830_t1814301_e1815542_b71723;npp_d20250830_t1815555_e1817196_b71723;npp_d20250830_t1817209_e1818451_b71723;npp_d20250830_t1818463_e1820105_b71723,155.239,45.5687,40.5865,97.7643,119.81,-114.408
209,VBD_npp_d20250830_t1815326_x1037867E_y083238N_l0576_s1229_v23,2025-08-30 20:43:22,8.323815,103.786667,3.98476,2025-08-30 18:15:32,2025-08-31 01:15:32,576,1229,0.38122,1,2401,0.312482,0.055,0.837826,0.4,0.914883,0.75,7.11004e-18,0.0001,8.45047e-13,999999,999999,3,Vietnamese Exclusive Economic Zone,,,SVDNB_npp_d20250830_t1814301_e1815542_b71723_c20250830194159405000_oeac_ops.h5,GDNBO_npp_d20250830_t1814301_e1815542_b71723_c20250830193935163000_oeac_ops.h5,SVI04_npp_d20250830_t1814301_e1815542_b71723_c20250830194207485000_oeac_ops.dspace_rad,,eez_v11.shp,WPP_BFAR_merge.shp,vbd_mpa_r20170830.shp,VNF-VBD_npp_20120301-20151231_global_asia-enhanced_c201607211230.bitmask,vbd_landsea_r20220824.mask,timezone.shp,VBD_platforms-recurring_2015_r20170330.shp,999999,VBD_bridges_c20160811.shp,13.103016;11.269409;8.812280;3.958795;6.255141;8.201997,96.038063;110.048721;123.751022;122.491997;108.912346;95.112503,npp_d20250830_t1814301_e1815542_b71723;npp_d20250830_t1815555_e1817196_b71723;npp_d20250830_t1817209_e1818451_b71723;npp_d20250830_t1818463_e1820105_b71723,155.593,46.1607,40.5875,97.5088,119.569,-114.626
210,VBD_npp_d20250830_t1815344_x1037864E_y083205N_l0577_s1230_v23,2025-08-30 20:43:22,8.320528,103.786415,11.0654,2025-08-30 18:15:34,2025-08-31 01:15:34,577,1230,0.376099,1,2401,0.60752,0.055,0.837826,0.4,0.954763,0.75,7.09724e-18,0.0001,8.81559e-13,999999,999999,3,Vietnamese Exclusive Economic Zone,,,SVDNB_npp_d20250830_t1814301_e1815542_b71723_c20250830194159405000_oeac_ops.h5,GDNBO_npp_d20250830_t1814301_e1815542_b71723_c20250830193935163000_oeac_ops.h5,SVI04_npp_d20250830_t1814301_e1815542_b71723_c20250830194207485000_oeac_ops.dspace_rad,,eez_v11.shp,WPP_BFAR_merge.shp,vbd_mpa_r20170830.shp,VNF-VBD_npp_20120301-20151231_global_asia-enhanced_c201607211230.bitmask,vbd_landsea_r20220824.mask,timezone.shp,VBD_platforms-recurring_2015_r20170330.shp,999999,VBD_bridges_c20160811.shp,13.103016;11.269409;8.812280;3.958795;6.255141;8.201997,96.038063;110.048721;123.751022;122.491997;108.912346;95.112503,npp_d20250830_t1814301_e1815542_b71723;npp_d20250830_t1815555_e1817196_b71723;npp_d20250830_t1817209_e1818451_b71723;npp_d20250830_t1818463_e1820105_b71723,155.59,46.1778,40.5449,98.5983,119.574,-114.628
211,VBD_npp_d20250830_t1815095_x1041201E_y097431N_l0358_s1234_v23,2025-08-30 20:43:22,9.743136,104.120110,2.24772,2025-08-30 18:15:09,2025-08-31 01:15:09,358,1234,0.404623,1,2401,0.181269,0.055,0.83252,0.4,0.856184,0.75,3.79456e-18,0.0001,9.38428e-13,999999,999999,3,Vietnamese Exclusive Economic Zone,,,SVDNB_npp_d20250830_t1814301_e1815542_b71723_c20250830194159405000_oeac_ops.h5,GDNBO_npp_d20250830_t1814301_e1815542_b71723_c20250830193935163000_oeac_ops.h5,SVI04_npp_d20250830_t1814301_e1815542_b71723_c20250830194207485000_oeac_ops.dspace_rad,,eez_v11.shp,WPP_BFAR_merge.shp,vbd_mpa_r20170830.shp,VNF-VBD_npp_20120301-20151231_global_asia-enhanced_c201607211230.bitmask,vbd_landsea_r20220824.mask,timezone.shp,VBD_platforms-recurring_2015_r20170330.shp,999999,VBD_bridges_c20160811.shp,13.103016;11.269409;8.812280;3.958795;6.255141;8.201997,96.038063;110.048721;123.751022;122.491997;108.912346;95.112503,npp_d20250830_t1814301_e1815542_b71723;npp_d20250830_t1815555_e1817196_b71723;npp_d20250830_t1817209_e1818451_b71723;npp_d20250830_t1818463_e1820105_b71723,154.428,44.3876,40.3951,98.135,120.363,-113.919
212,VBD_npp_d20250830_t1815344_x1038503E_y082904N_l0580_s1240_v23,2025-08-30 20:43:22,8.290431,103.850266,4.97527,2025-08-30 18:15:34,2025-08-31 01:15:34,580,1240,0.325809,1,2401,0.360725,0.055,0.804109,0.4,0.926378,0.75,6.83649e-18,0.0001,8.32563e-13,999999,999999,3,Vietnamese Exclusive Economic Zone,,,SVDNB_npp_d20250830_t1814301_e1815542_b71723_c20250830194159405000_oeac_ops.h5,GDNBO_npp_d20250830_t1814301_e1815542_b71723_c20250830193935163000_oeac_ops.h5,SVI04_npp_d20250830_t1814301_e1815542_b71723_c20250830194207485000_oeac_ops.dspace_rad,,eez_v11.shp,WPP_BFAR_merge.shp,vbd_mpa_r20170830.shp,VNF-VBD_npp_20120301-20151231_global_asia-enhanced_c201607211230.bitmask,vbd_landsea_r20220824.mask,timezone.shp,VBD_platforms-recurring_2015_r20170330.shp,999999,VBD_bridges_c20160811.shp,13.103016;11.269409;8.812280;3.958795;6.255141;8.201997,96.038063;110.048721;123.751022;122.491997;108.912346;95.112503,npp_d20250830_t1814301_e1815542_b71723;npp_d20250830_t1815555_e1817196_b71723;npp_d20250830_t1817209_e1818451_b71723;npp_d20250830_t1818463_e1820105_b71723,155.566,46.3312,40.167,98.3939,119.619,-114.649
213,VBD_npp_d20250830_t1815042_x1042461E_y099993N_l0317_s1244_v23,2025-08-30 20:43:22,9.999305,104.246078,7.26521,2025-08-30 18:15:04,2025-08-31 01:15:04,317,1244,0.395873,1,2401,0.47254,0.055,0.819769,0.4,0.931822,0.75,3.09554e-18,0.0001,8.90325e-13,999999,999999,3,Vietnamese Exclusive Economic Zone,,,SVDNB_npp_d20250830_t1814301_e1815542_b71723_c20250830194159405000_oeac_ops.h5,GDNBO_npp_d20250830_t1814301_e1815542_b71723_c20250830193935163000_oeac_ops.h5,SVI04_npp_d20250830_t1814301_e1815542_b71723_c20250830194207485000_oeac_ops.dspace_rad,,eez_v11.shp,WPP_BFAR_merge.shp,vbd_mpa_r20170830.shp,VNF-VBD_npp_20120301-20151231_global_asia-enhanced_c201607211230.bitmask,vbd_landsea_r20220824.mask,timezone.shp,VBD_platforms-recurring_2015_r20170330.shp,999999,VBD_bridges_c20160811.shp,13.103016;11.269409;8.812280;3.958795;6.255141;8.201997,96.038063;110.048721;123.751022;122.491997;108.912346;95.112503,npp_d20250830_t1814301_e1815542_b71723;npp_d20250830_t1815555_e1817196_b71723;npp_d20250830_t1817209_e1818451_b71723;npp_d20250830_t1818463_e1820105_b71723,154.173,44.1857,40.0233,97.6132,120.559,-113.791
214,VBD_npp_d20250830_t1815273_x1039828E_y086327N_l0526_s1248_v23,2025-08-30 20:43:22,8.632689,103.982849,3.762,2025-08-30 18:15:27,2025-08-31 01:15:27,526,1248,0.316278,1,2401,0.269338,0.055,0.642862,0.4,0.840843,0.75,5.40827e-18,0.0001,7.96808e-13,999999,999999,3,Vietnamese Exclusive Economic Zone,,,SVDNB_npp_d20250830_t1814301_e1815542_b71723_c20250830194159405000_oeac_ops.h5,GDNBO_npp_d20250830_t1814301_e1815542_b71723_c20250830193935163000_oeac_ops.h5,SVI04_npp_d20250830_t1814301_e1815542_b71723_c20250830194207485000_oeac_ops.dspace_rad,,eez_v11.shp,WPP_BFAR_merge.shp,vbd_mpa_r20170830.shp,VNF-VBD_npp_20120301-20151231_global_asia-enhanced_c201607211230.bitmask,vbd_landsea_r20220824.mask,timezone.shp,VBD_platforms-recurring_2015_r20170330.shp,999999,VBD_bridges_c20160811.shp,13.103016;11.269409;8.812280;3.958795;6.255141;8.201997,96.038063;110.048721;123.751022;122.491997;108.912346;95.112503,npp_d20250830_t1814301_e1815542_b71723;npp_d20250830_t1815555_e1817196_b71723;npp_d20250830_t1817209_e1818451_b71723;npp_d20250830_t1818463_e1820105_b71723,155.255,45.9611,39.8676,97.643,119.853,-114.485
215,VBD_npp_d20250830_t1815184_x1041059E_y091868N_l0441_s1249_v23,2025-08-30 20:43:22,9.186787,104.105949,5.43002,2025-08-30 18:15:18,2025-08-31 01:15:18,441,1249,0.332638,1,2401,0.381684,0.055,0.882447,0.4,0.948541,0.75,4.19479e-18,0.0001,8.35656e-13,999999,999999,3,Vietnamese Exclusive Economic Zone,,,SVDNB_npp_d20250830_t1814301_e1815542_b71723_c20250830194159405000_oeac_ops.h5,GDNBO_npp_d20250830_t1814301_e1815542_b71723_c20250830193935163000_oeac_ops.h5,SVI04_npp_d20250830_t1814301_e1815542_b71723_c20250830194207485000_oeac_ops.dspace_rad,,eez_v11.shp,WPP_BFAR_merge.shp,vbd_mpa_r20170830.shp,VNF-VBD_npp_20120301-20151231_global_asia-enhanced_c201607211230.bitmask,vbd_landsea_r20220824.mask,timezone.shp,VBD_platforms-recurring_2015_r20170330.shp,999999,VBD_bridges_c20160811.shp,13.103016;11.269409;8.812280;3.958795;6.255141;8.201997,96.038063;110.048721;123.751022;122.491997;108.912346;95.112503,npp_d20250830_t1814301_e1815542_b71723;npp_d20250830_t1815555_e1817196_b71723;npp_d20250830_t1817209_e1818451_b71723;npp_d20250830_t1818463_e1820105_b71723,154.807,45.2518,39.8288,97.9683,120.157,-114.208
216,VBD_npp_d20250830_t1815344_x1039128E_y083019N_l0577_s1249_v23,2025-08-30 20:43:22,8.301949,103.912796,2.95607,2025-08-30 18:15:34,2025-08-31 01:15:34,577,1249,0.376739,1,2401,0.236878,0.055,0.74261,0.4,0.912039,0.75,6.4221e-18,0.0001,8.08083e-13,999999,999999,3,Vietnamese Exclusive Economic Zone,,,SVDNB_npp_d20250830_t1814301_e1815542_b71723_c20250830194159405000_oeac_ops.h5,GDNBO_npp_d20250830_t1814301_e1815542_b71723_c20250830193935163000_oeac_ops.h5,SVI04_npp_d20250830_t1814301_e1815542_b71723_c20250830194207485000_oeac_ops.dspace_rad,,eez_v11.shp,WPP_BFAR_merge.shp,vbd_mpa_r20170830.shp,VNF-VBD_npp_20120301-20151231_global_asia-enhanced_c201607211230.bitmask,vbd_landsea_r20220824.mask,timezone.shp,VBD_platforms-recurring_2015_r20170330.shp,999999,VBD_bridges_c20160811.shp,13.103016;11.269409;8.812280;3.958795;6.255141;8.201997,96.038063;110.048721;123.751022;122.491997;108.912346;95.112503,npp_d20250830_t1814301_e1815542_b71723;npp_d20250830_t1815555_e1817196_b71723;npp_d20250830_t1817209_e1818451_b71723;npp_d20250830_t1818463_e1820105_b71723,155.513,46.4157,39.8284,98.6233,119.679,-114.648
217,VBD_npp_d20250830_t1815042_x1042947E_y100543N_l0308_s1250_v23,2025-08-30 20:43:22,10.054346,104.294739,2.69217,2025-08-30 18:15:04,2025-08-31 01:15:04,308,1250,0.388405,2,2337,0.11864,0.055,0.609095,0.4,0.525252,0.75,2.88815e-18,0.0001,8.95413e-13,999999,999999,3,Vietnamese Exclusive Economic Zone,,,SVDNB_npp_d20250830_t1814301_e1815542_b71723_c20250830194159405000_oeac_ops.h5,GDNBO_npp_d20250830_t1814301_e1815542_b71723_c20250830193935163000_oeac_ops.h5,SVI04_npp_d20250830_t1814301_e1815542_b71723_c20250830194207485000_oeac_ops.dspace_rad,,eez_v11.shp,WPP_BFAR_merge.shp,vbd_mpa_r20170830.shp,VNF-VBD_npp_20120301-20151231_global_asia-enhanced_c201607211230.bitmask,vbd_landsea_r20220824.mask,timezone.shp,VBD_platforms-recurring_2015_r20170330.shp,999999,VBD_bridges_c20160811.shp,13.103016;11.269409;8.812280;3.958795;6.255141;8.201997,96.038063;110.048721;123.751022;122.491997;108.912346;95.112503,npp_d20250830_t1814301_e1815542_b71723;npp_d20250830_t1815555_e1817196_b71723;npp_d20250830_t1817209_e1818451_b71723;npp_d20250830_t1818463_e1820105_b71723,154.1,44.186,39.7957,98.2763,120.625,-113.765
218,VBD_npp_d20250830_t1815042_x1043023E_y100601N_l0307_s1251_v23,2025-08-30 20:43:22,10.060128,104.302330,4.49522,2025-08-30 18:15:04,2025-08-31 01:15:04,307,1251,0.405192,1,2401,0.279626,0.055,0.591109,0.4,0.790199,0.75,2.8602e-18,0.0001,8.94624e-13,999999,999999,3,Vietnamese Exclusive Economic Zone,,,SVDNB_npp_d20250830_t1814301_e1815542_b71723_c20250830194159405000_oeac_ops.h5,GDNBO_npp_d20250830_t1814301_e1815542_b71723_c20250830193935163000_oeac_ops.h5,SVI04_npp_d20250830_t1814301_e1815542_b71723_c20250830194207485000_oeac_ops.dspace_rad,,eez_v11.shp,WPP_BFAR_merge.shp,vbd_mpa_r20170830.shp,VNF-VBD_npp_20120301-20151231_global_asia-enhanced_c201607211230.bitmask,vbd_landsea_r20220824.mask,timezone.shp,VBD_platforms-recurring_2015_r20170330.shp,999999,VBD_bridges_c20160811.shp,13.103016;11.269409;8.812280;3.958795;6.255141;8.201997,96.038063;110.048721;123.751022;122.491997;108.912346;95.112503,npp_d20250830_t1814301_e1815542_b71723;npp_d20250830_t1815555_e1817196_b71723;npp_d20250830_t1817209_e1818451_b71723;npp_d20250830_t1818463_e1820105_b71723,154.091,44.19,39.7582,98.3508,120.634,-113.762
219,VBD_npp_d20250830_t1815184_x1041211E_y091984N_l0439_s1251_v23,2025-08-30 20:43:22,9.198362,104.121132,9.68398,2025-08-30 18:15:18,2025-08-31 01:15:18,439,1251,0.372542,1,2401,0.53215,0.055,0.905527,0.4,0.920749,0.75,4.13534e-18,0.0001,8.34165e-13,999999,999999,3,Vietnamese Exclusive Economic Zone,,,SVDNB_npp_d20250830_t1814301_e1815542_b71723_c20250830194159405000_oeac_ops.h5,GDNBO_npp_d20250830_t1814301_e1815542_b71723_c20250830193935163000_oeac_ops.h5,SVI04_npp_d20250830_t1814301_e1815542_b71723_c20250830194207485000_oeac_ops.dspace_rad,,eez_v11.shp,WPP_BFAR_merge.shp,vbd_mpa_r20170830.shp,VNF-VBD_npp_20120301-20151231_global_asia-enhanced_c201607211230.bitmask,vbd_landsea_r20220824.mask,timezone.shp,VBD_platforms-recurring_2015_r20170330.shp,999999,VBD_bridges_c20160811.shp,13.103016;11.269409;8.812280;3.958795;6.255141;8.201997,96.038063;110.048721;123.751022;122.491997;108.912346;95.112503,npp_d20250830_t1814301_e1815542_b71723;npp_d20250830_t1815555_e1817196_b71723;npp_d20250830_t1817209_e1818451_b71723;npp_d20250830_t1818463_e1820105_b71723,154.788,45.2591,39.7531,98.1166,120.176,-114.203
220,VBD_npp_d20250830_t1815344_x1039181E_y082462N_l0585_s1251_v23,2025-08-30 20:43:22,8.246208,103.918068,2.70997,2025-08-30 18:15:34,2025-08-31 01:15:34,585,1251,0.387338,1,2401,0.220516,0.055,0.703504,0.4,0.86074,0.75,6.58863e-18,0.0001,7.78556e-13,999999,999999,3,Vietnamese Exclusive Economic Zone,,,SVDNB_npp_d20250830_t1814301_e1815542_b71723_c20250830194159405000_oeac_ops.h5,GDNBO_npp_d20250830_t1814301_e1815542_b71723_c20250830193935163000_oeac_ops.h5,SVI04_npp_d20250830_t1814301_e1815542_b71723_c20250830194207485000_oeac_ops.dspace_rad,,eez_v11.shp,WPP_BFAR_merge.shp,vbd_mpa_r20170830.shp,VNF-VBD_npp_20120301-20151231_global_asia-enhanced_c201607211230.bitmask,vbd_landsea_r20220824.mask,timezone.shp,VBD_platforms-recurring_2015_r20170330.shp,999999,VBD_bridges_c20160811.shp,13.103016;11.269409;8.812280;3.958795;6.255141;8.201997,96.038063;110.048721;123.751022;122.491997;108.912346;95.112503,npp_d20250830_t1814301_e1815542_b71723;npp_d20250830_t1815555_e1817196_b71723;npp_d20250830_t1817209_e1818451_b71723;npp_d20250830_t1818463_e1820105_b71723,155.548,46.5131,39.7529,98.0406,119.661,-114.677
221,VBD_npp_d20250830_t1815130_x1041960E_y095243N_l0389_s1252_v23,2025-08-30 20:43:22,9.524254,104.196014,3.72643,2025-08-30 18:15:13,2025-08-31 01:15:13,389,1252,0.399786,1,2401,0.293087,0.055,0.778921,0.4,0.932521,0.75,3.78891e-18,0.0001,8.54297e-13,999999,999999,3,Vietnamese Exclusive Economic Zone,,,SVDNB_npp_d20250830_t1814301_e1815542_b71723_c20250830194159405000_oeac_ops.h5,GDNBO_npp_d20250830_t1814301_e1815542_b71723_c20250830193935163000_oeac_ops.h5,SVI04_npp_d20250830_t1814301_e1815542_b71723_c20250830194207485000_oeac_ops.dspace_rad,,eez_v11.shp,WPP_BFAR_merge.shp,vbd_mpa_r20170830.shp,VNF-VBD_npp_20120301-20151231_global_asia-enhanced_c201607211230.bitmask,vbd_landsea_r20220824.mask,timezone.shp,VBD_platforms-recurring_2015_r20170330.shp,999999,VBD_bridges_c20160811.shp,13.103016;11.269409;8.812280;3.958795;6.255141;8.201997,96.038063;110.048721;123.751022;122.491997;108.912346;95.112503,npp_d20250830_t1814301_e1815542_b71723;npp_d20250830_t1815555_e1817196_b71723;npp_d20250830_t1817209_e1818451_b71723;npp_d20250830_t1818463_e1820105_b71723,154.521,44.8582,39.7188,98.2451,120.355,-114.038
222,VBD_npp_d20250830_t1815130_x1041852E_y094503N_l0400_s1252_v23,2025-08-30 20:43:22,9.450306,104.185196,3.19807,2025-08-30 18:15:13,2025-08-31 01:15:13,400,1252,0.401564,1,2401,0.260495,0.055,0.733862,0.4,0.909783,0.75,3.86003e-18,0.0001,8.20735e-13,999999,999999,3,Vietnamese Exclusive Economic Zone,,,SVDNB_npp_d20250830_t1814301_e1815542_b71723_c20250830194159405000_oeac_ops.h5,GDNBO_npp_d20250830_t1814301_e1815542_b71723_c20250830193935163000_oeac_ops.h5,SVI04_npp_d20250830_t1814301_e1815542_b71723_c20250830194207485000_oeac_ops.dspace_rad,,eez_v11.shp,WPP_BFAR_merge.shp,vbd_mpa_r20170830.shp,VNF-VBD_npp_20120301-20151231_global_asia-enhanced_c201607211230.bitmask,vbd_landsea_r20220824.mask,timezone.shp,VBD_platforms-recurring_2015_r20170330.shp,999999,VBD_bridges_c20160811.shp,13.103016;11.269409;8.812280;3.958795;6.255141;8.201997,96.038063;110.048721;123.751022;122.491997;108.912346;95.112503,npp_d20250830_t1814301_e1815542_b71723;npp_d20250830_t1815555_e1817196_b71723;npp_d20250830_t1817209_e1818451_b71723;npp_d20250830_t1818463_e1820105_b71723,154.581,44.9502,39.7219,97.4395,120.316,-114.076
223,VBD_npp_d20250830_t1815166_x1041553E_y092464N_l0431_s1254_v23,2025-08-30 20:43:22,9.246445,104.155334,41.5362,2025-08-30 18:15:16,2025-08-31 01:15:16,431,1254,0.369057,1,2401,1.0568,0.055,0.928907,0.4,0.975071,0.75,4.01473e-18,0.0001,8.05177e-13,999999,999999,3,Vietnamese Exclusive Economic Zone,,,SVDNB_npp_d20250830_t1814301_e1815542_b71723_c20250830194159405000_oeac_ops.h5,GDNBO_npp_d20250830_t1814301_e1815542_b71723_c20250830193935163000_oeac_ops.h5,SVI04_npp_d20250830_t1814301_e1815542_b71723_c20250830194207485000_oeac_ops.dspace_rad,,eez_v11.shp,WPP_BFAR_merge.shp,vbd_mpa_r20170830.shp,VNF-VBD_npp_20120301-20151231_global_asia-enhanced_c201607211230.bitmask,vbd_landsea_r20220824.mask,timezone.shp,VBD_platforms-recurring_2015_r20170330.shp,999999,VBD_bridges_c20160811.shp,13.103016;11.269409;8.812280;3.958795;6.255141;8.201997,96.038063;110.048721;123.751022;122.491997;108.912346;95.112503,npp_d20250830_t1814301_e1815542_b71723;npp_d20250830_t1815555_e1817196_b71723;npp_d20250830_t1817209_e1818451_b71723;npp_d20250830_t1818463_e1820105_b71723,154.735,45.2305,39.6428,97.5288,120.219,-114.18
224,VBD_npp_d20250830_t1815184_x1041458E_y092291N_l0434_s1254_v23,2025-08-30 20:43:22,9.229123,104.145790,1.34642,2025-08-30 18:15:18,2025-08-31 01:15:18,434,1254,0.353479,7,2337,0.0556115,0.055,0.928907,0.4,0.642299,0.75,4.03391e-18,0.0001,8.38071e-13,999999,999999,3,,,,SVDNB_npp_d20250830_t1814301_e1815542_b71723_c20250830194159405000_oeac_ops.h5,GDNBO_npp_d20250830_t1814301_e1815542_b71723_c20250830193935163000_oeac_ops.h5,SVI04_npp_d20250830_t1814301_e1815542_b71723_c20250830194207485000_oeac_ops.dspace_rad,,eez_v11.shp,WPP_BFAR_merge.shp,vbd_mpa_r20170830.shp,VNF-VBD_npp_20120301-20151231_global_asia-enhanced_c201607211230.bitmask,vbd_landsea_r20220824.mask,timezone.shp,VBD_platforms-recurring_2015_r20170330.shp,999999,VBD_bridges_c20160811.shp,13.103016;11.269409;8.812280;3.958795;6.255141;8.201997,96.038063;110.048721;123.751022;122.491997;108.912346;95.112503,npp_d20250830_t1814301_e1815542_b71723;npp_d20250830_t1815555_e1817196_b71723;npp_d20250830_t1817209_e1818451_b71723;npp_d20250830_t1818463_e1820105_b71723,154.749,45.2531,39.6404,98.4866,120.21,-114.189
225,VBD_npp_d20250830_t1815042_x1043324E_y100353N_l0310_s1256_v23,2025-08-30 20:43:22,10.035268,104.332390,1.67178,2025-08-30 18:15:04,2025-08-31 01:15:04,310,1256,0.320688,2,2337,0.0599165,0.055,0.533528,0.4,0.445202,0.75,2.81459e-18,0.0001,8.64618e-13,999999,999999,3,Vietnamese Exclusive Economic Zone,,,SVDNB_npp_d20250830_t1814301_e1815542_b71723_c20250830194159405000_oeac_ops.h5,GDNBO_npp_d20250830_t1814301_e1815542_b71723_c20250830193935163000_oeac_ops.h5,SVI04_npp_d20250830_t1814301_e1815542_b71723_c20250830194207485000_oeac_ops.dspace_rad,,eez_v11.shp,WPP_BFAR_merge.shp,vbd_mpa_r20170830.shp,VNF-VBD_npp_20120301-20151231_global_asia-enhanced_c201607211230.bitmask,vbd_landsea_r20220824.mask,timezone.shp,VBD_platforms-recurring_2015_r20170330.shp,999999,VBD_bridges_c20160811.shp,13.103016;11.269409;8.812280;3.958795;6.255141;8.201997,96.038063;110.048721;123.751022;122.491997;108.912346;95.112503,npp_d20250830_t1814301_e1815542_b71723;npp_d20250830_t1815555_e1817196_b71723;npp_d20250830_t1817209_e1818451_b71723;npp_d20250830_t1818463_e1820105_b71723,154.088,44.2746,39.5699,98.1374,120.651,-113.777
226,VBD_npp_d20250830_t1815042_x1043351E_y100075N_l0314_s1257_v23,2025-08-30 20:43:22,10.007502,104.335060,2.04432,2025-08-30 18:15:04,2025-08-31 01:15:04,314,1257,0.340391,2,2337,0.128157,0.055,0.510327,0.4,0.740088,0.75,2.84416e-18,0.0001,8.48084e-13,999999,999999,3,Vietnamese Exclusive Economic Zone,,,SVDNB_npp_d20250830_t1814301_e1815542_b71723_c20250830194159405000_oeac_ops.h5,GDNBO_npp_d20250830_t1814301_e1815542_b71723_c20250830193935163000_oeac_ops.h5,SVI04_npp_d20250830_t1814301_e1815542_b71723_c20250830194207485000_oeac_ops.dspace_rad,,eez_v11.shp,WPP_BFAR_merge.shp,vbd_mpa_r20170830.shp,VNF-VBD_npp_20120301-20151231_global_asia-enhanced_c201607211230.bitmask,vbd_landsea_r20220824.mask,timezone.shp,VBD_platforms-recurring_2015_r20170330.shp,999999,VBD_bridges_c20160811.shp,13.103016;11.269409;8.812280;3.958795;6.255141;8.201997,96.038063;110.048721;123.751022;122.491997;108.912346;95.112503,npp_d20250830_t1814301_e1815542_b71723;npp_d20250830_t1815555_e1817196_b71723;npp_d20250830_t1817209_e1818451_b71723;npp_d20250830_t1818463_e1820105_b71723,154.106,44.3189,39.5329,97.8444,120.642,-113.792
227,VBD_npp_d20250830_t1815184_x1041655E_y092263N_l0434_s1257_v23,2025-08-30 20:43:22,9.226266,104.165466,70.2066,2025-08-30 18:15:18,2025-08-31 01:15:18,434,1257,0.368488,1,2401,1.24464,0.055,0.934125,0.4,0.976086,0.75,3.96499e-18,0.0001,8.26896e-13,999999,999999,3,Vietnamese Exclusive Economic Zone,,,SVDNB_npp_d20250830_t1814301_e1815542_b71723_c20250830194159405000_oeac_ops.h5,GDNBO_npp_d20250830_t1814301_e1815542_b71723_c20250830193935163000_oeac_ops.h5,SVI04_npp_d20250830_t1814301_e1815542_b71723_c20250830194207485000_oeac_ops.dspace_rad,,eez_v11.shp,WPP_BFAR_merge.shp,vbd_mpa_r20170830.shp,VNF-VBD_npp_20120301-20151231_global_asia-enhanced_c201607211230.bitmask,vbd_landsea_r20220824.mask,timezone.shp,VBD_platforms-recurring_2015_r20170330.shp,999999,VBD_bridges_c20160811.shp,13.103016;11.269409;8.812280;3.958795;6.255141;8.201997,96.038063;110.048721;123.751022;122.491997;108.912346;95.112503,npp_d20250830_t1814301_e1815542_b71723;npp_d20250830_t1815555_e1817196_b71723;npp_d20250830_t1817209_e1818451_b71723;npp_d20250830_t1818463_e1820105_b71723,154.737,45.2895,39.5277,98.4907,120.227,-114.192
228,VBD_npp_d20250830_t1815184_x1041747E_y091976N_l0438_s1259_v23,2025-08-30 20:43:22,9.197556,104.174652,4.82382,2025-08-30 18:15:18,2025-08-31 01:15:18,438,1259,0.311156,7,2337,0.255501,0.055,0.920733,0.4,0.728762,0.75,3.9439e-18,0.0001,8.07821e-13,999999,999999,3,,,,SVDNB_npp_d20250830_t1814301_e1815542_b71723_c20250830194159405000_oeac_ops.h5,GDNBO_npp_d20250830_t1814301_e1815542_b71723_c20250830193935163000_oeac_ops.h5,SVI04_npp_d20250830_t1814301_e1815542_b71723_c20250830194207485000_oeac_ops.dspace_rad,,eez_v11.shp,WPP_BFAR_merge.shp,vbd_mpa_r20170830.shp,VNF-VBD_npp_20120301-20151231_global_asia-enhanced_c201607211230.bitmask,vbd_landsea_r20220824.mask,timezone.shp,VBD_platforms-recurring_2015_r20170330.shp,999999,VBD_bridges_c20160811.shp,13.103016;11.269409;8.812280;3.958795;6.255141;8.201997,96.038063;110.048721;123.751022;122.491997;108.912346;95.112503,npp_d20250830_t1814301_e1815542_b71723;npp_d20250830_t1815555_e1817196_b71723;npp_d20250830_t1817209_e1818451_b71723;npp_d20250830_t1818463_e1820105_b71723,154.751,45.3478,39.4522,98.1988,120.223,-114.207
229,VBD_npp_d20250830_t1815184_x1041792E_y091832N_l0440_s1260_v23,2025-08-30 20:43:22,9.183222,104.179237,19.2367,2025-08-30 18:15:18,2025-08-31 01:15:18,440,1260,0.311868,1,2401,0.71661,0.055,0.907753,0.4,0.944371,0.75,3.93314e-18,0.0001,7.98512e-13,999999,999999,3,Vietnamese Exclusive Economic Zone,,,SVDNB_npp_d20250830_t1814301_e1815542_b71723_c20250830194159405000_oeac_ops.h5,GDNBO_npp_d20250830_t1814301_e1815542_b71723_c20250830193935163000_oeac_ops.h5,SVI04_npp_d20250830_t1814301_e1815542_b71723_c20250830194207485000_oeac_ops.dspace_rad,,eez_v11.shp,WPP_BFAR_merge.shp,vbd_mpa_r20170830.shp,VNF-VBD_npp_20120301-20151231_global_asia-enhanced_c201607211230.bitmask,vbd_landsea_r20220824.mask,timezone.shp,VBD_platforms-recurring_2015_r20170330.shp,999999,VBD_bridges_c20160811.shp,13.103016;11.269409;8.812280;3.958795;6.255141;8.201997,96.038063;110.048721;123.751022;122.491997;108.912346;95.112503,npp_d20250830_t1814301_e1815542_b71723;npp_d20250830_t1815555_e1817196_b71723;npp_d20250830_t1817209_e1818451_b71723;npp_d20250830_t1818463_e1820105_b71723,154.758,45.3769,39.4148,98.0525,120.221,-114.215
230,VBD_npp_d20250830_t1815273_x1040744E_y087087N_l0513_s1260_v23,2025-08-30 20:43:22,8.708694,104.074432,4.37802,2025-08-30 18:15:27,2025-08-31 01:15:27,513,1260,0.339182,1,2401,0.32869,0.055,0.783418,0.4,0.934628,0.75,4.80139e-18,0.0001,7.91474e-13,999999,999999,3,Vietnamese Exclusive Economic Zone,,,SVDNB_npp_d20250830_t1814301_e1815542_b71723_c20250830194159405000_oeac_ops.h5,GDNBO_npp_d20250830_t1814301_e1815542_b71723_c20250830193935163000_oeac_ops.h5,SVI04_npp_d20250830_t1814301_e1815542_b71723_c20250830194207485000_oeac_ops.dspace_rad,,eez_v11.shp,WPP_BFAR_merge.shp,vbd_mpa_r20170830.shp,VNF-VBD_npp_20120301-20151231_global_asia-enhanced_c201607211230.bitmask,vbd_landsea_r20220824.mask,timezone.shp,VBD_platforms-recurring_2015_r20170330.shp,999999,VBD_bridges_c20160811.shp,13.103016;11.269409;8.812280;3.958795;6.255141;8.201997,96.038063;110.048721;123.751022;122.491997;108.912346;95.112503,npp_d20250830_t1814301_e1815542_b71723;npp_d20250830_t1815555_e1817196_b71723;npp_d20250830_t1817209_e1818451_b71723;npp_d20250830_t1818463_e1820105_b71723,155.137,45.9928,39.4147,98.6083,119.966,-114.453
231,VBD_npp_d20250830_t1815166_x1042091E_y092936N_l0423_s1261_v23,2025-08-30 20:43:22,9.293622,104.209091,2.07743,2025-08-30 18:15:16,2025-08-31 01:15:16,423,1261,0.374676,2,2337,0.0879611,0.055,0.871185,0.4,0.551616,0.75,3.80552e-18,0.0001,8.03391e-13,999999,999999,3,Vietnamese Exclusive Economic Zone,,,SVDNB_npp_d20250830_t1814301_e1815542_b71723_c20250830194159405000_oeac_ops.h5,GDNBO_npp_d20250830_t1814301_e1815542_b71723_c20250830193935163000_oeac_ops.h5,SVI04_npp_d20250830_t1814301_e1815542_b71723_c20250830194207485000_oeac_ops.dspace_rad,,eez_v11.shp,WPP_BFAR_merge.shp,vbd_mpa_r20170830.shp,VNF-VBD_npp_20120301-20151231_global_asia-enhanced_c201607211230.bitmask,vbd_landsea_r20220824.mask,timezone.shp,VBD_platforms-recurring_2015_r20170330.shp,999999,VBD_bridges_c20160811.shp,13.103016;11.269409;8.812280;3.958795;6.255141;8.201997,96.038063;110.048721;123.751022;122.491997;108.912346;95.112503,npp_d20250830_t1814301_e1815542_b71723;npp_d20250830_t1815555_e1817196_b71723;npp_d20250830_t1817209_e1818451_b71723;npp_d20250830_t1818463_e1820105_b71723,154.664,45.2473,39.3772,98.1232,120.286,-114.16
232,VBD_npp_d20250830_t1815184_x1041877E_y091957N_l0438_s1261_v23,2025-08-30 20:43:22,9.195681,104.187729,2.38228,2025-08-30 18:15:18,2025-08-31 01:15:18,438,1261,0.248703,7,2337,0.07294,0.055,0.920733,0.4,0.398694,0.75,3.89767e-18,0.0001,8.00738e-13,999999,999999,3,,,,SVDNB_npp_d20250830_t1814301_e1815542_b71723_c20250830194159405000_oeac_ops.h5,GDNBO_npp_d20250830_t1814301_e1815542_b71723_c20250830193935163000_oeac_ops.h5,SVI04_npp_d20250830_t1814301_e1815542_b71723_c20250830194207485000_oeac_ops.dspace_rad,,eez_v11.shp,WPP_BFAR_merge.shp,vbd_mpa_r20170830.shp,VNF-VBD_npp_20120301-20151231_global_asia-enhanced_c201607211230.bitmask,vbd_landsea_r20220824.mask,timezone.shp,VBD_platforms-recurring_2015_r20170330.shp,999999,VBD_bridges_c20160811.shp,13.103016;11.269409;8.812280;3.958795;6.255141;8.201997,96.038063;110.048721;123.751022;122.491997;108.912346;95.112503,npp_d20250830_t1814301_e1815542_b71723;npp_d20250830_t1815555_e1817196_b71723;npp_d20250830_t1817209_e1818451_b71723;npp_d20250830_t1818463_e1820105_b71723,154.743,45.3719,39.377,98.201,120.234,-114.209
233,VBD_npp_d20250830_t1815184_x1041818E_y091555N_l0444_s1261_v23,2025-08-30 20:43:22,9.155510,104.181847,7.43107,2025-08-30 18:15:18,2025-08-31 01:15:18,444,1261,0.341031,1,2401,0.434521,0.055,0.881873,0.4,0.910057,0.75,3.93453e-18,0.0001,7.83742e-13,999999,999999,3,Vietnamese Exclusive Economic Zone,,,SVDNB_npp_d20250830_t1814301_e1815542_b71723_c20250830194159405000_oeac_ops.h5,GDNBO_npp_d20250830_t1814301_e1815542_b71723_c20250830193935163000_oeac_ops.h5,SVI04_npp_d20250830_t1814301_e1815542_b71723_c20250830194207485000_oeac_ops.dspace_rad,,eez_v11.shp,WPP_BFAR_merge.shp,vbd_mpa_r20170830.shp,VNF-VBD_npp_20120301-20151231_global_asia-enhanced_c201607211230.bitmask,vbd_landsea_r20220824.mask,timezone.shp,VBD_platforms-recurring_2015_r20170330.shp,999999,VBD_bridges_c20160811.shp,13.103016;11.269409;8.812280;3.958795;6.255141;8.201997,96.038063;110.048721;123.751022;122.491997;108.912346;95.112503,npp_d20250830_t1814301_e1815542_b71723;npp_d20250830_t1815555_e1817196_b71723;npp_d20250830_t1817209_e1818451_b71723;npp_d20250830_t1818463_e1820105_b71723,154.775,45.423,39.3782,97.7584,120.212,-114.23
234,VBD_npp_d20250830_t1815059_x1043489E_y099188N_l0327_s1262_v23,2025-08-30 20:43:22,9.918837,104.348930,6.24282,2025-08-30 18:15:05,2025-08-31 01:15:05,327,1262,0.401564,8,18785,0.391472,0.055,0.753386,0.4,0.772078,0.75,2.90618e-18,0.0001,8.32817e-13,999999,999999,3,Vietnamese Exclusive Economic Zone,,,SVDNB_npp_d20250830_t1814301_e1815542_b71723_c20250830194159405000_oeac_ops.h5,GDNBO_npp_d20250830_t1814301_e1815542_b71723_c20250830193935163000_oeac_ops.h5,SVI04_npp_d20250830_t1814301_e1815542_b71723_c20250830194207485000_oeac_ops.dspace_rad,,eez_v11.shp,WPP_BFAR_merge.shp,vbd_mpa_r20170830.shp,VNF-VBD_npp_20120301-20151231_global_asia-enhanced_c201607211230.bitmask,vbd_landsea_r20220824.mask,timezone.shp,VBD_platforms-recurring_2015_r20170330.shp,0.76466,VBD_bridges_c20160811.shp,13.103016;11.269409;8.812280;3.958795;6.255141;8.201997,96.038063;110.048721;123.751022;122.491997;108.912346;95.112503,npp_d20250830_t1814301_e1815542_b71723;npp_d20250830_t1815555_e1817196_b71723;npp_d20250830_t1817209_e1818451_b71723;npp_d20250830_t1818463_e1820105_b71723,154.155,44.4814,39.3422,98.0809,120.625,-113.84
235,VBD_npp_d20250830_t1815166_x1042176E_y093061N_l0421_s1262_v23,2025-08-30 20:43:22,9.306074,104.217575,3.37176,2025-08-30 18:15:16,2025-08-31 01:15:16,421,1262,0.368701,1,2401,0.203445,0.055,0.780762,0.4,0.813832,0.75,3.77073e-18,0.0001,8.05648e-13,999999,999999,3,Vietnamese Exclusive Economic Zone,,,SVDNB_npp_d20250830_t1814301_e1815542_b71723_c20250830194159405000_oeac_ops.h5,GDNBO_npp_d20250830_t1814301_e1815542_b71723_c20250830193935163000_oeac_ops.h5,SVI04_npp_d20250830_t1814301_e1815542_b71723_c20250830194207485000_oeac_ops.dspace_rad,,eez_v11.shp,WPP_BFAR_merge.shp,vbd_mpa_r20170830.shp,VNF-VBD_npp_20120301-20151231_global_asia-enhanced_c201607211230.bitmask,vbd_landsea_r20220824.mask,timezone.shp,VBD_platforms-recurring_2015_r20170330.shp,999999,VBD_bridges_c20160811.shp,13.103016;11.269409;8.812280;3.958795;6.255141;8.201997,96.038063;110.048721;123.751022;122.491997;108.912346;95.112503,npp_d20250830_t1814301_e1815542_b71723;npp_d20250830_t1815555_e1817196_b71723;npp_d20250830_t1817209_e1818451_b71723;npp_d20250830_t1818463_e1820105_b71723,154.65,45.2425,39.3395,98.2719,120.299,-114.154
236,VBD_npp_d20250830_t1815166_x1042137E_y092793N_l0425_s1262_v23,2025-08-30 20:43:22,9.279305,104.213661,4.8364,2025-08-30 18:15:16,2025-08-31 01:15:16,425,1262,0.394806,1,2401,0.32169,0.055,0.871185,0.4,0.852715,0.75,3.79516e-18,0.0001,7.94153e-13,999999,999999,3,Vietnamese Exclusive Economic Zone,,,SVDNB_npp_d20250830_t1814301_e1815542_b71723_c20250830194159405000_oeac_ops.h5,GDNBO_npp_d20250830_t1814301_e1815542_b71723_c20250830193935163000_oeac_ops.h5,SVI04_npp_d20250830_t1814301_e1815542_b71723_c20250830194207485000_oeac_ops.dspace_rad,,eez_v11.shp,WPP_BFAR_merge.shp,vbd_mpa_r20170830.shp,VNF-VBD_npp_20120301-20151231_global_asia-enhanced_c201607211230.bitmask,vbd_landsea_r20220824.mask,timezone.shp,VBD_platforms-recurring_2015_r20170330.shp,999999,VBD_bridges_c20160811.shp,13.103016;11.269409;8.812280;3.958795;6.255141;8.201997,96.038063;110.048721;123.751022;122.491997;108.912346;95.112503,npp_d20250830_t1814301_e1815542_b71723;npp_d20250830_t1815555_e1817196_b71723;npp_d20250830_t1817209_e1818451_b71723;npp_d20250830_t1818463_e1820105_b71723,154.671,45.2762,39.3399,97.9766,120.285,-114.167
237,VBD_npp_d20250830_t1815148_x1042479E_y094227N_l0403_s1263_v23,2025-08-30 20:43:22,9.422738,104.247879,3.64713,2025-08-30 18:15:14,2025-08-31 01:15:14,403,1263,0.320972,1,2401,0.286178,0.055,0.833416,0.4,0.871378,0.75,3.63894e-18,0.0001,8.13552e-13,999999,999999,3,Vietnamese Exclusive Economic Zone,,,SVDNB_npp_d20250830_t1814301_e1815542_b71723_c20250830194159405000_oeac_ops.h5,GDNBO_npp_d20250830_t1814301_e1815542_b71723_c20250830193935163000_oeac_ops.h5,SVI04_npp_d20250830_t1814301_e1815542_b71723_c20250830194207485000_oeac_ops.dspace_rad,,eez_v11.shp,WPP_BFAR_merge.shp,vbd_mpa_r20170830.shp,VNF-VBD_npp_20120301-20151231_global_asia-enhanced_c201607211230.bitmask,vbd_landsea_r20220824.mask,timezone.shp,VBD_platforms-recurring_2015_r20170330.shp,999999,VBD_bridges_c20160811.shp,13.103016;11.269409;8.812280;3.958795;6.255141;8.201997,96.038063;110.048721;123.751022;122.491997;108.912346;95.112503,npp_d20250830_t1814301_e1815542_b71723;npp_d20250830_t1815555_e1817196_b71723;npp_d20250830_t1817209_e1818451_b71723;npp_d20250830_t1818463_e1820105_b71723,154.551,45.1055,39.3047,98.4114,120.367,-114.095
238,VBD_npp_d20250830_t1815184_x1041998E_y091871N_l0439_s1263_v23,2025-08-30 20:43:22,9.187120,104.199799,3.03169,2025-08-30 18:15:18,2025-08-31 01:15:18,439,1263,0.340391,7,2337,0.0955189,0.055,0.886874,0.4,0.530174,0.75,3.85751e-18,0.0001,7.90922e-13,999999,999999,3,,,,SVDNB_npp_d20250830_t1814301_e1815542_b71723_c20250830194159405000_oeac_ops.h5,GDNBO_npp_d20250830_t1814301_e1815542_b71723_c20250830193935163000_oeac_ops.h5,SVI04_npp_d20250830_t1814301_e1815542_b71723_c20250830194207485000_oeac_ops.dspace_rad,,eez_v11.shp,WPP_BFAR_merge.shp,vbd_mpa_r20170830.shp,VNF-VBD_npp_20120301-20151231_global_asia-enhanced_c201607211230.bitmask,vbd_landsea_r20220824.mask,timezone.shp,VBD_platforms-recurring_2015_r20170330.shp,999999,VBD_bridges_c20160811.shp,13.103016;11.269409;8.812280;3.958795;6.255141;8.201997,96.038063;110.048721;123.751022;122.491997;108.912346;95.112503,npp_d20250830_t1814301_e1815542_b71723;npp_d20250830_t1815555_e1817196_b71723;npp_d20250830_t1817209_e1818451_b71723;npp_d20250830_t1818463_e1820105_b71723,154.741,45.4045,39.3019,98.1294,120.241,-114.214
239,VBD_npp_d20250830_t1815202_x1041778E_y090897N_l0454_s1263_v23,2025-08-30 20:43:22,9.089671,104.177826,1.57867,2025-08-30 18:15:20,2025-08-31 01:15:20,454,1263,0.385844,1,2401,0.100656,0.055,0.880663,0.4,0.778371,0.75,3.94857e-18,0.0001,7.88813e-13,999999,999999,3,Vietnamese Exclusive Economic Zone,,,SVDNB_npp_d20250830_t1814301_e1815542_b71723_c20250830194159405000_oeac_ops.h5,GDNBO_npp_d20250830_t1814301_e1815542_b71723_c20250830193935163000_oeac_ops.h5,SVI04_npp_d20250830_t1814301_e1815542_b71723_c20250830194207485000_oeac_ops.dspace_rad,,eez_v11.shp,WPP_BFAR_merge.shp,vbd_mpa_r20170830.shp,VNF-VBD_npp_20120301-20151231_global_asia-enhanced_c201607211230.bitmask,vbd_landsea_r20220824.mask,timezone.shp,VBD_platforms-recurring_2015_r20170330.shp,999999,VBD_bridges_c20160811.shp,13.103016;11.269409;8.812280;3.958795;6.255141;8.201997,96.038063;110.048721;123.751022;122.491997;108.912346;95.112503,npp_d20250830_t1814301_e1815542_b71723;npp_d20250830_t1815555_e1817196_b71723;npp_d20250830_t1817209_e1818451_b71723;npp_d20250830_t1818463_e1820105_b71723,154.819,45.5283,39.3054,98.2117,120.188,-114.264
240,VBD_npp_d20250830_t1815202_x1041719E_y090495N_l0460_s1263_v23,2025-08-30 20:43:22,9.049536,104.171944,6.18049,2025-08-30 18:15:20,2025-08-31 01:15:20,460,1263,0.381576,1,2401,0.405107,0.055,0.867021,0.4,0.904148,0.75,3.985e-18,0.0001,7.72163e-13,999999,999999,3,Vietnamese Exclusive Economic Zone,,,SVDNB_npp_d20250830_t1814301_e1815542_b71723_c20250830194159405000_oeac_ops.h5,GDNBO_npp_d20250830_t1814301_e1815542_b71723_c20250830193935163000_oeac_ops.h5,SVI04_npp_d20250830_t1814301_e1815542_b71723_c20250830194207485000_oeac_ops.dspace_rad,,eez_v11.shp,WPP_BFAR_merge.shp,vbd_mpa_r20170830.shp,VNF-VBD_npp_20120301-20151231_global_asia-enhanced_c201607211230.bitmask,vbd_landsea_r20220824.mask,timezone.shp,VBD_platforms-recurring_2015_r20170330.shp,999999,VBD_bridges_c20160811.shp,13.103016;11.269409;8.812280;3.958795;6.255141;8.201997,96.038063;110.048721;123.751022;122.491997;108.912346;95.112503,npp_d20250830_t1814301_e1815542_b71723;npp_d20250830_t1815555_e1817196_b71723;npp_d20250830_t1817209_e1818451_b71723;npp_d20250830_t1818463_e1820105_b71723,154.851,45.5797,39.3066,97.7684,120.167,-114.284
241,VBD_npp_d20250830_t1815166_x1042316E_y093109N_l0420_s1264_v23,2025-08-30 20:43:22,9.310885,104.231583,2.44594,2025-08-30 18:15:16,2025-08-31 01:15:16,420,1264,0.386698,2,2337,0.114132,0.055,0.798839,0.4,0.582754,0.75,3.71968e-18,0.0001,8.01497e-13,999999,999999,3,Vietnamese Exclusive Economic Zone,,,SVDNB_npp_d20250830_t1814301_e1815542_b71723_c20250830194159405000_oeac_ops.h5,GDNBO_npp_d20250830_t1814301_e1815542_b71723_c20250830193935163000_oeac_ops.h5,SVI04_npp_d20250830_t1814301_e1815542_b71723_c20250830194207485000_oeac_ops.dspace_rad,,eez_v11.shp,WPP_BFAR_merge.shp,vbd_mpa_r20170830.shp,VNF-VBD_npp_20120301-20151231_global_asia-enhanced_c201607211230.bitmask,vbd_landsea_r20220824.mask,timezone.shp,VBD_platforms-recurring_2015_r20170330.shp,999999,VBD_bridges_c20160811.shp,13.103016;11.269409;8.812280;3.958795;6.255141;8.201997,96.038063;110.048721;123.751022;122.491997;108.912346;95.112503,npp_d20250830_t1814301_e1815542_b71723;npp_d20250830_t1815555_e1817196_b71723;npp_d20250830_t1817209_e1818451_b71723;npp_d20250830_t1818463_e1820105_b71723,154.637,45.2581,39.2645,98.3482,120.314,-114.152
242,VBD_npp_d20250830_t1815166_x1042287E_y092908N_l0423_s1264_v23,2025-08-30 20:43:22,9.290827,104.228653,1.95119,2025-08-30 18:15:16,2025-08-31 01:15:16,423,1264,0.369768,2,2337,0.0676754,0.055,0.864465,0.4,0.56624,0.75,3.73779e-18,0.0001,7.92909e-13,999999,999999,3,Vietnamese Exclusive Economic Zone,,,SVDNB_npp_d20250830_t1814301_e1815542_b71723_c20250830194159405000_oeac_ops.h5,GDNBO_npp_d20250830_t1814301_e1815542_b71723_c20250830193935163000_oeac_ops.h5,SVI04_npp_d20250830_t1814301_e1815542_b71723_c20250830194207485000_oeac_ops.dspace_rad,,eez_v11.shp,WPP_BFAR_merge.shp,vbd_mpa_r20170830.shp,VNF-VBD_npp_20120301-20151231_global_asia-enhanced_c201607211230.bitmask,vbd_landsea_r20220824.mask,timezone.shp,VBD_platforms-recurring_2015_r20170330.shp,999999,VBD_bridges_c20160811.shp,13.103016;11.269409;8.812280;3.958795;6.255141;8.201997,96.038063;110.048721;123.751022;122.491997;108.912346;95.112503,npp_d20250830_t1814301_e1815542_b71723;npp_d20250830_t1815555_e1817196_b71723;npp_d20250830_t1817209_e1818451_b71723;npp_d20250830_t1818463_e1820105_b71723,154.653,45.2834,39.2645,98.1264,120.303,-114.162
243,VBD_npp_d20250830_t1815184_x1042014E_y091528N_l0444_s1264_v23,2025-08-30 20:43:22,9.152759,104.201401,6.44423,2025-08-30 18:15:18,2025-08-31 01:15:18,444,1264,0.389187,1,2401,0.326436,0.055,0.876358,0.4,0.846446,0.75,3.86453e-18,0.0001,7.73596e-13,999999,999999,3,Vietnamese Exclusive Economic Zone,,,SVDNB_npp_d20250830_t1814301_e1815542_b71723_c20250830194159405000_oeac_ops.h5,GDNBO_npp_d20250830_t1814301_e1815542_b71723_c20250830193935163000_oeac_ops.h5,SVI04_npp_d20250830_t1814301_e1815542_b71723_c20250830194207485000_oeac_ops.dspace_rad,,eez_v11.shp,WPP_BFAR_merge.shp,vbd_mpa_r20170830.shp,VNF-VBD_npp_20120301-20151231_global_asia-enhanced_c201607211230.bitmask,vbd_landsea_r20220824.mask,timezone.shp,VBD_platforms-recurring_2015_r20170330.shp,999999,VBD_bridges_c20160811.shp,13.103016;11.269409;8.812280;3.958795;6.255141;8.201997,96.038063;110.048721;123.751022;122.491997;108.912346;95.112503,npp_d20250830_t1814301_e1815542_b71723;npp_d20250830_t1815555_e1817196_b71723;npp_d20250830_t1817209_e1818451_b71723;npp_d20250830_t1818463_e1820105_b71723,154.764,45.459,39.2655,97.7607,120.229,-114.232
244,VBD_npp_d20250830_t1815202_x1041824E_y090754N_l0456_s1264_v23,2025-08-30 20:43:22,9.075363,104.182388,1.64942,2025-08-30 18:15:20,2025-08-31 01:15:20,456,1264,0.374463,1,2401,0.113918,0.055,0.877749,0.4,0.767715,0.75,3.93695e-18,0.0001,7.79813e-13,999999,999999,3,Vietnamese Exclusive Economic Zone,,,SVDNB_npp_d20250830_t1814301_e1815542_b71723_c20250830194159405000_oeac_ops.h5,GDNBO_npp_d20250830_t1814301_e1815542_b71723_c20250830193935163000_oeac_ops.h5,SVI04_npp_d20250830_t1814301_e1815542_b71723_c20250830194207485000_oeac_ops.dspace_rad,,eez_v11.shp,WPP_BFAR_merge.shp,vbd_mpa_r20170830.shp,VNF-VBD_npp_20120301-20151231_global_asia-enhanced_c201607211230.bitmask,vbd_landsea_r20220824.mask,timezone.shp,VBD_platforms-recurring_2015_r20170330.shp,999999,VBD_bridges_c20160811.shp,13.103016;11.269409;8.812280;3.958795;6.255141;8.201997,96.038063;110.048721;123.751022;122.491997;108.912346;95.112503,npp_d20250830_t1814301_e1815542_b71723;npp_d20250830_t1815555_e1817196_b71723;npp_d20250830_t1817209_e1818451_b71723;npp_d20250830_t1818463_e1820105_b71723,154.826,45.5574,39.268,98.0649,120.187,-114.271
245,VBD_npp_d20250830_t1815237_x1041389E_y088734N_l0487_s1264_v23,2025-08-30 20:43:22,8.873448,104.138901,10.6291,2025-08-30 18:15:23,2025-08-31 01:15:23,487,1264,0.401208,1,2401,0.59761,0.055,0.875004,0.4,0.961837,0.75,4.20042e-18,0.0001,7.72066e-13,999999,999999,3,Vietnamese Exclusive Economic Zone,,,SVDNB_npp_d20250830_t1814301_e1815542_b71723_c20250830194159405000_oeac_ops.h5,GDNBO_npp_d20250830_t1814301_e1815542_b71723_c20250830193935163000_oeac_ops.h5,SVI04_npp_d20250830_t1814301_e1815542_b71723_c20250830194207485000_oeac_ops.dspace_rad,,eez_v11.shp,WPP_BFAR_merge.shp,vbd_mpa_r20170830.shp,VNF-VBD_npp_20120301-20151231_global_asia-enhanced_c201607211230.bitmask,vbd_landsea_r20220824.mask,timezone.shp,VBD_platforms-recurring_2015_r20170330.shp,999999,VBD_bridges_c20160811.shp,13.103016;11.269409;8.812280;3.958795;6.255141;8.201997,96.038063;110.048721;123.751022;122.491997;108.912346;95.112503,npp_d20250830_t1814301_e1815542_b71723;npp_d20250830_t1815555_e1817196_b71723;npp_d20250830_t1817209_e1818451_b71723;npp_d20250830_t1818463_e1820105_b71723,154.987,45.8193,39.2665,98.1548,120.078,-114.373
246,VBD_npp_d20250830_t1815166_x1042293E_y092498N_l0429_s1265_v23,2025-08-30 20:43:22,9.249798,104.229279,15.0812,2025-08-30 18:15:16,2025-08-31 01:15:16,429,1265,0.366141,1,2401,0.686723,0.055,0.887793,0.4,0.924062,0.75,3.75121e-18,0.0001,7.72767e-13,999999,999999,3,Vietnamese Exclusive Economic Zone,,,SVDNB_npp_d20250830_t1814301_e1815542_b71723_c20250830194159405000_oeac_ops.h5,GDNBO_npp_d20250830_t1814301_e1815542_b71723_c20250830193935163000_oeac_ops.h5,SVI04_npp_d20250830_t1814301_e1815542_b71723_c20250830194207485000_oeac_ops.dspace_rad,,eez_v11.shp,WPP_BFAR_merge.shp,vbd_mpa_r20170830.shp,VNF-VBD_npp_20120301-20151231_global_asia-enhanced_c201607211230.bitmask,vbd_landsea_r20220824.mask,timezone.shp,VBD_platforms-recurring_2015_r20170330.shp,999999,VBD_bridges_c20160811.shp,13.103016;11.269409;8.812280;3.958795;6.255141;8.201997,96.038063;110.048721;123.751022;122.491997;108.912346;95.112503,npp_d20250830_t1814301_e1815542_b71723;npp_d20250830_t1815555_e1817196_b71723;npp_d20250830_t1817209_e1818451_b71723;npp_d20250830_t1818463_e1820105_b71723,154.681,45.346,39.2285,97.6834,120.287,-114.184
247,VBD_npp_d20250830_t1815184_x1042069E_y091452N_l0445_s1265_v23,2025-08-30 20:43:22,9.145160,104.206924,2.21371,2025-08-30 18:15:18,2025-08-31 01:15:18,445,1265,0.296859,2,2337,0.0714687,0.055,0.876358,0.4,0.4517,0.75,3.8472e-18,0.0001,7.67542e-13,999999,999999,3,Vietnamese Exclusive Economic Zone,,,SVDNB_npp_d20250830_t1814301_e1815542_b71723_c20250830194159405000_oeac_ops.h5,GDNBO_npp_d20250830_t1814301_e1815542_b71723_c20250830193935163000_oeac_ops.h5,SVI04_npp_d20250830_t1814301_e1815542_b71723_c20250830194207485000_oeac_ops.dspace_rad,,eez_v11.shp,WPP_BFAR_merge.shp,vbd_mpa_r20170830.shp,VNF-VBD_npp_20120301-20151231_global_asia-enhanced_c201607211230.bitmask,vbd_landsea_r20220824.mask,timezone.shp,VBD_platforms-recurring_2015_r20170330.shp,999999,VBD_bridges_c20160811.shp,13.103016;11.269409;8.812280;3.958795;6.255141;8.201997,96.038063;110.048721;123.751022;122.491997;108.912346;95.112503,npp_d20250830_t1814301_e1815542_b71723;npp_d20250830_t1815555_e1817196_b71723;npp_d20250830_t1817209_e1818451_b71723;npp_d20250830_t1818463_e1820105_b71723,154.765,45.4795,39.2284,97.6874,120.231,-114.237
248,VBD_npp_d20250830_t1815202_x1041948E_y091145N_l0450_s1265_v23,2025-08-30 20:43:22,9.114534,104.194763,4.62538,2025-08-30 18:15:20,2025-08-31 01:15:20,450,1265,0.382643,1,2401,0.309465,0.055,0.874831,0.4,0.854313,0.75,3.87719e-18,0.0001,7.93239e-13,999999,999999,3,Vietnamese Exclusive Economic Zone,,,SVDNB_npp_d20250830_t1814301_e1815542_b71723_c20250830194159405000_oeac_ops.h5,GDNBO_npp_d20250830_t1814301_e1815542_b71723_c20250830193935163000_oeac_ops.h5,SVI04_npp_d20250830_t1814301_e1815542_b71723_c20250830194207485000_oeac_ops.dspace_rad,,eez_v11.shp,WPP_BFAR_merge.shp,vbd_mpa_r20170830.shp,VNF-VBD_npp_20120301-20151231_global_asia-enhanced_c201607211230.bitmask,vbd_landsea_r20220824.mask,timezone.shp,VBD_platforms-recurring_2015_r20170330.shp,999999,VBD_bridges_c20160811.shp,13.103016;11.269409;8.812280;3.958795;6.255141;8.201997,96.038063;110.048721;123.751022;122.491997;108.912346;95.112503,npp_d20250830_t1814301_e1815542_b71723;npp_d20250830_t1815555_e1817196_b71723;npp_d20250830_t1817209_e1818451_b71723;npp_d20250830_t1818463_e1820105_b71723,154.79,45.5182,39.2306,98.5099,120.214,-114.252
249,VBD_npp_d20250830_t1815202_x1041928E_y091012N_l0452_s1265_v23,2025-08-30 20:43:22,9.101167,104.192810,4.23232,2025-08-30 18:15:20,2025-08-31 01:15:20,452,1265,0.385488,1,2401,0.283799,0.055,0.880663,0.4,0.821819,0.75,3.88919e-18,0.0001,7.87583e-13,999999,999999,3,Vietnamese Exclusive Economic Zone,,,SVDNB_npp_d20250830_t1814301_e1815542_b71723_c20250830194159405000_oeac_ops.h5,GDNBO_npp_d20250830_t1814301_e1815542_b71723_c20250830193935163000_oeac_ops.h5,SVI04_npp_d20250830_t1814301_e1815542_b71723_c20250830194207485000_oeac_ops.dspace_rad,,eez_v11.shp,WPP_BFAR_merge.shp,vbd_mpa_r20170830.shp,VNF-VBD_npp_20120301-20151231_global_asia-enhanced_c201607211230.bitmask,vbd_landsea_r20220824.mask,timezone.shp,VBD_platforms-recurring_2015_r20170330.shp,999999,VBD_bridges_c20160811.shp,13.103016;11.269409;8.812280;3.958795;6.255141;8.201997,96.038063;110.048721;123.751022;122.491997;108.912346;95.112503,npp_d20250830_t1814301_e1815542_b71723;npp_d20250830_t1815555_e1817196_b71723;npp_d20250830_t1817209_e1818451_b71723;npp_d20250830_t1818463_e1820105_b71723,154.801,45.5353,39.2303,98.3619,120.206,-114.259
250,VBD_npp_d20250830_t1815202_x1041830E_y090343N_l0462_s1265_v23,2025-08-30 20:43:22,9.034334,104.183006,1.44672,2025-08-30 18:15:20,2025-08-31 01:15:20,462,1265,0.390752,2,2337,0.0894613,0.055,0.867021,0.4,0.638124,0.75,3.94919e-18,0.0001,7.60142e-13,999999,999999,3,Vietnamese Exclusive Economic Zone,,,SVDNB_npp_d20250830_t1814301_e1815542_b71723_c20250830194159405000_oeac_ops.h5,GDNBO_npp_d20250830_t1814301_e1815542_b71723_c20250830193935163000_oeac_ops.h5,SVI04_npp_d20250830_t1814301_e1815542_b71723_c20250830194207485000_oeac_ops.dspace_rad,,eez_v11.shp,WPP_BFAR_merge.shp,vbd_mpa_r20170830.shp,VNF-VBD_npp_20120301-20151231_global_asia-enhanced_c201607211230.bitmask,vbd_landsea_r20220824.mask,timezone.shp,VBD_platforms-recurring_2015_r20170330.shp,999999,VBD_bridges_c20160811.shp,13.103016;11.269409;8.812280;3.958795;6.255141;8.201997,96.038063;110.048721;123.751022;122.491997;108.912346;95.112503,npp_d20250830_t1814301_e1815542_b71723;npp_d20250830_t1815555_e1817196_b71723;npp_d20250830_t1817209_e1818451_b71723;npp_d20250830_t1818463_e1820105_b71723,154.854,45.6208,39.2323,97.6219,120.17,-114.292
251,VBD_npp_d20250830_t1815166_x1042407E_y092823N_l0424_s1266_v23,2025-08-30 20:43:22,9.282289,104.240677,3.98519,2025-08-30 18:15:16,2025-08-31 01:15:16,424,1266,0.371973,1,2401,0.245759,0.055,0.864465,0.4,0.778014,0.75,3.69859e-18,0.0001,7.83248e-13,999999,999999,3,Vietnamese Exclusive Economic Zone,,,SVDNB_npp_d20250830_t1814301_e1815542_b71723_c20250830194159405000_oeac_ops.h5,GDNBO_npp_d20250830_t1814301_e1815542_b71723_c20250830193935163000_oeac_ops.h5,SVI04_npp_d20250830_t1814301_e1815542_b71723_c20250830194207485000_oeac_ops.dspace_rad,,eez_v11.shp,WPP_BFAR_merge.shp,vbd_mpa_r20170830.shp,VNF-VBD_npp_20120301-20151231_global_asia-enhanced_c201607211230.bitmask,vbd_landsea_r20220824.mask,timezone.shp,VBD_platforms-recurring_2015_r20170330.shp,999999,VBD_bridges_c20160811.shp,13.103016;11.269409;8.812280;3.958795;6.255141;8.201997,96.038063;110.048721;123.751022;122.491997;108.912346;95.112503,npp_d20250830_t1814301_e1815542_b71723;npp_d20250830_t1815555_e1817196_b71723;npp_d20250830_t1817209_e1818451_b71723;npp_d20250830_t1818463_e1820105_b71723,154.65,45.3157,39.1896,98.0544,120.31,-114.168
252,VBD_npp_d20250830_t1815184_x1042144E_y091509N_l0444_s1266_v23,2025-08-30 20:43:22,9.150927,104.214409,4.25954,2025-08-30 18:15:18,2025-08-31 01:15:18,444,1266,0.390041,2,2337,0.155576,0.055,0.876358,0.4,0.584697,0.75,3.81787e-18,0.0001,7.66953e-13,999999,999999,3,Vietnamese Exclusive Economic Zone,,,SVDNB_npp_d20250830_t1814301_e1815542_b71723_c20250830194159405000_oeac_ops.h5,GDNBO_npp_d20250830_t1814301_e1815542_b71723_c20250830193935163000_oeac_ops.h5,SVI04_npp_d20250830_t1814301_e1815542_b71723_c20250830194207485000_oeac_ops.dspace_rad,,eez_v11.shp,WPP_BFAR_merge.shp,vbd_mpa_r20170830.shp,VNF-VBD_npp_20120301-20151231_global_asia-enhanced_c201607211230.bitmask,vbd_landsea_r20220824.mask,timezone.shp,VBD_platforms-recurring_2015_r20170330.shp,999999,VBD_bridges_c20160811.shp,13.103016;11.269409;8.812280;3.958795;6.255141;8.201997,96.038063;110.048721;123.751022;122.491997;108.912346;95.112503,npp_d20250830_t1814301_e1815542_b71723;npp_d20250830_t1815555_e1817196_b71723;npp_d20250830_t1817209_e1818451_b71723;npp_d20250830_t1818463_e1820105_b71723,154.756,45.483,39.1904,97.7622,120.24,-114.234
253,VBD_npp_d20250830_t1815059_x1043806E_y099075N_l0328_s1267_v23,2025-08-30 20:43:22,9.907532,104.380569,1.97341,2025-08-30 18:15:05,2025-08-31 01:15:05,328,1267,0.397083,8,18785,0.154295,0.055,0.687654,0.4,0.852368,0.75,2.83016e-18,0.0001,8.11657e-13,999999,999999,3,Vietnamese Exclusive Economic Zone,,,SVDNB_npp_d20250830_t1814301_e1815542_b71723_c20250830194159405000_oeac_ops.h5,GDNBO_npp_d20250830_t1814301_e1815542_b71723_c20250830193935163000_oeac_ops.h5,SVI04_npp_d20250830_t1814301_e1815542_b71723_c20250830194207485000_oeac_ops.dspace_rad,,eez_v11.shp,WPP_BFAR_merge.shp,vbd_mpa_r20170830.shp,VNF-VBD_npp_20120301-20151231_global_asia-enhanced_c201607211230.bitmask,vbd_landsea_r20220824.mask,timezone.shp,VBD_platforms-recurring_2015_r20170330.shp,0.404529,VBD_bridges_c20160811.shp,13.103016;11.269409;8.812280;3.958795;6.255141;8.201997,96.038063;110.048721;123.751022;122.491997;108.912346;95.112503,npp_d20250830_t1814301_e1815542_b71723;npp_d20250830_t1815555_e1817196_b71723;npp_d20250830_t1817209_e1818451_b71723;npp_d20250830_t1818463_e1820105_b71723,154.141,44.5491,39.1545,98.0125,120.649,-113.847
254,VBD_npp_d20250830_t1815148_x1042690E_y093856N_l0408_s1267_v23,2025-08-30 20:43:22,9.385586,104.269035,6.92979,2025-08-30 18:15:14,2025-08-31 01:15:14,408,1267,0.409886,1,2401,0.466119,0.055,0.841732,0.4,0.952896,0.75,3.58113e-18,0.0001,7.85214e-13,999999,999999,3,Vietnamese Exclusive Economic Zone,,,SVDNB_npp_d20250830_t1814301_e1815542_b71723_c20250830194159405000_oeac_ops.h5,GDNBO_npp_d20250830_t1814301_e1815542_b71723_c20250830193935163000_oeac_ops.h5,SVI04_npp_d20250830_t1814301_e1815542_b71723_c20250830194207485000_oeac_ops.dspace_rad,,eez_v11.shp,WPP_BFAR_merge.shp,vbd_mpa_r20170830.shp,VNF-VBD_npp_20120301-20151231_global_asia-enhanced_c201607211230.bitmask,vbd_landsea_r20220824.mask,timezone.shp,VBD_platforms-recurring_2015_r20170330.shp,999999,VBD_bridges_c20160811.shp,13.103016;11.269409;8.812280;3.958795;6.255141;8.201997,96.038063;110.048721;123.751022;122.491997;108.912346;95.112503,npp_d20250830_t1814301_e1815542_b71723;npp_d20250830_t1815555_e1817196_b71723;npp_d20250830_t1817209_e1818451_b71723;npp_d20250830_t1818463_e1820105_b71723,154.563,45.1952,39.1546,98.0461,120.371,-114.115
255,VBD_npp_d20250830_t1815184_x1042258E_y091834N_l0439_s1267_v23,2025-08-30 20:43:22,9.183398,104.225807,4.78968,2025-08-30 18:15:18,2025-08-31 01:15:18,439,1267,0.353764,1,2401,0.245515,0.055,0.843921,0.4,0.77612,0.75,3.7649e-18,0.0001,7.77323e-13,999999,999999,3,Vietnamese Exclusive Economic Zone,,,SVDNB_npp_d20250830_t1814301_e1815542_b71723_c20250830194159405000_oeac_ops.h5,GDNBO_npp_d20250830_t1814301_e1815542_b71723_c20250830193935163000_oeac_ops.h5,SVI04_npp_d20250830_t1814301_e1815542_b71723_c20250830194207485000_oeac_ops.dspace_rad,,eez_v11.shp,WPP_BFAR_merge.shp,vbd_mpa_r20170830.shp,VNF-VBD_npp_20120301-20151231_global_asia-enhanced_c201607211230.bitmask,vbd_landsea_r20220824.mask,timezone.shp,VBD_platforms-recurring_2015_r20170330.shp,999999,VBD_bridges_c20160811.shp,13.103016;11.269409;8.812280;3.958795;6.255141;8.201997,96.038063;110.048721;123.751022;122.491997;108.912346;95.112503,npp_d20250830_t1814301_e1815542_b71723;npp_d20250830_t1815555_e1817196_b71723;npp_d20250830_t1817209_e1818451_b71723;npp_d20250830_t1818463_e1820105_b71723,154.725,45.4524,39.1517,98.1336,120.263,-114.218
256,VBD_npp_d20250830_t1815184_x1042189E_y091367N_l0446_s1267_v23,2025-08-30 20:43:22,9.136659,104.218948,1.98082,2025-08-30 18:15:18,2025-08-31 01:15:18,446,1267,0.395873,2,2337,0.0945283,0.055,0.87092,0.4,0.611881,0.75,3.80639e-18,0.0001,7.58296e-13,999999,999999,3,Vietnamese Exclusive Economic Zone,,,SVDNB_npp_d20250830_t1814301_e1815542_b71723_c20250830194159405000_oeac_ops.h5,GDNBO_npp_d20250830_t1814301_e1815542_b71723_c20250830193935163000_oeac_ops.h5,SVI04_npp_d20250830_t1814301_e1815542_b71723_c20250830194207485000_oeac_ops.dspace_rad,,eez_v11.shp,WPP_BFAR_merge.shp,vbd_mpa_r20170830.shp,VNF-VBD_npp_20120301-20151231_global_asia-enhanced_c201607211230.bitmask,vbd_landsea_r20220824.mask,timezone.shp,VBD_platforms-recurring_2015_r20170330.shp,999999,VBD_bridges_c20160811.shp,13.103016;11.269409;8.812280;3.958795;6.255141;8.201997,96.038063;110.048721;123.751022;122.491997;108.912346;95.112503,npp_d20250830_t1814301_e1815542_b71723;npp_d20250830_t1815555_e1817196_b71723;npp_d20250830_t1817209_e1818451_b71723;npp_d20250830_t1818463_e1820105_b71723,154.763,45.5119,39.1537,97.6147,120.238,-114.242
257,VBD_npp_d20250830_t1815202_x1041980E_y090459N_l0460_s1267_v23,2025-08-30 20:43:22,9.045869,104.197960,1.67883,2025-08-30 18:15:20,2025-08-31 01:15:20,460,1267,0.389543,2,2337,0.106277,0.055,0.891733,0.4,0.666744,0.75,3.88938e-18,0.0001,7.58982e-13,999999,999999,3,Vietnamese Exclusive Economic Zone,,,SVDNB_npp_d20250830_t1814301_e1815542_b71723_c20250830194159405000_oeac_ops.h5,GDNBO_npp_d20250830_t1814301_e1815542_b71723_c20250830193935163000_oeac_ops.h5,SVI04_npp_d20250830_t1814301_e1815542_b71723_c20250830194207485000_oeac_ops.dspace_rad,,eez_v11.shp,WPP_BFAR_merge.shp,vbd_mpa_r20170830.shp,VNF-VBD_npp_20120301-20151231_global_asia-enhanced_c201607211230.bitmask,vbd_landsea_r20220824.mask,timezone.shp,VBD_platforms-recurring_2015_r20170330.shp,999999,VBD_bridges_c20160811.shp,13.103016;11.269409;8.812280;3.958795;6.255141;8.201997,96.038063;110.048721;123.751022;122.491997;108.912346;95.112503,npp_d20250830_t1814301_e1815542_b71723;npp_d20250830_t1815555_e1817196_b71723;npp_d20250830_t1817209_e1818451_b71723;npp_d20250830_t1818463_e1820105_b71723,154.836,45.6276,39.1564,97.7714,120.188,-114.288
258,VBD_npp_d20250830_t1815202_x1041960E_y090325N_l0462_s1267_v23,2025-08-30 20:43:22,9.032516,104.195999,2.72401,2025-08-30 18:15:20,2025-08-31 01:15:20,462,1267,0.393597,1,2401,0.207668,0.055,0.891733,0.4,0.846311,0.75,3.90124e-18,0.0001,7.53662e-13,999999,999999,3,Vietnamese Exclusive Economic Zone,,,SVDNB_npp_d20250830_t1814301_e1815542_b71723_c20250830194159405000_oeac_ops.h5,GDNBO_npp_d20250830_t1814301_e1815542_b71723_c20250830193935163000_oeac_ops.h5,SVI04_npp_d20250830_t1814301_e1815542_b71723_c20250830194207485000_oeac_ops.dspace_rad,,eez_v11.shp,WPP_BFAR_merge.shp,vbd_mpa_r20170830.shp,VNF-VBD_npp_20120301-20151231_global_asia-enhanced_c201607211230.bitmask,vbd_landsea_r20220824.mask,timezone.shp,VBD_platforms-recurring_2015_r20170330.shp,999999,VBD_bridges_c20160811.shp,13.103016;11.269409;8.812280;3.958795;6.255141;8.201997,96.038063;110.048721;123.751022;122.491997;108.912346;95.112503,npp_d20250830_t1814301_e1815542_b71723;npp_d20250830_t1815555_e1817196_b71723;npp_d20250830_t1817209_e1818451_b71723;npp_d20250830_t1818463_e1820105_b71723,154.846,45.6448,39.1573,97.6232,120.181,-114.294
259,VBD_npp_d20250830_t1815166_x1042517E_y092671N_l0426_s1268_v23,2025-08-30 20:43:22,9.267091,104.251701,3.02225,2025-08-30 18:15:16,2025-08-31 01:15:16,426,1268,0.294867,2,2337,0.178842,0.055,0.85128,0.4,0.678515,0.75,3.66515e-18,0.0001,7.71013e-13,999999,999999,3,Vietnamese Exclusive Economic Zone,,,SVDNB_npp_d20250830_t1814301_e1815542_b71723_c20250830194159405000_oeac_ops.h5,GDNBO_npp_d20250830_t1814301_e1815542_b71723_c20250830193935163000_oeac_ops.h5,SVI04_npp_d20250830_t1814301_e1815542_b71723_c20250830194207485000_oeac_ops.dspace_rad,,eez_v11.shp,WPP_BFAR_merge.shp,vbd_mpa_r20170830.shp,VNF-VBD_npp_20120301-20151231_global_asia-enhanced_c201607211230.bitmask,vbd_landsea_r20220824.mask,timezone.shp,VBD_platforms-recurring_2015_r20170330.shp,999999,VBD_bridges_c20160811.shp,13.103016;11.269409;8.812280;3.958795;6.255141;8.201997,96.038063;110.048721;123.751022;122.491997;108.912346;95.112503,npp_d20250830_t1814301_e1815542_b71723;npp_d20250830_t1815555_e1817196_b71723;npp_d20250830_t1817209_e1818451_b71723;npp_d20250830_t1818463_e1820105_b71723,154.653,45.3565,39.1149,97.9081,120.314,-114.176
260,VBD_npp_d20250830_t1815202_x1042142E_y091117N_l0450_s1268_v23,2025-08-30 20:43:22,9.111700,104.214226,4.17231,2025-08-30 18:15:20,2025-08-31 01:15:20,450,1268,0.383497,1,2401,0.27468,0.055,0.896642,0.4,0.846619,0.75,3.80655e-18,0.0001,7.83005e-13,999999,999999,3,Vietnamese Exclusive Economic Zone,,,SVDNB_npp_d20250830_t1814301_e1815542_b71723_c20250830194159405000_oeac_ops.h5,GDNBO_npp_d20250830_t1814301_e1815542_b71723_c20250830193935163000_oeac_ops.h5,SVI04_npp_d20250830_t1814301_e1815542_b71723_c20250830194207485000_oeac_ops.dspace_rad,,eez_v11.shp,WPP_BFAR_merge.shp,vbd_mpa_r20170830.shp,VNF-VBD_npp_20120301-20151231_global_asia-enhanced_c201607211230.bitmask,vbd_landsea_r20220824.mask,timezone.shp,VBD_platforms-recurring_2015_r20170330.shp,999999,VBD_bridges_c20160811.shp,13.103016;11.269409;8.812280;3.958795;6.255141;8.201997,96.038063;110.048721;123.751022;122.491997;108.912346;95.112503,npp_d20250830_t1814301_e1815542_b71723;npp_d20250830_t1815555_e1817196_b71723;npp_d20250830_t1817209_e1818451_b71723;npp_d20250830_t1818463_e1820105_b71723,154.778,45.5541,39.118,98.5139,120.23,-114.255
261,VBD_npp_d20250830_t1815202_x1042113E_y090917N_l0453_s1268_v23,2025-08-30 20:43:22,9.091676,104.211296,3.69413,2025-08-30 18:15:20,2025-08-31 01:15:20,453,1268,0.395873,1,2401,0.229764,0.055,0.907513,0.4,0.770041,0.75,3.82423e-18,0.0001,7.74684e-13,999999,999999,3,Vietnamese Exclusive Economic Zone,,,SVDNB_npp_d20250830_t1814301_e1815542_b71723_c20250830194159405000_oeac_ops.h5,GDNBO_npp_d20250830_t1814301_e1815542_b71723_c20250830193935163000_oeac_ops.h5,SVI04_npp_d20250830_t1814301_e1815542_b71723_c20250830194207485000_oeac_ops.dspace_rad,,eez_v11.shp,WPP_BFAR_merge.shp,vbd_mpa_r20170830.shp,VNF-VBD_npp_20120301-20151231_global_asia-enhanced_c201607211230.bitmask,vbd_landsea_r20220824.mask,timezone.shp,VBD_platforms-recurring_2015_r20170330.shp,999999,VBD_bridges_c20160811.shp,13.103016;11.269409;8.812280;3.958795;6.255141;8.201997,96.038063;110.048721;123.751022;122.491997;108.912346;95.112503,npp_d20250830_t1814301_e1815542_b71723;npp_d20250830_t1815555_e1817196_b71723;npp_d20250830_t1817209_e1818451_b71723;npp_d20250830_t1818463_e1820105_b71723,154.794,45.5797,39.1177,98.2914,120.219,-114.265
262,VBD_npp_d20250830_t1815202_x1042064E_y090583N_l0458_s1268_v23,2025-08-30 20:43:22,9.058305,104.206406,1.92856,2025-08-30 18:15:20,2025-08-31 01:15:20,458,1268,0.394949,1,2401,0.131559,0.055,0.904518,0.4,0.751856,0.75,3.85369e-18,0.0001,7.6109e-13,999999,999999,3,Vietnamese Exclusive Economic Zone,,,SVDNB_npp_d20250830_t1814301_e1815542_b71723_c20250830194159405000_oeac_ops.h5,GDNBO_npp_d20250830_t1814301_e1815542_b71723_c20250830193935163000_oeac_ops.h5,SVI04_npp_d20250830_t1814301_e1815542_b71723_c20250830194207485000_oeac_ops.dspace_rad,,eez_v11.shp,WPP_BFAR_merge.shp,vbd_mpa_r20170830.shp,VNF-VBD_npp_20120301-20151231_global_asia-enhanced_c201607211230.bitmask,vbd_landsea_r20220824.mask,timezone.shp,VBD_platforms-recurring_2015_r20170330.shp,999999,VBD_bridges_c20160811.shp,13.103016;11.269409;8.812280;3.958795;6.255141;8.201997,96.038063;110.048721;123.751022;122.491997;108.912346;95.112503,npp_d20250830_t1814301_e1815542_b71723;npp_d20250830_t1815555_e1817196_b71723;npp_d20250830_t1817209_e1818451_b71723;npp_d20250830_t1818463_e1820105_b71723,154.821,45.6225,39.1183,97.9205,120.201,-114.282
263,VBD_npp_d20250830_t1815522_x1038061E_y072072N_l0742_s1268_v23,2025-08-30 20:43:22,7.207170,103.806061,7.14808,2025-08-30 18:15:52,2025-08-31 01:15:52,742,1268,0.338186,4,100709,0.456403,0.055,0.809783,0.4,0.867807,0.75,8.32654e-18,0.0001,6.83546e-13,999999,999999,3,Vietnamese Exclusive Economic Zone,,,SVDNB_npp_d20250830_t1814301_e1815542_b71723_c20250830194159405000_oeac_ops.h5,GDNBO_npp_d20250830_t1814301_e1815542_b71723_c20250830193935163000_oeac_ops.h5,SVI04_npp_d20250830_t1814301_e1815542_b71723_c20250830194207485000_oeac_ops.dspace_rad,,eez_v11.shp,WPP_BFAR_merge.shp,vbd_mpa_r20170830.shp,VNF-VBD_npp_20120301-20151231_global_asia-enhanced_c201607211230.bitmask,vbd_landsea_r20220824.mask,timezone.shp,VBD_platforms-recurring_2015_r20170330.shp,999999,VBD_bridges_c20160811.shp,13.103016;11.269409;8.812280;3.958795;6.255141;8.201997,96.038063;110.048721;123.751022;122.491997;108.912346;95.112503,npp_d20250830_t1814301_e1815542_b71723;npp_d20250830_t1815555_e1817196_b71723;npp_d20250830_t1817209_e1818451_b71723;npp_d20250830_t1818463_e1820105_b71723,156.279,48.1605,39.1194,98.3521,119.19,-115.188
264,VBD_npp_d20250830_t1815166_x1042621E_y092929N_l0422_s1269_v23,2025-08-30 20:43:22,9.292857,104.262093,1.58157,2025-08-30 18:15:16,2025-08-31 01:15:16,422,1269,0.333634,2,2337,0.0569401,0.055,0.790671,0.4,0.536083,0.75,3.61904e-18,0.0001,7.7871e-13,999999,999999,3,Vietnamese Exclusive Economic Zone,,,SVDNB_npp_d20250830_t1814301_e1815542_b71723_c20250830194159405000_oeac_ops.h5,GDNBO_npp_d20250830_t1814301_e1815542_b71723_c20250830193935163000_oeac_ops.h5,SVI04_npp_d20250830_t1814301_e1815542_b71723_c20250830194207485000_oeac_ops.dspace_rad,,eez_v11.shp,WPP_BFAR_merge.shp,vbd_mpa_r20170830.shp,VNF-VBD_npp_20120301-20151231_global_asia-enhanced_c201607211230.bitmask,vbd_landsea_r20220824.mask,timezone.shp,VBD_platforms-recurring_2015_r20170330.shp,999999,VBD_bridges_c20160811.shp,13.103016;11.269409;8.812280;3.958795;6.255141;8.201997,96.038063;110.048721;123.751022;122.491997;108.912346;95.112503,npp_d20250830_t1814301_e1815542_b71723;npp_d20250830_t1815555_e1817196_b71723;npp_d20250830_t1817209_e1818451_b71723;npp_d20250830_t1818463_e1820105_b71723,154.628,45.3347,39.0768,98.206,120.334,-114.164
265,VBD_npp_d20250830_t1815202_x1042197E_y091041N_l0451_s1269_v23,2025-08-30 20:43:22,9.104086,104.219727,5.13653,2025-08-30 18:15:20,2025-08-31 01:15:20,451,1269,0.393384,7,2337,0.0863443,0.055,0.907513,0.4,0.700257,0.75,3.78886e-18,0.0001,7.76869e-13,999999,999999,3,,,,SVDNB_npp_d20250830_t1814301_e1815542_b71723_c20250830194159405000_oeac_ops.h5,GDNBO_npp_d20250830_t1814301_e1815542_b71723_c20250830193935163000_oeac_ops.h5,SVI04_npp_d20250830_t1814301_e1815542_b71723_c20250830194207485000_oeac_ops.dspace_rad,,eez_v11.shp,WPP_BFAR_merge.shp,vbd_mpa_r20170830.shp,VNF-VBD_npp_20120301-20151231_global_asia-enhanced_c201607211230.bitmask,vbd_landsea_r20220824.mask,timezone.shp,VBD_platforms-recurring_2015_r20170330.shp,999999,VBD_bridges_c20160811.shp,13.103016;11.269409;8.812280;3.958795;6.255141;8.201997,96.038063;110.048721;123.751022;122.491997;108.912346;95.112503,npp_d20250830_t1814301_e1815542_b71723;npp_d20250830_t1815555_e1817196_b71723;npp_d20250830_t1817209_e1818451_b71723;npp_d20250830_t1818463_e1820105_b71723,154.78,45.5746,39.0803,98.441,120.232,-114.259
266,VBD_npp_d20250830_t1815202_x1042168E_y090841N_l0454_s1269_v23,2025-08-30 20:43:22,9.084070,104.216805,17.3532,2025-08-30 18:15:20,2025-08-31 01:15:20,454,1269,0.396087,1,2401,0.642119,0.055,0.907513,0.4,0.909449,0.75,3.80643e-18,0.0001,7.68636e-13,999999,999999,3,Vietnamese Exclusive Economic Zone,,,SVDNB_npp_d20250830_t1814301_e1815542_b71723_c20250830194159405000_oeac_ops.h5,GDNBO_npp_d20250830_t1814301_e1815542_b71723_c20250830193935163000_oeac_ops.h5,SVI04_npp_d20250830_t1814301_e1815542_b71723_c20250830194207485000_oeac_ops.dspace_rad,,eez_v11.shp,WPP_BFAR_merge.shp,vbd_mpa_r20170830.shp,VNF-VBD_npp_20120301-20151231_global_asia-enhanced_c201607211230.bitmask,vbd_landsea_r20220824.mask,timezone.shp,VBD_platforms-recurring_2015_r20170330.shp,999999,VBD_bridges_c20160811.shp,13.103016;11.269409;8.812280;3.958795;6.255141;8.201997,96.038063;110.048721;123.751022;122.491997;108.912346;95.112503,npp_d20250830_t1814301_e1815542_b71723;npp_d20250830_t1815555_e1817196_b71723;npp_d20250830_t1817209_e1818451_b71723;npp_d20250830_t1818463_e1820105_b71723,154.796,45.6002,39.0802,98.2183,120.221,-114.269
267,VBD_npp_d20250830_t1815219_x1041973E_y089996N_l0467_s1269_v23,2025-08-30 20:43:22,8.999565,104.197311,3.19132,2025-08-30 18:15:21,2025-08-31 01:15:21,467,1269,0.399003,1,2401,0.25273,0.055,0.832882,0.4,0.870018,0.75,3.88256e-18,0.0001,7.71617e-13,999999,999999,3,Vietnamese Exclusive Economic Zone,,,SVDNB_npp_d20250830_t1814301_e1815542_b71723_c20250830194159405000_oeac_ops.h5,GDNBO_npp_d20250830_t1814301_e1815542_b71723_c20250830193935163000_oeac_ops.h5,SVI04_npp_d20250830_t1814301_e1815542_b71723_c20250830194207485000_oeac_ops.dspace_rad,,eez_v11.shp,WPP_BFAR_merge.shp,vbd_mpa_r20170830.shp,VNF-VBD_npp_20120301-20151231_global_asia-enhanced_c201607211230.bitmask,vbd_landsea_r20220824.mask,timezone.shp,VBD_platforms-recurring_2015_r20170330.shp,999999,VBD_bridges_c20160811.shp,13.103016;11.269409;8.812280;3.958795;6.255141;8.201997,96.038063;110.048721;123.751022;122.491997;108.912346;95.112503,npp_d20250830_t1814301_e1815542_b71723;npp_d20250830_t1815555_e1817196_b71723;npp_d20250830_t1817209_e1818451_b71723;npp_d20250830_t1818463_e1820105_b71723,154.863,45.7092,39.0805,98.4463,120.175,-114.312
268,VBD_npp_d20250830_t1815326_x1040515E_y082936N_l0575_s1269_v23,2025-08-30 20:43:22,8.293562,104.051537,5.26817,2025-08-30 18:15:32,2025-08-31 01:15:32,575,1269,0.362513,1,2401,0.387493,0.055,0.826668,0.4,0.935662,0.75,5.67503e-18,0.0001,7.10836e-13,999999,999999,3,Vietnamese Exclusive Economic Zone,,,SVDNB_npp_d20250830_t1814301_e1815542_b71723_c20250830194159405000_oeac_ops.h5,GDNBO_npp_d20250830_t1814301_e1815542_b71723_c20250830193935163000_oeac_ops.h5,SVI04_npp_d20250830_t1814301_e1815542_b71723_c20250830194207485000_oeac_ops.dspace_rad,,eez_v11.shp,WPP_BFAR_merge.shp,vbd_mpa_r20170830.shp,VNF-VBD_npp_20120301-20151231_global_asia-enhanced_c201607211230.bitmask,vbd_landsea_r20220824.mask,timezone.shp,VBD_platforms-recurring_2015_r20170330.shp,999999,VBD_bridges_c20160811.shp,13.103016;11.269409;8.812280;3.958795;6.255141;8.201997,96.038063;110.048721;123.751022;122.491997;108.912346;95.112503,npp_d20250830_t1814301_e1815542_b71723;npp_d20250830_t1815555_e1817196_b71723;npp_d20250830_t1817209_e1818451_b71723;npp_d20250830_t1818463_e1820105_b71723,155.424,46.6439,39.0808,97.601,119.793,-114.663
269,VBD_npp_d20250830_t1815184_x1042374E_y091273N_l0447_s1270_v23,2025-08-30 20:43:22,9.127270,104.237419,2.74898,2025-08-30 18:15:18,2025-08-31 01:15:18,447,1270,0.403698,1,2401,0.18991,0.055,0.896642,0.4,0.822181,0.75,3.742e-18,0.0001,7.46042e-13,999999,999999,3,Vietnamese Exclusive Economic Zone,,,SVDNB_npp_d20250830_t1814301_e1815542_b71723_c20250830194159405000_oeac_ops.h5,GDNBO_npp_d20250830_t1814301_e1815542_b71723_c20250830193935163000_oeac_ops.h5,SVI04_npp_d20250830_t1814301_e1815542_b71723_c20250830194207485000_oeac_ops.dspace_rad,,eez_v11.shp,WPP_BFAR_merge.shp,vbd_mpa_r20170830.shp,VNF-VBD_npp_20120301-20151231_global_asia-enhanced_c201607211230.bitmask,vbd_landsea_r20220824.mask,timezone.shp,VBD_platforms-recurring_2015_r20170330.shp,999999,VBD_bridges_c20160811.shp,13.103016;11.269409;8.812280;3.958795;6.255141;8.201997,96.038063;110.048721;123.751022;122.491997;108.912346;95.112503,npp_d20250830_t1814301_e1815542_b71723;npp_d20250830_t1815555_e1817196_b71723;npp_d20250830_t1817209_e1818451_b71723;npp_d20250830_t1818463_e1820105_b71723,154.756,45.5562,39.0416,97.5423,120.251,-114.248
270,VBD_npp_d20250830_t1815202_x1042272E_y091098N_l0450_s1270_v23,2025-08-30 20:43:22,9.109815,104.227180,11.7255,2025-08-30 18:15:20,2025-08-31 01:15:20,450,1270,0.39317,1,2401,0.436526,0.055,0.896642,0.4,0.844865,0.75,3.75946e-18,0.0001,7.76301e-13,999999,999999,3,Vietnamese Exclusive Economic Zone,,,SVDNB_npp_d20250830_t1814301_e1815542_b71723_c20250830194159405000_oeac_ops.h5,GDNBO_npp_d20250830_t1814301_e1815542_b71723_c20250830193935163000_oeac_ops.h5,SVI04_npp_d20250830_t1814301_e1815542_b71723_c20250830194207485000_oeac_ops.dspace_rad,,eez_v11.shp,WPP_BFAR_merge.shp,vbd_mpa_r20170830.shp,VNF-VBD_npp_20120301-20151231_global_asia-enhanced_c201607211230.bitmask,vbd_landsea_r20220824.mask,timezone.shp,VBD_platforms-recurring_2015_r20170330.shp,999999,VBD_bridges_c20160811.shp,13.103016;11.269409;8.812280;3.958795;6.255141;8.201997,96.038063;110.048721;123.751022;122.491997;108.912346;95.112503,npp_d20250830_t1814301_e1815542_b71723;npp_d20250830_t1815555_e1817196_b71723;npp_d20250830_t1817209_e1818451_b71723;npp_d20250830_t1818463_e1820105_b71723,154.77,45.578,39.043,98.5166,120.241,-114.257
271,VBD_npp_d20250830_t1815202_x1042252E_y090965N_l0452_s1270_v23,2025-08-30 20:43:22,9.096477,104.225227,20.0742,2025-08-30 18:15:20,2025-08-31 01:15:20,452,1270,0.389116,1,2401,0.696475,0.055,0.907513,0.4,0.943436,0.75,3.7711e-18,0.0001,7.70801e-13,999999,999999,3,Vietnamese Exclusive Economic Zone,,,SVDNB_npp_d20250830_t1814301_e1815542_b71723_c20250830194159405000_oeac_ops.h5,GDNBO_npp_d20250830_t1814301_e1815542_b71723_c20250830193935163000_oeac_ops.h5,SVI04_npp_d20250830_t1814301_e1815542_b71723_c20250830194207485000_oeac_ops.dspace_rad,,eez_v11.shp,WPP_BFAR_merge.shp,vbd_mpa_r20170830.shp,VNF-VBD_npp_20120301-20151231_global_asia-enhanced_c201607211230.bitmask,vbd_landsea_r20220824.mask,timezone.shp,VBD_platforms-recurring_2015_r20170330.shp,999999,VBD_bridges_c20160811.shp,13.103016;11.269409;8.812280;3.958795;6.255141;8.201997,96.038063;110.048721;123.751022;122.491997;108.912346;95.112503,npp_d20250830_t1814301_e1815542_b71723;npp_d20250830_t1815555_e1817196_b71723;npp_d20250830_t1817209_e1818451_b71723;npp_d20250830_t1818463_e1820105_b71723,154.781,45.5951,39.0427,98.368,120.233,-114.264
272,VBD_npp_d20250830_t1815202_x1042164E_y090365N_l0461_s1270_v23,2025-08-30 20:43:22,9.036460,104.216423,7.20828,2025-08-30 18:15:20,2025-08-31 01:15:20,461,1270,0.396514,1,2401,0.429349,0.055,0.891733,0.4,0.887799,0.75,3.82348e-18,0.0001,7.4672e-13,999999,999999,3,Vietnamese Exclusive Economic Zone,,,SVDNB_npp_d20250830_t1814301_e1815542_b71723_c20250830194159405000_oeac_ops.h5,GDNBO_npp_d20250830_t1814301_e1815542_b71723_c20250830193935163000_oeac_ops.h5,SVI04_npp_d20250830_t1814301_e1815542_b71723_c20250830194207485000_oeac_ops.dspace_rad,,eez_v11.shp,WPP_BFAR_merge.shp,vbd_mpa_r20170830.shp,VNF-VBD_npp_20120301-20151231_global_asia-enhanced_c201607211230.bitmask,vbd_landsea_r20220824.mask,timezone.shp,VBD_platforms-recurring_2015_r20170330.shp,999999,VBD_bridges_c20160811.shp,13.103016;11.269409;8.812280;3.958795;6.255141;8.201997,96.038063;110.048721;123.751022;122.491997;108.912346;95.112503,npp_d20250830_t1814301_e1815542_b71723;npp_d20250830_t1815555_e1817196_b71723;npp_d20250830_t1817209_e1818451_b71723;npp_d20250830_t1818463_e1820105_b71723,154.829,45.672,39.0443,97.6993,120.201,-114.294
273,VBD_npp_d20250830_t1815522_x1038160E_y071853N_l0745_s1270_v23,2025-08-30 20:43:22,7.185273,103.815987,3.85685,2025-08-30 18:15:52,2025-08-31 01:15:52,745,1270,0.349923,9,117089,0.284855,0.055,0.813704,0.4,0.856992,0.75,8.22353e-18,0.0001,6.71203e-13,999999,999999,3,,,,SVDNB_npp_d20250830_t1814301_e1815542_b71723_c20250830194159405000_oeac_ops.h5,GDNBO_npp_d20250830_t1814301_e1815542_b71723_c20250830193935163000_oeac_ops.h5,SVI04_npp_d20250830_t1814301_e1815542_b71723_c20250830194207485000_oeac_ops.dspace_rad,,eez_v11.shp,WPP_BFAR_merge.shp,vbd_mpa_r20170830.shp,VNF-VBD_npp_20120301-20151231_global_asia-enhanced_c201607211230.bitmask,vbd_landsea_r20220824.mask,timezone.shp,VBD_platforms-recurring_2015_r20170330.shp,0.871203,VBD_bridges_c20160811.shp,13.103016;11.269409;8.812280;3.958795;6.255141;8.201997,96.038063;110.048721;123.751022;122.491997;108.912346;95.112503,npp_d20250830_t1814301_e1815542_b71723;npp_d20250830_t1815555_e1817196_b71723;npp_d20250830_t1817209_e1818451_b71723;npp_d20250830_t1818463_e1820105_b71723,156.287,48.2138,39.0447,98.1311,119.19,-115.2
274,VBD_npp_d20250830_t1815095_x1043651E_y097150N_l0357_s1271_v23,2025-08-30 20:43:22,9.715042,104.365120,2.8399,2025-08-30 18:15:09,2025-08-31 01:15:09,357,1271,0.401493,1,2401,0.230816,0.055,0.84275,0.4,0.875706,0.75,3.06545e-18,0.0001,7.95651e-13,999999,999999,3,Vietnamese Exclusive Economic Zone,,,SVDNB_npp_d20250830_t1814301_e1815542_b71723_c20250830194159405000_oeac_ops.h5,GDNBO_npp_d20250830_t1814301_e1815542_b71723_c20250830193935163000_oeac_ops.h5,SVI04_npp_d20250830_t1814301_e1815542_b71723_c20250830194207485000_oeac_ops.dspace_rad,,eez_v11.shp,WPP_BFAR_merge.shp,vbd_mpa_r20170830.shp,VNF-VBD_npp_20120301-20151231_global_asia-enhanced_c201607211230.bitmask,vbd_landsea_r20220824.mask,timezone.shp,VBD_platforms-recurring_2015_r20170330.shp,999999,VBD_bridges_c20160811.shp,13.103016;11.269409;8.812280;3.958795;6.255141;8.201997,96.038063;110.048721;123.751022;122.491997;108.912346;95.112503,npp_d20250830_t1814301_e1815542_b71723;npp_d20250830_t1815555_e1817196_b71723;npp_d20250830_t1817209_e1818451_b71723;npp_d20250830_t1818463_e1820105_b71723,154.278,44.8282,39.0028,98.2534,120.571,-113.948
275,VBD_npp_d20250830_t1815522_x1038244E_y071977N_l0743_s1271_v23,2025-08-30 20:43:22,7.197666,103.824402,2.27646,2025-08-30 18:15:52,2025-08-31 01:15:52,743,1271,0.342383,8,51553,0.151284,0.055,0.794824,0.4,0.750336,0.75,8.17202e-18,0.0001,6.72949e-13,999999,999999,3,Vietnamese Exclusive Economic Zone,,,SVDNB_npp_d20250830_t1814301_e1815542_b71723_c20250830194159405000_oeac_ops.h5,GDNBO_npp_d20250830_t1814301_e1815542_b71723_c20250830193935163000_oeac_ops.h5,SVI04_npp_d20250830_t1814301_e1815542_b71723_c20250830194207485000_oeac_ops.dspace_rad,,eez_v11.shp,WPP_BFAR_merge.shp,vbd_mpa_r20170830.shp,VNF-VBD_npp_20120301-20151231_global_asia-enhanced_c201607211230.bitmask,vbd_landsea_r20220824.mask,timezone.shp,VBD_platforms-recurring_2015_r20170330.shp,0.725791,VBD_bridges_c20160811.shp,13.103016;11.269409;8.812280;3.958795;6.255141;8.201997,96.038063;110.048721;123.751022;122.491997;108.912346;95.112503,npp_d20250830_t1814301_e1815542_b71723;npp_d20250830_t1815555_e1817196_b71723;npp_d20250830_t1817209_e1818451_b71723;npp_d20250830_t1818463_e1820105_b71723,156.272,48.2065,39.0069,98.2805,119.203,-115.195
276,VBD_npp_d20250830_t1815202_x1042362E_y090813N_l0454_s1272_v23,2025-08-30 20:43:22,9.081281,104.236198,40.661,2025-08-30 18:15:20,2025-08-31 01:15:20,454,1272,0.391179,1,2401,0.889726,0.055,0.918608,0.4,0.929837,0.75,3.73536e-18,0.0001,7.58865e-13,999999,999999,3,Vietnamese Exclusive Economic Zone,,,SVDNB_npp_d20250830_t1814301_e1815542_b71723_c20250830194159405000_oeac_ops.h5,GDNBO_npp_d20250830_t1814301_e1815542_b71723_c20250830193935163000_oeac_ops.h5,SVI04_npp_d20250830_t1814301_e1815542_b71723_c20250830194207485000_oeac_ops.dspace_rad,,eez_v11.shp,WPP_BFAR_merge.shp,vbd_mpa_r20170830.shp,VNF-VBD_npp_20120301-20151231_global_asia-enhanced_c201607211230.bitmask,vbd_landsea_r20220824.mask,timezone.shp,VBD_platforms-recurring_2015_r20170330.shp,999999,VBD_bridges_c20160811.shp,13.103016;11.269409;8.812280;3.958795;6.255141;8.201997,96.038063;110.048721;123.751022;122.491997;108.912346;95.112503,npp_d20250830_t1814301_e1815542_b71723;npp_d20250830_t1815555_e1817196_b71723;npp_d20250830_t1817209_e1818451_b71723;npp_d20250830_t1818463_e1820105_b71723,154.784,45.636,38.9677,98.2216,120.237,-114.272
277,VBD_npp_d20250830_t1815202_x1042293E_y090346N_l0461_s1272_v23,2025-08-30 20:43:22,9.034641,104.229347,3.3739,2025-08-30 18:15:20,2025-08-31 01:15:20,461,1272,0.394735,2,2337,0.218798,0.055,0.902634,0.4,0.727166,0.75,3.7756e-18,0.0001,7.40433e-13,999999,999999,3,Vietnamese Exclusive Economic Zone,,,SVDNB_npp_d20250830_t1814301_e1815542_b71723_c20250830194159405000_oeac_ops.h5,GDNBO_npp_d20250830_t1814301_e1815542_b71723_c20250830193935163000_oeac_ops.h5,SVI04_npp_d20250830_t1814301_e1815542_b71723_c20250830194207485000_oeac_ops.dspace_rad,,eez_v11.shp,WPP_BFAR_merge.shp,vbd_mpa_r20170830.shp,VNF-VBD_npp_20120301-20151231_global_asia-enhanced_c201607211230.bitmask,vbd_landsea_r20220824.mask,timezone.shp,VBD_platforms-recurring_2015_r20170330.shp,999999,VBD_bridges_c20160811.shp,13.103016;11.269409;8.812280;3.958795;6.255141;8.201997,96.038063;110.048721;123.751022;122.491997;108.912346;95.112503,npp_d20250830_t1814301_e1815542_b71723;npp_d20250830_t1815555_e1817196_b71723;npp_d20250830_t1817209_e1818451_b71723;npp_d20250830_t1818463_e1820105_b71723,154.821,45.6958,38.9692,97.7007,120.212,-114.296
278,VBD_npp_d20250830_t1815095_x1043804E_y097276N_l0355_s1273_v23,2025-08-30 20:43:22,9.727552,104.380386,3.09597,2025-08-30 18:15:09,2025-08-31 01:15:09,355,1273,0.404053,1,2401,0.253591,0.055,0.84275,0.4,0.946491,0.75,3.00597e-18,0.0001,7.94859e-13,999999,999999,3,Vietnamese Exclusive Economic Zone,,,SVDNB_npp_d20250830_t1814301_e1815542_b71723_c20250830194159405000_oeac_ops.h5,GDNBO_npp_d20250830_t1814301_e1815542_b71723_c20250830193935163000_oeac_ops.h5,SVI04_npp_d20250830_t1814301_e1815542_b71723_c20250830194207485000_oeac_ops.dspace_rad,,eez_v11.shp,WPP_BFAR_merge.shp,vbd_mpa_r20170830.shp,VNF-VBD_npp_20120301-20151231_global_asia-enhanced_c201607211230.bitmask,vbd_landsea_r20220824.mask,timezone.shp,VBD_platforms-recurring_2015_r20170330.shp,999999,VBD_bridges_c20160811.shp,13.103016;11.269409;8.812280;3.958795;6.255141;8.201997,96.038063;110.048721;123.751022;122.491997;108.912346;95.112503,npp_d20250830_t1814301_e1815542_b71723;npp_d20250830_t1815555_e1817196_b71723;npp_d20250830_t1817209_e1818451_b71723;npp_d20250830_t1818463_e1820105_b71723,154.259,44.8347,38.9266,98.4169,120.589,-113.943
279,VBD_npp_d20250830_t1815166_x1042843E_y092622N_l0426_s1273_v23,2025-08-30 20:43:22,9.262177,104.284271,4.3128,2025-08-30 18:15:16,2025-08-31 01:15:16,426,1273,0.36735,1,2401,0.281792,0.055,0.805435,0.4,0.829834,0.75,3.55171e-18,0.0001,7.54498e-13,999999,999999,3,Vietnamese Exclusive Economic Zone,,,SVDNB_npp_d20250830_t1814301_e1815542_b71723_c20250830194159405000_oeac_ops.h5,GDNBO_npp_d20250830_t1814301_e1815542_b71723_c20250830193935163000_oeac_ops.h5,SVI04_npp_d20250830_t1814301_e1815542_b71723_c20250830194207485000_oeac_ops.dspace_rad,,eez_v11.shp,WPP_BFAR_merge.shp,vbd_mpa_r20170830.shp,VNF-VBD_npp_20120301-20151231_global_asia-enhanced_c201607211230.bitmask,vbd_landsea_r20220824.mask,timezone.shp,VBD_platforms-recurring_2015_r20170330.shp,999999,VBD_bridges_c20160811.shp,13.103016;11.269409;8.812280;3.958795;6.255141;8.201997,96.038063;110.048721;123.751022;122.491997;108.912346;95.112503,npp_d20250830_t1814301_e1815542_b71723;npp_d20250830_t1815555_e1817196_b71723;npp_d20250830_t1817209_e1818451_b71723;npp_d20250830_t1818463_e1820105_b71723,154.634,45.4167,38.9259,97.9092,120.341,-114.181
280,VBD_npp_d20250830_t1815202_x1042460E_y091014N_l0451_s1273_v23,2025-08-30 20:43:22,9.101375,104.245972,15.2324,2025-08-30 18:15:20,2025-08-31 01:15:20,451,1273,0.405405,1,2401,0.602803,0.055,0.918608,0.4,0.918401,0.75,3.69453e-18,0.0001,7.64028e-13,999999,999999,3,Vietnamese Exclusive Economic Zone,,,SVDNB_npp_d20250830_t1814301_e1815542_b71723_c20250830194159405000_oeac_ops.h5,GDNBO_npp_d20250830_t1814301_e1815542_b71723_c20250830193935163000_oeac_ops.h5,SVI04_npp_d20250830_t1814301_e1815542_b71723_c20250830194207485000_oeac_ops.dspace_rad,,eez_v11.shp,WPP_BFAR_merge.shp,vbd_mpa_r20170830.shp,VNF-VBD_npp_20120301-20151231_global_asia-enhanced_c201607211230.bitmask,vbd_landsea_r20220824.mask,timezone.shp,VBD_platforms-recurring_2015_r20170330.shp,999999,VBD_bridges_c20160811.shp,13.103016;11.269409;8.812280;3.958795;6.255141;8.201997,96.038063;110.048721;123.751022;122.491997;108.912346;95.112503,npp_d20250830_t1814301_e1815542_b71723;npp_d20250830_t1815555_e1817196_b71723;npp_d20250830_t1817209_e1818451_b71723;npp_d20250830_t1818463_e1820105_b71723,154.763,45.6214,38.9289,98.4583,120.254,-114.262
281,VBD_npp_d20250830_t1815202_x1042379E_y090465N_l0459_s1273_v23,2025-08-30 20:43:22,9.046529,104.237930,2.19623,2025-08-30 18:15:20,2025-08-31 01:15:20,459,1273,0.398719,7,2337,0.135066,0.055,0.902634,0.4,0.707918,0.75,3.74024e-18,0.0001,7.42189e-13,999999,999999,3,,,,SVDNB_npp_d20250830_t1814301_e1815542_b71723_c20250830194159405000_oeac_ops.h5,GDNBO_npp_d20250830_t1814301_e1815542_b71723_c20250830193935163000_oeac_ops.h5,SVI04_npp_d20250830_t1814301_e1815542_b71723_c20250830194207485000_oeac_ops.dspace_rad,,eez_v11.shp,WPP_BFAR_merge.shp,vbd_mpa_r20170830.shp,VNF-VBD_npp_20120301-20151231_global_asia-enhanced_c201607211230.bitmask,vbd_landsea_r20220824.mask,timezone.shp,VBD_platforms-recurring_2015_r20170330.shp,999999,VBD_bridges_c20160811.shp,13.103016;11.269409;8.812280;3.958795;6.255141;8.201997,96.038063;110.048721;123.751022;122.491997;108.912346;95.112503,npp_d20250830_t1814301_e1815542_b71723;npp_d20250830_t1815555_e1817196_b71723;npp_d20250830_t1817209_e1818451_b71723;npp_d20250830_t1818463_e1820105_b71723,154.807,45.6916,38.9297,97.8448,120.224,-114.29
282,VBD_npp_d20250830_t1815219_x1042245E_y090037N_l0466_s1273_v23,2025-08-30 20:43:22,9.003707,104.224548,2.63357,2025-08-30 18:15:21,2025-08-31 01:15:21,466,1273,0.402204,1,2401,0.201856,0.055,0.886169,0.4,0.829668,0.75,3.78022e-18,0.0001,7.6166e-13,999999,999999,3,Vietnamese Exclusive Economic Zone,,,SVDNB_npp_d20250830_t1814301_e1815542_b71723_c20250830194159405000_oeac_ops.h5,GDNBO_npp_d20250830_t1814301_e1815542_b71723_c20250830193935163000_oeac_ops.h5,SVI04_npp_d20250830_t1814301_e1815542_b71723_c20250830194207485000_oeac_ops.dspace_rad,,eez_v11.shp,WPP_BFAR_merge.shp,vbd_mpa_r20170830.shp,VNF-VBD_npp_20120301-20151231_global_asia-enhanced_c201607211230.bitmask,vbd_landsea_r20220824.mask,timezone.shp,VBD_platforms-recurring_2015_r20170330.shp,999999,VBD_bridges_c20160811.shp,13.103016;11.269409;8.812280;3.958795;6.255141;8.201997,96.038063;110.048721;123.751022;122.491997;108.912346;95.112503,npp_d20250830_t1814301_e1815542_b71723;npp_d20250830_t1815555_e1817196_b71723;npp_d20250830_t1817209_e1818451_b71723;npp_d20250830_t1818463_e1820105_b71723,154.841,45.7471,38.9293,98.5401,120.201,-114.312
283,VBD_npp_d20250830_t1815184_x1042779E_y092182N_l0433_s1274_v23,2025-08-30 20:43:22,9.218219,104.277863,4.22876,2025-08-30 18:15:18,2025-08-31 01:15:18,433,1274,0.398221,1,2401,0.281254,0.055,0.794638,0.4,0.832011,0.75,3.56877e-18,0.0001,7.70885e-13,999999,999999,3,Vietnamese Exclusive Economic Zone,,,SVDNB_npp_d20250830_t1814301_e1815542_b71723_c20250830194159405000_oeac_ops.h5,GDNBO_npp_d20250830_t1814301_e1815542_b71723_c20250830193935163000_oeac_ops.h5,SVI04_npp_d20250830_t1814301_e1815542_b71723_c20250830194207485000_oeac_ops.dspace_rad,,eez_v11.shp,WPP_BFAR_merge.shp,vbd_mpa_r20170830.shp,VNF-VBD_npp_20120301-20151231_global_asia-enhanced_c201607211230.bitmask,vbd_landsea_r20220824.mask,timezone.shp,VBD_platforms-recurring_2015_r20170330.shp,999999,VBD_bridges_c20160811.shp,13.103016;11.269409;8.812280;3.958795;6.255141;8.201997,96.038063;110.048721;123.751022;122.491997;108.912346;95.112503,npp_d20250830_t1814301_e1815542_b71723;npp_d20250830_t1815555_e1817196_b71723;npp_d20250830_t1817209_e1818451_b71723;npp_d20250830_t1818463_e1820105_b71723,154.664,45.4845,38.8854,98.6049,120.324,-114.204
284,VBD_npp_d20250830_t1815202_x1042509E_y090867N_l0453_s1274_v23,2025-08-30 20:43:22,9.086662,104.250900,5.85064,2025-08-30 18:15:20,2025-08-31 01:15:20,453,1274,0.394451,1,2401,0.299025,0.055,0.918608,0.4,0.799033,0.75,3.6823e-18,0.0001,7.5504e-13,999999,999999,3,Vietnamese Exclusive Economic Zone,,,SVDNB_npp_d20250830_t1814301_e1815542_b71723_c20250830194159405000_oeac_ops.h5,GDNBO_npp_d20250830_t1814301_e1815542_b71723_c20250830193935163000_oeac_ops.h5,SVI04_npp_d20250830_t1814301_e1815542_b71723_c20250830194207485000_oeac_ops.dspace_rad,,eez_v11.shp,WPP_BFAR_merge.shp,vbd_mpa_r20170830.shp,VNF-VBD_npp_20120301-20151231_global_asia-enhanced_c201607211230.bitmask,vbd_landsea_r20220824.mask,timezone.shp,VBD_platforms-recurring_2015_r20170330.shp,999999,VBD_bridges_c20160811.shp,13.103016;11.269409;8.812280;3.958795;6.255141;8.201997,96.038063;110.048721;123.751022;122.491997;108.912346;95.112503,npp_d20250830_t1814301_e1815542_b71723;npp_d20250830_t1815555_e1817196_b71723;npp_d20250830_t1817209_e1818451_b71723;npp_d20250830_t1818463_e1820105_b71723,154.77,45.6517,38.8884,98.3061,120.252,-114.27
285,VBD_npp_d20250830_t1815522_x1038475E_y072156N_l0740_s1274_v23,2025-08-30 20:43:22,7.215589,103.847488,1.39723,2025-08-30 18:15:52,2025-08-31 01:15:52,740,1274,0.360237,8,51553,0.102669,0.055,0.788227,0.4,0.808942,0.75,8.01749e-18,0.0001,6.71484e-13,999999,999999,3,Vietnamese Exclusive Economic Zone,,,SVDNB_npp_d20250830_t1814301_e1815542_b71723_c20250830194159405000_oeac_ops.h5,GDNBO_npp_d20250830_t1814301_e1815542_b71723_c20250830193935163000_oeac_ops.h5,SVI04_npp_d20250830_t1814301_e1815542_b71723_c20250830194207485000_oeac_ops.dspace_rad,,eez_v11.shp,WPP_BFAR_merge.shp,vbd_mpa_r20170830.shp,VNF-VBD_npp_20120301-20151231_global_asia-enhanced_c201607211230.bitmask,vbd_landsea_r20220824.mask,timezone.shp,VBD_platforms-recurring_2015_r20170330.shp,0.388977,VBD_bridges_c20160811.shp,13.103016;11.269409;8.812280;3.958795;6.255141;8.201997,96.038063;110.048721;123.751022;122.491997;108.912346;95.112503,npp_d20250830_t1814301_e1815542_b71723;npp_d20250830_t1815555_e1817196_b71723;npp_d20250830_t1817209_e1818451_b71723;npp_d20250830_t1818463_e1820105_b71723,156.243,48.2137,38.8901,98.5165,119.231,-115.188
286,VBD_npp_d20250830_t1814588_x1045251E_y103312N_l0262_s1275_v23,2025-08-30 20:43:22,10.331198,104.525116,2.97566,2025-08-30 18:14:58,2025-08-31 01:14:58,262,1275,0.386982,2,2337,0.148053,0.055,0.695292,0.4,0.713707,0.75,2.09999e-18,0.0001,8.09792e-13,999999,999999,1,,,,SVDNB_npp_d20250830_t1814301_e1815542_b71723_c20250830194159405000_oeac_ops.h5,GDNBO_npp_d20250830_t1814301_e1815542_b71723_c20250830193935163000_oeac_ops.h5,SVI04_npp_d20250830_t1814301_e1815542_b71723_c20250830194207485000_oeac_ops.dspace_rad,,eez_v11.shp,WPP_BFAR_merge.shp,vbd_mpa_r20170830.shp,VNF-VBD_npp_20120301-20151231_global_asia-enhanced_c201607211230.bitmask,vbd_landsea_r20220824.mask,timezone.shp,VBD_platforms-recurring_2015_r20170330.shp,999999,VBD_bridges_c20160811.shp,13.103016;11.269409;8.812280;3.958795;6.255141;8.201997,96.038063;110.048721;123.751022;122.491997;108.912346;95.112503,npp_d20250830_t1814301_e1815542_b71723;npp_d20250830_t1815555_e1817196_b71723;npp_d20250830_t1817209_e1818451_b71723;npp_d20250830_t1818463_e1820105_b71723,153.759,44.1289,38.8452,98.1481,120.922,-113.629
287,VBD_npp_d20250830_t1815202_x1042518E_y090446N_l0459_s1275_v23,2025-08-30 20:43:22,9.044567,104.251793,2.52796,2025-08-30 18:15:20,2025-08-31 01:15:20,459,1275,0.394593,7,2337,0.151037,0.055,0.9031,0.4,0.70678,0.75,3.6925e-18,0.0001,7.3552e-13,999999,999999,3,,,,SVDNB_npp_d20250830_t1814301_e1815542_b71723_c20250830194159405000_oeac_ops.h5,GDNBO_npp_d20250830_t1814301_e1815542_b71723_c20250830193935163000_oeac_ops.h5,SVI04_npp_d20250830_t1814301_e1815542_b71723_c20250830194207485000_oeac_ops.dspace_rad,,eez_v11.shp,WPP_BFAR_merge.shp,vbd_mpa_r20170830.shp,VNF-VBD_npp_20120301-20151231_global_asia-enhanced_c201607211230.bitmask,vbd_landsea_r20220824.mask,timezone.shp,VBD_platforms-recurring_2015_r20170330.shp,999999,VBD_bridges_c20160811.shp,13.103016;11.269409;8.812280;3.958795;6.255141;8.201997,96.038063;110.048721;123.751022;122.491997;108.912346;95.112503,npp_d20250830_t1814301_e1815542_b71723;npp_d20250830_t1815555_e1817196_b71723;npp_d20250830_t1817209_e1818451_b71723;npp_d20250830_t1818463_e1820105_b71723,154.799,45.7171,38.849,97.8465,120.236,-114.292
288,VBD_npp_d20250830_t1815219_x1042384E_y090017N_l0466_s1275_v23,2025-08-30 20:43:22,9.001684,104.238403,5.88912,2025-08-30 18:15:21,2025-08-31 01:15:21,466,1275,0.405761,1,2401,0.3992,0.055,0.88345,0.4,0.92578,0.75,3.73198e-18,0.0001,7.54761e-13,999999,999999,3,Vietnamese Exclusive Economic Zone,,,SVDNB_npp_d20250830_t1814301_e1815542_b71723_c20250830194159405000_oeac_ops.h5,GDNBO_npp_d20250830_t1814301_e1815542_b71723_c20250830193935163000_oeac_ops.h5,SVI04_npp_d20250830_t1814301_e1815542_b71723_c20250830194207485000_oeac_ops.dspace_rad,,eez_v11.shp,WPP_BFAR_merge.shp,vbd_mpa_r20170830.shp,VNF-VBD_npp_20120301-20151231_global_asia-enhanced_c201607211230.bitmask,vbd_landsea_r20220824.mask,timezone.shp,VBD_platforms-recurring_2015_r20170330.shp,999999,VBD_bridges_c20160811.shp,13.103016;11.269409;8.812280;3.958795;6.255141;8.201997,96.038063;110.048721;123.751022;122.491997;108.912346;95.112503,npp_d20250830_t1814301_e1815542_b71723;npp_d20250830_t1815555_e1817196_b71723;npp_d20250830_t1817209_e1818451_b71723;npp_d20250830_t1818463_e1820105_b71723,154.833,45.7727,38.8486,98.543,120.213,-114.314
289,VBD_npp_d20250830_t1815202_x1042647E_y090847N_l0453_s1276_v23,2025-08-30 20:43:22,9.084663,104.264740,19.3009,2025-08-30 18:15:20,2025-08-31 01:15:20,453,1276,0.394949,1,2401,0.703445,0.055,0.919716,0.4,0.940292,0.75,3.635e-18,0.0001,7.4823e-13,999999,999999,3,Vietnamese Exclusive Economic Zone,,,SVDNB_npp_d20250830_t1814301_e1815542_b71723_c20250830194159405000_oeac_ops.h5,GDNBO_npp_d20250830_t1814301_e1815542_b71723_c20250830193935163000_oeac_ops.h5,SVI04_npp_d20250830_t1814301_e1815542_b71723_c20250830194207485000_oeac_ops.dspace_rad,,eez_v11.shp,WPP_BFAR_merge.shp,vbd_mpa_r20170830.shp,VNF-VBD_npp_20120301-20151231_global_asia-enhanced_c201607211230.bitmask,vbd_landsea_r20220824.mask,timezone.shp,VBD_platforms-recurring_2015_r20170330.shp,999999,VBD_bridges_c20160811.shp,13.103016;11.269409;8.812280;3.958795;6.255141;8.201997,96.038063;110.048721;123.751022;122.491997;108.912346;95.112503,npp_d20250830_t1814301_e1815542_b71723;npp_d20250830_t1815555_e1817196_b71723;npp_d20250830_t1817209_e1818451_b71723;npp_d20250830_t1818463_e1820105_b71723,154.761,45.6772,38.8078,98.3086,120.264,-114.272
290,VBD_npp_d20250830_t1815202_x1042617E_y090641N_l0456_s1276_v23,2025-08-30 20:43:22,9.064125,104.261726,5.49516,2025-08-30 18:15:20,2025-08-31 01:15:20,456,1276,0.408464,1,2401,0.317032,0.055,0.915247,0.4,0.844413,0.75,3.65181e-18,0.0001,7.40165e-13,999999,999999,3,Vietnamese Exclusive Economic Zone,,,SVDNB_npp_d20250830_t1814301_e1815542_b71723_c20250830194159405000_oeac_ops.h5,GDNBO_npp_d20250830_t1814301_e1815542_b71723_c20250830193935163000_oeac_ops.h5,SVI04_npp_d20250830_t1814301_e1815542_b71723_c20250830194207485000_oeac_ops.dspace_rad,,eez_v11.shp,WPP_BFAR_merge.shp,vbd_mpa_r20170830.shp,VNF-VBD_npp_20120301-20151231_global_asia-enhanced_c201607211230.bitmask,vbd_landsea_r20220824.mask,timezone.shp,VBD_platforms-recurring_2015_r20170330.shp,999999,VBD_bridges_c20160811.shp,13.103016;11.269409;8.812280;3.958795;6.255141;8.201997,96.038063;110.048721;123.751022;122.491997;108.912346;95.112503,npp_d20250830_t1814301_e1815542_b71723;npp_d20250830_t1815555_e1817196_b71723;npp_d20250830_t1817209_e1818451_b71723;npp_d20250830_t1818463_e1820105_b71723,154.778,45.7035,38.808,98.078,120.253,-114.283
291,VBD_npp_d20250830_t1815202_x1042567E_y090299N_l0461_s1276_v23,2025-08-30 20:43:22,9.029897,104.256699,9.50547,2025-08-30 18:15:20,2025-08-31 01:15:20,461,1276,0.404551,1,2401,0.501306,0.055,0.9031,0.4,0.920582,0.75,3.67984e-18,0.0001,7.26994e-13,999999,999999,3,Vietnamese Exclusive Economic Zone,,,SVDNB_npp_d20250830_t1814301_e1815542_b71723_c20250830194159405000_oeac_ops.h5,GDNBO_npp_d20250830_t1814301_e1815542_b71723_c20250830193935163000_oeac_ops.h5,SVI04_npp_d20250830_t1814301_e1815542_b71723_c20250830194207485000_oeac_ops.dspace_rad,,eez_v11.shp,WPP_BFAR_merge.shp,vbd_mpa_r20170830.shp,VNF-VBD_npp_20120301-20151231_global_asia-enhanced_c201607211230.bitmask,vbd_landsea_r20220824.mask,timezone.shp,VBD_platforms-recurring_2015_r20170330.shp,999999,VBD_bridges_c20160811.shp,13.103016;11.269409;8.812280;3.958795;6.255141;8.201997,96.038063;110.048721;123.751022;122.491997;108.912346;95.112503,npp_d20250830_t1814301_e1815542_b71723;npp_d20250830_t1815555_e1817196_b71723;npp_d20250830_t1817209_e1818451_b71723;npp_d20250830_t1818463_e1820105_b71723,154.805,45.7474,38.8095,97.6936,120.234,-114.3
292,VBD_npp_d20250830_t1815024_x1044928E_y101067N_l0296_s1277_v23,2025-08-30 20:43:22,10.106722,104.492798,7.39761,2025-08-30 18:15:02,2025-08-31 01:15:02,296,1277,0.349496,1,2401,0.466876,0.055,0.83141,0.4,0.947696,0.75,2.33212e-18,0.0001,7.85959e-13,999999,999999,3,Vietnamese Exclusive Economic Zone,,,SVDNB_npp_d20250830_t1814301_e1815542_b71723_c20250830194159405000_oeac_ops.h5,GDNBO_npp_d20250830_t1814301_e1815542_b71723_c20250830193935163000_oeac_ops.h5,SVI04_npp_d20250830_t1814301_e1815542_b71723_c20250830194207485000_oeac_ops.dspace_rad,,eez_v11.shp,WPP_BFAR_merge.shp,vbd_mpa_r20170830.shp,VNF-VBD_npp_20120301-20151231_global_asia-enhanced_c201607211230.bitmask,vbd_landsea_r20220824.mask,timezone.shp,VBD_platforms-recurring_2015_r20170330.shp,999999,VBD_bridges_c20160811.shp,13.103016;11.269409;8.812280;3.958795;6.255141;8.201997,96.038063;110.048721;123.751022;122.491997;108.912346;95.112503,npp_d20250830_t1814301_e1815542_b71723;npp_d20250830_t1815555_e1817196_b71723;npp_d20250830_t1817209_e1818451_b71723;npp_d20250830_t1818463_e1820105_b71723,153.932,44.4199,38.7628,98.0102,120.816,-113.748
293,VBD_npp_d20250830_t1815095_x1044041E_y096962N_l0359_s1277_v23,2025-08-30 20:43:22,9.696177,104.404121,2.78118,2025-08-30 18:15:09,2025-08-31 01:15:09,359,1277,0.387053,2,2337,0.182435,0.055,0.868518,0.4,0.663468,0.75,2.96955e-18,0.0001,7.68936e-13,999999,999999,3,Vietnamese Exclusive Economic Zone,,,SVDNB_npp_d20250830_t1814301_e1815542_b71723_c20250830194159405000_oeac_ops.h5,GDNBO_npp_d20250830_t1814301_e1815542_b71723_c20250830193935163000_oeac_ops.h5,SVI04_npp_d20250830_t1814301_e1815542_b71723_c20250830194207485000_oeac_ops.dspace_rad,,eez_v11.shp,WPP_BFAR_merge.shp,vbd_mpa_r20170830.shp,VNF-VBD_npp_20120301-20151231_global_asia-enhanced_c201607211230.bitmask,vbd_landsea_r20220824.mask,timezone.shp,VBD_platforms-recurring_2015_r20170330.shp,999999,VBD_bridges_c20160811.shp,13.103016;11.269409;8.812280;3.958795;6.255141;8.201997,96.038063;110.048721;123.751022;122.491997;108.912346;95.112503,npp_d20250830_t1814301_e1815542_b71723;npp_d20250830_t1815555_e1817196_b71723;npp_d20250830_t1817209_e1818451_b71723;npp_d20250830_t1818463_e1820105_b71723,154.265,44.919,38.7653,98.115,120.598,-113.961
294,VBD_npp_d20250830_t1815095_x1044002E_y096688N_l0363_s1277_v23,2025-08-30 20:43:22,9.668803,104.400154,1.23109,2025-08-30 18:15:09,2025-08-31 01:15:09,363,1277,0.382785,2,2337,0.0590497,0.055,0.815751,0.4,0.501538,0.75,3.01003e-18,0.0001,7.57757e-13,999999,999999,1,,,,SVDNB_npp_d20250830_t1814301_e1815542_b71723_c20250830194159405000_oeac_ops.h5,GDNBO_npp_d20250830_t1814301_e1815542_b71723_c20250830193935163000_oeac_ops.h5,SVI04_npp_d20250830_t1814301_e1815542_b71723_c20250830194207485000_oeac_ops.dspace_rad,,eez_v11.shp,WPP_BFAR_merge.shp,vbd_mpa_r20170830.shp,VNF-VBD_npp_20120301-20151231_global_asia-enhanced_c201607211230.bitmask,vbd_landsea_r20220824.mask,timezone.shp,VBD_platforms-recurring_2015_r20170330.shp,999999,VBD_bridges_c20160811.shp,13.103016;11.269409;8.812280;3.958795;6.255141;8.201997,96.038063;110.048721;123.751022;122.491997;108.912346;95.112503,npp_d20250830_t1814301_e1815542_b71723;npp_d20250830_t1815555_e1817196_b71723;npp_d20250830_t1817209_e1818451_b71723;npp_d20250830_t1818463_e1820105_b71723,154.287,44.9526,38.7661,97.8071,120.583,-113.975
295,VBD_npp_d20250830_t1815184_x1042986E_y092152N_l0433_s1277_v23,2025-08-30 20:43:22,9.215185,104.298615,1.25665,2025-08-30 18:15:18,2025-08-31 01:15:18,433,1277,0.397367,2,2337,0.0612539,0.055,0.73041,0.4,0.690568,0.75,3.49995e-18,0.0001,7.60426e-13,999999,999999,3,Vietnamese Exclusive Economic Zone,,,SVDNB_npp_d20250830_t1814301_e1815542_b71723_c20250830194159405000_oeac_ops.h5,GDNBO_npp_d20250830_t1814301_e1815542_b71723_c20250830193935163000_oeac_ops.h5,SVI04_npp_d20250830_t1814301_e1815542_b71723_c20250830194207485000_oeac_ops.dspace_rad,,eez_v11.shp,WPP_BFAR_merge.shp,vbd_mpa_r20170830.shp,VNF-VBD_npp_20120301-20151231_global_asia-enhanced_c201607211230.bitmask,vbd_landsea_r20220824.mask,timezone.shp,VBD_platforms-recurring_2015_r20170330.shp,999999,VBD_bridges_c20160811.shp,13.103016;11.269409;8.812280;3.958795;6.255141;8.201997,96.038063;110.048721;123.751022;122.491997;108.912346;95.112503,npp_d20250830_t1814301_e1815542_b71723;npp_d20250830_t1815555_e1817196_b71723;npp_d20250830_t1817209_e1818451_b71723;npp_d20250830_t1818463_e1820105_b71723,154.651,45.5227,38.7645,98.6094,120.341,-114.207
296,VBD_npp_d20250830_t1815202_x1042737E_y090974N_l0451_s1277_v23,2025-08-30 20:43:22,9.097351,104.273651,7.33594,2025-08-30 18:15:20,2025-08-31 01:15:20,451,1277,0.399857,1,2401,0.410496,0.055,0.919716,0.4,0.885189,0.75,3.6002e-18,0.0001,7.5028e-13,999999,999999,3,Vietnamese Exclusive Economic Zone,,,SVDNB_npp_d20250830_t1814301_e1815542_b71723_c20250830194159405000_oeac_ops.h5,GDNBO_npp_d20250830_t1814301_e1815542_b71723_c20250830193935163000_oeac_ops.h5,SVI04_npp_d20250830_t1814301_e1815542_b71723_c20250830194207485000_oeac_ops.dspace_rad,,eez_v11.shp,WPP_BFAR_merge.shp,vbd_mpa_r20170830.shp,VNF-VBD_npp_20120301-20151231_global_asia-enhanced_c201607211230.bitmask,vbd_landsea_r20220824.mask,timezone.shp,VBD_platforms-recurring_2015_r20170330.shp,999999,VBD_bridges_c20160811.shp,13.103016;11.269409;8.812280;3.958795;6.255141;8.201997,96.038063;110.048721;123.751022;122.491997;108.912346;95.112503,npp_d20250830_t1814301_e1815542_b71723;npp_d20250830_t1815555_e1817196_b71723;npp_d20250830_t1817209_e1818451_b71723;npp_d20250830_t1818463_e1820105_b71723,154.746,45.6724,38.7677,98.4638,120.277,-114.267
297,VBD_npp_d20250830_t1815219_x1042512E_y089928N_l0467_s1277_v23,2025-08-30 20:43:22,8.992823,104.251228,1.93265,2025-08-30 18:15:21,2025-08-31 01:15:21,467,1277,0.408179,2,2337,0.127675,0.055,0.847829,0.4,0.730484,0.75,3.68931e-18,0.0001,7.45266e-13,999999,999999,3,Vietnamese Exclusive Economic Zone,,,SVDNB_npp_d20250830_t1814301_e1815542_b71723_c20250830194159405000_oeac_ops.h5,GDNBO_npp_d20250830_t1814301_e1815542_b71723_c20250830193935163000_oeac_ops.h5,SVI04_npp_d20250830_t1814301_e1815542_b71723_c20250830194207485000_oeac_ops.dspace_rad,,eez_v11.shp,WPP_BFAR_merge.shp,vbd_mpa_r20170830.shp,VNF-VBD_npp_20120301-20151231_global_asia-enhanced_c201607211230.bitmask,vbd_landsea_r20220824.mask,timezone.shp,VBD_platforms-recurring_2015_r20170330.shp,999999,VBD_bridges_c20160811.shp,13.103016;11.269409;8.812280;3.958795;6.255141;8.201997,96.038063;110.048721;123.751022;122.491997;108.912346;95.112503,npp_d20250830_t1814301_e1815542_b71723;npp_d20250830_t1815555_e1817196_b71723;npp_d20250830_t1817209_e1818451_b71723;npp_d20250830_t1818463_e1820105_b71723,154.83,45.807,38.7679,98.4689,120.221,-114.319
298,VBD_npp_d20250830_t1815077_x1044250E_y097447N_l0351_s1278_v23,2025-08-30 20:43:22,9.744710,104.425034,2.9023,2025-08-30 18:15:07,2025-08-31 01:15:07,351,1278,0.395589,1,2401,0.231107,0.055,0.868519,0.4,0.878743,0.75,2.86965e-18,0.0001,7.48285e-13,999999,999999,3,Vietnamese Exclusive Economic Zone,,,SVDNB_npp_d20250830_t1814301_e1815542_b71723_c20250830194159405000_oeac_ops.h5,GDNBO_npp_d20250830_t1814301_e1815542_b71723_c20250830193935163000_oeac_ops.h5,SVI04_npp_d20250830_t1814301_e1815542_b71723_c20250830194207485000_oeac_ops.dspace_rad,,eez_v11.shp,WPP_BFAR_merge.shp,vbd_mpa_r20170830.shp,VNF-VBD_npp_20120301-20151231_global_asia-enhanced_c201607211230.bitmask,vbd_landsea_r20220824.mask,timezone.shp,VBD_platforms-recurring_2015_r20170330.shp,999999,VBD_bridges_c20160811.shp,13.103016;11.269409;8.812280;3.958795;6.255141;8.201997,96.038063;110.048721;123.751022;122.491997;108.912346;95.112503,npp_d20250830_t1814301_e1815542_b71723;npp_d20250830_t1815555_e1817196_b71723;npp_d20250830_t1817209_e1818451_b71723;npp_d20250830_t1818463_e1820105_b71723,154.221,44.8698,38.7292,97.491,120.63,-113.936
299,VBD_npp_d20250830_t1815184_x1042905E_y091116N_l0448_s1278_v23,2025-08-30 20:43:22,9.111588,104.290466,3.35517,2025-08-30 18:15:18,2025-08-31 01:15:18,448,1278,0.403556,1,2401,0.222303,0.055,0.91176,0.4,0.780956,0.75,3.56002e-18,0.0001,7.17169e-13,999999,999999,3,Vietnamese Exclusive Economic Zone,,,SVDNB_npp_d20250830_t1814301_e1815542_b71723_c20250830194159405000_oeac_ops.h5,GDNBO_npp_d20250830_t1814301_e1815542_b71723_c20250830193935163000_oeac_ops.h5,SVI04_npp_d20250830_t1814301_e1815542_b71723_c20250830194207485000_oeac_ops.dspace_rad,,eez_v11.shp,WPP_BFAR_merge.shp,vbd_mpa_r20170830.shp,VNF-VBD_npp_20120301-20151231_global_asia-enhanced_c201607211230.bitmask,vbd_landsea_r20220824.mask,timezone.shp,VBD_platforms-recurring_2015_r20170330.shp,999999,VBD_bridges_c20160811.shp,13.103016;11.269409;8.812280;3.958795;6.255141;8.201997,96.038063;110.048721;123.751022;122.491997;108.912346;95.112503,npp_d20250830_t1814301_e1815542_b71723;npp_d20250830_t1815555_e1817196_b71723;npp_d20250830_t1817209_e1818451_b71723;npp_d20250830_t1818463_e1820105_b71723,154.73,45.666,38.7269,97.4556,120.292,-114.26
300,VBD_npp_d20250830_t1815202_x1042716E_y090348N_l0460_s1278_v23,2025-08-30 20:43:22,9.034784,104.271584,9.2824,2025-08-30 18:15:20,2025-08-31 01:15:20,460,1278,0.389187,1,2401,0.458383,0.055,0.9031,0.4,0.807443,0.75,3.62642e-18,0.0001,7.23113e-13,999999,999999,3,Vietnamese Exclusive Economic Zone,,,SVDNB_npp_d20250830_t1814301_e1815542_b71723_c20250830194159405000_oeac_ops.h5,GDNBO_npp_d20250830_t1814301_e1815542_b71723_c20250830193935163000_oeac_ops.h5,SVI04_npp_d20250830_t1814301_e1815542_b71723_c20250830194207485000_oeac_ops.dspace_rad,,eez_v11.shp,WPP_BFAR_merge.shp,vbd_mpa_r20170830.shp,VNF-VBD_npp_20120301-20151231_global_asia-enhanced_c201607211230.bitmask,vbd_landsea_r20220824.mask,timezone.shp,VBD_platforms-recurring_2015_r20170330.shp,999999,VBD_bridges_c20160811.shp,13.103016;11.269409;8.812280;3.958795;6.255141;8.201997,96.038063;110.048721;123.751022;122.491997;108.912346;95.112503,npp_d20250830_t1814301_e1815542_b71723;npp_d20250830_t1815555_e1817196_b71723;npp_d20250830_t1817209_e1818451_b71723;npp_d20250830_t1818463_e1820105_b71723,154.791,45.7639,38.7285,97.772,120.25,-114.299
301,VBD_npp_d20250830_t1815202_x1042696E_y090211N_l0462_s1278_v23,2025-08-30 20:43:22,9.021106,104.269569,5.09276,2025-08-30 18:15:20,2025-08-31 01:15:20,462,1278,0.404978,1,2401,0.294257,0.055,0.9031,0.4,0.810113,0.75,3.63749e-18,0.0001,7.17972e-13,999999,999999,3,Vietnamese Exclusive Economic Zone,,,SVDNB_npp_d20250830_t1814301_e1815542_b71723_c20250830194159405000_oeac_ops.h5,GDNBO_npp_d20250830_t1814301_e1815542_b71723_c20250830193935163000_oeac_ops.h5,SVI04_npp_d20250830_t1814301_e1815542_b71723_c20250830194207485000_oeac_ops.dspace_rad,,eez_v11.shp,WPP_BFAR_merge.shp,vbd_mpa_r20170830.shp,VNF-VBD_npp_20120301-20151231_global_asia-enhanced_c201607211230.bitmask,vbd_landsea_r20220824.mask,timezone.shp,VBD_platforms-recurring_2015_r20170330.shp,999999,VBD_bridges_c20160811.shp,13.103016;11.269409;8.812280;3.958795;6.255141;8.201997,96.038063;110.048721;123.751022;122.491997;108.912346;95.112503,npp_d20250830_t1814301_e1815542_b71723;npp_d20250830_t1815555_e1817196_b71723;npp_d20250830_t1817209_e1818451_b71723;npp_d20250830_t1818463_e1820105_b71723,154.802,45.7815,38.7294,97.618,120.242,-114.305
302,VBD_npp_d20250830_t1815202_x1042676E_y090074N_l0464_s1278_v23,2025-08-30 20:43:22,9.007428,104.267555,8.22119,2025-08-30 18:15:20,2025-08-31 01:15:20,464,1278,0.408535,2,2337,0.402728,0.055,0.88345,0.4,0.686822,0.75,3.64856e-18,0.0001,7.12883e-13,999999,999999,3,Vietnamese Exclusive Economic Zone,,,SVDNB_npp_d20250830_t1814301_e1815542_b71723_c20250830194159405000_oeac_ops.h5,GDNBO_npp_d20250830_t1814301_e1815542_b71723_c20250830193935163000_oeac_ops.h5,SVI04_npp_d20250830_t1814301_e1815542_b71723_c20250830194207485000_oeac_ops.dspace_rad,,eez_v11.shp,WPP_BFAR_merge.shp,vbd_mpa_r20170830.shp,VNF-VBD_npp_20120301-20151231_global_asia-enhanced_c201607211230.bitmask,vbd_landsea_r20220824.mask,timezone.shp,VBD_platforms-recurring_2015_r20170330.shp,999999,VBD_bridges_c20160811.shp,13.103016;11.269409;8.812280;3.958795;6.255141;8.201997,96.038063;110.048721;123.751022;122.491997;108.912346;95.112503,npp_d20250830_t1814301_e1815542_b71723;npp_d20250830_t1815555_e1817196_b71723;npp_d20250830_t1817209_e1818451_b71723;npp_d20250830_t1818463_e1820105_b71723,154.813,45.7991,38.7305,97.464,120.235,-114.312
303,VBD_npp_d20250830_t1815219_x1042521E_y089508N_l0473_s1278_v23,2025-08-30 20:43:22,8.950781,104.252106,2.98654,2025-08-30 18:15:21,2025-08-31 01:15:21,473,1278,0.405049,1,2401,0.249891,0.055,0.781866,0.4,0.921564,0.75,3.69836e-18,0.0001,7.26095e-13,999999,999999,3,Vietnamese Exclusive Economic Zone,,,SVDNB_npp_d20250830_t1814301_e1815542_b71723_c20250830194159405000_oeac_ops.h5,GDNBO_npp_d20250830_t1814301_e1815542_b71723_c20250830193935163000_oeac_ops.h5,SVI04_npp_d20250830_t1814301_e1815542_b71723_c20250830194207485000_oeac_ops.dspace_rad,,eez_v11.shp,WPP_BFAR_merge.shp,vbd_mpa_r20170830.shp,VNF-VBD_npp_20120301-20151231_global_asia-enhanced_c201607211230.bitmask,vbd_landsea_r20220824.mask,timezone.shp,VBD_platforms-recurring_2015_r20170330.shp,999999,VBD_bridges_c20160811.shp,13.103016;11.269409;8.812280;3.958795;6.255141;8.201997,96.038063;110.048721;123.751022;122.491997;108.912346;95.112503,npp_d20250830_t1814301_e1815542_b71723;npp_d20250830_t1815555_e1817196_b71723;npp_d20250830_t1817209_e1818451_b71723;npp_d20250830_t1818463_e1820105_b71723,154.858,45.8727,38.7278,98.0082,120.204,-114.341
304,VBD_npp_d20250830_t1815095_x1044149E_y096737N_l0362_s1279_v23,2025-08-30 20:43:22,9.673698,104.414948,1.38312,2025-08-30 18:15:09,2025-08-31 01:15:09,362,1279,0.404623,2,2337,0.0730262,0.055,0.887358,0.4,0.583034,0.75,2.96053e-18,0.0001,7.53673e-13,999999,999999,3,Vietnamese Exclusive Economic Zone,,,SVDNB_npp_d20250830_t1814301_e1815542_b71723_c20250830194159405000_oeac_ops.h5,GDNBO_npp_d20250830_t1814301_e1815542_b71723_c20250830193935163000_oeac_ops.h5,SVI04_npp_d20250830_t1814301_e1815542_b71723_c20250830194207485000_oeac_ops.dspace_rad,,eez_v11.shp,WPP_BFAR_merge.shp,vbd_mpa_r20170830.shp,VNF-VBD_npp_20120301-20151231_global_asia-enhanced_c201607211230.bitmask,vbd_landsea_r20220824.mask,timezone.shp,VBD_platforms-recurring_2015_r20170330.shp,999999,VBD_bridges_c20160811.shp,13.103016;11.269409;8.812280;3.958795;6.255141;8.201997,96.038063;110.048721;123.751022;122.491997;108.912346;95.112503,npp_d20250830_t1814301_e1815542_b71723;npp_d20250830_t1815555_e1817196_b71723;npp_d20250830_t1817209_e1818451_b71723;npp_d20250830_t1818463_e1820105_b71723,154.273,44.9694,38.6852,97.886,120.599,-113.973
305,VBD_npp_d20250830_t1815202_x1042845E_y090748N_l0454_s1279_v23,2025-08-30 20:43:22,9.074827,104.284508,8.78874,2025-08-30 18:15:20,2025-08-31 01:15:20,454,1279,0.402702,1,2401,0.454153,0.055,0.914469,0.4,0.893003,0.75,3.56953e-18,0.0001,7.35556e-13,999999,999999,3,Vietnamese Exclusive Economic Zone,,,SVDNB_npp_d20250830_t1814301_e1815542_b71723_c20250830194159405000_oeac_ops.h5,GDNBO_npp_d20250830_t1814301_e1815542_b71723_c20250830193935163000_oeac_ops.h5,SVI04_npp_d20250830_t1814301_e1815542_b71723_c20250830194207485000_oeac_ops.dspace_rad,,eez_v11.shp,WPP_BFAR_merge.shp,vbd_mpa_r20170830.shp,VNF-VBD_npp_20120301-20151231_global_asia-enhanced_c201607211230.bitmask,vbd_landsea_r20220824.mask,timezone.shp,VBD_platforms-recurring_2015_r20170330.shp,999999,VBD_bridges_c20160811.shp,13.103016;11.269409;8.812280;3.958795;6.255141;8.201997,96.038063;110.048721;123.751022;122.491997;108.912346;95.112503,npp_d20250830_t1814301_e1815542_b71723;npp_d20250830_t1815555_e1817196_b71723;npp_d20250830_t1817209_e1818451_b71723;npp_d20250830_t1818463_e1820105_b71723,154.754,45.724,38.687,98.2353,120.278,-114.279
306,VBD_npp_d20250830_t1815326_x1041178E_y082759N_l0576_s1279_v23,2025-08-30 20:43:22,8.275949,104.117813,3.29493,2025-08-30 18:15:32,2025-08-31 01:15:32,576,1279,0.0971944,1,2401,0.243169,0.055,0.652352,0.4,0.863492,0.75,5.33903e-18,0.0001,6.78053e-13,999999,999999,3,Vietnamese Exclusive Economic Zone,,,SVDNB_npp_d20250830_t1814301_e1815542_b71723_c20250830194159405000_oeac_ops.h5,GDNBO_npp_d20250830_t1814301_e1815542_b71723_c20250830193935163000_oeac_ops.h5,SVI04_npp_d20250830_t1814301_e1815542_b71723_c20250830194207485000_oeac_ops.dspace_rad,,eez_v11.shp,WPP_BFAR_merge.shp,vbd_mpa_r20170830.shp,VNF-VBD_npp_20120301-20151231_global_asia-enhanced_c201607211230.bitmask,vbd_landsea_r20220824.mask,timezone.shp,VBD_platforms-recurring_2015_r20170330.shp,999999,VBD_bridges_c20160811.shp,13.103016;11.269409;8.812280;3.958795;6.255141;8.201997,96.038063;110.048721;123.751022;122.491997;108.912346;95.112503,npp_d20250830_t1814301_e1815542_b71723;npp_d20250830_t1815555_e1817196_b71723;npp_d20250830_t1817209_e1818451_b71723;npp_d20250830_t1818463_e1820105_b71723,155.389,46.7797,38.6884,97.5145,119.845,-114.678
307,VBD_npp_d20250830_t1815095_x1044229E_y096796N_l0361_s1280_v23,2025-08-30 20:43:22,9.679556,104.422852,2.7384,2025-08-30 18:15:09,2025-08-31 01:15:09,361,1280,0.379371,1,2401,0.180775,0.055,0.887358,0.4,0.788197,0.75,2.93093e-18,0.0001,7.53022e-13,999999,999999,3,Vietnamese Exclusive Economic Zone,,,SVDNB_npp_d20250830_t1814301_e1815542_b71723_c20250830194159405000_oeac_ops.h5,GDNBO_npp_d20250830_t1814301_e1815542_b71723_c20250830193935163000_oeac_ops.h5,SVI04_npp_d20250830_t1814301_e1815542_b71723_c20250830194207485000_oeac_ops.dspace_rad,,eez_v11.shp,WPP_BFAR_merge.shp,vbd_mpa_r20170830.shp,VNF-VBD_npp_20120301-20151231_global_asia-enhanced_c201607211230.bitmask,vbd_landsea_r20220824.mask,timezone.shp,VBD_platforms-recurring_2015_r20170330.shp,999999,VBD_bridges_c20160811.shp,13.103016;11.269409;8.812280;3.958795;6.255141;8.201997,96.038063;110.048721;123.751022;122.491997;108.912346;95.112503,npp_d20250830_t1814301_e1815542_b71723;npp_d20250830_t1815555_e1817196_b71723;npp_d20250830_t1817209_e1818451_b71723;npp_d20250830_t1818463_e1820105_b71723,154.263,44.9736,38.6447,97.9642,120.608,-113.97
308,VBD_npp_d20250830_t1815184_x1043053E_y091165N_l0447_s1280_v23,2025-08-30 20:43:22,9.116502,104.305267,5.97274,2025-08-30 18:15:18,2025-08-31 01:15:18,447,1280,0.40825,1,2401,0.374247,0.055,0.907244,0.4,0.902848,0.75,3.50761e-18,0.0001,7.13376e-13,999999,999999,3,Vietnamese Exclusive Economic Zone,,,SVDNB_npp_d20250830_t1814301_e1815542_b71723_c20250830194159405000_oeac_ops.h5,GDNBO_npp_d20250830_t1814301_e1815542_b71723_c20250830193935163000_oeac_ops.h5,SVI04_npp_d20250830_t1814301_e1815542_b71723_c20250830194207485000_oeac_ops.dspace_rad,,eez_v11.shp,WPP_BFAR_merge.shp,vbd_mpa_r20170830.shp,VNF-VBD_npp_20120301-20151231_global_asia-enhanced_c201607211230.bitmask,vbd_landsea_r20220824.mask,timezone.shp,VBD_platforms-recurring_2015_r20170330.shp,999999,VBD_bridges_c20160811.shp,13.103016;11.269409;8.812280;3.958795;6.255141;8.201997,96.038063;110.048721;123.751022;122.491997;108.912346;95.112503,npp_d20250830_t1814301_e1815542_b71723;npp_d20250830_t1815555_e1817196_b71723;npp_d20250830_t1817209_e1818451_b71723;npp_d20250830_t1818463_e1820105_b71723,154.716,45.6825,38.6458,97.5338,120.307,-114.258
309,VBD_npp_d20250830_t1815202_x1042874E_y090465N_l0458_s1280_v23,2025-08-30 20:43:22,9.046504,104.287376,4.59936,2025-08-30 18:15:20,2025-08-31 01:15:20,458,1280,0.409459,1,2401,0.324048,0.055,0.906452,0.4,0.90097,0.75,3.56769e-18,0.0001,7.21856e-13,999999,999999,3,Vietnamese Exclusive Economic Zone,,,SVDNB_npp_d20250830_t1814301_e1815542_b71723_c20250830194159405000_oeac_ops.h5,GDNBO_npp_d20250830_t1814301_e1815542_b71723_c20250830193935163000_oeac_ops.h5,SVI04_npp_d20250830_t1814301_e1815542_b71723_c20250830194207485000_oeac_ops.dspace_rad,,eez_v11.shp,WPP_BFAR_merge.shp,vbd_mpa_r20170830.shp,VNF-VBD_npp_20120301-20151231_global_asia-enhanced_c201607211230.bitmask,vbd_landsea_r20220824.mask,timezone.shp,VBD_platforms-recurring_2015_r20170330.shp,999999,VBD_bridges_c20160811.shp,13.103016;11.269409;8.812280;3.958795;6.255141;8.201997,96.038063;110.048721;123.751022;122.491997;108.912346;95.112503,npp_d20250830_t1814301_e1815542_b71723;npp_d20250830_t1815555_e1817196_b71723;npp_d20250830_t1817209_e1818451_b71723;npp_d20250830_t1818463_e1820105_b71723,154.772,45.7717,38.6474,97.9279,120.269,-114.294
310,VBD_npp_d20250830_t1815344_x1041178E_y082732N_l0577_s1280_v23,2025-08-30 20:43:22,8.273229,104.117767,2.24012,2025-08-30 18:15:34,2025-08-31 01:15:34,577,1280,0.0971944,1,2401,0.16338,0.055,0.652352,0.4,0.808446,0.75,5.32056e-18,0.0001,7.06714e-13,999999,999999,3,Vietnamese Exclusive Economic Zone,,,SVDNB_npp_d20250830_t1814301_e1815542_b71723_c20250830194159405000_oeac_ops.h5,GDNBO_npp_d20250830_t1814301_e1815542_b71723_c20250830193935163000_oeac_ops.h5,SVI04_npp_d20250830_t1814301_e1815542_b71723_c20250830194207485000_oeac_ops.dspace_rad,,eez_v11.shp,WPP_BFAR_merge.shp,vbd_mpa_r20170830.shp,VNF-VBD_npp_20120301-20151231_global_asia-enhanced_c201607211230.bitmask,vbd_landsea_r20220824.mask,timezone.shp,VBD_platforms-recurring_2015_r20170330.shp,999999,VBD_bridges_c20160811.shp,13.103016;11.269409;8.812280;3.958795;6.255141;8.201997,96.038063;110.048721;123.751022;122.491997;108.912346;95.112503,npp_d20250830_t1814301_e1815542_b71723;npp_d20250830_t1815555_e1817196_b71723;npp_d20250830_t1817209_e1818451_b71723;npp_d20250830_t1818463_e1820105_b71723,155.385,46.796,38.6432,98.6812,119.85,-114.68
311,VBD_npp_d20250830_t1815077_x1044457E_y097418N_l0351_s1281_v23,2025-08-30 20:43:22,9.741839,104.445740,3.22221,2025-08-30 18:15:07,2025-08-31 01:15:07,351,1281,0.405689,2,2337,0.241322,0.055,0.880897,0.4,0.565125,0.75,2.81279e-18,0.0001,7.38272e-13,999999,999999,3,Vietnamese Exclusive Economic Zone,,,SVDNB_npp_d20250830_t1814301_e1815542_b71723_c20250830194159405000_oeac_ops.h5,GDNBO_npp_d20250830_t1814301_e1815542_b71723_c20250830193935163000_oeac_ops.h5,SVI04_npp_d20250830_t1814301_e1815542_b71723_c20250830194207485000_oeac_ops.dspace_rad,,eez_v11.shp,WPP_BFAR_merge.shp,vbd_mpa_r20170830.shp,VNF-VBD_npp_20120301-20151231_global_asia-enhanced_c201607211230.bitmask,vbd_landsea_r20220824.mask,timezone.shp,VBD_platforms-recurring_2015_r20170330.shp,999999,VBD_bridges_c20160811.shp,13.103016;11.269409;8.812280;3.958795;6.255141;8.201997,96.038063;110.048721;123.751022;122.491997;108.912346;95.112503,npp_d20250830_t1814301_e1815542_b71723;npp_d20250830_t1815555_e1817196_b71723;npp_d20250830_t1817209_e1818451_b71723;npp_d20250830_t1818463_e1820105_b71723,154.209,44.9074,38.6085,97.493,120.647,-113.939
312,VBD_npp_d20250830_t1815095_x1044347E_y097127N_l0356_s1281_v23,2025-08-30 20:43:22,9.712728,104.434746,11.7481,2025-08-30 18:15:09,2025-08-31 01:15:09,356,1281,0.36045,1,2401,0.599666,0.055,0.896353,0.4,0.924941,0.75,2.86205e-18,0.0001,7.63467e-13,999999,999999,3,Vietnamese Exclusive Economic Zone,,,SVDNB_npp_d20250830_t1814301_e1815542_b71723_c20250830194159405000_oeac_ops.h5,GDNBO_npp_d20250830_t1814301_e1815542_b71723_c20250830193935163000_oeac_ops.h5,SVI04_npp_d20250830_t1814301_e1815542_b71723_c20250830194207485000_oeac_ops.dspace_rad,,eez_v11.shp,WPP_BFAR_merge.shp,vbd_mpa_r20170830.shp,VNF-VBD_npp_20120301-20151231_global_asia-enhanced_c201607211230.bitmask,vbd_landsea_r20220824.mask,timezone.shp,VBD_platforms-recurring_2015_r20170330.shp,999999,VBD_bridges_c20160811.shp,13.103016;11.269409;8.812280;3.958795;6.255141;8.201997,96.038063;110.048721;123.751022;122.491997;108.912346;95.112503,npp_d20250830_t1814301_e1815542_b71723;npp_d20250830_t1815555_e1817196_b71723;npp_d20250830_t1817209_e1818451_b71723;npp_d20250830_t1818463_e1820105_b71723,154.232,44.9442,38.6041,98.3514,120.632,-113.954
313,VBD_npp_d20250830_t1815184_x1043112E_y091087N_l0448_s1281_v23,2025-08-30 20:43:22,9.108704,104.311211,4.04934,2025-08-30 18:15:18,2025-08-31 01:15:18,448,1281,0.409744,1,2401,0.248597,0.055,0.907244,0.4,0.800255,0.75,3.48959e-18,0.0001,7.07719e-13,999999,999999,3,Vietnamese Exclusive Economic Zone,,,SVDNB_npp_d20250830_t1814301_e1815542_b71723_c20250830194159405000_oeac_ops.h5,GDNBO_npp_d20250830_t1814301_e1815542_b71723_c20250830193935163000_oeac_ops.h5,SVI04_npp_d20250830_t1814301_e1815542_b71723_c20250830194207485000_oeac_ops.dspace_rad,,eez_v11.shp,WPP_BFAR_merge.shp,vbd_mpa_r20170830.shp,VNF-VBD_npp_20120301-20151231_global_asia-enhanced_c201607211230.bitmask,vbd_landsea_r20220824.mask,timezone.shp,VBD_platforms-recurring_2015_r20170330.shp,999999,VBD_bridges_c20160811.shp,13.103016;11.269409;8.812280;3.958795;6.255141;8.201997,96.038063;110.048721;123.751022;122.491997;108.912346;95.112503,npp_d20250830_t1814301_e1815542_b71723;npp_d20250830_t1815555_e1817196_b71723;npp_d20250830_t1817209_e1818451_b71723;npp_d20250830_t1818463_e1820105_b71723,154.717,45.7038,38.6061,97.4572,120.309,-114.263
314,VBD_npp_d20250830_t1815202_x1043022E_y091002N_l0450_s1281_v23,2025-08-30 20:43:22,9.100174,104.302208,3.63906,2025-08-30 18:15:20,2025-08-31 01:15:20,450,1281,0.406401,1,2401,0.236828,0.055,0.907244,0.4,0.802957,0.75,3.50045e-18,0.0001,7.39613e-13,999999,999999,3,Vietnamese Exclusive Economic Zone,,,SVDNB_npp_d20250830_t1814301_e1815542_b71723_c20250830194159405000_oeac_ops.h5,GDNBO_npp_d20250830_t1814301_e1815542_b71723_c20250830193935163000_oeac_ops.h5,SVI04_npp_d20250830_t1814301_e1815542_b71723_c20250830194207485000_oeac_ops.dspace_rad,,eez_v11.shp,WPP_BFAR_merge.shp,vbd_mpa_r20170830.shp,VNF-VBD_npp_20120301-20151231_global_asia-enhanced_c201607211230.bitmask,vbd_landsea_r20220824.mask,timezone.shp,VBD_platforms-recurring_2015_r20170330.shp,999999,VBD_bridges_c20160811.shp,13.103016;11.269409;8.812280;3.958795;6.255141;8.201997,96.038063;110.048721;123.751022;122.491997;108.912346;95.112503,npp_d20250830_t1814301_e1815542_b71723;npp_d20250830_t1815555_e1817196_b71723;npp_d20250830_t1817209_e1818451_b71723;npp_d20250830_t1818463_e1820105_b71723,154.724,45.7143,38.6069,98.5465,120.304,-114.267
315,VBD_npp_d20250830_t1815202_x1042993E_y090797N_l0453_s1281_v23,2025-08-30 20:43:22,9.079675,104.299271,1.81099,2025-08-30 18:15:20,2025-08-31 01:15:20,453,1281,0.343094,2,2337,0.0818126,0.055,0.914469,0.4,0.502644,0.75,3.51672e-18,0.0001,7.31658e-13,999999,999999,3,Vietnamese Exclusive Economic Zone,,,SVDNB_npp_d20250830_t1814301_e1815542_b71723_c20250830194159405000_oeac_ops.h5,GDNBO_npp_d20250830_t1814301_e1815542_b71723_c20250830193935163000_oeac_ops.h5,SVI04_npp_d20250830_t1814301_e1815542_b71723_c20250830194207485000_oeac_ops.dspace_rad,,eez_v11.shp,WPP_BFAR_merge.shp,vbd_mpa_r20170830.shp,VNF-VBD_npp_20120301-20151231_global_asia-enhanced_c201607211230.bitmask,vbd_landsea_r20220824.mask,timezone.shp,VBD_platforms-recurring_2015_r20170330.shp,999999,VBD_bridges_c20160811.shp,13.103016;11.269409;8.812280;3.958795;6.255141;8.201997,96.038063;110.048721;123.751022;122.491997;108.912346;95.112503,npp_d20250830_t1814301_e1815542_b71723;npp_d20250830_t1815555_e1817196_b71723;npp_d20250830_t1817209_e1818451_b71723;npp_d20250830_t1818463_e1820105_b71723,154.741,45.7406,38.6066,98.3149,120.293,-114.277
316,VBD_npp_d20250830_t1815095_x1044386E_y096913N_l0359_s1282_v23,2025-08-30 20:43:22,9.691257,104.438637,15.5327,2025-08-30 18:15:09,2025-08-31 01:15:09,359,1282,0.379869,1,2401,0.67524,0.055,0.887358,0.4,0.941957,0.75,2.87211e-18,0.0001,7.51743e-13,999999,999999,3,Vietnamese Exclusive Economic Zone,,,SVDNB_npp_d20250830_t1814301_e1815542_b71723_c20250830194159405000_oeac_ops.h5,GDNBO_npp_d20250830_t1814301_e1815542_b71723_c20250830193935163000_oeac_ops.h5,SVI04_npp_d20250830_t1814301_e1815542_b71723_c20250830194207485000_oeac_ops.dspace_rad,,eez_v11.shp,WPP_BFAR_merge.shp,vbd_mpa_r20170830.shp,VNF-VBD_npp_20120301-20151231_global_asia-enhanced_c201607211230.bitmask,vbd_landsea_r20220824.mask,timezone.shp,VBD_platforms-recurring_2015_r20170330.shp,999999,VBD_bridges_c20160811.shp,13.103016;11.269409;8.812280;3.958795;6.255141;8.201997,96.038063;110.048721;123.751022;122.491997;108.912346;95.112503,npp_d20250830_t1814301_e1815542_b71723;npp_d20250830_t1815555_e1817196_b71723;npp_d20250830_t1817209_e1818451_b71723;npp_d20250830_t1818463_e1820105_b71723,154.244,44.9819,38.5639,98.1209,120.627,-113.965
317,VBD_npp_d20250830_t1815202_x1043101E_y091060N_l0449_s1282_v23,2025-08-30 20:43:22,9.105988,104.310143,6.49384,2025-08-30 18:15:20,2025-08-31 01:15:20,449,1282,0.407895,1,2401,0.29104,0.055,0.907244,0.4,0.869691,0.75,3.47151e-18,0.0001,7.38988e-13,999999,999999,3,Vietnamese Exclusive Economic Zone,,,SVDNB_npp_d20250830_t1814301_e1815542_b71723_c20250830194159405000_oeac_ops.h5,GDNBO_npp_d20250830_t1814301_e1815542_b71723_c20250830193935163000_oeac_ops.h5,SVI04_npp_d20250830_t1814301_e1815542_b71723_c20250830194207485000_oeac_ops.dspace_rad,,eez_v11.shp,WPP_BFAR_merge.shp,vbd_mpa_r20170830.shp,VNF-VBD_npp_20120301-20151231_global_asia-enhanced_c201607211230.bitmask,vbd_landsea_r20220824.mask,timezone.shp,VBD_platforms-recurring_2015_r20170330.shp,999999,VBD_bridges_c20160811.shp,13.103016;11.269409;8.812280;3.958795;6.255141;8.201997,96.038063;110.048721;123.751022;122.491997;108.912346;95.112503,npp_d20250830_t1814301_e1815542_b71723;npp_d20250830_t1815555_e1817196_b71723;npp_d20250830_t1817209_e1818451_b71723;npp_d20250830_t1818463_e1820105_b71723,154.714,45.7182,38.5668,98.6253,120.313,-114.265
318,VBD_npp_d20250830_t1815184_x1043250E_y091068N_l0448_s1283_v23,2025-08-30 20:43:22,9.106791,104.324951,1.93154,2025-08-30 18:15:18,2025-08-31 01:15:18,448,1283,0.406187,2,2337,0.0943797,0.055,0.899653,0.4,0.587446,0.75,3.44264e-18,0.0001,7.01537e-13,999999,999999,3,Vietnamese Exclusive Economic Zone,,,SVDNB_npp_d20250830_t1814301_e1815542_b71723_c20250830194159405000_oeac_ops.h5,GDNBO_npp_d20250830_t1814301_e1815542_b71723_c20250830193935163000_oeac_ops.h5,SVI04_npp_d20250830_t1814301_e1815542_b71723_c20250830194207485000_oeac_ops.dspace_rad,,eez_v11.shp,WPP_BFAR_merge.shp,vbd_mpa_r20170830.shp,VNF-VBD_npp_20120301-20151231_global_asia-enhanced_c201607211230.bitmask,vbd_landsea_r20220824.mask,timezone.shp,VBD_platforms-recurring_2015_r20170330.shp,999999,VBD_bridges_c20160811.shp,13.103016;11.269409;8.812280;3.958795;6.255141;8.201997,96.038063;110.048721;123.751022;122.491997;108.912346;95.112503,npp_d20250830_t1814301_e1815542_b71723;npp_d20250830_t1815555_e1817196_b71723;npp_d20250830_t1817209_e1818451_b71723;npp_d20250830_t1818463_e1820105_b71723,154.709,45.729,38.5257,97.4582,120.32,-114.265
319,VBD_npp_d20250830_t1815202_x1043150E_y090913N_l0451_s1283_v23,2025-08-30 20:43:22,9.091334,104.315018,3.9229,2025-08-30 18:15:20,2025-08-31 01:15:20,451,1283,0.41138,1,2401,0.249683,0.055,0.902742,0.4,0.802238,0.75,3.45871e-18,0.0001,7.30424e-13,999999,999999,3,Vietnamese Exclusive Economic Zone,,,SVDNB_npp_d20250830_t1814301_e1815542_b71723_c20250830194159405000_oeac_ops.h5,GDNBO_npp_d20250830_t1814301_e1815542_b71723_c20250830193935163000_oeac_ops.h5,SVI04_npp_d20250830_t1814301_e1815542_b71723_c20250830194207485000_oeac_ops.dspace_rad,,eez_v11.shp,WPP_BFAR_merge.shp,vbd_mpa_r20170830.shp,VNF-VBD_npp_20120301-20151231_global_asia-enhanced_c201607211230.bitmask,vbd_landsea_r20220824.mask,timezone.shp,VBD_platforms-recurring_2015_r20170330.shp,999999,VBD_bridges_c20160811.shp,13.103016;11.269409;8.812280;3.958795;6.255141;8.201997,96.038063;110.048721;123.751022;122.491997;108.912346;95.112503,npp_d20250830_t1814301_e1815542_b71723;npp_d20250830_t1815555_e1817196_b71723;npp_d20250830_t1817209_e1818451_b71723;npp_d20250830_t1818463_e1820105_b71723,154.721,45.7483,38.5262,98.4721,120.312,-114.273
320,VBD_npp_d20250830_t1815255_x1042489E_y087850N_l0498_s1283_v23,2025-08-30 20:43:22,8.784977,104.248901,3.02295,2025-08-30 18:15:25,2025-08-31 01:15:25,498,1283,0.409317,1,2401,0.247592,0.055,0.768621,0.4,0.918005,0.75,3.90172e-18,0.0001,7.18624e-13,999999,999999,3,Vietnamese Exclusive Economic Zone,,,SVDNB_npp_d20250830_t1814301_e1815542_b71723_c20250830194159405000_oeac_ops.h5,GDNBO_npp_d20250830_t1814301_e1815542_b71723_c20250830193935163000_oeac_ops.h5,SVI04_npp_d20250830_t1814301_e1815542_b71723_c20250830194207485000_oeac_ops.dspace_rad,,eez_v11.shp,WPP_BFAR_merge.shp,vbd_mpa_r20170830.shp,VNF-VBD_npp_20120301-20151231_global_asia-enhanced_c201607211230.bitmask,vbd_landsea_r20220824.mask,timezone.shp,VBD_platforms-recurring_2015_r20170330.shp,999999,VBD_bridges_c20160811.shp,13.103016;11.269409;8.812280;3.958795;6.255141;8.201997,96.038063;110.048721;123.751022;122.491997;108.912346;95.112503,npp_d20250830_t1814301_e1815542_b71723;npp_d20250830_t1815555_e1817196_b71723;npp_d20250830_t1817209_e1818451_b71723;npp_d20250830_t1818463_e1820105_b71723,154.965,46.1463,38.5255,98.5696,120.146,-114.427
321,VBD_npp_d20250830_t1815202_x1043239E_y091040N_l0449_s1284_v23,2025-08-30 20:43:22,9.103977,104.323875,2.90523,2025-08-30 18:15:20,2025-08-31 01:15:20,449,1284,0.40697,2,2337,0.163893,0.055,0.899653,0.4,0.724511,0.75,3.42449e-18,0.0001,7.32452e-13,999999,999999,3,Vietnamese Exclusive Economic Zone,,,SVDNB_npp_d20250830_t1814301_e1815542_b71723_c20250830194159405000_oeac_ops.h5,GDNBO_npp_d20250830_t1814301_e1815542_b71723_c20250830193935163000_oeac_ops.h5,SVI04_npp_d20250830_t1814301_e1815542_b71723_c20250830194207485000_oeac_ops.dspace_rad,,eez_v11.shp,WPP_BFAR_merge.shp,vbd_mpa_r20170830.shp,VNF-VBD_npp_20120301-20151231_global_asia-enhanced_c201607211230.bitmask,vbd_landsea_r20220824.mask,timezone.shp,VBD_platforms-recurring_2015_r20170330.shp,999999,VBD_bridges_c20160811.shp,13.103016;11.269409;8.812280;3.958795;6.255141;8.201997,96.038063;110.048721;123.751022;122.491997;108.912346;95.112503,npp_d20250830_t1814301_e1815542_b71723;npp_d20250830_t1815555_e1817196_b71723;npp_d20250830_t1817209_e1818451_b71723;npp_d20250830_t1818463_e1820105_b71723,154.706,45.7435,38.4863,98.6283,120.325,-114.267
322,VBD_npp_d20250830_t1815202_x1043237E_y090553N_l0456_s1285_v23,2025-08-30 20:43:22,9.055253,104.323738,3.58207,2025-08-30 18:15:20,2025-08-31 01:15:20,456,1285,0.391463,1,2401,0.260812,0.055,0.886274,0.4,0.885761,0.75,3.43795e-18,0.0001,7.11173e-13,999999,999999,3,Vietnamese Exclusive Economic Zone,,,SVDNB_npp_d20250830_t1814301_e1815542_b71723_c20250830194159405000_oeac_ops.h5,GDNBO_npp_d20250830_t1814301_e1815542_b71723_c20250830193935163000_oeac_ops.h5,SVI04_npp_d20250830_t1814301_e1815542_b71723_c20250830194207485000_oeac_ops.dspace_rad,,eez_v11.shp,WPP_BFAR_merge.shp,vbd_mpa_r20170830.shp,VNF-VBD_npp_20120301-20151231_global_asia-enhanced_c201607211230.bitmask,vbd_landsea_r20220824.mask,timezone.shp,VBD_platforms-recurring_2015_r20170330.shp,999999,VBD_bridges_c20160811.shp,13.103016;11.269409;8.812280;3.958795;6.255141;8.201997,96.038063;110.048721;123.751022;122.491997;108.912346;95.112503,npp_d20250830_t1814301_e1815542_b71723;npp_d20250830_t1815555_e1817196_b71723;npp_d20250830_t1817209_e1818451_b71723;npp_d20250830_t1818463_e1820105_b71723,154.74,45.8172,38.4457,98.0873,120.305,-114.292
323,VBD_npp_d20250830_t1815308_x1041814E_y083747N_l0560_s1285_v23,2025-08-30 20:43:22,8.374724,104.181419,7.47218,2025-08-30 18:15:30,2025-08-31 01:15:30,560,1285,0.408819,1,2401,0.500669,0.055,0.819825,0.4,0.969151,0.75,4.86436e-18,0.0001,6.65118e-13,999999,999999,3,Vietnamese Exclusive Economic Zone,,,SVDNB_npp_d20250830_t1814301_e1815542_b71723_c20250830194159405000_oeac_ops.h5,GDNBO_npp_d20250830_t1814301_e1815542_b71723_c20250830193935163000_oeac_ops.h5,SVI04_npp_d20250830_t1814301_e1815542_b71723_c20250830194207485000_oeac_ops.dspace_rad,,eez_v11.shp,WPP_BFAR_merge.shp,vbd_mpa_r20170830.shp,VNF-VBD_npp_20120301-20151231_global_asia-enhanced_c201607211230.bitmask,vbd_landsea_r20220824.mask,timezone.shp,VBD_platforms-recurring_2015_r20170330.shp,999999,VBD_bridges_c20160811.shp,13.103016;11.269409;8.812280;3.958795;6.255141;8.201997,96.038063;110.048721;123.751022;122.491997;108.912346;95.112503,npp_d20250830_t1814301_e1815542_b71723;npp_d20250830_t1815555_e1817196_b71723;npp_d20250830_t1817209_e1818451_b71723;npp_d20250830_t1818463_e1820105_b71723,155.281,46.7141,38.4471,97.512,119.936,-114.633
324,VBD_npp_d20250830_t1815184_x1043465E_y091107N_l0447_s1286_v23,2025-08-30 20:43:22,9.110738,104.346535,6.37574,2025-08-30 18:15:18,2025-08-31 01:15:18,447,1286,0.406401,1,2401,0.391037,0.055,0.899653,0.4,0.895966,0.75,3.36697e-18,0.0001,6.94874e-13,999999,999999,3,Vietnamese Exclusive Economic Zone,,,SVDNB_npp_d20250830_t1814301_e1815542_b71723_c20250830194159405000_oeac_ops.h5,GDNBO_npp_d20250830_t1814301_e1815542_b71723_c20250830193935163000_oeac_ops.h5,SVI04_npp_d20250830_t1814301_e1815542_b71723_c20250830194207485000_oeac_ops.dspace_rad,,eez_v11.shp,WPP_BFAR_merge.shp,vbd_mpa_r20170830.shp,VNF-VBD_npp_20120301-20151231_global_asia-enhanced_c201607211230.bitmask,vbd_landsea_r20220824.mask,timezone.shp,VBD_platforms-recurring_2015_r20170330.shp,999999,VBD_bridges_c20160811.shp,13.103016;11.269409;8.812280;3.958795;6.255141;8.201997,96.038063;110.048721;123.751022;122.491997;108.912346;95.112503,npp_d20250830_t1814301_e1815542_b71723;npp_d20250830_t1815555_e1817196_b71723;npp_d20250830_t1817209_e1818451_b71723;npp_d20250830_t1818463_e1820105_b71723,154.691,45.7579,38.4044,97.5372,120.341,-114.264
325,VBD_npp_d20250830_t1815202_x1043356E_y090883N_l0451_s1286_v23,2025-08-30 20:43:22,9.088342,104.335579,6.62932,2025-08-30 18:15:20,2025-08-31 01:15:20,451,1286,0.409531,1,2401,0.390255,0.055,0.902742,0.4,0.862212,0.75,3.38796e-18,0.0001,7.20822e-13,999999,999999,3,Vietnamese Exclusive Economic Zone,,,SVDNB_npp_d20250830_t1814301_e1815542_b71723_c20250830194159405000_oeac_ops.h5,GDNBO_npp_d20250830_t1814301_e1815542_b71723_c20250830193935163000_oeac_ops.h5,SVI04_npp_d20250830_t1814301_e1815542_b71723_c20250830194207485000_oeac_ops.dspace_rad,,eez_v11.shp,WPP_BFAR_merge.shp,vbd_mpa_r20170830.shp,VNF-VBD_npp_20120301-20151231_global_asia-enhanced_c201607211230.bitmask,vbd_landsea_r20220824.mask,timezone.shp,VBD_platforms-recurring_2015_r20170330.shp,999999,VBD_bridges_c20160811.shp,13.103016;11.269409;8.812280;3.958795;6.255141;8.201997,96.038063;110.048721;123.751022;122.491997;108.912346;95.112503,npp_d20250830_t1814301_e1815542_b71723;npp_d20250830_t1815555_e1817196_b71723;npp_d20250830_t1817209_e1818451_b71723;npp_d20250830_t1818463_e1820105_b71723,154.709,45.7861,38.4054,98.4762,120.329,-114.276
326,VBD_npp_d20250830_t1815326_x1041809E_y083714N_l0561_s1286_v23,2025-08-30 20:43:22,8.371407,104.180885,7.65303,2025-08-30 18:15:32,2025-08-31 01:15:32,561,1286,0.407966,1,2401,0.48411,0.055,0.819825,0.4,0.930046,0.75,4.84702e-18,0.0001,6.93171e-13,999999,999999,3,Vietnamese Exclusive Economic Zone,,,SVDNB_npp_d20250830_t1814301_e1815542_b71723_c20250830194159405000_oeac_ops.h5,GDNBO_npp_d20250830_t1814301_e1815542_b71723_c20250830193935163000_oeac_ops.h5,SVI04_npp_d20250830_t1814301_e1815542_b71723_c20250830194207485000_oeac_ops.dspace_rad,,eez_v11.shp,WPP_BFAR_merge.shp,vbd_mpa_r20170830.shp,VNF-VBD_npp_20120301-20151231_global_asia-enhanced_c201607211230.bitmask,vbd_landsea_r20220824.mask,timezone.shp,VBD_platforms-recurring_2015_r20170330.shp,999999,VBD_bridges_c20160811.shp,13.103016;11.269409;8.812280;3.958795;6.255141;8.201997,96.038063;110.048721;123.751022;122.491997;108.912346;95.112503,npp_d20250830_t1814301_e1815542_b71723;npp_d20250830_t1815555_e1817196_b71723;npp_d20250830_t1817209_e1818451_b71723;npp_d20250830_t1818463_e1820105_b71723,155.278,46.7305,38.404,98.6806,119.941,-114.635
327,VBD_npp_d20250830_t1815006_x1045847E_y102080N_l0279_s1287_v23,2025-08-30 20:43:22,10.208025,104.584724,2.58179,2025-08-30 18:15:00,2025-08-31 01:15:00,279,1287,0.392175,1,2401,0.203216,0.055,0.830826,0.4,0.842861,0.75,2.04773e-18,0.0001,7.58834e-13,999999,999999,1,Vietnamese Exclusive Economic Zone,,,SVDNB_npp_d20250830_t1814301_e1815542_b71723_c20250830194159405000_oeac_ops.h5,GDNBO_npp_d20250830_t1814301_e1815542_b71723_c20250830193935163000_oeac_ops.h5,SVI04_npp_d20250830_t1814301_e1815542_b71723_c20250830194207485000_oeac_ops.dspace_rad,,eez_v11.shp,WPP_BFAR_merge.shp,vbd_mpa_r20170830.shp,VNF-VBD_npp_20120301-20151231_global_asia-enhanced_c201607211230.bitmask,vbd_landsea_r20220824.mask,timezone.shp,VBD_platforms-recurring_2015_r20170330.shp,999999,VBD_bridges_c20160811.shp,13.103016;11.269409;8.812280;3.958795;6.255141;8.201997,96.038063;110.048721;123.751022;122.491997;108.912346;95.112503,npp_d20250830_t1814301_e1815542_b71723;npp_d20250830_t1815555_e1817196_b71723;npp_d20250830_t1817209_e1818451_b71723;npp_d20250830_t1818463_e1820105_b71723,153.801,44.4113,38.362,98.0908,120.932,-113.698
328,VBD_npp_d20250830_t1815184_x1043682E_y091633N_l0439_s1288_v23,2025-08-30 20:43:22,9.163281,104.368225,5.55431,2025-08-30 18:15:18,2025-08-31 01:15:18,439,1288,0.401991,1,2401,0.374468,0.055,0.872819,0.4,0.893235,0.75,3.27869e-18,0.0001,7.08672e-13,999999,999999,3,Vietnamese Exclusive Economic Zone,,,SVDNB_npp_d20250830_t1814301_e1815542_b71723_c20250830194159405000_oeac_ops.h5,GDNBO_npp_d20250830_t1814301_e1815542_b71723_c20250830193935163000_oeac_ops.h5,SVI04_npp_d20250830_t1814301_e1815542_b71723_c20250830194207485000_oeac_ops.dspace_rad,,eez_v11.shp,WPP_BFAR_merge.shp,vbd_mpa_r20170830.shp,VNF-VBD_npp_20120301-20151231_global_asia-enhanced_c201607211230.bitmask,vbd_landsea_r20220824.mask,timezone.shp,VBD_platforms-recurring_2015_r20170330.shp,999999,VBD_bridges_c20160811.shp,13.103016;11.269409;8.812280;3.958795;6.255141;8.201997,96.038063;110.048721;123.751022;122.491997;108.912346;95.112503,npp_d20250830_t1814301_e1815542_b71723;npp_d20250830_t1815555_e1817196_b71723;npp_d20250830_t1817209_e1818451_b71723;npp_d20250830_t1818463_e1820105_b71723,154.639,45.7134,38.3214,98.16,120.382,-114.239
329,VBD_npp_d20250830_t1815202_x1043571E_y090922N_l0450_s1289_v23,2025-08-30 20:43:22,9.092164,104.357063,1.83853,2025-08-30 18:15:20,2025-08-31 01:15:20,450,1289,0.412518,7,2337,0.103116,0.055,0.909761,0.4,0.712443,0.75,3.31207e-18,0.0001,7.13983e-13,999999,999999,3,,,,SVDNB_npp_d20250830_t1814301_e1815542_b71723_c20250830194159405000_oeac_ops.h5,GDNBO_npp_d20250830_t1814301_e1815542_b71723_c20250830193935163000_oeac_ops.h5,SVI04_npp_d20250830_t1814301_e1815542_b71723_c20250830194207485000_oeac_ops.dspace_rad,,eez_v11.shp,WPP_BFAR_merge.shp,vbd_mpa_r20170830.shp,VNF-VBD_npp_20120301-20151231_global_asia-enhanced_c201607211230.bitmask,vbd_landsea_r20220824.mask,timezone.shp,VBD_platforms-recurring_2015_r20170330.shp,999999,VBD_bridges_c20160811.shp,13.103016;11.269409;8.812280;3.958795;6.255141;8.201997,96.038063;110.048721;123.751022;122.491997;108.912346;95.112503,npp_d20250830_t1814301_e1815542_b71723;npp_d20250830_t1815555_e1817196_b71723;npp_d20250830_t1817209_e1818451_b71723;npp_d20250830_t1818463_e1820105_b71723,154.691,45.815,38.285,98.5581,120.349,-114.275
330,VBD_npp_d20250830_t1815202_x1043540E_y090718N_l0453_s1289_v23,2025-08-30 20:43:22,9.071759,104.354012,5.42429,2025-08-30 18:15:20,2025-08-31 01:15:20,453,1289,0.404623,1,2401,0.329291,0.055,0.907756,0.4,0.857924,0.75,3.32749e-18,0.0001,7.06384e-13,999999,999999,3,Vietnamese Exclusive Economic Zone,,,SVDNB_npp_d20250830_t1814301_e1815542_b71723_c20250830194159405000_oeac_ops.h5,GDNBO_npp_d20250830_t1814301_e1815542_b71723_c20250830193935163000_oeac_ops.h5,SVI04_npp_d20250830_t1814301_e1815542_b71723_c20250830194207485000_oeac_ops.dspace_rad,,eez_v11.shp,WPP_BFAR_merge.shp,vbd_mpa_r20170830.shp,VNF-VBD_npp_20120301-20151231_global_asia-enhanced_c201607211230.bitmask,vbd_landsea_r20220824.mask,timezone.shp,VBD_platforms-recurring_2015_r20170330.shp,999999,VBD_bridges_c20160811.shp,13.103016;11.269409;8.812280;3.958795;6.255141;8.201997,96.038063;110.048721;123.751022;122.491997;108.912346;95.112503,npp_d20250830_t1814301_e1815542_b71723;npp_d20250830_t1815555_e1817196_b71723;npp_d20250830_t1817209_e1818451_b71723;npp_d20250830_t1818463_e1820105_b71723,154.707,45.8411,38.2847,98.3248,120.338,-114.286
331,VBD_npp_d20250830_t1815184_x1043749E_y091137N_l0446_s1290_v23,2025-08-30 20:43:22,9.113716,104.374870,2.55473,2025-08-30 18:15:18,2025-08-31 01:15:18,446,1290,0.404765,1,2401,0.190097,0.055,0.897904,0.4,0.813168,0.75,3.27215e-18,0.0001,6.85385e-13,999999,999999,3,Vietnamese Exclusive Economic Zone,,,SVDNB_npp_d20250830_t1814301_e1815542_b71723_c20250830194159405000_oeac_ops.h5,GDNBO_npp_d20250830_t1814301_e1815542_b71723_c20250830193935163000_oeac_ops.h5,SVI04_npp_d20250830_t1814301_e1815542_b71723_c20250830194207485000_oeac_ops.dspace_rad,,eez_v11.shp,WPP_BFAR_merge.shp,vbd_mpa_r20170830.shp,VNF-VBD_npp_20120301-20151231_global_asia-enhanced_c201607211230.bitmask,vbd_landsea_r20220824.mask,timezone.shp,VBD_platforms-recurring_2015_r20170330.shp,999999,VBD_bridges_c20160811.shp,13.103016;11.269409;8.812280;3.958795;6.255141;8.201997,96.038063;110.048721;123.751022;122.491997;108.912346;95.112503,npp_d20250830_t1814301_e1815542_b71723;npp_d20250830_t1815555_e1817196_b71723;npp_d20250830_t1817209_e1818451_b71723;npp_d20250830_t1818463_e1820105_b71723,154.669,45.7991,38.243,97.6173,120.368,-114.265
332,VBD_npp_d20250830_t1815255_x1042947E_y087644N_l0500_s1290_v23,2025-08-30 20:43:22,8.764367,104.294724,5.00491,2025-08-30 18:15:25,2025-08-31 01:15:25,500,1290,0.409459,1,2401,0.379767,0.055,0.816189,0.4,0.948141,0.75,3.75189e-18,0.0001,6.92131e-13,999999,999999,3,Vietnamese Exclusive Economic Zone,,,SVDNB_npp_d20250830_t1814301_e1815542_b71723_c20250830194159405000_oeac_ops.h5,GDNBO_npp_d20250830_t1814301_e1815542_b71723_c20250830193935163000_oeac_ops.h5,SVI04_npp_d20250830_t1814301_e1815542_b71723_c20250830194207485000_oeac_ops.dspace_rad,,eez_v11.shp,WPP_BFAR_merge.shp,vbd_mpa_r20170830.shp,VNF-VBD_npp_20120301-20151231_global_asia-enhanced_c201607211230.bitmask,vbd_landsea_r20220824.mask,timezone.shp,VBD_platforms-recurring_2015_r20170330.shp,999999,VBD_bridges_c20160811.shp,13.103016;11.269409;8.812280;3.958795;6.255141;8.201997,96.038063;110.048721;123.751022;122.491997;108.912346;95.112503,npp_d20250830_t1814301_e1815542_b71723;npp_d20250830_t1815555_e1817196_b71723;npp_d20250830_t1817209_e1818451_b71723;npp_d20250830_t1818463_e1820105_b71723,154.947,46.2522,38.2437,98.4238,120.179,-114.441
333,VBD_npp_d20250830_t1815006_x1046031E_y101430N_l0288_s1291_v23,2025-08-30 20:43:22,10.142958,104.603142,4.36383,2025-08-30 18:15:00,2025-08-31 01:15:00,288,1291,0.391037,1,2401,0.318299,0.055,0.752033,0.4,0.788003,0.75,2.056e-18,0.0001,7.2149e-13,999999,999999,1,Vietnamese Exclusive Economic Zone,,,SVDNB_npp_d20250830_t1814301_e1815542_b71723_c20250830194159405000_oeac_ops.h5,GDNBO_npp_d20250830_t1814301_e1815542_b71723_c20250830193935163000_oeac_ops.h5,SVI04_npp_d20250830_t1814301_e1815542_b71723_c20250830194207485000_oeac_ops.dspace_rad,,eez_v11.shp,WPP_BFAR_merge.shp,vbd_mpa_r20170830.shp,VNF-VBD_npp_20120301-20151231_global_asia-enhanced_c201607211230.bitmask,vbd_landsea_r20220824.mask,timezone.shp,VBD_platforms-recurring_2015_r20170330.shp,999999,VBD_bridges_c20160811.shp,13.103016;11.269409;8.812280;3.958795;6.255141;8.201997,96.038063;110.048721;123.751022;122.491997;108.912346;95.112503,npp_d20250830_t1814301_e1815542_b71723;npp_d20250830_t1815555_e1817196_b71723;npp_d20250830_t1817209_e1818451_b71723;npp_d20250830_t1818463_e1820105_b71723,153.835,44.5336,38.2044,97.3943,120.923,-113.734
334,VBD_npp_d20250830_t1815202_x1043686E_y090766N_l0452_s1291_v23,2025-08-30 20:43:22,9.076584,104.368645,4.94213,2025-08-30 18:15:20,2025-08-31 01:15:20,452,1291,0.40889,1,2401,0.307215,0.055,0.908848,0.4,0.847945,0.75,3.28902e-18,0.0001,7.02785e-13,999999,999999,3,Vietnamese Exclusive Economic Zone,,,SVDNB_npp_d20250830_t1814301_e1815542_b71723_c20250830194159405000_oeac_ops.h5,GDNBO_npp_d20250830_t1814301_e1815542_b71723_c20250830193935163000_oeac_ops.h5,SVI04_npp_d20250830_t1814301_e1815542_b71723_c20250830194207485000_oeac_ops.dspace_rad,,eez_v11.shp,WPP_BFAR_merge.shp,vbd_mpa_r20170830.shp,VNF-VBD_npp_20120301-20151231_global_asia-enhanced_c201607211230.bitmask,vbd_landsea_r20220824.mask,timezone.shp,VBD_platforms-recurring_2015_r20170330.shp,999999,VBD_bridges_c20160811.shp,13.103016;11.269409;8.812280;3.958795;6.255141;8.201997,96.038063;110.048721;123.751022;122.491997;108.912346;95.112503,npp_d20250830_t1814301_e1815542_b71723;npp_d20250830_t1815555_e1817196_b71723;npp_d20250830_t1817209_e1818451_b71723;npp_d20250830_t1818463_e1820105_b71723,154.694,45.8574,38.2043,98.4052,120.353,-114.284
335,VBD_npp_d20250830_t1815202_x1043764E_y090824N_l0451_s1292_v23,2025-08-30 20:43:22,9.082391,104.376442,18.2354,2025-08-30 18:15:20,2025-08-31 01:15:20,451,1292,0.408606,1,2401,0.73262,0.055,0.908848,0.4,0.958417,0.75,3.27016e-18,0.0001,7.02249e-13,999999,999999,3,Vietnamese Exclusive Economic Zone,,,SVDNB_npp_d20250830_t1814301_e1815542_b71723_c20250830194159405000_oeac_ops.h5,GDNBO_npp_d20250830_t1814301_e1815542_b71723_c20250830193935163000_oeac_ops.h5,SVI04_npp_d20250830_t1814301_e1815542_b71723_c20250830194207485000_oeac_ops.dspace_rad,,eez_v11.shp,WPP_BFAR_merge.shp,vbd_mpa_r20170830.shp,VNF-VBD_npp_20120301-20151231_global_asia-enhanced_c201607211230.bitmask,vbd_landsea_r20220824.mask,timezone.shp,VBD_platforms-recurring_2015_r20170330.shp,999999,VBD_bridges_c20160811.shp,13.103016;11.269409;8.812280;3.958795;6.255141;8.201997,96.038063;110.048721;123.751022;122.491997;108.912346;95.112503,npp_d20250830_t1814301_e1815542_b71723;npp_d20250830_t1815555_e1817196_b71723;npp_d20250830_t1817209_e1818451_b71723;npp_d20250830_t1818463_e1820105_b71723,154.684,45.8612,38.1642,98.4845,120.363,-114.282
336,VBD_npp_d20250830_t1815308_x1042301E_y083748N_l0559_s1292_v23,2025-08-30 20:43:22,8.374816,104.230125,2.68134,2025-08-30 18:15:30,2025-08-31 01:15:30,559,1292,0.403627,1,2401,0.210033,0.055,0.780299,0.4,0.879369,0.75,4.64716e-18,0.0001,6.47908e-13,999999,999999,3,Vietnamese Exclusive Economic Zone,,,SVDNB_npp_d20250830_t1814301_e1815542_b71723_c20250830194159405000_oeac_ops.h5,GDNBO_npp_d20250830_t1814301_e1815542_b71723_c20250830193935163000_oeac_ops.h5,SVI04_npp_d20250830_t1814301_e1815542_b71723_c20250830194207485000_oeac_ops.dspace_rad,,eez_v11.shp,WPP_BFAR_merge.shp,vbd_mpa_r20170830.shp,VNF-VBD_npp_20120301-20151231_global_asia-enhanced_c201607211230.bitmask,vbd_landsea_r20220824.mask,timezone.shp,VBD_platforms-recurring_2015_r20170330.shp,999999,VBD_bridges_c20160811.shp,13.103016;11.269409;8.812280;3.958795;6.255141;8.201997,96.038063;110.048721;123.751022;122.491997;108.912346;95.112503,npp_d20250830_t1814301_e1815542_b71723;npp_d20250830_t1815555_e1817196_b71723;npp_d20250830_t1817209_e1818451_b71723;npp_d20250830_t1818463_e1820105_b71723,155.245,46.7927,38.1652,97.5928,119.98,-114.637
337,VBD_npp_d20250830_t1815184_x1043962E_y091176N_l0445_s1293_v23,2025-08-30 20:43:22,9.117648,104.396240,20.9724,2025-08-30 18:15:18,2025-08-31 01:15:18,445,1293,0.40071,1,2401,0.810468,0.055,0.905638,0.4,0.959829,0.75,3.22611e-18,0.0001,6.79031e-13,999999,999999,3,Vietnamese Exclusive Economic Zone,,,SVDNB_npp_d20250830_t1814301_e1815542_b71723_c20250830194159405000_oeac_ops.h5,GDNBO_npp_d20250830_t1814301_e1815542_b71723_c20250830193935163000_oeac_ops.h5,SVI04_npp_d20250830_t1814301_e1815542_b71723_c20250830194207485000_oeac_ops.dspace_rad,,eez_v11.shp,WPP_BFAR_merge.shp,vbd_mpa_r20170830.shp,VNF-VBD_npp_20120301-20151231_global_asia-enhanced_c201607211230.bitmask,vbd_landsea_r20220824.mask,timezone.shp,VBD_platforms-recurring_2015_r20170330.shp,999999,VBD_bridges_c20160811.shp,13.103016;11.269409;8.812280;3.958795;6.255141;8.201997,96.038063;110.048721;123.751022;122.491997;108.912346;95.112503,npp_d20250830_t1814301_e1815542_b71723;npp_d20250830_t1815555_e1817196_b71723;npp_d20250830_t1817209_e1818451_b71723;npp_d20250830_t1818463_e1820105_b71723,154.651,45.8277,38.122,97.6972,120.388,-114.264
338,VBD_npp_d20250830_t1815184_x1043932E_y090973N_l0448_s1293_v23,2025-08-30 20:43:22,9.097275,104.393234,2.60457,2025-08-30 18:15:18,2025-08-31 01:15:18,448,1293,0.408819,7,2337,0.179941,0.055,0.914193,0.4,0.748298,0.75,3.24125e-18,0.0001,6.71944e-13,999999,999999,3,,,,SVDNB_npp_d20250830_t1814301_e1815542_b71723_c20250830194159405000_oeac_ops.h5,GDNBO_npp_d20250830_t1814301_e1815542_b71723_c20250830193935163000_oeac_ops.h5,SVI04_npp_d20250830_t1814301_e1815542_b71723_c20250830194207485000_oeac_ops.dspace_rad,,eez_v11.shp,WPP_BFAR_merge.shp,vbd_mpa_r20170830.shp,VNF-VBD_npp_20120301-20151231_global_asia-enhanced_c201607211230.bitmask,vbd_landsea_r20220824.mask,timezone.shp,VBD_platforms-recurring_2015_r20170330.shp,999999,VBD_bridges_c20160811.shp,13.103016;11.269409;8.812280;3.958795;6.255141;8.201997,96.038063;110.048721;123.751022;122.491997;108.912346;95.112503,npp_d20250830_t1814301_e1815542_b71723;npp_d20250830_t1815555_e1817196_b71723;npp_d20250830_t1817209_e1818451_b71723;npp_d20250830_t1818463_e1820105_b71723,154.667,45.8537,38.1236,97.463,120.377,-114.275
339,VBD_npp_d20250830_t1815308_x1042429E_y084146N_l0553_s1293_v23,2025-08-30 20:43:22,8.414606,104.242943,2.76313,2025-08-30 18:15:30,2025-08-31 01:15:30,553,1293,0.349567,2,2337,0.182578,0.055,0.707581,0.4,0.744805,0.75,4.53376e-18,0.0001,6.58643e-13,999999,999999,3,Vietnamese Exclusive Economic Zone,,,SVDNB_npp_d20250830_t1814301_e1815542_b71723_c20250830194159405000_oeac_ops.h5,GDNBO_npp_d20250830_t1814301_e1815542_b71723_c20250830193935163000_oeac_ops.h5,SVI04_npp_d20250830_t1814301_e1815542_b71723_c20250830194207485000_oeac_ops.dspace_rad,,eez_v11.shp,WPP_BFAR_merge.shp,vbd_mpa_r20170830.shp,VNF-VBD_npp_20120301-20151231_global_asia-enhanced_c201607211230.bitmask,vbd_landsea_r20220824.mask,timezone.shp,VBD_platforms-recurring_2015_r20170330.shp,999999,VBD_bridges_c20160811.shp,13.103016;11.269409;8.812280;3.958795;6.255141;8.201997,96.038063;110.048721;123.751022;122.491997;108.912346;95.112503,npp_d20250830_t1814301_e1815542_b71723;npp_d20250830_t1815555_e1817196_b71723;npp_d20250830_t1817209_e1818451_b71723;npp_d20250830_t1818463_e1820105_b71723,155.209,46.7506,38.1227,98.0615,120.008,-114.618
340,VBD_npp_d20250830_t1815006_x1046372E_y101383N_l0288_s1296_v23,2025-08-30 20:43:22,10.138260,104.637215,2.80382,2025-08-30 18:15:00,2025-08-31 01:15:00,288,1296,0.398078,2,2337,0.161192,0.055,0.722605,0.4,0.718366,0.75,2.01286e-18,0.0001,7.06024e-13,999999,999999,1,Vietnamese Exclusive Economic Zone,,,SVDNB_npp_d20250830_t1814301_e1815542_b71723_c20250830194159405000_oeac_ops.h5,GDNBO_npp_d20250830_t1814301_e1815542_b71723_c20250830193935163000_oeac_ops.h5,SVI04_npp_d20250830_t1814301_e1815542_b71723_c20250830194207485000_oeac_ops.dspace_rad,,eez_v11.shp,WPP_BFAR_merge.shp,vbd_mpa_r20170830.shp,VNF-VBD_npp_20120301-20151231_global_asia-enhanced_c201607211230.bitmask,vbd_landsea_r20220824.mask,timezone.shp,VBD_platforms-recurring_2015_r20170330.shp,999999,VBD_bridges_c20160811.shp,13.103016;11.269409;8.812280;3.958795;6.255141;8.201997,96.038063;110.048721;123.751022;122.491997;108.912346;95.112503,npp_d20250830_t1814301_e1815542_b71723;npp_d20250830_t1815555_e1817196_b71723;npp_d20250830_t1817209_e1818451_b71723;npp_d20250830_t1818463_e1820105_b71723,153.815,44.5949,38.0036,97.3973,120.952,-113.738
341,VBD_npp_d20250830_t1815202_x1044006E_y090581N_l0454_s1296_v23,2025-08-30 20:43:22,9.058087,104.400604,11.4536,2025-08-30 18:15:20,2025-08-31 01:15:20,454,1296,0.407112,1,2401,0.601173,0.055,0.893556,0.4,0.947247,0.75,3.23003e-18,0.0001,6.8305e-13,999999,999999,3,Vietnamese Exclusive Economic Zone,,,SVDNB_npp_d20250830_t1814301_e1815542_b71723_c20250830194159405000_oeac_ops.h5,GDNBO_npp_d20250830_t1814301_e1815542_b71723_c20250830193935163000_oeac_ops.h5,SVI04_npp_d20250830_t1814301_e1815542_b71723_c20250830194207485000_oeac_ops.dspace_rad,,eez_v11.shp,WPP_BFAR_merge.shp,vbd_mpa_r20170830.shp,VNF-VBD_npp_20120301-20151231_global_asia-enhanced_c201607211230.bitmask,vbd_landsea_r20220824.mask,timezone.shp,VBD_platforms-recurring_2015_r20170330.shp,999999,VBD_bridges_c20160811.shp,13.103016;11.269409;8.812280;3.958795;6.255141;8.201997,96.038063;110.048721;123.751022;122.491997;108.912346;95.112503,npp_d20250830_t1814301_e1815542_b71723;npp_d20250830_t1815555_e1817196_b71723;npp_d20250830_t1817209_e1818451_b71723;npp_d20250830_t1818463_e1820105_b71723,154.684,45.937,38.0034,98.2552,120.374,-114.296
342,VBD_npp_d20250830_t1815308_x1042805E_y083884N_l0556_s1299_v23,2025-08-30 20:43:22,8.388446,104.280518,3.84491,2025-08-30 18:15:30,2025-08-31 01:15:30,556,1299,0.384777,1,2401,0.296389,0.055,0.754766,0.4,0.891802,0.75,4.46449e-18,0.0001,6.35801e-13,999999,999999,3,Vietnamese Exclusive Economic Zone,,,SVDNB_npp_d20250830_t1814301_e1815542_b71723_c20250830194159405000_oeac_ops.h5,GDNBO_npp_d20250830_t1814301_e1815542_b71723_c20250830193935163000_oeac_ops.h5,SVI04_npp_d20250830_t1814301_e1815542_b71723_c20250830194207485000_oeac_ops.dspace_rad,,eez_v11.shp,WPP_BFAR_merge.shp,vbd_mpa_r20170830.shp,VNF-VBD_npp_20120301-20151231_global_asia-enhanced_c201607211230.bitmask,vbd_landsea_r20220824.mask,timezone.shp,VBD_platforms-recurring_2015_r20170330.shp,999999,VBD_bridges_c20160811.shp,13.103016;11.269409;8.812280;3.958795;6.255141;8.201997,96.038063;110.048721;123.751022;122.491997;108.912346;95.112503,npp_d20250830_t1814301_e1815542_b71723;npp_d20250830_t1815555_e1817196_b71723;npp_d20250830_t1817209_e1818451_b71723;npp_d20250830_t1818463_e1820105_b71723,155.2,46.8524,37.8826,97.8313,120.03,-114.634
343,VBD_npp_d20250830_t1815237_x1044040E_y088011N_l0492_s1304_v23,2025-08-30 20:43:22,8.801076,104.403969,5.37046,2025-08-30 18:15:23,2025-08-31 01:15:23,492,1304,0.410882,1,2401,0.355562,0.055,0.785773,0.4,0.86128,0.75,3.41337e-18,0.0001,6.38815e-13,999999,999999,3,Vietnamese Exclusive Economic Zone,,,SVDNB_npp_d20250830_t1814301_e1815542_b71723_c20250830194159405000_oeac_ops.h5,GDNBO_npp_d20250830_t1814301_e1815542_b71723_c20250830193935163000_oeac_ops.h5,SVI04_npp_d20250830_t1814301_e1815542_b71723_c20250830194207485000_oeac_ops.dspace_rad,,eez_v11.shp,WPP_BFAR_merge.shp,vbd_mpa_r20170830.shp,VNF-VBD_npp_20120301-20151231_global_asia-enhanced_c201607211230.bitmask,vbd_landsea_r20220824.mask,timezone.shp,VBD_platforms-recurring_2015_r20170330.shp,999999,VBD_bridges_c20160811.shp,13.103016;11.269409;8.812280;3.958795;6.255141;8.201997,96.038063;110.048721;123.751022;122.491997;108.912346;95.112503,npp_d20250830_t1814301_e1815542_b71723;npp_d20250830_t1815555_e1817196_b71723;npp_d20250830_t1817209_e1818451_b71723;npp_d20250830_t1818463_e1820105_b71723,154.849,46.3595,37.6822,97.8064,120.285,-114.43
344,VBD_npp_d20250830_t1815308_x1043620E_y083837N_l0555_s1311_v23,2025-08-30 20:43:22,8.383699,104.361954,3.70772,2025-08-30 18:15:30,2025-08-31 01:15:30,555,1311,0.348429,1,2401,0.281362,0.055,0.750543,0.4,0.911604,0.75,4.21767e-18,0.0001,6.07687e-13,999999,999999,3,Vietnamese Exclusive Economic Zone,,,SVDNB_npp_d20250830_t1814301_e1815542_b71723_c20250830194159405000_oeac_ops.h5,GDNBO_npp_d20250830_t1814301_e1815542_b71723_c20250830193935163000_oeac_ops.h5,SVI04_npp_d20250830_t1814301_e1815542_b71723_c20250830194207485000_oeac_ops.dspace_rad,,eez_v11.shp,WPP_BFAR_merge.shp,vbd_mpa_r20170830.shp,VNF-VBD_npp_20120301-20151231_global_asia-enhanced_c201607211230.bitmask,vbd_landsea_r20220824.mask,timezone.shp,VBD_platforms-recurring_2015_r20170330.shp,999999,VBD_bridges_c20160811.shp,13.103016;11.269409;8.812280;3.958795;6.255141;8.201997,96.038063;110.048721;123.751022;122.491997;108.912346;95.112503,npp_d20250830_t1814301_e1815542_b71723;npp_d20250830_t1815555_e1817196_b71723;npp_d20250830_t1817209_e1818451_b71723;npp_d20250830_t1818463_e1820105_b71723,155.144,46.9907,37.4012,97.9184,120.101,-114.643
345,VBD_npp_d20250830_t1815113_x1046446E_y095884N_l0370_s1315_v23,2025-08-30 20:43:22,9.588375,104.644630,1.84095,2025-08-30 18:15:11,2025-08-31 01:15:11,370,1315,0.387907,1,2401,0.138536,0.055,0.483189,0.4,0.798898,0.75,2.5266e-18,0.0001,6.60349e-13,999999,999999,3,Vietnamese Exclusive Economic Zone,,,SVDNB_npp_d20250830_t1814301_e1815542_b71723_c20250830194159405000_oeac_ops.h5,GDNBO_npp_d20250830_t1814301_e1815542_b71723_c20250830193935163000_oeac_ops.h5,SVI04_npp_d20250830_t1814301_e1815542_b71723_c20250830194207485000_oeac_ops.dspace_rad,,eez_v11.shp,WPP_BFAR_merge.shp,vbd_mpa_r20170830.shp,VNF-VBD_npp_20120301-20151231_global_asia-enhanced_c201607211230.bitmask,vbd_landsea_r20220824.mask,timezone.shp,VBD_platforms-recurring_2015_r20170330.shp,999999,VBD_bridges_c20160811.shp,13.103016;11.269409;8.812280;3.958795;6.255141;8.201997,96.038063;110.048721;123.751022;122.491997;108.912346;95.112503,npp_d20250830_t1814301_e1815542_b71723;npp_d20250830_t1815555_e1817196_b71723;npp_d20250830_t1817209_e1818451_b71723;npp_d20250830_t1818463_e1820105_b71723,154.167,45.4754,37.2392,98.5622,120.776,-114.033
346,VBD_npp_d20250830_t1815308_x1043992E_y084058N_l0551_s1316_v23,2025-08-30 20:43:22,8.405820,104.399162,3.14193,2025-08-30 18:15:30,2025-08-31 01:15:30,551,1316,0.38499,1,2401,0.252626,0.055,0.757754,0.4,0.868312,0.75,4.06471e-18,0.0001,6.03831e-13,999999,999999,3,Vietnamese Exclusive Economic Zone,,,SVDNB_npp_d20250830_t1814301_e1815542_b71723_c20250830194159405000_oeac_ops.h5,GDNBO_npp_d20250830_t1814301_e1815542_b71723_c20250830193935163000_oeac_ops.h5,SVI04_npp_d20250830_t1814301_e1815542_b71723_c20250830194207485000_oeac_ops.dspace_rad,,eez_v11.shp,WPP_BFAR_merge.shp,vbd_mpa_r20170830.shp,VNF-VBD_npp_20120301-20151231_global_asia-enhanced_c201607211230.bitmask,vbd_landsea_r20220824.mask,timezone.shp,VBD_platforms-recurring_2015_r20170330.shp,999999,VBD_bridges_c20160811.shp,13.103016;11.269409;8.812280;3.958795;6.255141;8.201997,96.038063;110.048721;123.751022;122.491997;108.912346;95.112503,npp_d20250830_t1814301_e1815542_b71723;npp_d20250830_t1815555_e1817196_b71723;npp_d20250830_t1817209_e1818451_b71723;npp_d20250830_t1818463_e1820105_b71723,155.102,47.0154,37.2002,98.2408,120.144,-114.635
347,VBD_npp_d20250830_t1815540_x1041424E_y069818N_l0768_s1323_v23,2025-08-30 20:43:22,6.981764,104.142357,1.49236,2025-08-30 18:15:54,2025-08-31 01:15:54,768,1323,0.307671,7,35105,0.0592893,0.055,0.893721,0.4,0.474131,0.75,6.20968e-18,0.0001,5.26352e-13,999999,999999,3,,,,SVDNB_npp_d20250830_t1814301_e1815542_b71723_c20250830194159405000_oeac_ops.h5,GDNBO_npp_d20250830_t1814301_e1815542_b71723_c20250830193935163000_oeac_ops.h5,SVI04_npp_d20250830_t1814301_e1815542_b71723_c20250830194207485000_oeac_ops.dspace_rad,,eez_v11.shp,WPP_BFAR_merge.shp,vbd_mpa_r20170830.shp,VNF-VBD_npp_20120301-20151231_global_asia-enhanced_c201607211230.bitmask,vbd_landsea_r20220824.mask,timezone.shp,VBD_platforms-recurring_2015_r20170330.shp,999999,VBD_bridges_c20160811.shp,13.103016;11.269409;8.812280;3.958795;6.255141;8.201997,96.038063;110.048721;123.751022;122.491997;108.912346;95.112503,npp_d20250830_t1814301_e1815542_b71723;npp_d20250830_t1815555_e1817196_b71723;npp_d20250830_t1817209_e1818451_b71723;npp_d20250830_t1818463_e1820105_b71723,156.172,49.0987,36.9266,97.6117,119.401,-115.335
348,VBD_npp_d20250830_t1815273_x1044934E_y085801N_l0523_s1324_v23,2025-08-30 20:43:22,8.580052,104.493439,1.06351,2025-08-30 18:15:27,2025-08-31 01:15:27,523,1324,0.40825,3,2369,0.0713723,0.055,0.315362,0.4,0.772981,0.75,3.53199e-18,0.0001,5.8464e-13,999999,999999,3,Vietnamese Exclusive Economic Zone,,,SVDNB_npp_d20250830_t1814301_e1815542_b71723_c20250830194159405000_oeac_ops.h5,GDNBO_npp_d20250830_t1814301_e1815542_b71723_c20250830193935163000_oeac_ops.h5,SVI04_npp_d20250830_t1814301_e1815542_b71723_c20250830194207485000_oeac_ops.dspace_rad,,eez_v11.shp,WPP_BFAR_merge.shp,vbd_mpa_r20170830.shp,VNF-VBD_npp_20120301-20151231_global_asia-enhanced_c201607211230.bitmask,vbd_landsea_r20220824.mask,timezone.shp,VBD_platforms-recurring_2015_r20170330.shp,999999,VBD_bridges_c20160811.shp,13.103016;11.269409;8.812280;3.958795;6.255141;8.201997,96.038063;110.048721;123.751022;122.491997;108.912346;95.112503,npp_d20250830_t1814301_e1815542_b71723;npp_d20250830_t1815555_e1817196_b71723;npp_d20250830_t1817209_e1818451_b71723;npp_d20250830_t1818463_e1820105_b71723,154.926,46.869,36.8789,97.9141,120.287,-114.553
349,VBD_npp_d20250830_t1815273_x1045220E_y086374N_l0514_s1327_v23,2025-08-30 20:43:22,8.637425,104.522049,1.20926,2025-08-30 18:15:27,2025-08-31 01:15:27,514,1327,0.408677,10,2305,0.0772211,0.055,0.333921,0.4,0.749366,0.75,3.35994e-18,0.0001,5.95555e-13,999999,999999,3,Vietnamese Exclusive Economic Zone,,,SVDNB_npp_d20250830_t1814301_e1815542_b71723_c20250830194159405000_oeac_ops.h5,GDNBO_npp_d20250830_t1814301_e1815542_b71723_c20250830193935163000_oeac_ops.h5,SVI04_npp_d20250830_t1814301_e1815542_b71723_c20250830194207485000_oeac_ops.dspace_rad,,eez_v11.shp,WPP_BFAR_merge.shp,vbd_mpa_r20170830.shp,VNF-VBD_npp_20120301-20151231_global_asia-enhanced_c201607211230.bitmask,vbd_landsea_r20220824.mask,timezone.shp,VBD_platforms-recurring_2015_r20170330.shp,999999,VBD_bridges_c20160811.shp,13.103016;11.269409;8.812280;3.958795;6.255141;8.201997,96.038063;110.048721;123.751022;122.491997;108.912346;95.112503,npp_d20250830_t1814301_e1815542_b71723;npp_d20250830_t1815555_e1817196_b71723;npp_d20250830_t1817209_e1818451_b71723;npp_d20250830_t1818463_e1820105_b71723,154.866,46.8253,36.7585,98.6411,120.336,-114.525
350,VBD_npp_d20250830_t1815540_x1041751E_y069771N_l0768_s1328_v23,2025-08-30 20:43:22,6.977067,104.175110,131.787,2025-08-30 18:15:54,2025-08-31 01:15:54,768,1328,0.296219,4,100709,1.44767,0.055,0.897701,0.4,0.987979,0.75,6.05928e-18,0.0001,5.1673e-13,999999,999999,3,Vietnamese Exclusive Economic Zone,,,SVDNB_npp_d20250830_t1814301_e1815542_b71723_c20250830194159405000_oeac_ops.h5,GDNBO_npp_d20250830_t1814301_e1815542_b71723_c20250830193935163000_oeac_ops.h5,SVI04_npp_d20250830_t1814301_e1815542_b71723_c20250830194207485000_oeac_ops.dspace_rad,,eez_v11.shp,WPP_BFAR_merge.shp,vbd_mpa_r20170830.shp,VNF-VBD_npp_20120301-20151231_global_asia-enhanced_c201607211230.bitmask,vbd_landsea_r20220824.mask,timezone.shp,VBD_platforms-recurring_2015_r20170330.shp,999999,VBD_bridges_c20160811.shp,13.103016;11.269409;8.812280;3.958795;6.255141;8.201997,96.038063;110.048721;123.751022;122.491997;108.912346;95.112503,npp_d20250830_t1814301_e1815542_b71723;npp_d20250830_t1815555_e1817196_b71723;npp_d20250830_t1817209_e1818451_b71723;npp_d20250830_t1818463_e1820105_b71723,156.151,49.1589,36.7268,97.6124,119.428,-115.341
351,VBD_npp_d20250830_t1815326_x1044553E_y082420N_l0574_s1329_v23,2025-08-30 20:43:22,8.241996,104.455315,1.48969,2025-08-30 18:15:32,2025-08-31 01:15:32,574,1329,0.273386,2,2337,0.0928126,0.055,0.582063,0.4,0.662476,0.75,4.12219e-18,0.0001,5.57738e-13,999999,999999,3,Vietnamese Exclusive Economic Zone,,,SVDNB_npp_d20250830_t1814301_e1815542_b71723_c20250830194159405000_oeac_ops.h5,GDNBO_npp_d20250830_t1814301_e1815542_b71723_c20250830193935163000_oeac_ops.h5,SVI04_npp_d20250830_t1814301_e1815542_b71723_c20250830194207485000_oeac_ops.dspace_rad,,eez_v11.shp,WPP_BFAR_merge.shp,vbd_mpa_r20170830.shp,VNF-VBD_npp_20120301-20151231_global_asia-enhanced_c201607211230.bitmask,vbd_landsea_r20220824.mask,timezone.shp,VBD_platforms-recurring_2015_r20170330.shp,999999,VBD_bridges_c20160811.shp,13.103016;11.269409;8.812280;3.958795;6.255141;8.201997,96.038063;110.048721;123.751022;122.491997;108.912346;95.112503,npp_d20250830_t1814301_e1815542_b71723;npp_d20250830_t1815555_e1817196_b71723;npp_d20250830_t1817209_e1818451_b71723;npp_d20250830_t1818463_e1820105_b71723,155.167,47.3762,36.6824,97.6931,120.132,-114.725
352,VBD_npp_d20250830_t1815326_x1045020E_y082421N_l0573_s1336_v23,2025-08-30 20:43:22,8.242147,104.501976,2.87717,2025-08-30 18:15:32,2025-08-31 01:15:32,573,1336,0.378304,1,2401,0.237601,0.055,0.794205,0.4,0.884867,0.75,3.96551e-18,0.0001,5.45189e-13,999999,999999,3,Vietnamese Exclusive Economic Zone,,,SVDNB_npp_d20250830_t1814301_e1815542_b71723_c20250830194159405000_oeac_ops.h5,GDNBO_npp_d20250830_t1814301_e1815542_b71723_c20250830193935163000_oeac_ops.h5,SVI04_npp_d20250830_t1814301_e1815542_b71723_c20250830194207485000_oeac_ops.dspace_rad,,eez_v11.shp,WPP_BFAR_merge.shp,vbd_mpa_r20170830.shp,VNF-VBD_npp_20120301-20151231_global_asia-enhanced_c201607211230.bitmask,vbd_landsea_r20220824.mask,timezone.shp,VBD_platforms-recurring_2015_r20170330.shp,999999,VBD_bridges_c20160811.shp,13.103016;11.269409;8.812280;3.958795;6.255141;8.201997,96.038063;110.048721;123.751022;122.491997;108.912346;95.112503,npp_d20250830_t1814301_e1815542_b71723;npp_d20250830_t1815555_e1817196_b71723;npp_d20250830_t1817209_e1818451_b71723;npp_d20250830_t1818463_e1820105_b71723,155.133,47.4501,36.4025,97.7773,120.174,-114.729
353,VBD_npp_d20250830_t1815024_x1049164E_y100886N_l0290_s1339_v23,2025-08-30 20:43:22,10.088568,104.916359,1.48845,2025-08-30 18:15:02,2025-08-31 01:15:02,290,1339,0.389827,2,2337,0.0872621,0.055,0.525937,0.4,0.533421,0.75,1.65428e-18,0.0001,6.1912e-13,999999,999999,1,,,,SVDNB_npp_d20250830_t1814301_e1815542_b71723_c20250830194159405000_oeac_ops.h5,GDNBO_npp_d20250830_t1814301_e1815542_b71723_c20250830193935163000_oeac_ops.h5,SVI04_npp_d20250830_t1814301_e1815542_b71723_c20250830194207485000_oeac_ops.dspace_rad,,eez_v11.shp,WPP_BFAR_merge.shp,vbd_mpa_r20170830.shp,VNF-VBD_npp_20120301-20151231_global_asia-enhanced_c201607211230.bitmask,vbd_landsea_r20220824.mask,timezone.shp,VBD_platforms-recurring_2015_r20170330.shp,999999,VBD_bridges_c20160811.shp,13.103016;11.269409;8.812280;3.958795;6.255141;8.201997,96.038063;110.048721;123.751022;122.491997;108.912346;95.112503,npp_d20250830_t1814301_e1815542_b71723;npp_d20250830_t1815555_e1817196_b71723;npp_d20250830_t1817209_e1818451_b71723;npp_d20250830_t1818463_e1820105_b71723,153.651,45.1215,36.2716,98.5846,121.188,-113.781
354,VBD_npp_d20250830_t1815344_x1045154E_y081878N_l0581_s1340_v23,2025-08-30 20:43:22,8.187784,104.515350,1.91278,2025-08-30 18:15:34,2025-08-31 01:15:34,581,1340,0.198698,2,2337,0.142235,0.055,0.768429,0.4,0.732124,0.75,4.0072e-18,0.0001,5.47597e-13,999999,999999,3,Vietnamese Exclusive Economic Zone,,,SVDNB_npp_d20250830_t1814301_e1815542_b71723_c20250830194159405000_oeac_ops.h5,GDNBO_npp_d20250830_t1814301_e1815542_b71723_c20250830193935163000_oeac_ops.h5,SVI04_npp_d20250830_t1814301_e1815542_b71723_c20250830194207485000_oeac_ops.dspace_rad,,eez_v11.shp,WPP_BFAR_merge.shp,vbd_mpa_r20170830.shp,VNF-VBD_npp_20120301-20151231_global_asia-enhanced_c201607211230.bitmask,vbd_landsea_r20220824.mask,timezone.shp,VBD_platforms-recurring_2015_r20170330.shp,999999,VBD_bridges_c20160811.shp,13.103016;11.269409;8.812280;3.958795;6.255141;8.201997,96.038063;110.048721;123.751022;122.491997;108.912346;95.112503,npp_d20250830_t1814301_e1815542_b71723;npp_d20250830_t1815555_e1817196_b71723;npp_d20250830_t1817209_e1818451_b71723;npp_d20250830_t1818463_e1820105_b71723,155.155,47.5697,36.2293,98.4484,120.17,-114.759
355,VBD_npp_d20250830_t1815308_x1045779E_y084220N_l0545_s1342_v23,2025-08-30 20:43:22,8.421988,104.577934,1.00267,2025-08-30 18:15:30,2025-08-31 01:15:30,545,1342,0.388903,3,2369,0.0568544,0.055,0.253869,0.4,0.787761,0.75,3.49546e-18,0.0001,5.5758e-13,999999,999999,3,Vietnamese Exclusive Economic Zone,,,SVDNB_npp_d20250830_t1814301_e1815542_b71723_c20250830194159405000_oeac_ops.h5,GDNBO_npp_d20250830_t1814301_e1815542_b71723_c20250830193935163000_oeac_ops.h5,SVI04_npp_d20250830_t1814301_e1815542_b71723_c20250830194207485000_oeac_ops.dspace_rad,,eez_v11.shp,WPP_BFAR_merge.shp,vbd_mpa_r20170830.shp,VNF-VBD_npp_20120301-20151231_global_asia-enhanced_c201607211230.bitmask,vbd_landsea_r20220824.mask,timezone.shp,VBD_platforms-recurring_2015_r20170330.shp,999999,VBD_bridges_c20160811.shp,13.103016;11.269409;8.812280;3.958795;6.255141;8.201997,96.038063;110.048721;123.751022;122.491997;108.912346;95.112503,npp_d20250830_t1814301_e1815542_b71723;npp_d20250830_t1815555_e1817196_b71723;npp_d20250830_t1817209_e1818451_b71723;npp_d20250830_t1818463_e1820105_b71723,154.961,47.2745,36.1473,98.7745,120.31,-114.643
356,VBD_npp_d20250830_t1815326_x1045542E_y082617N_l0569_s1343_v23,2025-08-30 20:43:22,8.261703,104.554207,4.64407,2025-08-30 18:15:32,2025-08-31 01:15:32,569,1343,0.402133,1,2401,0.362227,0.055,0.83624,0.4,0.941974,0.75,3.77276e-18,0.0001,5.37432e-13,999999,999999,3,Vietnamese Exclusive Economic Zone,,,SVDNB_npp_d20250830_t1814301_e1815542_b71723_c20250830194159405000_oeac_ops.h5,GDNBO_npp_d20250830_t1814301_e1815542_b71723_c20250830193935163000_oeac_ops.h5,SVI04_npp_d20250830_t1814301_e1815542_b71723_c20250830194207485000_oeac_ops.dspace_rad,,eez_v11.shp,WPP_BFAR_merge.shp,vbd_mpa_r20170830.shp,VNF-VBD_npp_20120301-20151231_global_asia-enhanced_c201607211230.bitmask,vbd_landsea_r20220824.mask,timezone.shp,VBD_platforms-recurring_2015_r20170330.shp,999999,VBD_bridges_c20160811.shp,13.103016;11.269409;8.812280;3.958795;6.255141;8.201997,96.038063;110.048721;123.751022;122.491997;108.912346;95.112503,npp_d20250830_t1814301_e1815542_b71723;npp_d20250830_t1815555_e1817196_b71723;npp_d20250830_t1817209_e1818451_b71723;npp_d20250830_t1818463_e1820105_b71723,155.082,47.5019,36.104,98.107,120.229,-114.723
357,VBD_npp_d20250830_t1815326_x1045550E_y082197N_l0575_s1344_v23,2025-08-30 20:43:22,8.219735,104.555016,5.90387,2025-08-30 18:15:32,2025-08-31 01:15:32,575,1344,0.356396,1,2401,0.421364,0.055,0.837005,0.4,0.950608,0.75,3.82613e-18,0.0001,5.24915e-13,999999,999999,3,Vietnamese Exclusive Economic Zone,,,SVDNB_npp_d20250830_t1814301_e1815542_b71723_c20250830194159405000_oeac_ops.h5,GDNBO_npp_d20250830_t1814301_e1815542_b71723_c20250830193935163000_oeac_ops.h5,SVI04_npp_d20250830_t1814301_e1815542_b71723_c20250830194207485000_oeac_ops.dspace_rad,,eez_v11.shp,WPP_BFAR_merge.shp,vbd_mpa_r20170830.shp,VNF-VBD_npp_20120301-20151231_global_asia-enhanced_c201607211230.bitmask,vbd_landsea_r20220824.mask,timezone.shp,VBD_platforms-recurring_2015_r20170330.shp,999999,VBD_bridges_c20160811.shp,13.103016;11.269409;8.812280;3.958795;6.255141;8.201997,96.038063;110.048721;123.751022;122.491997;108.912346;95.112503,npp_d20250830_t1814301_e1815542_b71723;npp_d20250830_t1815555_e1817196_b71723;npp_d20250830_t1817209_e1818451_b71723;npp_d20250830_t1818463_e1820105_b71723,155.11,47.5698,36.0639,97.6025,120.212,-114.745
358,VBD_npp_d20250830_t1815344_x1045527E_y081544N_l0585_s1346_v23,2025-08-30 20:43:22,8.154409,104.552711,1.21075,2025-08-30 18:15:34,2025-08-31 01:15:34,585,1346,0.0772066,2,2337,0.0576917,0.055,0.624631,0.4,0.581555,0.75,3.95154e-18,0.0001,5.28008e-13,999999,999999,3,Vietnamese Exclusive Economic Zone,,,SVDNB_npp_d20250830_t1814301_e1815542_b71723_c20250830194159405000_oeac_ops.h5,GDNBO_npp_d20250830_t1814301_e1815542_b71723_c20250830193935163000_oeac_ops.h5,SVI04_npp_d20250830_t1814301_e1815542_b71723_c20250830194207485000_oeac_ops.dspace_rad,,eez_v11.shp,WPP_BFAR_merge.shp,vbd_mpa_r20170830.shp,VNF-VBD_npp_20120301-20151231_global_asia-enhanced_c201607211230.bitmask,vbd_landsea_r20220824.mask,timezone.shp,VBD_platforms-recurring_2015_r20170330.shp,999999,VBD_bridges_c20160811.shp,13.103016;11.269409;8.812280;3.958795;6.255141;8.201997,96.038063;110.048721;123.751022;122.491997;108.912346;95.112503,npp_d20250830_t1814301_e1815542_b71723;npp_d20250830_t1815555_e1817196_b71723;npp_d20250830_t1817209_e1818451_b71723;npp_d20250830_t1818463_e1820105_b71723,155.15,47.682,35.9739,98.118,120.189,-114.779
359,VBD_npp_d20250830_t1815326_x1045915E_y082285N_l0573_s1349_v23,2025-08-30 20:43:22,8.228461,104.591461,2.2784,2025-08-30 18:15:32,2025-08-31 01:15:32,573,1349,0.344303,1,2401,0.182365,0.055,0.82493,0.4,0.79444,0.75,3.69915e-18,0.0001,5.18412e-13,999999,999999,3,Vietnamese Exclusive Economic Zone,,,SVDNB_npp_d20250830_t1814301_e1815542_b71723_c20250830194159405000_oeac_ops.h5,GDNBO_npp_d20250830_t1814301_e1815542_b71723_c20250830193935163000_oeac_ops.h5,SVI04_npp_d20250830_t1814301_e1815542_b71723_c20250830194207485000_oeac_ops.dspace_rad,,eez_v11.shp,WPP_BFAR_merge.shp,vbd_mpa_r20170830.shp,VNF-VBD_npp_20120301-20151231_global_asia-enhanced_c201607211230.bitmask,vbd_landsea_r20220824.mask,timezone.shp,VBD_platforms-recurring_2015_r20170330.shp,999999,VBD_bridges_c20160811.shp,13.103016;11.269409;8.812280;3.958795;6.255141;8.201997,96.038063;110.048721;123.751022;122.491997;108.912346;95.112503,npp_d20250830_t1814301_e1815542_b71723;npp_d20250830_t1815555_e1817196_b71723;npp_d20250830_t1817209_e1818451_b71723;npp_d20250830_t1818463_e1820105_b71723,155.077,47.6135,35.8498,97.7735,120.248,-114.744
360,VBD_npp_d20250830_t1815291_x1046518E_y084490N_l0539_s1351_v23,2025-08-30 20:43:22,8.448988,104.651779,1.09709,2025-08-30 18:15:29,2025-08-31 01:15:29,539,1351,0.403271,10,2305,0.0647197,0.055,0.293295,0.4,0.685696,0.75,3.25693e-18,0.0001,5.2425e-13,999999,999999,3,Vietnamese Exclusive Economic Zone,,,SVDNB_npp_d20250830_t1814301_e1815542_b71723_c20250830194159405000_oeac_ops.h5,GDNBO_npp_d20250830_t1814301_e1815542_b71723_c20250830193935163000_oeac_ops.h5,SVI04_npp_d20250830_t1814301_e1815542_b71723_c20250830194207485000_oeac_ops.dspace_rad,,eez_v11.shp,WPP_BFAR_merge.shp,vbd_mpa_r20170830.shp,VNF-VBD_npp_20120301-20151231_global_asia-enhanced_c201607211230.bitmask,vbd_landsea_r20220824.mask,timezone.shp,VBD_platforms-recurring_2015_r20170330.shp,999999,VBD_bridges_c20160811.shp,13.103016;11.269409;8.812280;3.958795;6.255141;8.201997,96.038063;110.048721;123.751022;122.491997;108.912346;95.112503,npp_d20250830_t1814301_e1815542_b71723;npp_d20250830_t1815555_e1817196_b71723;npp_d20250830_t1817209_e1818451_b71723;npp_d20250830_t1818463_e1820105_b71723,154.895,47.337,35.7673,97.9312,120.38,-114.634
361,VBD_npp_d20250830_t1815344_x1046116E_y081736N_l0581_s1354_v23,2025-08-30 20:43:22,8.173628,104.611603,2.38212,2025-08-30 18:15:34,2025-08-31 01:15:34,581,1354,0.127425,1,2401,0.172248,0.055,0.648106,0.4,0.804835,0.75,3.71121e-18,0.0001,5.19031e-13,999999,999999,3,Vietnamese Exclusive Economic Zone,,,SVDNB_npp_d20250830_t1814301_e1815542_b71723_c20250830194159405000_oeac_ops.h5,GDNBO_npp_d20250830_t1814301_e1815542_b71723_c20250830193935163000_oeac_ops.h5,SVI04_npp_d20250830_t1814301_e1815542_b71723_c20250830194207485000_oeac_ops.dspace_rad,,eez_v11.shp,WPP_BFAR_merge.shp,vbd_mpa_r20170830.shp,VNF-VBD_npp_20120301-20151231_global_asia-enhanced_c201607211230.bitmask,vbd_landsea_r20220824.mask,timezone.shp,VBD_platforms-recurring_2015_r20170330.shp,999999,VBD_bridges_c20160811.shp,13.103016;11.269409;8.812280;3.958795;6.255141;8.201997,96.038063;110.048721;123.751022;122.491997;108.912346;95.112503,npp_d20250830_t1814301_e1815542_b71723;npp_d20250830_t1815555_e1817196_b71723;npp_d20250830_t1817209_e1818451_b71723;npp_d20250830_t1818463_e1820105_b71723,155.094,47.7443,35.6329,98.4651,120.249,-114.775
362,VBD_npp_d20250830_t1815308_x1046894E_y083708N_l0550_s1359_v23,2025-08-30 20:43:22,8.370757,104.689400,1.4077,2025-08-30 18:15:30,2025-08-31 01:15:30,550,1359,0.405476,1,2401,0.120271,0.055,0.485514,0.4,0.899845,0.75,3.235e-18,0.0001,5.14052e-13,999999,999999,3,Vietnamese Exclusive Economic Zone,,,SVDNB_npp_d20250830_t1814301_e1815542_b71723_c20250830194159405000_oeac_ops.h5,GDNBO_npp_d20250830_t1814301_e1815542_b71723_c20250830193935163000_oeac_ops.h5,SVI04_npp_d20250830_t1814301_e1815542_b71723_c20250830194207485000_oeac_ops.dspace_rad,,eez_v11.shp,WPP_BFAR_merge.shp,vbd_mpa_r20170830.shp,VNF-VBD_npp_20120301-20151231_global_asia-enhanced_c201607211230.bitmask,vbd_landsea_r20220824.mask,timezone.shp,VBD_platforms-recurring_2015_r20170330.shp,999999,VBD_bridges_c20160811.shp,13.103016;11.269409;8.812280;3.958795;6.255141;8.201997,96.038063;110.048721;123.751022;122.491997;108.912346;95.112503,npp_d20250830_t1814301_e1815542_b71723;npp_d20250830_t1815555_e1817196_b71723;npp_d20250830_t1817209_e1818451_b71723;npp_d20250830_t1818463_e1820105_b71723,154.915,47.531,35.4229,98.3734,120.388,-114.679
364,VBD_npp_d20250830_t1815326_x1046774E_y082438N_l0569_s1361_v23,2025-08-30 20:43:22,8.243816,104.677399,1.91997,2025-08-30 18:15:32,2025-08-31 01:15:32,569,1361,0.282917,1,2401,0.133746,0.055,0.581057,0.4,0.763272,0.75,3.40873e-18,0.0001,5.02305e-13,999999,999999,3,Vietnamese Exclusive Economic Zone,,,SVDNB_npp_d20250830_t1814301_e1815542_b71723_c20250830194159405000_oeac_ops.h5,GDNBO_npp_d20250830_t1814301_e1815542_b71723_c20250830193935163000_oeac_ops.h5,SVI04_npp_d20250830_t1814301_e1815542_b71723_c20250830194207485000_oeac_ops.dspace_rad,,eez_v11.shp,WPP_BFAR_merge.shp,vbd_mpa_r20170830.shp,VNF-VBD_npp_20120301-20151231_global_asia-enhanced_c201607211230.bitmask,vbd_landsea_r20220824.mask,timezone.shp,VBD_platforms-recurring_2015_r20170330.shp,999999,VBD_bridges_c20160811.shp,13.103016;11.269409;8.812280;3.958795;6.255141;8.201997,96.038063;110.048721;123.751022;122.491997;108.912346;95.112503,npp_d20250830_t1814301_e1815542_b71723;npp_d20250830_t1815555_e1817196_b71723;npp_d20250830_t1817209_e1818451_b71723;npp_d20250830_t1818463_e1820105_b71723,155.004,47.7245,35.3378,98.1221,120.331,-114.744
369,VBD_npp_d20250830_t1815469_x1045896E_y074361N_l0691_s1374_v23,2025-08-30 20:43:22,7.436110,104.589630,2.08847,2025-08-30 18:15:46,2025-08-31 01:15:46,691,1374,0.255816,1,2401,0.158458,0.055,0.671712,0.4,0.768733,0.75,4.67568e-18,0.0001,4.66139e-13,999999,999999,3,Vietnamese Exclusive Economic Zone,,,SVDNB_npp_d20250830_t1814301_e1815542_b71723_c20250830194159405000_oeac_ops.h5,GDNBO_npp_d20250830_t1814301_e1815542_b71723_c20250830193935163000_oeac_ops.h5,SVI04_npp_d20250830_t1814301_e1815542_b71723_c20250830194207485000_oeac_ops.dspace_rad,,eez_v11.shp,WPP_BFAR_merge.shp,vbd_mpa_r20170830.shp,VNF-VBD_npp_20120301-20151231_global_asia-enhanced_c201607211230.bitmask,vbd_landsea_r20220824.mask,timezone.shp,VBD_platforms-recurring_2015_r20170330.shp,999999,VBD_bridges_c20160811.shp,13.103016;11.269409;8.812280;3.958795;6.255141;8.201997,96.038063;110.048721;123.751022;122.491997;108.912346;95.112503,npp_d20250830_t1814301_e1815542_b71723;npp_d20250830_t1815555_e1817196_b71723;npp_d20250830_t1817209_e1818451_b71723;npp_d20250830_t1818463_e1820105_b71723,155.562,48.9914,34.7871,98.7023,119.966,-115.154
370,VBD_npp_d20250830_t1815469_x1045990E_y074072N_l0695_s1376_v23,2025-08-30 20:43:22,7.407187,104.598969,1.73669,2025-08-30 18:15:46,2025-08-31 01:15:46,695,1376,0.266202,1,2401,0.136397,0.055,0.806939,0.4,0.813271,0.75,4.61553e-18,0.0001,4.57203e-13,999999,999999,3,Vietnamese Exclusive Economic Zone,,,SVDNB_npp_d20250830_t1814301_e1815542_b71723_c20250830194159405000_oeac_ops.h5,GDNBO_npp_d20250830_t1814301_e1815542_b71723_c20250830193935163000_oeac_ops.h5,SVI04_npp_d20250830_t1814301_e1815542_b71723_c20250830194207485000_oeac_ops.dspace_rad,,eez_v11.shp,WPP_BFAR_merge.shp,vbd_mpa_r20170830.shp,VNF-VBD_npp_20120301-20151231_global_asia-enhanced_c201607211230.bitmask,vbd_landsea_r20220824.mask,timezone.shp,VBD_platforms-recurring_2015_r20170330.shp,999999,VBD_bridges_c20160811.shp,13.103016;11.269409;8.812280;3.958795;6.255141;8.201997,96.038063;110.048721;123.751022;122.491997;108.912346;95.112503,npp_d20250830_t1814301_e1815542_b71723;npp_d20250830_t1815555_e1817196_b71723;npp_d20250830_t1817209_e1818451_b71723;npp_d20250830_t1818463_e1820105_b71723,155.574,49.054,34.7021,98.3565,119.962,-115.169
371,VBD_npp_d20250830_t1815469_x1046032E_y073447N_l0704_s1378_v23,2025-08-30 20:43:22,7.344687,104.603233,15.8575,2025-08-30 18:15:46,2025-08-31 01:15:46,704,1378,0.251549,1,2401,0.73178,0.055,0.88613,0.4,0.964363,0.75,4.55537e-18,0.0001,4.4175e-13,999999,999999,3,Vietnamese Exclusive Economic Zone,,,SVDNB_npp_d20250830_t1814301_e1815542_b71723_c20250830194159405000_oeac_ops.h5,GDNBO_npp_d20250830_t1814301_e1815542_b71723_c20250830193935163000_oeac_ops.h5,SVI04_npp_d20250830_t1814301_e1815542_b71723_c20250830194207485000_oeac_ops.dspace_rad,,eez_v11.shp,WPP_BFAR_merge.shp,vbd_mpa_r20170830.shp,VNF-VBD_npp_20120301-20151231_global_asia-enhanced_c201607211230.bitmask,vbd_landsea_r20220824.mask,timezone.shp,VBD_platforms-recurring_2015_r20170330.shp,999999,VBD_bridges_c20160811.shp,13.103016;11.269409;8.812280;3.958795;6.255141;8.201997,96.038063;110.048721;123.751022;122.491997;108.912346;95.112503,npp_d20250830_t1814301_e1815542_b71723;npp_d20250830_t1815555_e1817196_b71723;npp_d20250830_t1817209_e1818451_b71723;npp_d20250830_t1818463_e1820105_b71723,155.611,49.1648,34.6208,97.5729,119.939,-115.201
372,VBD_npp_d20250830_t1815291_x1049823E_y084625N_l0530_s1399_v23,2025-08-30 20:43:22,8.462534,104.982277,4.69159,2025-08-30 18:15:29,2025-08-31 01:15:29,530,1399,0.298424,1,2401,0.352128,0.055,0.794574,0.4,0.910137,0.75,2.37878e-18,0.0001,4.55753e-13,999999,999999,3,Vietnamese Exclusive Economic Zone,,,SVDNB_npp_d20250830_t1814301_e1815542_b71723_c20250830194159405000_oeac_ops.h5,GDNBO_npp_d20250830_t1814301_e1815542_b71723_c20250830193935163000_oeac_ops.h5,SVI04_npp_d20250830_t1814301_e1815542_b71723_c20250830194207485000_oeac_ops.dspace_rad,,eez_v11.shp,WPP_BFAR_merge.shp,vbd_mpa_r20170830.shp,VNF-VBD_npp_20120301-20151231_global_asia-enhanced_c201607211230.bitmask,vbd_landsea_r20220824.mask,timezone.shp,VBD_platforms-recurring_2015_r20170330.shp,999999,VBD_bridges_c20160811.shp,13.103016;11.269409;8.812280;3.958795;6.255141;8.201997,96.038063;110.048721;123.751022;122.491997;108.912346;95.112503,npp_d20250830_t1814301_e1815542_b71723;npp_d20250830_t1815555_e1817196_b71723;npp_d20250830_t1817209_e1818451_b71723;npp_d20250830_t1818463_e1820105_b71723,154.644,47.8323,33.731,98.7661,120.681,-114.657
373,VBD_npp_d20250830_t1815451_x1047704E_y074694N_l0682_s1399_v23,2025-08-30 20:43:22,7.469375,104.770447,1.05594,2025-08-30 18:15:45,2025-08-31 01:15:45,682,1399,0.322822,10,2305,0.0656707,0.055,0.277738,0.4,0.669169,0.75,4.05159e-18,0.0001,4.22357e-13,999999,999999,3,Vietnamese Exclusive Economic Zone,,,SVDNB_npp_d20250830_t1814301_e1815542_b71723_c20250830194159405000_oeac_ops.h5,GDNBO_npp_d20250830_t1814301_e1815542_b71723_c20250830193935163000_oeac_ops.h5,SVI04_npp_d20250830_t1814301_e1815542_b71723_c20250830194207485000_oeac_ops.dspace_rad,,eez_v11.shp,WPP_BFAR_merge.shp,vbd_mpa_r20170830.shp,VNF-VBD_npp_20120301-20151231_global_asia-enhanced_c201607211230.bitmask,vbd_landsea_r20220824.mask,timezone.shp,VBD_platforms-recurring_2015_r20170330.shp,999999,VBD_bridges_c20160811.shp,13.103016;11.269409;8.812280;3.958795;6.255141;8.201997,96.038063;110.048721;123.751022;122.491997;108.912346;95.112503,npp_d20250830_t1814301_e1815542_b71723;npp_d20250830_t1815555_e1817196_b71723;npp_d20250830_t1817209_e1818451_b71723;npp_d20250830_t1818463_e1820105_b71723,155.41,49.2056,33.7295,98.1057,120.134,-115.155
374,VBD_npp_d20250830_t1815486_x1049870E_y071941N_l0718_s1438_v23,2025-08-30 20:43:22,7.194114,104.987007,5.4443,2025-08-30 18:15:48,2025-08-31 01:15:48,718,1438,0.352981,1,2401,0.381213,0.055,0.782024,0.4,0.924385,0.75,3.36301e-18,0.0001,3.64794e-13,999999,999999,3,Vietnamese Exclusive Economic Zone,,,SVDNB_npp_d20250830_t1814301_e1815542_b71723_c20250830194159405000_oeac_ops.h5,GDNBO_npp_d20250830_t1814301_e1815542_b71723_c20250830193935163000_oeac_ops.h5,SVI04_npp_d20250830_t1814301_e1815542_b71723_c20250830194207485000_oeac_ops.dspace_rad,,eez_v11.shp,WPP_BFAR_merge.shp,vbd_mpa_r20170830.shp,VNF-VBD_npp_20120301-20151231_global_asia-enhanced_c201607211230.bitmask,vbd_landsea_r20220824.mask,timezone.shp,VBD_platforms-recurring_2015_r20170330.shp,999999,VBD_bridges_c20160811.shp,13.103016;11.269409;8.812280;3.958795;6.255141;8.201997,96.038063;110.048721;123.751022;122.491997;108.912346;95.112503,npp_d20250830_t1814301_e1815542_b71723;npp_d20250830_t1815555_e1817196_b71723;npp_d20250830_t1817209_e1818451_b71723;npp_d20250830_t1818463_e1820105_b71723,155.413,50.0183,31.9819,97.7513,120.224,-115.321
3,VBD_npp_d20250830_t1816296_x0963794E_y059387N_l0320_s0244_v23,2025-08-30 20:43:22,5.938745,96.379356,3.99649,2025-08-30 18:16:29,2025-08-31 01:16:29,320,244,0.162066,1,2401,0.226848,0.1375,0.684506,0.4,0.818451,0.75,1.25401e-14,0.0001,1.68749e-08,999999,999999,3,Indonesian Exclusive Economic Zone,WPP571,,SVDNB_npp_d20250830_t1815555_e1817196_b71723_c20250830194309340000_oeac_ops.h5,GDNBO_npp_d20250830_t1815555_e1817196_b71723_c20250830194045994000_oeac_ops.h5,SVI04_npp_d20250830_t1815555_e1817196_b71723_c20250830194317740000_oeac_ops.dspace_rad,,eez_v11.shp,WPP_BFAR_merge.shp,vbd_mpa_r20170830.shp,VNF-VBD_npp_20120301-20151231_global_asia-enhanced_c201607211230.bitmask,vbd_landsea_r20220824.mask,timezone.shp,VBD_platforms-recurring_2015_r20170330.shp,999999,VBD_bridges_c20160811.shp,8.205034;6.250037;3.961037;-0.911653;1.234481;3.316336,95.108154;108.904648;122.486862;121.346123;107.783257;94.088097,npp_d20250830_t1814301_e1815542_b71723;npp_d20250830_t1815555_e1817196_b71723;npp_d20250830_t1817209_e1818451_b71723;npp_d20250830_t1818463_e1820105_b71723,162.069,35.3405,66.2564,97.4534,112.156,-115.13
4,VBD_npp_d20250830_t1816313_x0963786E_y059400N_l0321_s0245_v23,2025-08-30 20:43:22,5.940014,96.378586,4.69582,2025-08-30 18:16:31,2025-08-31 01:16:31,321,245,0.161781,1,2401,0.297765,0.1375,0.684506,0.4,0.836681,0.75,1.2523e-14,0.0001,1.70713e-08,999999,999999,3,Indonesian Exclusive Economic Zone,WPP571,,SVDNB_npp_d20250830_t1815555_e1817196_b71723_c20250830194309340000_oeac_ops.h5,GDNBO_npp_d20250830_t1815555_e1817196_b71723_c20250830194045994000_oeac_ops.h5,SVI04_npp_d20250830_t1815555_e1817196_b71723_c20250830194317740000_oeac_ops.dspace_rad,,eez_v11.shp,WPP_BFAR_merge.shp,vbd_mpa_r20170830.shp,VNF-VBD_npp_20120301-20151231_global_asia-enhanced_c201607211230.bitmask,vbd_landsea_r20220824.mask,timezone.shp,VBD_platforms-recurring_2015_r20170330.shp,999999,VBD_bridges_c20160811.shp,8.205034;6.250037;3.961037;-0.911653;1.234481;3.316336,95.108154;108.904648;122.486862;121.346123;107.783257;94.088097,npp_d20250830_t1814301_e1815542_b71723;npp_d20250830_t1815555_e1817196_b71723;npp_d20250830_t1817209_e1818451_b71723;npp_d20250830_t1818463_e1820105_b71723,162.064,35.3556,66.2398,97.9637,112.163,-115.13
101,VBD_npp_d20250830_t1816207_x0992290E_y060763N_l0240_s0643_v23,2025-08-30 20:43:22,6.076293,99.228981,22.3027,2025-08-30 18:16:20,2025-08-31 01:16:20,240,643,0.229854,8,18785,0.702262,0.06875,0.801899,0.4,0.877729,0.75,9.53029e-16,0.0001,3.66606e-11,999999,999999,3,Malaysian Exclusive Economic Zone,,,SVDNB_npp_d20250830_t1815555_e1817196_b71723_c20250830194309340000_oeac_ops.h5,GDNBO_npp_d20250830_t1815555_e1817196_b71723_c20250830194045994000_oeac_ops.h5,SVI04_npp_d20250830_t1815555_e1817196_b71723_c20250830194317740000_oeac_ops.dspace_rad,,eez_v11.shp,WPP_BFAR_merge.shp,vbd_mpa_r20170830.shp,VNF-VBD_npp_20120301-20151231_global_asia-enhanced_c201607211230.bitmask,vbd_landsea_r20220824.mask,timezone.shp,VBD_platforms-recurring_2015_r20170330.shp,0.320105,VBD_bridges_c20160811.shp,8.205034;6.250037;3.961037;-0.911653;1.234481;3.316336,95.108154;108.904648;122.486862;121.346123;107.783257;94.088097,npp_d20250830_t1814301_e1815542_b71723;npp_d20250830_t1815555_e1817196_b71723;npp_d20250830_t1817209_e1818451_b71723;npp_d20250830_t1818463_e1820105_b71723,160.215,41.7901,58.1254,97.5764,114.731,-115.28
102,VBD_npp_d20250830_t1816224_x0992290E_y060747N_l0241_s0644_v23,2025-08-30 20:43:22,6.074713,99.229012,14.3988,2025-08-30 18:16:22,2025-08-31 01:16:22,241,644,0.229854,8,18785,0.551939,0.06875,0.801899,0.4,0.859165,0.75,9.4932e-16,0.0001,3.79009e-11,999999,999999,3,Malaysian Exclusive Economic Zone,,,SVDNB_npp_d20250830_t1815555_e1817196_b71723_c20250830194309340000_oeac_ops.h5,GDNBO_npp_d20250830_t1815555_e1817196_b71723_c20250830194045994000_oeac_ops.h5,SVI04_npp_d20250830_t1815555_e1817196_b71723_c20250830194317740000_oeac_ops.dspace_rad,,eez_v11.shp,WPP_BFAR_merge.shp,vbd_mpa_r20170830.shp,VNF-VBD_npp_20120301-20151231_global_asia-enhanced_c201607211230.bitmask,vbd_landsea_r20220824.mask,timezone.shp,VBD_platforms-recurring_2015_r20170330.shp,0.495457,VBD_bridges_c20160811.shp,8.205034;6.250037;3.961037;-0.911653;1.234481;3.316336,95.108154;108.904648;122.486862;121.346123;107.783257;94.088097,npp_d20250830_t1814301_e1815542_b71723;npp_d20250830_t1815555_e1817196_b71723;npp_d20250830_t1817209_e1818451_b71723;npp_d20250830_t1818463_e1820105_b71723,160.211,41.8092,58.0991,98.2181,114.736,-115.281
104,VBD_npp_d20250830_t1816135_x0993660E_y064903N_l0175_s0650_v23,2025-08-30 20:43:22,6.490341,99.366005,2.61296,2025-08-30 18:16:13,2025-08-31 01:16:13,175,650,0.21769,8,18721,0.164497,0.06875,0.818799,0.4,0.743207,0.75,7.90258e-16,0.0001,3.82605e-11,999999,999999,3,Thailand Exclusive Economic Zone,,,SVDNB_npp_d20250830_t1815555_e1817196_b71723_c20250830194309340000_oeac_ops.h5,GDNBO_npp_d20250830_t1815555_e1817196_b71723_c20250830194045994000_oeac_ops.h5,SVI04_npp_d20250830_t1815555_e1817196_b71723_c20250830194317740000_oeac_ops.dspace_rad,,eez_v11.shp,WPP_BFAR_merge.shp,vbd_mpa_r20170830.shp,VNF-VBD_npp_20120301-20151231_global_asia-enhanced_c201607211230.bitmask,vbd_landsea_r20220824.mask,timezone.shp,VBD_platforms-recurring_2015_r20170330.shp,0.870183,VBD_bridges_c20160811.shp,8.205034;6.250037;3.961037;-0.911653;1.234481;3.316336,95.108154;108.904648;122.486862;121.346123;107.783257;94.088097,npp_d20250830_t1814301_e1815542_b71723;npp_d20250830_t1815555_e1817196_b71723;npp_d20250830_t1817209_e1818451_b71723;npp_d20250830_t1818463_e1820105_b71723,159.834,41.2664,57.9573,97.5612,115.003,-115.121
105,VBD_npp_d20250830_t1816153_x0993515E_y064485N_l0182_s0650_v23,2025-08-30 20:43:22,6.448514,99.351517,14.9376,2025-08-30 18:16:15,2025-08-31 01:16:15,182,650,0.220749,1,2401,0.604107,0.06875,0.83501,0.4,0.758396,0.75,8.09831e-16,0.0001,3.89368e-11,999999,999999,3,Thailand Exclusive Economic Zone,,,SVDNB_npp_d20250830_t1815555_e1817196_b71723_c20250830194309340000_oeac_ops.h5,GDNBO_npp_d20250830_t1815555_e1817196_b71723_c20250830194045994000_oeac_ops.h5,SVI04_npp_d20250830_t1815555_e1817196_b71723_c20250830194317740000_oeac_ops.dspace_rad,,eez_v11.shp,WPP_BFAR_merge.shp,vbd_mpa_r20170830.shp,VNF-VBD_npp_20120301-20151231_global_asia-enhanced_c201607211230.bitmask,vbd_landsea_r20220824.mask,timezone.shp,VBD_platforms-recurring_2015_r20170330.shp,999999,VBD_bridges_c20160811.shp,8.205034;6.250037;3.961037;-0.911653;1.234481;3.316336,95.108154;108.904648;122.486862;121.346123;107.783257;94.088097,npp_d20250830_t1814301_e1815542_b71723;npp_d20250830_t1815555_e1817196_b71723;npp_d20250830_t1817209_e1818451_b71723;npp_d20250830_t1818463_e1820105_b71723,159.87,41.3265,57.9611,97.9518,114.978,-115.137
109,VBD_npp_d20250830_t1816153_x0993733E_y064524N_l0181_s0653_v23,2025-08-30 20:43:22,6.452432,99.373322,3.44755,2025-08-30 18:16:15,2025-08-31 01:16:15,181,653,0.229925,2,2337,0.145258,0.06875,0.858212,0.4,0.597475,0.75,7.92847e-16,0.0001,3.79365e-11,999999,999999,3,Thailand Exclusive Economic Zone,,,SVDNB_npp_d20250830_t1815555_e1817196_b71723_c20250830194309340000_oeac_ops.h5,GDNBO_npp_d20250830_t1815555_e1817196_b71723_c20250830194045994000_oeac_ops.h5,SVI04_npp_d20250830_t1815555_e1817196_b71723_c20250830194317740000_oeac_ops.dspace_rad,,eez_v11.shp,WPP_BFAR_merge.shp,vbd_mpa_r20170830.shp,VNF-VBD_npp_20120301-20151231_global_asia-enhanced_c201607211230.bitmask,vbd_landsea_r20220824.mask,timezone.shp,VBD_platforms-recurring_2015_r20170330.shp,999999,VBD_bridges_c20160811.shp,8.205034;6.250037;3.961037;-0.911653;1.234481;3.316336,95.108154;108.904648;122.486862;121.346123;107.783257;94.088097,npp_d20250830_t1814301_e1815542_b71723;npp_d20250830_t1815555_e1817196_b71723;npp_d20250830_t1817209_e1818451_b71723;npp_d20250830_t1818463_e1820105_b71723,159.853,41.3662,57.8888,97.996,114.999,-115.137
113,VBD_npp_d20250830_t1816260_x0992495E_y057820N_l0284_s0655_v23,2025-08-30 20:43:22,5.781974,99.249481,25.4374,2025-08-30 18:16:26,2025-08-31 01:16:26,284,655,0.274951,1,2401,0.813651,0.06875,0.88169,0.4,0.933174,0.75,9.56862e-16,0.0001,3.06611e-11,999999,999999,3,Malaysian Exclusive Economic Zone,,,SVDNB_npp_d20250830_t1815555_e1817196_b71723_c20250830194309340000_oeac_ops.h5,GDNBO_npp_d20250830_t1815555_e1817196_b71723_c20250830194045994000_oeac_ops.h5,SVI04_npp_d20250830_t1815555_e1817196_b71723_c20250830194317740000_oeac_ops.dspace_rad,,eez_v11.shp,WPP_BFAR_merge.shp,vbd_mpa_r20170830.shp,VNF-VBD_npp_20120301-20151231_global_asia-enhanced_c201607211230.bitmask,vbd_landsea_r20220824.mask,timezone.shp,VBD_platforms-recurring_2015_r20170330.shp,999999,VBD_bridges_c20160811.shp,8.205034;6.250037;3.961037;-0.911653;1.234481;3.316336,95.108154;108.904648;122.486862;121.346123;107.783257;94.088097,npp_d20250830_t1814301_e1815542_b71723;npp_d20250830_t1815555_e1817196_b71723;npp_d20250830_t1817209_e1818451_b71723;npp_d20250830_t1818463_e1820105_b71723,160.405,42.4341,57.8397,97.7974,114.643,-115.401
115,VBD_npp_d20250830_t1816153_x0993951E_y064563N_l0180_s0656_v23,2025-08-30 20:43:22,6.456341,99.395058,28.6153,2025-08-30 18:16:15,2025-08-31 01:16:15,180,656,0.234548,1,2401,0.825607,0.06875,0.859195,0.4,0.90844,0.75,7.7596e-16,0.0001,3.69708e-11,999999,999999,3,Thailand Exclusive Economic Zone,,,SVDNB_npp_d20250830_t1815555_e1817196_b71723_c20250830194309340000_oeac_ops.h5,GDNBO_npp_d20250830_t1815555_e1817196_b71723_c20250830194045994000_oeac_ops.h5,SVI04_npp_d20250830_t1815555_e1817196_b71723_c20250830194317740000_oeac_ops.dspace_rad,,eez_v11.shp,WPP_BFAR_merge.shp,vbd_mpa_r20170830.shp,VNF-VBD_npp_20120301-20151231_global_asia-enhanced_c201607211230.bitmask,vbd_landsea_r20220824.mask,timezone.shp,VBD_platforms-recurring_2015_r20170330.shp,999999,VBD_bridges_c20160811.shp,8.205034;6.250037;3.961037;-0.911653;1.234481;3.316336,95.108154;108.904648;122.486862;121.346123;107.783257;94.088097,npp_d20250830_t1814301_e1815542_b71723;npp_d20250830_t1815555_e1817196_b71723;npp_d20250830_t1817209_e1818451_b71723;npp_d20250830_t1818463_e1820105_b71723,159.836,41.4058,57.8167,98.0403,115.021,-115.137
131,VBD_npp_d20250830_t1816296_x0992929E_y055491N_l0318_s0668_v23,2025-08-30 20:43:22,5.549114,99.292900,2.06412,2025-08-30 18:16:29,2025-08-31 01:16:29,318,668,0.0670349,1,2401,0.127514,0.06875,0.620638,0.4,0.777452,0.75,1.01788e-15,0.0001,2.55452e-11,999999,999999,3,Malaysian Exclusive Economic Zone,,,SVDNB_npp_d20250830_t1815555_e1817196_b71723_c20250830194309340000_oeac_ops.h5,GDNBO_npp_d20250830_t1815555_e1817196_b71723_c20250830194045994000_oeac_ops.h5,SVI04_npp_d20250830_t1815555_e1817196_b71723_c20250830194317740000_oeac_ops.dspace_rad,,eez_v11.shp,WPP_BFAR_merge.shp,vbd_mpa_r20170830.shp,VNF-VBD_npp_20120301-20151231_global_asia-enhanced_c201607211230.bitmask,vbd_landsea_r20220824.mask,timezone.shp,VBD_platforms-recurring_2015_r20170330.shp,999999,VBD_bridges_c20160811.shp,8.205034;6.250037;3.961037;-0.911653;1.234481;3.316336,95.108154;108.904648;122.486862;121.346123;107.783257;94.088097,npp_d20250830_t1814301_e1815542_b71723;npp_d20250830_t1815555_e1817196_b71723;npp_d20250830_t1817209_e1818451_b71723;npp_d20250830_t1818463_e1820105_b71723,160.536,43.0054,57.5275,97.7528,114.595,-115.499
134,VBD_npp_d20250830_t1816296_x0993143E_y055531N_l0317_s0671_v23,2025-08-30 20:43:22,5.553057,99.314285,2.28829,2025-08-30 18:16:29,2025-08-31 01:16:29,317,671,0.0743613,8,18721,0.118169,0.06875,0.674791,0.4,0.676076,0.75,9.93578e-16,0.0001,2.4963e-11,999999,999999,3,Malaysian Exclusive Economic Zone,,,SVDNB_npp_d20250830_t1815555_e1817196_b71723_c20250830194309340000_oeac_ops.h5,GDNBO_npp_d20250830_t1815555_e1817196_b71723_c20250830194045994000_oeac_ops.h5,SVI04_npp_d20250830_t1815555_e1817196_b71723_c20250830194317740000_oeac_ops.dspace_rad,,eez_v11.shp,WPP_BFAR_merge.shp,vbd_mpa_r20170830.shp,VNF-VBD_npp_20120301-20151231_global_asia-enhanced_c201607211230.bitmask,vbd_landsea_r20220824.mask,timezone.shp,VBD_platforms-recurring_2015_r20170330.shp,0.430139,VBD_bridges_c20160811.shp,8.205034;6.250037;3.961037;-0.911653;1.234481;3.316336,95.108154;108.904648;122.486862;121.346123;107.783257;94.088097,npp_d20250830_t1814301_e1815542_b71723;npp_d20250830_t1815555_e1817196_b71723;npp_d20250830_t1817209_e1818451_b71723;npp_d20250830_t1818463_e1820105_b71723,160.519,43.0438,57.4555,97.7966,114.616,-115.499
136,VBD_npp_d20250830_t1816224_x0994205E_y059435N_l0256_s0674_v23,2025-08-30 20:43:22,5.943464,99.420494,29.0891,2025-08-30 18:16:22,2025-08-31 01:16:22,256,674,0.25916,1,2401,0.831192,0.06875,0.842889,0.4,0.958374,0.75,8.08913e-16,0.0001,2.64064e-11,999999,999999,3,Malaysian Exclusive Economic Zone,,,SVDNB_npp_d20250830_t1815555_e1817196_b71723_c20250830194309340000_oeac_ops.h5,GDNBO_npp_d20250830_t1815555_e1817196_b71723_c20250830194045994000_oeac_ops.h5,SVI04_npp_d20250830_t1815555_e1817196_b71723_c20250830194317740000_oeac_ops.dspace_rad,,eez_v11.shp,WPP_BFAR_merge.shp,vbd_mpa_r20170830.shp,VNF-VBD_npp_20120301-20151231_global_asia-enhanced_c201607211230.bitmask,vbd_landsea_r20220824.mask,timezone.shp,VBD_platforms-recurring_2015_r20170330.shp,999999,VBD_bridges_c20160811.shp,8.205034;6.250037;3.961037;-0.911653;1.234481;3.316336,95.108154;108.904648;122.486862;121.346123;107.783257;94.088097,npp_d20250830_t1814301_e1815542_b71723;npp_d20250830_t1815555_e1817196_b71723;npp_d20250830_t1817209_e1818451_b71723;npp_d20250830_t1818463_e1820105_b71723,160.181,42.4658,57.3816,97.6097,114.852,-115.35
137,VBD_npp_d20250830_t1816296_x0993366E_y055638N_l0315_s0674_v23,2025-08-30 20:43:22,5.563760,99.336586,2.7745,2025-08-30 18:16:29,2025-08-31 01:16:29,315,674,0.073081,1,2401,0.160139,0.06875,0.674791,0.4,0.754085,0.75,9.65185e-16,0.0001,2.45069e-11,999999,999999,3,Malaysian Exclusive Economic Zone,,,SVDNB_npp_d20250830_t1815555_e1817196_b71723_c20250830194309340000_oeac_ops.h5,GDNBO_npp_d20250830_t1815555_e1817196_b71723_c20250830194045994000_oeac_ops.h5,SVI04_npp_d20250830_t1815555_e1817196_b71723_c20250830194317740000_oeac_ops.dspace_rad,,eez_v11.shp,WPP_BFAR_merge.shp,vbd_mpa_r20170830.shp,VNF-VBD_npp_20120301-20151231_global_asia-enhanced_c201607211230.bitmask,vbd_landsea_r20220824.mask,timezone.shp,VBD_platforms-recurring_2015_r20170330.shp,999999,VBD_bridges_c20160811.shp,8.205034;6.250037;3.961037;-0.911653;1.234481;3.316336,95.108154;108.904648;122.486862;121.346123;107.783257;94.088097,npp_d20250830_t1814301_e1815542_b71723;npp_d20250830_t1815555_e1817196_b71723;npp_d20250830_t1817209_e1818451_b71723;npp_d20250830_t1818463_e1820105_b71723,160.496,43.0712,57.3834,97.8826,114.64,-115.497
139,VBD_npp_d20250830_t1816242_x0994188E_y059410N_l0257_s0675_v23,2025-08-30 20:43:22,5.941011,99.418823,24.7458,2025-08-30 18:16:24,2025-08-31 01:16:24,257,675,0.25916,1,2401,0.768143,0.06875,0.842843,0.4,0.917771,0.75,8.04772e-16,0.0001,2.73633e-11,999999,999999,3,Malaysian Exclusive Economic Zone,,,SVDNB_npp_d20250830_t1815555_e1817196_b71723_c20250830194309340000_oeac_ops.h5,GDNBO_npp_d20250830_t1815555_e1817196_b71723_c20250830194045994000_oeac_ops.h5,SVI04_npp_d20250830_t1815555_e1817196_b71723_c20250830194317740000_oeac_ops.dspace_rad,,eez_v11.shp,WPP_BFAR_merge.shp,vbd_mpa_r20170830.shp,VNF-VBD_npp_20120301-20151231_global_asia-enhanced_c201607211230.bitmask,vbd_landsea_r20220824.mask,timezone.shp,VBD_platforms-recurring_2015_r20170330.shp,999999,VBD_bridges_c20160811.shp,8.205034;6.250037;3.961037;-0.911653;1.234481;3.316336,95.108154;108.904648;122.486862;121.346123;107.783257;94.088097,npp_d20250830_t1814301_e1815542_b71723;npp_d20250830_t1815555_e1817196_b71723;npp_d20250830_t1817209_e1818451_b71723;npp_d20250830_t1818463_e1820105_b71723,160.179,42.4827,57.3601,98.2592,114.855,-115.351
141,VBD_npp_d20250830_t1816296_x0993531E_y055822N_l0312_s0676_v23,2025-08-30 20:43:22,5.582154,99.353050,2.9183,2025-08-30 18:16:29,2025-08-31 01:16:29,312,676,0.0711605,8,18721,0.187609,0.06875,0.722977,0.4,0.748274,0.75,9.39435e-16,0.0001,2.43901e-11,999999,999999,3,Malaysian Exclusive Economic Zone,,,SVDNB_npp_d20250830_t1815555_e1817196_b71723_c20250830194309340000_oeac_ops.h5,GDNBO_npp_d20250830_t1815555_e1817196_b71723_c20250830194045994000_oeac_ops.h5,SVI04_npp_d20250830_t1815555_e1817196_b71723_c20250830194317740000_oeac_ops.dspace_rad,,eez_v11.shp,WPP_BFAR_merge.shp,vbd_mpa_r20170830.shp,VNF-VBD_npp_20120301-20151231_global_asia-enhanced_c201607211230.bitmask,vbd_landsea_r20220824.mask,timezone.shp,VBD_platforms-recurring_2015_r20170330.shp,0.473598,VBD_bridges_c20160811.shp,8.205034;6.250037;3.961037;-0.911653;1.234481;3.316336,95.108154;108.904648;122.486862;121.346123;107.783257;94.088097,npp_d20250830_t1814301_e1815542_b71723;npp_d20250830_t1815555_e1817196_b71723;npp_d20250830_t1817209_e1818451_b71723;npp_d20250830_t1818463_e1820105_b71723,160.471,43.0711,57.3352,98.0103,114.663,-115.491
167,VBD_npp_d20250830_t1816296_x0994297E_y055785N_l0311_s0687_v23,2025-08-30 20:43:22,5.578518,99.429733,24.4114,2025-08-30 18:16:29,2025-08-31 01:16:29,311,687,0.205811,8,18785,0.845514,0.06875,0.88932,0.4,0.962589,0.75,8.64324e-16,0.0001,2.21578e-11,999999,999999,3,Malaysian Exclusive Economic Zone,,,SVDNB_npp_d20250830_t1815555_e1817196_b71723_c20250830194309340000_oeac_ops.h5,GDNBO_npp_d20250830_t1815555_e1817196_b71723_c20250830194045994000_oeac_ops.h5,SVI04_npp_d20250830_t1815555_e1817196_b71723_c20250830194317740000_oeac_ops.dspace_rad,,eez_v11.shp,WPP_BFAR_merge.shp,vbd_mpa_r20170830.shp,VNF-VBD_npp_20120301-20151231_global_asia-enhanced_c201607211230.bitmask,vbd_landsea_r20220824.mask,timezone.shp,VBD_platforms-recurring_2015_r20170330.shp,0.095506,VBD_bridges_c20160811.shp,8.205034;6.250037;3.961037;-0.911653;1.234481;3.316336,95.108154;108.904648;122.486862;121.346123;107.783257;94.088097,npp_d20250830_t1814301_e1815542_b71723;npp_d20250830_t1815555_e1817196_b71723;npp_d20250830_t1817209_e1818451_b71723;npp_d20250830_t1818463_e1820105_b71723,160.422,43.2423,57.0662,98.0622,114.73,-115.5
175,VBD_npp_d20250830_t1816296_x0994562E_y055178N_l0319_s0692_v23,2025-08-30 20:43:22,5.517812,99.456238,7.17461,2025-08-30 18:16:29,2025-08-31 01:16:29,319,692,0.191158,1,2401,0.442837,0.06875,0.818189,0.4,0.915829,0.75,8.62058e-16,0.0001,2.04188e-11,999999,999999,3,Malaysian Exclusive Economic Zone,,,SVDNB_npp_d20250830_t1815555_e1817196_b71723_c20250830194309340000_oeac_ops.h5,GDNBO_npp_d20250830_t1815555_e1817196_b71723_c20250830194045994000_oeac_ops.h5,SVI04_npp_d20250830_t1815555_e1817196_b71723_c20250830194317740000_oeac_ops.dspace_rad,,eez_v11.shp,WPP_BFAR_merge.shp,vbd_mpa_r20170830.shp,VNF-VBD_npp_20120301-20151231_global_asia-enhanced_c201607211230.bitmask,vbd_landsea_r20220824.mask,timezone.shp,VBD_platforms-recurring_2015_r20170330.shp,999999,VBD_bridges_c20160811.shp,8.205034;6.250037;3.961037;-0.911653;1.234481;3.316336,95.108154;108.904648;122.486862;121.346123;107.783257;94.088097,npp_d20250830_t1814301_e1815542_b71723;npp_d20250830_t1815555_e1817196_b71723;npp_d20250830_t1817209_e1818451_b71723;npp_d20250830_t1818463_e1820105_b71723,160.448,43.416,56.9437,97.7137,114.727,-115.527
197,VBD_npp_d20250830_t1816135_x0997635E_y064275N_l0176_s0708_v23,2025-08-30 20:43:22,6.427493,99.763550,6.06326,2025-08-30 18:16:13,2025-08-31 02:16:13,176,708,0.327019,2,2337,0.313013,0.06875,0.748743,0.4,0.712691,0.75,5.50951e-16,0.0001,2.16225e-11,999999,999999,1,Malaysian Exclusive Economic Zone,,,SVDNB_npp_d20250830_t1815555_e1817196_b71723_c20250830194309340000_oeac_ops.h5,GDNBO_npp_d20250830_t1815555_e1817196_b71723_c20250830194045994000_oeac_ops.h5,SVI04_npp_d20250830_t1815555_e1817196_b71723_c20250830194317740000_oeac_ops.dspace_rad,,eez_v11.shp,WPP_BFAR_merge.shp,vbd_mpa_r20170830.shp,VNF-VBD_npp_20120301-20151231_global_asia-enhanced_c201607211230.bitmask,vbd_landsea_r20220824.mask,timezone.shp,VBD_platforms-recurring_2015_r20170330.shp,999999,VBD_bridges_c20160811.shp,8.205034;6.250037;3.961037;-0.911653;1.234481;3.316336,95.108154;108.904648;122.486862;121.346123;107.783257;94.088097,npp_d20250830_t1814301_e1815542_b71723;npp_d20250830_t1815555_e1817196_b71723;npp_d20250830_t1817209_e1818451_b71723;npp_d20250830_t1818463_e1820105_b71723,159.618,42.2222,56.5458,97.5457,115.331,-115.178
205,VBD_npp_d20250830_t1816171_x0997762E_y062759N_l0199_s0715_v23,2025-08-30 20:43:22,6.275880,99.776230,4.40987,2025-08-30 18:16:17,2025-08-31 02:16:17,199,715,0.205598,2,2337,0.231632,0.06875,0.605485,0.4,0.732502,0.75,5.71468e-16,0.0001,2.01884e-11,999999,999999,1,Malaysian Exclusive Economic Zone,,,SVDNB_npp_d20250830_t1815555_e1817196_b71723_c20250830194309340000_oeac_ops.h5,GDNBO_npp_d20250830_t1815555_e1817196_b71723_c20250830194045994000_oeac_ops.h5,SVI04_npp_d20250830_t1815555_e1817196_b71723_c20250830194317740000_oeac_ops.dspace_rad,,eez_v11.shp,WPP_BFAR_merge.shp,vbd_mpa_r20170830.shp,VNF-VBD_npp_20120301-20151231_global_asia-enhanced_c201607211230.bitmask,vbd_landsea_r20220824.mask,timezone.shp,VBD_platforms-recurring_2015_r20170330.shp,999999,VBD_bridges_c20160811.shp,8.205034;6.250037;3.961037;-0.911653;1.234481;3.316336,95.108154;108.904648;122.486862;121.346123;107.783257;94.088097,npp_d20250830_t1814301_e1815542_b71723;npp_d20250830_t1815555_e1817196_b71723;npp_d20250830_t1817209_e1818451_b71723;npp_d20250830_t1818463_e1820105_b71723,159.712,42.5555,56.3713,97.9776,115.291,-115.243
214,VBD_npp_d20250830_t1816242_x0997331E_y058764N_l0260_s0721_v23,2025-08-30 20:43:22,5.876391,99.733147,13.5348,2025-08-30 18:16:24,2025-08-31 01:16:24,260,721,0.153744,8,18785,0.614556,0.06875,0.855832,0.4,0.940405,0.75,6.18971e-16,0.0001,1.77196e-11,999999,999999,3,Malaysian Exclusive Economic Zone,,,SVDNB_npp_d20250830_t1815555_e1817196_b71723_c20250830194309340000_oeac_ops.h5,GDNBO_npp_d20250830_t1815555_e1817196_b71723_c20250830194045994000_oeac_ops.h5,SVI04_npp_d20250830_t1815555_e1817196_b71723_c20250830194317740000_oeac_ops.dspace_rad,,eez_v11.shp,WPP_BFAR_merge.shp,vbd_mpa_r20170830.shp,VNF-VBD_npp_20120301-20151231_global_asia-enhanced_c201607211230.bitmask,vbd_landsea_r20220824.mask,timezone.shp,VBD_platforms-recurring_2015_r20170330.shp,0.914284,VBD_bridges_c20160811.shp,8.205034;6.250037;3.961037;-0.911653;1.234481;3.316336,95.108154;108.904648;122.486862;121.346123;107.783257;94.088097,npp_d20250830_t1814301_e1815542_b71723;npp_d20250830_t1815555_e1817196_b71723;npp_d20250830_t1817209_e1818451_b71723;npp_d20250830_t1818463_e1820105_b71723,160.013,43.2693,56.2178,98.1741,115.109,-115.405
226,VBD_npp_d20250830_t1816189_x0998501E_y061935N_l0210_s0728_v23,2025-08-30 20:43:22,6.193472,99.850121,2.65405,2025-08-30 18:16:18,2025-08-31 02:16:18,210,728,0.165765,2,2337,0.144464,0.06875,0.763595,0.4,0.695661,0.75,5.46948e-16,0.0001,1.79178e-11,999999,999999,3,Malaysian Exclusive Economic Zone,,,SVDNB_npp_d20250830_t1815555_e1817196_b71723_c20250830194309340000_oeac_ops.h5,GDNBO_npp_d20250830_t1815555_e1817196_b71723_c20250830194045994000_oeac_ops.h5,SVI04_npp_d20250830_t1815555_e1817196_b71723_c20250830194317740000_oeac_ops.dspace_rad,,eez_v11.shp,WPP_BFAR_merge.shp,vbd_mpa_r20170830.shp,VNF-VBD_npp_20120301-20151231_global_asia-enhanced_c201607211230.bitmask,vbd_landsea_r20220824.mask,timezone.shp,VBD_platforms-recurring_2015_r20170330.shp,999999,VBD_bridges_c20160811.shp,8.205034;6.250037;3.961037;-0.911653;1.234481;3.316336,95.108154;108.904648;122.486862;121.346123;107.783257;94.088097,npp_d20250830_t1814301_e1815542_b71723;npp_d20250830_t1815555_e1817196_b71723;npp_d20250830_t1817209_e1818451_b71723;npp_d20250830_t1818463_e1820105_b71723,159.717,42.8763,56.0373,98.2227,115.329,-115.283
228,VBD_npp_d20250830_t1816171_x0998760E_y062269N_l0204_s0730_v23,2025-08-30 20:43:22,6.226882,99.875954,2.8189,2025-08-30 18:16:17,2025-08-31 02:16:17,204,730,0.232912,1,2401,0.167066,0.06875,0.800132,0.4,0.781806,0.75,5.35334e-16,0.0001,1.7206e-11,999999,999999,3,Malaysian Exclusive Economic Zone,,,SVDNB_npp_d20250830_t1815555_e1817196_b71723_c20250830194309340000_oeac_ops.h5,GDNBO_npp_d20250830_t1815555_e1817196_b71723_c20250830194045994000_oeac_ops.h5,SVI04_npp_d20250830_t1815555_e1817196_b71723_c20250830194317740000_oeac_ops.dspace_rad,,eez_v11.shp,WPP_BFAR_merge.shp,vbd_mpa_r20170830.shp,VNF-VBD_npp_20120301-20151231_global_asia-enhanced_c201607211230.bitmask,vbd_landsea_r20220824.mask,timezone.shp,VBD_platforms-recurring_2015_r20170330.shp,999999,VBD_bridges_c20160811.shp,8.205034;6.250037;3.961037;-0.911653;1.234481;3.316336,95.108154;108.904648;122.486862;121.346123;107.783257;94.088097,npp_d20250830_t1814301_e1815542_b71723;npp_d20250830_t1815555_e1817196_b71723;npp_d20250830_t1817209_e1818451_b71723;npp_d20250830_t1818463_e1820105_b71723,159.68,42.8531,55.9876,97.7665,115.359,-115.271
229,VBD_npp_d20250830_t1816242_x0997977E_y058811N_l0258_s0730_v23,2025-08-30 20:43:22,5.881085,99.797684,10.9469,2025-08-30 18:16:24,2025-08-31 01:16:24,258,730,0.184899,1,2401,0.556681,0.06875,0.843077,0.4,0.925518,0.75,5.89473e-16,0.0001,1.65039e-11,999999,999999,3,Malaysian Exclusive Economic Zone,,,SVDNB_npp_d20250830_t1815555_e1817196_b71723_c20250830194309340000_oeac_ops.h5,GDNBO_npp_d20250830_t1815555_e1817196_b71723_c20250830194045994000_oeac_ops.h5,SVI04_npp_d20250830_t1815555_e1817196_b71723_c20250830194317740000_oeac_ops.dspace_rad,,eez_v11.shp,WPP_BFAR_merge.shp,vbd_mpa_r20170830.shp,VNF-VBD_npp_20120301-20151231_global_asia-enhanced_c201607211230.bitmask,vbd_landsea_r20220824.mask,timezone.shp,VBD_platforms-recurring_2015_r20170330.shp,999999,VBD_bridges_c20160811.shp,8.205034;6.250037;3.961037;-0.911653;1.234481;3.316336,95.108154;108.904648;122.486862;121.346123;107.783257;94.088097,npp_d20250830_t1814301_e1815542_b71723;npp_d20250830_t1815555_e1817196_b71723;npp_d20250830_t1817209_e1818451_b71723;npp_d20250830_t1818463_e1820105_b71723,159.966,43.3952,55.9873,98.2698,115.168,-115.409
233,VBD_npp_d20250830_t1816242_x0998045E_y058312N_l0265_s0732_v23,2025-08-30 20:43:22,5.831218,99.804543,4.80479,2025-08-30 18:16:24,2025-08-31 01:16:24,265,732,0.119672,1,2401,0.321778,0.06875,0.804251,0.4,0.897672,0.75,5.9033e-16,0.0001,1.57255e-11,999999,999999,3,Malaysian Exclusive Economic Zone,,,SVDNB_npp_d20250830_t1815555_e1817196_b71723_c20250830194309340000_oeac_ops.h5,GDNBO_npp_d20250830_t1815555_e1817196_b71723_c20250830194045994000_oeac_ops.h5,SVI04_npp_d20250830_t1815555_e1817196_b71723_c20250830194317740000_oeac_ops.dspace_rad,,eez_v11.shp,WPP_BFAR_merge.shp,vbd_mpa_r20170830.shp,VNF-VBD_npp_20120301-20151231_global_asia-enhanced_c201607211230.bitmask,vbd_landsea_r20220824.mask,timezone.shp,VBD_platforms-recurring_2015_r20170330.shp,999999,VBD_bridges_c20160811.shp,8.205034;6.250037;3.961037;-0.911653;1.234481;3.316336,95.108154;108.904648;122.486862;121.346123;107.783257;94.088097,npp_d20250830_t1814301_e1815542_b71723;npp_d20250830_t1815555_e1817196_b71723;npp_d20250830_t1817209_e1818451_b71723;npp_d20250830_t1818463_e1820105_b71723,159.997,43.5036,55.9366,97.9597,115.153,-115.43
238,VBD_npp_d20250830_t1816171_x0999105E_y062221N_l0204_s0735_v23,2025-08-30 20:43:22,6.222086,99.910484,11.0159,2025-08-30 18:16:17,2025-08-31 02:16:17,204,735,0.288466,1,2401,0.573483,0.06875,0.835757,0.4,0.916346,0.75,5.21491e-16,0.0001,1.64559e-11,999999,999999,3,Malaysian Exclusive Economic Zone,,,SVDNB_npp_d20250830_t1815555_e1817196_b71723_c20250830194309340000_oeac_ops.h5,GDNBO_npp_d20250830_t1815555_e1817196_b71723_c20250830194045994000_oeac_ops.h5,SVI04_npp_d20250830_t1815555_e1817196_b71723_c20250830194317740000_oeac_ops.dspace_rad,,eez_v11.shp,WPP_BFAR_merge.shp,vbd_mpa_r20170830.shp,VNF-VBD_npp_20120301-20151231_global_asia-enhanced_c201607211230.bitmask,vbd_landsea_r20220824.mask,timezone.shp,VBD_platforms-recurring_2015_r20170330.shp,999999,VBD_bridges_c20160811.shp,8.205034;6.250037;3.961037;-0.911653;1.234481;3.316336,95.108154;108.904648;122.486862;121.346123;107.783257;94.088097,npp_d20250830_t1814301_e1815542_b71723;npp_d20250830_t1815555_e1817196_b71723;npp_d20250830_t1817209_e1818451_b71723;npp_d20250830_t1818463_e1820105_b71723,159.66,42.9335,55.8597,97.7699,115.388,-115.276
268,VBD_npp_d20250830_t1816260_x0999919E_y057391N_l0275_s0762_v23,2025-08-30 20:43:22,5.739051,99.991890,3.23637,2025-08-30 18:16:26,2025-08-31 02:16:26,275,762,0.0842486,1,2401,0.232764,0.06875,0.679687,0.4,0.888625,0.75,5.06311e-16,0.0001,1.22957e-11,999999,999999,3,Malaysian Exclusive Economic Zone,,,SVDNB_npp_d20250830_t1815555_e1817196_b71723_c20250830194309340000_oeac_ops.h5,GDNBO_npp_d20250830_t1815555_e1817196_b71723_c20250830194045994000_oeac_ops.h5,SVI04_npp_d20250830_t1815555_e1817196_b71723_c20250830194317740000_oeac_ops.dspace_rad,,eez_v11.shp,WPP_BFAR_merge.shp,vbd_mpa_r20170830.shp,VNF-VBD_npp_20120301-20151231_global_asia-enhanced_c201607211230.bitmask,vbd_landsea_r20220824.mask,timezone.shp,VBD_platforms-recurring_2015_r20170330.shp,999999,VBD_bridges_c20160811.shp,8.205034;6.250037;3.961037;-0.911653;1.234481;3.316336,95.108154;108.904648;122.486862;121.346123;107.783257;94.088097,npp_d20250830_t1814301_e1815542_b71723;npp_d20250830_t1815555_e1817196_b71723;npp_d20250830_t1817209_e1818451_b71723;npp_d20250830_t1818463_e1820105_b71723,159.93,44.0817,55.1726,98.2623,115.287,-115.486
328,VBD_npp_d20250830_t1816278_x1003485E_y055681N_l0293_s0818_v23,2025-08-30 20:43:22,5.568065,100.348526,10.0084,2025-08-30 18:16:27,2025-08-31 02:16:27,293,818,0.287185,2,2337,0.231071,0.06875,0.641282,0.4,0.668347,0.75,3.79474e-16,0.0001,7.69998e-12,999999,999999,1,,,,SVDNB_npp_d20250830_t1815555_e1817196_b71723_c20250830194309340000_oeac_ops.h5,GDNBO_npp_d20250830_t1815555_e1817196_b71723_c20250830194045994000_oeac_ops.h5,SVI04_npp_d20250830_t1815555_e1817196_b71723_c20250830194317740000_oeac_ops.dspace_rad,,eez_v11.shp,WPP_BFAR_merge.shp,vbd_mpa_r20170830.shp,VNF-VBD_npp_20120301-20151231_global_asia-enhanced_c201607211230.bitmask,vbd_landsea_r20220824.mask,timezone.shp,VBD_platforms-recurring_2015_r20170330.shp,999999,VBD_bridges_c20160811.shp,8.205034;6.250037;3.961037;-0.911653;1.234481;3.316336,95.108154;108.904648;122.486862;121.346123;107.783257;94.088097,npp_d20250830_t1814301_e1815542_b71723;npp_d20250830_t1815555_e1817196_b71723;npp_d20250830_t1817209_e1818451_b71723;npp_d20250830_t1818463_e1820105_b71723,159.797,45.1482,53.6924,98.2334,115.538,-115.592
343,VBD_npp_d20250830_t1815593_x1007844E_y071883N_l0041_s0831_v23,2025-08-30 20:43:22,7.188250,100.784355,1.53477,2025-08-30 18:15:59,2025-08-31 01:15:59,41,831,0.331927,10,2305,0.074267,0.06875,0.339681,0.4,0.705347,0.75,1.63249e-16,0.0001,9.01663e-12,999999,999999,3,Thailand Exclusive Economic Zone,,,SVDNB_npp_d20250830_t1815555_e1817196_b71723_c20250830194309340000_oeac_ops.h5,GDNBO_npp_d20250830_t1815555_e1817196_b71723_c20250830194045994000_oeac_ops.h5,SVI04_npp_d20250830_t1815555_e1817196_b71723_c20250830194317740000_oeac_ops.dspace_rad,,eez_v11.shp,WPP_BFAR_merge.shp,vbd_mpa_r20170830.shp,VNF-VBD_npp_20120301-20151231_global_asia-enhanced_c201607211230.bitmask,vbd_landsea_r20220824.mask,timezone.shp,VBD_platforms-recurring_2015_r20170330.shp,999999,VBD_bridges_c20160811.shp,8.205034;6.250037;3.961037;-0.911653;1.234481;3.316336,95.108154;108.904648;122.486862;121.346123;107.783257;94.088097,npp_d20250830_t1814301_e1815542_b71723;npp_d20250830_t1815555_e1817196_b71723;npp_d20250830_t1817209_e1818451_b71723;npp_d20250830_t1818463_e1820105_b71723,158.412,42.8298,53.3451,97.838,116.512,-114.93
360,VBD_npp_d20250830_t1816011_x1008176E_y070903N_l0055_s0839_v23,2025-08-30 20:43:22,7.090307,100.817650,5.16663,2025-08-30 18:16:01,2025-08-31 01:16:01,55,839,0.332282,1,2401,0.330555,0.06875,0.825919,0.4,0.868696,0.75,1.65246e-16,0.0001,8.39163e-12,999999,999999,3,Thailand Exclusive Economic Zone,,,SVDNB_npp_d20250830_t1815555_e1817196_b71723_c20250830194309340000_oeac_ops.h5,GDNBO_npp_d20250830_t1815555_e1817196_b71723_c20250830194045994000_oeac_ops.h5,SVI04_npp_d20250830_t1815555_e1817196_b71723_c20250830194317740000_oeac_ops.dspace_rad,,eez_v11.shp,WPP_BFAR_merge.shp,vbd_mpa_r20170830.shp,VNF-VBD_npp_20120301-20151231_global_asia-enhanced_c201607211230.bitmask,vbd_landsea_r20220824.mask,timezone.shp,VBD_platforms-recurring_2015_r20170330.shp,999999,VBD_bridges_c20160811.shp,8.205034;6.250037;3.961037;-0.911653;1.234481;3.316336,95.108154;108.904648;122.486862;121.346123;107.783257;94.088097,npp_d20250830_t1814301_e1815542_b71723;npp_d20250830_t1815555_e1817196_b71723;npp_d20250830_t1817209_e1818451_b71723;npp_d20250830_t1818463_e1820105_b71723,158.456,43.0786,53.1304,97.9516,116.507,-114.976
371,VBD_npp_d20250830_t1816011_x1008527E_y070991N_l0053_s0844_v23,2025-08-30 20:43:22,7.099100,100.852722,5.02582,2025-08-30 18:16:01,2025-08-31 01:16:01,53,844,0.313077,1,2401,0.328978,0.06875,0.821347,0.4,0.869414,0.75,1.59518e-16,0.0001,8.14133e-12,999999,999999,3,Thailand Exclusive Economic Zone,,,SVDNB_npp_d20250830_t1815555_e1817196_b71723_c20250830194309340000_oeac_ops.h5,GDNBO_npp_d20250830_t1815555_e1817196_b71723_c20250830194045994000_oeac_ops.h5,SVI04_npp_d20250830_t1815555_e1817196_b71723_c20250830194317740000_oeac_ops.dspace_rad,,eez_v11.shp,WPP_BFAR_merge.shp,vbd_mpa_r20170830.shp,VNF-VBD_npp_20120301-20151231_global_asia-enhanced_c201607211230.bitmask,vbd_landsea_r20220824.mask,timezone.shp,VBD_platforms-recurring_2015_r20170330.shp,999999,VBD_bridges_c20160811.shp,8.205034;6.250037;3.961037;-0.911653;1.234481;3.316336,95.108154;108.904648;122.486862;121.346123;107.783257;94.088097,npp_d20250830_t1814301_e1815542_b71723;npp_d20250830_t1815555_e1817196_b71723;npp_d20250830_t1817209_e1818451_b71723;npp_d20250830_t1818463_e1820105_b71723,158.426,43.132,52.9961,98.0517,116.542,-114.975
375,VBD_npp_d20250830_t1815575_x1008999E_y072787N_l0025_s0845_v23,2025-08-30 20:43:22,7.278727,100.899933,10.1006,2025-08-30 18:15:57,2025-08-31 01:15:57,25,845,0.187246,8,18785,0.504477,0.06875,0.793146,0.4,0.908201,0.75,1.41566e-16,0.0001,8.20731e-12,999999,999999,3,Thailand Exclusive Economic Zone,,,SVDNB_npp_d20250830_t1815555_e1817196_b71723_c20250830194309340000_oeac_ops.h5,GDNBO_npp_d20250830_t1815555_e1817196_b71723_c20250830194045994000_oeac_ops.h5,SVI04_npp_d20250830_t1815555_e1817196_b71723_c20250830194317740000_oeac_ops.dspace_rad,,eez_v11.shp,WPP_BFAR_merge.shp,vbd_mpa_r20170830.shp,VNF-VBD_npp_20120301-20151231_global_asia-enhanced_c201607211230.bitmask,vbd_landsea_r20220824.mask,timezone.shp,VBD_platforms-recurring_2015_r20170330.shp,0.454794,VBD_bridges_c20160811.shp,8.205034;6.250037;3.961037;-0.911653;1.234481;3.316336,95.108154;108.904648;122.486862;121.346123;107.783257;94.088097,npp_d20250830_t1814301_e1815542_b71723;npp_d20250830_t1815555_e1817196_b71723;npp_d20250830_t1817209_e1818451_b71723;npp_d20250830_t1818463_e1820105_b71723,158.273,42.8866,52.9671,97.8343,116.647,-114.898
380,VBD_npp_d20250830_t1815593_x1009012E_y071994N_l0037_s0848_v23,2025-08-30 20:43:22,7.199365,100.901199,47.0509,2025-08-30 18:15:59,2025-08-31 01:15:59,37,848,0.319763,8,18785,1.0298,0.06875,0.90982,0.4,0.952549,0.75,1.46361e-16,0.0001,8.02762e-12,999999,999999,3,Thailand Exclusive Economic Zone,,,SVDNB_npp_d20250830_t1815555_e1817196_b71723_c20250830194309340000_oeac_ops.h5,GDNBO_npp_d20250830_t1815555_e1817196_b71723_c20250830194045994000_oeac_ops.h5,SVI04_npp_d20250830_t1815555_e1817196_b71723_c20250830194317740000_oeac_ops.dspace_rad,,eez_v11.shp,WPP_BFAR_merge.shp,vbd_mpa_r20170830.shp,VNF-VBD_npp_20120301-20151231_global_asia-enhanced_c201607211230.bitmask,vbd_landsea_r20220824.mask,timezone.shp,VBD_platforms-recurring_2015_r20170330.shp,0.550015,VBD_bridges_c20160811.shp,8.205034;6.250037;3.961037;-0.911653;1.234481;3.316336,95.108154;108.904648;122.486862;121.346123;107.783257;94.088097,npp_d20250830_t1814301_e1815542_b71723;npp_d20250830_t1815555_e1817196_b71723;npp_d20250830_t1817209_e1818451_b71723;npp_d20250830_t1818463_e1820105_b71723,158.325,43.0394,52.8884,98.0438,116.621,-114.934
384,VBD_npp_d20250830_t1816011_x1008884E_y070667N_l0057_s0850_v23,2025-08-30 20:43:22,7.066684,100.888397,3.43864,2025-08-30 18:16:01,2025-08-31 01:16:01,57,850,0.226511,2,2337,0.203192,0.06875,0.783568,0.4,0.721452,0.75,1.56525e-16,0.0001,7.6451e-12,999999,999999,3,Thailand Exclusive Economic Zone,,,SVDNB_npp_d20250830_t1815555_e1817196_b71723_c20250830194309340000_oeac_ops.h5,GDNBO_npp_d20250830_t1815555_e1817196_b71723_c20250830194045994000_oeac_ops.h5,SVI04_npp_d20250830_t1815555_e1817196_b71723_c20250830194317740000_oeac_ops.dspace_rad,,eez_v11.shp,WPP_BFAR_merge.shp,vbd_mpa_r20170830.shp,VNF-VBD_npp_20120301-20151231_global_asia-enhanced_c201607211230.bitmask,vbd_landsea_r20220824.mask,timezone.shp,VBD_platforms-recurring_2015_r20170330.shp,999999,VBD_bridges_c20160811.shp,8.205034;6.250037;3.961037;-0.911653;1.234481;3.316336,95.108154;108.904648;122.486862;121.346123;107.783257;94.088097,npp_d20250830_t1814301_e1815542_b71723;npp_d20250830_t1815555_e1817196_b71723;npp_d20250830_t1817209_e1818451_b71723;npp_d20250830_t1818463_e1820105_b71723,158.425,43.2578,52.8358,97.8643,116.56,-114.992
386,VBD_npp_d20250830_t1816011_x1009063E_y070983N_l0052_s0852_v23,2025-08-30 20:43:22,7.098347,100.906342,3.75789,2025-08-30 18:16:01,2025-08-31 01:16:01,52,852,0.247067,2,2337,0.240667,0.06875,0.761796,0.4,0.705846,0.75,1.51784e-16,0.0001,7.69082e-12,999999,999999,3,Thailand Exclusive Economic Zone,,,SVDNB_npp_d20250830_t1815555_e1817196_b71723_c20250830194309340000_oeac_ops.h5,GDNBO_npp_d20250830_t1815555_e1817196_b71723_c20250830194045994000_oeac_ops.h5,SVI04_npp_d20250830_t1815555_e1817196_b71723_c20250830194317740000_oeac_ops.dspace_rad,,eez_v11.shp,WPP_BFAR_merge.shp,vbd_mpa_r20170830.shp,VNF-VBD_npp_20120301-20151231_global_asia-enhanced_c201607211230.bitmask,vbd_landsea_r20220824.mask,timezone.shp,VBD_platforms-recurring_2015_r20170330.shp,999999,VBD_bridges_c20160811.shp,8.205034;6.250037;3.961037;-0.911653;1.234481;3.316336,95.108154;108.904648;122.486862;121.346123;107.783257;94.088097,npp_d20250830_t1814301_e1815542_b71723;npp_d20250830_t1815555_e1817196_b71723;npp_d20250830_t1817209_e1818451_b71723;npp_d20250830_t1818463_e1820105_b71723,158.39,43.2379,52.7819,98.1066,116.59,-114.979
388,VBD_npp_d20250830_t1815593_x1009302E_y071679N_l0041_s0853_v23,2025-08-30 20:43:22,7.167941,100.930191,20.5135,2025-08-30 18:15:59,2025-08-31 01:15:59,41,853,0.268407,1,2401,0.776063,0.06875,0.903874,0.4,0.927814,0.75,1.44494e-16,0.0001,7.59698e-12,999999,999999,3,Thailand Exclusive Economic Zone,,,SVDNB_npp_d20250830_t1815555_e1817196_b71723_c20250830194309340000_oeac_ops.h5,GDNBO_npp_d20250830_t1815555_e1817196_b71723_c20250830194045994000_oeac_ops.h5,SVI04_npp_d20250830_t1815555_e1817196_b71723_c20250830194317740000_oeac_ops.dspace_rad,,eez_v11.shp,WPP_BFAR_merge.shp,vbd_mpa_r20170830.shp,VNF-VBD_npp_20120301-20151231_global_asia-enhanced_c201607211230.bitmask,vbd_landsea_r20220824.mask,timezone.shp,VBD_platforms-recurring_2015_r20170330.shp,999999,VBD_bridges_c20160811.shp,8.205034;6.250037;3.961037;-0.911653;1.234481;3.316336,95.108154;108.904648;122.486862;121.346123;107.783257;94.088097,npp_d20250830_t1814301_e1815542_b71723;npp_d20250830_t1815555_e1817196_b71723;npp_d20250830_t1817209_e1818451_b71723;npp_d20250830_t1818463_e1820105_b71723,158.328,43.1499,52.7549,97.8554,116.634,-114.95
390,VBD_npp_d20250830_t1816011_x1009107E_y070363N_l0061_s0854_v23,2025-08-30 20:43:22,7.036253,100.910744,1.80816,2025-08-30 18:16:01,2025-08-31 01:16:01,61,854,0.227293,2,2337,0.0805244,0.06875,0.648447,0.4,0.635528,0.75,1.55209e-16,0.0001,7.29421e-12,999999,999999,3,Thailand Exclusive Economic Zone,,,SVDNB_npp_d20250830_t1815555_e1817196_b71723_c20250830194309340000_oeac_ops.h5,GDNBO_npp_d20250830_t1815555_e1817196_b71723_c20250830194045994000_oeac_ops.h5,SVI04_npp_d20250830_t1815555_e1817196_b71723_c20250830194317740000_oeac_ops.dspace_rad,,eez_v11.shp,WPP_BFAR_merge.shp,vbd_mpa_r20170830.shp,VNF-VBD_npp_20120301-20151231_global_asia-enhanced_c201607211230.bitmask,vbd_landsea_r20220824.mask,timezone.shp,VBD_platforms-recurring_2015_r20170330.shp,999999,VBD_bridges_c20160811.shp,8.205034;6.250037;3.961037;-0.911653;1.234481;3.316336,95.108154;108.904648;122.486862;121.346123;107.783257;94.088097,npp_d20250830_t1814301_e1815542_b71723;npp_d20250830_t1815555_e1817196_b71723;npp_d20250830_t1817209_e1818451_b71723;npp_d20250830_t1818463_e1820105_b71723,158.432,43.3541,52.7297,97.6747,116.567,-115.007
392,VBD_npp_d20250830_t1815593_x1009404E_y071460N_l0044_s0855_v23,2025-08-30 20:43:22,7.146049,100.940384,8.31352,2025-08-30 18:15:59,2025-08-31 01:15:59,44,855,0.285763,1,2401,0.474516,0.06875,0.86456,0.4,0.91672,0.75,1.44514e-16,0.0001,7.38916e-12,999999,999999,3,Thailand Exclusive Economic Zone,,,SVDNB_npp_d20250830_t1815555_e1817196_b71723_c20250830194309340000_oeac_ops.h5,GDNBO_npp_d20250830_t1815555_e1817196_b71723_c20250830194045994000_oeac_ops.h5,SVI04_npp_d20250830_t1815555_e1817196_b71723_c20250830194317740000_oeac_ops.dspace_rad,,eez_v11.shp,WPP_BFAR_merge.shp,vbd_mpa_r20170830.shp,VNF-VBD_npp_20120301-20151231_global_asia-enhanced_c201607211230.bitmask,vbd_landsea_r20220824.mask,timezone.shp,VBD_platforms-recurring_2015_r20170330.shp,999999,VBD_bridges_c20160811.shp,8.205034;6.250037;3.961037;-0.911653;1.234481;3.316336,95.108154;108.904648;122.486862;121.346123;107.783257;94.088097,npp_d20250830_t1814301_e1815542_b71723;npp_d20250830_t1815555_e1817196_b71723;npp_d20250830_t1817209_e1818451_b71723;npp_d20250830_t1818463_e1820105_b71723,158.337,43.2074,52.702,97.7124,116.634,-114.96
395,VBD_npp_d20250830_t1815557_x1009951E_y073301N_l0015_s0857_v23,2025-08-30 20:43:22,7.330141,100.995087,2.5624,2025-08-30 18:15:55,2025-08-31 01:15:55,15,857,0.184828,2,2337,0.170124,0.055,0.5527,0.4,0.727138,0.75,1.26314e-16,0.0001,7.41045e-12,999999,999999,3,Thailand Exclusive Economic Zone,,,SVDNB_npp_d20250830_t1815555_e1817196_b71723_c20250830194309340000_oeac_ops.h5,GDNBO_npp_d20250830_t1815555_e1817196_b71723_c20250830194045994000_oeac_ops.h5,SVI04_npp_d20250830_t1815555_e1817196_b71723_c20250830194317740000_oeac_ops.dspace_rad,,eez_v11.shp,WPP_BFAR_merge.shp,vbd_mpa_r20170830.shp,VNF-VBD_npp_20120301-20151231_global_asia-enhanced_c201607211230.bitmask,vbd_landsea_r20220824.mask,timezone.shp,VBD_platforms-recurring_2015_r20170330.shp,999999,VBD_bridges_c20160811.shp,8.205034;6.250037;3.961037;-0.911653;1.234481;3.316336,95.108154;108.904648;122.486862;121.346123;107.783257;94.088097,npp_d20250830_t1814301_e1815542_b71723;npp_d20250830_t1815555_e1817196_b71723;npp_d20250830_t1817209_e1818451_b71723;npp_d20250830_t1818463_e1820105_b71723,158.176,42.9696,52.6456,97.5325,116.747,-114.882
396,VBD_npp_d20250830_t1815575_x1009950E_y072301N_l0030_s0860_v23,2025-08-30 20:43:22,7.230122,100.995026,2.12261,2025-08-30 18:15:57,2025-08-31 01:15:57,30,860,0.186322,8,18721,0.101323,0.055,0.664278,0.4,0.63511,0.75,1.32391e-16,0.0001,7.14746e-12,999999,999999,3,Thailand Exclusive Economic Zone,,,SVDNB_npp_d20250830_t1815555_e1817196_b71723_c20250830194309340000_oeac_ops.h5,GDNBO_npp_d20250830_t1815555_e1817196_b71723_c20250830194045994000_oeac_ops.h5,SVI04_npp_d20250830_t1815555_e1817196_b71723_c20250830194317740000_oeac_ops.dspace_rad,,eez_v11.shp,WPP_BFAR_merge.shp,vbd_mpa_r20170830.shp,VNF-VBD_npp_20120301-20151231_global_asia-enhanced_c201607211230.bitmask,vbd_landsea_r20220824.mask,timezone.shp,VBD_platforms-recurring_2015_r20170330.shp,0.385447,VBD_bridges_c20160811.shp,8.205034;6.250037;3.961037;-0.911653;1.234481;3.316336,95.108154;108.904648;122.486862;121.346123;107.783257;94.088097,npp_d20250830_t1814301_e1815542_b71723;npp_d20250830_t1815555_e1817196_b71723;npp_d20250830_t1817209_e1818451_b71723;npp_d20250830_t1818463_e1820105_b71723,158.244,43.1547,52.5597,97.5955,116.711,-114.927
400,VBD_npp_d20250830_t1815593_x1010293E_y071259N_l0045_s0868_v23,2025-08-30 20:43:22,7.125892,101.029335,4.125,2025-08-30 18:15:59,2025-08-31 01:15:59,45,868,0.319834,1,2401,0.287786,0.055,0.732891,0.4,0.840649,0.75,1.33828e-16,0.0001,6.63533e-12,999999,999999,3,Thailand Exclusive Economic Zone,,,SVDNB_npp_d20250830_t1815555_e1817196_b71723_c20250830194309340000_oeac_ops.h5,GDNBO_npp_d20250830_t1815555_e1817196_b71723_c20250830194045994000_oeac_ops.h5,SVI04_npp_d20250830_t1815555_e1817196_b71723_c20250830194317740000_oeac_ops.dspace_rad,,eez_v11.shp,WPP_BFAR_merge.shp,vbd_mpa_r20170830.shp,VNF-VBD_npp_20120301-20151231_global_asia-enhanced_c201607211230.bitmask,vbd_landsea_r20220824.mask,timezone.shp,VBD_platforms-recurring_2015_r20170330.shp,999999,VBD_bridges_c20160811.shp,8.205034;6.250037;3.961037;-0.911653;1.234481;3.316336,95.108154;108.904648;122.486862;121.346123;107.783257;94.088097,npp_d20250830_t1814301_e1815542_b71723;npp_d20250830_t1815555_e1817196_b71723;npp_d20250830_t1817209_e1818451_b71723;npp_d20250830_t1818463_e1820105_b71723,158.291,43.4147,52.3319,97.6661,116.705,-114.976
402,VBD_npp_d20250830_t1815575_x1010646E_y072206N_l0030_s0870_v23,2025-08-30 20:43:22,7.220594,101.064644,14.754,2025-08-30 18:15:57,2025-08-31 01:15:57,30,870,0.226297,1,2401,0.602336,0.055,0.842641,0.4,0.886779,0.75,1.24243e-16,0.0001,6.6022e-12,999999,999999,3,Thailand Exclusive Economic Zone,,,SVDNB_npp_d20250830_t1815555_e1817196_b71723_c20250830194309340000_oeac_ops.h5,GDNBO_npp_d20250830_t1815555_e1817196_b71723_c20250830194045994000_oeac_ops.h5,SVI04_npp_d20250830_t1815555_e1817196_b71723_c20250830194317740000_oeac_ops.dspace_rad,,eez_v11.shp,WPP_BFAR_merge.shp,vbd_mpa_r20170830.shp,VNF-VBD_npp_20120301-20151231_global_asia-enhanced_c201607211230.bitmask,vbd_landsea_r20220824.mask,timezone.shp,VBD_platforms-recurring_2015_r20170330.shp,999999,VBD_bridges_c20160811.shp,8.205034;6.250037;3.961037;-0.911653;1.234481;3.316336,95.108154;108.904648;122.486862;121.346123;107.783257;94.088097,npp_d20250830_t1814301_e1815542_b71723;npp_d20250830_t1815555_e1817196_b71723;npp_d20250830_t1817209_e1818451_b71723;npp_d20250830_t1818463_e1820105_b71723,158.203,43.3057,52.2726,97.6028,116.769,-114.937
403,VBD_npp_d20250830_t1815593_x1010590E_y071849N_l0036_s0871_v23,2025-08-30 20:43:22,7.184897,101.059044,4.15681,2025-08-30 18:15:59,2025-08-31 01:15:59,36,871,0.239314,8,18785,0.267534,0.055,0.804707,0.4,0.829119,0.75,1.26549e-16,0.0001,6.73698e-12,999999,999999,3,Thailand Exclusive Economic Zone,,,SVDNB_npp_d20250830_t1815555_e1817196_b71723_c20250830194309340000_oeac_ops.h5,GDNBO_npp_d20250830_t1815555_e1817196_b71723_c20250830194045994000_oeac_ops.h5,SVI04_npp_d20250830_t1815555_e1817196_b71723_c20250830194317740000_oeac_ops.dspace_rad,,eez_v11.shp,WPP_BFAR_merge.shp,vbd_mpa_r20170830.shp,VNF-VBD_npp_20120301-20151231_global_asia-enhanced_c201607211230.bitmask,vbd_landsea_r20220824.mask,timezone.shp,VBD_platforms-recurring_2015_r20170330.shp,0.478688,VBD_bridges_c20160811.shp,8.205034;6.250037;3.961037;-0.911653;1.234481;3.316336,95.108154;108.904648;122.486862;121.346123;107.783257;94.088097,npp_d20250830_t1814301_e1815542_b71723;npp_d20250830_t1815555_e1817196_b71723;npp_d20250830_t1817209_e1818451_b71723;npp_d20250830_t1818463_e1820105_b71723,158.228,43.3705,52.2446,98.1205,116.756,-114.952
407,VBD_npp_d20250830_t1816046_x1010387E_y068457N_l0087_s0878_v23,2025-08-30 20:43:22,6.845732,101.038742,3.10497,2025-08-30 18:16:04,2025-08-31 01:16:04,87,878,0.269189,2,2337,0.0974311,0.055,0.726091,0.4,0.441347,0.75,1.46e-16,0.0001,6.01227e-12,999999,999999,1,,,,SVDNB_npp_d20250830_t1815555_e1817196_b71723_c20250830194309340000_oeac_ops.h5,GDNBO_npp_d20250830_t1815555_e1817196_b71723_c20250830194045994000_oeac_ops.h5,SVI04_npp_d20250830_t1815555_e1817196_b71723_c20250830194317740000_oeac_ops.dspace_rad,,eez_v11.shp,WPP_BFAR_merge.shp,vbd_mpa_r20170830.shp,VNF-VBD_npp_20120301-20151231_global_asia-enhanced_c201607211230.bitmask,vbd_landsea_r20220824.mask,timezone.shp,VBD_platforms-recurring_2015_r20170330.shp,999999,VBD_bridges_c20160811.shp,8.205034;6.250037;3.961037;-0.911653;1.234481;3.316336,95.108154;108.904648;122.486862;121.346123;107.783257;94.088097,npp_d20250830_t1814301_e1815542_b71723;npp_d20250830_t1815555_e1817196_b71723;npp_d20250830_t1817209_e1818451_b71723;npp_d20250830_t1818463_e1820105_b71723,158.472,43.9641,52.0426,98.0122,116.614,-115.102
415,VBD_npp_d20250830_t1815575_x1011998E_y072855N_l0018_s0888_v23,2025-08-30 20:43:22,7.285489,101.199791,1.53874,2025-08-30 18:15:57,2025-08-31 01:15:57,18,888,0.161852,8,18689,0.0637228,0.055,0.273977,0.4,0.584554,0.75,1.04036e-16,0.0001,6.05211e-12,999999,999999,3,Thailand Exclusive Economic Zone,,,SVDNB_npp_d20250830_t1815555_e1817196_b71723_c20250830194309340000_oeac_ops.h5,GDNBO_npp_d20250830_t1815555_e1817196_b71723_c20250830194045994000_oeac_ops.h5,SVI04_npp_d20250830_t1815555_e1817196_b71723_c20250830194317740000_oeac_ops.dspace_rad,,eez_v11.shp,WPP_BFAR_merge.shp,vbd_mpa_r20170830.shp,VNF-VBD_npp_20120301-20151231_global_asia-enhanced_c201607211230.bitmask,vbd_landsea_r20220824.mask,timezone.shp,VBD_platforms-recurring_2015_r20170330.shp,0.531925,VBD_bridges_c20160811.shp,8.205034;6.250037;3.961037;-0.911653;1.234481;3.316336,95.108154;108.904648;122.486862;121.346123;107.783257;94.088097,npp_d20250830_t1814301_e1815542_b71723;npp_d20250830_t1815555_e1817196_b71723;npp_d20250830_t1817209_e1818451_b71723;npp_d20250830_t1818463_e1820105_b71723,158.064,43.4545,51.7562,98.2229,116.917,-114.918
423,VBD_npp_d20250830_t1815593_x1012762E_y071540N_l0036_s0903_v23,2025-08-30 20:43:22,7.153961,101.276199,2.70689,2025-08-30 18:15:59,2025-08-31 01:15:59,36,903,0.166689,2,2337,0.106351,0.055,0.626252,0.4,0.555355,0.75,1.03531e-16,0.0001,5.29719e-12,999999,999999,3,Thailand Exclusive Economic Zone,,,SVDNB_npp_d20250830_t1815555_e1817196_b71723_c20250830194309340000_oeac_ops.h5,GDNBO_npp_d20250830_t1815555_e1817196_b71723_c20250830194045994000_oeac_ops.h5,SVI04_npp_d20250830_t1815555_e1817196_b71723_c20250830194317740000_oeac_ops.dspace_rad,,eez_v11.shp,WPP_BFAR_merge.shp,vbd_mpa_r20170830.shp,VNF-VBD_npp_20120301-20151231_global_asia-enhanced_c201607211230.bitmask,vbd_landsea_r20220824.mask,timezone.shp,VBD_platforms-recurring_2015_r20170330.shp,999999,VBD_bridges_c20160811.shp,8.205034;6.250037;3.961037;-0.911653;1.234481;3.316336,95.108154;108.904648;122.486862;121.346123;107.783257;94.088097,npp_d20250830_t1814301_e1815542_b71723;npp_d20250830_t1815555_e1817196_b71723;npp_d20250830_t1817209_e1818451_b71723;npp_d20250830_t1818463_e1820105_b71723,158.102,43.8402,51.3313,98.1494,116.937,-114.984
424,VBD_npp_d20250830_t1815593_x1012952E_y071444N_l0037_s0906_v23,2025-08-30 20:43:22,7.144352,101.295189,2.50459,2025-08-30 18:15:59,2025-08-31 01:15:59,37,906,0.221674,2,2337,0.0711598,0.055,0.626252,0.4,0.481754,0.75,1.02569e-16,0.0001,5.16258e-12,999999,999999,3,Thailand Exclusive Economic Zone,,,SVDNB_npp_d20250830_t1815555_e1817196_b71723_c20250830194309340000_oeac_ops.h5,GDNBO_npp_d20250830_t1815555_e1817196_b71723_c20250830194045994000_oeac_ops.h5,SVI04_npp_d20250830_t1815555_e1817196_b71723_c20250830194317740000_oeac_ops.dspace_rad,,eez_v11.shp,WPP_BFAR_merge.shp,vbd_mpa_r20170830.shp,VNF-VBD_npp_20120301-20151231_global_asia-enhanced_c201607211230.bitmask,vbd_landsea_r20220824.mask,timezone.shp,VBD_platforms-recurring_2015_r20170330.shp,999999,VBD_bridges_c20160811.shp,8.205034;6.250037;3.961037;-0.911653;1.234481;3.316336,95.108154;108.904648;122.486862;121.346123;107.783257;94.088097,npp_d20250830_t1814301_e1815542_b71723;npp_d20250830_t1815555_e1817196_b71723;npp_d20250830_t1817209_e1818451_b71723;npp_d20250830_t1818463_e1820105_b71723,158.096,43.8929,51.2461,98.1011,116.95,-114.989
426,VBD_npp_d20250830_t1815593_x1013273E_y071329N_l0038_s0911_v23,2025-08-30 20:43:22,7.132894,101.327347,6.31829,2025-08-30 18:15:59,2025-08-31 01:15:59,38,911,0.212071,2,2337,0.246512,0.055,0.879111,0.4,0.70291,0.75,1.00669e-16,0.0001,4.96144e-12,999999,999999,3,Thailand Exclusive Economic Zone,,,SVDNB_npp_d20250830_t1815555_e1817196_b71723_c20250830194309340000_oeac_ops.h5,GDNBO_npp_d20250830_t1815555_e1817196_b71723_c20250830194045994000_oeac_ops.h5,SVI04_npp_d20250830_t1815555_e1817196_b71723_c20250830194317740000_oeac_ops.dspace_rad,,eez_v11.shp,WPP_BFAR_merge.shp,vbd_mpa_r20170830.shp,VNF-VBD_npp_20120301-20151231_global_asia-enhanced_c201607211230.bitmask,vbd_landsea_r20220824.mask,timezone.shp,VBD_platforms-recurring_2015_r20170330.shp,999999,VBD_bridges_c20160811.shp,8.205034;6.250037;3.961037;-0.911653;1.234481;3.316336,95.108154;108.904648;122.486862;121.346123;107.783257;94.088097,npp_d20250830_t1814301_e1815542_b71723;npp_d20250830_t1815555_e1817196_b71723;npp_d20250830_t1817209_e1818451_b71723;npp_d20250830_t1818463_e1820105_b71723,158.082,43.9738,51.1043,98.0544,116.974,-114.997
430,VBD_npp_d20250830_t1815593_x1013537E_y071291N_l0038_s0915_v23,2025-08-30 20:43:22,7.129148,101.353737,27.361,2025-08-30 18:15:59,2025-08-31 01:15:59,38,915,0.288679,1,2401,0.748691,0.055,0.901827,0.4,0.905908,0.75,9.88121e-17,0.0001,4.82361e-12,999999,999999,3,Thailand Exclusive Economic Zone,,,SVDNB_npp_d20250830_t1815555_e1817196_b71723_c20250830194309340000_oeac_ops.h5,GDNBO_npp_d20250830_t1815555_e1817196_b71723_c20250830194045994000_oeac_ops.h5,SVI04_npp_d20250830_t1815555_e1817196_b71723_c20250830194317740000_oeac_ops.dspace_rad,,eez_v11.shp,WPP_BFAR_merge.shp,vbd_mpa_r20170830.shp,VNF-VBD_npp_20120301-20151231_global_asia-enhanced_c201607211230.bitmask,vbd_landsea_r20220824.mask,timezone.shp,VBD_platforms-recurring_2015_r20170330.shp,999999,VBD_bridges_c20160811.shp,8.205034;6.250037;3.961037;-0.911653;1.234481;3.316336,95.108154;108.904648;122.486862;121.346123;107.783257;94.088097,npp_d20250830_t1814301_e1815542_b71723;npp_d20250830_t1815555_e1817196_b71723;npp_d20250830_t1817209_e1818451_b71723;npp_d20250830_t1818463_e1820105_b71723,158.066,44.0304,50.9908,98.0577,116.996,-115.001
431,VBD_npp_d20250830_t1815593_x1013508E_y071090N_l0041_s0915_v23,2025-08-30 20:43:22,7.108958,101.350822,4.4835,2025-08-30 18:15:59,2025-08-31 01:15:59,41,915,0.262005,7,2337,0.146912,0.055,0.897693,0.4,0.59809,0.75,1.00021e-16,0.0001,4.76444e-12,999999,999999,3,,,,SVDNB_npp_d20250830_t1815555_e1817196_b71723_c20250830194309340000_oeac_ops.h5,GDNBO_npp_d20250830_t1815555_e1817196_b71723_c20250830194045994000_oeac_ops.h5,SVI04_npp_d20250830_t1815555_e1817196_b71723_c20250830194317740000_oeac_ops.dspace_rad,,eez_v11.shp,WPP_BFAR_merge.shp,vbd_mpa_r20170830.shp,VNF-VBD_npp_20120301-20151231_global_asia-enhanced_c201607211230.bitmask,vbd_landsea_r20220824.mask,timezone.shp,VBD_platforms-recurring_2015_r20170330.shp,999999,VBD_bridges_c20160811.shp,8.205034;6.250037;3.961037;-0.911653;1.234481;3.316336,95.108154;108.904648;122.486862;121.346123;107.783257;94.088097,npp_d20250830_t1814301_e1815542_b71723;npp_d20250830_t1815555_e1817196_b71723;npp_d20250830_t1817209_e1818451_b71723;npp_d20250830_t1818463_e1820105_b71723,158.083,44.0597,50.9911,97.9043,116.985,-115.01
432,VBD_npp_d20250830_t1815593_x1013744E_y071331N_l0037_s0918_v23,2025-08-30 20:43:22,7.133072,101.374420,40.4518,2025-08-30 18:15:59,2025-08-31 01:15:59,37,918,0.314286,1,2401,0.907781,0.055,0.901827,0.4,0.949664,0.75,9.70225e-17,0.0001,4.74314e-12,999999,999999,3,Thailand Exclusive Economic Zone,,,SVDNB_npp_d20250830_t1815555_e1817196_b71723_c20250830194309340000_oeac_ops.h5,GDNBO_npp_d20250830_t1815555_e1817196_b71723_c20250830194045994000_oeac_ops.h5,SVI04_npp_d20250830_t1815555_e1817196_b71723_c20250830194317740000_oeac_ops.dspace_rad,,eez_v11.shp,WPP_BFAR_merge.shp,vbd_mpa_r20170830.shp,VNF-VBD_npp_20120301-20151231_global_asia-enhanced_c201607211230.bitmask,vbd_landsea_r20220824.mask,timezone.shp,VBD_platforms-recurring_2015_r20170330.shp,999999,VBD_bridges_c20160811.shp,8.205034;6.250037;3.961037;-0.911653;1.234481;3.316336,95.108154;108.904648;122.486862;121.346123;107.783257;94.088097,npp_d20250830_t1814301_e1815542_b71723;npp_d20250830_t1815555_e1817196_b71723;npp_d20250830_t1817209_e1818451_b71723;npp_d20250830_t1818463_e1820105_b71723,158.049,44.0628,50.9058,98.1115,117.016,-115.001
433,VBD_npp_d20250830_t1815593_x1013725E_y071196N_l0039_s0918_v23,2025-08-30 20:43:22,7.119631,101.372475,16.5133,2025-08-30 18:15:59,2025-08-31 01:15:59,39,918,0.328655,1,2401,0.54817,0.055,0.897693,0.4,0.795984,0.75,9.78168e-17,0.0001,4.7043e-12,999999,999999,3,Thailand Exclusive Economic Zone,,,SVDNB_npp_d20250830_t1815555_e1817196_b71723_c20250830194309340000_oeac_ops.h5,GDNBO_npp_d20250830_t1815555_e1817196_b71723_c20250830194045994000_oeac_ops.h5,SVI04_npp_d20250830_t1815555_e1817196_b71723_c20250830194317740000_oeac_ops.dspace_rad,,eez_v11.shp,WPP_BFAR_merge.shp,vbd_mpa_r20170830.shp,VNF-VBD_npp_20120301-20151231_global_asia-enhanced_c201607211230.bitmask,vbd_landsea_r20220824.mask,timezone.shp,VBD_platforms-recurring_2015_r20170330.shp,999999,VBD_bridges_c20160811.shp,8.205034;6.250037;3.961037;-0.911653;1.234481;3.316336,95.108154;108.904648;122.486862;121.346123;107.783257;94.088097,npp_d20250830_t1814301_e1815542_b71723;npp_d20250830_t1815555_e1817196_b71723;npp_d20250830_t1817209_e1818451_b71723;npp_d20250830_t1818463_e1820105_b71723,158.06,44.0823,50.9059,98.009,117.008,-115.007
435,VBD_npp_d20250830_t1815575_x1014025E_y072290N_l0022_s0919_v23,2025-08-30 20:43:22,7.228990,101.402473,3.69355,2025-08-30 18:15:57,2025-08-31 01:15:57,22,919,0.253327,7,2337,0.209269,0.055,0.864024,0.4,0.733643,0.75,9.06311e-17,0.0001,4.75387e-12,999999,999999,3,,,,SVDNB_npp_d20250830_t1815555_e1817196_b71723_c20250830194309340000_oeac_ops.h5,GDNBO_npp_d20250830_t1815555_e1817196_b71723_c20250830194045994000_oeac_ops.h5,SVI04_npp_d20250830_t1815555_e1817196_b71723_c20250830194317740000_oeac_ops.dspace_rad,,eez_v11.shp,WPP_BFAR_merge.shp,vbd_mpa_r20170830.shp,VNF-VBD_npp_20120301-20151231_global_asia-enhanced_c201607211230.bitmask,vbd_landsea_r20220824.mask,timezone.shp,VBD_platforms-recurring_2015_r20170330.shp,999999,VBD_bridges_c20160811.shp,8.205034;6.250037;3.961037;-0.911653;1.234481;3.316336,95.108154;108.904648;122.486862;121.346123;107.783257;94.088097,npp_d20250830_t1814301_e1815542_b71723;npp_d20250830_t1815555_e1817196_b71723;npp_d20250830_t1817209_e1818451_b71723;npp_d20250830_t1818463_e1820105_b71723,157.966,43.9368,50.8754,98.0471,117.075,-114.96
436,VBD_npp_d20250830_t1815593_x1013742E_y070851N_l0044_s0919_v23,2025-08-30 20:43:22,7.085114,101.374176,20.0771,2025-08-30 18:15:59,2025-08-31 01:15:59,44,919,0.236327,1,2401,0.624494,0.055,0.873076,0.4,0.880311,0.75,9.93272e-17,0.0001,4.57724e-12,999999,999999,3,Thailand Exclusive Economic Zone,,,SVDNB_npp_d20250830_t1815555_e1817196_b71723_c20250830194309340000_oeac_ops.h5,GDNBO_npp_d20250830_t1815555_e1817196_b71723_c20250830194045994000_oeac_ops.h5,SVI04_npp_d20250830_t1815555_e1817196_b71723_c20250830194317740000_oeac_ops.dspace_rad,,eez_v11.shp,WPP_BFAR_merge.shp,vbd_mpa_r20170830.shp,VNF-VBD_npp_20120301-20151231_global_asia-enhanced_c201607211230.bitmask,vbd_landsea_r20220824.mask,timezone.shp,VBD_platforms-recurring_2015_r20170330.shp,999999,VBD_bridges_c20160811.shp,8.205034;6.250037;3.961037;-0.911653;1.234481;3.316336,95.108154;108.904648;122.486862;121.346123;107.783257;94.088097,npp_d20250830_t1814301_e1815542_b71723;npp_d20250830_t1815555_e1817196_b71723;npp_d20250830_t1817209_e1818451_b71723;npp_d20250830_t1818463_e1820105_b71723,158.084,44.1452,50.8785,97.7537,116.995,-115.022
439,VBD_npp_d20250830_t1815575_x1014296E_y072320N_l0021_s0923_v23,2025-08-30 20:43:22,7.231986,101.429596,28.4912,2025-08-30 18:15:57,2025-08-31 01:15:57,21,923,0.223879,1,2401,0.845923,0.055,0.865468,0.4,0.952184,0.75,8.85079e-17,0.0001,4.64281e-12,999999,999999,3,Thailand Exclusive Economic Zone,,,SVDNB_npp_d20250830_t1815555_e1817196_b71723_c20250830194309340000_oeac_ops.h5,GDNBO_npp_d20250830_t1815555_e1817196_b71723_c20250830194045994000_oeac_ops.h5,SVI04_npp_d20250830_t1815555_e1817196_b71723_c20250830194317740000_oeac_ops.dspace_rad,,eez_v11.shp,WPP_BFAR_merge.shp,vbd_mpa_r20170830.shp,VNF-VBD_npp_20120301-20151231_global_asia-enhanced_c201607211230.bitmask,vbd_landsea_r20220824.mask,timezone.shp,VBD_platforms-recurring_2015_r20170330.shp,999999,VBD_bridges_c20160811.shp,8.205034;6.250037;3.961037;-0.911653;1.234481;3.316336,95.108154;108.904648;122.486862;121.346123;107.783257;94.088097,npp_d20250830_t1814301_e1815542_b71723;npp_d20250830_t1815555_e1817196_b71723;npp_d20250830_t1817209_e1818451_b71723;npp_d20250830_t1818463_e1820105_b71723,157.945,43.983,50.7622,98.1018,117.1,-114.96
440,VBD_npp_d20250830_t1815593_x1014033E_y071016N_l0041_s0923_v23,2025-08-30 20:43:22,7.101590,101.403259,16.335,2025-08-30 18:15:59,2025-08-31 01:15:59,41,923,0.251975,7,2337,0.336822,0.055,0.890114,0.4,0.718323,0.75,9.62621e-17,0.0001,4.50762e-12,999999,999999,3,,,,SVDNB_npp_d20250830_t1815555_e1817196_b71723_c20250830194309340000_oeac_ops.h5,GDNBO_npp_d20250830_t1815555_e1817196_b71723_c20250830194045994000_oeac_ops.h5,SVI04_npp_d20250830_t1815555_e1817196_b71723_c20250830194317740000_oeac_ops.dspace_rad,,eez_v11.shp,WPP_BFAR_merge.shp,vbd_mpa_r20170830.shp,VNF-VBD_npp_20120301-20151231_global_asia-enhanced_c201607211230.bitmask,vbd_landsea_r20220824.mask,timezone.shp,VBD_platforms-recurring_2015_r20170330.shp,999999,VBD_bridges_c20160811.shp,8.205034;6.250037;3.961037;-0.911653;1.234481;3.316336,95.108154;108.904648;122.486862;121.346123;107.783257;94.088097,npp_d20250830_t1814301_e1815542_b71723;npp_d20250830_t1815555_e1817196_b71723;npp_d20250830_t1817209_e1818451_b71723;npp_d20250830_t1818463_e1820105_b71723,158.052,44.1717,50.7647,97.9104,117.028,-115.017
441,VBD_npp_d20250830_t1815575_x1014400E_y072579N_l0017_s0924_v23,2025-08-30 20:43:22,7.257867,101.439980,1.81052,2025-08-30 18:15:57,2025-08-31 01:15:57,17,924,0.194359,2,2337,0.0668668,0.055,0.843412,0.4,0.540793,0.75,8.65327e-17,0.0001,4.68743e-12,999999,999999,3,Thailand Exclusive Economic Zone,,,SVDNB_npp_d20250830_t1815555_e1817196_b71723_c20250830194309340000_oeac_ops.h5,GDNBO_npp_d20250830_t1815555_e1817196_b71723_c20250830194045994000_oeac_ops.h5,SVI04_npp_d20250830_t1815555_e1817196_b71723_c20250830194317740000_oeac_ops.dspace_rad,,eez_v11.shp,WPP_BFAR_merge.shp,vbd_mpa_r20170830.shp,VNF-VBD_npp_20120301-20151231_global_asia-enhanced_c201607211230.bitmask,vbd_landsea_r20220824.mask,timezone.shp,VBD_platforms-recurring_2015_r20170330.shp,999999,VBD_bridges_c20160811.shp,8.205034;6.250037;3.961037;-0.911653;1.234481;3.316336,95.108154;108.904648;122.486862;121.346123;107.783257;94.088097,npp_d20250830_t1814301_e1815542_b71723;npp_d20250830_t1815555_e1817196_b71723;npp_d20250830_t1817209_e1818451_b71723;npp_d20250830_t1818463_e1820105_b71723,157.92,43.9582,50.734,98.308,117.12,-114.95
442,VBD_npp_d20250830_t1815593_x1014156E_y071409N_l0035_s0924_v23,2025-08-30 20:43:22,7.140887,101.415581,36.9969,2025-08-30 18:15:59,2025-08-31 01:15:59,35,924,0.321257,1,2401,0.890884,0.055,0.899103,0.4,0.939213,0.75,9.34774e-17,0.0001,4.58795e-12,999999,999999,3,Thailand Exclusive Economic Zone,,,SVDNB_npp_d20250830_t1815555_e1817196_b71723_c20250830194309340000_oeac_ops.h5,GDNBO_npp_d20250830_t1815555_e1817196_b71723_c20250830194045994000_oeac_ops.h5,SVI04_npp_d20250830_t1815555_e1817196_b71723_c20250830194317740000_oeac_ops.dspace_rad,,eez_v11.shp,WPP_BFAR_merge.shp,vbd_mpa_r20170830.shp,VNF-VBD_npp_20120301-20151231_global_asia-enhanced_c201607211230.bitmask,vbd_landsea_r20220824.mask,timezone.shp,VBD_platforms-recurring_2015_r20170330.shp,999999,VBD_bridges_c20160811.shp,8.205034;6.250037;3.961037;-0.911653;1.234481;3.316336,95.108154;108.904648;122.486862;121.346123;107.783257;94.088097,npp_d20250830_t1814301_e1815542_b71723;npp_d20250830_t1815555_e1817196_b71723;npp_d20250830_t1817209_e1818451_b71723;npp_d20250830_t1818463_e1820105_b71723,158.015,44.1271,50.736,98.2192,117.056,-115.001
443,VBD_npp_d20250830_t1815593_x1014108E_y071074N_l0040_s0924_v23,2025-08-30 20:43:22,7.107375,101.410751,17.5739,2025-08-30 18:15:59,2025-08-31 01:15:59,40,924,0.282491,8,18721,0.366778,0.055,0.890114,0.4,0.712792,0.75,9.54065e-17,0.0001,4.49512e-12,999999,999999,3,Thailand Exclusive Economic Zone,,,SVDNB_npp_d20250830_t1815555_e1817196_b71723_c20250830194309340000_oeac_ops.h5,GDNBO_npp_d20250830_t1815555_e1817196_b71723_c20250830194045994000_oeac_ops.h5,SVI04_npp_d20250830_t1815555_e1817196_b71723_c20250830194317740000_oeac_ops.dspace_rad,,eez_v11.shp,WPP_BFAR_merge.shp,vbd_mpa_r20170830.shp,VNF-VBD_npp_20120301-20151231_global_asia-enhanced_c201607211230.bitmask,vbd_landsea_r20220824.mask,timezone.shp,VBD_platforms-recurring_2015_r20170330.shp,0.629232,VBD_bridges_c20160811.shp,8.205034;6.250037;3.961037;-0.911653;1.234481;3.316336,95.108154;108.904648;122.486862;121.346123;107.783257;94.088097,npp_d20250830_t1814301_e1815542_b71723;npp_d20250830_t1815555_e1817196_b71723;npp_d20250830_t1817209_e1818451_b71723;npp_d20250830_t1818463_e1820105_b71723,158.043,44.1758,50.7363,97.9625,117.037,-115.015
444,VBD_npp_d20250830_t1815593_x1014134E_y070797N_l0044_s0925_v23,2025-08-30 20:43:22,7.079661,101.413368,7.25235,2025-08-30 18:15:59,2025-08-31 01:15:59,44,925,0.261009,7,2337,0.211569,0.055,0.8684,0.4,0.58018,0.75,9.64743e-17,0.0001,4.39249e-12,999999,999999,3,,,,SVDNB_npp_d20250830_t1815555_e1817196_b71723_c20250830194309340000_oeac_ops.h5,GDNBO_npp_d20250830_t1815555_e1817196_b71723_c20250830194045994000_oeac_ops.h5,SVI04_npp_d20250830_t1815555_e1817196_b71723_c20250830194317740000_oeac_ops.dspace_rad,,eez_v11.shp,WPP_BFAR_merge.shp,vbd_mpa_r20170830.shp,VNF-VBD_npp_20120301-20151231_global_asia-enhanced_c201607211230.bitmask,vbd_landsea_r20220824.mask,timezone.shp,VBD_platforms-recurring_2015_r20170330.shp,999999,VBD_bridges_c20160811.shp,8.205034;6.250037;3.961037;-0.911653;1.234481;3.316336,95.108154;108.904648;122.486862;121.346123;107.783257;94.088097,npp_d20250830_t1814301_e1815542_b71723;npp_d20250830_t1815555_e1817196_b71723;npp_d20250830_t1817209_e1818451_b71723;npp_d20250830_t1818463_e1820105_b71723,158.061,44.2287,50.7088,97.7579,117.028,-115.028
445,VBD_npp_d20250830_t1816029_x1013737E_y068986N_l0072_s0925_v23,2025-08-30 20:43:22,6.898593,101.373711,5.15683,2025-08-30 18:16:02,2025-08-31 01:16:02,72,925,0.246641,2,2337,0.177951,0.055,0.760526,0.4,0.619293,0.75,1.07224e-16,0.0001,4.34129e-12,999999,999999,1,,,,SVDNB_npp_d20250830_t1815555_e1817196_b71723_c20250830194309340000_oeac_ops.h5,GDNBO_npp_d20250830_t1815555_e1817196_b71723_c20250830194045994000_oeac_ops.h5,SVI04_npp_d20250830_t1815555_e1817196_b71723_c20250830194317740000_oeac_ops.dspace_rad,,eez_v11.shp,WPP_BFAR_merge.shp,vbd_mpa_r20170830.shp,VNF-VBD_npp_20120301-20151231_global_asia-enhanced_c201607211230.bitmask,vbd_landsea_r20220824.mask,timezone.shp,VBD_platforms-recurring_2015_r20170330.shp,999999,VBD_bridges_c20160811.shp,8.205034;6.250037;3.961037;-0.911653;1.234481;3.316336,95.108154;108.904648;122.486862;121.346123;107.783257;94.088097,npp_d20250830_t1814301_e1815542_b71723;npp_d20250830_t1815555_e1817196_b71723;npp_d20250830_t1817209_e1818451_b71723;npp_d20250830_t1818463_e1820105_b71723,158.208,44.4972,50.7057,97.9876,116.929,-115.107
447,VBD_npp_d20250830_t1815593_x1014257E_y071189N_l0038_s0926_v23,2025-08-30 20:43:22,7.118930,101.425705,32.9811,2025-08-30 18:15:59,2025-08-31 01:15:59,38,926,0.279859,1,2401,0.83592,0.055,0.899103,0.4,0.922668,0.75,9.37066e-17,0.0001,4.47041e-12,999999,999999,3,Thailand Exclusive Economic Zone,,,SVDNB_npp_d20250830_t1815555_e1817196_b71723_c20250830194309340000_oeac_ops.h5,GDNBO_npp_d20250830_t1815555_e1817196_b71723_c20250830194045994000_oeac_ops.h5,SVI04_npp_d20250830_t1815555_e1817196_b71723_c20250830194317740000_oeac_ops.dspace_rad,,eez_v11.shp,WPP_BFAR_merge.shp,vbd_mpa_r20170830.shp,VNF-VBD_npp_20120301-20151231_global_asia-enhanced_c201607211230.bitmask,vbd_landsea_r20220824.mask,timezone.shp,VBD_platforms-recurring_2015_r20170330.shp,999999,VBD_bridges_c20160811.shp,8.205034;6.250037;3.961037;-0.911653;1.234481;3.316336,95.108154;108.904648;122.486862;121.346123;107.783257;94.088097,npp_d20250830_t1814301_e1815542_b71723;npp_d20250830_t1815555_e1817196_b71723;npp_d20250830_t1817209_e1818451_b71723;npp_d20250830_t1818463_e1820105_b71723,158.024,44.1841,50.6796,98.0669,117.056,-115.011
448,VBD_npp_d20250830_t1815593_x1014218E_y070921N_l0042_s0926_v23,2025-08-30 20:43:22,7.092147,101.421822,6.91202,2025-08-30 18:15:59,2025-08-31 01:15:59,42,926,0.27303,7,2337,0.167335,0.055,0.890114,0.4,0.517989,0.75,9.52347e-17,0.0001,4.39824e-12,999999,999999,3,,,,SVDNB_npp_d20250830_t1815555_e1817196_b71723_c20250830194309340000_oeac_ops.h5,GDNBO_npp_d20250830_t1815555_e1817196_b71723_c20250830194045994000_oeac_ops.h5,SVI04_npp_d20250830_t1815555_e1817196_b71723_c20250830194317740000_oeac_ops.dspace_rad,,eez_v11.shp,WPP_BFAR_merge.shp,vbd_mpa_r20170830.shp,VNF-VBD_npp_20120301-20151231_global_asia-enhanced_c201607211230.bitmask,vbd_landsea_r20220824.mask,timezone.shp,VBD_platforms-recurring_2015_r20170330.shp,999999,VBD_bridges_c20160811.shp,8.205034;6.250037;3.961037;-0.911653;1.234481;3.316336,95.108154;108.904648;122.486862;121.346123;107.783257;94.088097,npp_d20250830_t1814301_e1815542_b71723;npp_d20250830_t1815555_e1817196_b71723;npp_d20250830_t1817209_e1818451_b71723;npp_d20250830_t1818463_e1820105_b71723,158.046,44.2231,50.6801,97.8613,117.041,-115.023
449,VBD_npp_d20250830_t1815593_x1014264E_y070779N_l0044_s0927_v23,2025-08-30 20:43:22,7.077852,101.426376,10.9196,2025-08-30 18:15:59,2025-08-31 01:15:59,44,927,0.235402,2,2337,0.31848,0.055,0.872585,0.4,0.66132,0.75,9.55233e-17,0.0001,4.33322e-12,999999,999999,3,Thailand Exclusive Economic Zone,,,SVDNB_npp_d20250830_t1815555_e1817196_b71723_c20250830194309340000_oeac_ops.h5,GDNBO_npp_d20250830_t1815555_e1817196_b71723_c20250830194045994000_oeac_ops.h5,SVI04_npp_d20250830_t1815555_e1817196_b71723_c20250830194317740000_oeac_ops.dspace_rad,,eez_v11.shp,WPP_BFAR_merge.shp,vbd_mpa_r20170830.shp,VNF-VBD_npp_20120301-20151231_global_asia-enhanced_c201607211230.bitmask,vbd_landsea_r20220824.mask,timezone.shp,VBD_platforms-recurring_2015_r20170330.shp,999999,VBD_bridges_c20160811.shp,8.205034;6.250037;3.961037;-0.911653;1.234481;3.316336,95.108154;108.904648;122.486862;121.346123;107.783257;94.088097,npp_d20250830_t1814301_e1815542_b71723;npp_d20250830_t1815555_e1817196_b71723;npp_d20250830_t1817209_e1818451_b71723;npp_d20250830_t1818463_e1820105_b71723,158.053,44.2564,50.6523,97.7593,117.039,-115.03
450,VBD_npp_d20250830_t1815593_x1014225E_y070511N_l0048_s0927_v23,2025-08-30 20:43:22,7.051085,101.422470,11.9789,2025-08-30 18:15:59,2025-08-31 01:15:59,48,927,0.248063,1,2401,0.487878,0.055,0.87216,0.4,0.834737,0.75,9.70439e-17,0.0001,4.26381e-12,999999,999999,3,Thailand Exclusive Economic Zone,,,SVDNB_npp_d20250830_t1815555_e1817196_b71723_c20250830194309340000_oeac_ops.h5,GDNBO_npp_d20250830_t1815555_e1817196_b71723_c20250830194045994000_oeac_ops.h5,SVI04_npp_d20250830_t1815555_e1817196_b71723_c20250830194317740000_oeac_ops.dspace_rad,,eez_v11.shp,WPP_BFAR_merge.shp,vbd_mpa_r20170830.shp,VNF-VBD_npp_20120301-20151231_global_asia-enhanced_c201607211230.bitmask,vbd_landsea_r20220824.mask,timezone.shp,VBD_platforms-recurring_2015_r20170330.shp,999999,VBD_bridges_c20160811.shp,8.205034;6.250037;3.961037;-0.911653;1.234481;3.316336,95.108154;108.904648;122.486862;121.346123;107.783257;94.088097,npp_d20250830_t1814301_e1815542_b71723;npp_d20250830_t1815555_e1817196_b71723;npp_d20250830_t1817209_e1818451_b71723;npp_d20250830_t1818463_e1820105_b71723,158.075,44.2955,50.6536,97.5537,117.024,-115.041
452,VBD_npp_d20250830_t1816011_x1014213E_y070464N_l0049_s0928_v23,2025-08-30 20:43:22,7.046417,101.421326,12.0594,2025-08-30 18:16:01,2025-08-31 01:16:01,49,928,0.232628,1,2401,0.482353,0.055,0.87216,0.4,0.860254,0.75,9.6939e-17,0.0001,4.43939e-12,999999,999999,3,Thailand Exclusive Economic Zone,,,SVDNB_npp_d20250830_t1815555_e1817196_b71723_c20250830194309340000_oeac_ops.h5,GDNBO_npp_d20250830_t1815555_e1817196_b71723_c20250830194045994000_oeac_ops.h5,SVI04_npp_d20250830_t1815555_e1817196_b71723_c20250830194317740000_oeac_ops.dspace_rad,,eez_v11.shp,WPP_BFAR_merge.shp,vbd_mpa_r20170830.shp,VNF-VBD_npp_20120301-20151231_global_asia-enhanced_c201607211230.bitmask,vbd_landsea_r20220824.mask,timezone.shp,VBD_platforms-recurring_2015_r20170330.shp,999999,VBD_bridges_c20160811.shp,8.205034;6.250037;3.961037;-0.911653;1.234481;3.316336,95.108154;108.904648;122.486862;121.346123;107.783257;94.088097,npp_d20250830_t1814301_e1815542_b71723;npp_d20250830_t1815555_e1817196_b71723;npp_d20250830_t1817209_e1818451_b71723;npp_d20250830_t1818463_e1820105_b71723,158.074,44.3154,50.6236,98.3359,117.028,-115.044
453,VBD_npp_d20250830_t1815593_x1014435E_y071029N_l0040_s0929_v23,2025-08-30 20:43:22,7.102873,101.443481,8.23733,2025-08-30 18:15:59,2025-08-31 01:15:59,40,929,0.258306,1,2401,0.323199,0.055,0.881814,0.4,0.772768,0.75,9.30669e-17,0.0001,4.34402e-12,999999,999999,3,Thailand Exclusive Economic Zone,,,SVDNB_npp_d20250830_t1815555_e1817196_b71723_c20250830194309340000_oeac_ops.h5,GDNBO_npp_d20250830_t1815555_e1817196_b71723_c20250830194045994000_oeac_ops.h5,SVI04_npp_d20250830_t1815555_e1817196_b71723_c20250830194317740000_oeac_ops.dspace_rad,,eez_v11.shp,WPP_BFAR_merge.shp,vbd_mpa_r20170830.shp,VNF-VBD_npp_20120301-20151231_global_asia-enhanced_c201607211230.bitmask,vbd_landsea_r20220824.mask,timezone.shp,VBD_platforms-recurring_2015_r20170330.shp,999999,VBD_bridges_c20160811.shp,8.205034;6.250037;3.961037;-0.911653;1.234481;3.316336,95.108154;108.904648;122.486862;121.346123;107.783257;94.088097,npp_d20250830_t1814301_e1815542_b71723;npp_d20250830_t1815555_e1817196_b71723;npp_d20250830_t1817209_e1818451_b71723;npp_d20250830_t1818463_e1820105_b71723,158.023,44.2454,50.5941,97.9674,117.065,-115.02
454,VBD_npp_d20250830_t1816011_x1014342E_y070393N_l0050_s0930_v23,2025-08-30 20:43:22,7.039257,101.434227,6.9579,2025-08-30 18:16:01,2025-08-31 01:16:01,50,930,0.281068,1,2401,0.31988,0.055,0.87216,0.4,0.79367,0.75,9.63436e-17,0.0001,4.36283e-12,999999,999999,3,Thailand Exclusive Economic Zone,,,SVDNB_npp_d20250830_t1815555_e1817196_b71723_c20250830194309340000_oeac_ops.h5,GDNBO_npp_d20250830_t1815555_e1817196_b71723_c20250830194045994000_oeac_ops.h5,SVI04_npp_d20250830_t1815555_e1817196_b71723_c20250830194317740000_oeac_ops.dspace_rad,,eez_v11.shp,WPP_BFAR_merge.shp,vbd_mpa_r20170830.shp,VNF-VBD_npp_20120301-20151231_global_asia-enhanced_c201607211230.bitmask,vbd_landsea_r20220824.mask,timezone.shp,VBD_platforms-recurring_2015_r20170330.shp,999999,VBD_bridges_c20160811.shp,8.205034;6.250037;3.961037;-0.911653;1.234481;3.316336,95.108154;108.904648;122.486862;121.346123;107.783257;94.088097,npp_d20250830_t1814301_e1815542_b71723;npp_d20250830_t1815555_e1817196_b71723;npp_d20250830_t1817209_e1818451_b71723;npp_d20250830_t1818463_e1820105_b71723,158.07,44.3522,50.564,98.2979,117.036,-115.048
456,VBD_npp_d20250830_t1815593_x1014633E_y070930N_l0041_s0932_v23,2025-08-30 20:43:22,7.093029,101.463295,20.4337,2025-08-30 18:15:59,2025-08-31 01:15:59,41,932,0.340107,1,2401,0.679997,0.055,0.881173,0.4,0.925476,0.75,9.20338e-17,0.0001,4.23312e-12,999999,999999,3,Thailand Exclusive Economic Zone,,,SVDNB_npp_d20250830_t1815555_e1817196_b71723_c20250830194309340000_oeac_ops.h5,GDNBO_npp_d20250830_t1815555_e1817196_b71723_c20250830194045994000_oeac_ops.h5,SVI04_npp_d20250830_t1815555_e1817196_b71723_c20250830194317740000_oeac_ops.dspace_rad,,eez_v11.shp,WPP_BFAR_merge.shp,vbd_mpa_r20170830.shp,VNF-VBD_npp_20120301-20151231_global_asia-enhanced_c201607211230.bitmask,vbd_landsea_r20220824.mask,timezone.shp,VBD_platforms-recurring_2015_r20170330.shp,999999,VBD_bridges_c20160811.shp,8.205034;6.250037;3.961037;-0.911653;1.234481;3.316336,95.108154;108.904648;122.486862;121.346123;107.783257;94.088097,npp_d20250830_t1814301_e1815542_b71723;npp_d20250830_t1815555_e1817196_b71723;npp_d20250830_t1817209_e1818451_b71723;npp_d20250830_t1818463_e1820105_b71723,158.017,44.2997,50.5035,97.9166,117.078,-115.026
457,VBD_npp_d20250830_t1816011_x1014451E_y070165N_l0053_s0932_v23,2025-08-30 20:43:22,7.016535,101.445084,10.0144,2025-08-30 18:16:01,2025-08-31 01:16:01,53,932,0.2768,1,2401,0.490301,0.055,0.902676,0.4,0.868797,0.75,9.6482e-17,0.0001,4.24666e-12,999999,999999,3,Thailand Exclusive Economic Zone,,,SVDNB_npp_d20250830_t1815555_e1817196_b71723_c20250830194309340000_oeac_ops.h5,GDNBO_npp_d20250830_t1815555_e1817196_b71723_c20250830194045994000_oeac_ops.h5,SVI04_npp_d20250830_t1815555_e1817196_b71723_c20250830194317740000_oeac_ops.dspace_rad,,eez_v11.shp,WPP_BFAR_merge.shp,vbd_mpa_r20170830.shp,VNF-VBD_npp_20120301-20151231_global_asia-enhanced_c201607211230.bitmask,vbd_landsea_r20220824.mask,timezone.shp,VBD_platforms-recurring_2015_r20170330.shp,999999,VBD_bridges_c20160811.shp,8.205034;6.250037;3.961037;-0.911653;1.234481;3.316336,95.108154;108.904648;122.486862;121.346123;107.783257;94.088097,npp_d20250830_t1814301_e1815542_b71723;npp_d20250830_t1815555_e1817196_b71723;npp_d20250830_t1817209_e1818451_b71723;npp_d20250830_t1818463_e1820105_b71723,158.079,44.4121,50.5036,98.1399,117.036,-115.059
458,VBD_npp_d20250830_t1815593_x1014751E_y070773N_l0043_s0934_v23,2025-08-30 20:43:22,7.077283,101.475113,4.19201,2025-08-30 18:15:59,2025-08-31 01:15:59,43,934,0.354048,7,2337,0.227903,0.055,0.886259,0.4,0.744377,0.75,9.1828e-17,0.0001,4.13821e-12,999999,999999,3,,,,SVDNB_npp_d20250830_t1815555_e1817196_b71723_c20250830194309340000_oeac_ops.h5,GDNBO_npp_d20250830_t1815555_e1817196_b71723_c20250830194045994000_oeac_ops.h5,SVI04_npp_d20250830_t1815555_e1817196_b71723_c20250830194317740000_oeac_ops.dspace_rad,,eez_v11.shp,WPP_BFAR_merge.shp,vbd_mpa_r20170830.shp,VNF-VBD_npp_20120301-20151231_global_asia-enhanced_c201607211230.bitmask,vbd_landsea_r20220824.mask,timezone.shp,VBD_platforms-recurring_2015_r20170330.shp,999999,VBD_bridges_c20160811.shp,8.205034;6.250037;3.961037;-0.911653;1.234481;3.316336,95.108154;108.904648;122.486862;121.346123;107.783257;94.088097,npp_d20250830_t1814301_e1815542_b71723;npp_d20250830_t1815555_e1817196_b71723;npp_d20250830_t1817209_e1818451_b71723;npp_d20250830_t1818463_e1820105_b71723,158.02,44.3493,50.4434,97.8115,117.082,-115.034
459,VBD_npp_d20250830_t1815593_x1014711E_y070497N_l0047_s0934_v23,2025-08-30 20:43:22,7.049685,101.471092,13.4984,2025-08-30 18:15:59,2025-08-31 01:15:59,47,934,0.308667,8,18785,0.571157,0.055,0.90058,0.4,0.888737,0.75,9.32956e-17,0.0001,4.07006e-12,999999,999999,3,Thailand Exclusive Economic Zone,,,SVDNB_npp_d20250830_t1815555_e1817196_b71723_c20250830194309340000_oeac_ops.h5,GDNBO_npp_d20250830_t1815555_e1817196_b71723_c20250830194045994000_oeac_ops.h5,SVI04_npp_d20250830_t1815555_e1817196_b71723_c20250830194317740000_oeac_ops.dspace_rad,,eez_v11.shp,WPP_BFAR_merge.shp,vbd_mpa_r20170830.shp,VNF-VBD_npp_20120301-20151231_global_asia-enhanced_c201607211230.bitmask,vbd_landsea_r20220824.mask,timezone.shp,VBD_platforms-recurring_2015_r20170330.shp,0.988687,VBD_bridges_c20160811.shp,8.205034;6.250037;3.961037;-0.911653;1.234481;3.316336,95.108154;108.904648;122.486862;121.346123;107.783257;94.088097,npp_d20250830_t1814301_e1815542_b71723;npp_d20250830_t1815555_e1817196_b71723;npp_d20250830_t1817209_e1818451_b71723;npp_d20250830_t1818463_e1820105_b71723,158.042,44.3895,50.4446,97.5981,117.067,-115.046
461,VBD_npp_d20250830_t1816011_x1014638E_y069998N_l0055_s0935_v23,2025-08-30 20:43:22,6.999778,101.463814,13.8081,2025-08-30 18:16:01,2025-08-31 01:16:01,55,935,0.328512,1,2401,0.621213,0.055,0.88888,0.4,0.956183,0.75,9.57344e-17,0.0001,4.12206e-12,999999,999999,3,Thailand Exclusive Economic Zone,,,SVDNB_npp_d20250830_t1815555_e1817196_b71723_c20250830194309340000_oeac_ops.h5,GDNBO_npp_d20250830_t1815555_e1817196_b71723_c20250830194045994000_oeac_ops.h5,SVI04_npp_d20250830_t1815555_e1817196_b71723_c20250830194317740000_oeac_ops.dspace_rad,,eez_v11.shp,WPP_BFAR_merge.shp,vbd_mpa_r20170830.shp,VNF-VBD_npp_20120301-20151231_global_asia-enhanced_c201607211230.bitmask,vbd_landsea_r20220824.mask,timezone.shp,VBD_platforms-recurring_2015_r20170330.shp,999999,VBD_bridges_c20160811.shp,8.205034;6.250037;3.961037;-0.911653;1.234481;3.316336,95.108154;108.904648;122.486862;121.346123;107.783257;94.088097,npp_d20250830_t1814301_e1815542_b71723;npp_d20250830_t1815555_e1817196_b71723;npp_d20250830_t1817209_e1818451_b71723;npp_d20250830_t1818463_e1820105_b71723,158.078,44.4765,50.413,98.0359,117.046,-115.069
463,VBD_npp_d20250830_t1816011_x1014747E_y070264N_l0051_s0936_v23,2025-08-30 20:43:22,7.026372,101.474693,28.0064,2025-08-30 18:16:01,2025-08-31 01:16:01,51,936,0.313006,1,2401,0.823329,0.055,0.90562,0.4,0.943728,0.75,9.37857e-17,0.0001,4.16169e-12,999999,999999,3,Thailand Exclusive Economic Zone,,,SVDNB_npp_d20250830_t1815555_e1817196_b71723_c20250830194309340000_oeac_ops.h5,GDNBO_npp_d20250830_t1815555_e1817196_b71723_c20250830194045994000_oeac_ops.h5,SVI04_npp_d20250830_t1815555_e1817196_b71723_c20250830194317740000_oeac_ops.dspace_rad,,eez_v11.shp,WPP_BFAR_merge.shp,vbd_mpa_r20170830.shp,VNF-VBD_npp_20120301-20151231_global_asia-enhanced_c201607211230.bitmask,vbd_landsea_r20220824.mask,timezone.shp,VBD_platforms-recurring_2015_r20170330.shp,999999,VBD_bridges_c20160811.shp,8.205034;6.250037;3.961037;-0.911653;1.234481;3.316336,95.108154;108.904648;122.486862;121.346123;107.783257;94.088097,npp_d20250830_t1814301_e1815542_b71723;npp_d20250830_t1815555_e1817196_b71723;npp_d20250830_t1817209_e1818451_b71723;npp_d20250830_t1818463_e1820105_b71723,158.051,44.4507,50.3827,98.2503,117.067,-115.058
464,VBD_npp_d20250830_t1815593_x1015155E_y071138N_l0037_s0939_v23,2025-08-30 20:43:22,7.113767,101.515541,46.378,2025-08-30 18:15:59,2025-08-31 01:15:59,37,939,0.307244,1,2401,1.06008,0.055,0.896147,0.4,0.948066,0.75,8.73153e-17,0.0001,4.09469e-12,999999,999999,3,Thailand Exclusive Economic Zone,,,SVDNB_npp_d20250830_t1815555_e1817196_b71723_c20250830194309340000_oeac_ops.h5,GDNBO_npp_d20250830_t1815555_e1817196_b71723_c20250830194045994000_oeac_ops.h5,SVI04_npp_d20250830_t1815555_e1817196_b71723_c20250830194317740000_oeac_ops.dspace_rad,,eez_v11.shp,WPP_BFAR_merge.shp,vbd_mpa_r20170830.shp,VNF-VBD_npp_20120301-20151231_global_asia-enhanced_c201607211230.bitmask,vbd_landsea_r20220824.mask,timezone.shp,VBD_platforms-recurring_2015_r20170330.shp,999999,VBD_bridges_c20160811.shp,8.205034;6.250037;3.961037;-0.911653;1.234481;3.316336,95.108154;108.904648;122.486862;121.346123;107.783257;94.088097,npp_d20250830_t1814301_e1815542_b71723;npp_d20250830_t1815555_e1817196_b71723;npp_d20250830_t1817209_e1818451_b71723;npp_d20250830_t1818463_e1820105_b71723,157.966,44.3621,50.2917,98.136,117.134,-115.021
465,VBD_npp_d20250830_t1815593_x1015055E_y070449N_l0047_s0939_v23,2025-08-30 20:43:22,7.044940,101.505539,6.46329,2025-08-30 18:15:59,2025-08-31 01:15:59,47,939,0.33968,8,18785,0.352985,0.055,0.885808,0.4,0.858375,0.75,9.08897e-17,0.0001,3.92844e-12,999999,999999,3,Thailand Exclusive Economic Zone,,,SVDNB_npp_d20250830_t1815555_e1817196_b71723_c20250830194309340000_oeac_ops.h5,GDNBO_npp_d20250830_t1815555_e1817196_b71723_c20250830194045994000_oeac_ops.h5,SVI04_npp_d20250830_t1815555_e1817196_b71723_c20250830194317740000_oeac_ops.dspace_rad,,eez_v11.shp,WPP_BFAR_merge.shp,vbd_mpa_r20170830.shp,VNF-VBD_npp_20120301-20151231_global_asia-enhanced_c201607211230.bitmask,vbd_landsea_r20220824.mask,timezone.shp,VBD_platforms-recurring_2015_r20170330.shp,0.619254,VBD_bridges_c20160811.shp,8.205034;6.250037;3.961037;-0.911653;1.234481;3.316336,95.108154;108.904648;122.486862;121.346123;107.783257;94.088097,npp_d20250830_t1814301_e1815542_b71723;npp_d20250830_t1815555_e1817196_b71723;npp_d20250830_t1817209_e1818451_b71723;npp_d20250830_t1818463_e1820105_b71723,158.022,44.4625,50.2937,97.6014,117.096,-115.051
466,VBD_npp_d20250830_t1815557_x1015651E_y073068N_l0007_s0940_v23,2025-08-30 20:43:22,7.306803,101.565147,2.49143,2025-08-30 18:15:55,2025-08-31 01:15:55,7,940,0.0971233,2,2337,0.161566,0.055,0.561638,0.4,0.713757,0.75,7.61867e-17,0.0001,4.13808e-12,999999,999999,3,Thailand Exclusive Economic Zone,,,SVDNB_npp_d20250830_t1815555_e1817196_b71723_c20250830194309340000_oeac_ops.h5,GDNBO_npp_d20250830_t1815555_e1817196_b71723_c20250830194045994000_oeac_ops.h5,SVI04_npp_d20250830_t1815555_e1817196_b71723_c20250830194317740000_oeac_ops.dspace_rad,,eez_v11.shp,WPP_BFAR_merge.shp,vbd_mpa_r20170830.shp,VNF-VBD_npp_20120301-20151231_global_asia-enhanced_c201607211230.bitmask,vbd_landsea_r20220824.mask,timezone.shp,VBD_platforms-recurring_2015_r20170330.shp,999999,VBD_bridges_c20160811.shp,8.205034;6.250037;3.961037;-0.911653;1.234481;3.316336,95.108154;108.904648;122.486862;121.346123;107.783257;94.088097,npp_d20250830_t1814301_e1815542_b71723;npp_d20250830_t1815555_e1817196_b71723;npp_d20250830_t1817209_e1818451_b71723;npp_d20250830_t1818463_e1820105_b71723,157.803,44.096,50.2588,98.0066,117.246,-114.937
467,VBD_npp_d20250830_t1815593_x1015184E_y070853N_l0041_s0940_v23,2025-08-30 20:43:22,7.085268,101.518410,3.03799,2025-08-30 18:15:59,2025-08-31 01:15:59,41,940,0.331713,7,2337,0.157711,0.055,0.888961,0.4,0.658432,0.75,8.82753e-17,0.0001,3.9988e-12,999999,999999,3,,,,SVDNB_npp_d20250830_t1815555_e1817196_b71723_c20250830194309340000_oeac_ops.h5,GDNBO_npp_d20250830_t1815555_e1817196_b71723_c20250830194045994000_oeac_ops.h5,SVI04_npp_d20250830_t1815555_e1817196_b71723_c20250830194317740000_oeac_ops.dspace_rad,,eez_v11.shp,WPP_BFAR_merge.shp,vbd_mpa_r20170830.shp,VNF-VBD_npp_20120301-20151231_global_asia-enhanced_c201607211230.bitmask,vbd_landsea_r20220824.mask,timezone.shp,VBD_platforms-recurring_2015_r20170330.shp,999999,VBD_bridges_c20160811.shp,8.205034;6.250037;3.961037;-0.911653;1.234481;3.316336,95.108154;108.904648;122.486862;121.346123;107.783257;94.088097,npp_d20250830_t1814301_e1815542_b71723;npp_d20250830_t1815555_e1817196_b71723;npp_d20250830_t1817209_e1818451_b71723;npp_d20250830_t1818463_e1820105_b71723,157.984,44.4168,50.2619,97.923,117.124,-115.034
469,VBD_npp_d20250830_t1815575_x1015476E_y071388N_l0032_s0942_v23,2025-08-30 20:43:22,7.138835,101.547623,12.2233,2025-08-30 18:15:57,2025-08-31 01:15:57,32,942,0.257666,8,18785,0.567487,0.055,0.887233,0.4,0.909672,0.75,8.41698e-17,0.0001,3.8788e-12,999999,999999,3,Thailand Exclusive Economic Zone,,,SVDNB_npp_d20250830_t1815555_e1817196_b71723_c20250830194309340000_oeac_ops.h5,GDNBO_npp_d20250830_t1815555_e1817196_b71723_c20250830194045994000_oeac_ops.h5,SVI04_npp_d20250830_t1815555_e1817196_b71723_c20250830194317740000_oeac_ops.dspace_rad,,eez_v11.shp,WPP_BFAR_merge.shp,vbd_mpa_r20170830.shp,VNF-VBD_npp_20120301-20151231_global_asia-enhanced_c201607211230.bitmask,vbd_landsea_r20220824.mask,timezone.shp,VBD_platforms-recurring_2015_r20170330.shp,0.371607,VBD_bridges_c20160811.shp,8.205034;6.250037;3.961037;-0.911653;1.234481;3.316336,95.108154;108.904648;122.486862;121.346123;107.783257;94.088097,npp_d20250830_t1814301_e1815542_b71723;npp_d20250830_t1815555_e1817196_b71723;npp_d20250830_t1817209_e1818451_b71723;npp_d20250830_t1818463_e1820105_b71723,157.931,44.3651,50.2014,97.5361,117.166,-115.012
471,VBD_npp_d20250830_t1815593_x1015469E_y071373N_l0033_s0943_v23,2025-08-30 20:43:22,7.137331,101.546906,9.40307,2025-08-30 18:15:59,2025-08-31 01:15:59,33,943,0.257666,8,18785,0.49367,0.055,0.877027,0.4,0.878528,0.75,8.40669e-17,0.0001,4.04778e-12,999999,999999,3,Thailand Exclusive Economic Zone,,,SVDNB_npp_d20250830_t1815555_e1817196_b71723_c20250830194309340000_oeac_ops.h5,GDNBO_npp_d20250830_t1815555_e1817196_b71723_c20250830194045994000_oeac_ops.h5,SVI04_npp_d20250830_t1815555_e1817196_b71723_c20250830194317740000_oeac_ops.dspace_rad,,eez_v11.shp,WPP_BFAR_merge.shp,vbd_mpa_r20170830.shp,VNF-VBD_npp_20120301-20151231_global_asia-enhanced_c201607211230.bitmask,vbd_landsea_r20220824.mask,timezone.shp,VBD_platforms-recurring_2015_r20170330.shp,0.496313,VBD_bridges_c20160811.shp,8.205034;6.250037;3.961037;-0.911653;1.234481;3.316336,95.108154;108.904648;122.486862;121.346123;107.783257;94.088097,npp_d20250830_t1814301_e1815542_b71723;npp_d20250830_t1815555_e1817196_b71723;npp_d20250830_t1817209_e1818451_b71723;npp_d20250830_t1818463_e1820105_b71723,157.927,44.3802,50.1711,98.3539,117.172,-115.013
472,VBD_npp_d20250830_t1815593_x1015508E_y071157N_l0036_s0944_v23,2025-08-30 20:43:22,7.115743,101.550766,2.56265,2025-08-30 18:15:59,2025-08-31 01:15:59,36,944,0.321684,7,2337,0.117188,0.055,0.883755,0.4,0.641541,0.75,8.46561e-17,0.0001,3.96958e-12,999999,999999,3,,,,SVDNB_npp_d20250830_t1815555_e1817196_b71723_c20250830194309340000_oeac_ops.h5,GDNBO_npp_d20250830_t1815555_e1817196_b71723_c20250830194045994000_oeac_ops.h5,SVI04_npp_d20250830_t1815555_e1817196_b71723_c20250830194317740000_oeac_ops.dspace_rad,,eez_v11.shp,WPP_BFAR_merge.shp,vbd_mpa_r20170830.shp,VNF-VBD_npp_20120301-20151231_global_asia-enhanced_c201607211230.bitmask,vbd_landsea_r20220824.mask,timezone.shp,VBD_platforms-recurring_2015_r20170330.shp,999999,VBD_bridges_c20160811.shp,8.205034;6.250037;3.961037;-0.911653;1.234481;3.316336,95.108154;108.904648;122.486862;121.346123;107.783257;94.088097,npp_d20250830_t1814301_e1815542_b71723;npp_d20250830_t1815555_e1817196_b71723;npp_d20250830_t1817209_e1818451_b71723;npp_d20250830_t1818463_e1820105_b71723,157.94,44.4247,50.1409,98.1941,117.166,-115.023
474,VBD_npp_d20250830_t1815575_x1015691E_y071429N_l0031_s0945_v23,2025-08-30 20:43:22,7.142883,101.569145,8.29699,2025-08-30 18:15:57,2025-08-31 01:15:57,31,945,0.278294,1,2401,0.444702,0.055,0.877027,0.4,0.897994,0.75,8.24653e-17,0.0001,3.81396e-12,999999,999999,3,Thailand Exclusive Economic Zone,,,SVDNB_npp_d20250830_t1815555_e1817196_b71723_c20250830194309340000_oeac_ops.h5,GDNBO_npp_d20250830_t1815555_e1817196_b71723_c20250830194045994000_oeac_ops.h5,SVI04_npp_d20250830_t1815555_e1817196_b71723_c20250830194317740000_oeac_ops.dspace_rad,,eez_v11.shp,WPP_BFAR_merge.shp,vbd_mpa_r20170830.shp,VNF-VBD_npp_20120301-20151231_global_asia-enhanced_c201607211230.bitmask,vbd_landsea_r20220824.mask,timezone.shp,VBD_platforms-recurring_2015_r20170330.shp,999999,VBD_bridges_c20160811.shp,8.205034;6.250037;3.961037;-0.911653;1.234481;3.316336,95.108154;108.904648;122.486862;121.346123;107.783257;94.088097,npp_d20250830_t1814301_e1815542_b71723;npp_d20250830_t1815555_e1817196_b71723;npp_d20250830_t1817209_e1818451_b71723;npp_d20250830_t1818463_e1820105_b71723,157.913,44.3984,50.1106,97.5916,117.187,-115.012
475,VBD_npp_d20250830_t1816011_x1015392E_y069891N_l0055_s0946_v23,2025-08-30 20:43:22,6.989065,101.539215,26.7479,2025-08-30 18:16:01,2025-08-31 01:16:01,55,946,0.322609,1,2401,0.861384,0.055,0.893664,0.4,0.965994,0.75,9.02752e-17,0.0001,3.8159e-12,999999,999999,3,Thailand Exclusive Economic Zone,,,SVDNB_npp_d20250830_t1815555_e1817196_b71723_c20250830194309340000_oeac_ops.h5,GDNBO_npp_d20250830_t1815555_e1817196_b71723_c20250830194045994000_oeac_ops.h5,SVI04_npp_d20250830_t1815555_e1817196_b71723_c20250830194317740000_oeac_ops.dspace_rad,,eez_v11.shp,WPP_BFAR_merge.shp,vbd_mpa_r20170830.shp,VNF-VBD_npp_20120301-20151231_global_asia-enhanced_c201607211230.bitmask,vbd_landsea_r20220824.mask,timezone.shp,VBD_platforms-recurring_2015_r20170330.shp,999999,VBD_bridges_c20160811.shp,8.205034;6.250037;3.961037;-0.911653;1.234481;3.316336,95.108154;108.904648;122.486862;121.346123;107.783257;94.088097,npp_d20250830_t1814301_e1815542_b71723;npp_d20250830_t1815555_e1817196_b71723;npp_d20250830_t1817209_e1818451_b71723;npp_d20250830_t1818463_e1820105_b71723,158.033,44.6367,50.0812,98.045,117.109,-115.08
476,VBD_npp_d20250830_t1816011_x1015498E_y069666N_l0058_s0948_v23,2025-08-30 20:43:22,6.966572,101.549835,27.5147,2025-08-30 18:16:01,2025-08-31 01:16:01,58,948,0.286189,1,2401,0.855052,0.055,0.892972,0.4,0.946531,0.75,9.03038e-17,0.0001,3.71758e-12,999999,999999,3,Thailand Exclusive Economic Zone,,,SVDNB_npp_d20250830_t1815555_e1817196_b71723_c20250830194309340000_oeac_ops.h5,GDNBO_npp_d20250830_t1815555_e1817196_b71723_c20250830194045994000_oeac_ops.h5,SVI04_npp_d20250830_t1815555_e1817196_b71723_c20250830194317740000_oeac_ops.dspace_rad,,eez_v11.shp,WPP_BFAR_merge.shp,vbd_mpa_r20170830.shp,VNF-VBD_npp_20120301-20151231_global_asia-enhanced_c201607211230.bitmask,vbd_landsea_r20220824.mask,timezone.shp,VBD_platforms-recurring_2015_r20170330.shp,999999,VBD_bridges_c20160811.shp,8.205034;6.250037;3.961037;-0.911653;1.234481;3.316336,95.108154;108.904648;122.486862;121.346123;107.783257;94.088097,npp_d20250830_t1814301_e1815542_b71723;npp_d20250830_t1815555_e1817196_b71723;npp_d20250830_t1817209_e1818451_b71723;npp_d20250830_t1818463_e1820105_b71723,158.042,44.6958,50.0214,97.8857,117.109,-115.091
477,VBD_npp_d20250830_t1815593_x1015906E_y071030N_l0037_s0950_v23,2025-08-30 20:43:22,7.103037,101.590614,6.08501,2025-08-30 18:15:59,2025-08-31 01:15:59,37,950,0.282419,1,2401,0.364271,0.055,0.84356,0.4,0.868422,0.75,8.22307e-17,0.0001,3.7918e-12,999999,999999,3,Thailand Exclusive Economic Zone,,,SVDNB_npp_d20250830_t1815555_e1817196_b71723_c20250830194309340000_oeac_ops.h5,GDNBO_npp_d20250830_t1815555_e1817196_b71723_c20250830194045994000_oeac_ops.h5,SVI04_npp_d20250830_t1815555_e1817196_b71723_c20250830194317740000_oeac_ops.dspace_rad,,eez_v11.shp,WPP_BFAR_merge.shp,vbd_mpa_r20170830.shp,VNF-VBD_npp_20120301-20151231_global_asia-enhanced_c201607211230.bitmask,vbd_landsea_r20220824.mask,timezone.shp,VBD_platforms-recurring_2015_r20170330.shp,999999,VBD_bridges_c20160811.shp,8.205034;6.250037;3.961037;-0.911653;1.234481;3.316336,95.108154;108.904648;122.486862;121.346123;107.783257;94.088097,npp_d20250830_t1814301_e1815542_b71723;npp_d20250830_t1815555_e1817196_b71723;npp_d20250830_t1817209_e1818451_b71723;npp_d20250830_t1818463_e1820105_b71723,157.921,44.5212,49.9602,98.1459,117.196,-115.032
480,VBD_npp_d20250830_t1815593_x1016195E_y070641N_l0042_s0955_v23,2025-08-30 20:43:22,7.064052,101.619476,3.96991,2025-08-30 18:15:59,2025-08-31 01:15:59,42,955,0.175012,2,2337,0.22119,0.055,0.775072,0.4,0.745758,0.75,8.15553e-17,0.0001,3.58996e-12,999999,999999,3,Thailand Exclusive Economic Zone,,,SVDNB_npp_d20250830_t1815555_e1817196_b71723_c20250830194309340000_oeac_ops.h5,GDNBO_npp_d20250830_t1815555_e1817196_b71723_c20250830194045994000_oeac_ops.h5,SVI04_npp_d20250830_t1815555_e1817196_b71723_c20250830194317740000_oeac_ops.dspace_rad,,eez_v11.shp,WPP_BFAR_merge.shp,vbd_mpa_r20170830.shp,VNF-VBD_npp_20120301-20151231_global_asia-enhanced_c201607211230.bitmask,vbd_landsea_r20220824.mask,timezone.shp,VBD_platforms-recurring_2015_r20170330.shp,999999,VBD_bridges_c20160811.shp,8.205034;6.250037;3.961037;-0.911653;1.234481;3.316336,95.108154;108.904648;122.486862;121.346123;107.783257;94.088097,npp_d20250830_t1814301_e1815542_b71723;npp_d20250830_t1815555_e1817196_b71723;npp_d20250830_t1817209_e1818451_b71723;npp_d20250830_t1818463_e1820105_b71723,157.929,44.6425,49.8104,97.881,117.206,-115.052
482,VBD_npp_d20250830_t1816011_x1016020E_y069453N_l0060_s0956_v23,2025-08-30 20:43:22,6.945298,101.601990,10.728,2025-08-30 18:16:01,2025-08-31 01:16:01,60,956,0.320688,1,2401,0.540625,0.055,0.859994,0.4,0.816142,0.75,8.69385e-17,0.0001,3.49214e-12,999999,999999,3,Thailand Exclusive Economic Zone,,,SVDNB_npp_d20250830_t1815555_e1817196_b71723_c20250830194309340000_oeac_ops.h5,GDNBO_npp_d20250830_t1815555_e1817196_b71723_c20250830194045994000_oeac_ops.h5,SVI04_npp_d20250830_t1815555_e1817196_b71723_c20250830194317740000_oeac_ops.dspace_rad,,eez_v11.shp,WPP_BFAR_merge.shp,vbd_mpa_r20170830.shp,VNF-VBD_npp_20120301-20151231_global_asia-enhanced_c201607211230.bitmask,vbd_landsea_r20220824.mask,timezone.shp,VBD_platforms-recurring_2015_r20170330.shp,999999,VBD_bridges_c20160811.shp,8.205034;6.250037;3.961037;-0.911653;1.234481;3.316336,95.108154;108.904648;122.486862;121.346123;107.783257;94.088097,npp_d20250830_t1814301_e1815542_b71723;npp_d20250830_t1815555_e1817196_b71723;npp_d20250830_t1817209_e1818451_b71723;npp_d20250830_t1818463_e1820105_b71723,158.02,44.8304,49.7813,97.7839,117.146,-115.105
483,VBD_npp_d20250830_t1815593_x1016280E_y070280N_l0047_s0957_v23,2025-08-30 20:43:22,7.028045,101.627975,4.93441,2025-08-30 18:15:59,2025-08-31 01:15:59,47,957,0.186179,1,2401,0.26285,0.055,0.846778,0.4,0.768077,0.75,8.22288e-17,0.0001,3.47052e-12,999999,999999,3,Thailand Exclusive Economic Zone,,,SVDNB_npp_d20250830_t1815555_e1817196_b71723_c20250830194309340000_oeac_ops.h5,GDNBO_npp_d20250830_t1815555_e1817196_b71723_c20250830194045994000_oeac_ops.h5,SVI04_npp_d20250830_t1815555_e1817196_b71723_c20250830194317740000_oeac_ops.dspace_rad,,eez_v11.shp,WPP_BFAR_merge.shp,vbd_mpa_r20170830.shp,VNF-VBD_npp_20120301-20151231_global_asia-enhanced_c201607211230.bitmask,vbd_landsea_r20220824.mask,timezone.shp,VBD_platforms-recurring_2015_r20170330.shp,999999,VBD_bridges_c20160811.shp,8.205034;6.250037;3.961037;-0.911653;1.234481;3.316336,95.108154;108.904648;122.486862;121.346123;107.783257;94.088097,npp_d20250830_t1814301_e1815542_b71723;npp_d20250830_t1815555_e1817196_b71723;npp_d20250830_t1817209_e1818451_b71723;npp_d20250830_t1818463_e1820105_b71723,157.948,44.7209,49.7517,97.613,117.198,-115.069
484,VBD_npp_d20250830_t1816029_x1016009E_y068874N_l0069_s0958_v23,2025-08-30 20:43:22,6.887355,101.600945,23.0666,2025-08-30 18:16:02,2025-08-31 01:16:02,69,958,0.31891,1,2401,0.830768,0.055,0.90471,0.4,0.970747,0.75,8.88205e-17,0.0001,3.49842e-12,999999,999999,3,Thailand Exclusive Economic Zone,,,SVDNB_npp_d20250830_t1815555_e1817196_b71723_c20250830194309340000_oeac_ops.h5,GDNBO_npp_d20250830_t1815555_e1817196_b71723_c20250830194045994000_oeac_ops.h5,SVI04_npp_d20250830_t1815555_e1817196_b71723_c20250830194317740000_oeac_ops.dspace_rad,,eez_v11.shp,WPP_BFAR_merge.shp,vbd_mpa_r20170830.shp,VNF-VBD_npp_20120301-20151231_global_asia-enhanced_c201607211230.bitmask,vbd_landsea_r20220824.mask,timezone.shp,VBD_platforms-recurring_2015_r20170330.shp,999999,VBD_bridges_c20160811.shp,8.205034;6.250037;3.961037;-0.911653;1.234481;3.316336,95.108154;108.904648;122.486862;121.346123;107.783257;94.088097,npp_d20250830_t1814301_e1815542_b71723;npp_d20250830_t1815555_e1817196_b71723;npp_d20250830_t1817209_e1818451_b71723;npp_d20250830_t1818463_e1820105_b71723,158.057,44.9437,49.7173,98.1764,117.127,-115.131
485,VBD_npp_d20250830_t1816011_x1016388E_y070097N_l0050_s0960_v23,2025-08-30 20:43:22,7.009669,101.638771,14.9865,2025-08-30 18:16:01,2025-08-31 01:16:01,50,960,0.288466,1,2401,0.653463,0.055,0.858278,0.4,0.934147,0.75,8.17384e-17,0.0001,3.54072e-12,999999,999999,3,Thailand Exclusive Economic Zone,,,SVDNB_npp_d20250830_t1815555_e1817196_b71723_c20250830194309340000_oeac_ops.h5,GDNBO_npp_d20250830_t1815555_e1817196_b71723_c20250830194045994000_oeac_ops.h5,SVI04_npp_d20250830_t1815555_e1817196_b71723_c20250830194317740000_oeac_ops.dspace_rad,,eez_v11.shp,WPP_BFAR_merge.shp,vbd_mpa_r20170830.shp,VNF-VBD_npp_20120301-20151231_global_asia-enhanced_c201607211230.bitmask,vbd_landsea_r20220824.mask,timezone.shp,VBD_platforms-recurring_2015_r20170330.shp,999999,VBD_bridges_c20160811.shp,8.205034;6.250037;3.961037;-0.911653;1.234481;3.316336,95.108154;108.904648;122.486862;121.346123;107.783257;94.088097,npp_d20250830_t1814301_e1815542_b71723;npp_d20250830_t1815555_e1817196_b71723;npp_d20250830_t1817209_e1818451_b71723;npp_d20250830_t1818463_e1820105_b71723,157.949,44.7867,49.6602,98.3264,117.206,-115.079
486,VBD_npp_d20250830_t1816029_x1016124E_y068718N_l0071_s0960_v23,2025-08-30 20:43:22,6.871802,101.612381,37.8529,2025-08-30 18:16:02,2025-08-31 01:16:02,71,960,0.310801,1,2401,1.00654,0.055,0.910278,0.4,0.976712,0.75,8.84103e-17,0.0001,3.42416e-12,999999,999999,3,Thailand Exclusive Economic Zone,,,SVDNB_npp_d20250830_t1815555_e1817196_b71723_c20250830194309340000_oeac_ops.h5,GDNBO_npp_d20250830_t1815555_e1817196_b71723_c20250830194045994000_oeac_ops.h5,SVI04_npp_d20250830_t1815555_e1817196_b71723_c20250830194317740000_oeac_ops.dspace_rad,,eez_v11.shp,WPP_BFAR_merge.shp,vbd_mpa_r20170830.shp,VNF-VBD_npp_20120301-20151231_global_asia-enhanced_c201607211230.bitmask,vbd_landsea_r20220824.mask,timezone.shp,VBD_platforms-recurring_2015_r20170330.shp,999999,VBD_bridges_c20160811.shp,8.205034;6.250037;3.961037;-0.911653;1.234481;3.316336,95.108154;108.904648;122.486862;121.346123;107.783257;94.088097,npp_d20250830_t1814301_e1815542_b71723;npp_d20250830_t1815555_e1817196_b71723;npp_d20250830_t1817209_e1818451_b71723;npp_d20250830_t1818463_e1820105_b71723,158.06,44.9923,49.6574,98.0701,117.131,-115.139
487,VBD_npp_d20250830_t1815593_x1016615E_y070234N_l0047_s0962_v23,2025-08-30 20:43:22,7.023406,101.661545,7.9521,2025-08-30 18:15:59,2025-08-31 01:15:59,47,962,0.210222,1,2401,0.410821,0.055,0.858278,0.4,0.858866,0.75,7.9823e-17,0.0001,3.35634e-12,999999,999999,3,Thailand Exclusive Economic Zone,,,SVDNB_npp_d20250830_t1815555_e1817196_b71723_c20250830194309340000_oeac_ops.h5,GDNBO_npp_d20250830_t1815555_e1817196_b71723_c20250830194045994000_oeac_ops.h5,SVI04_npp_d20250830_t1815555_e1817196_b71723_c20250830194317740000_oeac_ops.dspace_rad,,eez_v11.shp,WPP_BFAR_merge.shp,vbd_mpa_r20170830.shp,VNF-VBD_npp_20120301-20151231_global_asia-enhanced_c201607211230.bitmask,vbd_landsea_r20220824.mask,timezone.shp,VBD_platforms-recurring_2015_r20170330.shp,999999,VBD_bridges_c20160811.shp,8.205034;6.250037;3.961037;-0.911653;1.234481;3.316336,95.108154;108.904648;122.486862;121.346123;107.783257;94.088097,npp_d20250830_t1814301_e1815542_b71723;npp_d20250830_t1815555_e1817196_b71723;npp_d20250830_t1817209_e1818451_b71723;npp_d20250830_t1818463_e1820105_b71723,157.928,44.7914,49.6016,97.6162,117.226,-115.074
488,VBD_npp_d20250830_t1816029_x1016307E_y069039N_l0066_s0962_v23,2025-08-30 20:43:22,6.903923,101.630722,5.94903,2025-08-30 18:16:02,2025-08-31 01:16:02,66,962,0.234193,2,2337,0.312789,0.055,0.891559,0.4,0.694872,0.75,8.57875e-17,0.0001,3.44812e-12,999999,999999,3,Thailand Exclusive Economic Zone,,,SVDNB_npp_d20250830_t1815555_e1817196_b71723_c20250830194309340000_oeac_ops.h5,GDNBO_npp_d20250830_t1815555_e1817196_b71723_c20250830194045994000_oeac_ops.h5,SVI04_npp_d20250830_t1815555_e1817196_b71723_c20250830194317740000_oeac_ops.dspace_rad,,eez_v11.shp,WPP_BFAR_merge.shp,vbd_mpa_r20170830.shp,VNF-VBD_npp_20120301-20151231_global_asia-enhanced_c201607211230.bitmask,vbd_landsea_r20220824.mask,timezone.shp,VBD_platforms-recurring_2015_r20170330.shp,999999,VBD_bridges_c20160811.shp,8.205034;6.250037;3.961037;-0.911653;1.234481;3.316336,95.108154;108.904648;122.486862;121.346123;107.783257;94.088097,npp_d20250830_t1814301_e1815542_b71723;npp_d20250830_t1815555_e1817196_b71723;npp_d20250830_t1817209_e1818451_b71723;npp_d20250830_t1818463_e1820105_b71723,158.024,44.9701,49.5973,98.3418,117.161,-115.127
489,VBD_npp_d20250830_t1816011_x1017111E_y069923N_l0051_s0971_v23,2025-08-30 20:43:22,6.992261,101.711113,2.51174,2025-08-30 18:16:01,2025-08-31 01:16:01,51,971,0.137881,2,2337,0.0963034,0.055,0.404953,0.4,0.579962,0.75,7.66801e-17,0.0001,3.27888e-12,999999,999999,3,Thailand Exclusive Economic Zone,,,SVDNB_npp_d20250830_t1815555_e1817196_b71723_c20250830194309340000_oeac_ops.h5,GDNBO_npp_d20250830_t1815555_e1817196_b71723_c20250830194045994000_oeac_ops.h5,SVI04_npp_d20250830_t1815555_e1817196_b71723_c20250830194317740000_oeac_ops.dspace_rad,,eez_v11.shp,WPP_BFAR_merge.shp,vbd_mpa_r20170830.shp,VNF-VBD_npp_20120301-20151231_global_asia-enhanced_c201607211230.bitmask,vbd_landsea_r20220824.mask,timezone.shp,VBD_platforms-recurring_2015_r20170330.shp,999999,VBD_bridges_c20160811.shp,8.205034;6.250037;3.961037;-0.911653;1.234481;3.316336,95.108154;108.904648;122.486862;121.346123;107.783257;94.088097,npp_d20250830_t1814301_e1815542_b71723;npp_d20250830_t1815555_e1817196_b71723;npp_d20250830_t1817209_e1818451_b71723;npp_d20250830_t1818463_e1820105_b71723,157.91,44.9513,49.3304,98.2824,117.264,-115.093
491,VBD_npp_d20250830_t1815557_x1018017E_y072802N_l0006_s0975_v23,2025-08-30 20:43:22,7.280198,101.801689,5.98713,2025-08-30 18:15:55,2025-08-31 01:15:55,6,975,0.0983325,1,2401,0.391549,0.055,0.784828,0.4,0.927286,0.75,6.17053e-17,0.0001,3.27276e-12,999999,999999,3,Thailand Exclusive Economic Zone,,,SVDNB_npp_d20250830_t1815555_e1817196_b71723_c20250830194309340000_oeac_ops.h5,GDNBO_npp_d20250830_t1815555_e1817196_b71723_c20250830194045994000_oeac_ops.h5,SVI04_npp_d20250830_t1815555_e1817196_b71723_c20250830194317740000_oeac_ops.dspace_rad,,eez_v11.shp,WPP_BFAR_merge.shp,vbd_mpa_r20170830.shp,VNF-VBD_npp_20120301-20151231_global_asia-enhanced_c201607211230.bitmask,vbd_landsea_r20220824.mask,timezone.shp,VBD_platforms-recurring_2015_r20170330.shp,999999,VBD_bridges_c20160811.shp,8.205034;6.250037;3.961037;-0.911653;1.234481;3.316336,95.108154;108.904648;122.486862;121.346123;107.783257;94.088097,npp_d20250830_t1814301_e1815542_b71723;npp_d20250830_t1815555_e1817196_b71723;npp_d20250830_t1817209_e1818451_b71723;npp_d20250830_t1818463_e1820105_b71723,157.658,44.5812,49.2075,98.0908,117.446,-114.969
493,VBD_npp_d20250830_t1816029_x1017558E_y067894N_l0080_s0983_v23,2025-08-30 20:43:22,6.789405,101.755814,1.77263,2025-08-30 18:16:02,2025-08-31 01:16:02,80,983,0.12081,2,2337,0.066589,0.055,0.558445,0.4,0.410859,0.75,7.8767e-17,0.0001,2.84779e-12,999999,999999,3,Thailand Exclusive Economic Zone,,,SVDNB_npp_d20250830_t1815555_e1817196_b71723_c20250830194309340000_oeac_ops.h5,GDNBO_npp_d20250830_t1815555_e1817196_b71723_c20250830194045994000_oeac_ops.h5,SVI04_npp_d20250830_t1815555_e1817196_b71723_c20250830194317740000_oeac_ops.dspace_rad,,eez_v11.shp,WPP_BFAR_merge.shp,vbd_mpa_r20170830.shp,VNF-VBD_npp_20120301-20151231_global_asia-enhanced_c201607211230.bitmask,vbd_landsea_r20220824.mask,timezone.shp,VBD_platforms-recurring_2015_r20170330.shp,999999,VBD_bridges_c20160811.shp,8.205034;6.250037;3.961037;-0.911653;1.234481;3.316336,95.108154;108.904648;122.486862;121.346123;107.783257;94.088097,npp_d20250830_t1814301_e1815542_b71723;npp_d20250830_t1815555_e1817196_b71723;npp_d20250830_t1817209_e1818451_b71723;npp_d20250830_t1818463_e1820105_b71723,158.017,45.4031,48.9711,97.5974,117.224,-115.189
494,VBD_npp_d20250830_t1816046_x1017548E_y067854N_l0081_s0984_v23,2025-08-30 20:43:22,6.785363,101.754776,1.96797,2025-08-30 18:16:04,2025-08-31 01:16:04,81,984,0.119387,2,2337,0.0824767,0.055,0.558445,0.4,0.575662,0.75,7.84957e-17,0.0001,2.96673e-12,999999,999999,3,Thailand Exclusive Economic Zone,,,SVDNB_npp_d20250830_t1815555_e1817196_b71723_c20250830194309340000_oeac_ops.h5,GDNBO_npp_d20250830_t1815555_e1817196_b71723_c20250830194045994000_oeac_ops.h5,SVI04_npp_d20250830_t1815555_e1817196_b71723_c20250830194317740000_oeac_ops.dspace_rad,,eez_v11.shp,WPP_BFAR_merge.shp,vbd_mpa_r20170830.shp,VNF-VBD_npp_20120301-20151231_global_asia-enhanced_c201607211230.bitmask,vbd_landsea_r20220824.mask,timezone.shp,VBD_platforms-recurring_2015_r20170330.shp,999999,VBD_bridges_c20160811.shp,8.205034;6.250037;3.961037;-0.911653;1.234481;3.316336,95.108154;108.904648;122.486862;121.346123;107.783257;94.088097,npp_d20250830_t1814301_e1815542_b71723;npp_d20250830_t1815555_e1817196_b71723;npp_d20250830_t1817209_e1818451_b71723;npp_d20250830_t1818463_e1820105_b71723,158.015,45.4221,48.9395,98.4262,117.228,-115.192
495,VBD_npp_d20250830_t1816046_x1017518E_y067652N_l0084_s0984_v23,2025-08-30 20:43:22,6.765155,101.751839,2.99509,2025-08-30 18:16:04,2025-08-31 01:16:04,84,984,0.144141,2,2337,0.175714,0.055,0.57812,0.4,0.732064,0.75,7.93126e-17,0.0001,2.9317e-12,999999,999999,3,Thailand Exclusive Economic Zone,,,SVDNB_npp_d20250830_t1815555_e1817196_b71723_c20250830194309340000_oeac_ops.h5,GDNBO_npp_d20250830_t1815555_e1817196_b71723_c20250830194045994000_oeac_ops.h5,SVI04_npp_d20250830_t1815555_e1817196_b71723_c20250830194317740000_oeac_ops.dspace_rad,,eez_v11.shp,WPP_BFAR_merge.shp,vbd_mpa_r20170830.shp,VNF-VBD_npp_20120301-20151231_global_asia-enhanced_c201607211230.bitmask,vbd_landsea_r20220824.mask,timezone.shp,VBD_platforms-recurring_2015_r20170330.shp,999999,VBD_bridges_c20160811.shp,8.205034;6.250037;3.961037;-0.911653;1.234481;3.316336,95.108154;108.904648;122.486862;121.346123;107.783257;94.088097,npp_d20250830_t1814301_e1815542_b71723;npp_d20250830_t1815555_e1817196_b71723;npp_d20250830_t1817209_e1818451_b71723;npp_d20250830_t1818463_e1820105_b71723,158.031,45.4523,48.9394,98.2625,117.217,-115.201
498,VBD_npp_d20250830_t1815593_x1018592E_y069960N_l0047_s0992_v23,2025-08-30 20:43:22,6.996027,101.859222,1.71511,2025-08-30 18:15:59,2025-08-31 01:15:59,47,992,0.139019,8,18689,0.09161,0.055,0.393295,0.4,0.657142,0.75,6.53881e-17,0.0001,2.76879e-12,999999,999999,3,Thailand Exclusive Economic Zone,,,SVDNB_npp_d20250830_t1815555_e1817196_b71723_c20250830194309340000_oeac_ops.h5,GDNBO_npp_d20250830_t1815555_e1817196_b71723_c20250830194045994000_oeac_ops.h5,SVI04_npp_d20250830_t1815555_e1817196_b71723_c20250830194317740000_oeac_ops.dspace_rad,,eez_v11.shp,WPP_BFAR_merge.shp,vbd_mpa_r20170830.shp,VNF-VBD_npp_20120301-20151231_global_asia-enhanced_c201607211230.bitmask,vbd_landsea_r20220824.mask,timezone.shp,VBD_platforms-recurring_2015_r20170330.shp,0.452556,VBD_bridges_c20160811.shp,8.205034;6.250037;3.961037;-0.911653;1.234481;3.316336,95.108154;108.904648;122.486862;121.346123;107.783257;94.088097,npp_d20250830_t1814301_e1815542_b71723;npp_d20250830_t1815555_e1817196_b71723;npp_d20250830_t1817209_e1818451_b71723;npp_d20250830_t1818463_e1820105_b71723,157.809,45.2043,48.7048,97.6344,117.391,-115.104
499,VBD_npp_d20250830_t1815593_x1018968E_y070728N_l0035_s0996_v23,2025-08-30 20:43:22,7.072813,101.896843,3.1662,2025-08-30 18:15:59,2025-08-31 01:15:59,35,996,0.210008,1,2401,0.23312,0.055,0.694559,0.4,0.866316,0.75,6.11951e-17,0.0001,2.83174e-12,999999,999999,3,Thailand Exclusive Economic Zone,,,SVDNB_npp_d20250830_t1815555_e1817196_b71723_c20250830194309340000_oeac_ops.h5,GDNBO_npp_d20250830_t1815555_e1817196_b71723_c20250830194045994000_oeac_ops.h5,SVI04_npp_d20250830_t1815555_e1817196_b71723_c20250830194317740000_oeac_ops.dspace_rad,,eez_v11.shp,WPP_BFAR_merge.shp,vbd_mpa_r20170830.shp,VNF-VBD_npp_20120301-20151231_global_asia-enhanced_c201607211230.bitmask,vbd_landsea_r20220824.mask,timezone.shp,VBD_platforms-recurring_2015_r20170330.shp,999999,VBD_bridges_c20160811.shp,8.205034;6.250037;3.961037;-0.911653;1.234481;3.316336,95.108154;108.904648;122.486862;121.346123;107.783257;94.088097,npp_d20250830_t1814301_e1815542_b71723;npp_d20250830_t1815555_e1817196_b71723;npp_d20250830_t1817209_e1818451_b71723;npp_d20250830_t1818463_e1820105_b71723,157.728,45.14,48.5836,98.2954,117.457,-115.072
500,VBD_npp_d20250830_t1816064_x1018428E_y066177N_l0104_s1002_v23,2025-08-30 20:43:22,6.617680,101.842804,9.06183,2025-08-30 18:16:06,2025-08-31 01:16:06,104,1002,0.213494,1,2401,0.478779,0.055,0.863359,0.4,0.861826,0.75,7.74115e-17,0.0001,2.55421e-12,999999,999999,3,Thailand Exclusive Economic Zone,,,SVDNB_npp_d20250830_t1815555_e1817196_b71723_c20250830194309340000_oeac_ops.h5,GDNBO_npp_d20250830_t1815555_e1817196_b71723_c20250830194045994000_oeac_ops.h5,SVI04_npp_d20250830_t1815555_e1817196_b71723_c20250830194317740000_oeac_ops.dspace_rad,,eez_v11.shp,WPP_BFAR_merge.shp,vbd_mpa_r20170830.shp,VNF-VBD_npp_20120301-20151231_global_asia-enhanced_c201607211230.bitmask,vbd_landsea_r20220824.mask,timezone.shp,VBD_platforms-recurring_2015_r20170330.shp,999999,VBD_bridges_c20160811.shp,8.205034;6.250037;3.961037;-0.911653;1.234481;3.316336,95.108154;108.904648;122.486862;121.346123;107.783257;94.088097,npp_d20250830_t1814301_e1815542_b71723;npp_d20250830_t1815555_e1817196_b71723;npp_d20250830_t1817209_e1818451_b71723;npp_d20250830_t1818463_e1820105_b71723,158.064,45.8949,48.4006,98.0702,117.242,-115.276
501,VBD_npp_d20250830_t1816064_x1018389E_y065910N_l0108_s1002_v23,2025-08-30 20:43:22,6.590965,101.838890,5.96861,2025-08-30 18:16:06,2025-08-31 01:16:06,108,1002,0.155735,1,2401,0.332682,0.055,0.830593,0.4,0.841754,0.75,7.8875e-17,0.0001,2.51522e-12,999999,999999,3,Thailand Exclusive Economic Zone,,,SVDNB_npp_d20250830_t1815555_e1817196_b71723_c20250830194309340000_oeac_ops.h5,GDNBO_npp_d20250830_t1815555_e1817196_b71723_c20250830194045994000_oeac_ops.h5,SVI04_npp_d20250830_t1815555_e1817196_b71723_c20250830194317740000_oeac_ops.dspace_rad,,eez_v11.shp,WPP_BFAR_merge.shp,vbd_mpa_r20170830.shp,VNF-VBD_npp_20120301-20151231_global_asia-enhanced_c201607211230.bitmask,vbd_landsea_r20220824.mask,timezone.shp,VBD_platforms-recurring_2015_r20170330.shp,999999,VBD_bridges_c20160811.shp,8.205034;6.250037;3.961037;-0.911653;1.234481;3.316336,95.108154;108.904648;122.486862;121.346123;107.783257;94.088097,npp_d20250830_t1814301_e1815542_b71723;npp_d20250830_t1815555_e1817196_b71723;npp_d20250830_t1817209_e1818451_b71723;npp_d20250830_t1818463_e1820105_b71723,158.086,45.9354,48.4014,97.8501,117.227,-115.288
502,VBD_npp_d20250830_t1816046_x1018766E_y067607N_l0082_s1003_v23,2025-08-30 20:43:22,6.760717,101.876625,3.3725,2025-08-30 18:16:04,2025-08-31 01:16:04,82,1003,0.185397,2,2337,0.208271,0.055,0.712083,0.4,0.716204,0.75,7.08423e-17,0.0001,2.62985e-12,999999,999999,3,Thailand Exclusive Economic Zone,,,SVDNB_npp_d20250830_t1815555_e1817196_b71723_c20250830194309340000_oeac_ops.h5,GDNBO_npp_d20250830_t1815555_e1817196_b71723_c20250830194045994000_oeac_ops.h5,SVI04_npp_d20250830_t1815555_e1817196_b71723_c20250830194317740000_oeac_ops.dspace_rad,,eez_v11.shp,WPP_BFAR_merge.shp,vbd_mpa_r20170830.shp,VNF-VBD_npp_20120301-20151231_global_asia-enhanced_c201607211230.bitmask,vbd_landsea_r20220824.mask,timezone.shp,VBD_platforms-recurring_2015_r20170330.shp,999999,VBD_bridges_c20160811.shp,8.205034;6.250037;3.961037;-0.911653;1.234481;3.316336,95.108154;108.904648;122.486862;121.346123;107.783257;94.088097,npp_d20250830_t1814301_e1815542_b71723;npp_d20250830_t1815555_e1817196_b71723;npp_d20250830_t1817209_e1818451_b71723;npp_d20250830_t1818463_e1820105_b71723,157.946,45.6894,48.3736,98.3885,117.326,-115.214
503,VBD_npp_d20250830_t1816064_x1018531E_y066435N_l0100_s1003_v23,2025-08-30 20:43:22,6.643467,101.853111,8.60965,2025-08-30 18:16:06,2025-08-31 01:16:06,100,1003,0.237891,1,2401,0.471268,0.055,0.878321,0.4,0.889856,0.75,7.56087e-17,0.0001,2.57852e-12,999999,999999,3,Thailand Exclusive Economic Zone,,,SVDNB_npp_d20250830_t1815555_e1817196_b71723_c20250830194309340000_oeac_ops.h5,GDNBO_npp_d20250830_t1815555_e1817196_b71723_c20250830194045994000_oeac_ops.h5,SVI04_npp_d20250830_t1815555_e1817196_b71723_c20250830194317740000_oeac_ops.dspace_rad,,eez_v11.shp,WPP_BFAR_merge.shp,vbd_mpa_r20170830.shp,VNF-VBD_npp_20120301-20151231_global_asia-enhanced_c201607211230.bitmask,vbd_landsea_r20220824.mask,timezone.shp,VBD_platforms-recurring_2015_r20170330.shp,999999,VBD_bridges_c20160811.shp,8.205034;6.250037;3.961037;-0.911653;1.234481;3.316336,95.108154;108.904648;122.486862;121.346123;107.783257;94.088097,npp_d20250830_t1814301_e1815542_b71723;npp_d20250830_t1815555_e1817196_b71723;npp_d20250830_t1817209_e1818451_b71723;npp_d20250830_t1818463_e1820105_b71723,158.039,45.8679,48.3706,98.2912,117.262,-115.266
504,VBD_npp_d20250830_t1816064_x1018537E_y066025N_l0106_s1004_v23,2025-08-30 20:43:22,6.602500,101.853653,4.49684,2025-08-30 18:16:06,2025-08-31 01:16:06,106,1004,0.189665,8,18785,0.258928,0.055,0.883291,0.4,0.755255,0.75,7.74452e-17,0.0001,2.50465e-12,999999,999999,3,Thailand Exclusive Economic Zone,,,SVDNB_npp_d20250830_t1815555_e1817196_b71723_c20250830194309340000_oeac_ops.h5,GDNBO_npp_d20250830_t1815555_e1817196_b71723_c20250830194045994000_oeac_ops.h5,SVI04_npp_d20250830_t1815555_e1817196_b71723_c20250830194317740000_oeac_ops.dspace_rad,,eez_v11.shp,WPP_BFAR_merge.shp,vbd_mpa_r20170830.shp,VNF-VBD_npp_20120301-20151231_global_asia-enhanced_c201607211230.bitmask,vbd_landsea_r20220824.mask,timezone.shp,VBD_platforms-recurring_2015_r20170330.shp,0.283808,VBD_bridges_c20160811.shp,8.205034;6.250037;3.961037;-0.911653;1.234481;3.316336,95.108154;108.904648;122.486862;121.346123;107.783257;94.088097,npp_d20250830_t1814301_e1815542_b71723;npp_d20250830_t1815555_e1817196_b71723;npp_d20250830_t1817209_e1818451_b71723;npp_d20250830_t1818463_e1820105_b71723,158.067,45.9419,48.3415,97.9615,117.245,-115.284
505,VBD_npp_d20250830_t1816046_x1018919E_y067312N_l0086_s1006_v23,2025-08-30 20:43:22,6.731247,101.891907,2.29232,2025-08-30 18:16:04,2025-08-31 01:16:04,86,1006,0.182694,8,18721,0.134028,0.055,0.682793,0.4,0.626854,0.75,7.08553e-17,0.0001,2.54337e-12,999999,999999,3,Thailand Exclusive Economic Zone,,,SVDNB_npp_d20250830_t1815555_e1817196_b71723_c20250830194309340000_oeac_ops.h5,GDNBO_npp_d20250830_t1815555_e1817196_b71723_c20250830194045994000_oeac_ops.h5,SVI04_npp_d20250830_t1815555_e1817196_b71723_c20250830194317740000_oeac_ops.dspace_rad,,eez_v11.shp,WPP_BFAR_merge.shp,vbd_mpa_r20170830.shp,VNF-VBD_npp_20120301-20151231_global_asia-enhanced_c201607211230.bitmask,vbd_landsea_r20220824.mask,timezone.shp,VBD_platforms-recurring_2015_r20170330.shp,0.539051,VBD_bridges_c20160811.shp,8.205034;6.250037;3.961037;-0.911653;1.234481;3.316336,95.108154;108.904648;122.486862;121.346123;107.783257;94.088097,npp_d20250830_t1814301_e1815542_b71723;npp_d20250830_t1815555_e1817196_b71723;npp_d20250830_t1817209_e1818451_b71723;npp_d20250830_t1818463_e1820105_b71723,157.956,45.7695,48.2845,98.1706,117.327,-115.229
506,VBD_npp_d20250830_t1816046_x1019085E_y067561N_l0082_s1008_v23,2025-08-30 20:43:22,6.756056,101.908546,2.40222,2025-08-30 18:16:04,2025-08-31 01:16:04,82,1008,0.230138,8,18721,0.135035,0.055,0.84562,0.4,0.667798,0.75,6.92532e-17,0.0001,2.55254e-12,999999,999999,3,Thailand Exclusive Economic Zone,,,SVDNB_npp_d20250830_t1815555_e1817196_b71723_c20250830194309340000_oeac_ops.h5,GDNBO_npp_d20250830_t1815555_e1817196_b71723_c20250830194045994000_oeac_ops.h5,SVI04_npp_d20250830_t1815555_e1817196_b71723_c20250830194317740000_oeac_ops.dspace_rad,,eez_v11.shp,WPP_BFAR_merge.shp,vbd_mpa_r20170830.shp,VNF-VBD_npp_20120301-20151231_global_asia-enhanced_c201607211230.bitmask,vbd_landsea_r20220824.mask,timezone.shp,VBD_platforms-recurring_2015_r20170330.shp,0.254245,VBD_bridges_c20160811.shp,8.205034;6.250037;3.961037;-0.911653;1.234481;3.316336,95.108154;108.904648;122.486862;121.346123;107.783257;94.088097,npp_d20250830_t1814301_e1815542_b71723;npp_d20250830_t1815555_e1817196_b71723;npp_d20250830_t1817209_e1818451_b71723;npp_d20250830_t1818463_e1820105_b71723,157.927,45.756,48.2251,98.3929,117.353,-115.219
507,VBD_npp_d20250830_t1816064_x1018850E_y066388N_l0100_s1008_v23,2025-08-30 20:43:22,6.638834,101.885010,6.54177,2025-08-30 18:16:06,2025-08-31 01:16:06,100,1008,0.225301,8,18785,0.383934,0.055,0.874607,0.4,0.873153,0.75,7.39126e-17,0.0001,2.50319e-12,999999,999999,3,Thailand Exclusive Economic Zone,,,SVDNB_npp_d20250830_t1815555_e1817196_b71723_c20250830194309340000_oeac_ops.h5,GDNBO_npp_d20250830_t1815555_e1817196_b71723_c20250830194045994000_oeac_ops.h5,SVI04_npp_d20250830_t1815555_e1817196_b71723_c20250830194317740000_oeac_ops.dspace_rad,,eez_v11.shp,WPP_BFAR_merge.shp,vbd_mpa_r20170830.shp,VNF-VBD_npp_20120301-20151231_global_asia-enhanced_c201607211230.bitmask,vbd_landsea_r20220824.mask,timezone.shp,VBD_platforms-recurring_2015_r20170330.shp,0.670731,VBD_bridges_c20160811.shp,8.205034;6.250037;3.961037;-0.911653;1.234481;3.316336,95.108154;108.904648;122.486862;121.346123;107.783257;94.088097,npp_d20250830_t1814301_e1815542_b71723;npp_d20250830_t1815555_e1817196_b71723;npp_d20250830_t1817209_e1818451_b71723;npp_d20250830_t1818463_e1820105_b71723,158.02,45.9344,48.2222,98.2953,117.289,-115.271
508,VBD_npp_d20250830_t1815593_x1019836E_y070334N_l0039_s1010_v23,2025-08-30 20:43:22,7.033407,101.983620,25.6878,2025-08-30 18:15:59,2025-08-31 01:15:59,39,1010,0.272319,1,2401,0.812612,0.055,0.88619,0.4,0.916899,0.75,5.84172e-17,0.0001,2.55902e-12,999999,999999,3,Thailand Exclusive Economic Zone,,,SVDNB_npp_d20250830_t1815555_e1817196_b71723_c20250830194309340000_oeac_ops.h5,GDNBO_npp_d20250830_t1815555_e1817196_b71723_c20250830194045994000_oeac_ops.h5,SVI04_npp_d20250830_t1815555_e1817196_b71723_c20250830194317740000_oeac_ops.dspace_rad,,eez_v11.shp,WPP_BFAR_merge.shp,vbd_mpa_r20170830.shp,VNF-VBD_npp_20120301-20151231_global_asia-enhanced_c201607211230.bitmask,vbd_landsea_r20220824.mask,timezone.shp,VBD_platforms-recurring_2015_r20170330.shp,999999,VBD_bridges_c20160811.shp,8.205034;6.250037;3.961037;-0.911653;1.234481;3.316336,95.108154;108.904648;122.486862;121.346123;107.783257;94.088097,npp_d20250830_t1814301_e1815542_b71723;npp_d20250830_t1815555_e1817196_b71723;npp_d20250830_t1817209_e1818451_b71723;npp_d20250830_t1818463_e1820105_b71723,157.695,45.3669,48.1634,98.0897,117.518,-115.098
509,VBD_npp_d20250830_t1816064_x1018928E_y065966N_l0106_s1010_v23,2025-08-30 20:43:22,6.596590,101.892792,9.36039,2025-08-30 18:16:06,2025-08-31 01:16:06,106,1010,0.199836,1,2401,0.496635,0.055,0.875623,0.4,0.922287,0.75,7.5351e-17,0.0001,2.41511e-12,999999,999999,3,Thailand Exclusive Economic Zone,,,SVDNB_npp_d20250830_t1815555_e1817196_b71723_c20250830194309340000_oeac_ops.h5,GDNBO_npp_d20250830_t1815555_e1817196_b71723_c20250830194045994000_oeac_ops.h5,SVI04_npp_d20250830_t1815555_e1817196_b71723_c20250830194317740000_oeac_ops.dspace_rad,,eez_v11.shp,WPP_BFAR_merge.shp,vbd_mpa_r20170830.shp,VNF-VBD_npp_20120301-20151231_global_asia-enhanced_c201607211230.bitmask,vbd_landsea_r20220824.mask,timezone.shp,VBD_platforms-recurring_2015_r20170330.shp,999999,VBD_bridges_c20160811.shp,8.205034;6.250037;3.961037;-0.911653;1.234481;3.316336,95.108154;108.904648;122.486862;121.346123;107.783257;94.088097,npp_d20250830_t1814301_e1815542_b71723;npp_d20250830_t1815555_e1817196_b71723;npp_d20250830_t1817209_e1818451_b71723;npp_d20250830_t1818463_e1820105_b71723,158.043,46.024,48.159,97.9628,117.278,-115.291
510,VBD_npp_d20250830_t1816082_x1018842E_y065465N_l0114_s1011_v23,2025-08-30 20:43:22,6.546474,101.884216,11.2288,2025-08-30 18:16:08,2025-08-31 01:16:08,114,1011,0.217335,8,18785,0.530874,0.055,0.863751,0.4,0.850816,0.75,7.78113e-17,0.0001,2.45163e-12,999999,999999,3,Thailand Exclusive Economic Zone,,,SVDNB_npp_d20250830_t1815555_e1817196_b71723_c20250830194309340000_oeac_ops.h5,GDNBO_npp_d20250830_t1815555_e1817196_b71723_c20250830194045994000_oeac_ops.h5,SVI04_npp_d20250830_t1815555_e1817196_b71723_c20250830194317740000_oeac_ops.dspace_rad,,eez_v11.shp,WPP_BFAR_merge.shp,vbd_mpa_r20170830.shp,VNF-VBD_npp_20120301-20151231_global_asia-enhanced_c201607211230.bitmask,vbd_landsea_r20220824.mask,timezone.shp,VBD_platforms-recurring_2015_r20170330.shp,0.772627,VBD_bridges_c20160811.shp,8.205034;6.250037;3.961037;-0.911653;1.234481;3.316336,95.108154;108.904648;122.486862;121.346123;107.783257;94.088097,npp_d20250830_t1814301_e1815542_b71723;npp_d20250830_t1815555_e1817196_b71723;npp_d20250830_t1817209_e1818451_b71723;npp_d20250830_t1818463_e1820105_b71723,158.079,46.1114,48.1319,98.4289,117.255,-115.313
511,VBD_npp_d20250830_t1815575_x1020122E_y070802N_l0031_s1012_v23,2025-08-30 20:43:22,7.080153,102.012169,11.1298,2025-08-30 18:15:57,2025-08-31 01:15:57,31,1012,0.302834,1,2401,0.592126,0.055,0.913804,0.4,0.922405,0.75,5.59959e-17,0.0001,2.47247e-12,999999,999999,3,Thailand Exclusive Economic Zone,,,SVDNB_npp_d20250830_t1815555_e1817196_b71723_c20250830194309340000_oeac_ops.h5,GDNBO_npp_d20250830_t1815555_e1817196_b71723_c20250830194045994000_oeac_ops.h5,SVI04_npp_d20250830_t1815555_e1817196_b71723_c20250830194317740000_oeac_ops.dspace_rad,,eez_v11.shp,WPP_BFAR_merge.shp,vbd_mpa_r20170830.shp,VNF-VBD_npp_20120301-20151231_global_asia-enhanced_c201607211230.bitmask,vbd_landsea_r20220824.mask,timezone.shp,VBD_platforms-recurring_2015_r20170330.shp,999999,VBD_bridges_c20160811.shp,8.205034;6.250037;3.961037;-0.911653;1.234481;3.316336,95.108154;108.904648;122.486862;121.346123;107.783257;94.088097,npp_d20250830_t1814301_e1815542_b71723;npp_d20250830_t1815555_e1817196_b71723;npp_d20250830_t1817209_e1818451_b71723;npp_d20250830_t1818463_e1820105_b71723,157.647,45.3244,48.0979,97.6212,117.556,-115.079
512,VBD_npp_d20250830_t1815593_x1020076E_y070510N_l0036_s1013_v23,2025-08-30 20:43:22,7.051011,102.007561,38.1758,2025-08-30 18:15:59,2025-08-31 01:15:59,36,1013,0.321684,1,2401,0.99523,0.055,0.916251,0.4,0.969715,0.75,5.69037e-17,0.0001,2.53976e-12,999999,999999,3,Thailand Exclusive Economic Zone,,,SVDNB_npp_d20250830_t1815555_e1817196_b71723_c20250830194309340000_oeac_ops.h5,GDNBO_npp_d20250830_t1815555_e1817196_b71723_c20250830194045994000_oeac_ops.h5,SVI04_npp_d20250830_t1815555_e1817196_b71723_c20250830194317740000_oeac_ops.dspace_rad,,eez_v11.shp,WPP_BFAR_merge.shp,vbd_mpa_r20170830.shp,VNF-VBD_npp_20120301-20151231_global_asia-enhanced_c201607211230.bitmask,vbd_landsea_r20220824.mask,timezone.shp,VBD_platforms-recurring_2015_r20170330.shp,999999,VBD_bridges_c20160811.shp,8.205034;6.250037;3.961037;-0.911653;1.234481;3.316336,95.108154;108.904648;122.486862;121.346123;107.783257;94.088097,npp_d20250830_t1814301_e1815542_b71723;npp_d20250830_t1815555_e1817196_b71723;npp_d20250830_t1817209_e1818451_b71723;npp_d20250830_t1818463_e1820105_b71723,157.666,45.3799,48.0654,98.2638,117.546,-115.092
513,VBD_npp_d20250830_t1816029_x1019647E_y068498N_l0067_s1013_v23,2025-08-30 20:43:22,6.849780,101.964714,2.61191,2025-08-30 18:16:02,2025-08-31 01:16:02,67,1013,0.260227,8,18785,0.160674,0.055,0.916085,0.4,0.774049,0.75,6.41552e-17,0.0001,2.49199e-12,999999,999999,3,Thailand Exclusive Economic Zone,,,SVDNB_npp_d20250830_t1815555_e1817196_b71723_c20250830194309340000_oeac_ops.h5,GDNBO_npp_d20250830_t1815555_e1817196_b71723_c20250830194045994000_oeac_ops.h5,SVI04_npp_d20250830_t1815555_e1817196_b71723_c20250830194317740000_oeac_ops.dspace_rad,,eez_v11.shp,WPP_BFAR_merge.shp,vbd_mpa_r20170830.shp,VNF-VBD_npp_20120301-20151231_global_asia-enhanced_c201607211230.bitmask,vbd_landsea_r20220824.mask,timezone.shp,VBD_platforms-recurring_2015_r20170330.shp,0.856792,VBD_bridges_c20160811.shp,8.205034;6.250037;3.961037;-0.911653;1.234481;3.316336,95.108154;108.904648;122.486862;121.346123;107.783257;94.088097,npp_d20250830_t1814301_e1815542_b71723;npp_d20250830_t1815555_e1817196_b71723;npp_d20250830_t1817209_e1818451_b71723;npp_d20250830_t1818463_e1820105_b71723,157.826,45.6799,48.0629,98.3432,117.436,-115.181
514,VBD_npp_d20250830_t1816029_x1019567E_y067948N_l0075_s1013_v23,2025-08-30 20:43:22,6.794850,101.956688,5.8379,2025-08-30 18:16:02,2025-08-31 01:16:02,75,1013,0.249913,8,18785,0.317224,0.055,0.922979,0.4,0.822236,0.75,6.60265e-17,0.0001,2.41403e-12,999999,999999,3,Thailand Exclusive Economic Zone,,,SVDNB_npp_d20250830_t1815555_e1817196_b71723_c20250830194309340000_oeac_ops.h5,GDNBO_npp_d20250830_t1815555_e1817196_b71723_c20250830194045994000_oeac_ops.h5,SVI04_npp_d20250830_t1815555_e1817196_b71723_c20250830194317740000_oeac_ops.dspace_rad,,eez_v11.shp,WPP_BFAR_merge.shp,vbd_mpa_r20170830.shp,VNF-VBD_npp_20120301-20151231_global_asia-enhanced_c201607211230.bitmask,vbd_landsea_r20220824.mask,timezone.shp,VBD_platforms-recurring_2015_r20170330.shp,0.934439,VBD_bridges_c20160811.shp,8.205034;6.250037;3.961037;-0.911653;1.234481;3.316336,95.108154;108.904648;122.486862;121.346123;107.783257;94.088097,npp_d20250830_t1814301_e1815542_b71723;npp_d20250830_t1815555_e1817196_b71723;npp_d20250830_t1817209_e1818451_b71723;npp_d20250830_t1818463_e1820105_b71723,157.87,45.7618,48.0637,97.8857,117.406,-115.206
515,VBD_npp_d20250830_t1816029_x1019527E_y067674N_l0079_s1013_v23,2025-08-30 20:43:22,6.767387,101.952652,4.45075,2025-08-30 18:16:02,2025-08-31 01:16:02,79,1013,0.232343,8,18785,0.265214,0.055,0.905609,0.4,0.780115,0.75,6.69622e-17,0.0001,2.37624e-12,999999,999999,3,Thailand Exclusive Economic Zone,,,SVDNB_npp_d20250830_t1815555_e1817196_b71723_c20250830194309340000_oeac_ops.h5,GDNBO_npp_d20250830_t1815555_e1817196_b71723_c20250830194045994000_oeac_ops.h5,SVI04_npp_d20250830_t1815555_e1817196_b71723_c20250830194317740000_oeac_ops.dspace_rad,,eez_v11.shp,WPP_BFAR_merge.shp,vbd_mpa_r20170830.shp,VNF-VBD_npp_20120301-20151231_global_asia-enhanced_c201607211230.bitmask,vbd_landsea_r20220824.mask,timezone.shp,VBD_platforms-recurring_2015_r20170330.shp,0.617309,VBD_bridges_c20160811.shp,8.205034;6.250037;3.961037;-0.911653;1.234481;3.316336,95.108154;108.904648;122.486862;121.346123;107.783257;94.088097,npp_d20250830_t1814301_e1815542_b71723;npp_d20250830_t1815555_e1817196_b71723;npp_d20250830_t1817209_e1818451_b71723;npp_d20250830_t1818463_e1820105_b71723,157.892,45.8029,48.065,97.657,117.391,-115.218
516,VBD_npp_d20250830_t1816046_x1019293E_y066563N_l0096_s1013_v23,2025-08-30 20:43:22,6.656318,101.929268,2.93434,2025-08-30 18:16:04,2025-08-31 01:16:04,96,1013,0.250268,8,18785,0.194783,0.055,0.829086,0.4,0.760395,0.75,7.09388e-17,0.0001,2.34084e-12,999999,999999,3,Thailand Exclusive Economic Zone,,,SVDNB_npp_d20250830_t1815555_e1817196_b71723_c20250830194309340000_oeac_ops.h5,GDNBO_npp_d20250830_t1815555_e1817196_b71723_c20250830194045994000_oeac_ops.h5,SVI04_npp_d20250830_t1815555_e1817196_b71723_c20250830194317740000_oeac_ops.dspace_rad,,eez_v11.shp,WPP_BFAR_merge.shp,vbd_mpa_r20170830.shp,VNF-VBD_npp_20120301-20151231_global_asia-enhanced_c201607211230.bitmask,vbd_landsea_r20220824.mask,timezone.shp,VBD_platforms-recurring_2015_r20170330.shp,0.833439,VBD_bridges_c20160811.shp,8.205034;6.250037;3.961037;-0.911653;1.234481;3.316336,95.108154;108.904648;122.486862;121.346123;107.783257;94.088097,npp_d20250830_t1814301_e1815542_b71723;npp_d20250830_t1815555_e1817196_b71723;npp_d20250830_t1817209_e1818451_b71723;npp_d20250830_t1818463_e1820105_b71723,157.981,45.9706,48.0659,97.6091,117.329,-115.266
517,VBD_npp_d20250830_t1816082_x1018982E_y065444N_l0114_s1013_v23,2025-08-30 20:43:22,6.544430,101.898155,22.3974,2025-08-30 18:16:08,2025-08-31 01:16:08,114,1013,0.241804,1,2401,0.767991,0.055,0.863751,0.4,0.935932,0.75,7.70871e-17,0.0001,2.4204e-12,999999,999999,3,Thailand Exclusive Economic Zone,,,SVDNB_npp_d20250830_t1815555_e1817196_b71723_c20250830194309340000_oeac_ops.h5,GDNBO_npp_d20250830_t1815555_e1817196_b71723_c20250830194045994000_oeac_ops.h5,SVI04_npp_d20250830_t1815555_e1817196_b71723_c20250830194317740000_oeac_ops.dspace_rad,,eez_v11.shp,WPP_BFAR_merge.shp,vbd_mpa_r20170830.shp,VNF-VBD_npp_20120301-20151231_global_asia-enhanced_c201607211230.bitmask,vbd_landsea_r20220824.mask,timezone.shp,VBD_platforms-recurring_2015_r20170330.shp,999999,VBD_bridges_c20160811.shp,8.205034;6.250037;3.961037;-0.911653;1.234481;3.316336,95.108154;108.904648;122.486862;121.346123;107.783257;94.088097,npp_d20250830_t1814301_e1815542_b71723;npp_d20250830_t1815555_e1817196_b71723;npp_d20250830_t1817209_e1818451_b71723;npp_d20250830_t1818463_e1820105_b71723,158.07,46.1405,48.0667,98.4308,117.267,-115.315
518,VBD_npp_d20250830_t1816046_x1019462E_y066750N_l0093_s1015_v23,2025-08-30 20:43:22,6.674957,101.946213,4.7738,2025-08-30 18:16:04,2025-08-31 01:16:04,93,1015,0.268691,8,18785,0.336376,0.055,0.776865,0.4,0.939038,0.75,6.95772e-17,0.0001,2.33852e-12,999999,999999,3,Thailand Exclusive Economic Zone,,,SVDNB_npp_d20250830_t1815555_e1817196_b71723_c20250830194309340000_oeac_ops.h5,GDNBO_npp_d20250830_t1815555_e1817196_b71723_c20250830194045994000_oeac_ops.h5,SVI04_npp_d20250830_t1815555_e1817196_b71723_c20250830194317740000_oeac_ops.dspace_rad,,eez_v11.shp,WPP_BFAR_merge.shp,vbd_mpa_r20170830.shp,VNF-VBD_npp_20120301-20151231_global_asia-enhanced_c201607211230.bitmask,vbd_landsea_r20220824.mask,timezone.shp,VBD_platforms-recurring_2015_r20170330.shp,0.502088,VBD_bridges_c20160811.shp,8.205034;6.250037;3.961037;-0.911653;1.234481;3.316336,95.108154;108.904648;122.486862;121.346123;107.783257;94.088097,npp_d20250830_t1814301_e1815542_b71723;npp_d20250830_t1815555_e1817196_b71723;npp_d20250830_t1817209_e1818451_b71723;npp_d20250830_t1818463_e1820105_b71723,157.956,45.9683,47.9996,97.7819,117.352,-115.26
519,VBD_npp_d20250830_t1815593_x1020304E_y070617N_l0034_s1016_v23,2025-08-30 20:43:22,7.061708,102.030434,11.7861,2025-08-30 18:15:59,2025-08-31 01:15:59,34,1016,0.284127,8,18785,0.530726,0.055,0.912141,0.4,0.90811,0.75,5.56406e-17,0.0001,2.51083e-12,999999,999999,3,Thailand Exclusive Economic Zone,,,SVDNB_npp_d20250830_t1815555_e1817196_b71723_c20250830194309340000_oeac_ops.h5,GDNBO_npp_d20250830_t1815555_e1817196_b71723_c20250830194045994000_oeac_ops.h5,SVI04_npp_d20250830_t1815555_e1817196_b71723_c20250830194317740000_oeac_ops.dspace_rad,,eez_v11.shp,WPP_BFAR_merge.shp,vbd_mpa_r20170830.shp,VNF-VBD_npp_20120301-20151231_global_asia-enhanced_c201607211230.bitmask,vbd_landsea_r20220824.mask,timezone.shp,VBD_platforms-recurring_2015_r20170330.shp,0.56874,VBD_bridges_c20160811.shp,8.205034;6.250037;3.961037;-0.911653;1.234481;3.316336,95.108154;108.904648;122.486862;121.346123;107.783257;94.088097,npp_d20250830_t1814301_e1815542_b71723;npp_d20250830_t1815555_e1817196_b71723;npp_d20250830_t1817209_e1818451_b71723;npp_d20250830_t1818463_e1820105_b71723,157.642,45.403,47.9677,98.3812,117.571,-115.089
520,VBD_npp_d20250830_t1816029_x1019796E_y068056N_l0073_s1016_v23,2025-08-30 20:43:22,6.805607,101.979576,13.6847,2025-08-30 18:16:02,2025-08-31 01:16:02,73,1016,0.296361,8,18785,0.600367,0.055,0.938876,0.4,0.937098,0.75,6.46349e-17,0.0001,2.3868e-12,999999,999999,3,Thailand Exclusive Economic Zone,,,SVDNB_npp_d20250830_t1815555_e1817196_b71723_c20250830194309340000_oeac_ops.h5,GDNBO_npp_d20250830_t1815555_e1817196_b71723_c20250830194045994000_oeac_ops.h5,SVI04_npp_d20250830_t1815555_e1817196_b71723_c20250830194317740000_oeac_ops.dspace_rad,,eez_v11.shp,WPP_BFAR_merge.shp,vbd_mpa_r20170830.shp,VNF-VBD_npp_20120301-20151231_global_asia-enhanced_c201607211230.bitmask,vbd_landsea_r20220824.mask,timezone.shp,VBD_platforms-recurring_2015_r20170330.shp,0.978493,VBD_bridges_c20160811.shp,8.205034;6.250037;3.961037;-0.911653;1.234481;3.316336,95.108154;108.904648;122.486862;121.346123;107.783257;94.088097,npp_d20250830_t1814301_e1815542_b71723;npp_d20250830_t1815555_e1817196_b71723;npp_d20250830_t1817209_e1818451_b71723;npp_d20250830_t1818463_e1820105_b71723,157.847,45.7846,47.9654,98.0024,117.431,-115.203
521,VBD_npp_d20250830_t1816029_x1019925E_y068457N_l0067_s1017_v23,2025-08-30 20:43:22,6.845733,101.992523,15.876,2025-08-30 18:16:02,2025-08-31 01:16:02,67,1017,0.288892,1,2401,0.681664,0.055,0.932797,0.4,0.948808,0.75,6.29498e-17,0.0001,2.42864e-12,999999,999999,3,Thailand Exclusive Economic Zone,,,SVDNB_npp_d20250830_t1815555_e1817196_b71723_c20250830194309340000_oeac_ops.h5,GDNBO_npp_d20250830_t1815555_e1817196_b71723_c20250830194045994000_oeac_ops.h5,SVI04_npp_d20250830_t1815555_e1817196_b71723_c20250830194317740000_oeac_ops.dspace_rad,,eez_v11.shp,WPP_BFAR_merge.shp,vbd_mpa_r20170830.shp,VNF-VBD_npp_20120301-20151231_global_asia-enhanced_c201607211230.bitmask,vbd_landsea_r20220824.mask,timezone.shp,VBD_platforms-recurring_2015_r20170330.shp,999999,VBD_bridges_c20160811.shp,8.205034;6.250037;3.961037;-0.911653;1.234481;3.316336,95.108154;108.904648;122.486862;121.346123;107.783257;94.088097,npp_d20250830_t1814301_e1815542_b71723;npp_d20250830_t1815555_e1817196_b71723;npp_d20250830_t1817209_e1818451_b71723;npp_d20250830_t1818463_e1820105_b71723,157.809,45.7376,47.9324,98.347,117.459,-115.186
522,VBD_npp_d20250830_t1815575_x1020609E_y071223N_l0024_s1018_v23,2025-08-30 20:43:22,7.122301,102.060936,34.6161,2025-08-30 18:15:57,2025-08-31 01:15:57,24,1018,0.294369,1,2401,0.945102,0.055,0.91174,0.4,0.963045,0.75,5.28262e-17,0.0001,2.44553e-12,999999,999999,3,Thailand Exclusive Economic Zone,,,SVDNB_npp_d20250830_t1815555_e1817196_b71723_c20250830194309340000_oeac_ops.h5,GDNBO_npp_d20250830_t1815555_e1817196_b71723_c20250830194045994000_oeac_ops.h5,SVI04_npp_d20250830_t1815555_e1817196_b71723_c20250830194317740000_oeac_ops.dspace_rad,,eez_v11.shp,WPP_BFAR_merge.shp,vbd_mpa_r20170830.shp,VNF-VBD_npp_20120301-20151231_global_asia-enhanced_c201607211230.bitmask,vbd_landsea_r20220824.mask,timezone.shp,VBD_platforms-recurring_2015_r20170330.shp,999999,VBD_bridges_c20160811.shp,8.205034;6.250037;3.961037;-0.911653;1.234481;3.316336,95.108154;108.904648;122.486862;121.346123;107.783257;94.088097,npp_d20250830_t1814301_e1815542_b71723;npp_d20250830_t1815555_e1817196_b71723;npp_d20250830_t1817209_e1818451_b71723;npp_d20250830_t1818463_e1820105_b71723,157.583,45.3402,47.9005,98.0263,117.618,-115.064
523,VBD_npp_d20250830_t1815593_x1020363E_y070049N_l0042_s1018_v23,2025-08-30 20:43:22,7.004891,102.036316,4.8943,2025-08-30 18:15:59,2025-08-31 01:15:59,42,1018,0.334701,1,2401,0.334976,0.055,0.890189,0.4,0.893211,0.75,5.69378e-17,0.0001,2.40086e-12,999999,999999,3,Thailand Exclusive Economic Zone,,,SVDNB_npp_d20250830_t1815555_e1817196_b71723_c20250830194309340000_oeac_ops.h5,GDNBO_npp_d20250830_t1815555_e1817196_b71723_c20250830194045994000_oeac_ops.h5,SVI04_npp_d20250830_t1815555_e1817196_b71723_c20250830194317740000_oeac_ops.dspace_rad,,eez_v11.shp,WPP_BFAR_merge.shp,vbd_mpa_r20170830.shp,VNF-VBD_npp_20120301-20151231_global_asia-enhanced_c201607211230.bitmask,vbd_landsea_r20220824.mask,timezone.shp,VBD_platforms-recurring_2015_r20170330.shp,999999,VBD_bridges_c20160811.shp,8.205034;6.250037;3.961037;-0.911653;1.234481;3.316336,95.108154;108.904648;122.486862;121.346123;107.783257;94.088097,npp_d20250830_t1814301_e1815542_b71723;npp_d20250830_t1815555_e1817196_b71723;npp_d20250830_t1817209_e1818451_b71723;npp_d20250830_t1818463_e1820105_b71723,157.678,45.5122,47.9031,97.9246,117.553,-115.116
524,VBD_npp_d20250830_t1816029_x1019945E_y068105N_l0072_s1018_v23,2025-08-30 20:43:22,6.810479,101.994453,38.8805,2025-08-30 18:16:02,2025-08-31 01:16:02,72,1018,0.302763,8,18785,0.980279,0.055,0.938876,0.4,0.9549,0.75,6.37905e-17,0.0001,2.36588e-12,999999,999999,3,Thailand Exclusive Economic Zone,,,SVDNB_npp_d20250830_t1815555_e1817196_b71723_c20250830194309340000_oeac_ops.h5,GDNBO_npp_d20250830_t1815555_e1817196_b71723_c20250830194045994000_oeac_ops.h5,SVI04_npp_d20250830_t1815555_e1817196_b71723_c20250830194317740000_oeac_ops.dspace_rad,,eez_v11.shp,WPP_BFAR_merge.shp,vbd_mpa_r20170830.shp,VNF-VBD_npp_20120301-20151231_global_asia-enhanced_c201607211230.bitmask,vbd_landsea_r20220824.mask,timezone.shp,VBD_platforms-recurring_2015_r20170330.shp,0.381004,VBD_bridges_c20160811.shp,8.205034;6.250037;3.961037;-0.911653;1.234481;3.316336,95.108154;108.904648;122.486862;121.346123;107.783257;94.088097,npp_d20250830_t1814301_e1815542_b71723;npp_d20250830_t1815555_e1817196_b71723;npp_d20250830_t1817209_e1818451_b71723;npp_d20250830_t1818463_e1820105_b71723,157.833,45.803,47.9001,98.0612,117.446,-115.202
525,VBD_npp_d20250830_t1816029_x1019894E_y067762N_l0077_s1018_v23,2025-08-30 20:43:22,6.776234,101.989433,65.1087,2025-08-30 18:16:02,2025-08-31 01:16:02,77,1018,0.300914,8,18785,1.21462,0.055,0.935941,0.4,0.983071,0.75,6.49327e-17,0.0001,2.31977e-12,999999,999999,3,Thailand Exclusive Economic Zone,,,SVDNB_npp_d20250830_t1815555_e1817196_b71723_c20250830194309340000_oeac_ops.h5,GDNBO_npp_d20250830_t1815555_e1817196_b71723_c20250830194045994000_oeac_ops.h5,SVI04_npp_d20250830_t1815555_e1817196_b71723_c20250830194317740000_oeac_ops.dspace_rad,,eez_v11.shp,WPP_BFAR_merge.shp,vbd_mpa_r20170830.shp,VNF-VBD_npp_20120301-20151231_global_asia-enhanced_c201607211230.bitmask,vbd_landsea_r20220824.mask,timezone.shp,VBD_platforms-recurring_2015_r20170330.shp,0.253787,VBD_bridges_c20160811.shp,8.205034;6.250037;3.961037;-0.911653;1.234481;3.316336,95.108154;108.904648;122.486862;121.346123;107.783257;94.088097,npp_d20250830_t1814301_e1815542_b71723;npp_d20250830_t1815555_e1817196_b71723;npp_d20250830_t1817209_e1818451_b71723;npp_d20250830_t1818463_e1820105_b71723,157.86,45.8542,47.9013,97.7746,117.427,-115.217
526,VBD_npp_d20250830_t1815575_x1020708E_y070930N_l0028_s1020_v23,2025-08-30 20:43:22,7.092957,102.070801,18.7237,2025-08-30 18:15:57,2025-08-31 01:15:57,28,1020,0.280428,8,18785,0.744511,0.055,0.913861,0.4,0.943327,0.75,5.32229e-17,0.0001,2.37625e-12,999999,999999,3,Thailand Exclusive Economic Zone,,,SVDNB_npp_d20250830_t1815555_e1817196_b71723_c20250830194309340000_oeac_ops.h5,GDNBO_npp_d20250830_t1815555_e1817196_b71723_c20250830194045994000_oeac_ops.h5,SVI04_npp_d20250830_t1815555_e1817196_b71723_c20250830194317740000_oeac_ops.dspace_rad,,eez_v11.shp,WPP_BFAR_merge.shp,vbd_mpa_r20170830.shp,VNF-VBD_npp_20120301-20151231_global_asia-enhanced_c201607211230.bitmask,vbd_landsea_r20220824.mask,timezone.shp,VBD_platforms-recurring_2015_r20170330.shp,0.31976,VBD_bridges_c20160811.shp,8.205034;6.250037;3.961037;-0.911653;1.234481;3.316336,95.108154;108.904648;122.486862;121.346123;107.783257;94.088097,npp_d20250830_t1814301_e1815542_b71723;npp_d20250830_t1815555_e1817196_b71723;npp_d20250830_t1817209_e1818451_b71723;npp_d20250830_t1818463_e1820105_b71723,157.597,45.4087,47.8362,97.7984,117.614,-115.078
527,VBD_npp_d20250830_t1816029_x1020143E_y068496N_l0066_s1020_v23,2025-08-30 20:43:22,6.849555,102.014275,28.3993,2025-08-30 18:16:02,2025-08-31 01:16:02,66,1020,0.296575,1,2401,0.874977,0.055,0.919865,0.4,0.964126,0.75,6.18195e-17,0.0001,2.39213e-12,999999,999999,3,Thailand Exclusive Economic Zone,,,SVDNB_npp_d20250830_t1815555_e1817196_b71723_c20250830194309340000_oeac_ops.h5,GDNBO_npp_d20250830_t1815555_e1817196_b71723_c20250830194045994000_oeac_ops.h5,SVI04_npp_d20250830_t1815555_e1817196_b71723_c20250830194317740000_oeac_ops.dspace_rad,,eez_v11.shp,WPP_BFAR_merge.shp,vbd_mpa_r20170830.shp,VNF-VBD_npp_20120301-20151231_global_asia-enhanced_c201607211230.bitmask,vbd_landsea_r20220824.mask,timezone.shp,VBD_platforms-recurring_2015_r20170330.shp,999999,VBD_bridges_c20160811.shp,8.205034;6.250037;3.961037;-0.911653;1.234481;3.316336,95.108154;108.904648;122.486862;121.346123;107.783257;94.088097,npp_d20250830_t1814301_e1815542_b71723;npp_d20250830_t1815555_e1817196_b71723;npp_d20250830_t1817209_e1818451_b71723;npp_d20250830_t1818463_e1820105_b71723,157.791,45.7704,47.8349,98.4072,117.48,-115.186
528,VBD_npp_d20250830_t1816011_x1020297E_y068635N_l0063_s1021_v23,2025-08-30 20:43:22,6.863518,102.029732,11.5798,2025-08-30 18:16:01,2025-08-31 01:16:01,63,1021,0.247352,1,2401,0.583405,0.055,0.919865,0.4,0.920581,0.75,6.08439e-17,0.0001,2.28423e-12,999999,999999,3,Thailand Exclusive Economic Zone,,,SVDNB_npp_d20250830_t1815555_e1817196_b71723_c20250830194309340000_oeac_ops.h5,GDNBO_npp_d20250830_t1815555_e1817196_b71723_c20250830194045994000_oeac_ops.h5,SVI04_npp_d20250830_t1815555_e1817196_b71723_c20250830194317740000_oeac_ops.dspace_rad,,eez_v11.shp,WPP_BFAR_merge.shp,vbd_mpa_r20170830.shp,VNF-VBD_npp_20120301-20151231_global_asia-enhanced_c201607211230.bitmask,vbd_landsea_r20220824.mask,timezone.shp,VBD_platforms-recurring_2015_r20170330.shp,999999,VBD_bridges_c20160811.shp,8.205034;6.250037;3.961037;-0.911653;1.234481;3.316336,95.108154;108.904648;122.486862;121.346123;107.783257;94.088097,npp_d20250830_t1814301_e1815542_b71723;npp_d20250830_t1815555_e1817196_b71723;npp_d20250830_t1817209_e1818451_b71723;npp_d20250830_t1818463_e1820105_b71723,157.776,45.7605,47.8073,97.6487,117.494,-115.18
529,VBD_npp_d20250830_t1816029_x1020151E_y067587N_l0079_s1022_v23,2025-08-30 20:43:22,6.758676,102.015068,2.78181,2025-08-30 18:16:02,2025-08-31 01:16:02,79,1022,0.203108,7,18721,0.160522,0.055,0.91516,0.4,0.689932,0.75,6.41314e-17,0.0001,2.24437e-12,999999,999999,3,,,,SVDNB_npp_d20250830_t1815555_e1817196_b71723_c20250830194309340000_oeac_ops.h5,GDNBO_npp_d20250830_t1815555_e1817196_b71723_c20250830194045994000_oeac_ops.h5,SVI04_npp_d20250830_t1815555_e1817196_b71723_c20250830194317740000_oeac_ops.dspace_rad,,eez_v11.shp,WPP_BFAR_merge.shp,vbd_mpa_r20170830.shp,VNF-VBD_npp_20120301-20151231_global_asia-enhanced_c201607211230.bitmask,vbd_landsea_r20220824.mask,timezone.shp,VBD_platforms-recurring_2015_r20170330.shp,0.180608,VBD_bridges_c20160811.shp,8.205034;6.250037;3.961037;-0.911653;1.234481;3.316336,95.108154;108.904648;122.486862;121.346123;107.783257;94.088097,npp_d20250830_t1814301_e1815542_b71723;npp_d20250830_t1815555_e1817196_b71723;npp_d20250830_t1817209_e1818451_b71723;npp_d20250830_t1818463_e1820105_b71723,157.854,45.9318,47.7718,97.6622,117.442,-115.227
530,VBD_npp_d20250830_t1815575_x1021054E_y071369N_l0021_s1024_v23,2025-08-30 20:43:22,7.136884,102.105377,48.5571,2025-08-30 18:15:57,2025-08-31 01:15:57,21,1024,0.27865,1,2401,1.08779,0.055,0.914146,0.4,0.965836,0.75,5.06361e-17,0.0001,2.38174e-12,999999,999999,3,Thailand Exclusive Economic Zone,,,SVDNB_npp_d20250830_t1815555_e1817196_b71723_c20250830194309340000_oeac_ops.h5,GDNBO_npp_d20250830_t1815555_e1817196_b71723_c20250830194045994000_oeac_ops.h5,SVI04_npp_d20250830_t1815555_e1817196_b71723_c20250830194317740000_oeac_ops.dspace_rad,,eez_v11.shp,WPP_BFAR_merge.shp,vbd_mpa_r20170830.shp,VNF-VBD_npp_20120301-20151231_global_asia-enhanced_c201607211230.bitmask,vbd_landsea_r20220824.mask,timezone.shp,VBD_platforms-recurring_2015_r20170330.shp,999999,VBD_bridges_c20160811.shp,8.205034;6.250037;3.961037;-0.911653;1.234481;3.316336,95.108154;108.904648;122.486862;121.346123;107.783257;94.088097,npp_d20250830_t1814301_e1815542_b71723;npp_d20250830_t1815555_e1817196_b71723;npp_d20250830_t1817209_e1818451_b71723;npp_d20250830_t1818463_e1820105_b71723,157.541,45.3956,47.705,98.2039,117.663,-115.061
531,VBD_npp_d20250830_t1816029_x1020416E_y067480N_l0080_s1026_v23,2025-08-30 20:43:22,6.748008,102.041611,4.24361,2025-08-30 18:16:02,2025-08-31 01:16:02,80,1026,0.185824,2,2337,0.247051,0.055,0.883587,0.4,0.714703,0.75,6.30928e-17,0.0001,2.18055e-12,999999,999999,3,Thailand Exclusive Economic Zone,,,SVDNB_npp_d20250830_t1815555_e1817196_b71723_c20250830194309340000_oeac_ops.h5,GDNBO_npp_d20250830_t1815555_e1817196_b71723_c20250830194045994000_oeac_ops.h5,SVI04_npp_d20250830_t1815555_e1817196_b71723_c20250830194317740000_oeac_ops.dspace_rad,,eez_v11.shp,WPP_BFAR_merge.shp,vbd_mpa_r20170830.shp,VNF-VBD_npp_20120301-20151231_global_asia-enhanced_c201607211230.bitmask,vbd_landsea_r20220824.mask,timezone.shp,VBD_platforms-recurring_2015_r20170330.shp,999999,VBD_bridges_c20160811.shp,8.205034;6.250037;3.961037;-0.911653;1.234481;3.316336,95.108154;108.904648;122.486862;121.346123;107.783257;94.088097,npp_d20250830_t1814301_e1815542_b71723;npp_d20250830_t1815555_e1817196_b71723;npp_d20250830_t1817209_e1818451_b71723;npp_d20250830_t1818463_e1820105_b71723,157.843,45.9988,47.6421,97.607,117.462,-115.235
532,VBD_npp_d20250830_t1816029_x1020622E_y067451N_l0080_s1029_v23,2025-08-30 20:43:22,6.745145,102.062180,5.94636,2025-08-30 18:16:02,2025-08-31 01:16:02,80,1029,0.220962,1,2401,0.340728,0.055,0.806537,0.4,0.868442,0.75,6.21459e-17,0.0001,2.1405e-12,999999,999999,3,Thailand Exclusive Economic Zone,,,SVDNB_npp_d20250830_t1815555_e1817196_b71723_c20250830194309340000_oeac_ops.h5,GDNBO_npp_d20250830_t1815555_e1817196_b71723_c20250830194045994000_oeac_ops.h5,SVI04_npp_d20250830_t1815555_e1817196_b71723_c20250830194317740000_oeac_ops.dspace_rad,,eez_v11.shp,WPP_BFAR_merge.shp,vbd_mpa_r20170830.shp,VNF-VBD_npp_20120301-20151231_global_asia-enhanced_c201607211230.bitmask,vbd_landsea_r20220824.mask,timezone.shp,VBD_platforms-recurring_2015_r20170330.shp,999999,VBD_bridges_c20160811.shp,8.205034;6.250037;3.961037;-0.911653;1.234481;3.316336,95.108154;108.904648;122.486862;121.346123;107.783257;94.088097,npp_d20250830_t1814301_e1815542_b71723;npp_d20250830_t1815555_e1817196_b71723;npp_d20250830_t1817209_e1818451_b71723;npp_d20250830_t1818463_e1820105_b71723,157.83,46.041,47.5446,97.6086,117.479,-115.238
533,VBD_npp_d20250830_t1816046_x1020616E_y067421N_l0081_s1030_v23,2025-08-30 20:43:22,6.742099,102.061577,2.21101,2025-08-30 18:16:04,2025-08-31 01:16:04,81,1030,0.220962,2,2337,0.141984,0.055,0.806537,0.4,0.743086,0.75,6.20455e-17,0.0001,2.23113e-12,999999,999999,3,Thailand Exclusive Economic Zone,,,SVDNB_npp_d20250830_t1815555_e1817196_b71723_c20250830194309340000_oeac_ops.h5,GDNBO_npp_d20250830_t1815555_e1817196_b71723_c20250830194045994000_oeac_ops.h5,SVI04_npp_d20250830_t1815555_e1817196_b71723_c20250830194317740000_oeac_ops.dspace_rad,,eez_v11.shp,WPP_BFAR_merge.shp,vbd_mpa_r20170830.shp,VNF-VBD_npp_20120301-20151231_global_asia-enhanced_c201607211230.bitmask,vbd_landsea_r20220824.mask,timezone.shp,VBD_platforms-recurring_2015_r20170330.shp,999999,VBD_bridges_c20160811.shp,8.205034;6.250037;3.961037;-0.911653;1.234481;3.316336,95.108154;108.904648;122.486862;121.346123;107.783257;94.088097,npp_d20250830_t1814301_e1815542_b71723;npp_d20250830_t1815555_e1817196_b71723;npp_d20250830_t1817209_e1818451_b71723;npp_d20250830_t1818463_e1820105_b71723,157.827,46.0588,47.5103,98.4836,117.483,-115.24
534,VBD_npp_d20250830_t1816011_x1021063E_y068598N_l0062_s1032_v23,2025-08-30 20:43:22,6.859783,102.106277,2.7917,2025-08-30 18:16:01,2025-08-31 01:16:01,62,1032,0.259444,1,2401,0.198372,0.055,0.72995,0.4,0.790414,0.75,5.73643e-17,0.0001,2.14129e-12,999999,999999,3,Thailand Exclusive Economic Zone,,,SVDNB_npp_d20250830_t1815555_e1817196_b71723_c20250830194309340000_oeac_ops.h5,GDNBO_npp_d20250830_t1815555_e1817196_b71723_c20250830194045994000_oeac_ops.h5,SVI04_npp_d20250830_t1815555_e1817196_b71723_c20250830194317740000_oeac_ops.dspace_rad,,eez_v11.shp,WPP_BFAR_merge.shp,vbd_mpa_r20170830.shp,VNF-VBD_npp_20120301-20151231_global_asia-enhanced_c201607211230.bitmask,vbd_landsea_r20220824.mask,timezone.shp,VBD_platforms-recurring_2015_r20170330.shp,999999,VBD_bridges_c20160811.shp,8.205034;6.250037;3.961037;-0.911653;1.234481;3.316336,95.108154;108.904648;122.486862;121.346123;107.783257;94.088097,npp_d20250830_t1814301_e1815542_b71723;npp_d20250830_t1815555_e1817196_b71723;npp_d20250830_t1817209_e1818451_b71723;npp_d20250830_t1818463_e1820105_b71723,157.724,45.9056,47.4494,97.7129,117.56,-115.189
535,VBD_npp_d20250830_t1816011_x1021403E_y068550N_l0062_s1037_v23,2025-08-30 20:43:22,6.855015,102.140312,2.69965,2025-08-30 18:16:01,2025-08-31 01:16:01,62,1037,0.242657,1,2401,0.18114,0.055,0.765351,0.4,0.86679,0.75,5.5885e-17,0.0001,2.07692e-12,999999,999999,3,Thailand Exclusive Economic Zone,,,SVDNB_npp_d20250830_t1815555_e1817196_b71723_c20250830194309340000_oeac_ops.h5,GDNBO_npp_d20250830_t1815555_e1817196_b71723_c20250830194045994000_oeac_ops.h5,SVI04_npp_d20250830_t1815555_e1817196_b71723_c20250830194317740000_oeac_ops.dspace_rad,,eez_v11.shp,WPP_BFAR_merge.shp,vbd_mpa_r20170830.shp,VNF-VBD_npp_20120301-20151231_global_asia-enhanced_c201607211230.bitmask,vbd_landsea_r20220824.mask,timezone.shp,VBD_platforms-recurring_2015_r20170330.shp,999999,VBD_bridges_c20160811.shp,8.205034;6.250037;3.961037;-0.911653;1.234481;3.316336,95.108154;108.904648;122.486862;121.346123;107.783257;94.088097,npp_d20250830_t1814301_e1815542_b71723;npp_d20250830_t1815555_e1817196_b71723;npp_d20250830_t1817209_e1818451_b71723;npp_d20250830_t1818463_e1820105_b71723,157.703,45.9754,47.2872,97.7159,117.589,-115.195
536,VBD_npp_d20250830_t1816046_x1021043E_y067012N_l0086_s1037_v23,2025-08-30 20:43:22,6.701167,102.104271,1.7389,2025-08-30 18:16:04,2025-08-31 01:16:04,86,1037,0.180916,2,2337,0.105632,0.055,0.648665,0.4,0.681521,0.75,6.08661e-17,0.0001,2.09644e-12,999999,999999,3,Thailand Exclusive Economic Zone,,,SVDNB_npp_d20250830_t1815555_e1817196_b71723_c20250830194309340000_oeac_ops.h5,GDNBO_npp_d20250830_t1815555_e1817196_b71723_c20250830194045994000_oeac_ops.h5,SVI04_npp_d20250830_t1815555_e1817196_b71723_c20250830194317740000_oeac_ops.dspace_rad,,eez_v11.shp,WPP_BFAR_merge.shp,vbd_mpa_r20170830.shp,VNF-VBD_npp_20120301-20151231_global_asia-enhanced_c201607211230.bitmask,vbd_landsea_r20220824.mask,timezone.shp,VBD_platforms-recurring_2015_r20170330.shp,999999,VBD_bridges_c20160811.shp,8.205034;6.250037;3.961037;-0.911653;1.234481;3.316336,95.108154;108.904648;122.486862;121.346123;107.783257;94.088097,npp_d20250830_t1814301_e1815542_b71723;npp_d20250830_t1815555_e1817196_b71723;npp_d20250830_t1817209_e1818451_b71723;npp_d20250830_t1818463_e1820105_b71723,157.825,46.2082,47.283,98.2009,117.504,-115.263
537,VBD_npp_d20250830_t1815575_x1022068E_y071153N_l0022_s1039_v23,2025-08-30 20:43:22,7.115346,102.206818,25.4621,2025-08-30 18:15:57,2025-08-31 01:15:57,22,1039,0.305608,1,2401,0.876574,0.055,0.880671,0.4,0.968839,0.75,4.70793e-17,0.0001,2.16057e-12,999999,999999,3,Thailand Exclusive Economic Zone,,,SVDNB_npp_d20250830_t1815555_e1817196_b71723_c20250830194309340000_oeac_ops.h5,GDNBO_npp_d20250830_t1815555_e1817196_b71723_c20250830194045994000_oeac_ops.h5,SVI04_npp_d20250830_t1815555_e1817196_b71723_c20250830194317740000_oeac_ops.dspace_rad,,eez_v11.shp,WPP_BFAR_merge.shp,vbd_mpa_r20170830.shp,VNF-VBD_npp_20120301-20151231_global_asia-enhanced_c201607211230.bitmask,vbd_landsea_r20220824.mask,timezone.shp,VBD_platforms-recurring_2015_r20170330.shp,999999,VBD_bridges_c20160811.shp,8.205034;6.250037;3.961037;-0.911653;1.234481;3.316336,95.108154;108.904648;122.486862;121.346123;107.783257;94.088097,npp_d20250830_t1814301_e1815542_b71723;npp_d20250830_t1815555_e1817196_b71723;npp_d20250830_t1817209_e1818451_b71723;npp_d20250830_t1818463_e1820105_b71723,157.485,45.6157,47.218,98.1595,117.745,-115.08
538,VBD_npp_d20250830_t1816046_x1021208E_y067195N_l0083_s1039_v23,2025-08-30 20:43:22,6.719546,102.120789,2.61793,2025-08-30 18:16:04,2025-08-31 01:16:04,83,1039,0.219895,1,2401,0.181209,0.055,0.624686,0.4,0.798713,0.75,5.96056e-17,0.0001,2.09545e-12,999999,999999,3,Thailand Exclusive Economic Zone,,,SVDNB_npp_d20250830_t1815555_e1817196_b71723_c20250830194309340000_oeac_ops.h5,GDNBO_npp_d20250830_t1815555_e1817196_b71723_c20250830194045994000_oeac_ops.h5,SVI04_npp_d20250830_t1815555_e1817196_b71723_c20250830194317740000_oeac_ops.dspace_rad,,eez_v11.shp,WPP_BFAR_merge.shp,vbd_mpa_r20170830.shp,VNF-VBD_npp_20120301-20151231_global_asia-enhanced_c201607211230.bitmask,vbd_landsea_r20220824.mask,timezone.shp,VBD_platforms-recurring_2015_r20170330.shp,999999,VBD_bridges_c20160811.shp,8.205034;6.250037;3.961037;-0.911653;1.234481;3.316336,95.108154;108.904648;122.486862;121.346123;107.783257;94.088097,npp_d20250830_t1814301_e1815542_b71723;npp_d20250830_t1815555_e1817196_b71723;npp_d20250830_t1817209_e1818451_b71723;npp_d20250830_t1818463_e1820105_b71723,157.8,46.2055,47.2182,98.3765,117.527,-115.256
539,VBD_npp_d20250830_t1816011_x1021606E_y068522N_l0062_s1040_v23,2025-08-30 20:43:22,6.852166,102.160637,5.29935,2025-08-30 18:16:01,2025-08-31 01:16:01,62,1040,0.236184,1,2401,0.327865,0.055,0.766252,0.4,0.803424,0.75,5.49974e-17,0.0001,2.0396e-12,999999,999999,3,Thailand Exclusive Economic Zone,,,SVDNB_npp_d20250830_t1815555_e1817196_b71723_c20250830194309340000_oeac_ops.h5,GDNBO_npp_d20250830_t1815555_e1817196_b71723_c20250830194045994000_oeac_ops.h5,SVI04_npp_d20250830_t1815555_e1817196_b71723_c20250830194317740000_oeac_ops.dspace_rad,,eez_v11.shp,WPP_BFAR_merge.shp,vbd_mpa_r20170830.shp,VNF-VBD_npp_20120301-20151231_global_asia-enhanced_c201607211230.bitmask,vbd_landsea_r20220824.mask,timezone.shp,VBD_platforms-recurring_2015_r20170330.shp,999999,VBD_bridges_c20160811.shp,8.205034;6.250037;3.961037;-0.911653;1.234481;3.316336,95.108154;108.904648;122.486862;121.346123;107.783257;94.088097,npp_d20250830_t1814301_e1815542_b71723;npp_d20250830_t1815555_e1817196_b71723;npp_d20250830_t1817209_e1818451_b71723;npp_d20250830_t1818463_e1820105_b71723,157.69,46.017,47.1899,97.7177,117.605,-115.198
540,VBD_npp_d20250830_t1816046_x1021699E_y067262N_l0081_s1046_v23,2025-08-30 20:43:22,6.726167,102.169930,3.11534,2025-08-30 18:16:04,2025-08-31 01:16:04,81,1046,0.178568,2,2337,0.157682,0.055,0.663895,0.4,0.699078,0.75,5.69777e-17,0.0001,2.02507e-12,999999,999999,3,Thailand Exclusive Economic Zone,,,SVDNB_npp_d20250830_t1815555_e1817196_b71723_c20250830194309340000_oeac_ops.h5,GDNBO_npp_d20250830_t1815555_e1817196_b71723_c20250830194045994000_oeac_ops.h5,SVI04_npp_d20250830_t1815555_e1817196_b71723_c20250830194317740000_oeac_ops.dspace_rad,,eez_v11.shp,WPP_BFAR_merge.shp,vbd_mpa_r20170830.shp,VNF-VBD_npp_20120301-20151231_global_asia-enhanced_c201607211230.bitmask,vbd_landsea_r20220824.mask,timezone.shp,VBD_platforms-recurring_2015_r20170330.shp,999999,VBD_bridges_c20160811.shp,8.205034;6.250037;3.961037;-0.911653;1.234481;3.316336,95.108154;108.904648;122.486862;121.346123;107.783257;94.088097,npp_d20250830_t1814301_e1815542_b71723;npp_d20250830_t1815555_e1817196_b71723;npp_d20250830_t1817209_e1818451_b71723;npp_d20250830_t1818463_e1820105_b71723,157.76,46.2822,46.9917,98.4993,117.573,-115.258
541,VBD_npp_d20250830_t1816029_x1021909E_y067272N_l0080_s1048_v23,2025-08-30 20:43:22,6.727194,102.190918,3.26466,2025-08-30 18:16:02,2025-08-31 01:16:02,80,1048,0.20951,2,2337,0.158233,0.055,0.687184,0.4,0.694721,0.75,5.61488e-17,0.0001,1.90939e-12,999999,999999,3,Thailand Exclusive Economic Zone,,,SVDNB_npp_d20250830_t1815555_e1817196_b71723_c20250830194309340000_oeac_ops.h5,GDNBO_npp_d20250830_t1815555_e1817196_b71723_c20250830194045994000_oeac_ops.h5,SVI04_npp_d20250830_t1815555_e1817196_b71723_c20250830194317740000_oeac_ops.dspace_rad,,eez_v11.shp,WPP_BFAR_merge.shp,vbd_mpa_r20170830.shp,VNF-VBD_npp_20120301-20151231_global_asia-enhanced_c201607211230.bitmask,vbd_landsea_r20220824.mask,timezone.shp,VBD_platforms-recurring_2015_r20170330.shp,999999,VBD_bridges_c20160811.shp,8.205034;6.250037;3.961037;-0.911653;1.234481;3.316336,95.108154;108.904648;122.486862;121.346123;107.783257;94.088097,npp_d20250830_t1814301_e1815542_b71723;npp_d20250830_t1815555_e1817196_b71723;npp_d20250830_t1817209_e1818451_b71723;npp_d20250830_t1818463_e1820105_b71723,157.75,46.3047,46.9287,97.6186,117.586,-115.259
542,VBD_npp_d20250830_t1816046_x1021900E_y067232N_l0081_s1049_v23,2025-08-30 20:43:22,6.723210,102.190018,5.78963,2025-08-30 18:16:04,2025-08-31 01:16:04,81,1049,0.193008,1,2401,0.297245,0.055,0.687184,0.4,0.788297,0.75,5.60275e-17,0.0001,1.98947e-12,999999,999999,3,Thailand Exclusive Economic Zone,,,SVDNB_npp_d20250830_t1815555_e1817196_b71723_c20250830194309340000_oeac_ops.h5,GDNBO_npp_d20250830_t1815555_e1817196_b71723_c20250830194045994000_oeac_ops.h5,SVI04_npp_d20250830_t1815555_e1817196_b71723_c20250830194317740000_oeac_ops.dspace_rad,,eez_v11.shp,WPP_BFAR_merge.shp,vbd_mpa_r20170830.shp,VNF-VBD_npp_20120301-20151231_global_asia-enhanced_c201607211230.bitmask,vbd_landsea_r20220824.mask,timezone.shp,VBD_platforms-recurring_2015_r20170330.shp,999999,VBD_bridges_c20160811.shp,8.205034;6.250037;3.961037;-0.911653;1.234481;3.316336,95.108154;108.904648;122.486862;121.346123;107.783257;94.088097,npp_d20250830_t1814301_e1815542_b71723;npp_d20250830_t1815555_e1817196_b71723;npp_d20250830_t1817209_e1818451_b71723;npp_d20250830_t1818463_e1820105_b71723,157.748,46.3234,46.8947,98.5022,117.59,-115.261
543,VBD_npp_d20250830_t1816064_x1021674E_y066125N_l0098_s1049_v23,2025-08-30 20:43:22,6.612506,102.167404,1.46802,2025-08-30 18:16:06,2025-08-31 01:16:06,98,1049,0.213209,2,2337,0.0856855,0.055,0.410955,0.4,0.632302,0.75,5.94263e-17,0.0001,1.96051e-12,999999,999999,3,Thailand Exclusive Economic Zone,,,SVDNB_npp_d20250830_t1815555_e1817196_b71723_c20250830194309340000_oeac_ops.h5,GDNBO_npp_d20250830_t1815555_e1817196_b71723_c20250830194045994000_oeac_ops.h5,SVI04_npp_d20250830_t1815555_e1817196_b71723_c20250830194317740000_oeac_ops.dspace_rad,,eez_v11.shp,WPP_BFAR_merge.shp,vbd_mpa_r20170830.shp,VNF-VBD_npp_20120301-20151231_global_asia-enhanced_c201607211230.bitmask,vbd_landsea_r20220824.mask,timezone.shp,VBD_platforms-recurring_2015_r20170330.shp,999999,VBD_bridges_c20160811.shp,8.205034;6.250037;3.961037;-0.911653;1.234481;3.316336,95.108154;108.904648;122.486862;121.346123;107.783257;94.088097,npp_d20250830_t1814301_e1815542_b71723;npp_d20250830_t1815555_e1817196_b71723;npp_d20250830_t1817209_e1818451_b71723;npp_d20250830_t1818463_e1820105_b71723,157.835,46.4926,46.8915,98.4562,117.529,-115.31
544,VBD_npp_d20250830_t1816029_x1022362E_y068033N_l0068_s1053_v23,2025-08-30 20:43:22,6.803323,102.236229,2.44851,2025-08-30 18:16:02,2025-08-31 01:16:02,68,1053,0.220607,1,2401,0.182241,0.055,0.606922,0.4,0.821834,0.75,5.2291e-17,0.0001,1.94099e-12,999999,999999,3,Thailand Exclusive Economic Zone,,,SVDNB_npp_d20250830_t1815555_e1817196_b71723_c20250830194309340000_oeac_ops.h5,GDNBO_npp_d20250830_t1815555_e1817196_b71723_c20250830194045994000_oeac_ops.h5,SVI04_npp_d20250830_t1815555_e1817196_b71723_c20250830194317740000_oeac_ops.dspace_rad,,eez_v11.shp,WPP_BFAR_merge.shp,vbd_mpa_r20170830.shp,VNF-VBD_npp_20120301-20151231_global_asia-enhanced_c201607211230.bitmask,vbd_landsea_r20220824.mask,timezone.shp,VBD_platforms-recurring_2015_r20170330.shp,999999,VBD_bridges_c20160811.shp,8.205034;6.250037;3.961037;-0.911653;1.234481;3.316336,95.108154;108.904648;122.486862;121.346123;107.783257;94.088097,npp_d20250830_t1814301_e1815542_b71723;npp_d20250830_t1815555_e1817196_b71723;npp_d20250830_t1817209_e1818451_b71723;npp_d20250830_t1818463_e1820105_b71723,157.665,46.2517,46.7645,98.3221,117.659,-115.228
545,VBD_npp_d20250830_t1816046_x1022300E_y067173N_l0081_s1055_v23,2025-08-30 20:43:22,6.717315,102.230049,1.7108,2025-08-30 18:16:04,2025-08-31 01:16:04,81,1055,0.174158,2,2337,0.0806485,0.055,0.558467,0.4,0.487259,0.75,5.41271e-17,0.0001,1.9208e-12,999999,999999,3,Thailand Exclusive Economic Zone,,,SVDNB_npp_d20250830_t1815555_e1817196_b71723_c20250830194309340000_oeac_ops.h5,GDNBO_npp_d20250830_t1815555_e1817196_b71723_c20250830194045994000_oeac_ops.h5,SVI04_npp_d20250830_t1815555_e1817196_b71723_c20250830194317740000_oeac_ops.dspace_rad,,eez_v11.shp,WPP_BFAR_merge.shp,vbd_mpa_r20170830.shp,VNF-VBD_npp_20120301-20151231_global_asia-enhanced_c201607211230.bitmask,vbd_landsea_r20220824.mask,timezone.shp,VBD_platforms-recurring_2015_r20170330.shp,999999,VBD_bridges_c20160811.shp,8.205034;6.250037;3.961037;-0.911653;1.234481;3.316336,95.108154;108.904648;122.486862;121.346123;107.783257;94.088097,npp_d20250830_t1814301_e1815542_b71723;npp_d20250830_t1815555_e1817196_b71723;npp_d20250830_t1817209_e1818451_b71723;npp_d20250830_t1818463_e1820105_b71723,157.723,46.4056,46.7007,98.508,117.623,-115.268
546,VBD_npp_d20250830_t1816100_x1024197E_y063550N_l0131_s1093_v23,2025-08-30 20:43:22,6.354953,102.419731,12.8547,2025-08-30 18:16:10,2025-08-31 01:16:10,131,1093,0.235188,1,2401,0.596257,0.055,0.821527,0.4,0.886044,0.75,5.20886e-17,0.0001,1.48877e-12,999999,999999,3,Malaysian Exclusive Economic Zone,,,SVDNB_npp_d20250830_t1815555_e1817196_b71723_c20250830194309340000_oeac_ops.h5,GDNBO_npp_d20250830_t1815555_e1817196_b71723_c20250830194045994000_oeac_ops.h5,SVI04_npp_d20250830_t1815555_e1817196_b71723_c20250830194317740000_oeac_ops.dspace_rad,,eez_v11.shp,WPP_BFAR_merge.shp,vbd_mpa_r20170830.shp,VNF-VBD_npp_20120301-20151231_global_asia-enhanced_c201607211230.bitmask,vbd_landsea_r20220824.mask,timezone.shp,VBD_platforms-recurring_2015_r20170330.shp,999999,VBD_bridges_c20160811.shp,8.205034;6.250037;3.961037;-0.911653;1.234481;3.316336,95.108154;108.904648;122.486862;121.346123;107.783257;94.088097,npp_d20250830_t1814301_e1815542_b71723;npp_d20250830_t1815555_e1817196_b71723;npp_d20250830_t1817209_e1818451_b71723;npp_d20250830_t1818463_e1820105_b71723,157.817,47.429,45.4235,98.4684,117.657,-115.455
547,VBD_npp_d20250830_t1815575_x1026032E_y070796N_l0019_s1097_v23,2025-08-30 20:43:22,7.079581,102.603249,8.57884,2025-08-30 18:15:57,2025-08-31 01:15:57,19,1097,0.348856,1,2401,0.510809,0.055,0.878022,0.4,0.914588,0.75,3.26524e-17,0.0001,1.55465e-12,999999,999999,3,Malaysian Exclusive Economic Zone,,,SVDNB_npp_d20250830_t1815555_e1817196_b71723_c20250830194309340000_oeac_ops.h5,GDNBO_npp_d20250830_t1815555_e1817196_b71723_c20250830194045994000_oeac_ops.h5,SVI04_npp_d20250830_t1815555_e1817196_b71723_c20250830194317740000_oeac_ops.dspace_rad,,eez_v11.shp,WPP_BFAR_merge.shp,vbd_mpa_r20170830.shp,VNF-VBD_npp_20120301-20151231_global_asia-enhanced_c201607211230.bitmask,vbd_landsea_r20220824.mask,timezone.shp,VBD_platforms-recurring_2015_r20170330.shp,999999,VBD_bridges_c20160811.shp,8.205034;6.250037;3.961037;-0.911653;1.234481;3.316336,95.108154;108.904648;122.486862;121.346123;107.783257;94.088097,npp_d20250830_t1814301_e1815542_b71723;npp_d20250830_t1815555_e1817196_b71723;npp_d20250830_t1817209_e1818451_b71723;npp_d20250830_t1818463_e1820105_b71723,157.227,46.3815,45.2869,98.4004,118.083,-115.133
548,VBD_npp_d20250830_t1815575_x1026224E_y070698N_l0020_s1100_v23,2025-08-30 20:43:22,7.069836,102.622444,12.0292,2025-08-30 18:15:57,2025-08-31 01:15:57,20,1100,0.357889,8,18785,0.635948,0.055,0.889692,0.4,0.932553,0.75,3.23716e-17,0.0001,1.52299e-12,999999,999999,3,Malaysian Exclusive Economic Zone,,,SVDNB_npp_d20250830_t1815555_e1817196_b71723_c20250830194309340000_oeac_ops.h5,GDNBO_npp_d20250830_t1815555_e1817196_b71723_c20250830194045994000_oeac_ops.h5,SVI04_npp_d20250830_t1815555_e1817196_b71723_c20250830194317740000_oeac_ops.dspace_rad,,eez_v11.shp,WPP_BFAR_merge.shp,vbd_mpa_r20170830.shp,VNF-VBD_npp_20120301-20151231_global_asia-enhanced_c201607211230.bitmask,vbd_landsea_r20220824.mask,timezone.shp,VBD_platforms-recurring_2015_r20170330.shp,0.451384,VBD_bridges_c20160811.shp,8.205034;6.250037;3.961037;-0.911653;1.234481;3.316336,95.108154;108.904648;122.486862;121.346123;107.783257;94.088097,npp_d20250830_t1814301_e1815542_b71723;npp_d20250830_t1815555_e1817196_b71723;npp_d20250830_t1817209_e1818451_b71723;npp_d20250830_t1818463_e1820105_b71723,157.219,46.4319,45.1851,98.3414,118.096,-115.139
549,VBD_npp_d20250830_t1815575_x1026433E_y070252N_l0026_s1104_v23,2025-08-30 20:43:22,7.025239,102.643303,7.99539,2025-08-30 18:15:57,2025-08-31 01:15:57,26,1104,0.34096,1,2401,0.484071,0.055,0.864342,0.4,0.918059,0.75,3.26444e-17,0.0001,1.4563e-12,999999,999999,3,Malaysian Exclusive Economic Zone,,,SVDNB_npp_d20250830_t1815555_e1817196_b71723_c20250830194309340000_oeac_ops.h5,GDNBO_npp_d20250830_t1815555_e1817196_b71723_c20250830194045994000_oeac_ops.h5,SVI04_npp_d20250830_t1815555_e1817196_b71723_c20250830194317740000_oeac_ops.dspace_rad,,eez_v11.shp,WPP_BFAR_merge.shp,vbd_mpa_r20170830.shp,VNF-VBD_npp_20120301-20151231_global_asia-enhanced_c201607211230.bitmask,vbd_landsea_r20220824.mask,timezone.shp,VBD_platforms-recurring_2015_r20170330.shp,999999,VBD_bridges_c20160811.shp,8.205034;6.250037;3.961037;-0.911653;1.234481;3.316336,95.108154;108.904648;122.486862;121.346123;107.783257;94.088097,npp_d20250830_t1814301_e1815542_b71723;npp_d20250830_t1815555_e1817196_b71723;npp_d20250830_t1817209_e1818451_b71723;npp_d20250830_t1818463_e1820105_b71723,157.235,46.5455,45.05,97.9725,118.096,-115.162
550,VBD_npp_d20250830_t1815557_x1026905E_y071123N_l0012_s1108_v23,2025-08-30 20:43:22,7.112270,102.690475,17.9161,2025-08-30 18:15:55,2025-08-31 01:15:55,12,1108,0.305893,1,2401,0.759373,0.055,0.87798,0.4,0.943167,0.75,3.01385e-17,0.0001,1.4272e-12,999999,999999,3,Malaysian Exclusive Economic Zone,,,SVDNB_npp_d20250830_t1815555_e1817196_b71723_c20250830194309340000_oeac_ops.h5,GDNBO_npp_d20250830_t1815555_e1817196_b71723_c20250830194045994000_oeac_ops.h5,SVI04_npp_d20250830_t1815555_e1817196_b71723_c20250830194317740000_oeac_ops.dspace_rad,,eez_v11.shp,WPP_BFAR_merge.shp,vbd_mpa_r20170830.shp,VNF-VBD_npp_20120301-20151231_global_asia-enhanced_c201607211230.bitmask,vbd_landsea_r20220824.mask,timezone.shp,VBD_platforms-recurring_2015_r20170330.shp,999999,VBD_bridges_c20160811.shp,8.205034;6.250037;3.961037;-0.911653;1.234481;3.316336,95.108154;108.904648;122.486862;121.346123;107.783257;94.088097,npp_d20250830_t1814301_e1815542_b71723;npp_d20250830_t1815555_e1817196_b71723;npp_d20250830_t1817209_e1818451_b71723;npp_d20250830_t1818463_e1820105_b71723,157.147,46.4648,44.9146,97.8434,118.169,-115.125
553,VBD_npp_d20250830_t1815575_x1028104E_y070150N_l0024_s1129_v23,2025-08-30 20:43:22,7.015030,102.810387,13.2699,2025-08-30 18:15:57,2025-08-31 01:15:57,24,1129,0.358174,1,2401,0.682639,0.055,0.882862,0.4,0.976779,0.75,2.87598e-17,0.0001,1.28446e-12,999999,999999,3,Malaysian Exclusive Economic Zone,,,SVDNB_npp_d20250830_t1815555_e1817196_b71723_c20250830194309340000_oeac_ops.h5,GDNBO_npp_d20250830_t1815555_e1817196_b71723_c20250830194045994000_oeac_ops.h5,SVI04_npp_d20250830_t1815555_e1817196_b71723_c20250830194317740000_oeac_ops.dspace_rad,,eez_v11.shp,WPP_BFAR_merge.shp,vbd_mpa_r20170830.shp,VNF-VBD_npp_20120301-20151231_global_asia-enhanced_c201607211230.bitmask,vbd_landsea_r20220824.mask,timezone.shp,VBD_platforms-recurring_2015_r20170330.shp,999999,VBD_bridges_c20160811.shp,8.205034;6.250037;3.961037;-0.911653;1.234481;3.316336,95.108154;108.904648;122.486862;121.346123;107.783257;94.088097,npp_d20250830_t1814301_e1815542_b71723;npp_d20250830_t1815555_e1817196_b71723;npp_d20250830_t1817209_e1818451_b71723;npp_d20250830_t1818463_e1820105_b71723,157.122,46.8538,44.2047,98.1161,118.241,-115.183
555,VBD_npp_d20250830_t1816082_x1027113E_y063644N_l0123_s1135_v23,2025-08-30 20:43:22,6.364448,102.711311,26.3011,2025-08-30 18:16:08,2025-08-31 01:16:08,123,1135,0.351559,1,2401,0.762976,0.055,0.846938,0.4,0.909676,0.75,4.13613e-17,0.0001,1.17067e-12,999999,999999,3,Malaysian Exclusive Economic Zone,,,SVDNB_npp_d20250830_t1815555_e1817196_b71723_c20250830194309340000_oeac_ops.h5,GDNBO_npp_d20250830_t1815555_e1817196_b71723_c20250830194045994000_oeac_ops.h5,SVI04_npp_d20250830_t1815555_e1817196_b71723_c20250830194317740000_oeac_ops.dspace_rad,,eez_v11.shp,WPP_BFAR_merge.shp,vbd_mpa_r20170830.shp,VNF-VBD_npp_20120301-20151231_global_asia-enhanced_c201607211230.bitmask,vbd_landsea_r20220824.mask,timezone.shp,VBD_platforms-recurring_2015_r20170330.shp,999999,VBD_bridges_c20160811.shp,8.205034;6.250037;3.961037;-0.911653;1.234481;3.316336,95.108154;108.904648;122.486862;121.346123;107.783257;94.088097,npp_d20250830_t1814301_e1815542_b71723;npp_d20250830_t1815555_e1817196_b71723;npp_d20250830_t1817209_e1818451_b71723;npp_d20250830_t1818463_e1820105_b71723,157.602,47.9074,44.0064,97.9874,117.915,-115.481
556,VBD_npp_d20250830_t1816100_x1027335E_y062473N_l0140_s1142_v23,2025-08-30 20:43:22,6.247287,102.733482,3.19199,2025-08-30 18:16:10,2025-08-31 01:16:10,140,1142,0.16797,1,2401,0.22791,0.055,0.63073,0.4,0.842477,0.75,4.28025e-17,0.0001,1.11717e-12,999999,999999,3,Malaysian Exclusive Economic Zone,,,SVDNB_npp_d20250830_t1815555_e1817196_b71723_c20250830194309340000_oeac_ops.h5,GDNBO_npp_d20250830_t1815555_e1817196_b71723_c20250830194045994000_oeac_ops.h5,SVI04_npp_d20250830_t1815555_e1817196_b71723_c20250830194317740000_oeac_ops.dspace_rad,,eez_v11.shp,WPP_BFAR_merge.shp,vbd_mpa_r20170830.shp,VNF-VBD_npp_20120301-20151231_global_asia-enhanced_c201607211230.bitmask,vbd_landsea_r20220824.mask,timezone.shp,VBD_platforms-recurring_2015_r20170330.shp,999999,VBD_bridges_c20160811.shp,8.205034;6.250037;3.961037;-0.911653;1.234481;3.316336,95.108154;108.904648;122.486862;121.346123;107.783257;94.088097,npp_d20250830_t1814301_e1815542_b71723;npp_d20250830_t1815555_e1817196_b71723;npp_d20250830_t1817209_e1818451_b71723;npp_d20250830_t1818463_e1820105_b71723,157.658,48.1701,43.7686,97.9396,117.891,-115.538
557,VBD_npp_d20250830_t1816171_x1027772E_y058870N_l0193_s1160_v23,2025-08-30 20:43:22,5.886984,102.777161,1.74139,2025-08-30 18:16:17,2025-08-31 02:16:17,193,1160,0.222456,2,2337,0.0965594,0.055,0.420411,0.4,0.653684,0.75,4.69443e-17,0.0001,1.0249e-12,999999,999999,3,Malaysian Exclusive Economic Zone,,,SVDNB_npp_d20250830_t1815555_e1817196_b71723_c20250830194309340000_oeac_ops.h5,GDNBO_npp_d20250830_t1815555_e1817196_b71723_c20250830194045994000_oeac_ops.h5,SVI04_npp_d20250830_t1815555_e1817196_b71723_c20250830194317740000_oeac_ops.dspace_rad,,eez_v11.shp,WPP_BFAR_merge.shp,vbd_mpa_r20170830.shp,VNF-VBD_npp_20120301-20151231_global_asia-enhanced_c201607211230.bitmask,vbd_landsea_r20220824.mask,timezone.shp,VBD_platforms-recurring_2015_r20170330.shp,999999,VBD_bridges_c20160811.shp,8.205034;6.250037;3.961037;-0.911653;1.234481;3.316336,95.108154;108.904648;122.486862;121.346123;107.783257;94.088097,npp_d20250830_t1814301_e1815542_b71723;npp_d20250830_t1815555_e1817196_b71723;npp_d20250830_t1817209_e1818451_b71723;npp_d20250830_t1818463_e1820105_b71723,157.842,48.9561,43.1198,98.7083,117.8,-115.713
558,VBD_npp_d20250830_t1816135_x1028829E_y060794N_l0162_s1169_v23,2025-08-30 20:43:22,6.079430,102.882866,1.33809,2025-08-30 18:16:13,2025-08-31 02:16:13,162,1169,0.126927,8,18721,0.0624359,0.055,0.441466,0.4,0.544745,0.75,3.98543e-17,0.0001,9.92488e-13,999999,999999,3,Malaysian Exclusive Economic Zone,,,SVDNB_npp_d20250830_t1815555_e1817196_b71723_c20250830194309340000_oeac_ops.h5,GDNBO_npp_d20250830_t1815555_e1817196_b71723_c20250830194045994000_oeac_ops.h5,SVI04_npp_d20250830_t1815555_e1817196_b71723_c20250830194317740000_oeac_ops.dspace_rad,,eez_v11.shp,WPP_BFAR_merge.shp,vbd_mpa_r20170830.shp,VNF-VBD_npp_20120301-20151231_global_asia-enhanced_c201607211230.bitmask,vbd_landsea_r20220824.mask,timezone.shp,VBD_platforms-recurring_2015_r20170330.shp,0.870213,VBD_bridges_c20160811.shp,8.205034;6.250037;3.961037;-0.911653;1.234481;3.316336,95.108154;108.904648;122.486862;121.346123;107.783257;94.088097,npp_d20250830_t1814301_e1815542_b71723;npp_d20250830_t1815555_e1817196_b71723;npp_d20250830_t1817209_e1818451_b71723;npp_d20250830_t1818463_e1820105_b71723,157.648,48.7568,42.7903,98.6331,117.964,-115.634
559,VBD_npp_d20250830_t1816135_x1028687E_y059845N_l0176_s1169_v23,2025-08-30 20:43:22,5.984500,102.868744,1.71603,2025-08-30 18:16:13,2025-08-31 02:16:13,176,1169,0.189594,2,2337,0.104648,0.055,0.754715,0.4,0.64567,0.75,4.19231e-17,0.0001,9.44905e-13,999999,999999,3,Malaysian Exclusive Economic Zone,,,SVDNB_npp_d20250830_t1815555_e1817196_b71723_c20250830194309340000_oeac_ops.h5,GDNBO_npp_d20250830_t1815555_e1817196_b71723_c20250830194045994000_oeac_ops.h5,SVI04_npp_d20250830_t1815555_e1817196_b71723_c20250830194317740000_oeac_ops.dspace_rad,,eez_v11.shp,WPP_BFAR_merge.shp,vbd_mpa_r20170830.shp,VNF-VBD_npp_20120301-20151231_global_asia-enhanced_c201607211230.bitmask,vbd_landsea_r20220824.mask,timezone.shp,VBD_platforms-recurring_2015_r20170330.shp,999999,VBD_bridges_c20160811.shp,8.205034;6.250037;3.961037;-0.911653;1.234481;3.316336,95.108154;108.904648;122.486862;121.346123;107.783257;94.088097,npp_d20250830_t1814301_e1815542_b71723;npp_d20250830_t1815555_e1817196_b71723;npp_d20250830_t1817209_e1818451_b71723;npp_d20250830_t1818463_e1820105_b71723,157.721,48.9068,42.7929,97.6984,117.911,-115.677
560,VBD_npp_d20250830_t1816153_x1028554E_y059480N_l0182_s1169_v23,2025-08-30 20:43:22,5.948015,102.855385,2.15519,2025-08-30 18:16:15,2025-08-31 02:16:15,182,1169,0.234193,8,18721,0.141599,0.055,0.707275,0.4,0.666629,0.75,4.28098e-17,0.0001,9.71135e-13,999999,999999,3,Malaysian Exclusive Economic Zone,,,SVDNB_npp_d20250830_t1815555_e1817196_b71723_c20250830194309340000_oeac_ops.h5,GDNBO_npp_d20250830_t1815555_e1817196_b71723_c20250830194045994000_oeac_ops.h5,SVI04_npp_d20250830_t1815555_e1817196_b71723_c20250830194317740000_oeac_ops.dspace_rad,,eez_v11.shp,WPP_BFAR_merge.shp,vbd_mpa_r20170830.shp,VNF-VBD_npp_20120301-20151231_global_asia-enhanced_c201607211230.bitmask,vbd_landsea_r20220824.mask,timezone.shp,VBD_platforms-recurring_2015_r20170330.shp,0.643049,VBD_bridges_c20160811.shp,8.205034;6.250037;3.961037;-0.911653;1.234481;3.316336,95.108154;108.904648;122.486862;121.346123;107.783257;94.088097,npp_d20250830_t1814301_e1815542_b71723;npp_d20250830_t1815555_e1817196_b71723;npp_d20250830_t1817209_e1818451_b71723;npp_d20250830_t1818463_e1820105_b71723,157.749,48.9639,42.7948,98.3728,117.89,-115.693
561,VBD_npp_d20250830_t1816135_x1028913E_y060435N_l0167_s1171_v23,2025-08-30 20:43:22,6.043538,102.891350,2.48854,2025-08-30 18:16:13,2025-08-31 02:16:13,167,1171,0.133187,2,2337,0.161856,0.055,0.740729,0.4,0.712879,0.75,4.00838e-17,0.0001,9.6561e-13,999999,999999,3,Malaysian Exclusive Economic Zone,,,SVDNB_npp_d20250830_t1815555_e1817196_b71723_c20250830194309340000_oeac_ops.h5,GDNBO_npp_d20250830_t1815555_e1817196_b71723_c20250830194045994000_oeac_ops.h5,SVI04_npp_d20250830_t1815555_e1817196_b71723_c20250830194317740000_oeac_ops.dspace_rad,,eez_v11.shp,WPP_BFAR_merge.shp,vbd_mpa_r20170830.shp,VNF-VBD_npp_20120301-20151231_global_asia-enhanced_c201607211230.bitmask,vbd_landsea_r20220824.mask,timezone.shp,VBD_platforms-recurring_2015_r20170330.shp,999999,VBD_bridges_c20160811.shp,8.205034;6.250037;3.961037;-0.911653;1.234481;3.316336,95.108154;108.904648;122.486862;121.346123;107.783257;94.088097,npp_d20250830_t1814301_e1815542_b71723;npp_d20250830_t1815555_e1817196_b71723;npp_d20250830_t1817209_e1818451_b71723;npp_d20250830_t1818463_e1820105_b71723,157.665,48.8369,42.7176,98.3007,117.957,-115.652
562,VBD_npp_d20250830_t1816135_x1028853E_y060029N_l0173_s1171_v23,2025-08-30 20:43:22,6.002892,102.885307,5.41705,2025-08-30 18:16:13,2025-08-31 02:16:13,173,1171,0.147128,1,2401,0.35088,0.055,0.78489,0.4,0.893764,0.75,4.09594e-17,0.0001,9.45561e-13,999999,999999,3,Malaysian Exclusive Economic Zone,,,SVDNB_npp_d20250830_t1815555_e1817196_b71723_c20250830194309340000_oeac_ops.h5,GDNBO_npp_d20250830_t1815555_e1817196_b71723_c20250830194045994000_oeac_ops.h5,SVI04_npp_d20250830_t1815555_e1817196_b71723_c20250830194317740000_oeac_ops.dspace_rad,,eez_v11.shp,WPP_BFAR_merge.shp,vbd_mpa_r20170830.shp,VNF-VBD_npp_20120301-20151231_global_asia-enhanced_c201607211230.bitmask,vbd_landsea_r20220824.mask,timezone.shp,VBD_platforms-recurring_2015_r20170330.shp,999999,VBD_bridges_c20160811.shp,8.205034;6.250037;3.961037;-0.911653;1.234481;3.316336,95.108154;108.904648;122.486862;121.346123;107.783257;94.088097,npp_d20250830_t1814301_e1815542_b71723;npp_d20250830_t1815555_e1817196_b71723;npp_d20250830_t1817209_e1818451_b71723;npp_d20250830_t1818463_e1820105_b71723,157.696,48.9012,42.719,97.8995,117.934,-115.67
563,VBD_npp_d20250830_t1816153_x1028649E_y059189N_l0186_s1171_v23,2025-08-30 20:43:22,5.918917,102.864883,2.67071,2025-08-30 18:16:15,2025-08-31 02:16:15,186,1171,0.239954,8,18785,0.197422,0.055,0.667858,0.4,0.826954,0.75,4.28564e-17,0.0001,9.48313e-13,999999,999999,3,Malaysian Exclusive Economic Zone,,,SVDNB_npp_d20250830_t1815555_e1817196_b71723_c20250830194309340000_oeac_ops.h5,GDNBO_npp_d20250830_t1815555_e1817196_b71723_c20250830194045994000_oeac_ops.h5,SVI04_npp_d20250830_t1815555_e1817196_b71723_c20250830194317740000_oeac_ops.dspace_rad,,eez_v11.shp,WPP_BFAR_merge.shp,vbd_mpa_r20170830.shp,VNF-VBD_npp_20120301-20151231_global_asia-enhanced_c201607211230.bitmask,vbd_landsea_r20220824.mask,timezone.shp,VBD_platforms-recurring_2015_r20170330.shp,0.363494,VBD_bridges_c20160811.shp,8.205034;6.250037;3.961037;-0.911653;1.234481;3.316336,95.108154;108.904648;122.486862;121.346123;107.783257;94.088097,npp_d20250830_t1814301_e1815542_b71723;npp_d20250830_t1815555_e1817196_b71723;npp_d20250830_t1817209_e1818451_b71723;npp_d20250830_t1818463_e1820105_b71723,157.761,49.0338,42.7227,98.1069,117.886,-115.707
564,VBD_npp_d20250830_t1816135_x1029170E_y059845N_l0175_s1176_v23,2025-08-30 20:43:22,5.984518,102.916969,1.93779,2025-08-30 18:16:13,2025-08-31 02:16:13,175,1176,0.137881,2,2337,0.113443,0.055,0.760412,0.4,0.689007,0.75,3.99409e-17,0.0001,9.16611e-13,999999,999999,3,Malaysian Exclusive Economic Zone,,,SVDNB_npp_d20250830_t1815555_e1817196_b71723_c20250830194309340000_oeac_ops.h5,GDNBO_npp_d20250830_t1815555_e1817196_b71723_c20250830194045994000_oeac_ops.h5,SVI04_npp_d20250830_t1815555_e1817196_b71723_c20250830194317740000_oeac_ops.dspace_rad,,eez_v11.shp,WPP_BFAR_merge.shp,vbd_mpa_r20170830.shp,VNF-VBD_npp_20120301-20151231_global_asia-enhanced_c201607211230.bitmask,vbd_landsea_r20220824.mask,timezone.shp,VBD_platforms-recurring_2015_r20170330.shp,999999,VBD_bridges_c20160811.shp,8.205034;6.250037;3.961037;-0.911653;1.234481;3.316336,95.108154;108.904648;122.486862;121.346123;107.783257;94.088097,npp_d20250830_t1814301_e1815542_b71723;npp_d20250830_t1815555_e1817196_b71723;npp_d20250830_t1817209_e1818451_b71723;npp_d20250830_t1818463_e1820105_b71723,157.684,48.9887,42.5384,97.7676,117.954,-115.682
565,VBD_npp_d20250830_t1816135_x1029294E_y059758N_l0176_s1178_v23,2025-08-30 20:43:22,5.975842,102.929390,4.02014,2025-08-30 18:16:13,2025-08-31 02:16:13,176,1178,0.183192,1,2401,0.276625,0.055,0.760412,0.4,0.850607,0.75,3.95561e-17,0.0001,9.04757e-13,999999,999999,3,Malaysian Exclusive Economic Zone,,,SVDNB_npp_d20250830_t1815555_e1817196_b71723_c20250830194309340000_oeac_ops.h5,GDNBO_npp_d20250830_t1815555_e1817196_b71723_c20250830194045994000_oeac_ops.h5,SVI04_npp_d20250830_t1815555_e1817196_b71723_c20250830194317740000_oeac_ops.dspace_rad,,eez_v11.shp,WPP_BFAR_merge.shp,vbd_mpa_r20170830.shp,VNF-VBD_npp_20120301-20151231_global_asia-enhanced_c201607211230.bitmask,vbd_landsea_r20220824.mask,timezone.shp,VBD_platforms-recurring_2015_r20170330.shp,999999,VBD_bridges_c20160811.shp,8.205034;6.250037;3.961037;-0.911653;1.234481;3.316336,95.108154;108.904648;122.486862;121.346123;107.783257;94.088097,npp_d20250830_t1814301_e1815542_b71723;npp_d20250830_t1815555_e1817196_b71723;npp_d20250830_t1817209_e1818451_b71723;npp_d20250830_t1818463_e1820105_b71723,157.681,49.0256,42.4664,97.7011,117.961,-115.688
566,VBD_npp_d20250830_t1816153_x1029190E_y059593N_l0179_s1178_v23,2025-08-30 20:43:22,5.959313,102.919006,2.30546,2025-08-30 18:16:15,2025-08-31 02:16:15,179,1178,0.245147,1,2401,0.168461,0.055,0.715865,0.4,0.816342,0.75,3.99744e-17,0.0001,9.39416e-13,999999,999999,3,Malaysian Exclusive Economic Zone,,,SVDNB_npp_d20250830_t1815555_e1817196_b71723_c20250830194309340000_oeac_ops.h5,GDNBO_npp_d20250830_t1815555_e1817196_b71723_c20250830194045994000_oeac_ops.h5,SVI04_npp_d20250830_t1815555_e1817196_b71723_c20250830194317740000_oeac_ops.dspace_rad,,eez_v11.shp,WPP_BFAR_merge.shp,vbd_mpa_r20170830.shp,VNF-VBD_npp_20120301-20151231_global_asia-enhanced_c201607211230.bitmask,vbd_landsea_r20220824.mask,timezone.shp,VBD_platforms-recurring_2015_r20170330.shp,999999,VBD_bridges_c20160811.shp,8.205034;6.250037;3.961037;-0.911653;1.234481;3.316336,95.108154;108.904648;122.486862;121.346123;107.783257;94.088097,npp_d20250830_t1814301_e1815542_b71723;npp_d20250830_t1815555_e1817196_b71723;npp_d20250830_t1817209_e1818451_b71723;npp_d20250830_t1818463_e1820105_b71723,157.694,49.051,42.4683,98.5811,117.951,-115.695
567,VBD_npp_d20250830_t1816153_x1029277E_y059718N_l0177_s1179_v23,2025-08-30 20:43:22,5.971812,102.927704,2.81116,2025-08-30 18:16:15,2025-08-31 02:16:15,177,1179,0.228004,1,2401,0.186078,0.055,0.702974,0.4,0.766956,0.75,3.94316e-17,0.0001,9.41465e-13,999999,999999,3,Malaysian Exclusive Economic Zone,,,SVDNB_npp_d20250830_t1815555_e1817196_b71723_c20250830194309340000_oeac_ops.h5,GDNBO_npp_d20250830_t1815555_e1817196_b71723_c20250830194045994000_oeac_ops.h5,SVI04_npp_d20250830_t1815555_e1817196_b71723_c20250830194317740000_oeac_ops.dspace_rad,,eez_v11.shp,WPP_BFAR_merge.shp,vbd_mpa_r20170830.shp,VNF-VBD_npp_20120301-20151231_global_asia-enhanced_c201607211230.bitmask,vbd_landsea_r20220824.mask,timezone.shp,VBD_platforms-recurring_2015_r20170330.shp,999999,VBD_bridges_c20160811.shp,8.205034;6.250037;3.961037;-0.911653;1.234481;3.316336,95.108154;108.904648;122.486862;121.346123;107.783257;94.088097,npp_d20250830_t1814301_e1815542_b71723;npp_d20250830_t1815555_e1817196_b71723;npp_d20250830_t1817209_e1818451_b71723;npp_d20250830_t1818463_e1820105_b71723,157.679,49.0428,42.4323,98.7165,117.964,-115.69
568,VBD_npp_d20250830_t1816171_x1029053E_y058194N_l0200_s1180_v23,2025-08-30 20:43:22,5.819442,102.905266,7.60259,2025-08-30 18:16:17,2025-08-31 02:16:17,200,1180,0.345584,1,2401,0.499621,0.055,0.838086,0.4,0.959256,0.75,4.1946e-17,0.0001,9.0695e-13,999999,999999,3,Malaysian Exclusive Economic Zone,,,SVDNB_npp_d20250830_t1815555_e1817196_b71723_c20250830194309340000_oeac_ops.h5,GDNBO_npp_d20250830_t1815555_e1817196_b71723_c20250830194045994000_oeac_ops.h5,SVI04_npp_d20250830_t1815555_e1817196_b71723_c20250830194317740000_oeac_ops.dspace_rad,,eez_v11.shp,WPP_BFAR_merge.shp,vbd_mpa_r20170830.shp,VNF-VBD_npp_20120301-20151231_global_asia-enhanced_c201607211230.bitmask,vbd_landsea_r20220824.mask,timezone.shp,VBD_platforms-recurring_2015_r20170330.shp,999999,VBD_bridges_c20160811.shp,8.205034;6.250037;3.961037;-0.911653;1.234481;3.316336,95.108154;108.904648;122.486862;121.346123;107.783257;94.088097,npp_d20250830_t1814301_e1815542_b71723;npp_d20250830_t1815555_e1817196_b71723;npp_d20250830_t1817209_e1818451_b71723;npp_d20250830_t1818463_e1820105_b71723,157.79,49.299,42.3935,98.2569,117.885,-115.759
569,VBD_npp_d20250830_t1816171_x1029033E_y058060N_l0202_s1180_v23,2025-08-30 20:43:22,5.805952,102.903252,4.56504,2025-08-30 18:16:17,2025-08-31 02:16:17,202,1180,0.327943,1,2401,0.339137,0.055,0.838086,0.4,0.830476,0.75,4.21109e-17,0.0001,9.00725e-13,999999,999999,3,Malaysian Exclusive Economic Zone,,,SVDNB_npp_d20250830_t1815555_e1817196_b71723_c20250830194309340000_oeac_ops.h5,GDNBO_npp_d20250830_t1815555_e1817196_b71723_c20250830194045994000_oeac_ops.h5,SVI04_npp_d20250830_t1815555_e1817196_b71723_c20250830194317740000_oeac_ops.dspace_rad,,eez_v11.shp,WPP_BFAR_merge.shp,vbd_mpa_r20170830.shp,VNF-VBD_npp_20120301-20151231_global_asia-enhanced_c201607211230.bitmask,vbd_landsea_r20220824.mask,timezone.shp,VBD_platforms-recurring_2015_r20170330.shp,999999,VBD_bridges_c20160811.shp,8.205034;6.250037;3.961037;-0.911653;1.234481;3.316336,95.108154;108.904648;122.486862;121.346123;107.783257;94.088097,npp_d20250830_t1814301_e1815542_b71723;npp_d20250830_t1815555_e1817196_b71723;npp_d20250830_t1817209_e1818451_b71723;npp_d20250830_t1818463_e1820105_b71723,157.8,49.3206,42.3939,98.1223,117.878,-115.765
570,VBD_npp_d20250830_t1816171_x1029176E_y058107N_l0201_s1182_v23,2025-08-30 20:43:22,5.810737,102.917625,1.54192,2025-08-30 18:16:17,2025-08-31 02:16:17,201,1182,0.320972,1,2401,0.105669,0.055,0.838086,0.4,0.7612,0.75,4.14622e-17,0.0001,8.95319e-13,999999,999999,3,Malaysian Exclusive Economic Zone,,,SVDNB_npp_d20250830_t1815555_e1817196_b71723_c20250830194309340000_oeac_ops.h5,GDNBO_npp_d20250830_t1815555_e1817196_b71723_c20250830194045994000_oeac_ops.h5,SVI04_npp_d20250830_t1815555_e1817196_b71723_c20250830194317740000_oeac_ops.dspace_rad,,eez_v11.shp,WPP_BFAR_merge.shp,vbd_mpa_r20170830.shp,VNF-VBD_npp_20120301-20151231_global_asia-enhanced_c201607211230.bitmask,vbd_landsea_r20220824.mask,timezone.shp,VBD_platforms-recurring_2015_r20170330.shp,999999,VBD_bridges_c20160811.shp,8.205034;6.250037;3.961037;-0.911653;1.234481;3.316336,95.108154;108.904648;122.486862;121.346123;107.783257;94.088097,npp_d20250830_t1814301_e1815542_b71723;npp_d20250830_t1815555_e1817196_b71723;npp_d20250830_t1817209_e1818451_b71723;npp_d20250830_t1818463_e1820105_b71723,157.786,49.336,42.3212,98.1908,117.892,-115.764
571,VBD_npp_d20250830_t1816153_x1029737E_y058687N_l0191_s1188_v23,2025-08-30 20:43:22,5.868709,102.973656,1.09921,2025-08-30 18:16:15,2025-08-31 02:16:15,191,1188,0.250126,1,2401,0.0557216,0.055,0.860086,0.4,0.780188,0.75,3.88784e-17,0.0001,8.59806e-13,999999,999999,3,Malaysian Exclusive Economic Zone,,,SVDNB_npp_d20250830_t1815555_e1817196_b71723_c20250830194309340000_oeac_ops.h5,GDNBO_npp_d20250830_t1815555_e1817196_b71723_c20250830194045994000_oeac_ops.h5,SVI04_npp_d20250830_t1815555_e1817196_b71723_c20250830194317740000_oeac_ops.dspace_rad,,eez_v11.shp,WPP_BFAR_merge.shp,vbd_mpa_r20170830.shp,VNF-VBD_npp_20120301-20151231_global_asia-enhanced_c201607211230.bitmask,vbd_landsea_r20220824.mask,timezone.shp,VBD_platforms-recurring_2015_r20170330.shp,999999,VBD_bridges_c20160811.shp,8.205034;6.250037;3.961037;-0.911653;1.234481;3.316336,95.108154;108.904648;122.486862;121.346123;107.783257;94.088097,npp_d20250830_t1814301_e1815542_b71723;npp_d20250830_t1815555_e1817196_b71723;npp_d20250830_t1817209_e1818451_b71723;npp_d20250830_t1818463_e1820105_b71723,157.712,49.3105,42.1084,97.7782,117.961,-115.743
572,VBD_npp_d20250830_t1816171_x1029682E_y058308N_l0197_s1189_v23,2025-08-30 20:43:22,5.830776,102.968185,12.3101,2025-08-30 18:16:17,2025-08-31 02:16:17,197,1189,0.261934,1,2401,0.642125,0.055,0.877872,0.4,0.961435,0.75,3.91701e-17,0.0001,8.78404e-13,999999,999999,3,Malaysian Exclusive Economic Zone,,,SVDNB_npp_d20250830_t1815555_e1817196_b71723_c20250830194309340000_oeac_ops.h5,GDNBO_npp_d20250830_t1815555_e1817196_b71723_c20250830194045994000_oeac_ops.h5,SVI04_npp_d20250830_t1815555_e1817196_b71723_c20250830194317740000_oeac_ops.dspace_rad,,eez_v11.shp,WPP_BFAR_merge.shp,vbd_mpa_r20170830.shp,VNF-VBD_npp_20120301-20151231_global_asia-enhanced_c201607211230.bitmask,vbd_landsea_r20220824.mask,timezone.shp,VBD_platforms-recurring_2015_r20170330.shp,999999,VBD_bridges_c20160811.shp,8.205034;6.250037;3.961037;-0.911653;1.234481;3.316336,95.108154;108.904648;122.486862;121.346123;107.783257;94.088097,npp_d20250830_t1814301_e1815542_b71723;npp_d20250830_t1815555_e1817196_b71723;npp_d20250830_t1817209_e1818451_b71723;npp_d20250830_t1818463_e1820105_b71723,157.735,49.3841,42.0674,98.4657,117.946,-115.761
573,VBD_npp_d20250830_t1816189_x1029478E_y056505N_l0224_s1191_v23,2025-08-30 20:43:22,5.650527,102.947800,16.8317,2025-08-30 18:16:18,2025-08-31 02:16:18,224,1191,0.37866,1,2401,0.739558,0.055,0.804886,0.4,0.968466,0.75,4.07394e-17,0.0001,8.31798e-13,999999,999999,3,Malaysian Exclusive Economic Zone,,,SVDNB_npp_d20250830_t1815555_e1817196_b71723_c20250830194309340000_oeac_ops.h5,GDNBO_npp_d20250830_t1815555_e1817196_b71723_c20250830194045994000_oeac_ops.h5,SVI04_npp_d20250830_t1815555_e1817196_b71723_c20250830194317740000_oeac_ops.dspace_rad,,eez_v11.shp,WPP_BFAR_merge.shp,vbd_mpa_r20170830.shp,VNF-VBD_npp_20120301-20151231_global_asia-enhanced_c201607211230.bitmask,vbd_landsea_r20220824.mask,timezone.shp,VBD_platforms-recurring_2015_r20170330.shp,999999,VBD_bridges_c20160811.shp,8.205034;6.250037;3.961037;-0.911653;1.234481;3.316336,95.108154;108.904648;122.486862;121.346123;107.783257;94.088097,npp_d20250830_t1814301_e1815542_b71723;npp_d20250830_t1815555_e1817196_b71723;npp_d20250830_t1817209_e1818451_b71723;npp_d20250830_t1818463_e1820105_b71723,157.862,49.6983,41.9976,97.728,117.856,-115.843
574,VBD_npp_d20250830_t1816189_x1029554E_y056563N_l0223_s1192_v23,2025-08-30 20:43:22,5.656285,102.955414,15.7954,2025-08-30 18:16:18,2025-08-31 02:16:18,223,1192,0.379727,1,2401,0.59746,0.055,0.804886,0.4,0.926679,0.75,4.04924e-17,0.0001,8.30794e-13,999999,999999,3,Malaysian Exclusive Economic Zone,,,SVDNB_npp_d20250830_t1815555_e1817196_b71723_c20250830194309340000_oeac_ops.h5,GDNBO_npp_d20250830_t1815555_e1817196_b71723_c20250830194045994000_oeac_ops.h5,SVI04_npp_d20250830_t1815555_e1817196_b71723_c20250830194317740000_oeac_ops.dspace_rad,,eez_v11.shp,WPP_BFAR_merge.shp,vbd_mpa_r20170830.shp,VNF-VBD_npp_20120301-20151231_global_asia-enhanced_c201607211230.bitmask,vbd_landsea_r20220824.mask,timezone.shp,VBD_platforms-recurring_2015_r20170330.shp,999999,VBD_bridges_c20160811.shp,8.205034;6.250037;3.961037;-0.911653;1.234481;3.316336,95.108154;108.904648;122.486862;121.346123;107.783257;94.088097,npp_d20250830_t1814301_e1815542_b71723;npp_d20250830_t1815555_e1817196_b71723;npp_d20250830_t1817209_e1818451_b71723;npp_d20250830_t1818463_e1820105_b71723,157.852,49.7003,41.9609,97.7961,117.866,-115.841
575,VBD_npp_d20250830_t1816189_x1029610E_y056486N_l0224_s1193_v23,2025-08-30 20:43:22,5.648630,102.961014,5.30674,2025-08-30 18:16:18,2025-08-31 02:16:18,224,1193,0.357534,1,2401,0.16675,0.055,0.804886,0.4,0.775404,0.75,4.0398e-17,0.0001,8.2425e-13,999999,999999,3,Malaysian Exclusive Economic Zone,,,SVDNB_npp_d20250830_t1815555_e1817196_b71723_c20250830194309340000_oeac_ops.h5,GDNBO_npp_d20250830_t1815555_e1817196_b71723_c20250830194045994000_oeac_ops.h5,SVI04_npp_d20250830_t1815555_e1817196_b71723_c20250830194317740000_oeac_ops.dspace_rad,,eez_v11.shp,WPP_BFAR_merge.shp,vbd_mpa_r20170830.shp,VNF-VBD_npp_20120301-20151231_global_asia-enhanced_c201607211230.bitmask,vbd_landsea_r20220824.mask,timezone.shp,VBD_platforms-recurring_2015_r20170330.shp,999999,VBD_bridges_c20160811.shp,8.205034;6.250037;3.961037;-0.911653;1.234481;3.316336,95.108154;108.904648;122.486862;121.346123;107.783257;94.088097,npp_d20250830_t1814301_e1815542_b71723;npp_d20250830_t1815555_e1817196_b71723;npp_d20250830_t1817209_e1818451_b71723;npp_d20250830_t1818463_e1820105_b71723,157.853,49.724,41.9253,97.7285,117.867,-115.845
576,VBD_npp_d20250830_t1816171_x1030098E_y058383N_l0195_s1195_v23,2025-08-30 20:43:22,5.838280,103.009796,7.32453,2025-08-30 18:16:17,2025-08-31 02:16:17,195,1195,0.185468,1,2401,0.458757,0.055,0.860441,0.4,0.927976,0.75,3.78728e-17,0.0001,8.60261e-13,999999,999999,3,Malaysian Exclusive Economic Zone,,,SVDNB_npp_d20250830_t1815555_e1817196_b71723_c20250830194309340000_oeac_ops.h5,GDNBO_npp_d20250830_t1815555_e1817196_b71723_c20250830194045994000_oeac_ops.h5,SVI04_npp_d20250830_t1815555_e1817196_b71723_c20250830194317740000_oeac_ops.dspace_rad,,eez_v11.shp,WPP_BFAR_merge.shp,vbd_mpa_r20170830.shp,VNF-VBD_npp_20120301-20151231_global_asia-enhanced_c201607211230.bitmask,vbd_landsea_r20220824.mask,timezone.shp,VBD_platforms-recurring_2015_r20170330.shp,999999,VBD_bridges_c20160811.shp,8.205034;6.250037;3.961037;-0.911653;1.234481;3.316336,95.108154;108.904648;122.486862;121.346123;107.783257;94.088097,npp_d20250830_t1814301_e1815542_b71723;npp_d20250830_t1815555_e1817196_b71723;npp_d20250830_t1817209_e1818451_b71723;npp_d20250830_t1818463_e1820105_b71723,157.699,49.4401,41.8506,98.6064,117.986,-115.763
577,VBD_npp_d20250830_t1816207_x1029671E_y056431N_l0225_s1195_v23,2025-08-30 20:43:22,5.643139,102.967087,5.11235,2025-08-30 18:16:20,2025-08-31 02:16:20,225,1195,0.366567,1,2401,0.310059,0.055,0.773619,0.4,0.843012,0.75,4.01319e-17,0.0001,8.52351e-13,999999,999999,3,Malaysian Exclusive Economic Zone,,,SVDNB_npp_d20250830_t1815555_e1817196_b71723_c20250830194309340000_oeac_ops.h5,GDNBO_npp_d20250830_t1815555_e1817196_b71723_c20250830194045994000_oeac_ops.h5,SVI04_npp_d20250830_t1815555_e1817196_b71723_c20250830194317740000_oeac_ops.dspace_rad,,eez_v11.shp,WPP_BFAR_merge.shp,vbd_mpa_r20170830.shp,VNF-VBD_npp_20120301-20151231_global_asia-enhanced_c201607211230.bitmask,vbd_landsea_r20220824.mask,timezone.shp,VBD_platforms-recurring_2015_r20170330.shp,999999,VBD_bridges_c20160811.shp,8.205034;6.250037;3.961037;-0.911653;1.234481;3.316336,95.108154;108.904648;122.486862;121.346123;107.783257;94.088097,npp_d20250830_t1814301_e1815542_b71723;npp_d20250830_t1815555_e1817196_b71723;npp_d20250830_t1817209_e1818451_b71723;npp_d20250830_t1818463_e1820105_b71723,157.846,49.757,41.8479,98.7599,117.877,-115.85
578,VBD_npp_d20250830_t1816082_x1031311E_y062828N_l0126_s1198_v23,2025-08-30 20:43:22,6.282769,103.131065,16.4821,2025-08-30 18:16:08,2025-08-31 01:16:08,126,1198,0.345584,8,18785,0.732889,0.055,0.88293,0.4,0.966712,0.75,2.89428e-17,0.0001,8.49629e-13,999999,999999,3,Malaysian Exclusive Economic Zone,,,SVDNB_npp_d20250830_t1815555_e1817196_b71723_c20250830194309340000_oeac_ops.h5,GDNBO_npp_d20250830_t1815555_e1817196_b71723_c20250830194045994000_oeac_ops.h5,SVI04_npp_d20250830_t1815555_e1817196_b71723_c20250830194317740000_oeac_ops.dspace_rad,,eez_v11.shp,WPP_BFAR_merge.shp,vbd_mpa_r20170830.shp,VNF-VBD_npp_20120301-20151231_global_asia-enhanced_c201607211230.bitmask,vbd_landsea_r20220824.mask,timezone.shp,VBD_platforms-recurring_2015_r20170330.shp,0.21901,VBD_bridges_c20160811.shp,8.205034;6.250037;3.961037;-0.911653;1.234481;3.316336,95.108154;108.904648;122.486862;121.346123;107.783257;94.088097,npp_d20250830_t1814301_e1815542_b71723;npp_d20250830_t1815555_e1817196_b71723;npp_d20250830_t1817209_e1818451_b71723;npp_d20250830_t1818463_e1820105_b71723,157.345,48.7694,41.7461,97.8139,118.253,-115.565
579,VBD_npp_d20250830_t1816171_x1030315E_y058487N_l0193_s1198_v23,2025-08-30 20:43:22,5.848708,103.031502,3.62425,2025-08-30 18:16:17,2025-08-31 02:16:17,193,1198,0.172807,1,2401,0.265208,0.055,0.849406,0.4,0.829239,0.75,3.72396e-17,0.0001,8.54351e-13,999999,999999,3,Malaysian Exclusive Economic Zone,,,SVDNB_npp_d20250830_t1815555_e1817196_b71723_c20250830194309340000_oeac_ops.h5,GDNBO_npp_d20250830_t1815555_e1817196_b71723_c20250830194045994000_oeac_ops.h5,SVI04_npp_d20250830_t1815555_e1817196_b71723_c20250830194317740000_oeac_ops.dspace_rad,,eez_v11.shp,WPP_BFAR_merge.shp,vbd_mpa_r20170830.shp,VNF-VBD_npp_20120301-20151231_global_asia-enhanced_c201607211230.bitmask,vbd_landsea_r20220824.mask,timezone.shp,VBD_platforms-recurring_2015_r20170330.shp,999999,VBD_bridges_c20160811.shp,8.205034;6.250037;3.961037;-0.911653;1.234481;3.316336,95.108154;108.904648;122.486862;121.346123;107.783257;94.088097,npp_d20250830_t1814301_e1815542_b71723;npp_d20250830_t1815555_e1817196_b71723;npp_d20250830_t1817209_e1818451_b71723;npp_d20250830_t1818463_e1820105_b71723,157.676,49.4572,41.7425,98.7453,118.01,-115.761
580,VBD_npp_d20250830_t1816171_x1030242E_y057541N_l0207_s1199_v23,2025-08-30 20:43:22,5.754094,103.024239,1.18101,2025-08-30 18:16:17,2025-08-31 02:16:17,207,1199,0.313717,2,2337,0.0686673,0.055,0.757221,0.4,0.659724,0.75,3.81152e-17,0.0001,8.11211e-13,999999,999999,3,Malaysian Exclusive Economic Zone,,,SVDNB_npp_d20250830_t1815555_e1817196_b71723_c20250830194309340000_oeac_ops.h5,GDNBO_npp_d20250830_t1815555_e1817196_b71723_c20250830194045994000_oeac_ops.h5,SVI04_npp_d20250830_t1815555_e1817196_b71723_c20250830194317740000_oeac_ops.dspace_rad,,eez_v11.shp,WPP_BFAR_merge.shp,vbd_mpa_r20170830.shp,VNF-VBD_npp_20120301-20151231_global_asia-enhanced_c201607211230.bitmask,vbd_landsea_r20220824.mask,timezone.shp,VBD_platforms-recurring_2015_r20170330.shp,999999,VBD_bridges_c20160811.shp,8.205034;6.250037;3.961037;-0.911653;1.234481;3.316336,95.108154;108.904648;122.486862;121.346123;107.783257;94.088097,npp_d20250830_t1814301_e1815542_b71723;npp_d20250830_t1815555_e1817196_b71723;npp_d20250830_t1817209_e1818451_b71723;npp_d20250830_t1818463_e1820105_b71723,157.743,49.6204,41.7084,97.7916,117.963,-115.803
581,VBD_npp_d20250830_t1816189_x1030160E_y057022N_l0215_s1200_v23,2025-08-30 20:43:22,5.702160,103.016045,0.949819,2025-08-30 18:16:18,2025-08-31 02:16:18,215,1200,0.342739,2,2337,0.0559923,0.055,0.799077,0.4,0.67639,0.75,3.85396e-17,0.0001,8.23055e-13,999999,999999,3,Malaysian Exclusive Economic Zone,,,SVDNB_npp_d20250830_t1815555_e1817196_b71723_c20250830194309340000_oeac_ops.h5,GDNBO_npp_d20250830_t1815555_e1817196_b71723_c20250830194045994000_oeac_ops.h5,SVI04_npp_d20250830_t1815555_e1817196_b71723_c20250830194317740000_oeac_ops.dspace_rad,,eez_v11.shp,WPP_BFAR_merge.shp,vbd_mpa_r20170830.shp,VNF-VBD_npp_20120301-20151231_global_asia-enhanced_c201607211230.bitmask,vbd_landsea_r20220824.mask,timezone.shp,VBD_platforms-recurring_2015_r20170330.shp,999999,VBD_bridges_c20160811.shp,8.205034;6.250037;3.961037;-0.911653;1.234481;3.316336,95.108154;108.904648;122.486862;121.346123;107.783257;94.088097,npp_d20250830_t1814301_e1815542_b71723;npp_d20250830_t1815555_e1817196_b71723;npp_d20250830_t1817209_e1818451_b71723;npp_d20250830_t1818463_e1820105_b71723,157.777,49.7162,41.6697,98.3441,117.939,-115.827
582,VBD_npp_d20250830_t1816189_x1030412E_y056916N_l0216_s1204_v23,2025-08-30 20:43:22,5.691620,103.041183,3.0947,2025-08-30 18:16:18,2025-08-31 02:16:18,216,1204,0.378446,1,2401,0.2585,0.055,0.88309,0.4,0.935616,0.75,3.79407e-17,0.0001,8.05746e-13,999999,999999,3,Malaysian Exclusive Economic Zone,,,SVDNB_npp_d20250830_t1815555_e1817196_b71723_c20250830194309340000_oeac_ops.h5,GDNBO_npp_d20250830_t1815555_e1817196_b71723_c20250830194045994000_oeac_ops.h5,SVI04_npp_d20250830_t1815555_e1817196_b71723_c20250830194317740000_oeac_ops.dspace_rad,,eez_v11.shp,WPP_BFAR_merge.shp,vbd_mpa_r20170830.shp,VNF-VBD_npp_20120301-20151231_global_asia-enhanced_c201607211230.bitmask,vbd_landsea_r20220824.mask,timezone.shp,VBD_platforms-recurring_2015_r20170330.shp,999999,VBD_bridges_c20160811.shp,8.205034;6.250037;3.961037;-0.911653;1.234481;3.316336,95.108154;108.904648;122.486862;121.346123;107.783257;94.088097,npp_d20250830_t1814301_e1815542_b71723;npp_d20250830_t1815555_e1817196_b71723;npp_d20250830_t1817209_e1818451_b71723;npp_d20250830_t1818463_e1820105_b71723,157.764,49.7779,41.5255,98.2783,117.957,-115.835
583,VBD_npp_d20250830_t1816189_x1030552E_y056964N_l0215_s1206_v23,2025-08-30 20:43:22,5.696360,103.055214,4.73934,2025-08-30 18:16:18,2025-08-31 02:16:18,215,1206,0.380225,1,2401,0.355102,0.055,0.88309,0.4,0.920152,0.75,3.75326e-17,0.0001,8.01294e-13,999999,999999,3,Malaysian Exclusive Economic Zone,,,SVDNB_npp_d20250830_t1815555_e1817196_b71723_c20250830194309340000_oeac_ops.h5,GDNBO_npp_d20250830_t1815555_e1817196_b71723_c20250830194045994000_oeac_ops.h5,SVI04_npp_d20250830_t1815555_e1817196_b71723_c20250830194317740000_oeac_ops.dspace_rad,,eez_v11.shp,WPP_BFAR_merge.shp,vbd_mpa_r20170830.shp,VNF-VBD_npp_20120301-20151231_global_asia-enhanced_c201607211230.bitmask,vbd_landsea_r20220824.mask,timezone.shp,VBD_platforms-recurring_2015_r20170330.shp,999999,VBD_bridges_c20160811.shp,8.205034;6.250037;3.961037;-0.911653;1.234481;3.316336,95.108154;108.904648;122.486862;121.346123;107.783257;94.088097,npp_d20250830_t1814301_e1815542_b71723;npp_d20250830_t1815555_e1817196_b71723;npp_d20250830_t1817209_e1818451_b71723;npp_d20250830_t1818463_e1820105_b71723,157.751,49.7925,41.4532,98.3481,117.972,-115.835
584,VBD_npp_d20250830_t1816100_x1031803E_y062093N_l0136_s1208_v23,2025-08-30 20:43:22,6.209254,103.180344,5.79421,2025-08-30 18:16:10,2025-08-31 02:16:10,136,1208,0.350919,1,2401,0.403421,0.055,0.81385,0.4,0.948526,0.75,2.88776e-17,0.0001,8.22338e-13,999999,999999,3,Malaysian Exclusive Economic Zone,,,SVDNB_npp_d20250830_t1815555_e1817196_b71723_c20250830194309340000_oeac_ops.h5,GDNBO_npp_d20250830_t1815555_e1817196_b71723_c20250830194045994000_oeac_ops.h5,SVI04_npp_d20250830_t1815555_e1817196_b71723_c20250830194317740000_oeac_ops.dspace_rad,,eez_v11.shp,WPP_BFAR_merge.shp,vbd_mpa_r20170830.shp,VNF-VBD_npp_20120301-20151231_global_asia-enhanced_c201607211230.bitmask,vbd_landsea_r20220824.mask,timezone.shp,VBD_platforms-recurring_2015_r20170330.shp,999999,VBD_bridges_c20160811.shp,8.205034;6.250037;3.961037;-0.911653;1.234481;3.316336,95.108154;108.904648;122.486862;121.346123;107.783257;94.088097,npp_d20250830_t1814301_e1815542_b71723;npp_d20250830_t1815555_e1817196_b71723;npp_d20250830_t1817209_e1818451_b71723;npp_d20250830_t1818463_e1820105_b71723,157.35,48.9971,41.381,98.2406,118.272,-115.606
585,VBD_npp_d20250830_t1816189_x1030739E_y056869N_l0216_s1209_v23,2025-08-30 20:43:22,5.686890,103.073914,13.1709,2025-08-30 18:16:18,2025-08-31 02:16:18,216,1209,0.382003,1,2401,0.659565,0.055,0.905085,0.4,0.970024,0.75,3.70999e-17,0.0001,7.88061e-13,999999,999999,3,Malaysian Exclusive Economic Zone,,,SVDNB_npp_d20250830_t1815555_e1817196_b71723_c20250830194309340000_oeac_ops.h5,GDNBO_npp_d20250830_t1815555_e1817196_b71723_c20250830194045994000_oeac_ops.h5,SVI04_npp_d20250830_t1815555_e1817196_b71723_c20250830194317740000_oeac_ops.dspace_rad,,eez_v11.shp,WPP_BFAR_merge.shp,vbd_mpa_r20170830.shp,VNF-VBD_npp_20120301-20151231_global_asia-enhanced_c201607211230.bitmask,vbd_landsea_r20220824.mask,timezone.shp,VBD_platforms-recurring_2015_r20170330.shp,999999,VBD_bridges_c20160811.shp,8.205034;6.250037;3.961037;-0.911653;1.234481;3.316336,95.108154;108.904648;122.486862;121.346123;107.783257;94.088097,npp_d20250830_t1814301_e1815542_b71723;npp_d20250830_t1815555_e1817196_b71723;npp_d20250830_t1817209_e1818451_b71723;npp_d20250830_t1818463_e1820105_b71723,157.743,49.8414,41.3442,98.2824,117.984,-115.842
586,VBD_npp_d20250830_t1816189_x1030916E_y057123N_l0212_s1211_v23,2025-08-30 20:43:22,5.712279,103.091637,8.2538,2025-08-30 18:16:18,2025-08-31 02:16:18,212,1211,0.382856,1,2401,0.521486,0.055,0.891672,0.4,0.951714,0.75,3.64827e-17,0.0001,7.91614e-13,999999,999999,3,Malaysian Exclusive Economic Zone,,,SVDNB_npp_d20250830_t1815555_e1817196_b71723_c20250830194309340000_oeac_ops.h5,GDNBO_npp_d20250830_t1815555_e1817196_b71723_c20250830194045994000_oeac_ops.h5,SVI04_npp_d20250830_t1815555_e1817196_b71723_c20250830194317740000_oeac_ops.dspace_rad,,eez_v11.shp,WPP_BFAR_merge.shp,vbd_mpa_r20170830.shp,VNF-VBD_npp_20120301-20151231_global_asia-enhanced_c201607211230.bitmask,vbd_landsea_r20220824.mask,timezone.shp,VBD_platforms-recurring_2015_r20170330.shp,999999,VBD_bridges_c20160811.shp,8.205034;6.250037;3.961037;-0.911653;1.234481;3.316336,95.108154;108.904648;122.486862;121.346123;107.783257;94.088097,npp_d20250830_t1814301_e1815542_b71723;npp_d20250830_t1815555_e1817196_b71723;npp_d20250830_t1817209_e1818451_b71723;npp_d20250830_t1818463_e1820105_b71723,157.713,49.8235,41.2682,98.5672,118.011,-115.832
587,VBD_npp_d20250830_t1816189_x1030991E_y056692N_l0218_s1213_v23,2025-08-30 20:43:22,5.669177,103.099113,4.82034,2025-08-30 18:16:18,2025-08-31 02:16:18,218,1213,0.379158,1,2401,0.340151,0.055,0.898068,0.4,0.906984,0.75,3.65664e-17,0.0001,7.68443e-13,999999,999999,3,Malaysian Exclusive Economic Zone,,,SVDNB_npp_d20250830_t1815555_e1817196_b71723_c20250830194309340000_oeac_ops.h5,GDNBO_npp_d20250830_t1815555_e1817196_b71723_c20250830194045994000_oeac_ops.h5,SVI04_npp_d20250830_t1815555_e1817196_b71723_c20250830194317740000_oeac_ops.dspace_rad,,eez_v11.shp,WPP_BFAR_merge.shp,vbd_mpa_r20170830.shp,VNF-VBD_npp_20120301-20151231_global_asia-enhanced_c201607211230.bitmask,vbd_landsea_r20220824.mask,timezone.shp,VBD_platforms-recurring_2015_r20170330.shp,999999,VBD_bridges_c20160811.shp,8.205034;6.250037;3.961037;-0.911653;1.234481;3.316336,95.108154;108.904648;122.486862;121.346123;107.783257;94.088097,npp_d20250830_t1814301_e1815542_b71723;npp_d20250830_t1815555_e1817196_b71723;npp_d20250830_t1817209_e1818451_b71723;npp_d20250830_t1818463_e1820105_b71723,157.735,49.9164,41.193,98.143,117.999,-115.853
588,VBD_npp_d20250830_t1816189_x1031117E_y056603N_l0219_s1215_v23,2025-08-30 20:43:22,5.660344,103.111687,3.48061,2025-08-30 18:16:18,2025-08-31 02:16:18,219,1215,0.343663,1,2401,0.257269,0.055,0.824765,0.4,0.874379,0.75,3.62977e-17,0.0001,7.58891e-13,999999,999999,3,Malaysian Exclusive Economic Zone,,,SVDNB_npp_d20250830_t1815555_e1817196_b71723_c20250830194309340000_oeac_ops.h5,GDNBO_npp_d20250830_t1815555_e1817196_b71723_c20250830194045994000_oeac_ops.h5,SVI04_npp_d20250830_t1815555_e1817196_b71723_c20250830194317740000_oeac_ops.dspace_rad,,eez_v11.shp,WPP_BFAR_merge.shp,vbd_mpa_r20170830.shp,VNF-VBD_npp_20120301-20151231_global_asia-enhanced_c201607211230.bitmask,vbd_landsea_r20220824.mask,timezone.shp,VBD_platforms-recurring_2015_r20170330.shp,999999,VBD_bridges_c20160811.shp,8.205034;6.250037;3.961037;-0.911653;1.234481;3.316336,95.108154;108.904648;122.486862;121.346123;107.783257;94.088097,npp_d20250830_t1814301_e1815542_b71723;npp_d20250830_t1815555_e1817196_b71723;npp_d20250830_t1817209_e1818451_b71723;npp_d20250830_t1818463_e1820105_b71723,157.731,49.9538,41.1174,98.073,118.006,-115.859
589,VBD_npp_d20250830_t1816100_x1032388E_y062287N_l0132_s1216_v23,2025-08-30 20:43:22,6.228713,103.238777,1.26142,2025-08-30 18:16:10,2025-08-31 02:16:10,132,1216,0.300985,8,18721,0.0834628,0.055,0.598508,0.4,0.656368,0.75,2.7378e-17,0.0001,8.03479e-13,999999,999999,3,Malaysian Exclusive Economic Zone,,,SVDNB_npp_d20250830_t1815555_e1817196_b71723_c20250830194309340000_oeac_ops.h5,GDNBO_npp_d20250830_t1815555_e1817196_b71723_c20250830194045994000_oeac_ops.h5,SVI04_npp_d20250830_t1815555_e1817196_b71723_c20250830194317740000_oeac_ops.dspace_rad,,eez_v11.shp,WPP_BFAR_merge.shp,vbd_mpa_r20170830.shp,VNF-VBD_npp_20120301-20151231_global_asia-enhanced_c201607211230.bitmask,vbd_landsea_r20220824.mask,timezone.shp,VBD_platforms-recurring_2015_r20170330.shp,0.323374,VBD_bridges_c20160811.shp,8.205034;6.250037;3.961037;-0.911653;1.234481;3.316336,95.108154;108.904648;122.486862;121.346123;107.783257;94.088097,npp_d20250830_t1814301_e1815542_b71723;npp_d20250830_t1815555_e1817196_b71723;npp_d20250830_t1817209_e1818451_b71723;npp_d20250830_t1818463_e1820105_b71723,157.294,49.0594,41.0785,98.5318,118.332,-115.604
590,VBD_npp_d20250830_t1816189_x1031195E_y056662N_l0218_s1216_v23,2025-08-30 20:43:22,5.666185,103.119499,1.3486,2025-08-30 18:16:18,2025-08-31 02:16:18,218,1216,0.341103,2,2337,0.0930786,0.055,0.854657,0.4,0.674895,0.75,3.606e-17,0.0001,7.58018e-13,999999,999999,3,Malaysian Exclusive Economic Zone,,,SVDNB_npp_d20250830_t1815555_e1817196_b71723_c20250830194309340000_oeac_ops.h5,GDNBO_npp_d20250830_t1815555_e1817196_b71723_c20250830194045994000_oeac_ops.h5,SVI04_npp_d20250830_t1815555_e1817196_b71723_c20250830194317740000_oeac_ops.dspace_rad,,eez_v11.shp,WPP_BFAR_merge.shp,vbd_mpa_r20170830.shp,VNF-VBD_npp_20120301-20151231_global_asia-enhanced_c201607211230.bitmask,vbd_landsea_r20220824.mask,timezone.shp,VBD_platforms-recurring_2015_r20170330.shp,999999,VBD_bridges_c20160811.shp,8.205034;6.250037;3.961037;-0.911653;1.234481;3.316336,95.108154;108.904648;122.486862;121.346123;107.783257;94.088097,npp_d20250830_t1814301_e1815542_b71723;npp_d20250830_t1815555_e1817196_b71723;npp_d20250830_t1817209_e1818451_b71723;npp_d20250830_t1818463_e1820105_b71723,157.721,49.9559,41.0793,98.1446,118.016,-115.857
591,VBD_npp_d20250830_t1816046_x1033492E_y065489N_l0082_s1222_v23,2025-08-30 20:43:22,6.548891,103.349167,11.3742,2025-08-30 18:16:04,2025-08-31 01:16:04,82,1222,0.341743,8,18785,0.626513,0.055,0.876565,0.4,0.966764,0.75,2.16041e-17,0.0001,8.0481e-13,999999,999999,3,Malaysian Exclusive Economic Zone,,,SVDNB_npp_d20250830_t1815555_e1817196_b71723_c20250830194309340000_oeac_ops.h5,GDNBO_npp_d20250830_t1815555_e1817196_b71723_c20250830194045994000_oeac_ops.h5,SVI04_npp_d20250830_t1815555_e1817196_b71723_c20250830194317740000_oeac_ops.dspace_rad,,eez_v11.shp,WPP_BFAR_merge.shp,vbd_mpa_r20170830.shp,VNF-VBD_npp_20120301-20151231_global_asia-enhanced_c201607211230.bitmask,vbd_landsea_r20220824.mask,timezone.shp,VBD_platforms-recurring_2015_r20170330.shp,0.153886,VBD_bridges_c20160811.shp,8.205034;6.250037;3.961037;-0.911653;1.234481;3.316336,95.108154;108.904648;122.486862;121.346123;107.783257;94.088097,npp_d20250830_t1814301_e1815542_b71723;npp_d20250830_t1815555_e1817196_b71723;npp_d20250830_t1817209_e1818451_b71723;npp_d20250830_t1818463_e1820105_b71723,157.017,48.6338,40.851,98.6534,118.549,-115.463
592,VBD_npp_d20250830_t1816207_x1031514E_y055542N_l0234_s1224_v23,2025-08-30 20:43:22,5.554150,103.151367,2.42926,2025-08-30 18:16:20,2025-08-31 02:16:20,234,1224,0.349923,1,2401,0.17876,0.055,0.858788,0.4,0.763367,0.75,3.57671e-17,0.0001,7.2577e-13,999999,999999,3,Malaysian Exclusive Economic Zone,,,SVDNB_npp_d20250830_t1815555_e1817196_b71723_c20250830194309340000_oeac_ops.h5,GDNBO_npp_d20250830_t1815555_e1817196_b71723_c20250830194045994000_oeac_ops.h5,SVI04_npp_d20250830_t1815555_e1817196_b71723_c20250830194317740000_oeac_ops.dspace_rad,,eez_v11.shp,WPP_BFAR_merge.shp,vbd_mpa_r20170830.shp,VNF-VBD_npp_20120301-20151231_global_asia-enhanced_c201607211230.bitmask,vbd_landsea_r20220824.mask,timezone.shp,VBD_platforms-recurring_2015_r20170330.shp,999999,VBD_bridges_c20160811.shp,8.205034;6.250037;3.961037;-0.911653;1.234481;3.316336,95.108154;108.904648;122.486862;121.346123;107.783257;94.088097,npp_d20250830_t1814301_e1815542_b71723;npp_d20250830_t1815555_e1817196_b71723;npp_d20250830_t1817209_e1818451_b71723;npp_d20250830_t1818463_e1820105_b71723,157.763,50.231,40.7737,98.1595,118.002,-115.914
593,VBD_npp_d20250830_t1816207_x1031642E_y055940N_l0228_s1225_v23,2025-08-30 20:43:22,5.593993,103.164192,3.60384,2025-08-30 18:16:20,2025-08-31 02:16:20,228,1225,0.147555,1,2401,0.253038,0.055,0.83936,0.4,0.807107,0.75,3.51986e-17,0.0001,7.37278e-13,999999,999999,3,Malaysian Exclusive Economic Zone,,,SVDNB_npp_d20250830_t1815555_e1817196_b71723_c20250830194309340000_oeac_ops.h5,GDNBO_npp_d20250830_t1815555_e1817196_b71723_c20250830194045994000_oeac_ops.h5,SVI04_npp_d20250830_t1815555_e1817196_b71723_c20250830194317740000_oeac_ops.dspace_rad,,eez_v11.shp,WPP_BFAR_merge.shp,vbd_mpa_r20170830.shp,VNF-VBD_npp_20120301-20151231_global_asia-enhanced_c201607211230.bitmask,vbd_landsea_r20220824.mask,timezone.shp,VBD_platforms-recurring_2015_r20170330.shp,999999,VBD_bridges_c20160811.shp,8.205034;6.250037;3.961037;-0.911653;1.234481;3.316336,95.108154;108.904648;122.486862;121.346123;107.783257;94.088097,npp_d20250830_t1814301_e1815542_b71723;npp_d20250830_t1815555_e1817196_b71723;npp_d20250830_t1817209_e1818451_b71723;npp_d20250830_t1818463_e1820105_b71723,157.728,50.1774,40.7353,98.5899,118.031,-115.897
594,VBD_npp_d20250830_t1816207_x1031611E_y055736N_l0231_s1225_v23,2025-08-30 20:43:22,5.573577,103.161148,7.0663,2025-08-30 18:16:20,2025-08-31 02:16:20,231,1225,0.213565,1,2401,0.445712,0.055,0.858788,0.4,0.901199,0.75,3.53959e-17,0.0001,7.29871e-13,999999,999999,3,Malaysian Exclusive Economic Zone,,,SVDNB_npp_d20250830_t1815555_e1817196_b71723_c20250830194309340000_oeac_ops.h5,GDNBO_npp_d20250830_t1815555_e1817196_b71723_c20250830194045994000_oeac_ops.h5,SVI04_npp_d20250830_t1815555_e1817196_b71723_c20250830194317740000_oeac_ops.dspace_rad,,eez_v11.shp,WPP_BFAR_merge.shp,vbd_mpa_r20170830.shp,VNF-VBD_npp_20120301-20151231_global_asia-enhanced_c201607211230.bitmask,vbd_landsea_r20220824.mask,timezone.shp,VBD_platforms-recurring_2015_r20170330.shp,999999,VBD_bridges_c20160811.shp,8.205034;6.250037;3.961037;-0.911653;1.234481;3.316336,95.108154;108.904648;122.486862;121.346123;107.783257;94.088097,npp_d20250830_t1814301_e1815542_b71723;npp_d20250830_t1815555_e1817196_b71723;npp_d20250830_t1817209_e1818451_b71723;npp_d20250830_t1818463_e1820105_b71723,157.743,50.2107,40.7354,98.3749,118.019,-115.906
595,VBD_npp_d20250830_t1816207_x1031571E_y055464N_l0235_s1225_v23,2025-08-30 20:43:22,5.546357,103.157066,4.84494,2025-08-30 18:16:20,2025-08-31 02:16:20,235,1225,0.311939,1,2401,0.321609,0.055,0.838347,0.4,0.876699,0.75,3.56591e-17,0.0001,7.20161e-13,999999,999999,3,Malaysian Exclusive Economic Zone,,,SVDNB_npp_d20250830_t1815555_e1817196_b71723_c20250830194309340000_oeac_ops.h5,GDNBO_npp_d20250830_t1815555_e1817196_b71723_c20250830194045994000_oeac_ops.h5,SVI04_npp_d20250830_t1815555_e1817196_b71723_c20250830194317740000_oeac_ops.dspace_rad,,eez_v11.shp,WPP_BFAR_merge.shp,vbd_mpa_r20170830.shp,VNF-VBD_npp_20120301-20151231_global_asia-enhanced_c201607211230.bitmask,vbd_landsea_r20220824.mask,timezone.shp,VBD_platforms-recurring_2015_r20170330.shp,999999,VBD_bridges_c20160811.shp,8.205034;6.250037;3.961037;-0.911653;1.234481;3.316336,95.108154;108.904648;122.486862;121.346123;107.783257;94.088097,npp_d20250830_t1814301_e1815542_b71723;npp_d20250830_t1815555_e1817196_b71723;npp_d20250830_t1817209_e1818451_b71723;npp_d20250830_t1818463_e1820105_b71723,157.764,50.2551,40.7362,98.0884,118.004,-115.918
596,VBD_npp_d20250830_t1816207_x1031540E_y055259N_l0238_s1225_v23,2025-08-30 20:43:22,5.525942,103.153999,1.82592,2025-08-30 18:16:20,2025-08-31 02:16:20,238,1225,0.383283,1,2401,0.12461,0.055,0.838347,0.4,0.765406,0.75,3.58564e-17,0.0001,7.13e-13,999999,999999,3,Malaysian Exclusive Economic Zone,,,SVDNB_npp_d20250830_t1815555_e1817196_b71723_c20250830194309340000_oeac_ops.h5,GDNBO_npp_d20250830_t1815555_e1817196_b71723_c20250830194045994000_oeac_ops.h5,SVI04_npp_d20250830_t1815555_e1817196_b71723_c20250830194317740000_oeac_ops.dspace_rad,,eez_v11.shp,WPP_BFAR_merge.shp,vbd_mpa_r20170830.shp,VNF-VBD_npp_20120301-20151231_global_asia-enhanced_c201607211230.bitmask,vbd_landsea_r20220824.mask,timezone.shp,VBD_platforms-recurring_2015_r20170330.shp,999999,VBD_bridges_c20160811.shp,8.205034;6.250037;3.961037;-0.911653;1.234481;3.316336,95.108154;108.904648;122.486862;121.346123;107.783257;94.088097,npp_d20250830_t1814301_e1815542_b71723;npp_d20250830_t1815555_e1817196_b71723;npp_d20250830_t1817209_e1818451_b71723;npp_d20250830_t1818463_e1820105_b71723,157.779,50.2884,40.7373,97.8735,117.992,-115.927
597,VBD_npp_d20250830_t1816207_x1031520E_y055123N_l0240_s1225_v23,2025-08-30 20:43:22,5.512333,103.151955,2.1062,2025-08-30 18:16:20,2025-08-31 02:16:20,240,1225,0.395731,1,2401,0.15435,0.055,0.777464,0.4,0.785329,0.75,3.59879e-17,0.0001,7.08284e-13,999999,999999,3,Malaysian Exclusive Economic Zone,,,SVDNB_npp_d20250830_t1815555_e1817196_b71723_c20250830194309340000_oeac_ops.h5,GDNBO_npp_d20250830_t1815555_e1817196_b71723_c20250830194045994000_oeac_ops.h5,SVI04_npp_d20250830_t1815555_e1817196_b71723_c20250830194317740000_oeac_ops.dspace_rad,,eez_v11.shp,WPP_BFAR_merge.shp,vbd_mpa_r20170830.shp,VNF-VBD_npp_20120301-20151231_global_asia-enhanced_c201607211230.bitmask,vbd_landsea_r20220824.mask,timezone.shp,VBD_platforms-recurring_2015_r20170330.shp,999999,VBD_bridges_c20160811.shp,8.205034;6.250037;3.961037;-0.911653;1.234481;3.316336,95.108154;108.904648;122.486862;121.346123;107.783257;94.088097,npp_d20250830_t1814301_e1815542_b71723;npp_d20250830_t1815555_e1817196_b71723;npp_d20250830_t1817209_e1818451_b71723;npp_d20250830_t1818463_e1820105_b71723,157.789,50.3107,40.7383,97.7302,117.984,-115.933
598,VBD_npp_d20250830_t1816224_x1031513E_y055090N_l0241_s1226_v23,2025-08-30 20:43:22,5.508955,103.151268,2.58223,2025-08-30 18:16:22,2025-08-31 02:16:22,241,1226,0.407468,1,2401,0.193502,0.055,0.777464,0.4,0.848922,0.75,3.58776e-17,0.0001,7.35899e-13,999999,999999,3,Malaysian Exclusive Economic Zone,,,SVDNB_npp_d20250830_t1815555_e1817196_b71723_c20250830194309340000_oeac_ops.h5,GDNBO_npp_d20250830_t1815555_e1817196_b71723_c20250830194045994000_oeac_ops.h5,SVI04_npp_d20250830_t1815555_e1817196_b71723_c20250830194317740000_oeac_ops.dspace_rad,,eez_v11.shp,WPP_BFAR_merge.shp,vbd_mpa_r20170830.shp,VNF-VBD_npp_20120301-20151231_global_asia-enhanced_c201607211230.bitmask,vbd_landsea_r20220824.mask,timezone.shp,VBD_platforms-recurring_2015_r20170330.shp,999999,VBD_bridges_c20160811.shp,8.205034;6.250037;3.961037;-0.911653;1.234481;3.316336,95.108154;108.904648;122.486862;121.346123;107.783257;94.088097,npp_d20250830_t1814301_e1815542_b71723;npp_d20250830_t1815555_e1817196_b71723;npp_d20250830_t1817209_e1818451_b71723;npp_d20250830_t1818463_e1820105_b71723,157.786,50.3282,40.6978,98.8123,117.989,-115.935
599,VBD_npp_d20250830_t1816207_x1031705E_y055444N_l0235_s1227_v23,2025-08-30 20:43:22,5.544391,103.170479,3.23399,2025-08-30 18:16:20,2025-08-31 02:16:20,235,1227,0.205883,1,2401,0.216375,0.055,0.830474,0.4,0.812497,0.75,3.53107e-17,0.0001,7.13861e-13,999999,999999,3,Malaysian Exclusive Economic Zone,,,SVDNB_npp_d20250830_t1815555_e1817196_b71723_c20250830194309340000_oeac_ops.h5,GDNBO_npp_d20250830_t1815555_e1817196_b71723_c20250830194045994000_oeac_ops.h5,SVI04_npp_d20250830_t1815555_e1817196_b71723_c20250830194317740000_oeac_ops.dspace_rad,,eez_v11.shp,WPP_BFAR_merge.shp,vbd_mpa_r20170830.shp,VNF-VBD_npp_20120301-20151231_global_asia-enhanced_c201607211230.bitmask,vbd_landsea_r20220824.mask,timezone.shp,VBD_platforms-recurring_2015_r20170330.shp,999999,VBD_bridges_c20160811.shp,8.205034;6.250037;3.961037;-0.911653;1.234481;3.316336,95.108154;108.904648;122.486862;121.346123;107.783257;94.088097,npp_d20250830_t1814301_e1815542_b71723;npp_d20250830_t1815555_e1817196_b71723;npp_d20250830_t1817209_e1818451_b71723;npp_d20250830_t1818463_e1820105_b71723,157.755,50.2809,40.6606,98.0893,118.015,-115.921
600,VBD_npp_d20250830_t1816207_x1031684E_y055308N_l0237_s1227_v23,2025-08-30 20:43:22,5.530794,103.168434,2.97218,2025-08-30 18:16:20,2025-08-31 02:16:20,237,1227,0.255603,1,2401,0.210718,0.055,0.830474,0.4,0.835179,0.75,3.5441e-17,0.0001,7.09129e-13,999999,999999,3,Malaysian Exclusive Economic Zone,,,SVDNB_npp_d20250830_t1815555_e1817196_b71723_c20250830194309340000_oeac_ops.h5,GDNBO_npp_d20250830_t1815555_e1817196_b71723_c20250830194045994000_oeac_ops.h5,SVI04_npp_d20250830_t1815555_e1817196_b71723_c20250830194317740000_oeac_ops.dspace_rad,,eez_v11.shp,WPP_BFAR_merge.shp,vbd_mpa_r20170830.shp,VNF-VBD_npp_20120301-20151231_global_asia-enhanced_c201607211230.bitmask,vbd_landsea_r20220824.mask,timezone.shp,VBD_platforms-recurring_2015_r20170330.shp,999999,VBD_bridges_c20160811.shp,8.205034;6.250037;3.961037;-0.911653;1.234481;3.316336,95.108154;108.904648;122.486862;121.346123;107.783257;94.088097,npp_d20250830_t1814301_e1815542_b71723;npp_d20250830_t1815555_e1817196_b71723;npp_d20250830_t1817209_e1818451_b71723;npp_d20250830_t1818463_e1820105_b71723,157.765,50.3031,40.6613,97.9458,118.007,-115.927
601,VBD_npp_d20250830_t1816207_x1031946E_y055686N_l0231_s1230_v23,2025-08-30 20:43:22,5.568603,103.194618,2.3587,2025-08-30 18:16:20,2025-08-31 02:16:20,231,1230,0.126714,1,2401,0.145364,0.055,0.850326,0.4,0.772403,0.75,3.45313e-17,0.0001,7.14013e-13,999999,999999,3,Malaysian Exclusive Economic Zone,,,SVDNB_npp_d20250830_t1815555_e1817196_b71723_c20250830194309340000_oeac_ops.h5,GDNBO_npp_d20250830_t1815555_e1817196_b71723_c20250830194045994000_oeac_ops.h5,SVI04_npp_d20250830_t1815555_e1817196_b71723_c20250830194317740000_oeac_ops.dspace_rad,,eez_v11.shp,WPP_BFAR_merge.shp,vbd_mpa_r20170830.shp,VNF-VBD_npp_20120301-20151231_global_asia-enhanced_c201607211230.bitmask,vbd_landsea_r20220824.mask,timezone.shp,VBD_platforms-recurring_2015_r20170330.shp,999999,VBD_bridges_c20160811.shp,8.205034;6.250037;3.961037;-0.911653;1.234481;3.316336,95.108154;108.904648;122.486862;121.346123;107.783257;94.088097,npp_d20250830_t1814301_e1815542_b71723;npp_d20250830_t1815555_e1817196_b71723;npp_d20250830_t1817209_e1818451_b71723;npp_d20250830_t1818463_e1820105_b71723,157.721,50.2753,40.5464,98.3783,118.047,-115.912
602,VBD_npp_d20250830_t1816207_x1031865E_y055143N_l0239_s1230_v23,2025-08-30 20:43:22,5.514290,103.186470,2.71839,2025-08-30 18:16:20,2025-08-31 02:16:20,239,1230,0.230636,2,2337,0.162581,0.055,0.772007,0.4,0.73225,0.75,3.50448e-17,0.0001,6.95306e-13,999999,999999,3,Malaysian Exclusive Economic Zone,,,SVDNB_npp_d20250830_t1815555_e1817196_b71723_c20250830194309340000_oeac_ops.h5,GDNBO_npp_d20250830_t1815555_e1817196_b71723_c20250830194045994000_oeac_ops.h5,SVI04_npp_d20250830_t1815555_e1817196_b71723_c20250830194317740000_oeac_ops.dspace_rad,,eez_v11.shp,WPP_BFAR_merge.shp,vbd_mpa_r20170830.shp,VNF-VBD_npp_20120301-20151231_global_asia-enhanced_c201607211230.bitmask,vbd_landsea_r20220824.mask,timezone.shp,VBD_platforms-recurring_2015_r20170330.shp,999999,VBD_bridges_c20160811.shp,8.205034;6.250037;3.961037;-0.911653;1.234481;3.316336,95.108154;108.904648;122.486862;121.346123;107.783257;94.088097,npp_d20250830_t1814301_e1815542_b71723;npp_d20250830_t1815555_e1817196_b71723;npp_d20250830_t1817209_e1818451_b71723;npp_d20250830_t1818463_e1820105_b71723,157.762,50.364,40.5489,97.8029,118.016,-115.937
610,VBD_npp_d20250830_t1816029_x1037447E_y065709N_l0070_s1279_v23,2025-08-30 20:43:22,6.570915,103.744705,6.58472,2025-08-30 18:16:02,2025-08-31 01:16:02,70,1279,0.258306,8,18785,0.430176,0.055,0.798886,0.4,0.933941,0.75,1.50217e-17,0.0001,6.26564e-13,999999,999999,3,Malaysian Exclusive Economic Zone,,,SVDNB_npp_d20250830_t1815555_e1817196_b71723_c20250830194309340000_oeac_ops.h5,GDNBO_npp_d20250830_t1815555_e1817196_b71723_c20250830194045994000_oeac_ops.h5,SVI04_npp_d20250830_t1815555_e1817196_b71723_c20250830194317740000_oeac_ops.dspace_rad,,eez_v11.shp,WPP_BFAR_merge.shp,vbd_mpa_r20170830.shp,VNF-VBD_npp_20120301-20151231_global_asia-enhanced_c201607211230.bitmask,vbd_landsea_r20220824.mask,timezone.shp,VBD_platforms-recurring_2015_r20170330.shp,0.335762,VBD_bridges_c20160811.shp,8.205034;6.250037;3.961037;-0.911653;1.234481;3.316336,95.108154;108.904648;122.486862;121.346123;107.783257;94.088097,npp_d20250830_t1814301_e1815542_b71723;npp_d20250830_t1815555_e1817196_b71723;npp_d20250830_t1817209_e1818451_b71723;npp_d20250830_t1818463_e1820105_b71723,156.712,49.2321,38.6863,98.4141,118.904,-115.496
611,VBD_npp_d20250830_t1815593_x1038757E_y067044N_l0047_s1293_v23,2025-08-30 20:43:22,6.704370,103.875679,2.66046,2025-08-30 18:15:59,2025-08-31 01:15:59,47,1293,0.402844,1,2401,0.219967,0.055,0.747494,0.4,0.905446,0.75,1.26254e-17,0.0001,5.81895e-13,999999,999999,3,Malaysian Exclusive Economic Zone,,,SVDNB_npp_d20250830_t1815555_e1817196_b71723_c20250830194309340000_oeac_ops.h5,GDNBO_npp_d20250830_t1815555_e1817196_b71723_c20250830194045994000_oeac_ops.h5,SVI04_npp_d20250830_t1815555_e1817196_b71723_c20250830194317740000_oeac_ops.dspace_rad,,eez_v11.shp,WPP_BFAR_merge.shp,vbd_mpa_r20170830.shp,VNF-VBD_npp_20120301-20151231_global_asia-enhanced_c201607211230.bitmask,vbd_landsea_r20220824.mask,timezone.shp,VBD_platforms-recurring_2015_r20170330.shp,999999,VBD_bridges_c20160811.shp,8.205034;6.250037;3.961037;-0.911653;1.234481;3.316336,95.108154;108.904648;122.486862;121.346123;107.783257;94.088097,npp_d20250830_t1814301_e1815542_b71723;npp_d20250830_t1815555_e1817196_b71723;npp_d20250830_t1817209_e1818451_b71723;npp_d20250830_t1818463_e1820105_b71723,156.537,49.1861,38.1281,97.7089,119.064,-115.444
612,VBD_npp_d20250830_t1816064_x1038183E_y063655N_l0099_s1296_v23,2025-08-30 20:43:22,6.365452,103.818298,8.37611,2025-08-30 18:16:06,2025-08-31 01:16:06,99,1296,0.391606,4,51557,0.515989,0.055,0.835459,0.4,0.928746,0.75,1.50606e-17,0.0001,5.82011e-13,999999,999999,3,Malaysian Exclusive Economic Zone,,,SVDNB_npp_d20250830_t1815555_e1817196_b71723_c20250830194309340000_oeac_ops.h5,GDNBO_npp_d20250830_t1815555_e1817196_b71723_c20250830194045994000_oeac_ops.h5,SVI04_npp_d20250830_t1815555_e1817196_b71723_c20250830194317740000_oeac_ops.dspace_rad,,eez_v11.shp,WPP_BFAR_merge.shp,vbd_mpa_r20170830.shp,VNF-VBD_npp_20120301-20151231_global_asia-enhanced_c201607211230.bitmask,vbd_landsea_r20220824.mask,timezone.shp,VBD_platforms-recurring_2015_r20170330.shp,0.225238,VBD_bridges_c20160811.shp,8.205034;6.250037;3.961037;-0.911653;1.234481;3.316336,95.108154;108.904648;122.486862;121.346123;107.783257;94.088097,npp_d20250830_t1814301_e1815542_b71723;npp_d20250830_t1815555_e1817196_b71723;npp_d20250830_t1817209_e1818451_b71723;npp_d20250830_t1818463_e1820105_b71723,156.779,49.7384,38.0003,98.6788,118.894,-115.605
613,VBD_npp_d20250830_t1815593_x1039026E_y067005N_l0047_s1297_v23,2025-08-30 20:43:22,6.700492,103.902649,3.58645,2025-08-30 18:15:59,2025-08-31 01:15:59,47,1297,0.397296,8,18785,0.289432,0.055,0.78815,0.4,0.926907,0.75,1.24117e-17,0.0001,5.72635e-13,999999,999999,3,Malaysian Exclusive Economic Zone,,,SVDNB_npp_d20250830_t1815555_e1817196_b71723_c20250830194309340000_oeac_ops.h5,GDNBO_npp_d20250830_t1815555_e1817196_b71723_c20250830194045994000_oeac_ops.h5,SVI04_npp_d20250830_t1815555_e1817196_b71723_c20250830194317740000_oeac_ops.dspace_rad,,eez_v11.shp,WPP_BFAR_merge.shp,vbd_mpa_r20170830.shp,VNF-VBD_npp_20120301-20151231_global_asia-enhanced_c201607211230.bitmask,vbd_landsea_r20220824.mask,timezone.shp,VBD_platforms-recurring_2015_r20170330.shp,0.29761,VBD_bridges_c20160811.shp,8.205034;6.250037;3.961037;-0.911653;1.234481;3.316336,95.108154;108.904648;122.486862;121.346123;107.783257;94.088097,npp_d20250830_t1814301_e1815542_b71723;npp_d20250830_t1815555_e1817196_b71723;npp_d20250830_t1817209_e1818451_b71723;npp_d20250830_t1818463_e1820105_b71723,156.52,49.2364,37.9675,97.7099,119.087,-115.449
622,VBD_npp_d20250830_t1816135_x1038659E_y059204N_l0164_s1317_v23,2025-08-30 20:43:22,5.920404,103.865875,4.57577,2025-08-30 18:16:13,2025-08-31 02:16:13,164,1317,0.276516,1,2401,0.333633,0.055,0.828303,0.4,0.920825,0.75,1.8011e-17,0.0001,5.20984e-13,999999,999999,3,Malaysian Exclusive Economic Zone,,,SVDNB_npp_d20250830_t1815555_e1817196_b71723_c20250830194309340000_oeac_ops.h5,GDNBO_npp_d20250830_t1815555_e1817196_b71723_c20250830194045994000_oeac_ops.h5,SVI04_npp_d20250830_t1815555_e1817196_b71723_c20250830194317740000_oeac_ops.dspace_rad,,eez_v11.shp,WPP_BFAR_merge.shp,vbd_mpa_r20170830.shp,VNF-VBD_npp_20120301-20151231_global_asia-enhanced_c201607211230.bitmask,vbd_landsea_r20220824.mask,timezone.shp,VBD_platforms-recurring_2015_r20170330.shp,999999,VBD_bridges_c20160811.shp,8.205034;6.250037;3.961037;-0.911653;1.234481;3.316336,95.108154;108.904648;122.486862;121.346123;107.783257;94.088097,npp_d20250830_t1814301_e1815542_b71723;npp_d20250830_t1815555_e1817196_b71723;npp_d20250830_t1817209_e1818451_b71723;npp_d20250830_t1818463_e1820105_b71723,157.005,50.6632,37.1604,98.65,118.77,-115.828
624,VBD_npp_d20250830_t1816135_x1038876E_y059309N_l0162_s1320_v23,2025-08-30 20:43:22,5.930855,103.887604,10.9682,2025-08-30 18:16:13,2025-08-31 02:16:13,162,1320,0.303261,1,2401,0.584018,0.055,0.84539,0.4,0.948233,0.75,1.76258e-17,0.0001,5.18431e-13,999999,999999,3,Malaysian Exclusive Economic Zone,,,SVDNB_npp_d20250830_t1815555_e1817196_b71723_c20250830194309340000_oeac_ops.h5,GDNBO_npp_d20250830_t1815555_e1817196_b71723_c20250830194045994000_oeac_ops.h5,SVI04_npp_d20250830_t1815555_e1817196_b71723_c20250830194317740000_oeac_ops.dspace_rad,,eez_v11.shp,WPP_BFAR_merge.shp,vbd_mpa_r20170830.shp,VNF-VBD_npp_20120301-20151231_global_asia-enhanced_c201607211230.bitmask,vbd_landsea_r20220824.mask,timezone.shp,VBD_platforms-recurring_2015_r20170330.shp,999999,VBD_bridges_c20160811.shp,8.205034;6.250037;3.961037;-0.911653;1.234481;3.316336,95.108154;108.904648;122.486862;121.346123;107.783257;94.088097,npp_d20250830_t1814301_e1815542_b71723;npp_d20250830_t1815555_e1817196_b71723;npp_d20250830_t1817209_e1818451_b71723;npp_d20250830_t1818463_e1820105_b71723,156.981,50.6787,37.0407,98.8127,118.794,-115.826
625,VBD_npp_d20250830_t1815557_x1041417E_y069771N_l0001_s1324_v23,2025-08-30 20:43:22,6.977077,104.141716,6.43186,2025-08-30 18:15:55,2025-08-31 01:15:55,1,1324,0.296432,1,35169,0.375325,0.055,0.893721,0.4,0.873312,0.75,8.98616e-18,0.0001,5.4652e-13,999999,999999,3,Vietnamese Exclusive Economic Zone,,,SVDNB_npp_d20250830_t1815555_e1817196_b71723_c20250830194309340000_oeac_ops.h5,GDNBO_npp_d20250830_t1815555_e1817196_b71723_c20250830194045994000_oeac_ops.h5,SVI04_npp_d20250830_t1815555_e1817196_b71723_c20250830194317740000_oeac_ops.dspace_rad,,eez_v11.shp,WPP_BFAR_merge.shp,vbd_mpa_r20170830.shp,VNF-VBD_npp_20120301-20151231_global_asia-enhanced_c201607211230.bitmask,vbd_landsea_r20220824.mask,timezone.shp,VBD_platforms-recurring_2015_r20170330.shp,999999,VBD_bridges_c20160811.shp,8.205034;6.250037;3.961037;-0.911653;1.234481;3.316336,95.108154;108.904648;122.486862;121.346123;107.783257;94.088097,npp_d20250830_t1814301_e1815542_b71723;npp_d20250830_t1815555_e1817196_b71723;npp_d20250830_t1817209_e1818451_b71723;npp_d20250830_t1818463_e1820105_b71723,156.17,49.1175,36.8813,98.8256,119.405,-115.339
626,VBD_npp_d20250830_t1815557_x1041603E_y069674N_l0002_s1327_v23,2025-08-30 20:43:22,6.967436,104.160347,9.43676,2025-08-30 18:15:55,2025-08-31 01:15:55,2,1327,0.286616,4,51557,0.477297,0.055,0.897701,0.4,0.911465,0.75,8.89738e-18,0.0001,5.38686e-13,999999,999999,3,Vietnamese Exclusive Economic Zone,,,SVDNB_npp_d20250830_t1815555_e1817196_b71723_c20250830194309340000_oeac_ops.h5,GDNBO_npp_d20250830_t1815555_e1817196_b71723_c20250830194045994000_oeac_ops.h5,SVI04_npp_d20250830_t1815555_e1817196_b71723_c20250830194317740000_oeac_ops.dspace_rad,,eez_v11.shp,WPP_BFAR_merge.shp,vbd_mpa_r20170830.shp,VNF-VBD_npp_20120301-20151231_global_asia-enhanced_c201607211230.bitmask,vbd_landsea_r20220824.mask,timezone.shp,VBD_platforms-recurring_2015_r20170330.shp,0.687252,VBD_bridges_c20160811.shp,8.205034;6.250037;3.961037;-0.911653;1.234481;3.316336,95.108154;108.904648;122.486862;121.346123;107.783257;94.088097,npp_d20250830_t1814301_e1815542_b71723;npp_d20250830_t1815555_e1817196_b71723;npp_d20250830_t1817209_e1818451_b71723;npp_d20250830_t1818463_e1820105_b71723,156.163,49.1637,36.7612,98.7489,119.417,-115.345
627,VBD_npp_d20250830_t1815557_x1041809E_y069712N_l0001_s1330_v23,2025-08-30 20:43:22,6.971181,104.180916,21.3155,2025-08-30 18:15:55,2025-08-31 01:15:55,1,1330,0.286687,4,100709,0.644405,0.055,0.897701,0.4,0.870027,0.75,8.72364e-18,0.0001,5.34433e-13,999999,999999,3,Vietnamese Exclusive Economic Zone,,,SVDNB_npp_d20250830_t1815555_e1817196_b71723_c20250830194309340000_oeac_ops.h5,GDNBO_npp_d20250830_t1815555_e1817196_b71723_c20250830194045994000_oeac_ops.h5,SVI04_npp_d20250830_t1815555_e1817196_b71723_c20250830194317740000_oeac_ops.dspace_rad,,eez_v11.shp,WPP_BFAR_merge.shp,vbd_mpa_r20170830.shp,VNF-VBD_npp_20120301-20151231_global_asia-enhanced_c201607211230.bitmask,vbd_landsea_r20220824.mask,timezone.shp,VBD_platforms-recurring_2015_r20170330.shp,999999,VBD_bridges_c20160811.shp,8.205034;6.250037;3.961037;-0.911653;1.234481;3.316336,95.108154;108.904648;122.486862;121.346123;107.783257;94.088097,npp_d20250830_t1814301_e1815542_b71723;npp_d20250830_t1815555_e1817196_b71723;npp_d20250830_t1817209_e1818451_b71723;npp_d20250830_t1818463_e1820105_b71723,156.145,49.19,36.6416,98.8332,119.437,-115.346
629,VBD_npp_d20250830_t1816189_x1039048E_y056113N_l0209_s1333_v23,2025-08-30 20:43:22,5.611337,103.904762,33.1765,2025-08-30 18:16:18,2025-08-31 02:16:18,209,1333,0.17551,4,35173,0.924184,0.055,0.859166,0.4,0.927162,0.75,1.90242e-17,0.0001,4.86455e-13,999999,999999,3,Malaysian Exclusive Economic Zone,,,SVDNB_npp_d20250830_t1815555_e1817196_b71723_c20250830194309340000_oeac_ops.h5,GDNBO_npp_d20250830_t1815555_e1817196_b71723_c20250830194045994000_oeac_ops.h5,SVI04_npp_d20250830_t1815555_e1817196_b71723_c20250830194317740000_oeac_ops.dspace_rad,,eez_v11.shp,WPP_BFAR_merge.shp,vbd_mpa_r20170830.shp,VNF-VBD_npp_20120301-20151231_global_asia-enhanced_c201607211230.bitmask,vbd_landsea_r20220824.mask,timezone.shp,VBD_platforms-recurring_2015_r20170330.shp,999999,VBD_bridges_c20160811.shp,8.205034;6.250037;3.961037;-0.911653;1.234481;3.316336,95.108154;108.904648;122.486862;121.346123;107.783257;94.088097,npp_d20250830_t1814301_e1815542_b71723;npp_d20250830_t1815555_e1817196_b71723;npp_d20250830_t1817209_e1818451_b71723;npp_d20250830_t1818463_e1820105_b71723,157.152,51.3279,36.5231,98.9251,118.69,-115.984
634,VBD_npp_d20250830_t1816135_x1041601E_y058284N_l0171_s1362_v23,2025-08-30 20:43:22,5.828422,104.160088,1.11942,2025-08-30 18:16:13,2025-08-31 02:16:13,171,1362,0.103881,4,35077,0.0552835,0.055,0.318872,0.4,0.708448,0.75,1.45578e-17,0.0001,4.3312e-13,999999,999999,3,Malaysian Exclusive Economic Zone,,,SVDNB_npp_d20250830_t1815555_e1817196_b71723_c20250830194309340000_oeac_ops.h5,GDNBO_npp_d20250830_t1815555_e1817196_b71723_c20250830194045994000_oeac_ops.h5,SVI04_npp_d20250830_t1815555_e1817196_b71723_c20250830194317740000_oeac_ops.dspace_rad,,eez_v11.shp,WPP_BFAR_merge.shp,vbd_mpa_r20170830.shp,VNF-VBD_npp_20120301-20151231_global_asia-enhanced_c201607211230.bitmask,vbd_landsea_r20220824.mask,timezone.shp,VBD_platforms-recurring_2015_r20170330.shp,999999,VBD_bridges_c20160811.shp,8.205034;6.250037;3.961037;-0.911653;1.234481;3.316336,95.108154;108.904648;122.486862;121.346123;107.783257;94.088097,npp_d20250830_t1814301_e1815542_b71723;npp_d20250830_t1815555_e1817196_b71723;npp_d20250830_t1817209_e1818451_b71723;npp_d20250830_t1818463_e1820105_b71723,156.835,51.2935,35.2962,98.1034,118.992,-115.91
635,VBD_npp_d20250830_t1816064_x1042573E_y062382N_l0108_s1363_v23,2025-08-30 20:43:22,6.238151,104.257256,1.57664,2025-08-30 18:16:06,2025-08-31 01:16:06,108,1363,0.295934,8,18721,0.104713,0.055,0.446295,0.4,0.698479,0.75,1.12026e-17,0.0001,4.40872e-13,999999,999999,3,Malaysian Exclusive Economic Zone,,,SVDNB_npp_d20250830_t1815555_e1817196_b71723_c20250830194309340000_oeac_ops.h5,GDNBO_npp_d20250830_t1815555_e1817196_b71723_c20250830194045994000_oeac_ops.h5,SVI04_npp_d20250830_t1815555_e1817196_b71723_c20250830194317740000_oeac_ops.dspace_rad,,eez_v11.shp,WPP_BFAR_merge.shp,vbd_mpa_r20170830.shp,VNF-VBD_npp_20120301-20151231_global_asia-enhanced_c201607211230.bitmask,vbd_landsea_r20220824.mask,timezone.shp,VBD_platforms-recurring_2015_r20170330.shp,0.635247,VBD_bridges_c20160811.shp,8.205034;6.250037;3.961037;-0.911653;1.234481;3.316336,95.108154;108.904648;122.486862;121.346123;107.783257;94.088097,npp_d20250830_t1814301_e1815542_b71723;npp_d20250830_t1815555_e1817196_b71723;npp_d20250830_t1817209_e1818451_b71723;npp_d20250830_t1818463_e1820105_b71723,156.525,50.6602,35.2522,97.9913,119.23,-115.72
638,VBD_npp_d20250830_t1816135_x1042288E_y057838N_l0176_s1373_v23,2025-08-30 20:43:22,5.783802,104.228767,1.03723,2025-08-30 18:16:13,2025-08-31 02:16:13,176,1373,0.166191,7,35105,0.0551732,0.055,0.488724,0.4,0.594172,0.75,1.38441e-17,0.0001,4.11049e-13,999999,999999,3,,,,SVDNB_npp_d20250830_t1815555_e1817196_b71723_c20250830194309340000_oeac_ops.h5,GDNBO_npp_d20250830_t1815555_e1817196_b71723_c20250830194045994000_oeac_ops.h5,SVI04_npp_d20250830_t1815555_e1817196_b71723_c20250830194317740000_oeac_ops.dspace_rad,,eez_v11.shp,WPP_BFAR_merge.shp,vbd_mpa_r20170830.shp,VNF-VBD_npp_20120301-20151231_global_asia-enhanced_c201607211230.bitmask,vbd_landsea_r20220824.mask,timezone.shp,VBD_platforms-recurring_2015_r20170330.shp,999999,VBD_bridges_c20160811.shp,8.205034;6.250037;3.961037;-0.911653;1.234481;3.316336,95.108154;108.904648;122.486862;121.346123;107.783257;94.088097,npp_d20250830_t1814301_e1815542_b71723;npp_d20250830_t1815555_e1817196_b71723;npp_d20250830_t1817209_e1818451_b71723;npp_d20250830_t1818463_e1820105_b71723,156.81,51.4815,34.8317,97.6734,119.033,-115.941
639,VBD_npp_d20250830_t1816153_x1042338E_y057784N_l0177_s1375_v23,2025-08-30 20:43:22,5.778373,104.233772,1.43328,2025-08-30 18:16:15,2025-08-31 02:16:15,177,1375,0.202041,7,35105,0.0770981,0.055,0.584604,0.4,0.615648,0.75,1.3715e-17,0.0001,4.2439e-13,999999,999999,3,,,,SVDNB_npp_d20250830_t1815555_e1817196_b71723_c20250830194309340000_oeac_ops.h5,GDNBO_npp_d20250830_t1815555_e1817196_b71723_c20250830194045994000_oeac_ops.h5,SVI04_npp_d20250830_t1815555_e1817196_b71723_c20250830194317740000_oeac_ops.dspace_rad,,eez_v11.shp,WPP_BFAR_merge.shp,vbd_mpa_r20170830.shp,VNF-VBD_npp_20120301-20151231_global_asia-enhanced_c201607211230.bitmask,vbd_landsea_r20220824.mask,timezone.shp,VBD_platforms-recurring_2015_r20170330.shp,999999,VBD_bridges_c20160811.shp,8.205034;6.250037;3.961037;-0.911653;1.234481;3.316336,95.108154;108.904648;122.486862;121.346123;107.783257;94.088097,npp_d20250830_t1814301_e1815542_b71723;npp_d20250830_t1815555_e1817196_b71723;npp_d20250830_t1817209_e1818451_b71723;npp_d20250830_t1818463_e1820105_b71723,156.803,51.5106,34.7486,98.9814,119.042,-115.945
640,VBD_npp_d20250830_t1816153_x1042650E_y057599N_l0179_s1380_v23,2025-08-30 20:43:22,5.759859,104.264954,2.37311,2025-08-30 18:16:15,2025-08-31 02:16:15,179,1380,0.145208,4,100709,0.1719,0.055,0.603932,0.4,0.767583,0.75,1.33635e-17,0.0001,4.14866e-13,999999,999999,3,Malaysian Exclusive Economic Zone,,,SVDNB_npp_d20250830_t1815555_e1817196_b71723_c20250830194309340000_oeac_ops.h5,GDNBO_npp_d20250830_t1815555_e1817196_b71723_c20250830194045994000_oeac_ops.h5,SVI04_npp_d20250830_t1815555_e1817196_b71723_c20250830194317740000_oeac_ops.dspace_rad,,eez_v11.shp,WPP_BFAR_merge.shp,vbd_mpa_r20170830.shp,VNF-VBD_npp_20120301-20151231_global_asia-enhanced_c201607211230.bitmask,vbd_landsea_r20220824.mask,timezone.shp,VBD_platforms-recurring_2015_r20170330.shp,999999,VBD_bridges_c20160811.shp,8.205034;6.250037;3.961037;-0.911653;1.234481;3.316336,95.108154;108.904648;122.486862;121.346123;107.783257;94.088097,npp_d20250830_t1814301_e1815542_b71723;npp_d20250830_t1815555_e1817196_b71723;npp_d20250830_t1817209_e1818451_b71723;npp_d20250830_t1818463_e1820105_b71723,156.79,51.5926,34.536,98.8128,119.061,-115.958
642,VBD_npp_d20250830_t1816064_x1044004E_y062377N_l0105_s1384_v23,2025-08-30 20:43:22,6.237665,104.400429,13.2278,2025-08-30 18:16:06,2025-08-31 01:16:06,105,1384,0.421267,1,2401,0.684586,0.055,0.909643,0.4,0.970423,0.75,9.65206e-18,0.0001,4.14363e-13,999999,999999,3,Malaysian Exclusive Economic Zone,,,SVDNB_npp_d20250830_t1815555_e1817196_b71723_c20250830194309340000_oeac_ops.h5,GDNBO_npp_d20250830_t1815555_e1817196_b71723_c20250830194045994000_oeac_ops.h5,SVI04_npp_d20250830_t1815555_e1817196_b71723_c20250830194317740000_oeac_ops.dspace_rad,,eez_v11.shp,WPP_BFAR_merge.shp,vbd_mpa_r20170830.shp,VNF-VBD_npp_20120301-20151231_global_asia-enhanced_c201607211230.bitmask,vbd_landsea_r20220824.mask,timezone.shp,VBD_platforms-recurring_2015_r20170330.shp,999999,VBD_bridges_c20160811.shp,8.205034;6.250037;3.961037;-0.911653;1.234481;3.316336,95.108154;108.904648;122.486862;121.346123;107.783257;94.088097,npp_d20250830_t1814301_e1815542_b71723;npp_d20250830_t1815555_e1817196_b71723;npp_d20250830_t1817209_e1818451_b71723;npp_d20250830_t1818463_e1820105_b71723,156.415,50.8833,34.3604,98.2612,119.357,-115.738
644,VBD_npp_d20250830_t1816064_x1044131E_y062769N_l0099_s1385_v23,2025-08-30 20:43:22,6.276917,104.413078,10.6788,2025-08-30 18:16:06,2025-08-31 01:16:06,99,1385,0.416857,1,2401,0.616063,0.055,0.90713,0.4,0.983221,0.75,9.31563e-18,0.0001,4.20436e-13,999999,999999,3,Malaysian Exclusive Economic Zone,,,SVDNB_npp_d20250830_t1815555_e1817196_b71723_c20250830194309340000_oeac_ops.h5,GDNBO_npp_d20250830_t1815555_e1817196_b71723_c20250830194045994000_oeac_ops.h5,SVI04_npp_d20250830_t1815555_e1817196_b71723_c20250830194317740000_oeac_ops.dspace_rad,,eez_v11.shp,WPP_BFAR_merge.shp,vbd_mpa_r20170830.shp,VNF-VBD_npp_20120301-20151231_global_asia-enhanced_c201607211230.bitmask,vbd_landsea_r20220824.mask,timezone.shp,VBD_platforms-recurring_2015_r20170330.shp,999999,VBD_bridges_c20160811.shp,8.205034;6.250037;3.961037;-0.911653;1.234481;3.316336,95.108154;108.904648;122.486862;121.346123;107.783257;94.088097,npp_d20250830_t1814301_e1815542_b71723;npp_d20250830_t1815555_e1817196_b71723;npp_d20250830_t1817209_e1818451_b71723;npp_d20250830_t1818463_e1820105_b71723,156.38,50.8332,34.3179,98.7893,119.385,-115.721
649,VBD_npp_d20250830_t1816100_x1043852E_y060106N_l0139_s1389_v23,2025-08-30 20:43:22,6.010614,104.385208,11.2412,2025-08-30 18:16:10,2025-08-31 02:16:10,139,1389,0.189522,1,2401,0.605592,0.055,0.85584,0.4,0.940914,0.75,1.08169e-17,0.0001,4.00617e-13,999999,999999,3,Malaysian Exclusive Economic Zone,,,SVDNB_npp_d20250830_t1815555_e1817196_b71723_c20250830194309340000_oeac_ops.h5,GDNBO_npp_d20250830_t1815555_e1817196_b71723_c20250830194045994000_oeac_ops.h5,SVI04_npp_d20250830_t1815555_e1817196_b71723_c20250830194317740000_oeac_ops.dspace_rad,,eez_v11.shp,WPP_BFAR_merge.shp,vbd_mpa_r20170830.shp,VNF-VBD_npp_20120301-20151231_global_asia-enhanced_c201607211230.bitmask,vbd_landsea_r20220824.mask,timezone.shp,VBD_platforms-recurring_2015_r20170330.shp,999999,VBD_bridges_c20160811.shp,8.205034;6.250037;3.961037;-0.911653;1.234481;3.316336,95.108154;108.904648;122.486862;121.346123;107.783257;94.088097,npp_d20250830_t1814301_e1815542_b71723;npp_d20250830_t1815555_e1817196_b71723;npp_d20250830_t1817209_e1818451_b71723;npp_d20250830_t1818463_e1820105_b71723,156.558,51.2888,34.1527,98.0995,119.258,-115.849
656,VBD_npp_d20250830_t1816064_x1044632E_y062078N_l0108_s1394_v23,2025-08-30 20:43:22,6.207850,104.463173,12.1053,2025-08-30 18:16:06,2025-08-31 02:16:06,108,1394,0.418991,1,2401,0.659269,0.055,0.891621,0.4,0.975033,0.75,9.26169e-18,0.0001,3.97721e-13,999999,999999,3,Malaysian Exclusive Economic Zone,,,SVDNB_npp_d20250830_t1815555_e1817196_b71723_c20250830194309340000_oeac_ops.h5,GDNBO_npp_d20250830_t1815555_e1817196_b71723_c20250830194045994000_oeac_ops.h5,SVI04_npp_d20250830_t1815555_e1817196_b71723_c20250830194317740000_oeac_ops.dspace_rad,,eez_v11.shp,WPP_BFAR_merge.shp,vbd_mpa_r20170830.shp,VNF-VBD_npp_20120301-20151231_global_asia-enhanced_c201607211230.bitmask,vbd_landsea_r20220824.mask,timezone.shp,VBD_platforms-recurring_2015_r20170330.shp,999999,VBD_bridges_c20160811.shp,8.205034;6.250037;3.961037;-0.911653;1.234481;3.316336,95.108154;108.904648;122.486862;121.346123;107.783257;94.088097,npp_d20250830_t1814301_e1815542_b71723;npp_d20250830_t1815555_e1817196_b71723;npp_d20250830_t1817209_e1818451_b71723;npp_d20250830_t1818463_e1820105_b71723,156.385,51.0331,33.938,98.0004,119.399,-115.761
657,VBD_npp_d20250830_t1816011_x1045443E_y065667N_l0053_s1395_v23,2025-08-30 20:43:22,6.566733,104.544258,3.73366,2025-08-30 18:16:01,2025-08-31 01:16:01,53,1395,0.357747,7,35105,0.128427,0.055,0.880379,0.4,0.550265,0.75,7.48793e-18,0.0001,4.12017e-13,999999,999999,3,,,,SVDNB_npp_d20250830_t1815555_e1817196_b71723_c20250830194309340000_oeac_ops.h5,GDNBO_npp_d20250830_t1815555_e1817196_b71723_c20250830194045994000_oeac_ops.h5,SVI04_npp_d20250830_t1815555_e1817196_b71723_c20250830194317740000_oeac_ops.dspace_rad,,eez_v11.shp,WPP_BFAR_merge.shp,vbd_mpa_r20170830.shp,VNF-VBD_npp_20120301-20151231_global_asia-enhanced_c201607211230.bitmask,vbd_landsea_r20220824.mask,timezone.shp,VBD_platforms-recurring_2015_r20170330.shp,999999,VBD_bridges_c20160811.shp,8.205034;6.250037;3.961037;-0.911653;1.234481;3.316336,95.108154;108.904648;122.486862;121.346123;107.783257;94.088097,npp_d20250830_t1814301_e1815542_b71723;npp_d20250830_t1815555_e1817196_b71723;npp_d20250830_t1817209_e1818451_b71723;npp_d20250830_t1818463_e1820105_b71723,156.113,50.492,33.8999,98.6008,119.607,-115.591
658,VBD_npp_d20250830_t1816011_x1045593E_y065781N_l0051_s1397_v23,2025-08-30 20:43:22,6.578116,104.559326,1.93019,2025-08-30 18:16:01,2025-08-31 01:16:01,51,1397,0.314357,7,35105,0.0690282,0.055,0.880379,0.4,0.47871,0.75,7.36675e-18,0.0001,4.11825e-13,999999,999999,3,,,,SVDNB_npp_d20250830_t1815555_e1817196_b71723_c20250830194309340000_oeac_ops.h5,GDNBO_npp_d20250830_t1815555_e1817196_b71723_c20250830194045994000_oeac_ops.h5,SVI04_npp_d20250830_t1815555_e1817196_b71723_c20250830194317740000_oeac_ops.dspace_rad,,eez_v11.shp,WPP_BFAR_merge.shp,vbd_mpa_r20170830.shp,VNF-VBD_npp_20120301-20151231_global_asia-enhanced_c201607211230.bitmask,vbd_landsea_r20220824.mask,timezone.shp,VBD_platforms-recurring_2015_r20170330.shp,999999,VBD_bridges_c20160811.shp,8.205034;6.250037;3.961037;-0.911653;1.234481;3.316336,95.108154;108.904648;122.486862;121.346123;107.783257;94.088097,npp_d20250830_t1814301_e1815542_b71723;npp_d20250830_t1815555_e1817196_b71723;npp_d20250830_t1817209_e1818451_b71723;npp_d20250830_t1818463_e1820105_b71723,156.094,50.4954,33.8156,98.7809,119.625,-115.587
659,VBD_npp_d20250830_t1816011_x1045553E_y065514N_l0055_s1397_v23,2025-08-30 20:43:22,6.551429,104.555321,748.219,2025-08-30 18:16:01,2025-08-31 01:16:01,55,1397,0.421765,4,100709,1.63833,0.055,0.881051,0.4,0.980691,0.75,7.48073e-18,0.0001,4.06992e-13,999999,999999,3,Malaysian Exclusive Economic Zone,,,SVDNB_npp_d20250830_t1815555_e1817196_b71723_c20250830194309340000_oeac_ops.h5,GDNBO_npp_d20250830_t1815555_e1817196_b71723_c20250830194045994000_oeac_ops.h5,SVI04_npp_d20250830_t1815555_e1817196_b71723_c20250830194317740000_oeac_ops.dspace_rad,,eez_v11.shp,WPP_BFAR_merge.shp,vbd_mpa_r20170830.shp,VNF-VBD_npp_20120301-20151231_global_asia-enhanced_c201607211230.bitmask,vbd_landsea_r20220824.mask,timezone.shp,VBD_platforms-recurring_2015_r20170330.shp,999999,VBD_bridges_c20160811.shp,8.205034;6.250037;3.961037;-0.911653;1.234481;3.316336,95.108154;108.904648;122.486862;121.346123;107.783257;94.088097,npp_d20250830_t1814301_e1815542_b71723;npp_d20250830_t1815555_e1817196_b71723;npp_d20250830_t1817209_e1818451_b71723;npp_d20250830_t1818463_e1820105_b71723,156.114,50.5357,33.8154,98.4246,119.61,-115.6
660,VBD_npp_d20250830_t1816082_x1044580E_y060938N_l0125_s1397_v23,2025-08-30 20:43:22,6.093759,104.458023,14.2888,2025-08-30 18:16:08,2025-08-31 02:16:08,125,1397,0.40761,1,2401,0.706557,0.055,0.898208,0.4,0.977756,0.75,9.86261e-18,0.0001,3.90675e-13,999999,999999,3,Malaysian Exclusive Economic Zone,,,SVDNB_npp_d20250830_t1815555_e1817196_b71723_c20250830194309340000_oeac_ops.h5,GDNBO_npp_d20250830_t1815555_e1817196_b71723_c20250830194045994000_oeac_ops.h5,SVI04_npp_d20250830_t1815555_e1817196_b71723_c20250830194317740000_oeac_ops.dspace_rad,,eez_v11.shp,WPP_BFAR_merge.shp,vbd_mpa_r20170830.shp,VNF-VBD_npp_20120301-20151231_global_asia-enhanced_c201607211230.bitmask,vbd_landsea_r20220824.mask,timezone.shp,VBD_platforms-recurring_2015_r20170330.shp,999999,VBD_bridges_c20160811.shp,8.205034;6.250037;3.961037;-0.911653;1.234481;3.316336,95.108154;108.904648;122.486862;121.346123;107.783257;94.088097,npp_d20250830_t1814301_e1815542_b71723;npp_d20250830_t1815555_e1817196_b71723;npp_d20250830_t1817209_e1818451_b71723;npp_d20250830_t1818463_e1820105_b71723,156.455,51.2401,33.8175,97.9149,119.352,-115.817
662,VBD_npp_d20250830_t1816011_x1045714E_y065695N_l0052_s1399_v23,2025-08-30 20:43:22,6.569480,104.571381,2.82503,2025-08-30 18:16:01,2025-08-31 01:16:01,52,1399,0.307529,7,35105,0.0603247,0.055,0.870794,0.4,0.305596,0.75,7.33131e-18,0.0001,4.08009e-13,999999,999999,3,,,,SVDNB_npp_d20250830_t1815555_e1817196_b71723_c20250830194309340000_oeac_ops.h5,GDNBO_npp_d20250830_t1815555_e1817196_b71723_c20250830194045994000_oeac_ops.h5,SVI04_npp_d20250830_t1815555_e1817196_b71723_c20250830194317740000_oeac_ops.dspace_rad,,eez_v11.shp,WPP_BFAR_merge.shp,vbd_mpa_r20170830.shp,VNF-VBD_npp_20120301-20151231_global_asia-enhanced_c201607211230.bitmask,vbd_landsea_r20220824.mask,timezone.shp,VBD_platforms-recurring_2015_r20170330.shp,999999,VBD_bridges_c20160811.shp,8.205034;6.250037;3.961037;-0.911653;1.234481;3.316336,95.108154;108.904648;122.486862;121.346123;107.783257;94.088097,npp_d20250830_t1814301_e1815542_b71723;npp_d20250830_t1815555_e1817196_b71723;npp_d20250830_t1817209_e1818451_b71723;npp_d20250830_t1818463_e1820105_b71723,156.09,50.5289,33.7309,98.694,119.632,-115.593
663,VBD_npp_d20250830_t1816064_x1045023E_y062021N_l0108_s1400_v23,2025-08-30 20:43:22,6.202074,104.502350,8.43416,2025-08-30 18:16:06,2025-08-31 02:16:06,108,1400,0.418564,1,2401,0.521364,0.055,0.888758,0.4,0.959649,0.75,9.02449e-18,0.0001,3.9031e-13,999999,999999,3,Malaysian Exclusive Economic Zone,,,SVDNB_npp_d20250830_t1815555_e1817196_b71723_c20250830194309340000_oeac_ops.h5,GDNBO_npp_d20250830_t1815555_e1817196_b71723_c20250830194045994000_oeac_ops.h5,SVI04_npp_d20250830_t1815555_e1817196_b71723_c20250830194317740000_oeac_ops.dspace_rad,,eez_v11.shp,WPP_BFAR_merge.shp,vbd_mpa_r20170830.shp,VNF-VBD_npp_20120301-20151231_global_asia-enhanced_c201607211230.bitmask,vbd_landsea_r20220824.mask,timezone.shp,VBD_platforms-recurring_2015_r20170330.shp,999999,VBD_bridges_c20160811.shp,8.205034;6.250037;3.961037;-0.911653;1.234481;3.316336,95.108154;108.904648;122.486862;121.346123;107.783257;94.088097,npp_d20250830_t1814301_e1815542_b71723;npp_d20250830_t1815555_e1817196_b71723;npp_d20250830_t1817209_e1818451_b71723;npp_d20250830_t1818463_e1820105_b71723,156.359,51.1035,33.6843,98.002,119.432,-115.769
664,VBD_npp_d20250830_t1816100_x1044531E_y059733N_l0143_s1400_v23,2025-08-30 20:43:22,5.973304,104.453125,2.38982,2025-08-30 18:16:10,2025-08-31 02:16:10,143,1400,0.396656,1,2401,0.197366,0.055,0.868794,0.4,0.902799,0.75,1.04866e-17,0.0001,3.82567e-13,999999,999999,3,Malaysian Exclusive Economic Zone,,,SVDNB_npp_d20250830_t1815555_e1817196_b71723_c20250830194309340000_oeac_ops.h5,GDNBO_npp_d20250830_t1815555_e1817196_b71723_c20250830194045994000_oeac_ops.h5,SVI04_npp_d20250830_t1815555_e1817196_b71723_c20250830194317740000_oeac_ops.dspace_rad,,eez_v11.shp,WPP_BFAR_merge.shp,vbd_mpa_r20170830.shp,VNF-VBD_npp_20120301-20151231_global_asia-enhanced_c201607211230.bitmask,vbd_landsea_r20220824.mask,timezone.shp,VBD_platforms-recurring_2015_r20170330.shp,999999,VBD_bridges_c20160811.shp,8.205034;6.250037;3.961037;-0.911653;1.234481;3.316336,95.108154;108.904648;122.486862;121.346123;107.783257;94.088097,npp_d20250830_t1814301_e1815542_b71723;npp_d20250830_t1815555_e1817196_b71723;npp_d20250830_t1817209_e1818451_b71723;npp_d20250830_t1818463_e1820105_b71723,156.528,51.4602,33.6895,97.7457,119.302,-115.877
665,VBD_npp_d20250830_t1816046_x1045444E_y063447N_l0086_s1402_v23,2025-08-30 20:43:22,6.344746,104.544395,1.2081,2025-08-30 18:16:04,2025-08-31 01:16:04,86,1402,0.412803,1,2401,0.0978826,0.055,0.822839,0.4,0.819228,0.75,8.18328e-18,0.0001,3.97012e-13,999999,999999,3,Malaysian Exclusive Economic Zone,,,SVDNB_npp_d20250830_t1815555_e1817196_b71723_c20250830194309340000_oeac_ops.h5,GDNBO_npp_d20250830_t1815555_e1817196_b71723_c20250830194045994000_oeac_ops.h5,SVI04_npp_d20250830_t1815555_e1817196_b71723_c20250830194317740000_oeac_ops.dspace_rad,,eez_v11.shp,WPP_BFAR_merge.shp,vbd_mpa_r20170830.shp,VNF-VBD_npp_20120301-20151231_global_asia-enhanced_c201607211230.bitmask,vbd_landsea_r20220824.mask,timezone.shp,VBD_platforms-recurring_2015_r20170330.shp,999999,VBD_bridges_c20160811.shp,8.205034;6.250037;3.961037;-0.911653;1.234481;3.316336,95.108154;108.904648;122.486862;121.346123;107.783257;94.088097,npp_d20250830_t1814301_e1815542_b71723;npp_d20250830_t1815555_e1817196_b71723;npp_d20250830_t1817209_e1818451_b71723;npp_d20250830_t1818463_e1820105_b71723,156.242,50.9041,33.5974,98.5373,119.524,-115.703
667,VBD_npp_d20250830_t1816029_x1045690E_y064141N_l0075_s1403_v23,2025-08-30 20:43:22,6.414102,104.569038,66.7073,2025-08-30 18:16:02,2025-08-31 01:16:02,75,1403,0.411095,4,100709,1.28886,0.055,0.927596,0.4,0.991095,0.75,7.84181e-18,0.0001,3.9217e-13,999999,999999,3,Malaysian Exclusive Economic Zone,,,SVDNB_npp_d20250830_t1815555_e1817196_b71723_c20250830194309340000_oeac_ops.h5,GDNBO_npp_d20250830_t1815555_e1817196_b71723_c20250830194045994000_oeac_ops.h5,SVI04_npp_d20250830_t1815555_e1817196_b71723_c20250830194317740000_oeac_ops.dspace_rad,,eez_v11.shp,WPP_BFAR_merge.shp,vbd_mpa_r20170830.shp,VNF-VBD_npp_20120301-20151231_global_asia-enhanced_c201607211230.bitmask,vbd_landsea_r20220824.mask,timezone.shp,VBD_platforms-recurring_2015_r20170330.shp,999999,VBD_bridges_c20160811.shp,8.205034;6.250037;3.961037;-0.911653;1.234481;3.316336,95.108154;108.904648;122.486862;121.346123;107.783257;94.088097,npp_d20250830_t1814301_e1815542_b71723;npp_d20250830_t1815555_e1817196_b71723;npp_d20250830_t1817209_e1818451_b71723;npp_d20250830_t1818463_e1820105_b71723,156.185,50.8084,33.5531,98.0735,119.57,-115.671
668,VBD_npp_d20250830_t1816082_x1045063E_y061417N_l0117_s1403_v23,2025-08-30 20:43:22,6.141734,104.506264,13.6809,2025-08-30 18:16:08,2025-08-31 02:16:08,117,1403,0.404978,1,2401,0.689791,0.055,0.887997,0.4,0.974082,0.75,9.27693e-18,0.0001,3.92307e-13,999999,999999,3,Malaysian Exclusive Economic Zone,,,SVDNB_npp_d20250830_t1815555_e1817196_b71723_c20250830194309340000_oeac_ops.h5,GDNBO_npp_d20250830_t1815555_e1817196_b71723_c20250830194045994000_oeac_ops.h5,SVI04_npp_d20250830_t1815555_e1817196_b71723_c20250830194317740000_oeac_ops.dspace_rad,,eez_v11.shp,WPP_BFAR_merge.shp,vbd_mpa_r20170830.shp,VNF-VBD_npp_20120301-20151231_global_asia-enhanced_c201607211230.bitmask,vbd_landsea_r20220824.mask,timezone.shp,VBD_platforms-recurring_2015_r20170330.shp,999999,VBD_bridges_c20160811.shp,8.205034;6.250037;3.961037;-0.911653;1.234481;3.316336,95.108154;108.904648;122.486862;121.346123;107.783257;94.088097,npp_d20250830_t1814301_e1815542_b71723;npp_d20250830_t1815555_e1817196_b71723;npp_d20250830_t1817209_e1818451_b71723;npp_d20250830_t1818463_e1820105_b71723,156.388,51.2283,33.5553,98.642,119.416,-115.8
670,VBD_npp_d20250830_t1816082_x1045101E_y061202N_l0120_s1404_v23,2025-08-30 20:43:22,6.120184,104.510094,1.66846,2025-08-30 18:16:08,2025-08-31 02:16:08,120,1404,0.371902,1,2401,0.129782,0.055,0.879757,0.4,0.815244,0.75,9.35887e-18,0.0001,3.87556e-13,999999,999999,3,Malaysian Exclusive Economic Zone,,,SVDNB_npp_d20250830_t1815555_e1817196_b71723_c20250830194309340000_oeac_ops.h5,GDNBO_npp_d20250830_t1815555_e1817196_b71723_c20250830194045994000_oeac_ops.h5,SVI04_npp_d20250830_t1815555_e1817196_b71723_c20250830194317740000_oeac_ops.dspace_rad,,eez_v11.shp,WPP_BFAR_merge.shp,vbd_mpa_r20170830.shp,VNF-VBD_npp_20120301-20151231_global_asia-enhanced_c201607211230.bitmask,vbd_landsea_r20220824.mask,timezone.shp,VBD_platforms-recurring_2015_r20170330.shp,999999,VBD_bridges_c20160811.shp,8.205034;6.250037;3.961037;-0.911653;1.234481;3.316336,95.108154;108.904648;122.486862;121.346123;107.783257;94.088097,npp_d20250830_t1814301_e1815542_b71723;npp_d20250830_t1815555_e1817196_b71723;npp_d20250830_t1817209_e1818451_b71723;npp_d20250830_t1818463_e1820105_b71723,156.398,51.2727,33.5104,98.3662,119.41,-115.811
671,VBD_npp_d20250830_t1816100_x1044804E_y059681N_l0143_s1404_v23,2025-08-30 20:43:22,5.968084,104.480415,15.6033,2025-08-30 18:16:10,2025-08-31 02:16:10,143,1404,0.40448,1,2401,0.728759,0.055,0.88484,0.4,0.953399,0.75,1.03028e-17,0.0001,3.77453e-13,999999,999999,3,Malaysian Exclusive Economic Zone,,,SVDNB_npp_d20250830_t1815555_e1817196_b71723_c20250830194309340000_oeac_ops.h5,GDNBO_npp_d20250830_t1815555_e1817196_b71723_c20250830194045994000_oeac_ops.h5,SVI04_npp_d20250830_t1815555_e1817196_b71723_c20250830194317740000_oeac_ops.dspace_rad,,eez_v11.shp,WPP_BFAR_merge.shp,vbd_mpa_r20170830.shp,VNF-VBD_npp_20120301-20151231_global_asia-enhanced_c201607211230.bitmask,vbd_landsea_r20220824.mask,timezone.shp,VBD_platforms-recurring_2015_r20170330.shp,999999,VBD_bridges_c20160811.shp,8.205034;6.250037;3.961037;-0.911653;1.234481;3.316336,95.108154;108.904648;122.486862;121.346123;107.783257;94.088097,npp_d20250830_t1814301_e1815542_b71723;npp_d20250830_t1815555_e1817196_b71723;npp_d20250830_t1817209_e1818451_b71723;npp_d20250830_t1818463_e1820105_b71723,156.51,51.5114,33.511,97.7293,119.324,-115.883
674,VBD_npp_d20250830_t1816118_x1044852E_y058594N_l0159_s1408_v23,2025-08-30 20:43:22,5.859403,104.485161,1.86948,2025-08-30 18:16:11,2025-08-31 02:16:11,159,1408,0.0995417,1,2401,0.137654,0.055,0.510528,0.4,0.808247,0.75,1.0764e-17,0.0001,3.70421e-13,999999,999999,3,Malaysian Exclusive Economic Zone,,,SVDNB_npp_d20250830_t1815555_e1817196_b71723_c20250830194309340000_oeac_ops.h5,GDNBO_npp_d20250830_t1815555_e1817196_b71723_c20250830194045994000_oeac_ops.h5,SVI04_npp_d20250830_t1815555_e1817196_b71723_c20250830194317740000_oeac_ops.dspace_rad,,eez_v11.shp,WPP_BFAR_merge.shp,vbd_mpa_r20170830.shp,VNF-VBD_npp_20120301-20151231_global_asia-enhanced_c201607211230.bitmask,vbd_landsea_r20220824.mask,timezone.shp,VBD_platforms-recurring_2015_r20170330.shp,999999,VBD_bridges_c20160811.shp,8.205034;6.250037;3.961037;-0.911653;1.234481;3.316336,95.108154;108.904648;122.486862;121.346123;107.783257;94.088097,npp_d20250830_t1814301_e1815542_b71723;npp_d20250830_t1815555_e1817196_b71723;npp_d20250830_t1817209_e1818451_b71723;npp_d20250830_t1818463_e1820105_b71723,156.568,51.7262,33.3307,97.732,119.287,-115.938
675,VBD_npp_d20250830_t1816135_x1044625E_y057552N_l0175_s1408_v23,2025-08-30 20:43:22,5.755201,104.462517,1.83436,2025-08-30 18:16:13,2025-08-31 02:16:13,175,1408,0.0976923,2,2337,0.113232,0.055,0.537624,0.4,0.712552,0.75,1.14089e-17,0.0001,3.68277e-13,999999,999999,3,Malaysian Exclusive Economic Zone,,,SVDNB_npp_d20250830_t1815555_e1817196_b71723_c20250830194309340000_oeac_ops.h5,GDNBO_npp_d20250830_t1815555_e1817196_b71723_c20250830194045994000_oeac_ops.h5,SVI04_npp_d20250830_t1815555_e1817196_b71723_c20250830194317740000_oeac_ops.dspace_rad,,eez_v11.shp,WPP_BFAR_merge.shp,vbd_mpa_r20170830.shp,VNF-VBD_npp_20120301-20151231_global_asia-enhanced_c201607211230.bitmask,vbd_landsea_r20220824.mask,timezone.shp,VBD_platforms-recurring_2015_r20170330.shp,999999,VBD_bridges_c20160811.shp,8.205034;6.250037;3.961037;-0.911653;1.234481;3.316336,95.108154;108.904648;122.486862;121.346123;107.783257;94.088097,npp_d20250830_t1814301_e1815542_b71723;npp_d20250830_t1815555_e1817196_b71723;npp_d20250830_t1817209_e1818451_b71723;npp_d20250830_t1818463_e1820105_b71723,156.645,51.8924,33.3295,97.7415,119.228,-115.986
677,VBD_npp_d20250830_t1816046_x1045927E_y063375N_l0086_s1409_v23,2025-08-30 20:43:22,6.337500,104.592690,3.90261,2025-08-30 18:16:04,2025-08-31 01:16:04,86,1409,0.419916,1,2401,0.313788,0.055,0.815527,0.4,0.926666,0.75,7.93016e-18,0.0001,3.88001e-13,999999,999999,3,Malaysian Exclusive Economic Zone,,,SVDNB_npp_d20250830_t1815555_e1817196_b71723_c20250830194309340000_oeac_ops.h5,GDNBO_npp_d20250830_t1815555_e1817196_b71723_c20250830194045994000_oeac_ops.h5,SVI04_npp_d20250830_t1815555_e1817196_b71723_c20250830194317740000_oeac_ops.dspace_rad,,eez_v11.shp,WPP_BFAR_merge.shp,vbd_mpa_r20170830.shp,VNF-VBD_npp_20120301-20151231_global_asia-enhanced_c201607211230.bitmask,vbd_landsea_r20220824.mask,timezone.shp,VBD_platforms-recurring_2015_r20170330.shp,999999,VBD_bridges_c20160811.shp,8.205034;6.250037;3.961037;-0.911653;1.234481;3.316336,95.108154;108.904648;122.486862;121.346123;107.783257;94.088097,npp_d20250830_t1814301_e1815542_b71723;npp_d20250830_t1815555_e1817196_b71723;npp_d20250830_t1817209_e1818451_b71723;npp_d20250830_t1818463_e1820105_b71723,156.209,50.9908,33.2825,98.5438,119.564,-115.712
678,VBD_npp_d20250830_t1816135_x1044842E_y057590N_l0174_s1411_v23,2025-08-30 20:43:22,5.758989,104.484154,2.14802,2025-08-30 18:16:13,2025-08-31 02:16:13,174,1411,0.1095,2,2337,0.134592,0.055,0.521414,0.4,0.6989,0.75,1.12138e-17,0.0001,3.65835e-13,999999,999999,3,Malaysian Exclusive Economic Zone,,,SVDNB_npp_d20250830_t1815555_e1817196_b71723_c20250830194309340000_oeac_ops.h5,GDNBO_npp_d20250830_t1815555_e1817196_b71723_c20250830194045994000_oeac_ops.h5,SVI04_npp_d20250830_t1815555_e1817196_b71723_c20250830194317740000_oeac_ops.dspace_rad,,eez_v11.shp,WPP_BFAR_merge.shp,vbd_mpa_r20170830.shp,VNF-VBD_npp_20120301-20151231_global_asia-enhanced_c201607211230.bitmask,vbd_landsea_r20220824.mask,timezone.shp,VBD_platforms-recurring_2015_r20170330.shp,999999,VBD_bridges_c20160811.shp,8.205034;6.250037;3.961037;-0.911653;1.234481;3.316336,95.108154;108.904648;122.486862;121.346123;107.783257;94.088097,npp_d20250830_t1814301_e1815542_b71723;npp_d20250830_t1815555_e1817196_b71723;npp_d20250830_t1817209_e1818451_b71723;npp_d20250830_t1818463_e1820105_b71723,156.625,51.9184,33.194,97.8341,119.249,-115.987
684,VBD_npp_d20250830_t1816171_x1044785E_y055859N_l0200_s1416_v23,2025-08-30 20:43:22,5.585865,104.478455,4.47309,2025-08-30 18:16:17,2025-08-31 02:16:17,200,1416,0.0217244,4,100645,0.205881,0.055,0.495689,0.4,0.68229,0.75,1.18599e-17,0.0001,3.62156e-13,999999,999999,3,Malaysian Exclusive Economic Zone,,,SVDNB_npp_d20250830_t1815555_e1817196_b71723_c20250830194309340000_oeac_ops.h5,GDNBO_npp_d20250830_t1815555_e1817196_b71723_c20250830194045994000_oeac_ops.h5,SVI04_npp_d20250830_t1815555_e1817196_b71723_c20250830194317740000_oeac_ops.dspace_rad,,eez_v11.shp,WPP_BFAR_merge.shp,vbd_mpa_r20170830.shp,VNF-VBD_npp_20120301-20151231_global_asia-enhanced_c201607211230.bitmask,vbd_landsea_r20220824.mask,timezone.shp,VBD_platforms-recurring_2015_r20170330.shp,999999,VBD_bridges_c20160811.shp,8.205034;6.250037;3.961037;-0.911653;1.234481;3.316336,95.108154;108.904648;122.486862;121.346123;107.783257;94.088097,npp_d20250830_t1814301_e1815542_b71723;npp_d20250830_t1815555_e1817196_b71723;npp_d20250830_t1817209_e1818451_b71723;npp_d20250830_t1818463_e1820105_b71723,156.725,52.249,32.9691,98.4066,119.181,-116.073
685,VBD_npp_d20250830_t1816029_x1046748E_y063707N_l0079_s1419_v23,2025-08-30 20:43:22,6.370704,104.674767,3.71013,2025-08-30 18:16:02,2025-08-31 01:16:02,79,1419,0.409673,1,2401,0.298905,0.055,0.89333,0.4,0.909376,0.75,7.38808e-18,0.0001,3.68313e-13,999999,999999,3,Malaysian Exclusive Economic Zone,,,SVDNB_npp_d20250830_t1815555_e1817196_b71723_c20250830194309340000_oeac_ops.h5,GDNBO_npp_d20250830_t1815555_e1817196_b71723_c20250830194045994000_oeac_ops.h5,SVI04_npp_d20250830_t1815555_e1817196_b71723_c20250830194317740000_oeac_ops.dspace_rad,,eez_v11.shp,WPP_BFAR_merge.shp,vbd_mpa_r20170830.shp,VNF-VBD_npp_20120301-20151231_global_asia-enhanced_c201607211230.bitmask,vbd_landsea_r20220824.mask,timezone.shp,VBD_platforms-recurring_2015_r20170330.shp,999999,VBD_bridges_c20160811.shp,8.205034;6.250037;3.961037;-0.911653;1.234481;3.316336,95.108154;108.904648;122.486862;121.346123;107.783257;94.088097,npp_d20250830_t1814301_e1815542_b71723;npp_d20250830_t1815555_e1817196_b71723;npp_d20250830_t1817209_e1818451_b71723;npp_d20250830_t1818463_e1820105_b71723,156.131,51.0463,32.8362,97.7036,119.645,-115.705
686,VBD_npp_d20250830_t1816064_x1046394E_y061812N_l0108_s1420_v23,2025-08-30 20:43:22,6.181181,104.639404,4.62174,2025-08-30 18:16:06,2025-08-31 02:16:06,108,1420,0.418706,1,2401,0.358429,0.055,0.817748,0.4,0.912094,0.75,8.23386e-18,0.0001,3.66058e-13,999999,999999,3,Malaysian Exclusive Economic Zone,,,SVDNB_npp_d20250830_t1815555_e1817196_b71723_c20250830194309340000_oeac_ops.h5,GDNBO_npp_d20250830_t1815555_e1817196_b71723_c20250830194045994000_oeac_ops.h5,SVI04_npp_d20250830_t1815555_e1817196_b71723_c20250830194317740000_oeac_ops.dspace_rad,,eez_v11.shp,WPP_BFAR_merge.shp,vbd_mpa_r20170830.shp,VNF-VBD_npp_20120301-20151231_global_asia-enhanced_c201607211230.bitmask,vbd_landsea_r20220824.mask,timezone.shp,VBD_platforms-recurring_2015_r20170330.shp,999999,VBD_bridges_c20160811.shp,8.205034;6.250037;3.961037;-0.911653;1.234481;3.316336,95.108154;108.904648;122.486862;121.346123;107.783257;94.088097,npp_d20250830_t1814301_e1815542_b71723;npp_d20250830_t1815555_e1817196_b71723;npp_d20250830_t1817209_e1818451_b71723;npp_d20250830_t1818463_e1820105_b71723,156.265,51.3499,32.7868,97.998,119.545,-115.797
690,VBD_npp_d20250830_t1816046_x1046981E_y063424N_l0083_s1424_v23,2025-08-30 20:43:22,6.342449,104.698128,16.6613,2025-08-30 18:16:04,2025-08-31 01:16:04,83,1424,0.407895,1,2401,0.770504,0.055,0.901659,0.4,0.980787,0.75,7.31226e-18,0.0001,3.73272e-13,999999,999999,3,Malaysian Exclusive Economic Zone,,,SVDNB_npp_d20250830_t1815555_e1817196_b71723_c20250830194309340000_oeac_ops.h5,GDNBO_npp_d20250830_t1815555_e1817196_b71723_c20250830194045994000_oeac_ops.h5,SVI04_npp_d20250830_t1815555_e1817196_b71723_c20250830194317740000_oeac_ops.dspace_rad,,eez_v11.shp,WPP_BFAR_merge.shp,vbd_mpa_r20170830.shp,VNF-VBD_npp_20120301-20151231_global_asia-enhanced_c201607211230.bitmask,vbd_landsea_r20220824.mask,timezone.shp,VBD_platforms-recurring_2015_r20170330.shp,999999,VBD_bridges_c20160811.shp,8.205034;6.250037;3.961037;-0.911653;1.234481;3.316336,95.108154;108.904648;122.486862;121.346123;107.783257;94.088097,npp_d20250830_t1814301_e1815542_b71723;npp_d20250830_t1815555_e1817196_b71723;npp_d20250830_t1817209_e1818451_b71723;npp_d20250830_t1818463_e1820105_b71723,156.125,51.1428,32.6093,98.8412,119.66,-115.723
698,VBD_npp_d20250830_t1816100_x1046912E_y060269N_l0130_s1433_v23,2025-08-30 20:43:22,6.026855,104.691231,5.28439,2025-08-30 18:16:10,2025-08-31 02:16:10,130,1433,0.353408,1,2401,0.390127,0.055,0.809743,0.4,0.912205,0.75,8.50596e-18,0.0001,3.58007e-13,999999,999999,3,Malaysian Exclusive Economic Zone,,,SVDNB_npp_d20250830_t1815555_e1817196_b71723_c20250830194309340000_oeac_ops.h5,GDNBO_npp_d20250830_t1815555_e1817196_b71723_c20250830194045994000_oeac_ops.h5,SVI04_npp_d20250830_t1815555_e1817196_b71723_c20250830194317740000_oeac_ops.dspace_rad,,eez_v11.shp,WPP_BFAR_merge.shp,vbd_mpa_r20170830.shp,VNF-VBD_npp_20120301-20151231_global_asia-enhanced_c201607211230.bitmask,vbd_landsea_r20220824.mask,timezone.shp,VBD_platforms-recurring_2015_r20170330.shp,999999,VBD_bridges_c20160811.shp,8.205034;6.250037;3.961037;-0.911653;1.234481;3.316336,95.108154;108.904648;122.486862;121.346123;107.783257;94.088097,npp_d20250830_t1814301_e1815542_b71723;npp_d20250830_t1815555_e1817196_b71723;npp_d20250830_t1817209_e1818451_b71723;npp_d20250830_t1818463_e1820105_b71723,156.31,51.726,32.2067,98.9678,119.537,-115.882
701,VBD_npp_d20250830_t1816082_x1047349E_y061348N_l0113_s1436_v23,2025-08-30 20:43:22,6.134804,104.734879,16.8891,2025-08-30 18:16:08,2025-08-31 02:16:08,113,1436,0.42269,1,2401,0.765448,0.055,0.902526,0.4,0.966791,0.75,7.77724e-18,0.0001,3.5792e-13,999999,999999,3,Malaysian Exclusive Economic Zone,,,SVDNB_npp_d20250830_t1815555_e1817196_b71723_c20250830194309340000_oeac_ops.h5,GDNBO_npp_d20250830_t1815555_e1817196_b71723_c20250830194045994000_oeac_ops.h5,SVI04_npp_d20250830_t1815555_e1817196_b71723_c20250830194317740000_oeac_ops.dspace_rad,,eez_v11.shp,WPP_BFAR_merge.shp,vbd_mpa_r20170830.shp,VNF-VBD_npp_20120301-20151231_global_asia-enhanced_c201607211230.bitmask,vbd_landsea_r20220824.mask,timezone.shp,VBD_platforms-recurring_2015_r20170330.shp,999999,VBD_bridges_c20160811.shp,8.205034;6.250037;3.961037;-0.911653;1.234481;3.316336,95.108154;108.904648;122.486862;121.346123;107.783257;94.088097,npp_d20250830_t1814301_e1815542_b71723;npp_d20250830_t1815555_e1817196_b71723;npp_d20250830_t1817209_e1818451_b71723;npp_d20250830_t1818463_e1820105_b71723,156.214,51.5882,32.0749,99.059,119.616,-115.833
703,VBD_npp_d20250830_t1816100_x1047099E_y059688N_l0138_s1437_v23,2025-08-30 20:43:22,5.968844,104.709915,4.3896,2025-08-30 18:16:10,2025-08-31 02:16:10,138,1437,0.256955,1,2401,0.331536,0.055,0.793772,0.4,0.911146,0.75,8.61167e-18,0.0001,3.45893e-13,999999,999999,3,Malaysian Exclusive Economic Zone,,,SVDNB_npp_d20250830_t1815555_e1817196_b71723_c20250830194309340000_oeac_ops.h5,GDNBO_npp_d20250830_t1815555_e1817196_b71723_c20250830194045994000_oeac_ops.h5,SVI04_npp_d20250830_t1815555_e1817196_b71723_c20250830194317740000_oeac_ops.dspace_rad,,eez_v11.shp,WPP_BFAR_merge.shp,vbd_mpa_r20170830.shp,VNF-VBD_npp_20120301-20151231_global_asia-enhanced_c201607211230.bitmask,vbd_landsea_r20220824.mask,timezone.shp,VBD_platforms-recurring_2015_r20170330.shp,999999,VBD_bridges_c20160811.shp,8.205034;6.250037;3.961037;-0.911653;1.234481;3.316336,95.108154;108.904648;122.486862;121.346123;107.783257;94.088097,npp_d20250830_t1814301_e1815542_b71723;npp_d20250830_t1815555_e1817196_b71723;npp_d20250830_t1817209_e1818451_b71723;npp_d20250830_t1818463_e1820105_b71723,156.331,51.8581,32.0275,98.2045,119.528,-115.913
704,VBD_npp_d20250830_t1816135_x1046726E_y057243N_l0175_s1439_v23,2025-08-30 20:43:22,5.724292,104.672630,1.28398,2025-08-30 18:16:13,2025-08-31 02:16:13,175,1439,0.0500346,8,18689,0.0578193,0.055,0.283822,0.4,0.541358,0.75,9.80287e-18,0.0001,3.35303e-13,999999,999999,3,Malaysian Exclusive Economic Zone,,,SVDNB_npp_d20250830_t1815555_e1817196_b71723_c20250830194309340000_oeac_ops.h5,GDNBO_npp_d20250830_t1815555_e1817196_b71723_c20250830194045994000_oeac_ops.h5,SVI04_npp_d20250830_t1815555_e1817196_b71723_c20250830194317740000_oeac_ops.dspace_rad,,eez_v11.shp,WPP_BFAR_merge.shp,vbd_mpa_r20170830.shp,VNF-VBD_npp_20120301-20151231_global_asia-enhanced_c201607211230.bitmask,vbd_landsea_r20220824.mask,timezone.shp,VBD_platforms-recurring_2015_r20170330.shp,0.213819,VBD_bridges_c20160811.shp,8.205034;6.250037;3.961037;-0.911653;1.234481;3.316336,95.108154;108.904648;122.486862;121.346123;107.783257;94.088097,npp_d20250830_t1814301_e1815542_b71723;npp_d20250830_t1815555_e1817196_b71723;npp_d20250830_t1817209_e1818451_b71723;npp_d20250830_t1818463_e1820105_b71723,156.499,52.2662,31.939,97.7355,119.401,-116.03
706,VBD_npp_d20250830_t1815593_x1048730E_y066329N_l0036_s1440_v23,2025-08-30 20:43:22,6.632905,104.873016,5.99211,2025-08-30 18:15:59,2025-08-31 01:15:59,36,1440,0.382999,1,2401,0.411548,0.055,0.818557,0.4,0.932525,0.75,5.64955e-18,0.0001,3.60887e-13,999999,999999,3,Vietnamese Exclusive Economic Zone,,,SVDNB_npp_d20250830_t1815555_e1817196_b71723_c20250830194309340000_oeac_ops.h5,GDNBO_npp_d20250830_t1815555_e1817196_b71723_c20250830194045994000_oeac_ops.h5,SVI04_npp_d20250830_t1815555_e1817196_b71723_c20250830194317740000_oeac_ops.dspace_rad,,eez_v11.shp,WPP_BFAR_merge.shp,vbd_mpa_r20170830.shp,VNF-VBD_npp_20120301-20151231_global_asia-enhanced_c201607211230.bitmask,vbd_landsea_r20220824.mask,timezone.shp,VBD_platforms-recurring_2015_r20170330.shp,999999,VBD_bridges_c20160811.shp,8.205034;6.250037;3.961037;-0.911653;1.234481;3.316336,95.108154;108.904648;122.486862;121.346123;107.783257;94.088097,npp_d20250830_t1814301_e1815542_b71723;npp_d20250830_t1815555_e1817196_b71723;npp_d20250830_t1817209_e1818451_b71723;npp_d20250830_t1818463_e1820105_b71723,155.824,50.8677,31.8942,98.75,119.921,-115.597
708,VBD_npp_d20250830_t1816153_x1046762E_y056639N_l0184_s1442_v23,2025-08-30 20:43:22,5.663858,104.676208,1.55971,2025-08-30 18:16:15,2025-08-31 02:16:15,184,1442,0.108077,8,18689,0.0749396,0.055,0.308705,0.4,0.550879,0.75,9.95415e-18,0.0001,3.37026e-13,999999,999999,3,Malaysian Exclusive Economic Zone,,,SVDNB_npp_d20250830_t1815555_e1817196_b71723_c20250830194309340000_oeac_ops.h5,GDNBO_npp_d20250830_t1815555_e1817196_b71723_c20250830194045994000_oeac_ops.h5,SVI04_npp_d20250830_t1815555_e1817196_b71723_c20250830194317740000_oeac_ops.dspace_rad,,eez_v11.shp,WPP_BFAR_merge.shp,vbd_mpa_r20170830.shp,VNF-VBD_npp_20120301-20151231_global_asia-enhanced_c201607211230.bitmask,vbd_landsea_r20220824.mask,timezone.shp,VBD_platforms-recurring_2015_r20170330.shp,0.67173,VBD_bridges_c20160811.shp,8.205034;6.250037;3.961037;-0.911653;1.234481;3.316336,95.108154;108.904648;122.486862;121.346123;107.783257;94.088097,npp_d20250830_t1814301_e1815542_b71723;npp_d20250830_t1815555_e1817196_b71723;npp_d20250830_t1817209_e1818451_b71723;npp_d20250830_t1818463_e1820105_b71723,156.527,52.3927,31.806,98.4142,119.385,-116.061
710,VBD_npp_d20250830_t1815575_x1049141E_y067206N_l0022_s1443_v23,2025-08-30 20:43:22,6.720606,104.914139,1.33754,2025-08-30 18:15:57,2025-08-31 01:15:57,22,1443,0.322039,10,2305,0.0643834,0.055,0.309508,0.4,0.538075,0.75,5.24004e-18,0.0001,3.57639e-13,999999,999999,3,Vietnamese Exclusive Economic Zone,,,SVDNB_npp_d20250830_t1815555_e1817196_b71723_c20250830194309340000_oeac_ops.h5,GDNBO_npp_d20250830_t1815555_e1817196_b71723_c20250830194045994000_oeac_ops.h5,SVI04_npp_d20250830_t1815555_e1817196_b71723_c20250830194317740000_oeac_ops.dspace_rad,,eez_v11.shp,WPP_BFAR_merge.shp,vbd_mpa_r20170830.shp,VNF-VBD_npp_20120301-20151231_global_asia-enhanced_c201607211230.bitmask,vbd_landsea_r20220824.mask,timezone.shp,VBD_platforms-recurring_2015_r20170330.shp,999999,VBD_bridges_c20160811.shp,8.205034;6.250037;3.961037;-0.911653;1.234481;3.316336,95.108154;108.904648;122.486862;121.346123;107.783257;94.088097,npp_d20250830_t1814301_e1815542_b71723;npp_d20250830_t1815555_e1817196_b71723;npp_d20250830_t1817209_e1818451_b71723;npp_d20250830_t1818463_e1820105_b71723,155.743,50.7675,31.7577,98.5511,119.989,-115.557
712,VBD_npp_d20250830_t1815557_x1049606E_y068011N_l0009_s1447_v23,2025-08-30 20:43:22,6.801142,104.960648,3.35239,2025-08-30 18:15:55,2025-08-31 01:15:55,9,1447,0.278223,2,2337,0.203891,0.055,0.576756,0.4,0.749433,0.75,4.83668e-18,0.0001,3.52557e-13,999999,999999,3,Vietnamese Exclusive Economic Zone,,,SVDNB_npp_d20250830_t1815555_e1817196_b71723_c20250830194309340000_oeac_ops.h5,GDNBO_npp_d20250830_t1815555_e1817196_b71723_c20250830194045994000_oeac_ops.h5,SVI04_npp_d20250830_t1815555_e1817196_b71723_c20250830194317740000_oeac_ops.dspace_rad,,eez_v11.shp,WPP_BFAR_merge.shp,vbd_mpa_r20170830.shp,VNF-VBD_npp_20120301-20151231_global_asia-enhanced_c201607211230.bitmask,vbd_landsea_r20220824.mask,timezone.shp,VBD_platforms-recurring_2015_r20170330.shp,999999,VBD_bridges_c20160811.shp,8.205034;6.250037;3.961037;-0.911653;1.234481;3.316336,95.108154;108.904648;122.486862;121.346123;107.783257;94.088097,npp_d20250830_t1814301_e1815542_b71723;npp_d20250830_t1815555_e1817196_b71723;npp_d20250830_t1817209_e1818451_b71723;npp_d20250830_t1818463_e1820105_b71723,155.662,50.6885,31.5788,98.2606,120.058,-115.521
718,VBD_npp_d20250830_t1816046_x1049230E_y062946N_l0085_s1458_v23,2025-08-30 20:43:22,6.294631,104.923004,4.23049,2025-08-30 18:16:04,2025-08-31 01:16:04,85,1458,0.35668,1,2401,0.33534,0.055,0.749138,0.4,0.751988,0.75,6.13734e-18,0.0001,3.36105e-13,999999,999999,3,Malaysian Exclusive Economic Zone,,,SVDNB_npp_d20250830_t1815555_e1817196_b71723_c20250830194309340000_oeac_ops.h5,GDNBO_npp_d20250830_t1815555_e1817196_b71723_c20250830194045994000_oeac_ops.h5,SVI04_npp_d20250830_t1815555_e1817196_b71723_c20250830194317740000_oeac_ops.dspace_rad,,eez_v11.shp,WPP_BFAR_merge.shp,vbd_mpa_r20170830.shp,VNF-VBD_npp_20120301-20151231_global_asia-enhanced_c201607211230.bitmask,vbd_landsea_r20220824.mask,timezone.shp,VBD_platforms-recurring_2015_r20170330.shp,999999,VBD_bridges_c20160811.shp,8.205034;6.250037;3.961037;-0.911653;1.234481;3.316336,95.108154;108.904648;122.486862;121.346123;107.783257;94.088097,npp_d20250830_t1814301_e1815542_b71723;npp_d20250830_t1815555_e1817196_b71723;npp_d20250830_t1817209_e1818451_b71723;npp_d20250830_t1818463_e1820105_b71723,155.98,51.566,31.0873,98.6871,119.839,-115.776
723,VBD_npp_d20250830_t1816171_x1047736E_y055482N_l0199_s1460_v23,2025-08-30 20:43:22,5.548246,104.773575,5.66755,2025-08-30 18:16:17,2025-08-31 02:16:17,199,1460,0.0237872,4,100645,0.279001,0.055,0.613748,0.4,0.706854,0.75,9.38223e-18,0.0001,3.19598e-13,999999,999999,3,Malaysian Exclusive Economic Zone,,,SVDNB_npp_d20250830_t1815555_e1817196_b71723_c20250830194309340000_oeac_ops.h5,GDNBO_npp_d20250830_t1815555_e1817196_b71723_c20250830194045994000_oeac_ops.h5,SVI04_npp_d20250830_t1815555_e1817196_b71723_c20250830194317740000_oeac_ops.dspace_rad,,eez_v11.shp,WPP_BFAR_merge.shp,vbd_mpa_r20170830.shp,VNF-VBD_npp_20120301-20151231_global_asia-enhanced_c201607211230.bitmask,vbd_landsea_r20220824.mask,timezone.shp,VBD_platforms-recurring_2015_r20170330.shp,999999,VBD_bridges_c20160811.shp,8.205034;6.250037;3.961037;-0.911653;1.234481;3.316336,95.108154;108.904648;122.486862;121.346123;107.783257;94.088097,npp_d20250830_t1814301_e1815542_b71723;npp_d20250830_t1815555_e1817196_b71723;npp_d20250830_t1817209_e1818451_b71723;npp_d20250830_t1818463_e1820105_b71723,156.515,52.7602,30.999,98.5311,119.427,-116.133
727,VBD_npp_d20250830_t1816064_x1049416E_y061498N_l0106_s1465_v23,2025-08-30 20:43:22,6.149758,104.941551,8.00062,2025-08-30 18:16:06,2025-08-31 02:16:06,106,1465,0.376881,1,35169,0.520658,0.055,0.864001,0.4,0.960789,0.75,6.39519e-18,0.0001,3.23437e-13,999999,999999,3,Malaysian Exclusive Economic Zone,,,SVDNB_npp_d20250830_t1815555_e1817196_b71723_c20250830194309340000_oeac_ops.h5,GDNBO_npp_d20250830_t1815555_e1817196_b71723_c20250830194045994000_oeac_ops.h5,SVI04_npp_d20250830_t1815555_e1817196_b71723_c20250830194317740000_oeac_ops.dspace_rad,,eez_v11.shp,WPP_BFAR_merge.shp,vbd_mpa_r20170830.shp,VNF-VBD_npp_20120301-20151231_global_asia-enhanced_c201607211230.bitmask,vbd_landsea_r20220824.mask,timezone.shp,VBD_platforms-recurring_2015_r20170330.shp,999999,VBD_bridges_c20160811.shp,8.205034;6.250037;3.961037;-0.911653;1.234481;3.316336,95.108154;108.904648;122.486862;121.346123;107.783257;94.088097,npp_d20250830_t1814301_e1815542_b71723;npp_d20250830_t1815555_e1817196_b71723;npp_d20250830_t1817209_e1818451_b71723;npp_d20250830_t1818463_e1820105_b71723,156.05,51.8603,30.7713,98.2006,119.799,-115.852
759,VBD_npp_d20250830_t1816153_x1049763E_y056464N_l0180_s1486_v23,2025-08-30 20:43:22,5.646450,104.976273,32.3407,2025-08-30 18:16:15,2025-08-31 02:16:15,180,1486,0.0331054,4,100709,0.717664,0.055,0.749373,0.4,0.874151,0.75,7.49793e-18,0.0001,3.02055e-13,999999,999999,3,Malaysian Exclusive Economic Zone,,,SVDNB_npp_d20250830_t1815555_e1817196_b71723_c20250830194309340000_oeac_ops.h5,GDNBO_npp_d20250830_t1815555_e1817196_b71723_c20250830194045994000_oeac_ops.h5,SVI04_npp_d20250830_t1815555_e1817196_b71723_c20250830194317740000_oeac_ops.dspace_rad,,eez_v11.shp,WPP_BFAR_merge.shp,vbd_mpa_r20170830.shp,VNF-VBD_npp_20120301-20151231_global_asia-enhanced_c201607211230.bitmask,vbd_landsea_r20220824.mask,timezone.shp,VBD_platforms-recurring_2015_r20170330.shp,999999,VBD_bridges_c20160811.shp,8.205034;6.250037;3.961037;-0.911653;1.234481;3.316336,95.108154;108.904648;122.486862;121.346123;107.783257;94.088097,npp_d20250830_t1814301_e1815542_b71723;npp_d20250830_t1815555_e1817196_b71723;npp_d20250830_t1817209_e1818451_b71723;npp_d20250830_t1818463_e1820105_b71723,156.3,52.8691,29.7841,98.863,119.643,-116.112
773,VBD_npp_d20250830_t1816171_x1049943E_y055358N_l0196_s1492_v23,2025-08-30 20:43:22,5.535846,104.994293,2.72537,2025-08-30 18:16:17,2025-08-31 02:16:17,196,1492,0.0734366,4,100613,0.0710339,0.055,0.174039,0.4,0.306635,0.75,7.64861e-18,0.0001,2.95727e-13,999999,999999,3,Malaysian Exclusive Economic Zone,,,SVDNB_npp_d20250830_t1815555_e1817196_b71723_c20250830194309340000_oeac_ops.h5,GDNBO_npp_d20250830_t1815555_e1817196_b71723_c20250830194045994000_oeac_ops.h5,SVI04_npp_d20250830_t1815555_e1817196_b71723_c20250830194317740000_oeac_ops.dspace_rad,,eez_v11.shp,WPP_BFAR_merge.shp,vbd_mpa_r20170830.shp,VNF-VBD_npp_20120301-20151231_global_asia-enhanced_c201607211230.bitmask,vbd_landsea_r20220824.mask,timezone.shp,VBD_platforms-recurring_2015_r20170330.shp,999999,VBD_bridges_c20160811.shp,8.205034;6.250037;3.961037;-0.911653;1.234481;3.316336,95.108154;108.904648;122.486862;121.346123;107.783257;94.088097,npp_d20250830_t1814301_e1815542_b71723;npp_d20250830_t1815555_e1817196_b71723;npp_d20250830_t1817209_e1818451_b71723;npp_d20250830_t1818463_e1820105_b71723,156.347,53.1078,29.4987,98.8774,119.617,-116.171
37,VBD_npp_d20250830_t1954443_x0974546E_y135710N_l0354_s3747_v23,2025-08-30 21:56:23,13.570954,97.454575,7.16269,2025-08-30 19:54:44,2025-08-31 02:54:44,354,3747,0.0766375,8,18785,0.351717,0.1375,0.697147,0.4,0.804181,0.75,1.67907e-24,0.0001,6.77676e-12,999999,999999,3,Myanmar Exclusive Economic Zone,,,SVDNB_npp_d20250830_t1954049_e1955272_b71724_c20250830212353204000_oeac_ops.h5,GDNBO_npp_d20250830_t1954049_e1955272_b71724_c20250830212124317000_oeac_ops.h5,SVI04_npp_d20250830_t1954049_e1955272_b71724_c20250830212401809000_oeac_ops.dspace_rad,,eez_v11.shp,WPP_BFAR_merge.shp,vbd_mpa_r20170830.shp,VNF-VBD_npp_20120301-20151231_global_asia-enhanced_c201607211230.bitmask,vbd_landsea_r20220824.mask,timezone.shp,VBD_platforms-recurring_2015_r20170330.shp,0.494646,VBD_bridges_c20160811.shp,19.727884;18.037970;15.318660;10.601289;13.133382;14.917654,71.771317;86.265244;100.302696;98.886627;85.112526;70.985794,npp_d20250830_t1951140_e1952382_b71724;npp_d20250830_t1952394_e1954036_b71724;npp_d20250830_t1954049_e1955272_b71724;npp_d20250830_t1955285_e1956527_b71724,137.885,60.0969,64.6604,-78.0926,137.337,-113.261
38,VBD_npp_d20250830_t1954425_x0978044E_y135981N_l0339_s3794_v23,2025-08-30 21:56:23,13.598072,97.804359,4.0092,2025-08-30 19:54:42,2025-08-31 02:54:42,339,3794,0.0380845,1,2401,0.230275,0.1375,0.599953,0.4,0.77207,0.75,1.33048e-24,0.0001,5.67727e-12,999999,999999,3,Myanmar Exclusive Economic Zone,,,SVDNB_npp_d20250830_t1954049_e1955272_b71724_c20250830212353204000_oeac_ops.h5,GDNBO_npp_d20250830_t1954049_e1955272_b71724_c20250830212124317000_oeac_ops.h5,SVI04_npp_d20250830_t1954049_e1955272_b71724_c20250830212401809000_oeac_ops.dspace_rad,,eez_v11.shp,WPP_BFAR_merge.shp,vbd_mpa_r20170830.shp,VNF-VBD_npp_20120301-20151231_global_asia-enhanced_c201607211230.bitmask,vbd_landsea_r20220824.mask,timezone.shp,VBD_platforms-recurring_2015_r20170330.shp,999999,VBD_bridges_c20160811.shp,19.727884;18.037970;15.318660;10.601289;13.133382;14.917654,71.771317;86.265244;100.302696;98.886627;85.112526;70.985794,npp_d20250830_t1951140_e1952382_b71724;npp_d20250830_t1952394_e1954036_b71724;npp_d20250830_t1954049_e1955272_b71724;npp_d20250830_t1955285_e1956527_b71724,137.583,60.3333,65.513,-77.9549,137.65,-113.294
39,VBD_npp_d20250830_t1954478_x0982936E_y131718N_l0387_s3879_v23,2025-08-30 21:56:23,13.171789,98.293602,4.13993,2025-08-30 19:54:47,2025-08-31 02:24:47,387,3879,0.0461223,1,2401,0.201353,0.1375,0.575467,0.4,0.755699,0.75,1.08026e-24,0.0001,4.45752e-12,999999,999999,3,Myanmar Exclusive Economic Zone,,,SVDNB_npp_d20250830_t1954049_e1955272_b71724_c20250830212353204000_oeac_ops.h5,GDNBO_npp_d20250830_t1954049_e1955272_b71724_c20250830212124317000_oeac_ops.h5,SVI04_npp_d20250830_t1954049_e1955272_b71724_c20250830212401809000_oeac_ops.dspace_rad,,eez_v11.shp,WPP_BFAR_merge.shp,vbd_mpa_r20170830.shp,VNF-VBD_npp_20120301-20151231_global_asia-enhanced_c201607211230.bitmask,vbd_landsea_r20220824.mask,timezone.shp,VBD_platforms-recurring_2015_r20170330.shp,999999,VBD_bridges_c20160811.shp,19.727884;18.037970;15.318660;10.601289;13.133382;14.917654,71.771317;86.265244;100.302696;98.886627;85.112526;70.985794,npp_d20250830_t1951140_e1952382_b71724;npp_d20250830_t1952394_e1954036_b71724;npp_d20250830_t1954049_e1955272_b71724;npp_d20250830_t1955285_e1956527_b71724,137.357,61.1223,66.9818,-77.896,137.932,-113.812
24,VBD_npp_d20250830_t1956061_x0966025E_y088041N_l0339_s3814_v23,2025-08-30 21:56:23,8.804097,96.602516,6.41652,2025-08-30 19:56:06,2025-08-31 02:56:06,339,3814,0.0879474,1,2401,0.307222,0.1375,0.659308,0.4,0.781638,0.75,1.17705e-23,0.0001,8.49774e-12,999999,999999,3,Thailand Exclusive Economic Zone,,,SVDNB_npp_d20250830_t1955285_e1956527_b71724_c20250830212351110000_oeac_ops.h5,GDNBO_npp_d20250830_t1955285_e1956527_b71724_c20250830212123949000_oeac_ops.h5,SVI04_npp_d20250830_t1955285_e1956527_b71724_c20250830212359230000_oeac_ops.dspace_rad,,eez_v11.shp,WPP_BFAR_merge.shp,vbd_mpa_r20170830.shp,VNF-VBD_npp_20120301-20151231_global_asia-enhanced_c201607211230.bitmask,vbd_landsea_r20220824.mask,timezone.shp,VBD_platforms-recurring_2015_r20170330.shp,999999,VBD_bridges_c20160811.shp,14.920135;13.127880;10.602628;5.758106;8.114988;10.015683,70.978600;85.104446;98.880714;97.577599;83.959892;70.089226,npp_d20250830_t1951140_e1952382_b71724;npp_d20250830_t1952394_e1954036_b71724;npp_d20250830_t1954049_e1955272_b71724;npp_d20250830_t1955285_e1956527_b71724,140.544,64.6271,65.8671,-79.1504,134.855,-117.523
25,VBD_npp_d20250830_t1956026_x0968294E_y089670N_l0308_s3839_v23,2025-08-30 21:56:23,8.966992,96.829407,3.31388,2025-08-30 19:56:02,2025-08-31 02:56:02,308,3839,0.202397,1,2401,0.169167,0.1375,0.516808,0.4,0.794412,0.75,9.51063e-24,0.0001,7.56503e-12,999999,999999,3,Thailand Exclusive Economic Zone,,,SVDNB_npp_d20250830_t1955285_e1956527_b71724_c20250830212351110000_oeac_ops.h5,GDNBO_npp_d20250830_t1955285_e1956527_b71724_c20250830212123949000_oeac_ops.h5,SVI04_npp_d20250830_t1955285_e1956527_b71724_c20250830212359230000_oeac_ops.dspace_rad,,eez_v11.shp,WPP_BFAR_merge.shp,vbd_mpa_r20170830.shp,VNF-VBD_npp_20120301-20151231_global_asia-enhanced_c201607211230.bitmask,vbd_landsea_r20220824.mask,timezone.shp,VBD_platforms-recurring_2015_r20170330.shp,999999,VBD_bridges_c20160811.shp,14.920135;13.127880;10.602628;5.758106;8.114988;10.015683,70.978600;85.104446;98.880714;97.577599;83.959892;70.089226,npp_d20250830_t1951140_e1952382_b71724;npp_d20250830_t1952394_e1954036_b71724;npp_d20250830_t1954049_e1955272_b71724;npp_d20250830_t1955285_e1956527_b71724,140.284,64.5905,66.3156,-79.0406,135.113,-117.444
26,VBD_npp_d20250830_t1956150_x0970285E_y081519N_l0424_s3898_v23,2025-08-30 21:56:23,8.151861,97.028450,3.65374,2025-08-30 19:56:15,2025-08-31 02:56:15,424,3898,0.130555,2,2337,0.203094,0.1375,0.648065,0.4,0.736583,0.75,1.03475e-23,0.0001,6.67918e-12,999999,999999,3,Thailand Exclusive Economic Zone,,,SVDNB_npp_d20250830_t1955285_e1956527_b71724_c20250830212351110000_oeac_ops.h5,GDNBO_npp_d20250830_t1955285_e1956527_b71724_c20250830212123949000_oeac_ops.h5,SVI04_npp_d20250830_t1955285_e1956527_b71724_c20250830212359230000_oeac_ops.dspace_rad,,eez_v11.shp,WPP_BFAR_merge.shp,vbd_mpa_r20170830.shp,VNF-VBD_npp_20120301-20151231_global_asia-enhanced_c201607211230.bitmask,vbd_landsea_r20220824.mask,timezone.shp,VBD_platforms-recurring_2015_r20170330.shp,999999,VBD_bridges_c20160811.shp,14.920135;13.127880;10.602628;5.758106;8.114988;10.015683,70.978600;85.104446;98.880714;97.577599;83.959892;70.089226,npp_d20250830_t1951140_e1952382_b71724;npp_d20250830_t1952394_e1954036_b71724;npp_d20250830_t1954049_e1955272_b71724;npp_d20250830_t1955285_e1956527_b71724,140.402,65.6459,67.3081,-79.0305,134.952,-118.226
27,VBD_npp_d20250830_t1956150_x0970578E_y081181N_l0428_s3903_v23,2025-08-30 21:56:23,8.118118,97.057785,5.92836,2025-08-30 19:56:15,2025-08-31 02:56:15,428,3903,0.173233,1,2401,0.297717,0.1375,0.706272,0.4,0.854876,0.75,1.02291e-23,0.0001,6.57953e-12,999999,999999,3,Thailand Exclusive Economic Zone,,,SVDNB_npp_d20250830_t1955285_e1956527_b71724_c20250830212351110000_oeac_ops.h5,GDNBO_npp_d20250830_t1955285_e1956527_b71724_c20250830212123949000_oeac_ops.h5,SVI04_npp_d20250830_t1955285_e1956527_b71724_c20250830212359230000_oeac_ops.dspace_rad,,eez_v11.shp,WPP_BFAR_merge.shp,vbd_mpa_r20170830.shp,VNF-VBD_npp_20120301-20151231_global_asia-enhanced_c201607211230.bitmask,vbd_landsea_r20220824.mask,timezone.shp,VBD_platforms-recurring_2015_r20170330.shp,999999,VBD_bridges_c20160811.shp,14.920135;13.127880;10.602628;5.758106;8.114988;10.015683,70.978600;85.104446;98.880714;97.577599;83.959892;70.089226,npp_d20250830_t1951140_e1952382_b71724;npp_d20250830_t1952394_e1954036_b71724;npp_d20250830_t1954049_e1955272_b71724;npp_d20250830_t1955285_e1956527_b71724,140.39,65.7017,67.3935,-78.9039,134.962,-118.264
28,VBD_npp_d20250830_t1955377_x0980808E_y101986N_l0086_s3968_v23,2025-08-30 21:56:23,10.198648,98.080841,24.6263,2025-08-30 19:55:37,2025-08-31 02:25:37,86,3968,0.0895834,1,2401,0.701152,0.1375,0.745145,0.4,0.795733,0.75,2.68968e-24,0.0001,4.42788e-12,999999,999999,3,Myanmar Exclusive Economic Zone,,,SVDNB_npp_d20250830_t1955285_e1956527_b71724_c20250830212351110000_oeac_ops.h5,GDNBO_npp_d20250830_t1955285_e1956527_b71724_c20250830212123949000_oeac_ops.h5,SVI04_npp_d20250830_t1955285_e1956527_b71724_c20250830212359230000_oeac_ops.dspace_rad,,eez_v11.shp,WPP_BFAR_merge.shp,vbd_mpa_r20170830.shp,VNF-VBD_npp_20120301-20151231_global_asia-enhanced_c201607211230.bitmask,vbd_landsea_r20220824.mask,timezone.shp,VBD_platforms-recurring_2015_r20170330.shp,999999,VBD_bridges_c20160811.shp,14.920135;13.127880;10.602628;5.758106;8.114988;10.015683,70.978600;85.104446;98.880714;97.577599;83.959892;70.089226,npp_d20250830_t1951140_e1952382_b71724;npp_d20250830_t1952394_e1954036_b71724;npp_d20250830_t1954049_e1955272_b71724;npp_d20250830_t1955285_e1956527_b71724,138.731,64.0556,68.4379,-78.458,136.667,-116.665
29,VBD_npp_d20250830_t1955377_x0980890E_y102030N_l0085_s3969_v23,2025-08-30 21:56:23,10.203015,98.088982,16.1231,2025-08-30 19:55:37,2025-08-31 02:25:37,85,3969,0.0863114,7,2337,0.420005,0.17875,0.745145,0.4,0.71182,0.75,2.68199e-24,0.0001,4.4142e-12,999999,999999,3,,,,SVDNB_npp_d20250830_t1955285_e1956527_b71724_c20250830212351110000_oeac_ops.h5,GDNBO_npp_d20250830_t1955285_e1956527_b71724_c20250830212123949000_oeac_ops.h5,SVI04_npp_d20250830_t1955285_e1956527_b71724_c20250830212359230000_oeac_ops.dspace_rad,,eez_v11.shp,WPP_BFAR_merge.shp,vbd_mpa_r20170830.shp,VNF-VBD_npp_20120301-20151231_global_asia-enhanced_c201607211230.bitmask,vbd_landsea_r20220824.mask,timezone.shp,VBD_platforms-recurring_2015_r20170330.shp,999999,VBD_bridges_c20160811.shp,14.920135;13.127880;10.602628;5.758106;8.114988;10.015683,70.978600;85.104446;98.880714;97.577599;83.959892;70.089226,npp_d20250830_t1951140_e1952382_b71724;npp_d20250830_t1952394_e1954036_b71724;npp_d20250830_t1954049_e1955272_b71724;npp_d20250830_t1955285_e1956527_b71724,138.722,64.0566,68.4543,-78.4818,136.676,-116.663
30,VBD_npp_d20250830_t1955394_x0980636E_y101148N_l0099_s3969_v23,2025-08-30 21:56:23,10.114751,98.063644,4.76844,2025-08-30 19:55:39,2025-08-31 02:25:39,99,3969,0.0609887,1,2401,0.17959,0.17875,0.483327,0.4,0.772327,0.75,2.7956e-24,0.0001,4.4502e-12,999999,999999,3,Myanmar Exclusive Economic Zone,,,SVDNB_npp_d20250830_t1955285_e1956527_b71724_c20250830212351110000_oeac_ops.h5,GDNBO_npp_d20250830_t1955285_e1956527_b71724_c20250830212123949000_oeac_ops.h5,SVI04_npp_d20250830_t1955285_e1956527_b71724_c20250830212359230000_oeac_ops.dspace_rad,,eez_v11.shp,WPP_BFAR_merge.shp,vbd_mpa_r20170830.shp,VNF-VBD_npp_20120301-20151231_global_asia-enhanced_c201607211230.bitmask,vbd_landsea_r20220824.mask,timezone.shp,VBD_platforms-recurring_2015_r20170330.shp,999999,VBD_bridges_c20160811.shp,14.920135;13.127880;10.602628;5.758106;8.114988;10.015683,70.978600;85.104446;98.880714;97.577599;83.959892;70.089226,npp_d20250830_t1951140_e1952382_b71724;npp_d20250830_t1952394_e1954036_b71724;npp_d20250830_t1954049_e1955272_b71724;npp_d20250830_t1955285_e1956527_b71724,138.776,64.1352,68.4549,-78.5648,136.621,-116.74
31,VBD_npp_d20250830_t1955377_x0981070E_y101856N_l0087_s3972_v23,2025-08-30 21:56:23,10.185603,98.106995,6.55779,2025-08-30 19:55:37,2025-08-31 02:25:37,87,3972,0.0929977,1,2401,0.253487,0.17875,0.710276,0.4,0.79261,0.75,2.69736e-24,0.0001,4.38084e-12,999999,999999,3,Myanmar Exclusive Economic Zone,,,SVDNB_npp_d20250830_t1955285_e1956527_b71724_c20250830212351110000_oeac_ops.h5,GDNBO_npp_d20250830_t1955285_e1956527_b71724_c20250830212123949000_oeac_ops.h5,SVI04_npp_d20250830_t1955285_e1956527_b71724_c20250830212359230000_oeac_ops.dspace_rad,,eez_v11.shp,WPP_BFAR_merge.shp,vbd_mpa_r20170830.shp,VNF-VBD_npp_20120301-20151231_global_asia-enhanced_c201607211230.bitmask,vbd_landsea_r20220824.mask,timezone.shp,VBD_platforms-recurring_2015_r20170330.shp,999999,VBD_bridges_c20160811.shp,14.920135;13.127880;10.602628;5.758106;8.114988;10.015683,70.978600;85.104446;98.880714;97.577599;83.959892;70.089226,npp_d20250830_t1951140_e1952382_b71724;npp_d20250830_t1952394_e1954036_b71724;npp_d20250830_t1954049_e1955272_b71724;npp_d20250830_t1955285_e1956527_b71724,138.713,64.0864,68.5029,-78.4209,136.684,-116.685
0,,,999999.000000,999999.000000,999999,,,999999,999999,999999,999999,999999,999999,999999,999999,999999,999999,999999,999999,999999,999999,999999,999999,999999,,,,SVDNB_npp_d20250830_t1956539_e1958181_b71724_c20250830212412539000_oeac_ops.h5,GDNBO_npp_d20250830_t1956539_e1958181_b71724_c20250830212125589000_oeac_ops.h5,SVI04_npp_d20250830_t1956539_e1958181_b71724_c20250830212424918000_oeac_ops.dspace_rad,,eez_v11.shp,WPP_BFAR_merge.shp,vbd_mpa_r20170830.shp,VNF-VBD_npp_20120301-20151231_global_asia-enhanced_c201607211230.bitmask,vbd_landsea_r20220824.mask,timezone.shp,VBD_platforms-recurring_2015_r20170330.shp,999999,VBD_bridges_c20160811.shp,10.018421;8.109569;5.759468;0.894736;3.094866;5.125387,70.082382;83.951874;97.571907;96.389709;82.826790;69.100365,npp_d20250830_t1956539_e1958181_b71724;npp_d20250830_t1958193_e1959435_b71724;npp_d20250830_t1959447_e2001089_b71724;npp_d20250830_t2001101_e2002343_b71724,999999,999999,999999,999999,999999,999999
