id,id_Key,Date_Proc,Lat_DNB,Lon_DNB,Rad_DNB,Date_Mscan,Date_LTZ,Line_DNB,Sample_DNB,Rad_I04,QF_Detect,QF_Bitflag,SMI,Thr_SMI,SI,Thr_SI,SHI,Thr_SHI,LI,Thr_LI,Glint,Thr_Gl_SMI,Xcorr,Land_Mask,EEZ,FMZ,MPA,File_DNB,File_GDNB,File_I04,File_VNF,File_EEZ,File_FMZ,File_MPA,File_FLM,File_LSM,File_LTZ,File_RLP,Dist_RLP,File_RLV,Lat_Gring,Lon_Gring,Gran_List,SOLZ_GDNBO,SOLA_GDNBO,SATZ_GDNBO,SATA_GDNBO,LUNZ_GDNBO,LUNA_GDNBO
1,VBD_npp_d20250905_t1802342_x0996030E_y111242N_l0344_s0111_v23,2025-09-05 20:30:22,11.124200,99.603020,29.4159,2025-09-05 18:02:34,2025-09-06 01:02:34,344,111,0.234762,1,2529,0.534676,0.184646,0.760465,0.4,0.821165,0.75,0.0835716,0.0001,1.13496e-05,999999,-5.101769e-02,3,Thailand Exclusive Economic Zone,,,SVDNB_npp_d20250905_t1801566_e1803207_b71808_c20250905192922630000_oeac_ops.h5,GDNBO_npp_d20250905_t1801566_e1803207_b71808_c20250905192654928000_oeac_ops.h5,SVI04_npp_d20250905_t1801566_e1803207_b71808_c20250905192931487000_oeac_ops.dspace_rad,,eez_v11.shp,WPP_BFAR_merge.shp,vbd_mpa_r20170830.shp,VNF-VBD_npp_20120301-20151231_global_asia-enhanced_c201607211230.bitmask,vbd_landsea_r20220824.mask,timezone.shp,VBD_platforms-recurring_2015_r20170330.shp,999999,VBD_bridges_c20160811.shp,13.403646;11.577552;9.108135;4.256561;6.563685;8.502801,99.241707;113.259460;126.977585;125.711174;112.121765;98.310982,npp_d20250905_t1800311_e1801553_b71808;npp_d20250905_t1801566_e1803207_b71808;npp_d20250905_t1803220_e1804461_b71808;npp_d20250905_t1804474_e1806115_b71808,159.445,31.3994,68.4894,96.5381,45.6317,-130.314
2,VBD_npp_d20250905_t1802342_x0996206E_y111507N_l0340_s0113_v23,2025-09-05 20:30:22,11.150691,99.620590,25.5186,2025-09-05 18:02:34,2025-09-06 01:02:34,340,113,0.22395,1,2529,0.434583,0.181952,0.738779,0.4,0.778146,0.75,0.0835142,0.0001,1.08592e-05,999999,-2.887941e-02,3,Thailand Exclusive Economic Zone,,,SVDNB_npp_d20250905_t1801566_e1803207_b71808_c20250905192922630000_oeac_ops.h5,GDNBO_npp_d20250905_t1801566_e1803207_b71808_c20250905192654928000_oeac_ops.h5,SVI04_npp_d20250905_t1801566_e1803207_b71808_c20250905192931487000_oeac_ops.dspace_rad,,eez_v11.shp,WPP_BFAR_merge.shp,vbd_mpa_r20170830.shp,VNF-VBD_npp_20120301-20151231_global_asia-enhanced_c201607211230.bitmask,vbd_landsea_r20220824.mask,timezone.shp,VBD_platforms-recurring_2015_r20170330.shp,999999,VBD_bridges_c20160811.shp,13.403646;11.577552;9.108135;4.256561;6.563685;8.502801,99.241707;113.259460;126.977585;125.711174;112.121765;98.310982,npp_d20250905_t1800311_e1801553_b71808;npp_d20250905_t1801566_e1803207_b71808;npp_d20250905_t1803220_e1804461_b71808;npp_d20250905_t1804474_e1806115_b71808,159.413,31.4053,68.4565,96.6628,45.6624,-130.32
3,VBD_npp_d20250905_t1802342_x0996189E_y110797N_l0350_s0114_v23,2025-09-05 20:30:22,11.079674,99.618896,19.3653,2025-09-05 18:02:34,2025-09-06 01:02:34,350,114,0.237109,2,2465,0.360571,0.193509,0.71754,0.4,0.708534,0.75,0.0836029,0.0001,1.25966e-05,999999,-1.238717e-01,3,Thailand Exclusive Economic Zone,,,SVDNB_npp_d20250905_t1801566_e1803207_b71808_c20250905192922630000_oeac_ops.h5,GDNBO_npp_d20250905_t1801566_e1803207_b71808_c20250905192654928000_oeac_ops.h5,SVI04_npp_d20250905_t1801566_e1803207_b71808_c20250905192931487000_oeac_ops.dspace_rad,,eez_v11.shp,WPP_BFAR_merge.shp,vbd_mpa_r20170830.shp,VNF-VBD_npp_20120301-20151231_global_asia-enhanced_c201607211230.bitmask,vbd_landsea_r20220824.mask,timezone.shp,VBD_platforms-recurring_2015_r20170330.shp,999999,VBD_bridges_c20160811.shp,13.403646;11.577552;9.108135;4.256561;6.563685;8.502801,99.241707;113.259460;126.977585;125.711174;112.121765;98.310982,npp_d20250905_t1800311_e1801553_b71808;npp_d20250905_t1801566_e1803207_b71808;npp_d20250905_t1803220_e1804461_b71808;npp_d20250905_t1804474_e1806115_b71808,159.474,31.5,68.4416,96.3592,45.6146,-130.267
4,VBD_npp_d20250905_t1802324_x0996716E_y111644N_l0336_s0119_v23,2025-09-05 20:30:22,11.164395,99.671631,21.9681,2025-09-05 18:02:32,2025-09-06 01:02:32,336,119,0.240097,2,2465,0.424275,0.169369,0.684026,0.4,0.741429,0.75,0.0834201,0.0001,1.28941e-05,999999,7.454580e-02,3,Thailand Exclusive Economic Zone,,,SVDNB_npp_d20250905_t1801566_e1803207_b71808_c20250905192922630000_oeac_ops.h5,GDNBO_npp_d20250905_t1801566_e1803207_b71808_c20250905192654928000_oeac_ops.h5,SVI04_npp_d20250905_t1801566_e1803207_b71808_c20250905192931487000_oeac_ops.dspace_rad,,eez_v11.shp,WPP_BFAR_merge.shp,vbd_mpa_r20170830.shp,VNF-VBD_npp_20120301-20151231_global_asia-enhanced_c201607211230.bitmask,vbd_landsea_r20220824.mask,timezone.shp,VBD_platforms-recurring_2015_r20170330.shp,999999,VBD_bridges_c20160811.shp,13.403646;11.577552;9.108135;4.256561;6.563685;8.502801,99.241707;113.259460;126.977585;125.711174;112.121765;98.310982,npp_d20250905_t1800311_e1801553_b71808;npp_d20250905_t1801566_e1803207_b71808;npp_d20250905_t1803220_e1804461_b71808;npp_d20250905_t1804474_e1806115_b71808,159.379,31.4918,68.3608,96.2842,45.7046,-130.294
5,VBD_npp_d20250905_t1802342_x0996567E_y110968N_l0347_s0119_v23,2025-09-05 20:30:22,11.096777,99.656662,17.2135,2025-09-05 18:02:34,2025-09-06 01:02:34,347,119,0.259089,2,2465,0.383118,0.187265,0.676156,0.4,0.714796,0.75,0.0835278,0.0001,1.24648e-05,999999,-7.254634e-02,3,Thailand Exclusive Economic Zone,,,SVDNB_npp_d20250905_t1801566_e1803207_b71808_c20250905192922630000_oeac_ops.h5,GDNBO_npp_d20250905_t1801566_e1803207_b71808_c20250905192654928000_oeac_ops.h5,SVI04_npp_d20250905_t1801566_e1803207_b71808_c20250905192931487000_oeac_ops.dspace_rad,,eez_v11.shp,WPP_BFAR_merge.shp,vbd_mpa_r20170830.shp,VNF-VBD_npp_20120301-20151231_global_asia-enhanced_c201607211230.bitmask,vbd_landsea_r20220824.mask,timezone.shp,VBD_platforms-recurring_2015_r20170330.shp,999999,VBD_bridges_c20160811.shp,13.403646;11.577552;9.108135;4.256561;6.563685;8.502801,99.241707;113.259460;126.977585;125.711174;112.121765;98.310982,npp_d20250905_t1800311_e1801553_b71808;npp_d20250905_t1801566_e1803207_b71808;npp_d20250905_t1803220_e1804461_b71808;npp_d20250905_t1804474_e1806115_b71808,159.44,31.5676,68.3598,96.4574,45.6544,-130.249
6,VBD_npp_d20250905_t1802342_x0996549E_y110828N_l0349_s0119_v23,2025-09-05 20:30:22,11.082767,99.654900,19.6024,2025-09-05 18:02:34,2025-09-06 01:02:34,349,119,0.255816,1,2529,0.393912,0.175184,0.676156,0.4,0.772799,0.75,0.0835474,0.0001,1.28214e-05,999999,2.675107e-02,3,Thailand Exclusive Economic Zone,,,SVDNB_npp_d20250905_t1801566_e1803207_b71808_c20250905192922630000_oeac_ops.h5,GDNBO_npp_d20250905_t1801566_e1803207_b71808_c20250905192654928000_oeac_ops.h5,SVI04_npp_d20250905_t1801566_e1803207_b71808_c20250905192931487000_oeac_ops.dspace_rad,,eez_v11.shp,WPP_BFAR_merge.shp,vbd_mpa_r20170830.shp,VNF-VBD_npp_20120301-20151231_global_asia-enhanced_c201607211230.bitmask,vbd_landsea_r20220824.mask,timezone.shp,VBD_platforms-recurring_2015_r20170330.shp,999999,VBD_bridges_c20160811.shp,13.403646;11.577552;9.108135;4.256561;6.563685;8.502801,99.241707;113.259460;126.977585;125.711174;112.121765;98.310982,npp_d20250905_t1800311_e1801553_b71808;npp_d20250905_t1801566_e1803207_b71808;npp_d20250905_t1803220_e1804461_b71808;npp_d20250905_t1804474_e1806115_b71808,159.453,31.5829,68.3602,96.3963,45.6439,-130.24
7,VBD_npp_d20250905_t1802342_x0996723E_y111660N_l0337_s0120_v23,2025-09-05 20:30:22,11.166024,99.672325,18.8226,2025-09-05 18:02:34,2025-09-06 01:02:34,337,120,0.244933,1,2529,0.392617,0.188758,0.684026,0.4,0.760728,0.75,0.0834208,0.0001,1.08829e-05,999999,-8.481368e-02,3,Thailand Exclusive Economic Zone,,,SVDNB_npp_d20250905_t1801566_e1803207_b71808_c20250905192922630000_oeac_ops.h5,GDNBO_npp_d20250905_t1801566_e1803207_b71808_c20250905192654928000_oeac_ops.h5,SVI04_npp_d20250905_t1801566_e1803207_b71808_c20250905192931487000_oeac_ops.dspace_rad,,eez_v11.shp,WPP_BFAR_merge.shp,vbd_mpa_r20170830.shp,VNF-VBD_npp_20120301-20151231_global_asia-enhanced_c201607211230.bitmask,vbd_landsea_r20220824.mask,timezone.shp,VBD_platforms-recurring_2015_r20170330.shp,999999,VBD_bridges_c20160811.shp,13.403646;11.577552;9.108135;4.256561;6.563685;8.502801,99.241707;113.259460;126.977585;125.711174;112.121765;98.310982,npp_d20250905_t1800311_e1801553_b71808;npp_d20250905_t1801566_e1803207_b71808;npp_d20250905_t1803220_e1804461_b71808;npp_d20250905_t1804474_e1806115_b71808,159.373,31.5091,68.3426,96.764,45.7116,-130.289
8,VBD_npp_d20250905_t1802395_x0996576E_y108186N_l0390_s0127_v23,2025-09-05 20:30:22,10.818562,99.657623,23.2385,2025-09-05 18:02:39,2025-09-06 01:02:39,390,127,0.194999,2,2465,0.365608,0.182984,0.55582,0.4,0.659468,0.75,0.0838747,0.0001,1.35974e-05,999999,-3.735825e-02,3,Thailand Exclusive Economic Zone,,,SVDNB_npp_d20250905_t1801566_e1803207_b71808_c20250905192922630000_oeac_ops.h5,GDNBO_npp_d20250905_t1801566_e1803207_b71808_c20250905192654928000_oeac_ops.h5,SVI04_npp_d20250905_t1801566_e1803207_b71808_c20250905192931487000_oeac_ops.dspace_rad,,eez_v11.shp,WPP_BFAR_merge.shp,vbd_mpa_r20170830.shp,VNF-VBD_npp_20120301-20151231_global_asia-enhanced_c201607211230.bitmask,vbd_landsea_r20220824.mask,timezone.shp,VBD_platforms-recurring_2015_r20170330.shp,999999,VBD_bridges_c20160811.shp,13.403646;11.577552;9.108135;4.256561;6.563685;8.502801,99.241707;113.259460;126.977585;125.711174;112.121765;98.310982,npp_d20250905_t1800311_e1801553_b71808;npp_d20250905_t1801566_e1803207_b71808;npp_d20250905_t1803220_e1804461_b71808;npp_d20250905_t1804474_e1806115_b71808,159.665,32.0171,68.2315,96.6863,45.4898,-130.017
9,VBD_npp_d20250905_t1802164_x1000598E_y120769N_l0190_s0150_v23,2025-09-05 20:30:22,12.076905,100.059769,95.0453,2025-09-05 18:02:16,2025-09-06 01:02:16,190,150,0.262218,8,18913,1.00714,0.191698,0.827806,0.4,0.932088,0.75,0.0820302,0.0001,1.09643e-05,999999,2.571984e-02,3,Thailand Exclusive Economic Zone,,,SVDNB_npp_d20250905_t1801566_e1803207_b71808_c20250905192922630000_oeac_ops.h5,GDNBO_npp_d20250905_t1801566_e1803207_b71808_c20250905192654928000_oeac_ops.h5,SVI04_npp_d20250905_t1801566_e1803207_b71808_c20250905192931487000_oeac_ops.dspace_rad,,eez_v11.shp,WPP_BFAR_merge.shp,vbd_mpa_r20170830.shp,VNF-VBD_npp_20120301-20151231_global_asia-enhanced_c201607211230.bitmask,vbd_landsea_r20220824.mask,timezone.shp,VBD_platforms-recurring_2015_r20170330.shp,0.29592,VBD_bridges_c20160811.shp,13.403646;11.577552;9.108135;4.256561;6.563685;8.502801,99.241707;113.259460;126.977585;125.711174;112.121765;98.310982,npp_d20250905_t1800311_e1801553_b71808;npp_d20250905_t1801566_e1803207_b71808;npp_d20250905_t1803220_e1804461_b71808;npp_d20250905_t1804474_e1806115_b71808,158.436,31.0266,67.8622,96.1947,46.5488,-130.711
10,VBD_npp_d20250905_t1802182_x1000650E_y120491N_l0195_s0152_v23,2025-09-05 20:30:22,12.049115,100.065002,65.4249,2025-09-05 18:02:18,2025-09-06 01:02:18,195,152,0.269047,1,2529,0.903384,0.209151,0.857606,0.4,0.929042,0.75,0.0820548,0.0001,9.83534e-06,999999,-1.054739e-01,3,Thailand Exclusive Economic Zone,,,SVDNB_npp_d20250905_t1801566_e1803207_b71808_c20250905192922630000_oeac_ops.h5,GDNBO_npp_d20250905_t1801566_e1803207_b71808_c20250905192654928000_oeac_ops.h5,SVI04_npp_d20250905_t1801566_e1803207_b71808_c20250905192931487000_oeac_ops.dspace_rad,,eez_v11.shp,WPP_BFAR_merge.shp,vbd_mpa_r20170830.shp,VNF-VBD_npp_20120301-20151231_global_asia-enhanced_c201607211230.bitmask,vbd_landsea_r20220824.mask,timezone.shp,VBD_platforms-recurring_2015_r20170330.shp,999999,VBD_bridges_c20160811.shp,13.403646;11.577552;9.108135;4.256561;6.563685;8.502801,99.241707;113.259460;126.977585;125.711174;112.121765;98.310982,npp_d20250905_t1800311_e1801553_b71808;npp_d20250905_t1801566_e1803207_b71808;npp_d20250905_t1803220_e1804461_b71808;npp_d20250905_t1804474_e1806115_b71808,158.453,31.0923,67.8254,96.5575,46.5397,-130.68
11,VBD_npp_d20250905_t1802182_x1000929E_y120530N_l0194_s0156_v23,2025-09-05 20:30:22,12.052959,100.092873,66.4639,2025-09-05 18:02:18,2025-09-06 01:02:18,194,156,0.267482,1,2529,0.850221,0.206907,0.849018,0.4,0.91425,0.75,0.0820119,0.0001,9.94081e-06,999999,-8.860749e-02,3,Thailand Exclusive Economic Zone,,,SVDNB_npp_d20250905_t1801566_e1803207_b71808_c20250905192922630000_oeac_ops.h5,GDNBO_npp_d20250905_t1801566_e1803207_b71808_c20250905192654928000_oeac_ops.h5,SVI04_npp_d20250905_t1801566_e1803207_b71808_c20250905192931487000_oeac_ops.dspace_rad,,eez_v11.shp,WPP_BFAR_merge.shp,vbd_mpa_r20170830.shp,VNF-VBD_npp_20120301-20151231_global_asia-enhanced_c201607211230.bitmask,vbd_landsea_r20220824.mask,timezone.shp,VBD_platforms-recurring_2015_r20170330.shp,999999,VBD_bridges_c20160811.shp,13.403646;11.577552;9.108135;4.256561;6.563685;8.502801,99.241707;113.259460;126.977585;125.711174;112.121765;98.310982,npp_d20250905_t1800311_e1801553_b71808;npp_d20250905_t1801566_e1803207_b71808;npp_d20250905_t1803220_e1804461_b71808;npp_d20250905_t1804474_e1806115_b71808,158.436,31.1521,67.7614,96.5939,46.5631,-130.66
12,VBD_npp_d20250905_t1802217_x1005437E_y117223N_l0236_s0227_v23,2025-09-05 20:30:22,11.722321,100.543724,29.7219,2025-09-05 18:02:21,2025-09-06 01:02:21,236,227,0.213991,4,35301,0.586377,0.185695,0.711277,0.4,0.844485,0.75,0.0816282,0.0001,1.94573e-05,999999,7.084246e-02,3,Thailand Exclusive Economic Zone,,,SVDNB_npp_d20250905_t1801566_e1803207_b71808_c20250905192922630000_oeac_ops.h5,GDNBO_npp_d20250905_t1801566_e1803207_b71808_c20250905192654928000_oeac_ops.h5,SVI04_npp_d20250905_t1801566_e1803207_b71808_c20250905192931487000_oeac_ops.dspace_rad,,eez_v11.shp,WPP_BFAR_merge.shp,vbd_mpa_r20170830.shp,VNF-VBD_npp_20120301-20151231_global_asia-enhanced_c201607211230.bitmask,vbd_landsea_r20220824.mask,timezone.shp,VBD_platforms-recurring_2015_r20170330.shp,999999,VBD_bridges_c20160811.shp,13.403646;11.577552;9.108135;4.256561;6.563685;8.502801,99.241707;113.259460;126.977585;125.711174;112.121765;98.310982,npp_d20250905_t1800311_e1801553_b71808;npp_d20250905_t1801566_e1803207_b71808;npp_d20250905_t1803220_e1804461_b71808;npp_d20250905_t1804474_e1806115_b71808,158.475,32.6704,66.5557,96.4233,46.6974,-130.034
13,VBD_npp_d20250905_t1803098_x1003086E_y089836N_l0658_s0269_v23,2025-09-05 20:30:22,8.983613,100.308640,24.7965,2025-09-05 18:03:09,2025-09-06 01:03:09,658,269,0.221816,1,2529,0.541883,0.162522,0.708073,0.4,0.805526,0.75,0.0851348,0.0001,5.34594e-05,999999,1.308287e-01,3,Thailand Exclusive Economic Zone,,,SVDNB_npp_d20250905_t1801566_e1803207_b71808_c20250905192922630000_oeac_ops.h5,GDNBO_npp_d20250905_t1801566_e1803207_b71808_c20250905192654928000_oeac_ops.h5,SVI04_npp_d20250905_t1801566_e1803207_b71808_c20250905192931487000_oeac_ops.dspace_rad,,eez_v11.shp,WPP_BFAR_merge.shp,vbd_mpa_r20170830.shp,VNF-VBD_npp_20120301-20151231_global_asia-enhanced_c201607211230.bitmask,vbd_landsea_r20220824.mask,timezone.shp,VBD_platforms-recurring_2015_r20170330.shp,999999,VBD_bridges_c20160811.shp,13.403646;11.577552;9.108135;4.256561;6.563685;8.502801,99.241707;113.259460;126.977585;125.711174;112.121765;98.310982,npp_d20250905_t1800311_e1801553_b71808;npp_d20250905_t1801566_e1803207_b71808;npp_d20250905_t1803220_e1804461_b71808;npp_d20250905_t1804474_e1806115_b71808,160.748,36.7876,65.8092,97.3412,44.9193,-127.944
14,VBD_npp_d20250905_t1803080_x1004029E_y090702N_l0643_s0280_v23,2025-09-05 20:30:22,9.070213,100.402855,33.8815,2025-09-05 18:03:08,2025-09-06 01:03:08,643,280,0.190803,1,2529,0.594081,0.158525,0.690763,0.4,0.818951,0.75,0.0848901,0.0001,5.58281e-05,999999,1.636785e-01,3,Thailand Exclusive Economic Zone,,,SVDNB_npp_d20250905_t1801566_e1803207_b71808_c20250905192922630000_oeac_ops.h5,GDNBO_npp_d20250905_t1801566_e1803207_b71808_c20250905192654928000_oeac_ops.h5,SVI04_npp_d20250905_t1801566_e1803207_b71808_c20250905192931487000_oeac_ops.dspace_rad,,eez_v11.shp,WPP_BFAR_merge.shp,vbd_mpa_r20170830.shp,VNF-VBD_npp_20120301-20151231_global_asia-enhanced_c201607211230.bitmask,vbd_landsea_r20220824.mask,timezone.shp,VBD_platforms-recurring_2015_r20170330.shp,999999,VBD_bridges_c20160811.shp,13.403646;11.577552;9.108135;4.256561;6.563685;8.502801,99.241707;113.259460;126.977585;125.711174;112.121765;98.310982,npp_d20250905_t1800311_e1801553_b71808;npp_d20250905_t1801566_e1803207_b71808;npp_d20250905_t1803220_e1804461_b71808;npp_d20250905_t1804474_e1806115_b71808,160.627,36.849,65.6157,97.302,45.0419,-127.946
15,VBD_npp_d20250905_t1803133_x1011940E_y086527N_l0691_s0403_v23,2025-09-05 20:30:22,8.652692,101.194008,18.8715,2025-09-05 18:03:13,2025-09-06 01:03:13,691,403,0.229711,2,2465,0.345873,0.217698,0.501469,0.4,0.703602,0.75,0.0840178,0.0001,0.000121604,999999,-3.226845e-01,3,Thailand Exclusive Economic Zone,,,SVDNB_npp_d20250905_t1801566_e1803207_b71808_c20250905192922630000_oeac_ops.h5,GDNBO_npp_d20250905_t1801566_e1803207_b71808_c20250905192654928000_oeac_ops.h5,SVI04_npp_d20250905_t1801566_e1803207_b71808_c20250905192931487000_oeac_ops.dspace_rad,,eez_v11.shp,WPP_BFAR_merge.shp,vbd_mpa_r20170830.shp,VNF-VBD_npp_20120301-20151231_global_asia-enhanced_c201607211230.bitmask,vbd_landsea_r20220824.mask,timezone.shp,VBD_platforms-recurring_2015_r20170330.shp,999999,VBD_bridges_c20160811.shp,13.403646;11.577552;9.108135;4.256561;6.563685;8.502801,99.241707;113.259460;126.977585;125.711174;112.121765;98.310982,npp_d20250905_t1800311_e1801553_b71808;npp_d20250905_t1801566_e1803207_b71808;npp_d20250905_t1803220_e1804461_b71808;npp_d20250905_t1804474_e1806115_b71808,160.458,39.4931,63.2965,97.4983,45.4296,-126.988
16,VBD_npp_d20250905_t1803062_x1013145E_y090394N_l0630_s0409_v23,2025-09-05 20:30:22,9.039387,101.314545,20.0124,2025-09-05 18:03:06,2025-09-06 01:03:06,630,409,0.171811,4,117157,0.39647,0.201433,0.485825,0.4,0.690556,0.75,0.0835506,0.0001,0.000116194,999999,-1.889987e-01,3,Thailand Exclusive Economic Zone,,,SVDNB_npp_d20250905_t1801566_e1803207_b71808_c20250905192922630000_oeac_ops.h5,GDNBO_npp_d20250905_t1801566_e1803207_b71808_c20250905192654928000_oeac_ops.h5,SVI04_npp_d20250905_t1801566_e1803207_b71808_c20250905192931487000_oeac_ops.dspace_rad,,eez_v11.shp,WPP_BFAR_merge.shp,vbd_mpa_r20170830.shp,VNF-VBD_npp_20120301-20151231_global_asia-enhanced_c201607211230.bitmask,vbd_landsea_r20220824.mask,timezone.shp,VBD_platforms-recurring_2015_r20170330.shp,0.313585,VBD_bridges_c20160811.shp,13.403646;11.577552;9.108135;4.256561;6.563685;8.502801,99.241707;113.259460;126.977585;125.711174;112.121765;98.310982,npp_d20250905_t1800311_e1801553_b71808;npp_d20250905_t1801566_e1803207_b71808;npp_d20250905_t1803220_e1804461_b71808;npp_d20250905_t1804474_e1806115_b71808,160.102,39.0184,63.1819,97.328,45.7392,-127.229
17,VBD_npp_d20250905_t1803133_x1013430E_y086276N_l0692_s0425_v23,2025-09-05 20:30:22,8.627649,101.343002,94.2332,2025-09-05 18:03:13,2025-09-06 01:03:13,692,425,0.246925,4,35301,0.920871,0.165739,0.766926,0.4,0.906981,0.75,0.0838089,0.0001,0.000138151,999999,1.043825e-01,3,Thailand Exclusive Economic Zone,,,SVDNB_npp_d20250905_t1801566_e1803207_b71808_c20250905192922630000_oeac_ops.h5,GDNBO_npp_d20250905_t1801566_e1803207_b71808_c20250905192654928000_oeac_ops.h5,SVI04_npp_d20250905_t1801566_e1803207_b71808_c20250905192931487000_oeac_ops.dspace_rad,,eez_v11.shp,WPP_BFAR_merge.shp,vbd_mpa_r20170830.shp,VNF-VBD_npp_20120301-20151231_global_asia-enhanced_c201607211230.bitmask,vbd_landsea_r20220824.mask,timezone.shp,VBD_platforms-recurring_2015_r20170330.shp,999999,VBD_bridges_c20160811.shp,13.403646;11.577552;9.108135;4.256561;6.563685;8.502801,99.241707;113.259460;126.977585;125.711174;112.121765;98.310982,npp_d20250905_t1800311_e1801553_b71808;npp_d20250905_t1801566_e1803207_b71808;npp_d20250905_t1803220_e1804461_b71808;npp_d20250905_t1804474_e1806115_b71808,160.384,39.8792,62.8673,97.493,45.5335,-126.857
18,VBD_npp_d20250905_t1803098_x1015043E_y088254N_l0659_s0442_v23,2025-09-05 20:30:22,8.825404,101.504272,22.4993,2025-09-05 18:03:09,2025-09-06 01:03:09,659,442,0.168539,2,2465,0.385894,0.224378,0.541586,0.4,0.68878,0.75,0.083514,0.0001,0.000141483,999999,-3.775966e-01,3,Thailand Exclusive Economic Zone,,,SVDNB_npp_d20250905_t1801566_e1803207_b71808_c20250905192922630000_oeac_ops.h5,GDNBO_npp_d20250905_t1801566_e1803207_b71808_c20250905192654928000_oeac_ops.h5,SVI04_npp_d20250905_t1801566_e1803207_b71808_c20250905192931487000_oeac_ops.dspace_rad,,eez_v11.shp,WPP_BFAR_merge.shp,vbd_mpa_r20170830.shp,VNF-VBD_npp_20120301-20151231_global_asia-enhanced_c201607211230.bitmask,vbd_landsea_r20220824.mask,timezone.shp,VBD_platforms-recurring_2015_r20170330.shp,999999,VBD_bridges_c20160811.shp,13.403646;11.577552;9.108135;4.256561;6.563685;8.502801,99.241707;113.259460;126.977585;125.711174;112.121765;98.310982,npp_d20250905_t1800311_e1801553_b71808;npp_d20250905_t1801566_e1803207_b71808;npp_d20250905_t1803220_e1804461_b71808;npp_d20250905_t1804474_e1806115_b71808,160.139,39.8577,62.5223,97.5132,45.7713,-126.906
19,VBD_npp_d20250905_t1803098_x1015005E_y087975N_l0663_s0442_v23,2025-09-05 20:30:22,8.797544,101.500519,13.2267,2025-09-05 18:03:09,2025-09-06 01:03:09,663,442,0.192154,7,2465,0.23327,0.215301,0.4973,0.4,0.573755,0.75,0.0835522,0.0001,0.000148831,999999,-3.029896e-01,3,,,,SVDNB_npp_d20250905_t1801566_e1803207_b71808_c20250905192922630000_oeac_ops.h5,GDNBO_npp_d20250905_t1801566_e1803207_b71808_c20250905192654928000_oeac_ops.h5,SVI04_npp_d20250905_t1801566_e1803207_b71808_c20250905192931487000_oeac_ops.dspace_rad,,eez_v11.shp,WPP_BFAR_merge.shp,vbd_mpa_r20170830.shp,VNF-VBD_npp_20120301-20151231_global_asia-enhanced_c201607211230.bitmask,vbd_landsea_r20220824.mask,timezone.shp,VBD_platforms-recurring_2015_r20170330.shp,999999,VBD_bridges_c20160811.shp,13.403646;11.577552;9.108135;4.256561;6.563685;8.502801,99.241707;113.259460;126.977585;125.711174;112.121765;98.310982,npp_d20250905_t1800311_e1801553_b71808;npp_d20250905_t1801566_e1803207_b71808;npp_d20250905_t1803220_e1804461_b71808;npp_d20250905_t1804474_e1806115_b71808,160.163,39.8987,62.5225,97.3661,45.7514,-126.886
20,VBD_npp_d20250905_t1803133_x1014623E_y086262N_l0690_s0442_v23,2025-09-05 20:30:22,8.626179,101.462334,12.1233,2025-09-05 18:03:13,2025-09-06 01:03:13,690,442,0.254821,8,18849,0.244679,0.20219,0.467855,0.4,0.62701,0.75,0.0836476,0.0001,0.000147635,999999,-1.952228e-01,3,Thailand Exclusive Economic Zone,,,SVDNB_npp_d20250905_t1801566_e1803207_b71808_c20250905192922630000_oeac_ops.h5,GDNBO_npp_d20250905_t1801566_e1803207_b71808_c20250905192654928000_oeac_ops.h5,SVI04_npp_d20250905_t1801566_e1803207_b71808_c20250905192931487000_oeac_ops.dspace_rad,,eez_v11.shp,WPP_BFAR_merge.shp,vbd_mpa_r20170830.shp,VNF-VBD_npp_20120301-20151231_global_asia-enhanced_c201607211230.bitmask,vbd_landsea_r20220824.mask,timezone.shp,VBD_platforms-recurring_2015_r20170330.shp,0.458904,VBD_bridges_c20160811.shp,13.403646;11.577552;9.108135;4.256561;6.563685;8.502801,99.241707;113.259460;126.977585;125.711174;112.121765;98.310982,npp_d20250905_t1800311_e1801553_b71808;npp_d20250905_t1801566_e1803207_b71808;npp_d20250905_t1803220_e1804461_b71808;npp_d20250905_t1804474_e1806115_b71808,160.309,40.1527,62.5257,97.5844,45.6282,-126.767
21,VBD_npp_d20250905_t1803151_x1014380E_y084387N_l0718_s0443_v23,2025-09-05 20:30:22,8.438709,101.437950,18.1826,2025-09-05 18:03:15,2025-09-06 01:03:15,718,443,0.321684,1,2529,0.536121,0.178912,0.768112,0.4,0.851041,0.75,0.0836381,0.0001,0.000177273,999999,-3.888387e-03,3,Thailand Exclusive Economic Zone,,,SVDNB_npp_d20250905_t1801566_e1803207_b71808_c20250905192922630000_oeac_ops.h5,GDNBO_npp_d20250905_t1801566_e1803207_b71808_c20250905192654928000_oeac_ops.h5,SVI04_npp_d20250905_t1801566_e1803207_b71808_c20250905192931487000_oeac_ops.dspace_rad,,eez_v11.shp,WPP_BFAR_merge.shp,vbd_mpa_r20170830.shp,VNF-VBD_npp_20120301-20151231_global_asia-enhanced_c201607211230.bitmask,vbd_landsea_r20220824.mask,timezone.shp,VBD_platforms-recurring_2015_r20170330.shp,999999,VBD_bridges_c20160811.shp,13.403646;11.577552;9.108135;4.256561;6.563685;8.502801,99.241707;113.259460;126.977585;125.711174;112.121765;98.310982,npp_d20250905_t1800311_e1801553_b71808;npp_d20250905_t1801566_e1803207_b71808;npp_d20250905_t1803220_e1804461_b71808;npp_d20250905_t1804474_e1806115_b71808,160.463,40.4545,62.5041,97.1628,45.501,-126.628
22,VBD_npp_d20250905_t1803133_x1015229E_y085617N_l0698_s0452_v23,2025-09-05 20:30:22,8.561698,101.522850,8.62261,2025-09-05 18:03:13,2025-09-06 01:03:13,698,452,0.289604,2,2465,0.26019,0.183792,0.493077,0.4,0.634802,0.75,0.0835527,0.0001,0.000171993,999999,-4.400313e-02,3,Thailand Exclusive Economic Zone,,,SVDNB_npp_d20250905_t1801566_e1803207_b71808_c20250905192922630000_oeac_ops.h5,GDNBO_npp_d20250905_t1801566_e1803207_b71808_c20250905192654928000_oeac_ops.h5,SVI04_npp_d20250905_t1801566_e1803207_b71808_c20250905192931487000_oeac_ops.dspace_rad,,eez_v11.shp,WPP_BFAR_merge.shp,vbd_mpa_r20170830.shp,VNF-VBD_npp_20120301-20151231_global_asia-enhanced_c201607211230.bitmask,vbd_landsea_r20220824.mask,timezone.shp,VBD_platforms-recurring_2015_r20170330.shp,999999,VBD_bridges_c20160811.shp,13.403646;11.577552;9.108135;4.256561;6.563685;8.502801,99.241707;113.259460;126.977585;125.711174;112.121765;98.310982,npp_d20250905_t1800311_e1801553_b71808;npp_d20250905_t1801566_e1803207_b71808;npp_d20250905_t1803220_e1804461_b71808;npp_d20250905_t1804474_e1806115_b71808,160.319,40.4058,62.3265,97.3,45.6378,-126.67
23,VBD_npp_d20250905_t1803009_x1018860E_y092984N_l0580_s0482_v23,2025-09-05 20:30:22,9.298403,101.885994,16.0445,2025-09-05 18:03:00,2025-09-06 01:03:00,580,482,0.139019,2,2465,0.310824,0.210948,0.552191,0.4,0.65123,0.75,0.0823801,0.0001,0.000154776,999999,-1.189822e-01,3,Cambodian Exclusive Economic Zone,,,SVDNB_npp_d20250905_t1801566_e1803207_b71808_c20250905192922630000_oeac_ops.h5,GDNBO_npp_d20250905_t1801566_e1803207_b71808_c20250905192654928000_oeac_ops.h5,SVI04_npp_d20250905_t1801566_e1803207_b71808_c20250905192931487000_oeac_ops.dspace_rad,,eez_v11.shp,WPP_BFAR_merge.shp,vbd_mpa_r20170830.shp,VNF-VBD_npp_20120301-20151231_global_asia-enhanced_c201607211230.bitmask,vbd_landsea_r20220824.mask,timezone.shp,VBD_platforms-recurring_2015_r20170330.shp,999999,VBD_bridges_c20160811.shp,13.403646;11.577552;9.108135;4.256561;6.563685;8.502801,99.241707;113.259460;126.977585;125.711174;112.121765;98.310982,npp_d20250905_t1800311_e1801553_b71808;npp_d20250905_t1801566_e1803207_b71808;npp_d20250905_t1803220_e1804461_b71808;npp_d20250905_t1804474_e1806115_b71808,159.558,39.7986,61.6955,97.4366,46.3356,-127.022
24,VBD_npp_d20250905_t1803187_x1017925E_y082579N_l0739_s0499_v23,2025-09-05 20:30:22,8.257872,101.792488,17.0804,2025-09-05 18:03:18,2025-09-06 01:03:18,739,499,0.30632,8,51681,0.553254,0.152165,0.878513,0.4,0.872917,0.75,0.0831062,0.0001,0.000219124,999999,2.159544e-01,3,Thailand Exclusive Economic Zone,,,SVDNB_npp_d20250905_t1801566_e1803207_b71808_c20250905192922630000_oeac_ops.h5,GDNBO_npp_d20250905_t1801566_e1803207_b71808_c20250905192654928000_oeac_ops.h5,SVI04_npp_d20250905_t1801566_e1803207_b71808_c20250905192931487000_oeac_ops.dspace_rad,,eez_v11.shp,WPP_BFAR_merge.shp,vbd_mpa_r20170830.shp,VNF-VBD_npp_20120301-20151231_global_asia-enhanced_c201607211230.bitmask,vbd_landsea_r20220824.mask,timezone.shp,VBD_platforms-recurring_2015_r20170330.shp,0.103926,VBD_bridges_c20160811.shp,13.403646;11.577552;9.108135;4.256561;6.563685;8.502801,99.241707;113.259460;126.977585;125.711174;112.121765;98.310982,npp_d20250905_t1800311_e1801553_b71808;npp_d20250905_t1801566_e1803207_b71808;npp_d20250905_t1803220_e1804461_b71808;npp_d20250905_t1804474_e1806115_b71808,160.359,41.6164,61.347,97.6612,45.6894,-126.211
25,VBD_npp_d20250905_t1803187_x1017897E_y082375N_l0742_s0499_v23,2025-09-05 20:30:22,8.237509,101.789696,76.4805,2025-09-05 18:03:18,2025-09-06 01:03:18,742,499,0.343023,4,117221,1.11688,0.174829,0.878513,0.4,0.956494,0.75,0.0831062,0.0001,0.000227177,999999,2.966877e-02,3,Thailand Exclusive Economic Zone,,,SVDNB_npp_d20250905_t1801566_e1803207_b71808_c20250905192922630000_oeac_ops.h5,GDNBO_npp_d20250905_t1801566_e1803207_b71808_c20250905192654928000_oeac_ops.h5,SVI04_npp_d20250905_t1801566_e1803207_b71808_c20250905192931487000_oeac_ops.dspace_rad,,eez_v11.shp,WPP_BFAR_merge.shp,vbd_mpa_r20170830.shp,VNF-VBD_npp_20120301-20151231_global_asia-enhanced_c201607211230.bitmask,vbd_landsea_r20220824.mask,timezone.shp,VBD_platforms-recurring_2015_r20170330.shp,0.241627,VBD_bridges_c20160811.shp,13.403646;11.577552;9.108135;4.256561;6.563685;8.502801,99.241707;113.259460;126.977585;125.711174;112.121765;98.310982,npp_d20250905_t1800311_e1801553_b71808;npp_d20250905_t1801566_e1803207_b71808;npp_d20250905_t1803220_e1804461_b71808;npp_d20250905_t1804474_e1806115_b71808,160.376,41.6481,61.3472,97.5495,45.675,-126.197
26,VBD_npp_d20250905_t1803187_x1017850E_y082036N_l0747_s0499_v23,2025-09-05 20:30:22,8.203574,101.785027,15.3993,2025-09-05 18:03:18,2025-09-06 01:03:18,747,499,0.35035,8,51681,0.504051,0.155828,0.854724,0.4,0.827371,0.75,0.0831062,0.0001,0.00024118,999999,1.858483e-01,3,Thailand Exclusive Economic Zone,,,SVDNB_npp_d20250905_t1801566_e1803207_b71808_c20250905192922630000_oeac_ops.h5,GDNBO_npp_d20250905_t1801566_e1803207_b71808_c20250905192654928000_oeac_ops.h5,SVI04_npp_d20250905_t1801566_e1803207_b71808_c20250905192931487000_oeac_ops.dspace_rad,,eez_v11.shp,WPP_BFAR_merge.shp,vbd_mpa_r20170830.shp,VNF-VBD_npp_20120301-20151231_global_asia-enhanced_c201607211230.bitmask,vbd_landsea_r20220824.mask,timezone.shp,VBD_platforms-recurring_2015_r20170330.shp,0.834213,VBD_bridges_c20160811.shp,13.403646;11.577552;9.108135;4.256561;6.563685;8.502801,99.241707;113.259460;126.977585;125.711174;112.121765;98.310982,npp_d20250905_t1800311_e1801553_b71808;npp_d20250905_t1801566_e1803207_b71808;npp_d20250905_t1803220_e1804461_b71808;npp_d20250905_t1804474_e1806115_b71808,160.405,41.701,61.3479,97.3633,45.6509,-126.173
27,VBD_npp_d20250905_t1803187_x1017958E_y081815N_l0750_s0501_v23,2025-09-05 20:30:22,8.181467,101.795776,9.46146,2025-09-05 18:03:18,2025-09-06 01:03:18,750,501,0.341672,7,35233,0.335817,0.148961,0.854724,0.4,0.747099,0.75,0.0830869,0.0001,0.000252468,999999,2.422928e-01,3,,,,SVDNB_npp_d20250905_t1801566_e1803207_b71808_c20250905192922630000_oeac_ops.h5,GDNBO_npp_d20250905_t1801566_e1803207_b71808_c20250905192654928000_oeac_ops.h5,SVI04_npp_d20250905_t1801566_e1803207_b71808_c20250905192931487000_oeac_ops.dspace_rad,,eez_v11.shp,WPP_BFAR_merge.shp,vbd_mpa_r20170830.shp,VNF-VBD_npp_20120301-20151231_global_asia-enhanced_c201607211230.bitmask,vbd_landsea_r20220824.mask,timezone.shp,VBD_platforms-recurring_2015_r20170330.shp,999999,VBD_bridges_c20160811.shp,13.403646;11.577552;9.108135;4.256561;6.563685;8.502801,99.241707;113.259460;126.977585;125.711174;112.121765;98.310982,npp_d20250905_t1800311_e1801553_b71808;npp_d20250905_t1801566_e1803207_b71808;npp_d20250905_t1803220_e1804461_b71808;npp_d20250905_t1804474_e1806115_b71808,160.414,41.7662,61.307,97.2534,45.6464,-126.147
28,VBD_npp_d20250905_t1803187_x1022297E_y081727N_l0743_s0563_v23,2025-09-05 20:30:22,8.172656,102.229721,21.7294,2025-09-05 18:03:18,2025-09-06 01:03:18,743,563,0.321044,1,2529,0.615808,0.214974,0.685128,0.4,0.870831,0.75,0.0824889,0.0001,0.000317986,999999,-1.492452e-01,3,Thailand Exclusive Economic Zone,,,SVDNB_npp_d20250905_t1801566_e1803207_b71808_c20250905192922630000_oeac_ops.h5,GDNBO_npp_d20250905_t1801566_e1803207_b71808_c20250905192654928000_oeac_ops.h5,SVI04_npp_d20250905_t1801566_e1803207_b71808_c20250905192931487000_oeac_ops.dspace_rad,,eez_v11.shp,WPP_BFAR_merge.shp,vbd_mpa_r20170830.shp,VNF-VBD_npp_20120301-20151231_global_asia-enhanced_c201607211230.bitmask,vbd_landsea_r20220824.mask,timezone.shp,VBD_platforms-recurring_2015_r20170330.shp,999999,VBD_bridges_c20160811.shp,13.403646;11.577552;9.108135;4.256561;6.563685;8.502801,99.241707;113.259460;126.977585;125.711174;112.121765;98.310982,npp_d20250905_t1800311_e1801553_b71808;npp_d20250905_t1801566_e1803207_b71808;npp_d20250905_t1803220_e1804461_b71808;npp_d20250905_t1804474_e1806115_b71808,160.132,42.7311,59.9654,97.5772,45.9929,-125.827
29,VBD_npp_d20250905_t1803133_x1027749E_y083553N_l0704_s0634_v23,2025-09-05 20:30:22,8.355308,102.774864,14.2389,2025-09-05 18:03:13,2025-09-06 01:03:13,704,634,0.250624,2,2465,0.37625,0.214874,0.573808,0.4,0.726088,0.75,0.0817953,0.0001,0.000466993,999999,-1.484909e-01,3,Vietnamese Exclusive Economic Zone,,,SVDNB_npp_d20250905_t1801566_e1803207_b71808_c20250905192922630000_oeac_ops.h5,GDNBO_npp_d20250905_t1801566_e1803207_b71808_c20250905192654928000_oeac_ops.h5,SVI04_npp_d20250905_t1801566_e1803207_b71808_c20250905192931487000_oeac_ops.dspace_rad,,eez_v11.shp,WPP_BFAR_merge.shp,vbd_mpa_r20170830.shp,VNF-VBD_npp_20120301-20151231_global_asia-enhanced_c201607211230.bitmask,vbd_landsea_r20220824.mask,timezone.shp,VBD_platforms-recurring_2015_r20170330.shp,999999,VBD_bridges_c20160811.shp,13.403646;11.577552;9.108135;4.256561;6.563685;8.502801,99.241707;113.259460;126.977585;125.711174;112.121765;98.310982,npp_d20250905_t1800311_e1801553_b71808;npp_d20250905_t1801566_e1803207_b71808;npp_d20250905_t1803220_e1804461_b71808;npp_d20250905_t1804474_e1806115_b71808,159.645,43.4968,58.3484,97.225,46.5266,-125.601
30,VBD_npp_d20250905_t1803151_x1027760E_y083545N_l0705_s0635_v23,2025-09-05 20:30:22,8.354541,102.775978,13.1208,2025-09-05 18:03:15,2025-09-06 01:03:15,705,635,0.250624,2,2465,0.299416,0.221156,0.567325,0.4,0.53026,0.75,0.0817855,0.0001,0.000401156,999999,-1.957114e-01,3,Vietnamese Exclusive Economic Zone,,,SVDNB_npp_d20250905_t1801566_e1803207_b71808_c20250905192922630000_oeac_ops.h5,GDNBO_npp_d20250905_t1801566_e1803207_b71808_c20250905192654928000_oeac_ops.h5,SVI04_npp_d20250905_t1801566_e1803207_b71808_c20250905192931487000_oeac_ops.dspace_rad,,eez_v11.shp,WPP_BFAR_merge.shp,vbd_mpa_r20170830.shp,VNF-VBD_npp_20120301-20151231_global_asia-enhanced_c201607211230.bitmask,vbd_landsea_r20220824.mask,timezone.shp,VBD_platforms-recurring_2015_r20170330.shp,999999,VBD_bridges_c20160811.shp,13.403646;11.577552;9.108135;4.256561;6.563685;8.502801,99.241707;113.259460;126.977585;125.711174;112.121765;98.310982,npp_d20250905_t1800311_e1801553_b71808;npp_d20250905_t1801566_e1803207_b71808;npp_d20250905_t1803220_e1804461_b71808;npp_d20250905_t1804474_e1806115_b71808,159.64,43.516,58.3193,97.868,46.5329,-125.594
31,VBD_npp_d20250905_t1803116_x1028373E_y085451N_l0675_s0638_v23,2025-09-05 20:30:22,8.545055,102.837257,11.6975,2025-09-05 18:03:11,2025-09-06 01:03:11,675,638,0.245716,2,2465,0.278299,0.234256,0.464173,0.4,0.662472,0.75,0.0817558,0.0001,0.000396969,999999,-2.941831e-01,3,Vietnamese Exclusive Economic Zone,,,SVDNB_npp_d20250905_t1801566_e1803207_b71808_c20250905192922630000_oeac_ops.h5,GDNBO_npp_d20250905_t1801566_e1803207_b71808_c20250905192654928000_oeac_ops.h5,SVI04_npp_d20250905_t1801566_e1803207_b71808_c20250905192931487000_oeac_ops.dspace_rad,,eez_v11.shp,WPP_BFAR_merge.shp,vbd_mpa_r20170830.shp,VNF-VBD_npp_20120301-20151231_global_asia-enhanced_c201607211230.bitmask,vbd_landsea_r20220824.mask,timezone.shp,VBD_platforms-recurring_2015_r20170330.shp,999999,VBD_bridges_c20160811.shp,13.403646;11.577552;9.108135;4.256561;6.563685;8.502801,99.241707;113.259460;126.977585;125.711174;112.121765;98.310982,npp_d20250905_t1800311_e1801553_b71808;npp_d20250905_t1801566_e1803207_b71808;npp_d20250905_t1803220_e1804461_b71808;npp_d20250905_t1804474_e1806115_b71808,159.47,43.2613,58.2492,97.7582,46.6835,-125.711
32,VBD_npp_d20250905_t1802449_x1038106E_y100123N_l0435_s0732_v23,2025-09-05 20:30:22,10.012286,103.810570,21.2537,2025-09-05 18:02:44,2025-09-06 01:02:44,435,732,0.127567,2,2465,0.329837,0.210122,0.459392,0.4,0.609226,0.75,0.0785366,0.0001,0.000434027,999999,-1.127704e-01,3,Vietnamese Exclusive Economic Zone,,,SVDNB_npp_d20250905_t1801566_e1803207_b71808_c20250905192922630000_oeac_ops.h5,GDNBO_npp_d20250905_t1801566_e1803207_b71808_c20250905192654928000_oeac_ops.h5,SVI04_npp_d20250905_t1801566_e1803207_b71808_c20250905192931487000_oeac_ops.dspace_rad,,eez_v11.shp,WPP_BFAR_merge.shp,vbd_mpa_r20170830.shp,VNF-VBD_npp_20120301-20151231_global_asia-enhanced_c201607211230.bitmask,vbd_landsea_r20220824.mask,timezone.shp,VBD_platforms-recurring_2015_r20170330.shp,999999,VBD_bridges_c20160811.shp,13.403646;11.577552;9.108135;4.256561;6.563685;8.502801,99.241707;113.259460;126.977585;125.711174;112.121765;98.310982,npp_d20250905_t1800311_e1801553_b71808;npp_d20250905_t1801566_e1803207_b71808;npp_d20250905_t1803220_e1804461_b71808;npp_d20250905_t1804474_e1806115_b71808,157.815,42.4434,55.933,97.6585,48.2556,-126.218
33,VBD_npp_d20250905_t1802466_x1038058E_y098649N_l0457_s0735_v23,2025-09-05 20:30:22,9.864942,103.805786,25.7405,2025-09-05 18:02:46,2025-09-06 01:02:46,457,735,0.23654,1,2529,0.576106,0.191398,0.80911,0.4,0.816296,0.75,0.0787209,0.0001,0.000486757,999999,2.796797e-02,3,Vietnamese Exclusive Economic Zone,,,SVDNB_npp_d20250905_t1801566_e1803207_b71808_c20250905192922630000_oeac_ops.h5,GDNBO_npp_d20250905_t1801566_e1803207_b71808_c20250905192654928000_oeac_ops.h5,SVI04_npp_d20250905_t1801566_e1803207_b71808_c20250905192931487000_oeac_ops.dspace_rad,,eez_v11.shp,WPP_BFAR_merge.shp,vbd_mpa_r20170830.shp,VNF-VBD_npp_20120301-20151231_global_asia-enhanced_c201607211230.bitmask,vbd_landsea_r20220824.mask,timezone.shp,VBD_platforms-recurring_2015_r20170330.shp,999999,VBD_bridges_c20160811.shp,13.403646;11.577552;9.108135;4.256561;6.563685;8.502801,99.241707;113.259460;126.977585;125.711174;112.121765;98.310982,npp_d20250905_t1800311_e1801553_b71808;npp_d20250905_t1801566_e1803207_b71808;npp_d20250905_t1803220_e1804461_b71808;npp_d20250905_t1804474_e1806115_b71808,157.922,42.6936,55.8531,97.4102,48.1695,-126.107
34,VBD_npp_d20250905_t1802466_x1038373E_y098886N_l0453_s0739_v23,2025-09-05 20:30:22,9.888607,103.837280,31.9196,2025-09-05 18:02:46,2025-09-06 01:02:46,453,739,0.230636,1,2529,0.625861,0.144997,0.812297,0.4,0.80844,0.75,0.0786425,0.0001,0.000471816,999999,3.767548e-01,3,Vietnamese Exclusive Economic Zone,,,SVDNB_npp_d20250905_t1801566_e1803207_b71808_c20250905192922630000_oeac_ops.h5,GDNBO_npp_d20250905_t1801566_e1803207_b71808_c20250905192654928000_oeac_ops.h5,SVI04_npp_d20250905_t1801566_e1803207_b71808_c20250905192931487000_oeac_ops.dspace_rad,,eez_v11.shp,WPP_BFAR_merge.shp,vbd_mpa_r20170830.shp,VNF-VBD_npp_20120301-20151231_global_asia-enhanced_c201607211230.bitmask,vbd_landsea_r20220824.mask,timezone.shp,VBD_platforms-recurring_2015_r20170330.shp,999999,VBD_bridges_c20160811.shp,13.403646;11.577552;9.108135;4.256561;6.563685;8.502801,99.241707;113.259460;126.977585;125.711174;112.121765;98.310982,npp_d20250905_t1800311_e1801553_b71808;npp_d20250905_t1801566_e1803207_b71808;npp_d20250905_t1803220_e1804461_b71808;npp_d20250905_t1804474_e1806115_b71808,157.884,42.7157,55.7505,97.5935,48.209,-126.103
35,VBD_npp_d20250905_t1802466_x1038414E_y098672N_l0456_s0740_v23,2025-09-05 20:30:22,9.867237,103.841393,36.8483,2025-09-05 18:02:46,2025-09-06 01:02:46,456,740,0.254109,1,2529,0.661587,0.165484,0.815124,0.4,0.851373,0.75,0.0786618,0.0001,0.000492236,999999,2.227605e-01,3,Vietnamese Exclusive Economic Zone,,,SVDNB_npp_d20250905_t1801566_e1803207_b71808_c20250905192922630000_oeac_ops.h5,GDNBO_npp_d20250905_t1801566_e1803207_b71808_c20250905192654928000_oeac_ops.h5,SVI04_npp_d20250905_t1801566_e1803207_b71808_c20250905192931487000_oeac_ops.dspace_rad,,eez_v11.shp,WPP_BFAR_merge.shp,vbd_mpa_r20170830.shp,VNF-VBD_npp_20120301-20151231_global_asia-enhanced_c201607211230.bitmask,vbd_landsea_r20220824.mask,timezone.shp,VBD_platforms-recurring_2015_r20170330.shp,999999,VBD_bridges_c20160811.shp,13.403646;11.577552;9.108135;4.256561;6.563685;8.502801,99.241707;113.259460;126.977585;125.711174;112.121765;98.310982,npp_d20250905_t1800311_e1801553_b71808;npp_d20250905_t1801566_e1803207_b71808;npp_d20250905_t1803220_e1804461_b71808;npp_d20250905_t1804474_e1806115_b71808,157.896,42.7594,55.7253,97.4607,48.1996,-126.084
36,VBD_npp_d20250905_t1802466_x1038608E_y099063N_l0450_s0742_v23,2025-09-05 20:30:22,9.906299,103.860802,16.7551,2025-09-05 18:02:46,2025-09-06 01:02:46,450,742,0.204816,2,2465,0.390836,0.139093,0.759383,0.4,0.687489,0.75,0.0785837,0.0001,0.000460846,999999,4.211384e-01,3,Vietnamese Exclusive Economic Zone,,,SVDNB_npp_d20250905_t1801566_e1803207_b71808_c20250905192922630000_oeac_ops.h5,GDNBO_npp_d20250905_t1801566_e1803207_b71808_c20250905192654928000_oeac_ops.h5,SVI04_npp_d20250905_t1801566_e1803207_b71808_c20250905192931487000_oeac_ops.dspace_rad,,eez_v11.shp,WPP_BFAR_merge.shp,vbd_mpa_r20170830.shp,VNF-VBD_npp_20120301-20151231_global_asia-enhanced_c201607211230.bitmask,vbd_landsea_r20220824.mask,timezone.shp,VBD_platforms-recurring_2015_r20170330.shp,999999,VBD_bridges_c20160811.shp,13.403646;11.577552;9.108135;4.256561;6.563685;8.502801,99.241707;113.259460;126.977585;125.711174;112.121765;98.310982,npp_d20250905_t1800311_e1801553_b71808;npp_d20250905_t1801566_e1803207_b71808;npp_d20250905_t1803220_e1804461_b71808;npp_d20250905_t1804474_e1806115_b71808,157.855,42.732,55.6739,97.7314,48.2385,-126.099
37,VBD_npp_d20250905_t1802466_x1038580E_y098859N_l0453_s0742_v23,2025-09-05 20:30:22,9.885863,103.858009,38.9104,2025-09-05 18:02:46,2025-09-06 01:02:46,453,742,0.242159,1,2529,0.622707,0.152732,0.812297,0.4,0.830223,0.75,0.0786129,0.0001,0.000478576,999999,3.186147e-01,3,Vietnamese Exclusive Economic Zone,,,SVDNB_npp_d20250905_t1801566_e1803207_b71808_c20250905192922630000_oeac_ops.h5,GDNBO_npp_d20250905_t1801566_e1803207_b71808_c20250905192654928000_oeac_ops.h5,SVI04_npp_d20250905_t1801566_e1803207_b71808_c20250905192931487000_oeac_ops.dspace_rad,,eez_v11.shp,WPP_BFAR_merge.shp,vbd_mpa_r20170830.shp,VNF-VBD_npp_20120301-20151231_global_asia-enhanced_c201607211230.bitmask,vbd_landsea_r20220824.mask,timezone.shp,VBD_platforms-recurring_2015_r20170330.shp,999999,VBD_bridges_c20160811.shp,13.403646;11.577552;9.108135;4.256561;6.563685;8.502801,99.241707;113.259460;126.977585;125.711174;112.121765;98.310982,npp_d20250905_t1800311_e1801553_b71808;npp_d20250905_t1801566_e1803207_b71808;npp_d20250905_t1803220_e1804461_b71808;npp_d20250905_t1804474_e1806115_b71808,157.872,42.7607,55.674,97.5972,48.224,-126.086
38,VBD_npp_d20250905_t1802466_x1038561E_y098722N_l0455_s0742_v23,2025-09-05 20:30:22,9.872239,103.856140,17.3043,2025-09-05 18:02:46,2025-09-06 01:02:46,455,742,0.235615,2,2465,0.303943,0.160388,0.815124,0.4,0.614317,0.75,0.0786323,0.0001,0.000490724,999999,2.610671e-01,3,Vietnamese Exclusive Economic Zone,,,SVDNB_npp_d20250905_t1801566_e1803207_b71808_c20250905192922630000_oeac_ops.h5,GDNBO_npp_d20250905_t1801566_e1803207_b71808_c20250905192654928000_oeac_ops.h5,SVI04_npp_d20250905_t1801566_e1803207_b71808_c20250905192931487000_oeac_ops.dspace_rad,,eez_v11.shp,WPP_BFAR_merge.shp,vbd_mpa_r20170830.shp,VNF-VBD_npp_20120301-20151231_global_asia-enhanced_c201607211230.bitmask,vbd_landsea_r20220824.mask,timezone.shp,VBD_platforms-recurring_2015_r20170330.shp,999999,VBD_bridges_c20160811.shp,13.403646;11.577552;9.108135;4.256561;6.563685;8.502801,99.241707;113.259460;126.977585;125.711174;112.121765;98.310982,npp_d20250905_t1800311_e1801553_b71808;npp_d20250905_t1801566_e1803207_b71808;npp_d20250905_t1803220_e1804461_b71808;npp_d20250905_t1804474_e1806115_b71808,157.883,42.7798,55.6742,97.5077,48.2144,-126.077
39,VBD_npp_d20250905_t1802466_x1038543E_y098586N_l0457_s0742_v23,2025-09-05 20:30:22,9.858617,103.854263,17.3159,2025-09-05 18:02:46,2025-09-06 01:02:46,457,742,0.238816,2,2465,0.382849,0.163334,0.815124,0.4,0.693735,0.75,0.0786518,0.0001,0.000503143,999999,2.389246e-01,3,Vietnamese Exclusive Economic Zone,,,SVDNB_npp_d20250905_t1801566_e1803207_b71808_c20250905192922630000_oeac_ops.h5,GDNBO_npp_d20250905_t1801566_e1803207_b71808_c20250905192654928000_oeac_ops.h5,SVI04_npp_d20250905_t1801566_e1803207_b71808_c20250905192931487000_oeac_ops.dspace_rad,,eez_v11.shp,WPP_BFAR_merge.shp,vbd_mpa_r20170830.shp,VNF-VBD_npp_20120301-20151231_global_asia-enhanced_c201607211230.bitmask,vbd_landsea_r20220824.mask,timezone.shp,VBD_platforms-recurring_2015_r20170330.shp,999999,VBD_bridges_c20160811.shp,13.403646;11.577552;9.108135;4.256561;6.563685;8.502801,99.241707;113.259460;126.977585;125.711174;112.121765;98.310982,npp_d20250905_t1800311_e1801553_b71808;npp_d20250905_t1801566_e1803207_b71808;npp_d20250905_t1803220_e1804461_b71808;npp_d20250905_t1804474_e1806115_b71808,157.894,42.7989,55.6744,97.4183,48.2048,-126.069
40,VBD_npp_d20250905_t1802466_x1038699E_y098704N_l0455_s0744_v23,2025-09-05 20:30:22,9.870428,103.869911,22.2611,2025-09-05 18:02:46,2025-09-06 01:02:46,455,744,0.238461,1,2529,0.471892,0.167926,0.785138,0.4,0.767017,0.75,0.0786126,0.0001,0.000495361,999999,2.044063e-01,3,Vietnamese Exclusive Economic Zone,,,SVDNB_npp_d20250905_t1801566_e1803207_b71808_c20250905192922630000_oeac_ops.h5,GDNBO_npp_d20250905_t1801566_e1803207_b71808_c20250905192654928000_oeac_ops.h5,SVI04_npp_d20250905_t1801566_e1803207_b71808_c20250905192931487000_oeac_ops.dspace_rad,,eez_v11.shp,WPP_BFAR_merge.shp,vbd_mpa_r20170830.shp,VNF-VBD_npp_20120301-20151231_global_asia-enhanced_c201607211230.bitmask,vbd_landsea_r20220824.mask,timezone.shp,VBD_platforms-recurring_2015_r20170330.shp,999999,VBD_bridges_c20160811.shp,13.403646;11.577552;9.108135;4.256561;6.563685;8.502801,99.241707;113.259460;126.977585;125.711174;112.121765;98.310982,npp_d20250905_t1800311_e1801553_b71808;npp_d20250905_t1801566_e1803207_b71808;npp_d20250905_t1803220_e1804461_b71808;npp_d20250905_t1804474_e1806115_b71808,157.875,42.8097,55.6232,97.5101,48.2244,-126.066
4,VBD_npp_d20250905_t1803543_x0990322E_y064846N_l0295_s0161_v23,2025-09-05 20:30:22,6.484583,99.032227,24.0457,2025-09-05 18:03:54,2025-09-06 01:03:54,295,161,0.315993,8,18913,0.548737,0.176975,0.709169,0.4,0.854762,0.75,0.0895285,0.0001,6.55691e-05,999999,1.203595e-02,3,Thailand Exclusive Economic Zone,,,SVDNB_npp_d20250905_t1803220_e1804461_b71808_c20250905192935172000_oeac_ops.h5,GDNBO_npp_d20250905_t1803220_e1804461_b71808_c20250905192711723000_oeac_ops.h5,SVI04_npp_d20250905_t1803220_e1804461_b71808_c20250905192944149000_oeac_ops.dspace_rad,,eez_v11.shp,WPP_BFAR_merge.shp,vbd_mpa_r20170830.shp,VNF-VBD_npp_20120301-20151231_global_asia-enhanced_c201607211230.bitmask,vbd_landsea_r20220824.mask,timezone.shp,VBD_platforms-recurring_2015_r20170330.shp,0.185125,VBD_bridges_c20160811.shp,8.505960;6.558607;4.258894;-0.612674;1.543576;3.610033,98.305717;112.114037;125.705833;124.559265;110.992096;97.344330,npp_d20250905_t1800311_e1801553_b71808;npp_d20250905_t1801566_e1803207_b71808;npp_d20250905_t1803220_e1804461_b71808;npp_d20250905_t1804474_e1806115_b71808,163.386,38.7284,67.6892,97.5994,42.5088,-126.666
10,VBD_npp_d20250905_t1803560_x0991422E_y063435N_l0314_s0180_v23,2025-09-05 20:30:22,6.343483,99.142235,16.9154,2025-09-05 18:03:56,2025-09-06 01:03:56,314,180,0.351701,2,2465,0.333879,0.188225,0.540074,0.4,0.683208,0.75,0.0895259,0.0001,7.77752e-05,999999,-8.043646e-02,3,Thailand Exclusive Economic Zone,,,SVDNB_npp_d20250905_t1803220_e1804461_b71808_c20250905192935172000_oeac_ops.h5,GDNBO_npp_d20250905_t1803220_e1804461_b71808_c20250905192711723000_oeac_ops.h5,SVI04_npp_d20250905_t1803220_e1804461_b71808_c20250905192944149000_oeac_ops.dspace_rad,,eez_v11.shp,WPP_BFAR_merge.shp,vbd_mpa_r20170830.shp,VNF-VBD_npp_20120301-20151231_global_asia-enhanced_c201607211230.bitmask,vbd_landsea_r20220824.mask,timezone.shp,VBD_platforms-recurring_2015_r20170330.shp,999999,VBD_bridges_c20160811.shp,8.505960;6.558607;4.258894;-0.612674;1.543576;3.610033,98.305717;112.114037;125.705833;124.559265;110.992096;97.344330,npp_d20250905_t1800311_e1801553_b71808;npp_d20250905_t1801566_e1803207_b71808;npp_d20250905_t1803220_e1804461_b71808;npp_d20250905_t1804474_e1806115_b71808,163.422,39.3437,67.3636,97.5424,42.5183,-126.449
23,VBD_npp_d20250905_t1804032_x0992671E_y058923N_l0380_s0211_v23,2025-09-05 20:30:22,5.892252,99.267143,86.8099,2025-09-05 18:04:03,2025-09-06 01:04:03,380,211,0.366994,1,2529,1.11569,0.162424,0.866709,0.4,0.963544,0.75,0.0898327,0.0001,0.00010509,999999,1.316295e-01,3,Malaysian Exclusive Economic Zone,,,SVDNB_npp_d20250905_t1803220_e1804461_b71808_c20250905192935172000_oeac_ops.h5,GDNBO_npp_d20250905_t1803220_e1804461_b71808_c20250905192711723000_oeac_ops.h5,SVI04_npp_d20250905_t1803220_e1804461_b71808_c20250905192944149000_oeac_ops.dspace_rad,,eez_v11.shp,WPP_BFAR_merge.shp,vbd_mpa_r20170830.shp,VNF-VBD_npp_20120301-20151231_global_asia-enhanced_c201607211230.bitmask,vbd_landsea_r20220824.mask,timezone.shp,VBD_platforms-recurring_2015_r20170330.shp,999999,VBD_bridges_c20160811.shp,8.505960;6.558607;4.258894;-0.612674;1.543576;3.610033,98.305717;112.114037;125.705833;124.559265;110.992096;97.344330,npp_d20250905_t1800311_e1801553_b71808;npp_d20250905_t1801566_e1803207_b71808;npp_d20250905_t1803220_e1804461_b71808;npp_d20250905_t1804474_e1806115_b71808,163.669,40.7415,66.8395,97.5893,42.3731,-125.924
29,VBD_npp_d20250905_t1803560_x0994574E_y062580N_l0320_s0227_v23,2025-09-05 20:30:22,6.258013,99.457420,52.4329,2025-09-05 18:03:56,2025-09-06 01:03:56,320,227,0.367208,1,2529,0.895209,0.144917,0.840507,0.4,0.911241,0.75,0.0891483,0.0001,0.000107381,999999,2.755278e-01,3,Malaysian Exclusive Economic Zone,,,SVDNB_npp_d20250905_t1803220_e1804461_b71808_c20250905192935172000_oeac_ops.h5,GDNBO_npp_d20250905_t1803220_e1804461_b71808_c20250905192711723000_oeac_ops.h5,SVI04_npp_d20250905_t1803220_e1804461_b71808_c20250905192944149000_oeac_ops.dspace_rad,,eez_v11.shp,WPP_BFAR_merge.shp,vbd_mpa_r20170830.shp,VNF-VBD_npp_20120301-20151231_global_asia-enhanced_c201607211230.bitmask,vbd_landsea_r20220824.mask,timezone.shp,VBD_platforms-recurring_2015_r20170330.shp,999999,VBD_bridges_c20160811.shp,8.505960;6.558607;4.258894;-0.612674;1.543576;3.610033,98.305717;112.114037;125.705833;124.559265;110.992096;97.344330,npp_d20250905_t1800311_e1801553_b71808;npp_d20250905_t1801566_e1803207_b71808;npp_d20250905_t1803220_e1804461_b71808;npp_d20250905_t1804474_e1806115_b71808,163.287,40.3659,66.5662,97.3803,42.7228,-126.132
30,VBD_npp_d20250905_t1803578_x0994564E_y062602N_l0321_s0228_v23,2025-09-05 20:30:22,6.260176,99.456367,67.3701,2025-09-05 18:03:57,2025-09-06 01:03:57,321,228,0.367208,1,2529,1.04093,0.149736,0.840507,0.4,0.954577,0.75,0.089148,0.0001,9.30697e-05,999999,2.359231e-01,3,Malaysian Exclusive Economic Zone,,,SVDNB_npp_d20250905_t1803220_e1804461_b71808_c20250905192935172000_oeac_ops.h5,GDNBO_npp_d20250905_t1803220_e1804461_b71808_c20250905192711723000_oeac_ops.h5,SVI04_npp_d20250905_t1803220_e1804461_b71808_c20250905192944149000_oeac_ops.dspace_rad,,eez_v11.shp,WPP_BFAR_merge.shp,vbd_mpa_r20170830.shp,VNF-VBD_npp_20120301-20151231_global_asia-enhanced_c201607211230.bitmask,vbd_landsea_r20220824.mask,timezone.shp,VBD_platforms-recurring_2015_r20170330.shp,999999,VBD_bridges_c20160811.shp,8.505960;6.558607;4.258894;-0.612674;1.543576;3.610033,98.305717;112.114037;125.705833;124.559265;110.992096;97.344330,npp_d20250905_t1800311_e1801553_b71808;npp_d20250905_t1801566_e1803207_b71808;npp_d20250905_t1803220_e1804461_b71808;npp_d20250905_t1804474_e1806115_b71808,163.281,40.3779,66.5508,97.8893,42.7289,-126.129
49,VBD_npp_d20250905_t1803525_x0997646E_y064283N_l0288_s0265_v23,2025-09-05 20:30:22,6.428305,99.764595,15.5194,2025-09-05 18:03:52,2025-09-06 02:03:52,288,265,0.347789,2,2465,0.381264,0.1375,0.774584,0.4,0.741729,0.75,0.0885105,0.0001,0.000124597,999999,6.524218e-01,1,Malaysian Exclusive Economic Zone,,,SVDNB_npp_d20250905_t1803220_e1804461_b71808_c20250905192935172000_oeac_ops.h5,GDNBO_npp_d20250905_t1803220_e1804461_b71808_c20250905192711723000_oeac_ops.h5,SVI04_npp_d20250905_t1803220_e1804461_b71808_c20250905192944149000_oeac_ops.dspace_rad,,eez_v11.shp,WPP_BFAR_merge.shp,vbd_mpa_r20170830.shp,VNF-VBD_npp_20120301-20151231_global_asia-enhanced_c201607211230.bitmask,vbd_landsea_r20220824.mask,timezone.shp,VBD_platforms-recurring_2015_r20170330.shp,999999,VBD_bridges_c20160811.shp,8.505960;6.558607;4.258894;-0.612674;1.543576;3.610033,98.305717;112.114037;125.705833;124.559265;110.992096;97.344330,npp_d20250905_t1800311_e1801553_b71808;npp_d20250905_t1801566_e1803207_b71808;npp_d20250905_t1803220_e1804461_b71808;npp_d20250905_t1804474_e1806115_b71808,162.968,40.7607,65.8896,97.3664,43.0625,-126.062
51,VBD_npp_d20250905_t1803560_x0997796E_y062786N_l0311_s0272_v23,2025-09-05 20:30:22,6.278603,99.779587,22.4469,2025-09-05 18:03:56,2025-09-06 02:03:56,311,272,0.37617,1,2529,0.501431,0.165653,0.690986,0.4,0.790007,0.75,0.0886517,0.0001,0.000123315,999999,1.050898e-01,1,Malaysian Exclusive Economic Zone,,,SVDNB_npp_d20250905_t1803220_e1804461_b71808_c20250905192935172000_oeac_ops.h5,GDNBO_npp_d20250905_t1803220_e1804461_b71808_c20250905192711723000_oeac_ops.h5,SVI04_npp_d20250905_t1803220_e1804461_b71808_c20250905192944149000_oeac_ops.dspace_rad,,eez_v11.shp,WPP_BFAR_merge.shp,vbd_mpa_r20170830.shp,VNF-VBD_npp_20120301-20151231_global_asia-enhanced_c201607211230.bitmask,vbd_landsea_r20220824.mask,timezone.shp,VBD_platforms-recurring_2015_r20170330.shp,999999,VBD_bridges_c20160811.shp,8.505960;6.558607;4.258894;-0.612674;1.543576;3.610033,98.305717;112.114037;125.705833;124.559265;110.992096;97.344330,npp_d20250905_t1800311_e1801553_b71808;npp_d20250905_t1801566_e1803207_b71808;npp_d20250905_t1803220_e1804461_b71808;npp_d20250905_t1804474_e1806115_b71808,163.062,41.1585,65.7613,97.7063,42.9972,-125.907
52,VBD_npp_d20250905_t1803578_x0997661E_y061472N_l0331_s0274_v23,2025-09-05 20:30:22,6.147186,99.766121,9.06759,2025-09-05 18:03:57,2025-09-06 02:03:57,331,274,0.373325,2,2465,0.235602,0.195753,0.541792,0.4,0.643608,0.75,0.0888122,0.0001,0.000133793,999999,-1.423147e-01,3,Malaysian Exclusive Economic Zone,,,SVDNB_npp_d20250905_t1803220_e1804461_b71808_c20250905192935172000_oeac_ops.h5,GDNBO_npp_d20250905_t1803220_e1804461_b71808_c20250905192711723000_oeac_ops.h5,SVI04_npp_d20250905_t1803220_e1804461_b71808_c20250905192944149000_oeac_ops.dspace_rad,,eez_v11.shp,WPP_BFAR_merge.shp,vbd_mpa_r20170830.shp,VNF-VBD_npp_20120301-20151231_global_asia-enhanced_c201607211230.bitmask,vbd_landsea_r20220824.mask,timezone.shp,VBD_platforms-recurring_2015_r20170330.shp,999999,VBD_bridges_c20160811.shp,8.505960;6.558607;4.258894;-0.612674;1.543576;3.610033,98.305717;112.114037;125.705833;124.559265;110.992096;97.344330,npp_d20250905_t1800311_e1801553_b71808;npp_d20250905_t1801566_e1803207_b71808;npp_d20250905_t1803220_e1804461_b71808;npp_d20250905_t1804474_e1806115_b71808,163.165,41.4286,65.7311,97.5983,42.9141,-125.795
53,VBD_npp_d20250905_t1803578_x0997806E_y061522N_l0330_s0276_v23,2025-09-05 20:30:22,6.152225,99.780640,8.5091,2025-09-05 18:03:57,2025-09-06 02:03:57,330,276,0.364576,2,2465,0.233443,0.190345,0.616266,0.4,0.664519,0.75,0.0887847,0.0001,0.000133663,999999,-9.786567e-02,3,Malaysian Exclusive Economic Zone,,,SVDNB_npp_d20250905_t1803220_e1804461_b71808_c20250905192935172000_oeac_ops.h5,GDNBO_npp_d20250905_t1803220_e1804461_b71808_c20250905192711723000_oeac_ops.h5,SVI04_npp_d20250905_t1803220_e1804461_b71808_c20250905192944149000_oeac_ops.dspace_rad,,eez_v11.shp,WPP_BFAR_merge.shp,vbd_mpa_r20170830.shp,VNF-VBD_npp_20120301-20151231_global_asia-enhanced_c201607211230.bitmask,vbd_landsea_r20220824.mask,timezone.shp,VBD_platforms-recurring_2015_r20170330.shp,999999,VBD_bridges_c20160811.shp,8.505960;6.558607;4.258894;-0.612674;1.543576;3.610033,98.305717;112.114037;125.705833;124.559265;110.992096;97.344330,npp_d20250905_t1800311_e1801553_b71808;npp_d20250905_t1801566_e1803207_b71808;npp_d20250905_t1803220_e1804461_b71808;npp_d20250905_t1804474_e1806115_b71808,163.152,41.4549,65.6956,97.6324,42.9289,-125.789
54,VBD_npp_d20250905_t1803578_x0998066E_y061417N_l0331_s0280_v23,2025-09-05 20:30:22,6.141729,99.806641,10.9573,2025-09-05 18:03:57,2025-09-06 02:03:57,331,280,0.361588,2,2465,0.306851,0.211204,0.614449,0.4,0.725959,0.75,0.0887567,0.0001,0.000137998,999999,-2.693100e-01,3,Malaysian Exclusive Economic Zone,,,SVDNB_npp_d20250905_t1803220_e1804461_b71808_c20250905192935172000_oeac_ops.h5,GDNBO_npp_d20250905_t1803220_e1804461_b71808_c20250905192711723000_oeac_ops.h5,SVI04_npp_d20250905_t1803220_e1804461_b71808_c20250905192944149000_oeac_ops.dspace_rad,,eez_v11.shp,WPP_BFAR_merge.shp,vbd_mpa_r20170830.shp,VNF-VBD_npp_20120301-20151231_global_asia-enhanced_c201607211230.bitmask,vbd_landsea_r20220824.mask,timezone.shp,VBD_platforms-recurring_2015_r20170330.shp,999999,VBD_bridges_c20160811.shp,8.505960;6.558607;4.258894;-0.612674;1.543576;3.610033,98.305717;112.114037;125.705833;124.559265;110.992096;97.344330,npp_d20250905_t1800311_e1801553_b71808;npp_d20250905_t1801566_e1803207_b71808;npp_d20250905_t1803220_e1804461_b71808;npp_d20250905_t1804474_e1806115_b71808,163.142,41.5446,65.6252,97.6025,42.944,-125.76
66,VBD_npp_d20250905_t1803276_x1005225E_y078035N_l0064_s0332_v23,2025-09-05 20:30:22,7.803499,100.522537,14.4463,2025-09-05 18:03:27,2025-09-06 01:03:27,64,332,0.237749,8,18849,0.347981,0.212729,0.536749,0.4,0.726293,0.75,0.0859503,0.0001,0.000121417,999999,-2.818473e-01,3,Thailand Exclusive Economic Zone,,,SVDNB_npp_d20250905_t1803220_e1804461_b71808_c20250905192935172000_oeac_ops.h5,GDNBO_npp_d20250905_t1803220_e1804461_b71808_c20250905192711723000_oeac_ops.h5,SVI04_npp_d20250905_t1803220_e1804461_b71808_c20250905192944149000_oeac_ops.dspace_rad,,eez_v11.shp,WPP_BFAR_merge.shp,vbd_mpa_r20170830.shp,VNF-VBD_npp_20120301-20151231_global_asia-enhanced_c201607211230.bitmask,vbd_landsea_r20220824.mask,timezone.shp,VBD_platforms-recurring_2015_r20170330.shp,0.43199,VBD_bridges_c20160811.shp,8.505960;6.558607;4.258894;-0.612674;1.543576;3.610033,98.305717;112.114037;125.705833;124.559265;110.992096;97.344330,npp_d20250905_t1800311_e1801553_b71808;npp_d20250905_t1801566_e1803207_b71808;npp_d20250905_t1803220_e1804461_b71808;npp_d20250905_t1804474_e1806115_b71808,161.499,39.6193,64.6642,97.1289,44.4213,-126.752
67,VBD_npp_d20250905_t1803294_x1005226E_y077981N_l0066_s0333_v23,2025-09-05 20:30:22,7.798061,100.522614,9.52595,2025-09-05 18:03:29,2025-09-06 01:03:29,66,333,0.275733,8,18849,0.2358,0.238241,0.536749,0.4,0.638723,0.75,0.0859523,0.0001,0.000105732,999999,-4.915395e-01,3,Thailand Exclusive Economic Zone,,,SVDNB_npp_d20250905_t1803220_e1804461_b71808_c20250905192935172000_oeac_ops.h5,GDNBO_npp_d20250905_t1803220_e1804461_b71808_c20250905192711723000_oeac_ops.h5,SVI04_npp_d20250905_t1803220_e1804461_b71808_c20250905192944149000_oeac_ops.dspace_rad,,eez_v11.shp,WPP_BFAR_merge.shp,vbd_mpa_r20170830.shp,VNF-VBD_npp_20120301-20151231_global_asia-enhanced_c201607211230.bitmask,vbd_landsea_r20220824.mask,timezone.shp,VBD_platforms-recurring_2015_r20170330.shp,0.291433,VBD_bridges_c20160811.shp,8.505960;6.558607;4.258894;-0.612674;1.543576;3.610033,98.305717;112.114037;125.705833;124.559265;110.992096;97.344330,npp_d20250905_t1800311_e1801553_b71808;npp_d20250905_t1801566_e1803207_b71808;npp_d20250905_t1803220_e1804461_b71808;npp_d20250905_t1804474_e1806115_b71808,161.498,39.6478,64.642,97.634,44.4238,-126.742
73,VBD_npp_d20250905_t1803311_x1007909E_y075793N_l0093_s0376_v23,2025-09-05 20:30:22,7.579342,100.790886,8.95868,2025-09-05 18:03:31,2025-09-06 01:03:31,93,376,0.364078,1,2529,0.347037,0.172767,0.718767,0.4,0.761837,0.75,0.0857,0.0001,0.00015694,999999,4.661770e-02,3,Thailand Exclusive Economic Zone,,,SVDNB_npp_d20250905_t1803220_e1804461_b71808_c20250905192935172000_oeac_ops.h5,GDNBO_npp_d20250905_t1803220_e1804461_b71808_c20250905192711723000_oeac_ops.h5,SVI04_npp_d20250905_t1803220_e1804461_b71808_c20250905192944149000_oeac_ops.dspace_rad,,eez_v11.shp,WPP_BFAR_merge.shp,vbd_mpa_r20170830.shp,VNF-VBD_npp_20120301-20151231_global_asia-enhanced_c201607211230.bitmask,vbd_landsea_r20220824.mask,timezone.shp,VBD_platforms-recurring_2015_r20170330.shp,999999,VBD_bridges_c20160811.shp,8.505960;6.558607;4.258894;-0.612674;1.543576;3.610033,98.305717;112.114037;125.705833;124.559265;110.992096;97.344330,npp_d20250905_t1800311_e1801553_b71808;npp_d20250905_t1801566_e1803207_b71808;npp_d20250905_t1803220_e1804461_b71808;npp_d20250905_t1804474_e1806115_b71808,161.489,40.7299,63.818,97.3108,44.5139,-126.352
78,VBD_npp_d20250905_t1803347_x1008163E_y073649N_l0125_s0386_v23,2025-09-05 20:30:22,7.364909,100.816269,25.165,2025-09-05 18:03:34,2025-09-06 01:03:34,125,386,0.289817,8,18913,0.58847,0.188032,0.683197,0.4,0.86157,0.75,0.0858863,0.0001,0.000174379,999999,-7.884877e-02,3,Thailand Exclusive Economic Zone,,,SVDNB_npp_d20250905_t1803220_e1804461_b71808_c20250905192935172000_oeac_ops.h5,GDNBO_npp_d20250905_t1803220_e1804461_b71808_c20250905192711723000_oeac_ops.h5,SVI04_npp_d20250905_t1803220_e1804461_b71808_c20250905192944149000_oeac_ops.dspace_rad,,eez_v11.shp,WPP_BFAR_merge.shp,vbd_mpa_r20170830.shp,VNF-VBD_npp_20120301-20151231_global_asia-enhanced_c201607211230.bitmask,vbd_landsea_r20220824.mask,timezone.shp,VBD_platforms-recurring_2015_r20170330.shp,0.570227,VBD_bridges_c20160811.shp,8.505960;6.558607;4.258894;-0.612674;1.543576;3.610033,98.305717;112.114037;125.705833;124.559265;110.992096;97.344330,npp_d20250905_t1800311_e1801553_b71808;npp_d20250905_t1801566_e1803207_b71808;npp_d20250905_t1803220_e1804461_b71808;npp_d20250905_t1804474_e1806115_b71808,161.625,41.247,63.6283,97.3575,44.4175,-126.142
80,VBD_npp_d20250905_t1803365_x1008210E_y072936N_l0136_s0389_v23,2025-09-05 20:30:22,7.293564,100.820969,13.1496,2025-09-05 18:03:36,2025-09-06 01:03:36,136,389,0.25226,2,2465,0.310677,0.202557,0.462035,0.4,0.659597,0.75,0.0859593,0.0001,0.000171619,999999,-1.982353e-01,3,Thailand Exclusive Economic Zone,,,SVDNB_npp_d20250905_t1803220_e1804461_b71808_c20250905192935172000_oeac_ops.h5,GDNBO_npp_d20250905_t1803220_e1804461_b71808_c20250905192711723000_oeac_ops.h5,SVI04_npp_d20250905_t1803220_e1804461_b71808_c20250905192944149000_oeac_ops.dspace_rad,,eez_v11.shp,WPP_BFAR_merge.shp,vbd_mpa_r20170830.shp,VNF-VBD_npp_20120301-20151231_global_asia-enhanced_c201607211230.bitmask,vbd_landsea_r20220824.mask,timezone.shp,VBD_platforms-recurring_2015_r20170330.shp,999999,VBD_bridges_c20160811.shp,8.505960;6.558607;4.258894;-0.612674;1.543576;3.610033,98.305717;112.114037;125.705833;124.559265;110.992096;97.344330,npp_d20250905_t1800311_e1801553_b71808;npp_d20250905_t1801566_e1803207_b71808;npp_d20250905_t1803220_e1804461_b71808;npp_d20250905_t1804474_e1806115_b71808,161.671,41.4178,63.5681,97.554,44.3845,-126.073
89,VBD_npp_d20250905_t1803329_x1009461E_y074400N_l0111_s0402_v23,2025-09-05 20:30:22,7.439959,100.946144,10.9632,2025-09-05 18:03:32,2025-09-06 01:03:32,111,402,0.374819,1,2529,0.405697,0.1375,0.672842,0.4,0.811106,0.75,0.0856056,0.0001,0.000188914,999999,3.625548e-01,3,Thailand Exclusive Economic Zone,,,SVDNB_npp_d20250905_t1803220_e1804461_b71808_c20250905192935172000_oeac_ops.h5,GDNBO_npp_d20250905_t1803220_e1804461_b71808_c20250905192711723000_oeac_ops.h5,SVI04_npp_d20250905_t1803220_e1804461_b71808_c20250905192944149000_oeac_ops.dspace_rad,,eez_v11.shp,WPP_BFAR_merge.shp,vbd_mpa_r20170830.shp,VNF-VBD_npp_20120301-20151231_global_asia-enhanced_c201607211230.bitmask,vbd_landsea_r20220824.mask,timezone.shp,VBD_platforms-recurring_2015_r20170330.shp,999999,VBD_bridges_c20160811.shp,8.505960;6.558607;4.258894;-0.612674;1.543576;3.610033,98.305717;112.114037;125.705833;124.559265;110.992096;97.344330,npp_d20250905_t1800311_e1801553_b71808;npp_d20250905_t1801566_e1803207_b71808;npp_d20250905_t1803220_e1804461_b71808;npp_d20250905_t1804474_e1806115_b71808,161.488,41.3877,63.3153,97.2833,44.5619,-126.115
99,VBD_npp_d20250905_t1803347_x1009668E_y073590N_l0123_s0408_v23,2025-09-05 20:30:22,7.359033,100.966759,13.3761,2025-09-05 18:03:34,2025-09-06 01:03:34,123,408,0.3554,1,2529,0.444157,0.183151,0.84727,0.4,0.780656,0.75,0.0856591,0.0001,0.000190639,999999,-3.873212e-02,3,Thailand Exclusive Economic Zone,,,SVDNB_npp_d20250905_t1803220_e1804461_b71808_c20250905192935172000_oeac_ops.h5,GDNBO_npp_d20250905_t1803220_e1804461_b71808_c20250905192711723000_oeac_ops.h5,SVI04_npp_d20250905_t1803220_e1804461_b71808_c20250905192944149000_oeac_ops.dspace_rad,,eez_v11.shp,WPP_BFAR_merge.shp,vbd_mpa_r20170830.shp,VNF-VBD_npp_20120301-20151231_global_asia-enhanced_c201607211230.bitmask,vbd_landsea_r20220824.mask,timezone.shp,VBD_platforms-recurring_2015_r20170330.shp,999999,VBD_bridges_c20160811.shp,8.505960;6.558607;4.258894;-0.612674;1.543576;3.610033,98.305717;112.114037;125.705833;124.559265;110.992096;97.344330,npp_d20250905_t1800311_e1801553_b71808;npp_d20250905_t1801566_e1803207_b71808;npp_d20250905_t1803220_e1804461_b71808;npp_d20250905_t1804474_e1806115_b71808,161.531,41.6139,63.206,97.4457,44.5361,-126.026
102,VBD_npp_d20250905_t1803347_x1009877E_y073632N_l0122_s0411_v23,2025-09-05 20:30:22,7.363163,100.987701,6.25007,2025-09-05 18:03:34,2025-09-06 01:03:34,122,411,0.369057,7,2209,0.188271,0.1676,0.882429,0.4,0.541595,0.75,0.0856213,0.0001,0.000191305,999999,8.909171e-02,3,,,,SVDNB_npp_d20250905_t1803220_e1804461_b71808_c20250905192935172000_oeac_ops.h5,GDNBO_npp_d20250905_t1803220_e1804461_b71808_c20250905192711723000_oeac_ops.h5,SVI04_npp_d20250905_t1803220_e1804461_b71808_c20250905192944149000_oeac_ops.dspace_rad,,eez_v11.shp,WPP_BFAR_merge.shp,vbd_mpa_r20170830.shp,VNF-VBD_npp_20120301-20151231_global_asia-enhanced_c201607211230.bitmask,vbd_landsea_r20220824.mask,timezone.shp,VBD_platforms-recurring_2015_r20170330.shp,999999,VBD_bridges_c20160811.shp,8.505960;6.558607;4.258894;-0.612674;1.543576;3.610033,98.305717;112.114037;125.705833;124.559265;110.992096;97.344330,npp_d20250905_t1800311_e1801553_b71808;npp_d20250905_t1801566_e1803207_b71808;npp_d20250905_t1803220_e1804461_b71808;npp_d20250905_t1804474_e1806115_b71808,161.514,41.6549,63.1485,97.4832,44.5556,-126.014
103,VBD_npp_d20250905_t1803347_x1009915E_y073420N_l0125_s0412_v23,2025-09-05 20:30:22,7.341997,100.991508,25.1468,2025-09-05 18:03:34,2025-09-06 01:03:34,125,412,0.37304,1,2529,0.669133,0.150502,0.871864,0.4,0.884613,0.75,0.0856395,0.0001,0.000199057,999999,2.296255e-01,3,Thailand Exclusive Economic Zone,,,SVDNB_npp_d20250905_t1803220_e1804461_b71808_c20250905192935172000_oeac_ops.h5,GDNBO_npp_d20250905_t1803220_e1804461_b71808_c20250905192711723000_oeac_ops.h5,SVI04_npp_d20250905_t1803220_e1804461_b71808_c20250905192944149000_oeac_ops.dspace_rad,,eez_v11.shp,WPP_BFAR_merge.shp,vbd_mpa_r20170830.shp,VNF-VBD_npp_20120301-20151231_global_asia-enhanced_c201607211230.bitmask,vbd_landsea_r20220824.mask,timezone.shp,VBD_platforms-recurring_2015_r20170330.shp,999999,VBD_bridges_c20160811.shp,8.505960;6.558607;4.258894;-0.612674;1.543576;3.610033,98.305717;112.114037;125.705833;124.559265;110.992096;97.344330,npp_d20250905_t1800311_e1801553_b71808;npp_d20250905_t1801566_e1803207_b71808;npp_d20250905_t1803220_e1804461_b71808;npp_d20250905_t1804474_e1806115_b71808,161.527,41.7059,63.13,97.3789,44.5461,-125.994
105,VBD_npp_d20250905_t1803347_x1010029E_y073749N_l0120_s0413_v23,2025-09-05 20:30:22,7.374925,101.002869,17.818,2025-09-05 18:03:34,2025-09-06 01:03:34,120,413,0.369911,8,18913,0.552664,0.179207,0.882429,0.4,0.843484,0.75,0.0855839,0.0001,0.000188799,999999,-6.312434e-03,3,Thailand Exclusive Economic Zone,,,SVDNB_npp_d20250905_t1803220_e1804461_b71808_c20250905192935172000_oeac_ops.h5,GDNBO_npp_d20250905_t1803220_e1804461_b71808_c20250905192711723000_oeac_ops.h5,SVI04_npp_d20250905_t1803220_e1804461_b71808_c20250905192944149000_oeac_ops.dspace_rad,,eez_v11.shp,WPP_BFAR_merge.shp,vbd_mpa_r20170830.shp,VNF-VBD_npp_20120301-20151231_global_asia-enhanced_c201607211230.bitmask,vbd_landsea_r20220824.mask,timezone.shp,VBD_platforms-recurring_2015_r20170330.shp,0.492845,VBD_bridges_c20160811.shp,8.505960;6.558607;4.258894;-0.612674;1.543576;3.610033,98.305717;112.114037;125.705833;124.559265;110.992096;97.344330,npp_d20250905_t1800311_e1801553_b71808;npp_d20250905_t1801566_e1803207_b71808;npp_d20250905_t1803220_e1804461_b71808;npp_d20250905_t1804474_e1806115_b71808,161.495,41.667,63.1101,97.5549,44.5749,-126.013
106,VBD_npp_d20250905_t1803347_x1010142E_y073597N_l0122_s0415_v23,2025-09-05 20:30:22,7.359652,101.014229,13.1934,2025-09-05 18:03:34,2025-09-06 01:03:34,122,415,0.365358,1,2529,0.442719,0.158517,0.874193,0.4,0.796789,0.75,0.0855833,0.0001,0.000195171,999999,1.637466e-01,3,Thailand Exclusive Economic Zone,,,SVDNB_npp_d20250905_t1803220_e1804461_b71808_c20250905192935172000_oeac_ops.h5,GDNBO_npp_d20250905_t1803220_e1804461_b71808_c20250905192711723000_oeac_ops.h5,SVI04_npp_d20250905_t1803220_e1804461_b71808_c20250905192944149000_oeac_ops.dspace_rad,,eez_v11.shp,WPP_BFAR_merge.shp,vbd_mpa_r20170830.shp,VNF-VBD_npp_20120301-20151231_global_asia-enhanced_c201607211230.bitmask,vbd_landsea_r20220824.mask,timezone.shp,VBD_platforms-recurring_2015_r20170330.shp,999999,VBD_bridges_c20160811.shp,8.505960;6.558607;4.258894;-0.612674;1.543576;3.610033,98.305717;112.114037;125.705833;124.559265;110.992096;97.344330,npp_d20250905_t1800311_e1801553_b71808;npp_d20250905_t1801566_e1803207_b71808;npp_d20250905_t1803220_e1804461_b71808;npp_d20250905_t1804474_e1806115_b71808,161.499,41.724,63.0723,97.4865,44.575,-125.992
109,VBD_npp_d20250905_t1803347_x1010385E_y073847N_l0118_s0418_v23,2025-09-05 20:30:22,7.384661,101.038521,20.3264,2025-09-05 18:03:34,2025-09-06 01:03:34,118,418,0.374036,1,2529,0.621455,0.143772,0.852799,0.4,0.885827,0.75,0.0855178,0.0001,0.000188982,999999,2.849377e-01,3,Thailand Exclusive Economic Zone,,,SVDNB_npp_d20250905_t1803220_e1804461_b71808_c20250905192935172000_oeac_ops.h5,GDNBO_npp_d20250905_t1803220_e1804461_b71808_c20250905192711723000_oeac_ops.h5,SVI04_npp_d20250905_t1803220_e1804461_b71808_c20250905192944149000_oeac_ops.dspace_rad,,eez_v11.shp,WPP_BFAR_merge.shp,vbd_mpa_r20170830.shp,VNF-VBD_npp_20120301-20151231_global_asia-enhanced_c201607211230.bitmask,vbd_landsea_r20220824.mask,timezone.shp,VBD_platforms-recurring_2015_r20170330.shp,999999,VBD_bridges_c20160811.shp,8.505960;6.558607;4.258894;-0.612674;1.543576;3.610033,98.305717;112.114037;125.705833;124.559265;110.992096;97.344330,npp_d20250905_t1800311_e1801553_b71808;npp_d20250905_t1801566_e1803207_b71808;npp_d20250905_t1803220_e1804461_b71808;npp_d20250905_t1804474_e1806115_b71808,161.464,41.7311,63.013,97.6331,44.6096,-125.995
111,VBD_npp_d20250905_t1803365_x1010259E_y072879N_l0133_s0419_v23,2025-09-05 20:30:22,7.287872,101.025864,15.732,2025-09-05 18:03:36,2025-09-06 01:03:36,133,419,0.263072,1,2529,0.406404,0.209392,0.648089,0.4,0.761184,0.75,0.0856467,0.0001,0.000192791,999999,-2.544139e-01,3,Thailand Exclusive Economic Zone,,,SVDNB_npp_d20250905_t1803220_e1804461_b71808_c20250905192935172000_oeac_ops.h5,GDNBO_npp_d20250905_t1803220_e1804461_b71808_c20250905192711723000_oeac_ops.h5,SVI04_npp_d20250905_t1803220_e1804461_b71808_c20250905192944149000_oeac_ops.dspace_rad,,eez_v11.shp,WPP_BFAR_merge.shp,vbd_mpa_r20170830.shp,VNF-VBD_npp_20120301-20151231_global_asia-enhanced_c201607211230.bitmask,vbd_landsea_r20220824.mask,timezone.shp,VBD_platforms-recurring_2015_r20170330.shp,999999,VBD_bridges_c20160811.shp,8.505960;6.558607;4.258894;-0.612674;1.543576;3.610033,98.305717;112.114037;125.705833;124.559265;110.992096;97.344330,npp_d20250905_t1800311_e1801553_b71808;npp_d20250905_t1801566_e1803207_b71808;npp_d20250905_t1803220_e1804461_b71808;npp_d20250905_t1804474_e1806115_b71808,161.54,41.9117,62.9912,97.6899,44.5476,-125.918
116,VBD_npp_d20250905_t1803311_x1012606E_y075593N_l0087_s0444_v23,2025-09-05 20:30:22,7.559343,101.260620,66.7335,2025-09-05 18:03:31,2025-09-06 01:03:31,87,444,0.367065,1,2529,1.09839,0.187029,0.900112,0.4,0.968883,0.75,0.0850199,0.0001,0.000207918,999999,-7.060886e-02,3,Thailand Exclusive Economic Zone,,,SVDNB_npp_d20250905_t1803220_e1804461_b71808_c20250905192935172000_oeac_ops.h5,GDNBO_npp_d20250905_t1803220_e1804461_b71808_c20250905192711723000_oeac_ops.h5,SVI04_npp_d20250905_t1803220_e1804461_b71808_c20250905192944149000_oeac_ops.dspace_rad,,eez_v11.shp,WPP_BFAR_merge.shp,vbd_mpa_r20170830.shp,VNF-VBD_npp_20120301-20151231_global_asia-enhanced_c201607211230.bitmask,vbd_landsea_r20220824.mask,timezone.shp,VBD_platforms-recurring_2015_r20170330.shp,999999,VBD_bridges_c20160811.shp,8.505960;6.558607;4.258894;-0.612674;1.543576;3.610033,98.305717;112.114037;125.705833;124.559265;110.992096;97.344330,npp_d20250905_t1800311_e1801553_b71808;npp_d20250905_t1801566_e1803207_b71808;npp_d20250905_t1803220_e1804461_b71808;npp_d20250905_t1804474_e1806115_b71808,161.197,41.8668,62.4871,97.5828,44.8823,-125.989
117,VBD_npp_d20250905_t1803311_x1012742E_y075080N_l0094_s0447_v23,2025-09-05 20:30:22,7.507991,101.274216,86.2069,2025-09-05 18:03:31,2025-09-06 01:03:31,94,447,0.366923,1,2529,1.20112,0.178374,0.896147,0.4,0.9745,0.75,0.0850311,0.0001,0.000229548,999999,5.330478e-04,3,Thailand Exclusive Economic Zone,,,SVDNB_npp_d20250905_t1803220_e1804461_b71808_c20250905192935172000_oeac_ops.h5,GDNBO_npp_d20250905_t1803220_e1804461_b71808_c20250905192711723000_oeac_ops.h5,SVI04_npp_d20250905_t1803220_e1804461_b71808_c20250905192944149000_oeac_ops.dspace_rad,,eez_v11.shp,WPP_BFAR_merge.shp,vbd_mpa_r20170830.shp,VNF-VBD_npp_20120301-20151231_global_asia-enhanced_c201607211230.bitmask,vbd_landsea_r20220824.mask,timezone.shp,VBD_platforms-recurring_2015_r20170330.shp,999999,VBD_bridges_c20160811.shp,8.505960;6.558607;4.258894;-0.612674;1.543576;3.610033,98.305717;112.114037;125.705833;124.559265;110.992096;97.344330,npp_d20250905_t1800311_e1801553_b71808;npp_d20250905_t1801566_e1803207_b71808;npp_d20250905_t1803220_e1804461_b71808;npp_d20250905_t1804474_e1806115_b71808,161.226,41.9989,62.4282,97.3278,44.8629,-125.937
118,VBD_npp_d20250905_t1803240_x1013839E_y079451N_l0026_s0450_v23,2025-09-05 20:30:22,7.945130,101.383911,20.685,2025-09-05 18:03:24,2025-09-06 01:03:24,26,450,0.355542,4,18917,0.600131,0.156819,0.781272,0.4,0.85232,0.75,0.0846165,0.0001,0.000200095,999999,1.776999e-01,3,Thailand Exclusive Economic Zone,,,SVDNB_npp_d20250905_t1803220_e1804461_b71808_c20250905192935172000_oeac_ops.h5,GDNBO_npp_d20250905_t1803220_e1804461_b71808_c20250905192711723000_oeac_ops.h5,SVI04_npp_d20250905_t1803220_e1804461_b71808_c20250905192944149000_oeac_ops.dspace_rad,,eez_v11.shp,WPP_BFAR_merge.shp,vbd_mpa_r20170830.shp,VNF-VBD_npp_20120301-20151231_global_asia-enhanced_c201607211230.bitmask,vbd_landsea_r20220824.mask,timezone.shp,VBD_platforms-recurring_2015_r20170330.shp,0.100757,VBD_bridges_c20160811.shp,8.505960;6.558607;4.258894;-0.612674;1.543576;3.610033,98.305717;112.114037;125.705833;124.559265;110.992096;97.344330,npp_d20250905_t1800311_e1801553_b71808;npp_d20250905_t1801566_e1803207_b71808;npp_d20250905_t1803220_e1804461_b71808;npp_d20250905_t1804474_e1806115_b71808,160.847,41.3364,62.3648,97.4059,45.1894,-126.239
119,VBD_npp_d20250905_t1803240_x1014042E_y079425N_l0026_s0453_v23,2025-09-05 20:30:22,7.942480,101.404175,10.5393,2025-09-05 18:03:24,2025-09-06 01:03:24,26,453,0.352626,8,18913,0.357249,0.148835,0.776672,0.4,0.752723,0.75,0.0845881,0.0001,0.000203178,999999,2.433300e-01,3,Thailand Exclusive Economic Zone,,,SVDNB_npp_d20250905_t1803220_e1804461_b71808_c20250905192935172000_oeac_ops.h5,GDNBO_npp_d20250905_t1803220_e1804461_b71808_c20250905192711723000_oeac_ops.h5,SVI04_npp_d20250905_t1803220_e1804461_b71808_c20250905192944149000_oeac_ops.dspace_rad,,eez_v11.shp,WPP_BFAR_merge.shp,vbd_mpa_r20170830.shp,VNF-VBD_npp_20120301-20151231_global_asia-enhanced_c201607211230.bitmask,vbd_landsea_r20220824.mask,timezone.shp,VBD_platforms-recurring_2015_r20170330.shp,0.591955,VBD_bridges_c20160811.shp,8.505960;6.558607;4.258894;-0.612674;1.543576;3.610033,98.305717;112.114037;125.705833;124.559265;110.992096;97.344330,npp_d20250905_t1800311_e1801553_b71808;npp_d20250905_t1801566_e1803207_b71808;npp_d20250905_t1803220_e1804461_b71808;npp_d20250905_t1804474_e1806115_b71808,160.836,41.3876,62.305,97.4086,45.2042,-126.222
120,VBD_npp_d20250905_t1803329_x1014102E_y074127N_l0106_s0469_v23,2025-09-05 20:30:22,7.412674,101.410248,27.5764,2025-09-05 18:03:32,2025-09-06 01:03:32,106,469,0.361802,8,18913,0.767422,0.215552,0.87324,0.4,0.929331,0.75,0.0849217,0.0001,0.000251612,999999,-3.050517e-01,3,Thailand Exclusive Economic Zone,,,SVDNB_npp_d20250905_t1803220_e1804461_b71808_c20250905192935172000_oeac_ops.h5,GDNBO_npp_d20250905_t1803220_e1804461_b71808_c20250905192711723000_oeac_ops.h5,SVI04_npp_d20250905_t1803220_e1804461_b71808_c20250905192944149000_oeac_ops.dspace_rad,,eez_v11.shp,WPP_BFAR_merge.shp,vbd_mpa_r20170830.shp,VNF-VBD_npp_20120301-20151231_global_asia-enhanced_c201607211230.bitmask,vbd_landsea_r20220824.mask,timezone.shp,VBD_platforms-recurring_2015_r20170330.shp,0.670812,VBD_bridges_c20160811.shp,8.505960;6.558607;4.258894;-0.612674;1.543576;3.610033,98.305717;112.114037;125.705833;124.559265;110.992096;97.344330,npp_d20250905_t1800311_e1801553_b71808;npp_d20250905_t1801566_e1803207_b71808;npp_d20250905_t1803220_e1804461_b71808;npp_d20250905_t1804474_e1806115_b71808,161.201,42.5154,61.9721,97.5137,44.9228,-125.753
121,VBD_npp_d20250905_t1803329_x1014343E_y073815N_l0110_s0473_v23,2025-09-05 20:30:22,7.381501,101.434334,96.3693,2025-09-05 18:03:32,2025-09-06 01:03:32,110,473,0.362442,1,2529,1.25289,0.20597,0.90251,0.4,0.975302,0.75,0.0849205,0.0001,0.000269166,999999,-2.262904e-01,3,Thailand Exclusive Economic Zone,,,SVDNB_npp_d20250905_t1803220_e1804461_b71808_c20250905192935172000_oeac_ops.h5,GDNBO_npp_d20250905_t1803220_e1804461_b71808_c20250905192711723000_oeac_ops.h5,SVI04_npp_d20250905_t1803220_e1804461_b71808_c20250905192944149000_oeac_ops.dspace_rad,,eez_v11.shp,WPP_BFAR_merge.shp,vbd_mpa_r20170830.shp,VNF-VBD_npp_20120301-20151231_global_asia-enhanced_c201607211230.bitmask,vbd_landsea_r20220824.mask,timezone.shp,VBD_platforms-recurring_2015_r20170330.shp,999999,VBD_bridges_c20160811.shp,8.505960;6.558607;4.258894;-0.612674;1.543576;3.610033,98.305717;112.114037;125.705833;124.559265;110.992096;97.344330,npp_d20250905_t1800311_e1801553_b71808;npp_d20250905_t1801566_e1803207_b71808;npp_d20250905_t1803220_e1804461_b71808;npp_d20250905_t1804474_e1806115_b71808,161.208,42.6322,61.889,97.3692,44.924,-125.71
122,VBD_npp_d20250905_t1803329_x1014622E_y073778N_l0110_s0477_v23,2025-09-05 20:30:22,7.377848,101.462181,33.4128,2025-09-05 18:03:32,2025-09-06 01:03:32,110,477,0.366923,1,2529,0.774408,0.19296,0.89756,0.4,0.759139,0.75,0.0848825,0.0001,0.000274714,999999,-1.193588e-01,3,Thailand Exclusive Economic Zone,,,SVDNB_npp_d20250905_t1803220_e1804461_b71808_c20250905192935172000_oeac_ops.h5,GDNBO_npp_d20250905_t1803220_e1804461_b71808_c20250905192711723000_oeac_ops.h5,SVI04_npp_d20250905_t1803220_e1804461_b71808_c20250905192944149000_oeac_ops.dspace_rad,,eez_v11.shp,WPP_BFAR_merge.shp,vbd_mpa_r20170830.shp,VNF-VBD_npp_20120301-20151231_global_asia-enhanced_c201607211230.bitmask,vbd_landsea_r20220824.mask,timezone.shp,VBD_platforms-recurring_2015_r20170330.shp,999999,VBD_bridges_c20160811.shp,8.505960;6.558607;4.258894;-0.612674;1.543576;3.610033,98.305717;112.114037;125.705833;124.559265;110.992096;97.344330,npp_d20250905_t1800311_e1801553_b71808;npp_d20250905_t1801566_e1803207_b71808;npp_d20250905_t1803220_e1804461_b71808;npp_d20250905_t1804474_e1806115_b71808,161.192,42.7027,61.8052,97.3725,44.9445,-125.687
123,VBD_npp_d20250905_t1803382_x1014113E_y071224N_l0150_s0478_v23,2025-09-05 20:30:22,7.122393,101.411270,18.5686,2025-09-05 18:03:38,2025-09-06 01:03:38,150,478,0.251975,2,2465,0.333128,0.177393,0.582977,0.4,0.685193,0.75,0.0852421,0.0001,0.000271356,999999,8.594523e-03,3,Thailand Exclusive Economic Zone,,,SVDNB_npp_d20250905_t1803220_e1804461_b71808_c20250905192935172000_oeac_ops.h5,GDNBO_npp_d20250905_t1803220_e1804461_b71808_c20250905192711723000_oeac_ops.h5,SVI04_npp_d20250905_t1803220_e1804461_b71808_c20250905192944149000_oeac_ops.dspace_rad,,eez_v11.shp,WPP_BFAR_merge.shp,vbd_mpa_r20170830.shp,VNF-VBD_npp_20120301-20151231_global_asia-enhanced_c201607211230.bitmask,vbd_landsea_r20220824.mask,timezone.shp,VBD_platforms-recurring_2015_r20170330.shp,999999,VBD_bridges_c20160811.shp,8.505960;6.558607;4.258894;-0.612674;1.543576;3.610033,98.305717;112.114037;125.705833;124.559265;110.992096;97.344330,npp_d20250905_t1800311_e1801553_b71808;npp_d20250905_t1801566_e1803207_b71808;npp_d20250905_t1803220_e1804461_b71808;npp_d20250905_t1804474_e1806115_b71808,161.398,43.1514,61.7877,97.7211,44.7699,-125.494
124,VBD_npp_d20250905_t1803382_x1014261E_y071274N_l0149_s0480_v23,2025-09-05 20:30:22,7.127355,101.426079,21.365,2025-09-05 18:03:38,2025-09-06 01:03:38,149,480,0.274666,2,2465,0.361994,0.218501,0.618026,0.4,0.710508,0.75,0.0852138,0.0001,0.000270954,999999,-3.292850e-01,3,Thailand Exclusive Economic Zone,,,SVDNB_npp_d20250905_t1803220_e1804461_b71808_c20250905192935172000_oeac_ops.h5,GDNBO_npp_d20250905_t1803220_e1804461_b71808_c20250905192711723000_oeac_ops.h5,SVI04_npp_d20250905_t1803220_e1804461_b71808_c20250905192944149000_oeac_ops.dspace_rad,,eez_v11.shp,WPP_BFAR_merge.shp,vbd_mpa_r20170830.shp,VNF-VBD_npp_20120301-20151231_global_asia-enhanced_c201607211230.bitmask,vbd_landsea_r20220824.mask,timezone.shp,VBD_platforms-recurring_2015_r20170330.shp,999999,VBD_bridges_c20160811.shp,8.505960;6.558607;4.258894;-0.612674;1.543576;3.610033,98.305717;112.114037;125.705833;124.559265;110.992096;97.344330,npp_d20250905_t1800311_e1801553_b71808;npp_d20250905_t1801566_e1803207_b71808;npp_d20250905_t1803220_e1804461_b71808;npp_d20250905_t1804474_e1806115_b71808,161.385,43.175,61.7458,97.7599,44.7849,-125.487
125,VBD_npp_d20250905_t1803347_x1014812E_y073250N_l0118_s0482_v23,2025-09-05 20:30:22,7.325016,101.481171,166.343,2025-09-05 18:03:34,2025-09-06 01:03:34,118,482,0.364576,8,18913,1.46634,0.186087,0.900249,0.4,0.984213,0.75,0.0849087,0.0001,0.000262983,999999,-6.286380e-02,3,Thailand Exclusive Economic Zone,,,SVDNB_npp_d20250905_t1803220_e1804461_b71808_c20250905192935172000_oeac_ops.h5,GDNBO_npp_d20250905_t1803220_e1804461_b71808_c20250905192711723000_oeac_ops.h5,SVI04_npp_d20250905_t1803220_e1804461_b71808_c20250905192944149000_oeac_ops.dspace_rad,,eez_v11.shp,WPP_BFAR_merge.shp,vbd_mpa_r20170830.shp,VNF-VBD_npp_20120301-20151231_global_asia-enhanced_c201607211230.bitmask,vbd_landsea_r20220824.mask,timezone.shp,VBD_platforms-recurring_2015_r20170330.shp,0.680538,VBD_bridges_c20160811.shp,8.505960;6.558607;4.258894;-0.612674;1.543576;3.610033,98.305717;112.114037;125.705833;124.559265;110.992096;97.344330,npp_d20250905_t1800311_e1801553_b71808;npp_d20250905_t1801566_e1803207_b71808;npp_d20250905_t1803220_e1804461_b71808;npp_d20250905_t1804474_e1806115_b71808,161.213,42.868,61.7055,97.6899,44.9346,-125.623
126,VBD_npp_d20250905_t1803382_x1014389E_y071186N_l0150_s0482_v23,2025-09-05 20:30:22,7.118632,101.438934,15.597,2025-09-05 18:03:38,2025-09-06 01:03:38,150,482,0.212498,7,2209,0.201347,0.186215,0.618026,0.4,0.554965,0.75,0.085204,0.0001,0.000276913,999999,-6.391172e-02,3,,,,SVDNB_npp_d20250905_t1803220_e1804461_b71808_c20250905192935172000_oeac_ops.h5,GDNBO_npp_d20250905_t1803220_e1804461_b71808_c20250905192711723000_oeac_ops.h5,SVI04_npp_d20250905_t1803220_e1804461_b71808_c20250905192944149000_oeac_ops.dspace_rad,,eez_v11.shp,WPP_BFAR_merge.shp,vbd_mpa_r20170830.shp,VNF-VBD_npp_20120301-20151231_global_asia-enhanced_c201607211230.bitmask,vbd_landsea_r20220824.mask,timezone.shp,VBD_platforms-recurring_2015_r20170330.shp,999999,VBD_bridges_c20160811.shp,8.505960;6.558607;4.258894;-0.612674;1.543576;3.610033,98.305717;112.114037;125.705833;124.559265;110.992096;97.344330,npp_d20250905_t1800311_e1801553_b71808;npp_d20250905_t1801566_e1803207_b71808;npp_d20250905_t1803220_e1804461_b71808;npp_d20250905_t1804474_e1806115_b71808,161.382,43.2219,61.7041,97.7245,44.7903,-125.471
127,VBD_npp_d20250905_t1803329_x1015075E_y073997N_l0106_s0483_v23,2025-09-05 20:30:22,7.399736,101.507523,27.984,2025-09-05 18:03:32,2025-09-06 01:03:32,106,483,0.364433,8,18849,0.709691,0.176256,0.810102,0.4,0.647841,0.75,0.0847884,0.0001,0.000270292,999999,1.793831e-02,3,Thailand Exclusive Economic Zone,,,SVDNB_npp_d20250905_t1803220_e1804461_b71808_c20250905192935172000_oeac_ops.h5,GDNBO_npp_d20250905_t1803220_e1804461_b71808_c20250905192711723000_oeac_ops.h5,SVI04_npp_d20250905_t1803220_e1804461_b71808_c20250905192944149000_oeac_ops.dspace_rad,,eez_v11.shp,WPP_BFAR_merge.shp,vbd_mpa_r20170830.shp,VNF-VBD_npp_20120301-20151231_global_asia-enhanced_c201607211230.bitmask,vbd_landsea_r20220824.mask,timezone.shp,VBD_platforms-recurring_2015_r20170330.shp,0.830012,VBD_bridges_c20160811.shp,8.505960;6.558607;4.258894;-0.612674;1.543576;3.610033,98.305717;112.114037;125.705833;124.559265;110.992096;97.344330,npp_d20250905_t1800311_e1801553_b71808;npp_d20250905_t1801566_e1803207_b71808;npp_d20250905_t1803220_e1804461_b71808;npp_d20250905_t1804474_e1806115_b71808,161.145,42.7618,61.6791,97.5259,44.9944,-125.672
128,VBD_npp_d20250905_t1803382_x1014546E_y071304N_l0148_s0484_v23,2025-09-05 20:30:22,7.130422,101.454628,17.6558,2025-09-05 18:03:38,2025-09-06 01:03:38,148,484,0.272034,2,2465,0.292503,0.247157,0.58676,0.4,0.658288,0.75,0.0851665,0.0001,0.000273296,999999,-5.648270e-01,3,Thailand Exclusive Economic Zone,,,SVDNB_npp_d20250905_t1803220_e1804461_b71808_c20250905192935172000_oeac_ops.h5,GDNBO_npp_d20250905_t1803220_e1804461_b71808_c20250905192711723000_oeac_ops.h5,SVI04_npp_d20250905_t1803220_e1804461_b71808_c20250905192944149000_oeac_ops.dspace_rad,,eez_v11.shp,WPP_BFAR_merge.shp,vbd_mpa_r20170830.shp,VNF-VBD_npp_20120301-20151231_global_asia-enhanced_c201607211230.bitmask,vbd_landsea_r20220824.mask,timezone.shp,VBD_platforms-recurring_2015_r20170330.shp,999999,VBD_bridges_c20160811.shp,8.505960;6.558607;4.258894;-0.612674;1.543576;3.610033,98.305717;112.114037;125.705833;124.559265;110.992096;97.344330,npp_d20250905_t1800311_e1801553_b71808;npp_d20250905_t1801566_e1803207_b71808;npp_d20250905_t1803220_e1804461_b71808;npp_d20250905_t1804474_e1806115_b71808,161.363,43.2336,61.6622,97.8004,44.8101,-125.469
129,VBD_npp_d20250905_t1803365_x1014848E_y072465N_l0130_s0485_v23,2025-09-05 20:30:22,7.246517,101.484787,35.7218,2025-09-05 18:03:36,2025-09-06 01:03:36,130,485,0.366354,1,2529,0.850611,0.172502,0.857299,0.4,0.933282,0.75,0.0849909,0.0001,0.000261445,999999,4.880143e-02,3,Thailand Exclusive Economic Zone,,,SVDNB_npp_d20250905_t1803220_e1804461_b71808_c20250905192935172000_oeac_ops.h5,GDNBO_npp_d20250905_t1803220_e1804461_b71808_c20250905192711723000_oeac_ops.h5,SVI04_npp_d20250905_t1803220_e1804461_b71808_c20250905192944149000_oeac_ops.dspace_rad,,eez_v11.shp,WPP_BFAR_merge.shp,vbd_mpa_r20170830.shp,VNF-VBD_npp_20120301-20151231_global_asia-enhanced_c201607211230.bitmask,vbd_landsea_r20220824.mask,timezone.shp,VBD_platforms-recurring_2015_r20170330.shp,999999,VBD_bridges_c20160811.shp,8.505960;6.558607;4.258894;-0.612674;1.543576;3.610033,98.305717;112.114037;125.705833;124.559265;110.992096;97.344330,npp_d20250905_t1800311_e1801553_b71808;npp_d20250905_t1801566_e1803207_b71808;npp_d20250905_t1803220_e1804461_b71808;npp_d20250905_t1804474_e1806115_b71808,161.263,43.0504,61.6413,97.8594,44.8972,-125.55
130,VBD_npp_d20250905_t1803347_x1015410E_y073030N_l0120_s0491_v23,2025-09-05 20:30:22,7.303034,101.541031,30.7912,2025-09-05 18:03:34,2025-09-06 01:03:34,120,491,0.368844,1,2529,0.833592,0.173789,0.885821,0.4,0.935086,0.75,0.0848415,0.0001,0.000281667,999999,3.821561e-02,3,Thailand Exclusive Economic Zone,,,SVDNB_npp_d20250905_t1803220_e1804461_b71808_c20250905192935172000_oeac_ops.h5,GDNBO_npp_d20250905_t1803220_e1804461_b71808_c20250905192711723000_oeac_ops.h5,SVI04_npp_d20250905_t1803220_e1804461_b71808_c20250905192944149000_oeac_ops.dspace_rad,,eez_v11.shp,WPP_BFAR_merge.shp,vbd_mpa_r20170830.shp,VNF-VBD_npp_20120301-20151231_global_asia-enhanced_c201607211230.bitmask,vbd_landsea_r20220824.mask,timezone.shp,VBD_platforms-recurring_2015_r20170330.shp,999999,VBD_bridges_c20160811.shp,8.505960;6.558607;4.258894;-0.612674;1.543576;3.610033,98.305717;112.114037;125.705833;124.559265;110.992096;97.344330,npp_d20250905_t1800311_e1801553_b71808;npp_d20250905_t1801566_e1803207_b71808;npp_d20250905_t1803220_e1804461_b71808;npp_d20250905_t1804474_e1806115_b71808,161.188,43.0472,61.5181,97.6235,44.9706,-125.562
131,VBD_npp_d20250905_t1803347_x1015517E_y073293N_l0116_s0492_v23,2025-09-05 20:30:22,7.329345,101.551666,16.9514,2025-09-05 18:03:34,2025-09-06 01:03:34,116,492,0.317843,1,2529,0.556297,0.207399,0.861784,0.4,0.851357,0.75,0.0847951,0.0001,0.000270201,999999,-2.380357e-01,3,Thailand Exclusive Economic Zone,,,SVDNB_npp_d20250905_t1803220_e1804461_b71808_c20250905192935172000_oeac_ops.h5,GDNBO_npp_d20250905_t1803220_e1804461_b71808_c20250905192711723000_oeac_ops.h5,SVI04_npp_d20250905_t1803220_e1804461_b71808_c20250905192944149000_oeac_ops.dspace_rad,,eez_v11.shp,WPP_BFAR_merge.shp,vbd_mpa_r20170830.shp,VNF-VBD_npp_20120301-20151231_global_asia-enhanced_c201607211230.bitmask,vbd_landsea_r20220824.mask,timezone.shp,VBD_platforms-recurring_2015_r20170330.shp,999999,VBD_bridges_c20160811.shp,8.505960;6.558607;4.258894;-0.612674;1.543576;3.610033,98.305717;112.114037;125.705833;124.559265;110.992096;97.344330,npp_d20250905_t1800311_e1801553_b71808;npp_d20250905_t1801566_e1803207_b71808;npp_d20250905_t1803220_e1804461_b71808;npp_d20250905_t1804474_e1806115_b71808,161.162,43.0185,61.4969,97.773,44.9947,-125.576
132,VBD_npp_d20250905_t1803347_x1015548E_y072527N_l0127_s0494_v23,2025-09-05 20:30:22,7.252677,101.554787,72.9566,2025-09-05 18:03:34,2025-09-06 01:03:34,127,494,0.368132,1,2529,1.15552,0.181459,0.892541,0.4,0.969878,0.75,0.0848775,0.0001,0.00030995,999999,-2.482775e-02,3,Thailand Exclusive Economic Zone,,,SVDNB_npp_d20250905_t1803220_e1804461_b71808_c20250905192935172000_oeac_ops.h5,GDNBO_npp_d20250905_t1803220_e1804461_b71808_c20250905192711723000_oeac_ops.h5,SVI04_npp_d20250905_t1803220_e1804461_b71808_c20250905192944149000_oeac_ops.dspace_rad,,eez_v11.shp,WPP_BFAR_merge.shp,vbd_mpa_r20170830.shp,VNF-VBD_npp_20120301-20151231_global_asia-enhanced_c201607211230.bitmask,vbd_landsea_r20220824.mask,timezone.shp,VBD_platforms-recurring_2015_r20170330.shp,999999,VBD_bridges_c20160811.shp,8.505960;6.558607;4.258894;-0.612674;1.543576;3.610033,98.305717;112.114037;125.705833;124.559265;110.992096;97.344330,npp_d20250905_t1800311_e1801553_b71808;npp_d20250905_t1801566_e1803207_b71808;npp_d20250905_t1803220_e1804461_b71808;npp_d20250905_t1804474_e1806115_b71808,161.216,43.1793,61.457,97.3658,44.9522,-125.51
133,VBD_npp_d20250905_t1803365_x1016276E_y071304N_l0144_s0508_v23,2025-09-05 20:30:22,7.130412,101.627556,26.3597,2025-09-05 18:03:36,2025-09-06 01:03:36,144,508,0.194644,8,18913,0.546057,0.238647,0.610038,0.4,0.797841,0.75,0.0848995,0.0001,0.000344065,999999,-4.948784e-01,3,Thailand Exclusive Economic Zone,,,SVDNB_npp_d20250905_t1803220_e1804461_b71808_c20250905192935172000_oeac_ops.h5,GDNBO_npp_d20250905_t1803220_e1804461_b71808_c20250905192711723000_oeac_ops.h5,SVI04_npp_d20250905_t1803220_e1804461_b71808_c20250905192944149000_oeac_ops.dspace_rad,,eez_v11.shp,WPP_BFAR_merge.shp,vbd_mpa_r20170830.shp,VNF-VBD_npp_20120301-20151231_global_asia-enhanced_c201607211230.bitmask,vbd_landsea_r20220824.mask,timezone.shp,VBD_platforms-recurring_2015_r20170330.shp,0.809709,VBD_bridges_c20160811.shp,8.505960;6.558607;4.258894;-0.612674;1.543576;3.610033,98.305717;112.114037;125.705833;124.559265;110.992096;97.344330,npp_d20250905_t1800311_e1801553_b71808;npp_d20250905_t1801566_e1803207_b71808;npp_d20250905_t1803220_e1804461_b71808;npp_d20250905_t1804474_e1806115_b71808,161.25,43.6067,61.1654,97.3577,44.9458,-125.351
134,VBD_npp_d20250905_t1803347_x1016829E_y072839N_l0120_s0512_v23,2025-09-05 20:30:22,7.283931,101.682869,38.5797,2025-09-05 18:03:34,2025-09-06 01:03:34,120,512,0.330433,1,2529,0.795775,0.182617,0.77833,0.4,0.900861,0.75,0.0846392,0.0001,0.000312289,999999,-3.434501e-02,3,Thailand Exclusive Economic Zone,,,SVDNB_npp_d20250905_t1803220_e1804461_b71808_c20250905192935172000_oeac_ops.h5,GDNBO_npp_d20250905_t1803220_e1804461_b71808_c20250905192711723000_oeac_ops.h5,SVI04_npp_d20250905_t1803220_e1804461_b71808_c20250905192944149000_oeac_ops.dspace_rad,,eez_v11.shp,WPP_BFAR_merge.shp,vbd_mpa_r20170830.shp,VNF-VBD_npp_20120301-20151231_global_asia-enhanced_c201607211230.bitmask,vbd_landsea_r20220824.mask,timezone.shp,VBD_platforms-recurring_2015_r20170330.shp,999999,VBD_bridges_c20160811.shp,8.505960;6.558607;4.258894;-0.612674;1.543576;3.610033,98.305717;112.114037;125.705833;124.559265;110.992096;97.344330,npp_d20250905_t1800311_e1801553_b71808;npp_d20250905_t1801566_e1803207_b71808;npp_d20250905_t1803220_e1804461_b71808;npp_d20250905_t1804474_e1806115_b71808,161.106,43.4037,61.0826,97.6412,45.0752,-125.445
135,VBD_npp_d20250905_t1803311_x1017496E_y074513N_l0093_s0516_v23,2025-09-05 20:30:22,7.451326,101.749596,53.8887,2025-09-05 18:03:31,2025-09-06 01:03:31,93,516,0.291026,1,2529,0.882399,0.182748,0.833157,0.4,0.914464,0.75,0.0843656,0.0001,0.000321977,999999,-3.541578e-02,3,Thailand Exclusive Economic Zone,,,SVDNB_npp_d20250905_t1803220_e1804461_b71808_c20250905192935172000_oeac_ops.h5,GDNBO_npp_d20250905_t1803220_e1804461_b71808_c20250905192711723000_oeac_ops.h5,SVI04_npp_d20250905_t1803220_e1804461_b71808_c20250905192944149000_oeac_ops.dspace_rad,,eez_v11.shp,WPP_BFAR_merge.shp,vbd_mpa_r20170830.shp,VNF-VBD_npp_20120301-20151231_global_asia-enhanced_c201607211230.bitmask,vbd_landsea_r20220824.mask,timezone.shp,VBD_platforms-recurring_2015_r20170330.shp,999999,VBD_bridges_c20160811.shp,8.505960;6.558607;4.258894;-0.612674;1.543576;3.610033,98.305717;112.114037;125.705833;124.559265;110.992096;97.344330,npp_d20250905_t1800311_e1801553_b71808;npp_d20250905_t1801566_e1803207_b71808;npp_d20250905_t1803220_e1804461_b71808;npp_d20250905_t1804474_e1806115_b71808,160.949,43.1855,60.9937,97.4161,45.2165,-125.546
136,VBD_npp_d20250905_t1803258_x1021550E_y077232N_l0044_s0565_v23,2025-09-05 20:30:22,7.723191,102.155045,16.5065,2025-09-05 18:03:25,2025-09-06 01:03:25,44,565,0.37176,1,2529,0.506603,0.228212,0.623871,0.4,0.805207,0.75,0.0836159,0.0001,0.000376878,999999,-4.091043e-01,3,Thailand Exclusive Economic Zone,,,SVDNB_npp_d20250905_t1803220_e1804461_b71808_c20250905192935172000_oeac_ops.h5,GDNBO_npp_d20250905_t1803220_e1804461_b71808_c20250905192711723000_oeac_ops.h5,SVI04_npp_d20250905_t1803220_e1804461_b71808_c20250905192944149000_oeac_ops.dspace_rad,,eez_v11.shp,WPP_BFAR_merge.shp,vbd_mpa_r20170830.shp,VNF-VBD_npp_20120301-20151231_global_asia-enhanced_c201607211230.bitmask,vbd_landsea_r20220824.mask,timezone.shp,VBD_platforms-recurring_2015_r20170330.shp,999999,VBD_bridges_c20160811.shp,8.505960;6.558607;4.258894;-0.612674;1.543576;3.610033,98.305717;112.114037;125.705833;124.559265;110.992096;97.344330,npp_d20250905_t1800311_e1801553_b71808;npp_d20250905_t1801566_e1803207_b71808;npp_d20250905_t1803220_e1804461_b71808;npp_d20250905_t1804474_e1806115_b71808,160.49,43.4924,59.9173,97.4483,45.69,-125.496
137,VBD_npp_d20250905_t1803258_x1022540E_y077240N_l0042_s0579_v23,2025-09-05 20:30:22,7.723965,102.254044,11.3683,2025-09-05 18:03:25,2025-09-06 01:03:25,42,579,0.238176,2,2465,0.240124,0.240411,0.428233,0.4,0.594389,0.75,0.0834696,0.0001,0.000394388,999999,-5.093801e-01,3,Thailand Exclusive Economic Zone,,,SVDNB_npp_d20250905_t1803220_e1804461_b71808_c20250905192935172000_oeac_ops.h5,GDNBO_npp_d20250905_t1803220_e1804461_b71808_c20250905192711723000_oeac_ops.h5,SVI04_npp_d20250905_t1803220_e1804461_b71808_c20250905192944149000_oeac_ops.dspace_rad,,eez_v11.shp,WPP_BFAR_merge.shp,vbd_mpa_r20170830.shp,VNF-VBD_npp_20120301-20151231_global_asia-enhanced_c201607211230.bitmask,vbd_landsea_r20220824.mask,timezone.shp,VBD_platforms-recurring_2015_r20170330.shp,999999,VBD_bridges_c20160811.shp,8.505960;6.558607;4.258894;-0.612674;1.543576;3.610033,98.305717;112.114037;125.705833;124.559265;110.992096;97.344330,npp_d20250905_t1800311_e1801553_b71808;npp_d20250905_t1801566_e1803207_b71808;npp_d20250905_t1803220_e1804461_b71808;npp_d20250905_t1804474_e1806115_b71808,160.422,43.7043,59.6025,97.5397,45.7713,-125.426
138,VBD_npp_d20250905_t1803258_x1029877E_y075889N_l0047_s0686_v23,2025-09-05 20:30:22,7.588941,102.987686,29.8675,2025-09-05 18:03:25,2025-09-06 01:03:25,47,686,0.223523,4,100773,0.383947,0.223062,0.488487,0.4,0.646335,0.75,0.0824438,0.0001,0.000695227,999999,-2.100385e-01,3,Malaysian Exclusive Economic Zone,,,SVDNB_npp_d20250905_t1803220_e1804461_b71808_c20250905192935172000_oeac_ops.h5,GDNBO_npp_d20250905_t1803220_e1804461_b71808_c20250905192711723000_oeac_ops.h5,SVI04_npp_d20250905_t1803220_e1804461_b71808_c20250905192944149000_oeac_ops.dspace_rad,,eez_v11.shp,WPP_BFAR_merge.shp,vbd_mpa_r20170830.shp,VNF-VBD_npp_20120301-20151231_global_asia-enhanced_c201607211230.bitmask,vbd_landsea_r20220824.mask,timezone.shp,VBD_platforms-recurring_2015_r20170330.shp,999999,VBD_bridges_c20160811.shp,8.505960;6.558607;4.258894;-0.612674;1.543576;3.610033,98.305717;112.114037;125.705833;124.559265;110.992096;97.344330,npp_d20250905_t1800311_e1801553_b71808;npp_d20250905_t1801566_e1803207_b71808;npp_d20250905_t1803220_e1804461_b71808;npp_d20250905_t1804474_e1806115_b71808,160.008,45.5046,57.0914,97.41,46.2945,-124.806
139,VBD_npp_d20250905_t1803347_x1041790E_y069755N_l0115_s0875_v23,2025-09-05 20:30:22,6.975510,104.179024,17.0446,2025-09-05 18:03:34,2025-09-06 01:03:34,115,875,0.126287,4,100485,0.22542,0.208758,0.270458,0.4,0.50489,0.75,0.0810019,0.0001,0.0014782,999999,-1.025228e-01,3,Vietnamese Exclusive Economic Zone,,,SVDNB_npp_d20250905_t1803220_e1804461_b71808_c20250905192935172000_oeac_ops.h5,GDNBO_npp_d20250905_t1803220_e1804461_b71808_c20250905192711723000_oeac_ops.h5,SVI04_npp_d20250905_t1803220_e1804461_b71808_c20250905192944149000_oeac_ops.dspace_rad,,eez_v11.shp,WPP_BFAR_merge.shp,vbd_mpa_r20170830.shp,VNF-VBD_npp_20120301-20151231_global_asia-enhanced_c201607211230.bitmask,vbd_landsea_r20220824.mask,timezone.shp,VBD_platforms-recurring_2015_r20170330.shp,999999,VBD_bridges_c20160811.shp,8.505960;6.558607;4.258894;-0.612674;1.543576;3.610033,98.305717;112.114037;125.705833;124.559265;110.992096;97.344330,npp_d20250905_t1800311_e1801553_b71808;npp_d20250905_t1801566_e1803207_b71808;npp_d20250905_t1803220_e1804461_b71808;npp_d20250905_t1804474_e1806115_b71808,159.528,49.1257,52.1349,98.1992,46.9651,-123.497
173,VBD_npp_d20250905_t1803507_x1044994E_y059740N_l0258_s0952_v23,2025-09-05 20:30:22,5.973969,104.499405,19.3976,2025-09-05 18:03:50,2025-09-06 02:03:50,258,952,0.312792,1,2529,0.529728,0.17904,0.665498,0.4,0.830356,0.75,0.08155,0.0001,0.00227417,999999,1.208598e-01,3,Malaysian Exclusive Economic Zone,,,SVDNB_npp_d20250905_t1803220_e1804461_b71808_c20250905192935172000_oeac_ops.h5,GDNBO_npp_d20250905_t1803220_e1804461_b71808_c20250905192711723000_oeac_ops.h5,SVI04_npp_d20250905_t1803220_e1804461_b71808_c20250905192944149000_oeac_ops.dspace_rad,,eez_v11.shp,WPP_BFAR_merge.shp,vbd_mpa_r20170830.shp,VNF-VBD_npp_20120301-20151231_global_asia-enhanced_c201607211230.bitmask,vbd_landsea_r20220824.mask,timezone.shp,VBD_platforms-recurring_2015_r20170330.shp,999999,VBD_bridges_c20160811.shp,8.505960;6.558607;4.258894;-0.612674;1.543576;3.610033,98.305717;112.114037;125.705833;124.559265;110.992096;97.344330,npp_d20250905_t1800311_e1801553_b71808;npp_d20250905_t1801566_e1803207_b71808;npp_d20250905_t1803220_e1804461_b71808;npp_d20250905_t1804474_e1806115_b71808,159.868,51.9204,49.9018,98.4402,46.7378,-122.445
180,VBD_npp_d20250905_t1803489_x1045332E_y060130N_l0251_s0955_v23,2025-09-05 20:30:22,6.013012,104.533211,12.909,2025-09-05 18:03:48,2025-09-06 02:03:48,251,955,0.239101,2,2465,0.355165,0.234502,0.63619,0.4,0.71532,0.75,0.0814563,0.0001,0.00248543,999999,-2.960332e-01,3,Malaysian Exclusive Economic Zone,,,SVDNB_npp_d20250905_t1803220_e1804461_b71808_c20250905192935172000_oeac_ops.h5,GDNBO_npp_d20250905_t1803220_e1804461_b71808_c20250905192711723000_oeac_ops.h5,SVI04_npp_d20250905_t1803220_e1804461_b71808_c20250905192944149000_oeac_ops.dspace_rad,,eez_v11.shp,WPP_BFAR_merge.shp,vbd_mpa_r20170830.shp,VNF-VBD_npp_20120301-20151231_global_asia-enhanced_c201607211230.bitmask,vbd_landsea_r20220824.mask,timezone.shp,VBD_platforms-recurring_2015_r20170330.shp,999999,VBD_bridges_c20160811.shp,8.505960;6.558607;4.258894;-0.612674;1.543576;3.610033,98.305717;112.114037;125.705833;124.559265;110.992096;97.344330,npp_d20250905_t1800311_e1801553_b71808;npp_d20250905_t1801566_e1803207_b71808;npp_d20250905_t1803220_e1804461_b71808;npp_d20250905_t1804474_e1806115_b71808,159.823,51.8836,49.8107,97.9436,46.7817,-122.461
188,VBD_npp_d20250905_t1803560_x1047712E_y055504N_l0315_s1005_v23,2025-09-05 20:30:22,5.550403,104.771179,73.506,2025-09-05 18:03:56,2025-09-06 02:03:56,315,1005,0.176505,4,100837,0.59965,0.196541,0.55093,0.4,0.780935,0.75,0.0815382,0.0001,0.00309994,999999,-1.068428e-02,3,Malaysian Exclusive Economic Zone,,,SVDNB_npp_d20250905_t1803220_e1804461_b71808_c20250905192935172000_oeac_ops.h5,GDNBO_npp_d20250905_t1803220_e1804461_b71808_c20250905192711723000_oeac_ops.h5,SVI04_npp_d20250905_t1803220_e1804461_b71808_c20250905192944149000_oeac_ops.dspace_rad,,eez_v11.shp,WPP_BFAR_merge.shp,vbd_mpa_r20170830.shp,VNF-VBD_npp_20120301-20151231_global_asia-enhanced_c201607211230.bitmask,vbd_landsea_r20220824.mask,timezone.shp,VBD_platforms-recurring_2015_r20170330.shp,999999,VBD_bridges_c20160811.shp,8.505960;6.558607;4.258894;-0.612674;1.543576;3.610033,98.305717;112.114037;125.705833;124.559265;110.992096;97.344330,npp_d20250905_t1800311_e1801553_b71808;npp_d20250905_t1801566_e1803207_b71808;npp_d20250905_t1803220_e1804461_b71808;npp_d20250905_t1804474_e1806115_b71808,159.892,53.3535,48.3178,98.0185,46.7593,-121.92
191,VBD_npp_d20250905_t1803543_x1049810E_y056479N_l0296_s1032_v23,2025-09-05 20:30:22,5.647898,104.981033,239.433,2025-09-05 18:03:54,2025-09-06 02:03:54,296,1032,0.245787,4,100837,0.871743,0.213381,0.665079,0.4,0.868571,0.75,0.0810911,0.0001,0.00319732,999999,-1.372722e-01,3,Malaysian Exclusive Economic Zone,,,SVDNB_npp_d20250905_t1803220_e1804461_b71808_c20250905192935172000_oeac_ops.h5,GDNBO_npp_d20250905_t1803220_e1804461_b71808_c20250905192711723000_oeac_ops.h5,SVI04_npp_d20250905_t1803220_e1804461_b71808_c20250905192944149000_oeac_ops.dspace_rad,,eez_v11.shp,WPP_BFAR_merge.shp,vbd_mpa_r20170830.shp,VNF-VBD_npp_20120301-20151231_global_asia-enhanced_c201607211230.bitmask,vbd_landsea_r20220824.mask,timezone.shp,VBD_platforms-recurring_2015_r20170330.shp,999999,VBD_bridges_c20160811.shp,8.505960;6.558607;4.258894;-0.612674;1.543576;3.610033,98.305717;112.114037;125.705833;124.559265;110.992096;97.344330,npp_d20250905_t1800311_e1801553_b71808;npp_d20250905_t1801566_e1803207_b71808;npp_d20250905_t1803220_e1804461_b71808;npp_d20250905_t1804474_e1806115_b71808,159.672,53.4867,47.4481,98.1929,46.9847,-121.878
192,VBD_npp_d20250905_t1803560_x1049914E_y055319N_l0313_s1037_v23,2025-09-05 20:30:22,5.531912,104.991440,54.5238,2025-09-05 18:03:56,2025-09-06 02:03:56,313,1037,0.243795,4,100837,0.728924,0.222566,0.738595,0.4,0.844319,0.75,0.0811937,0.0001,0.00333421,999999,-2.063100e-01,3,Malaysian Exclusive Economic Zone,,,SVDNB_npp_d20250905_t1803220_e1804461_b71808_c20250905192935172000_oeac_ops.h5,GDNBO_npp_d20250905_t1803220_e1804461_b71808_c20250905192711723000_oeac_ops.h5,SVI04_npp_d20250905_t1803220_e1804461_b71808_c20250905192944149000_oeac_ops.dspace_rad,,eez_v11.shp,WPP_BFAR_merge.shp,vbd_mpa_r20170830.shp,VNF-VBD_npp_20120301-20151231_global_asia-enhanced_c201607211230.bitmask,vbd_landsea_r20220824.mask,timezone.shp,VBD_platforms-recurring_2015_r20170330.shp,999999,VBD_bridges_c20160811.shp,8.505960;6.558607;4.258894;-0.612674;1.543576;3.610033,98.305717;112.114037;125.705833;124.559265;110.992096;97.344330,npp_d20250905_t1800311_e1801553_b71808;npp_d20250905_t1801566_e1803207_b71808;npp_d20250905_t1803220_e1804461_b71808;npp_d20250905_t1804474_e1806115_b71808,159.727,53.7693,47.2861,98.147,46.9378,-121.773
14,VBD_npp_d20250905_t1942357_x0968699E_y130494N_l0589_s3251_v23,2025-09-05 21:53:50,13.049374,96.869850,59.1253,2025-09-05 19:42:35,2025-09-06 02:42:35,589,3251,0.260013,4,100837,0.932816,0.248227,0.840549,0.4,0.930049,0.75,0.0458265,0.0001,1.38917e-27,999999,1.705142e-02,3,Myanmar Exclusive Economic Zone,,,SVDNB_npp_d20250905_t1941313_e1942555_b71809_c20250905211113171000_oeac_ops.h5,GDNBO_npp_d20250905_t1941313_e1942555_b71809_c20250905210853712000_oeac_ops.h5,SVI04_npp_d20250905_t1941313_e1942555_b71809_c20250905211121316000_oeac_ops.dspace_rad,,eez_v11.shp,WPP_BFAR_merge.shp,vbd_mpa_r20170830.shp,VNF-VBD_npp_20120301-20151231_global_asia-enhanced_c201607211230.bitmask,vbd_landsea_r20220824.mask,timezone.shp,VBD_platforms-recurring_2015_r20170330.shp,999999,VBD_bridges_c20160811.shp,20.027765;18.344173;15.611132;10.793894;13.335318;15.115449,74.964722;89.478920;103.538414;102.088783;88.299400;74.156364,npp_d20250905_t1937151_e1938393_b71809;npp_d20250905_t1938405_e1940047_b71809;npp_d20250905_t1940059_e1941301_b71809;npp_d20250905_t1941313_e1942555_b71809,141.934,61.0512,53.5918,-78.6933,64.1163,-117.931
15,VBD_npp_d20250905_t1942214_x0974580E_y137871N_l0463_s3305_v23,2025-09-05 21:53:50,13.787060,97.457985,15.335,2025-09-05 19:42:21,2025-09-06 02:42:21,463,3305,0.13212,2,2465,0.340506,0.136951,0.553403,0.4,0.661307,0.75,0.0439685,0.0001,6.49102e-30,999999,5.992694e-03,3,Myanmar Exclusive Economic Zone,,,SVDNB_npp_d20250905_t1941313_e1942555_b71809_c20250905211113171000_oeac_ops.h5,GDNBO_npp_d20250905_t1941313_e1942555_b71809_c20250905210853712000_oeac_ops.h5,SVI04_npp_d20250905_t1941313_e1942555_b71809_c20250905211121316000_oeac_ops.dspace_rad,,eez_v11.shp,WPP_BFAR_merge.shp,vbd_mpa_r20170830.shp,VNF-VBD_npp_20120301-20151231_global_asia-enhanced_c201607211230.bitmask,vbd_landsea_r20220824.mask,timezone.shp,VBD_platforms-recurring_2015_r20170330.shp,999999,VBD_bridges_c20160811.shp,20.027765;18.344173;15.611132;10.793894;13.335318;15.115449,74.964722;89.478920;103.538414;102.088783;88.299400;74.156364,npp_d20250905_t1937151_e1938393_b71809;npp_d20250905_t1938405_e1940047_b71809;npp_d20250905_t1940059_e1941301_b71809;npp_d20250905_t1941313_e1942555_b71809,141.125,60.6781,55.0022,-78.3711,64.9246,-118.011
16,VBD_npp_d20250905_t1942232_x0976555E_y136390N_l0479_s3338_v23,2025-09-05 21:53:50,13.639019,97.655457,19.2202,2025-09-05 19:42:23,2025-09-06 02:42:23,479,3338,0.207803,1,2529,0.44868,0.149688,0.643933,0.4,0.771732,0.75,0.0436632,0.0001,4.83401e-31,999999,-1.298532e-01,3,Myanmar Exclusive Economic Zone,,,SVDNB_npp_d20250905_t1941313_e1942555_b71809_c20250905211113171000_oeac_ops.h5,GDNBO_npp_d20250905_t1941313_e1942555_b71809_c20250905210853712000_oeac_ops.h5,SVI04_npp_d20250905_t1941313_e1942555_b71809_c20250905211121316000_oeac_ops.dspace_rad,,eez_v11.shp,WPP_BFAR_merge.shp,vbd_mpa_r20170830.shp,VNF-VBD_npp_20120301-20151231_global_asia-enhanced_c201607211230.bitmask,vbd_landsea_r20220824.mask,timezone.shp,VBD_platforms-recurring_2015_r20170330.shp,999999,VBD_bridges_c20160811.shp,20.027765;18.344173;15.611132;10.793894;13.335318;15.115449,74.964722;89.478920;103.538414;102.088783;88.299400;74.156364,npp_d20250905_t1937151_e1938393_b71809;npp_d20250905_t1938405_e1940047_b71809;npp_d20250905_t1940059_e1941301_b71809;npp_d20250905_t1941313_e1942555_b71809,141.024,61.0069,55.8422,-78.3397,65.0316,-117.854
17,VBD_npp_d20250905_t1942179_x0979264E_y139310N_l0428_s3364_v23,2025-09-05 21:53:50,13.930980,97.926399,22.3446,2025-09-05 19:42:17,2025-09-06 02:12:17,428,3364,0.0856712,8,18913,0.438725,0.138287,0.611694,0.4,0.75415,0.75,0.0430707,0.0001,2.73001e-32,999999,-8.255072e-03,3,Myanmar Exclusive Economic Zone,,,SVDNB_npp_d20250905_t1941313_e1942555_b71809_c20250905211113171000_oeac_ops.h5,GDNBO_npp_d20250905_t1941313_e1942555_b71809_c20250905210853712000_oeac_ops.h5,SVI04_npp_d20250905_t1941313_e1942555_b71809_c20250905211121316000_oeac_ops.dspace_rad,,eez_v11.shp,WPP_BFAR_merge.shp,vbd_mpa_r20170830.shp,VNF-VBD_npp_20120301-20151231_global_asia-enhanced_c201607211230.bitmask,vbd_landsea_r20220824.mask,timezone.shp,VBD_platforms-recurring_2015_r20170330.shp,0.792792,VBD_bridges_c20160811.shp,20.027765;18.344173;15.611132;10.793894;13.335318;15.115449,74.964722;89.478920;103.538414;102.088783;88.299400;74.156364,npp_d20250905_t1937151_e1938393_b71809;npp_d20250905_t1938405_e1940047_b71809;npp_d20250905_t1940059_e1941301_b71809;npp_d20250905_t1941313_e1942555_b71809,140.671,60.8967,56.4993,-78.3689,65.3849,-117.864
18,VBD_npp_d20250905_t1942392_x0976165E_y127451N_l0613_s3367_v23,2025-09-05 21:53:50,12.745069,97.616493,54.5984,2025-09-05 19:42:39,2025-09-06 02:42:39,613,3367,0.151538,1,2529,0.818093,0.134888,0.784921,0.4,0.902076,0.75,0.0446765,0.0001,1.27132e-31,999999,2.799589e-02,3,Myanmar Exclusive Economic Zone,,,SVDNB_npp_d20250905_t1941313_e1942555_b71809_c20250905211113171000_oeac_ops.h5,GDNBO_npp_d20250905_t1941313_e1942555_b71809_c20250905210853712000_oeac_ops.h5,SVI04_npp_d20250905_t1941313_e1942555_b71809_c20250905211121316000_oeac_ops.dspace_rad,,eez_v11.shp,WPP_BFAR_merge.shp,vbd_mpa_r20170830.shp,VNF-VBD_npp_20120301-20151231_global_asia-enhanced_c201607211230.bitmask,vbd_landsea_r20220824.mask,timezone.shp,VBD_platforms-recurring_2015_r20170330.shp,999999,VBD_bridges_c20160811.shp,20.027765;18.344173;15.611132;10.793894;13.335318;15.115449,74.964722;89.478920;103.538414;102.088783;88.299400;74.156364,npp_d20250905_t1937151_e1938393_b71809;npp_d20250905_t1938405_e1940047_b71809;npp_d20250905_t1940059_e1941301_b71809;npp_d20250905_t1941313_e1942555_b71809,141.426,62.0074,56.5719,-78.9262,64.6354,-117.455
19,VBD_npp_d20250905_t1942339_x0977275E_y130399N_l0566_s3371_v23,2025-09-05 21:53:50,13.039895,97.727470,91.7447,2025-09-05 19:42:33,2025-09-06 02:42:33,566,3371,0.267411,1,2529,1.08175,0.141181,0.829799,0.4,0.932975,0.75,0.044149,0.0001,5.62771e-32,999999,-3.913067e-02,3,Myanmar Exclusive Economic Zone,,,SVDNB_npp_d20250905_t1941313_e1942555_b71809_c20250905211113171000_oeac_ops.h5,GDNBO_npp_d20250905_t1941313_e1942555_b71809_c20250905210853712000_oeac_ops.h5,SVI04_npp_d20250905_t1941313_e1942555_b71809_c20250905211121316000_oeac_ops.dspace_rad,,eez_v11.shp,WPP_BFAR_merge.shp,vbd_mpa_r20170830.shp,VNF-VBD_npp_20120301-20151231_global_asia-enhanced_c201607211230.bitmask,vbd_landsea_r20220824.mask,timezone.shp,VBD_platforms-recurring_2015_r20170330.shp,999999,VBD_bridges_c20160811.shp,20.027765;18.344173;15.611132;10.793894;13.335318;15.115449,74.964722;89.478920;103.538414;102.088783;88.299400;74.156364,npp_d20250905_t1937151_e1938393_b71809;npp_d20250905_t1938405_e1940047_b71809;npp_d20250905_t1940059_e1941301_b71809;npp_d20250905_t1941313_e1942555_b71809,141.211,61.7533,56.6723,-78.8101,64.8506,-117.543
20,VBD_npp_d20250905_t1942179_x0980362E_y139377N_l0424_s3379_v23,2025-09-05 21:53:50,13.937678,98.036232,16.4922,2025-09-05 19:42:17,2025-09-06 02:12:17,424,3379,0.0906503,2,2465,0.341952,0.156127,0.573611,0.4,0.665471,0.75,0.0428689,0.0001,6.27224e-33,999999,-1.985330e-01,3,Myanmar Exclusive Economic Zone,,,SVDNB_npp_d20250905_t1941313_e1942555_b71809_c20250905211113171000_oeac_ops.h5,GDNBO_npp_d20250905_t1941313_e1942555_b71809_c20250905210853712000_oeac_ops.h5,SVI04_npp_d20250905_t1941313_e1942555_b71809_c20250905211121316000_oeac_ops.dspace_rad,,eez_v11.shp,WPP_BFAR_merge.shp,vbd_mpa_r20170830.shp,VNF-VBD_npp_20120301-20151231_global_asia-enhanced_c201607211230.bitmask,vbd_landsea_r20220824.mask,timezone.shp,VBD_platforms-recurring_2015_r20170330.shp,999999,VBD_bridges_c20160811.shp,20.027765;18.344173;15.611132;10.793894;13.335318;15.115449,74.964722;89.478920;103.538414;102.088783;88.299400;74.156364,npp_d20250905_t1937151_e1938393_b71809;npp_d20250905_t1938405_e1940047_b71809;npp_d20250905_t1940059_e1941301_b71809;npp_d20250905_t1941313_e1942555_b71809,140.574,60.9791,56.8703,-78.5191,65.4829,-117.817
21,VBD_npp_d20250905_t1942392_x0976994E_y126573N_l0623_s3381_v23,2025-09-05 21:53:50,12.657306,97.699402,36.9132,2025-09-05 19:42:39,2025-09-06 02:42:39,623,3381,0.20446,1,2529,0.728655,0.125439,0.782844,0.4,0.87503,0.75,0.0446086,0.0001,5.11644e-32,999999,1.287768e-01,3,Myanmar Exclusive Economic Zone,,,SVDNB_npp_d20250905_t1941313_e1942555_b71809_c20250905211113171000_oeac_ops.h5,GDNBO_npp_d20250905_t1941313_e1942555_b71809_c20250905210853712000_oeac_ops.h5,SVI04_npp_d20250905_t1941313_e1942555_b71809_c20250905211121316000_oeac_ops.dspace_rad,,eez_v11.shp,WPP_BFAR_merge.shp,vbd_mpa_r20170830.shp,VNF-VBD_npp_20120301-20151231_global_asia-enhanced_c201607211230.bitmask,vbd_landsea_r20220824.mask,timezone.shp,VBD_platforms-recurring_2015_r20170330.shp,999999,VBD_bridges_c20160811.shp,20.027765;18.344173;15.611132;10.793894;13.335318;15.115449,74.964722;89.478920;103.538414;102.088783;88.299400;74.156364,npp_d20250905_t1937151_e1938393_b71809;npp_d20250905_t1938405_e1940047_b71809;npp_d20250905_t1940059_e1941301_b71809;npp_d20250905_t1941313_e1942555_b71809,141.396,62.1703,56.9182,-78.4688,64.6671,-117.38
22,VBD_npp_d20250905_t1942392_x0977218E_y126960N_l0617_s3383_v23,2025-09-05 21:53:50,12.695971,97.721832,46.7945,2025-09-05 19:42:39,2025-09-06 02:42:39,617,3383,0.170459,1,2529,0.791155,0.135325,0.793425,0.4,0.867432,0.75,0.0445232,0.0001,3.56843e-32,999999,2.333120e-02,3,Myanmar Exclusive Economic Zone,,,SVDNB_npp_d20250905_t1941313_e1942555_b71809_c20250905211113171000_oeac_ops.h5,GDNBO_npp_d20250905_t1941313_e1942555_b71809_c20250905210853712000_oeac_ops.h5,SVI04_npp_d20250905_t1941313_e1942555_b71809_c20250905211121316000_oeac_ops.dspace_rad,,eez_v11.shp,WPP_BFAR_merge.shp,vbd_mpa_r20170830.shp,VNF-VBD_npp_20120301-20151231_global_asia-enhanced_c201607211230.bitmask,vbd_landsea_r20220824.mask,timezone.shp,VBD_platforms-recurring_2015_r20170330.shp,999999,VBD_bridges_c20160811.shp,20.027765;18.344173;15.611132;10.793894;13.335318;15.115449,74.964722;89.478920;103.538414;102.088783;88.299400;74.156364,npp_d20250905_t1937151_e1938393_b71809;npp_d20250905_t1938405_e1940047_b71809;npp_d20250905_t1940059_e1941301_b71809;npp_d20250905_t1941313_e1942555_b71809,141.359,62.1452,56.9676,-78.7272,64.7045,-117.387
23,VBD_npp_d20250905_t1942232_x0980066E_y136604N_l0466_s3386_v23,2025-09-05 21:53:50,13.660430,98.006577,21.1878,2025-09-05 19:42:23,2025-09-06 02:42:23,466,3386,0.18561,1,2529,0.515883,0.142231,0.705527,0.4,0.791171,0.75,0.0430158,0.0001,4.73963e-33,999999,-5.032474e-02,3,Myanmar Exclusive Economic Zone,,,SVDNB_npp_d20250905_t1941313_e1942555_b71809_c20250905211113171000_oeac_ops.h5,GDNBO_npp_d20250905_t1941313_e1942555_b71809_c20250905210853712000_oeac_ops.h5,SVI04_npp_d20250905_t1941313_e1942555_b71809_c20250905211121316000_oeac_ops.dspace_rad,,eez_v11.shp,WPP_BFAR_merge.shp,vbd_mpa_r20170830.shp,VNF-VBD_npp_20120301-20151231_global_asia-enhanced_c201607211230.bitmask,vbd_landsea_r20220824.mask,timezone.shp,VBD_platforms-recurring_2015_r20170330.shp,999999,VBD_bridges_c20160811.shp,20.027765;18.344173;15.611132;10.793894;13.335318;15.115449,74.964722;89.478920;103.538414;102.088783;88.299400;74.156364,npp_d20250905_t1937151_e1938393_b71809;npp_d20250905_t1938405_e1940047_b71809;npp_d20250905_t1940059_e1941301_b71809;npp_d20250905_t1941313_e1942555_b71809,140.715,61.2691,57.0401,-78.8214,65.3457,-117.704
24,VBD_npp_d20250905_t1942517_x0977037E_y119855N_l0723_s3408_v23,2025-09-05 21:53:50,11.985486,97.703667,40.7521,2025-09-05 19:42:51,2025-09-06 02:12:51,723,3408,0.154241,1,2529,0.710475,0.137813,0.79544,0.4,0.85519,0.75,0.0447886,0.0001,1.12832e-32,999999,-3.205102e-03,3,Myanmar Exclusive Economic Zone,,,SVDNB_npp_d20250905_t1941313_e1942555_b71809_c20250905211113171000_oeac_ops.h5,GDNBO_npp_d20250905_t1941313_e1942555_b71809_c20250905210853712000_oeac_ops.h5,SVI04_npp_d20250905_t1941313_e1942555_b71809_c20250905211121316000_oeac_ops.dspace_rad,,eez_v11.shp,WPP_BFAR_merge.shp,vbd_mpa_r20170830.shp,VNF-VBD_npp_20120301-20151231_global_asia-enhanced_c201607211230.bitmask,vbd_landsea_r20220824.mask,timezone.shp,VBD_platforms-recurring_2015_r20170330.shp,999999,VBD_bridges_c20160811.shp,20.027765;18.344173;15.611132;10.793894;13.335318;15.115449,74.964722;89.478920;103.538414;102.088783;88.299400;74.156364,npp_d20250905_t1937151_e1938393_b71809;npp_d20250905_t1938405_e1940047_b71809;npp_d20250905_t1940059_e1941301_b71809;npp_d20250905_t1941313_e1942555_b71809,141.657,62.9645,57.5634,-79.0877,64.4048,-117.059
25,VBD_npp_d20250905_t1942481_x0977576E_y121419N_l0698_s3409_v23,2025-09-05 21:53:50,12.141912,97.757591,22.6721,2025-09-05 19:42:48,2025-09-06 02:12:48,698,3409,0.119032,1,2529,0.47251,0.144042,0.638175,0.4,0.769201,0.75,0.0447764,0.0001,8.99804e-33,999999,-6.964207e-02,3,Myanmar Exclusive Economic Zone,,,SVDNB_npp_d20250905_t1941313_e1942555_b71809_c20250905211113171000_oeac_ops.h5,GDNBO_npp_d20250905_t1941313_e1942555_b71809_c20250905210853712000_oeac_ops.h5,SVI04_npp_d20250905_t1941313_e1942555_b71809_c20250905211121316000_oeac_ops.dspace_rad,,eez_v11.shp,WPP_BFAR_merge.shp,vbd_mpa_r20170830.shp,VNF-VBD_npp_20120301-20151231_global_asia-enhanced_c201607211230.bitmask,vbd_landsea_r20220824.mask,timezone.shp,VBD_platforms-recurring_2015_r20170330.shp,999999,VBD_bridges_c20160811.shp,20.027765;18.344173;15.611132;10.793894;13.335318;15.115449,74.964722;89.478920;103.538414;102.088783;88.299400;74.156364,npp_d20250905_t1937151_e1938393_b71809;npp_d20250905_t1938405_e1940047_b71809;npp_d20250905_t1940059_e1941301_b71809;npp_d20250905_t1941313_e1942555_b71809,141.552,62.8189,57.5899,-78.7526,64.5114,-117.112
26,VBD_npp_d20250905_t1942517_x0977229E_y119748N_l0724_s3411_v23,2025-09-05 21:53:50,11.974796,97.722939,39.1523,2025-09-05 19:42:51,2025-09-06 02:12:51,724,3411,0.167187,1,2529,0.663735,0.147492,0.819883,0.4,0.827734,0.75,0.044752,0.0001,8.9407e-33,999999,-1.064387e-01,3,Myanmar Exclusive Economic Zone,,,SVDNB_npp_d20250905_t1941313_e1942555_b71809_c20250905211113171000_oeac_ops.h5,GDNBO_npp_d20250905_t1941313_e1942555_b71809_c20250905210853712000_oeac_ops.h5,SVI04_npp_d20250905_t1941313_e1942555_b71809_c20250905211121316000_oeac_ops.dspace_rad,,eez_v11.shp,WPP_BFAR_merge.shp,vbd_mpa_r20170830.shp,VNF-VBD_npp_20120301-20151231_global_asia-enhanced_c201607211230.bitmask,vbd_landsea_r20220824.mask,timezone.shp,VBD_platforms-recurring_2015_r20170330.shp,999999,VBD_bridges_c20160811.shp,20.027765;18.344173;15.611132;10.793894;13.335318;15.115449,74.964722;89.478920;103.538414;102.088783;88.299400;74.156364,npp_d20250905_t1937151_e1938393_b71809;npp_d20250905_t1938405_e1940047_b71809;npp_d20250905_t1940059_e1941301_b71809;npp_d20250905_t1941313_e1942555_b71809,141.645,62.9913,57.6351,-79.0417,64.4168,-117.046
27,VBD_npp_d20250905_t1942517_x0977423E_y119641N_l0725_s3414_v23,2025-09-05 21:53:50,11.964068,97.742294,61.2587,2025-09-05 19:42:51,2025-09-06 02:12:51,725,3414,0.173162,1,2529,0.827346,0.167555,0.819883,0.4,0.884829,0.75,0.0447154,0.0001,7.07301e-33,999999,-3.204201e-01,3,Myanmar Exclusive Economic Zone,,,SVDNB_npp_d20250905_t1941313_e1942555_b71809_c20250905211113171000_oeac_ops.h5,GDNBO_npp_d20250905_t1941313_e1942555_b71809_c20250905210853712000_oeac_ops.h5,SVI04_npp_d20250905_t1941313_e1942555_b71809_c20250905211121316000_oeac_ops.dspace_rad,,eez_v11.shp,WPP_BFAR_merge.shp,vbd_mpa_r20170830.shp,VNF-VBD_npp_20120301-20151231_global_asia-enhanced_c201607211230.bitmask,vbd_landsea_r20220824.mask,timezone.shp,VBD_platforms-recurring_2015_r20170330.shp,999999,VBD_bridges_c20160811.shp,20.027765;18.344173;15.611132;10.793894;13.335318;15.115449,74.964722;89.478920;103.538414;102.088783;88.299400;74.156364,npp_d20250905_t1937151_e1938393_b71809;npp_d20250905_t1938405_e1940047_b71809;npp_d20250905_t1940059_e1941301_b71809;npp_d20250905_t1941313_e1942555_b71809,141.633,63.0183,57.7069,-78.9958,64.4289,-117.033
28,VBD_npp_d20250905_t1942517_x0977617E_y119533N_l0726_s3417_v23,2025-09-05 21:53:50,11.953310,97.761703,61.2834,2025-09-05 19:42:51,2025-09-06 02:12:51,726,3417,0.161568,1,2529,0.831177,0.141135,0.82402,0.4,0.887201,0.75,0.0446788,0.0001,5.58712e-33,999999,-3.863092e-02,3,Myanmar Exclusive Economic Zone,,,SVDNB_npp_d20250905_t1941313_e1942555_b71809_c20250905211113171000_oeac_ops.h5,GDNBO_npp_d20250905_t1941313_e1942555_b71809_c20250905210853712000_oeac_ops.h5,SVI04_npp_d20250905_t1941313_e1942555_b71809_c20250905211121316000_oeac_ops.dspace_rad,,eez_v11.shp,WPP_BFAR_merge.shp,vbd_mpa_r20170830.shp,VNF-VBD_npp_20120301-20151231_global_asia-enhanced_c201607211230.bitmask,vbd_landsea_r20220824.mask,timezone.shp,VBD_platforms-recurring_2015_r20170330.shp,999999,VBD_bridges_c20160811.shp,20.027765;18.344173;15.611132;10.793894;13.335318;15.115449,74.964722;89.478920;103.538414;102.088783;88.299400;74.156364,npp_d20250905_t1937151_e1938393_b71809;npp_d20250905_t1938405_e1940047_b71809;npp_d20250905_t1940059_e1941301_b71809;npp_d20250905_t1941313_e1942555_b71809,141.621,63.0453,57.7788,-78.9499,64.441,-117.02
29,VBD_npp_d20250905_t1942517_x0977811E_y119777N_l0722_s3419_v23,2025-09-05 21:53:50,11.977684,97.781113,26.1707,2025-09-05 19:42:51,2025-09-06 02:12:51,722,3419,0.161639,1,2529,0.511188,0.13997,0.766422,0.4,0.787117,0.75,0.0446544,0.0001,4.13533e-33,999999,-2.621356e-02,3,Myanmar Exclusive Economic Zone,,,SVDNB_npp_d20250905_t1941313_e1942555_b71809_c20250905211113171000_oeac_ops.h5,GDNBO_npp_d20250905_t1941313_e1942555_b71809_c20250905210853712000_oeac_ops.h5,SVI04_npp_d20250905_t1941313_e1942555_b71809_c20250905211121316000_oeac_ops.dspace_rad,,eez_v11.shp,WPP_BFAR_merge.shp,vbd_mpa_r20170830.shp,VNF-VBD_npp_20120301-20151231_global_asia-enhanced_c201607211230.bitmask,vbd_landsea_r20220824.mask,timezone.shp,VBD_platforms-recurring_2015_r20170330.shp,999999,VBD_bridges_c20160811.shp,20.027765;18.344173;15.611132;10.793894;13.335318;15.115449,74.964722;89.478920;103.538414;102.088783;88.299400;74.156364,npp_d20250905_t1937151_e1938393_b71809;npp_d20250905_t1938405_e1940047_b71809;npp_d20250905_t1940059_e1941301_b71809;npp_d20250905_t1941313_e1942555_b71809,141.593,63.0327,57.8274,-79.1131,64.4692,-117.023
30,VBD_npp_d20250905_t1942339_x0982361E_y129325N_l0567_s3445_v23,2025-09-05 21:53:50,12.932503,98.236084,10.7358,2025-09-05 19:42:33,2025-09-06 02:12:33,567,3445,0.168112,10,2177,0.169341,0.139435,0.246134,0.4,0.481394,0.75,0.0432608,0.0001,7.44452e-35,999999,-2.050148e-02,3,Myanmar Exclusive Economic Zone,,,SVDNB_npp_d20250905_t1941313_e1942555_b71809_c20250905211113171000_oeac_ops.h5,GDNBO_npp_d20250905_t1941313_e1942555_b71809_c20250905210853712000_oeac_ops.h5,SVI04_npp_d20250905_t1941313_e1942555_b71809_c20250905211121316000_oeac_ops.dspace_rad,,eez_v11.shp,WPP_BFAR_merge.shp,vbd_mpa_r20170830.shp,VNF-VBD_npp_20120301-20151231_global_asia-enhanced_c201607211230.bitmask,vbd_landsea_r20220824.mask,timezone.shp,VBD_platforms-recurring_2015_r20170330.shp,999999,VBD_bridges_c20160811.shp,20.027765;18.344173;15.611132;10.793894;13.335318;15.115449,74.964722;89.478920;103.538414;102.088783;88.299400;74.156364,npp_d20250905_t1937151_e1938393_b71809;npp_d20250905_t1938405_e1940047_b71809;npp_d20250905_t1940059_e1941301_b71809;npp_d20250905_t1941313_e1942555_b71809,140.824,62.2722,58.4439,-78.6498,65.244,-117.273
31,VBD_npp_d20250905_t1942535_x0981243E_y117681N_l0743_s3474_v23,2025-09-05 21:53:50,11.768103,98.124329,10.13,2025-09-05 19:42:53,2025-09-06 02:12:53,743,3474,0.118463,2,2465,0.228977,0.154842,0.490374,0.4,0.581038,0.75,0.0439836,0.0001,3.98978e-35,999999,-1.848326e-01,3,Myanmar Exclusive Economic Zone,,,SVDNB_npp_d20250905_t1941313_e1942555_b71809_c20250905211113171000_oeac_ops.h5,GDNBO_npp_d20250905_t1941313_e1942555_b71809_c20250905210853712000_oeac_ops.h5,SVI04_npp_d20250905_t1941313_e1942555_b71809_c20250905211121316000_oeac_ops.dspace_rad,,eez_v11.shp,WPP_BFAR_merge.shp,vbd_mpa_r20170830.shp,VNF-VBD_npp_20120301-20151231_global_asia-enhanced_c201607211230.bitmask,vbd_landsea_r20220824.mask,timezone.shp,VBD_platforms-recurring_2015_r20170330.shp,999999,VBD_bridges_c20160811.shp,20.027765;18.344173;15.611132;10.793894;13.335318;15.115449,74.964722;89.478920;103.538414;102.088783;88.299400;74.156364,npp_d20250905_t1937151_e1938393_b71809;npp_d20250905_t1938405_e1940047_b71809;npp_d20250905_t1940059_e1941301_b71809;npp_d20250905_t1941313_e1942555_b71809,141.381,63.534,59.1046,-78.8498,64.6817,-116.782
32,VBD_npp_d20250905_t1942339_x1000972E_y125783N_l0564_s3717_v23,2025-09-05 21:53:50,12.578271,100.097206,18.9289,2025-09-05 19:42:33,2025-09-06 02:42:33,564,3717,0.13404,8,18849,0.305235,0.147624,0.545546,0.4,0.540164,0.75,0.0399345,0.0001,2.44161e-47,999999,-1.078497e-01,3,Thailand Exclusive Economic Zone,,,SVDNB_npp_d20250905_t1941313_e1942555_b71809_c20250905211113171000_oeac_ops.h5,GDNBO_npp_d20250905_t1941313_e1942555_b71809_c20250905210853712000_oeac_ops.h5,SVI04_npp_d20250905_t1941313_e1942555_b71809_c20250905211121316000_oeac_ops.dspace_rad,,eez_v11.shp,WPP_BFAR_merge.shp,vbd_mpa_r20170830.shp,VNF-VBD_npp_20120301-20151231_global_asia-enhanced_c201607211230.bitmask,vbd_landsea_r20220824.mask,timezone.shp,VBD_platforms-recurring_2015_r20170330.shp,0.840365,VBD_bridges_c20160811.shp,20.027765;18.344173;15.611132;10.793894;13.335318;15.115449,74.964722;89.478920;103.538414;102.088783;88.299400;74.156364,npp_d20250905_t1937151_e1938393_b71809;npp_d20250905_t1938405_e1940047_b71809;npp_d20250905_t1940059_e1941301_b71809;npp_d20250905_t1941313_e1942555_b71809,139.364,64.0412,64.1086,-78.3375,66.7146,-116.335
33,VBD_npp_d20250905_t1942410_x1000600E_y120774N_l0639_s3731_v23,2025-09-05 21:53:50,12.077391,100.060020,25.5398,2025-09-05 19:42:41,2025-09-06 02:42:41,639,3731,0.125007,8,18849,0.427601,0.1375,0.599084,0.4,0.726191,0.75,0.0405127,0.0001,2.2764e-47,999999,1.307973e-01,3,Thailand Exclusive Economic Zone,,,SVDNB_npp_d20250905_t1941313_e1942555_b71809_c20250905211113171000_oeac_ops.h5,GDNBO_npp_d20250905_t1941313_e1942555_b71809_c20250905210853712000_oeac_ops.h5,SVI04_npp_d20250905_t1941313_e1942555_b71809_c20250905211121316000_oeac_ops.dspace_rad,,eez_v11.shp,WPP_BFAR_merge.shp,vbd_mpa_r20170830.shp,VNF-VBD_npp_20120301-20151231_global_asia-enhanced_c201607211230.bitmask,vbd_landsea_r20220824.mask,timezone.shp,VBD_platforms-recurring_2015_r20170330.shp,0.269508,VBD_bridges_c20160811.shp,20.027765;18.344173;15.611132;10.793894;13.335318;15.115449,74.964722;89.478920;103.538414;102.088783;88.299400;74.156364,npp_d20250905_t1937151_e1938393_b71809;npp_d20250905_t1938405_e1940047_b71809;npp_d20250905_t1940059_e1941301_b71809;npp_d20250905_t1941313_e1942555_b71809,139.588,64.5639,64.3677,-78.0435,66.484,-116.135
34,VBD_npp_d20250905_t1942552_x1005219E_y111390N_l0765_s3832_v23,2025-09-05 21:53:50,11.139043,100.521858,11.2724,2025-09-05 19:42:55,2025-09-06 02:42:55,765,3832,0.0775622,2,2465,0.191886,0.1375,0.421894,0.4,0.54994,0.75,0.0396159,0.0001,8.34118e-52,999999,1.759435e-01,3,Thailand Exclusive Economic Zone,,,SVDNB_npp_d20250905_t1941313_e1942555_b71809_c20250905211113171000_oeac_ops.h5,GDNBO_npp_d20250905_t1941313_e1942555_b71809_c20250905210853712000_oeac_ops.h5,SVI04_npp_d20250905_t1941313_e1942555_b71809_c20250905211121316000_oeac_ops.dspace_rad,,eez_v11.shp,WPP_BFAR_merge.shp,vbd_mpa_r20170830.shp,VNF-VBD_npp_20120301-20151231_global_asia-enhanced_c201607211230.bitmask,vbd_landsea_r20220824.mask,timezone.shp,VBD_platforms-recurring_2015_r20170330.shp,999999,VBD_bridges_c20160811.shp,20.027765;18.344173;15.611132;10.793894;13.335318;15.115449,74.964722;89.478920;103.538414;102.088783;88.299400;74.156364,npp_d20250905_t1937151_e1938393_b71809;npp_d20250905_t1938405_e1940047_b71809;npp_d20250905_t1940059_e1941301_b71809;npp_d20250905_t1941313_e1942555_b71809,139.517,65.9192,66.1887,-78.19,66.5328,-115.547
35,VBD_npp_d20250905_t1942357_x1010970E_y122007N_l0589_s3870_v23,2025-09-05 21:53:50,12.200670,101.097015,13.7602,2025-09-05 19:42:35,2025-09-06 02:42:35,589,3870,0.0630515,8,18817,0.217899,0.146833,0.39863,0.4,0.617478,0.75,0.0383202,0.0001,1.45132e-55,999999,-9.940623e-02,3,Thailand Exclusive Economic Zone,,,SVDNB_npp_d20250905_t1941313_e1942555_b71809_c20250905211113171000_oeac_ops.h5,GDNBO_npp_d20250905_t1941313_e1942555_b71809_c20250905210853712000_oeac_ops.h5,SVI04_npp_d20250905_t1941313_e1942555_b71809_c20250905211121316000_oeac_ops.dspace_rad,,eez_v11.shp,WPP_BFAR_merge.shp,vbd_mpa_r20170830.shp,VNF-VBD_npp_20120301-20151231_global_asia-enhanced_c201607211230.bitmask,vbd_landsea_r20220824.mask,timezone.shp,VBD_platforms-recurring_2015_r20170330.shp,0.14853,VBD_bridges_c20160811.shp,20.027765;18.344173;15.611132;10.793894;13.335318;15.115449,74.964722;89.478920;103.538414;102.088783;88.299400;74.156364,npp_d20250905_t1937151_e1938393_b71809;npp_d20250905_t1938405_e1940047_b71809;npp_d20250905_t1940059_e1941301_b71809;npp_d20250905_t1941313_e1942555_b71809,138.638,65.1353,66.8396,-77.8531,67.4371,-115.778
36,VBD_npp_d20250905_t1942357_x1011339E_y122068N_l0587_s3875_v23,2025-09-05 21:53:50,12.206815,101.133881,13.8369,2025-09-05 19:42:35,2025-09-06 02:42:35,587,3875,0.086667,10,2433,0.189035,0.1375,0.346435,0.4,0.573717,0.75,0.0382394,0.0001,6.61843e-56,999999,7.066175e-02,3,Thailand Exclusive Economic Zone,,,SVDNB_npp_d20250905_t1941313_e1942555_b71809_c20250905211113171000_oeac_ops.h5,GDNBO_npp_d20250905_t1941313_e1942555_b71809_c20250905210853712000_oeac_ops.h5,SVI04_npp_d20250905_t1941313_e1942555_b71809_c20250905211121316000_oeac_ops.dspace_rad,,eez_v11.shp,WPP_BFAR_merge.shp,vbd_mpa_r20170830.shp,VNF-VBD_npp_20120301-20151231_global_asia-enhanced_c201607211230.bitmask,vbd_landsea_r20220824.mask,timezone.shp,VBD_platforms-recurring_2015_r20170330.shp,999999,VBD_bridges_c20160811.shp,20.027765;18.344173;15.611132;10.793894;13.335318;15.115449,74.964722;89.478920;103.538414;102.088783;88.299400;74.156364,npp_d20250905_t1937151_e1938393_b71809;npp_d20250905_t1938405_e1940047_b71809;npp_d20250905_t1940059_e1941301_b71809;npp_d20250905_t1941313_e1942555_b71809,138.602,65.154,66.924,-77.907,67.4724,-115.766
37,VBD_npp_d20250905_t1942339_x1011932E_y122871N_l0573_s3880_v23,2025-09-05 21:53:50,12.287128,101.193184,23.6404,2025-09-05 19:42:33,2025-09-06 02:42:33,573,3880,0.0949893,2,2465,0.331781,0.142033,0.492476,0.4,0.642549,0.75,0.03804,0.0001,2.60814e-56,999999,-4.821027e-02,3,Thailand Exclusive Economic Zone,,,SVDNB_npp_d20250905_t1941313_e1942555_b71809_c20250905211113171000_oeac_ops.h5,GDNBO_npp_d20250905_t1941313_e1942555_b71809_c20250905210853712000_oeac_ops.h5,SVI04_npp_d20250905_t1941313_e1942555_b71809_c20250905211121316000_oeac_ops.dspace_rad,,eez_v11.shp,WPP_BFAR_merge.shp,vbd_mpa_r20170830.shp,VNF-VBD_npp_20120301-20151231_global_asia-enhanced_c201607211230.bitmask,vbd_landsea_r20220824.mask,timezone.shp,VBD_platforms-recurring_2015_r20170330.shp,999999,VBD_bridges_c20160811.shp,20.027765;18.344173;15.611132;10.793894;13.335318;15.115449,74.964722;89.478920;103.538414;102.088783;88.299400;74.156364,npp_d20250905_t1937151_e1938393_b71809;npp_d20250905_t1938405_e1940047_b71809;npp_d20250905_t1940059_e1941301_b71809;npp_d20250905_t1941313_e1942555_b71809,138.522,65.1066,67.0061,-77.8098,67.5538,-115.777
38,VBD_npp_d20250905_t1942339_x1011888E_y122671N_l0576_s3880_v23,2025-09-05 21:53:50,12.267115,101.188812,13.8517,2025-09-05 19:42:33,2025-09-06 02:42:33,576,3880,0.0762108,7,2465,0.198393,0.1375,0.497398,0.4,0.54347,0.75,0.0380697,0.0001,3.01094e-56,999999,4.645456e-01,3,,,,SVDNB_npp_d20250905_t1941313_e1942555_b71809_c20250905211113171000_oeac_ops.h5,GDNBO_npp_d20250905_t1941313_e1942555_b71809_c20250905210853712000_oeac_ops.h5,SVI04_npp_d20250905_t1941313_e1942555_b71809_c20250905211121316000_oeac_ops.dspace_rad,,eez_v11.shp,WPP_BFAR_merge.shp,vbd_mpa_r20170830.shp,VNF-VBD_npp_20120301-20151231_global_asia-enhanced_c201607211230.bitmask,vbd_landsea_r20220824.mask,timezone.shp,VBD_platforms-recurring_2015_r20170330.shp,999999,VBD_bridges_c20160811.shp,20.027765;18.344173;15.611132;10.793894;13.335318;15.115449,74.964722;89.478920;103.538414;102.088783;88.299400;74.156364,npp_d20250905_t1937151_e1938393_b71809;npp_d20250905_t1938405_e1940047_b71809;npp_d20250905_t1940059_e1941301_b71809;npp_d20250905_t1941313_e1942555_b71809,138.535,65.1242,67.0062,-77.7186,67.5412,-115.771
39,VBD_npp_d20250905_t1942339_x1011986E_y122790N_l0574_s3881_v23,2025-09-05 21:53:50,12.279005,101.198570,20.8447,2025-09-05 19:42:33,2025-09-06 02:42:33,574,3881,0.0889432,7,18849,0.289203,0.1375,0.492476,0.4,0.59652,0.75,0.0380377,0.0001,2.37754e-56,999999,5.764649e-02,3,,,,SVDNB_npp_d20250905_t1941313_e1942555_b71809_c20250905211113171000_oeac_ops.h5,GDNBO_npp_d20250905_t1941313_e1942555_b71809_c20250905210853712000_oeac_ops.h5,SVI04_npp_d20250905_t1941313_e1942555_b71809_c20250905211121316000_oeac_ops.dspace_rad,,eez_v11.shp,WPP_BFAR_merge.shp,vbd_mpa_r20170830.shp,VNF-VBD_npp_20120301-20151231_global_asia-enhanced_c201607211230.bitmask,vbd_landsea_r20220824.mask,timezone.shp,VBD_platforms-recurring_2015_r20170330.shp,0.753731,VBD_bridges_c20160811.shp,20.027765;18.344173;15.611132;10.793894;13.335318;15.115449,74.964722;89.478920;103.538414;102.088783;88.299400;74.156364,npp_d20250905_t1937151_e1938393_b71809;npp_d20250905_t1938405_e1940047_b71809;npp_d20250905_t1940059_e1941301_b71809;npp_d20250905_t1941313_e1942555_b71809,138.521,65.1186,67.023,-77.778,67.555,-115.771
40,VBD_npp_d20250905_t1942357_x1011896E_y122649N_l0577_s3881_v23,2025-09-05 21:53:50,12.264904,101.189606,14.6472,2025-09-05 19:42:35,2025-09-06 02:42:35,577,3881,0.0755706,2,2465,0.22024,0.1375,0.497398,0.4,0.577779,0.75,0.0380674,0.0001,1.76045e-56,999999,4.223475e-01,3,Thailand Exclusive Economic Zone,,,SVDNB_npp_d20250905_t1941313_e1942555_b71809_c20250905211113171000_oeac_ops.h5,GDNBO_npp_d20250905_t1941313_e1942555_b71809_c20250905210853712000_oeac_ops.h5,SVI04_npp_d20250905_t1941313_e1942555_b71809_c20250905211121316000_oeac_ops.dspace_rad,,eez_v11.shp,WPP_BFAR_merge.shp,vbd_mpa_r20170830.shp,VNF-VBD_npp_20120301-20151231_global_asia-enhanced_c201607211230.bitmask,vbd_landsea_r20220824.mask,timezone.shp,VBD_platforms-recurring_2015_r20170330.shp,999999,VBD_bridges_c20160811.shp,20.027765;18.344173;15.611132;10.793894;13.335318;15.115449,74.964722;89.478920;103.538414;102.088783;88.299400;74.156364,npp_d20250905_t1937151_e1938393_b71809;npp_d20250905_t1938405_e1940047_b71809;npp_d20250905_t1940059_e1941301_b71809;npp_d20250905_t1941313_e1942555_b71809,138.528,65.132,67.0264,-78.2025,67.5472,-115.767
41,VBD_npp_d20250905_t1942374_x1015277E_y119876N_l0607_s3939_v23,2025-09-05 21:53:50,11.987601,101.527679,39.3812,2025-09-05 19:42:37,2025-09-06 02:42:37,607,3939,0.173731,8,18913,0.69284,0.1375,0.721396,0.4,0.866068,0.75,0.0376559,0.0001,1.42263e-59,999999,5.489968e-02,3,Thailand Exclusive Economic Zone,,,SVDNB_npp_d20250905_t1941313_e1942555_b71809_c20250905211113171000_oeac_ops.h5,GDNBO_npp_d20250905_t1941313_e1942555_b71809_c20250905210853712000_oeac_ops.h5,SVI04_npp_d20250905_t1941313_e1942555_b71809_c20250905211121316000_oeac_ops.dspace_rad,,eez_v11.shp,WPP_BFAR_merge.shp,vbd_mpa_r20170830.shp,VNF-VBD_npp_20120301-20151231_global_asia-enhanced_c201607211230.bitmask,vbd_landsea_r20220824.mask,timezone.shp,VBD_platforms-recurring_2015_r20170330.shp,0.883036,VBD_bridges_c20160811.shp,20.027765;18.344173;15.611132;10.793894;13.335318;15.115449,74.964722;89.478920;103.538414;102.088783;88.299400;74.156364,npp_d20250905_t1937151_e1938393_b71809;npp_d20250905_t1938405_e1940047_b71809;npp_d20250905_t1940059_e1941301_b71809;npp_d20250905_t1941313_e1942555_b71809,138.337,65.6475,67.9683,-77.7238,67.7327,-115.524
3,VBD_npp_d20250905_t1942570_x0975550E_y116281N_l0012_s3400_v23,2025-09-05 21:47:44,11.628147,97.554993,16.3637,2025-09-05 19:42:57,2025-09-06 02:42:57,12,3400,0.076353,2,2465,0.297684,0.186548,0.535982,0.4,0.601167,0.75,0.0459655,0.0001,4.74139e-32,999999,1.750833e-01,3,Myanmar Exclusive Economic Zone,,,SVDNB_npp_d20250905_t1942567_e1944209_b71809_c20250905211111578000_oeac_ops.h5,GDNBO_npp_d20250905_t1942567_e1944209_b71809_c20250905210852677000_oeac_ops.h5,SVI04_npp_d20250905_t1942567_e1944209_b71809_c20250905211119535000_oeac_ops.dspace_rad,,eez_v11.shp,WPP_BFAR_merge.shp,vbd_mpa_r20170830.shp,VNF-VBD_npp_20120301-20151231_global_asia-enhanced_c201607211230.bitmask,vbd_landsea_r20220824.mask,timezone.shp,VBD_platforms-recurring_2015_r20170330.shp,999999,VBD_bridges_c20160811.shp,15.118513;13.330247;10.796101;5.953010;8.317564;10.214241,74.152237;88.291687;102.083626;100.770287;87.145691;73.260811,npp_d20250905_t1942567_e1944209_b71809;npp_d20250905_t1944221_e1945463_b71809;npp_d20250905_t1945476_e1947117_b71809;npp_d20250905_t1947130_e1948371_b71809,141.929,63.2724,57.3762,-78.7888,64.1295,-116.954
4,VBD_npp_d20250905_t1942588_x0977505E_y114534N_l0032_s3433_v23,2025-09-05 21:47:44,11.453431,97.750549,32.3934,2025-09-05 19:42:58,2025-09-06 02:42:58,32,3433,0.169677,1,2529,0.589645,0.20347,0.651381,0.4,0.820112,0.75,0.0457617,0.0001,3.48638e-33,999999,5.792196e-02,3,Myanmar Exclusive Economic Zone,,,SVDNB_npp_d20250905_t1942567_e1944209_b71809_c20250905211111578000_oeac_ops.h5,GDNBO_npp_d20250905_t1942567_e1944209_b71809_c20250905210852677000_oeac_ops.h5,SVI04_npp_d20250905_t1942567_e1944209_b71809_c20250905211119535000_oeac_ops.dspace_rad,,eez_v11.shp,WPP_BFAR_merge.shp,vbd_mpa_r20170830.shp,VNF-VBD_npp_20120301-20151231_global_asia-enhanced_c201607211230.bitmask,vbd_landsea_r20220824.mask,timezone.shp,VBD_platforms-recurring_2015_r20170330.shp,999999,VBD_bridges_c20160811.shp,15.118513;13.330247;10.796101;5.953010;8.317564;10.214241,74.152237;88.291687;102.083626;100.770287;87.145691;73.260811,npp_d20250905_t1942567_e1944209_b71809;npp_d20250905_t1944221_e1945463_b71809;npp_d20250905_t1945476_e1947117_b71809;npp_d20250905_t1947130_e1948371_b71809,141.829,63.6255,58.1692,-78.5983,64.2284,-116.79
5,VBD_npp_d20250905_t1943006_x0977492E_y114525N_l0033_s3434_v23,2025-09-05 21:47:44,11.452477,97.749214,22.1907,2025-09-05 19:43:00,2025-09-06 02:43:00,33,3434,0.169677,2,2465,0.443772,0.232078,0.651381,0.4,0.71606,0.75,0.0457594,0.0001,2.43362e-33,999999,-1.401466e-01,3,Myanmar Exclusive Economic Zone,,,SVDNB_npp_d20250905_t1942567_e1944209_b71809_c20250905211111578000_oeac_ops.h5,GDNBO_npp_d20250905_t1942567_e1944209_b71809_c20250905210852677000_oeac_ops.h5,SVI04_npp_d20250905_t1942567_e1944209_b71809_c20250905211119535000_oeac_ops.dspace_rad,,eez_v11.shp,WPP_BFAR_merge.shp,vbd_mpa_r20170830.shp,VNF-VBD_npp_20120301-20151231_global_asia-enhanced_c201607211230.bitmask,vbd_landsea_r20220824.mask,timezone.shp,VBD_platforms-recurring_2015_r20170330.shp,999999,VBD_bridges_c20160811.shp,15.118513;13.330247;10.796101;5.953010;8.317564;10.214241,74.152237;88.291687;102.083626;100.770287;87.145691;73.260811,npp_d20250905_t1942567_e1944209_b71809;npp_d20250905_t1944221_e1945463_b71809;npp_d20250905_t1945476_e1947117_b71809;npp_d20250905_t1947130_e1948371_b71809,141.824,63.6312,58.1893,-79.2413,64.233,-116.787
6,VBD_npp_d20250905_t1943077_x0979591E_y109174N_l0106_s3483_v23,2025-09-05 21:47:44,10.917384,97.959114,37.0365,2025-09-05 19:43:07,2025-09-06 02:13:07,106,3483,0.167472,1,2529,0.710536,0.203586,0.751549,0.4,0.878533,0.75,0.0458882,0.0001,8.38438e-35,999999,5.711605e-02,3,Myanmar Exclusive Economic Zone,,,SVDNB_npp_d20250905_t1942567_e1944209_b71809_c20250905211111578000_oeac_ops.h5,GDNBO_npp_d20250905_t1942567_e1944209_b71809_c20250905210852677000_oeac_ops.h5,SVI04_npp_d20250905_t1942567_e1944209_b71809_c20250905211119535000_oeac_ops.dspace_rad,,eez_v11.shp,WPP_BFAR_merge.shp,vbd_mpa_r20170830.shp,VNF-VBD_npp_20120301-20151231_global_asia-enhanced_c201607211230.bitmask,vbd_landsea_r20220824.mask,timezone.shp,VBD_platforms-recurring_2015_r20170330.shp,999999,VBD_bridges_c20160811.shp,15.118513;13.330247;10.796101;5.953010;8.317564;10.214241,74.152237;88.291687;102.083626;100.770287;87.145691;73.260811,npp_d20250905_t1942567_e1944209_b71809;npp_d20250905_t1944221_e1945463_b71809;npp_d20250905_t1945476_e1947117_b71809;npp_d20250905_t1947130_e1948371_b71809,141.847,64.4207,59.3042,-78.8946,64.2022,-116.448
7,VBD_npp_d20250905_t1943237_x0977215E_y100007N_l0249_s3484_v23,2025-09-05 21:47:44,10.000669,97.721512,39.9259,2025-09-05 19:43:23,2025-09-06 02:43:23,249,3484,0.164911,1,2529,0.649581,0.178699,0.701261,0.4,0.830428,0.75,0.0470107,0.0001,3.63039e-34,999999,2.294264e-01,3,Myanmar Exclusive Economic Zone,,,SVDNB_npp_d20250905_t1942567_e1944209_b71809_c20250905211111578000_oeac_ops.h5,GDNBO_npp_d20250905_t1942567_e1944209_b71809_c20250905210852677000_oeac_ops.h5,SVI04_npp_d20250905_t1942567_e1944209_b71809_c20250905211119535000_oeac_ops.dspace_rad,,eez_v11.shp,WPP_BFAR_merge.shp,vbd_mpa_r20170830.shp,VNF-VBD_npp_20120301-20151231_global_asia-enhanced_c201607211230.bitmask,vbd_landsea_r20220824.mask,timezone.shp,VBD_platforms-recurring_2015_r20170330.shp,999999,VBD_bridges_c20160811.shp,15.118513;13.330247;10.796101;5.953010;8.317564;10.214241,74.152237;88.291687;102.083626;100.770287;87.145691;73.260811,npp_d20250905_t1942567_e1944209_b71809;npp_d20250905_t1944221_e1945463_b71809;npp_d20250905_t1945476_e1947117_b71809;npp_d20250905_t1947130_e1948371_b71809,142.388,65.3652,59.3271,-79.1242,63.6392,-116.098
8,VBD_npp_d20250905_t1943148_x0979511E_y104742N_l0172_s3498_v23,2025-09-05 21:47:44,10.474240,97.951111,80.4956,2025-09-05 19:43:14,2025-09-06 02:13:14,172,3498,0.217121,1,2529,0.949433,0.19823,0.805248,0.4,0.910365,0.75,0.0463561,0.0001,4.56484e-35,999999,9.420351e-02,3,Myanmar Exclusive Economic Zone,,,SVDNB_npp_d20250905_t1942567_e1944209_b71809_c20250905211111578000_oeac_ops.h5,GDNBO_npp_d20250905_t1942567_e1944209_b71809_c20250905210852677000_oeac_ops.h5,SVI04_npp_d20250905_t1942567_e1944209_b71809_c20250905211119535000_oeac_ops.dspace_rad,,eez_v11.shp,WPP_BFAR_merge.shp,vbd_mpa_r20170830.shp,VNF-VBD_npp_20120301-20151231_global_asia-enhanced_c201607211230.bitmask,vbd_landsea_r20220824.mask,timezone.shp,VBD_platforms-recurring_2015_r20170330.shp,999999,VBD_bridges_c20160811.shp,15.118513;13.330247;10.796101;5.953010;8.317564;10.214241,74.152237;88.291687;102.083626;100.770287;87.145691;73.260811,npp_d20250905_t1942567_e1944209_b71809;npp_d20250905_t1944221_e1945463_b71809;npp_d20250905_t1945476_e1947117_b71809;npp_d20250905_t1947130_e1948371_b71809,142.017,64.9479,59.6465,-78.8846,64.0222,-116.239
9,VBD_npp_d20250905_t1943148_x0980118E_y104906N_l0168_s3506_v23,2025-09-05 21:47:44,10.490644,98.011757,31.4594,2025-09-05 19:43:14,2025-09-06 02:13:14,168,3506,0.199908,1,2529,0.595256,0.245285,0.742344,0.4,0.819025,0.75,0.0462181,0.0001,1.92734e-35,999999,-2.315914e-01,3,Myanmar Exclusive Economic Zone,,,SVDNB_npp_d20250905_t1942567_e1944209_b71809_c20250905211111578000_oeac_ops.h5,GDNBO_npp_d20250905_t1942567_e1944209_b71809_c20250905210852677000_oeac_ops.h5,SVI04_npp_d20250905_t1942567_e1944209_b71809_c20250905211119535000_oeac_ops.dspace_rad,,eez_v11.shp,WPP_BFAR_merge.shp,vbd_mpa_r20170830.shp,VNF-VBD_npp_20120301-20151231_global_asia-enhanced_c201607211230.bitmask,vbd_landsea_r20220824.mask,timezone.shp,VBD_platforms-recurring_2015_r20170330.shp,999999,VBD_bridges_c20160811.shp,15.118513;13.330247;10.796101;5.953010;8.317564;10.214241,74.152237;88.291687;102.083626;100.770287;87.145691;73.260811,npp_d20250905_t1942567_e1944209_b71809;npp_d20250905_t1944221_e1945463_b71809;npp_d20250905_t1945476_e1947117_b71809;npp_d20250905_t1947130_e1948371_b71809,141.956,64.9722,59.8262,-79.0312,64.0834,-116.222
10,VBD_npp_d20250905_t1943130_x0980812E_y105916N_l0151_s3512_v23,2025-09-05 21:47:44,10.591613,98.081223,46.832,2025-09-05 19:43:13,2025-09-06 02:13:13,151,3512,0.194999,1,2529,0.751328,0.19785,0.778878,0.4,0.880441,0.75,0.0459765,0.0001,8.97941e-36,999999,9.683240e-02,3,Myanmar Exclusive Economic Zone,,,SVDNB_npp_d20250905_t1942567_e1944209_b71809_c20250905211111578000_oeac_ops.h5,GDNBO_npp_d20250905_t1942567_e1944209_b71809_c20250905210852677000_oeac_ops.h5,SVI04_npp_d20250905_t1942567_e1944209_b71809_c20250905211119535000_oeac_ops.dspace_rad,,eez_v11.shp,WPP_BFAR_merge.shp,vbd_mpa_r20170830.shp,VNF-VBD_npp_20120301-20151231_global_asia-enhanced_c201607211230.bitmask,vbd_landsea_r20220824.mask,timezone.shp,VBD_platforms-recurring_2015_r20170330.shp,999999,VBD_bridges_c20160811.shp,15.118513;13.330247;10.796101;5.953010;8.317564;10.214241,74.152237;88.291687;102.083626;100.770287;87.145691;73.260811,npp_d20250905_t1942567_e1944209_b71809;npp_d20250905_t1944221_e1945463_b71809;npp_d20250905_t1945476_e1947117_b71809;npp_d20250905_t1947130_e1948371_b71809,141.858,64.8998,59.9579,-79.039,64.1838,-116.242
11,VBD_npp_d20250905_t1943130_x0981094E_y105933N_l0150_s3516_v23,2025-09-05 21:47:44,10.593277,98.109360,46.4284,2025-09-05 19:43:13,2025-09-06 02:13:13,150,3516,0.193435,1,2529,0.663668,0.208687,0.780445,0.4,0.860682,0.75,0.0459175,0.0001,6.04794e-36,999999,2.180033e-02,3,Myanmar Exclusive Economic Zone,,,SVDNB_npp_d20250905_t1942567_e1944209_b71809_c20250905211111578000_oeac_ops.h5,GDNBO_npp_d20250905_t1942567_e1944209_b71809_c20250905210852677000_oeac_ops.h5,SVI04_npp_d20250905_t1942567_e1944209_b71809_c20250905211119535000_oeac_ops.dspace_rad,,eez_v11.shp,WPP_BFAR_merge.shp,vbd_mpa_r20170830.shp,VNF-VBD_npp_20120301-20151231_global_asia-enhanced_c201607211230.bitmask,vbd_landsea_r20220824.mask,timezone.shp,VBD_platforms-recurring_2015_r20170330.shp,999999,VBD_bridges_c20160811.shp,15.118513;13.330247;10.796101;5.953010;8.317564;10.214241,74.152237;88.291687;102.083626;100.770287;87.145691;73.260811,npp_d20250905_t1942567_e1944209_b71809;npp_d20250905_t1944221_e1945463_b71809;npp_d20250905_t1945476_e1947117_b71809;npp_d20250905_t1947130_e1948371_b71809,141.833,64.918,60.0442,-79.0731,64.2095,-116.232
12,VBD_npp_d20250905_t1943166_x0980593E_y103806N_l0183_s3517_v23,2025-09-05 21:47:44,10.380586,98.059265,27.8692,2025-09-05 19:43:16,2025-09-06 02:13:16,183,3517,0.189167,1,2529,0.527984,0.186924,0.694826,0.4,0.787332,0.75,0.0462308,0.0001,8.33765e-36,999999,1.724822e-01,3,Myanmar Exclusive Economic Zone,,,SVDNB_npp_d20250905_t1942567_e1944209_b71809_c20250905211111578000_oeac_ops.h5,GDNBO_npp_d20250905_t1942567_e1944209_b71809_c20250905210852677000_oeac_ops.h5,SVI04_npp_d20250905_t1942567_e1944209_b71809_c20250905211119535000_oeac_ops.dspace_rad,,eez_v11.shp,WPP_BFAR_merge.shp,vbd_mpa_r20170830.shp,VNF-VBD_npp_20120301-20151231_global_asia-enhanced_c201607211230.bitmask,vbd_landsea_r20220824.mask,timezone.shp,VBD_platforms-recurring_2015_r20170330.shp,999999,VBD_bridges_c20160811.shp,15.118513;13.330247;10.796101;5.953010;8.317564;10.214241,74.152237;88.291687;102.083626;100.770287;87.145691;73.260811,npp_d20250905_t1942567_e1944209_b71809;npp_d20250905_t1944221_e1945463_b71809;npp_d20250905_t1945476_e1947117_b71809;npp_d20250905_t1947130_e1948371_b71809,141.954,65.1388,60.0637,-79.0765,64.0831,-116.15
13,VBD_npp_d20250905_t1943130_x0981294E_y105894N_l0150_s3519_v23,2025-09-05 21:47:44,10.589436,98.129402,28.2988,2025-09-05 19:43:13,2025-09-06 02:13:13,150,3519,0.137312,1,2529,0.543631,0.218041,0.742961,0.4,0.786274,0.75,0.0458806,0.0001,4.60358e-36,999999,-4.296378e-02,3,Myanmar Exclusive Economic Zone,,,SVDNB_npp_d20250905_t1942567_e1944209_b71809_c20250905211111578000_oeac_ops.h5,GDNBO_npp_d20250905_t1942567_e1944209_b71809_c20250905210852677000_oeac_ops.h5,SVI04_npp_d20250905_t1942567_e1944209_b71809_c20250905211119535000_oeac_ops.dspace_rad,,eez_v11.shp,WPP_BFAR_merge.shp,vbd_mpa_r20170830.shp,VNF-VBD_npp_20120301-20151231_global_asia-enhanced_c201607211230.bitmask,vbd_landsea_r20220824.mask,timezone.shp,VBD_platforms-recurring_2015_r20170330.shp,999999,VBD_bridges_c20160811.shp,15.118513;13.330247;10.796101;5.953010;8.317564;10.214241,74.152237;88.291687;102.083626;100.770287;87.145691;73.260811,npp_d20250905_t1942567_e1944209_b71809;npp_d20250905_t1944221_e1945463_b71809;npp_d20250905_t1945476_e1947117_b71809;npp_d20250905_t1947130_e1948371_b71809,141.816,64.9367,60.1085,-79.0694,64.2256,-116.222
14,VBD_npp_d20250905_t1943166_x0980794E_y104121N_l0178_s3519_v23,2025-09-05 21:47:44,10.412114,98.079430,19.6765,2025-09-05 19:43:16,2025-09-06 02:13:16,178,3519,0.196707,2,2465,0.391229,0.195771,0.733133,0.4,0.614669,0.75,0.0461568,0.0001,5.93853e-36,999999,1.112277e-01,3,Myanmar Exclusive Economic Zone,,,SVDNB_npp_d20250905_t1942567_e1944209_b71809_c20250905211111578000_oeac_ops.h5,GDNBO_npp_d20250905_t1942567_e1944209_b71809_c20250905210852677000_oeac_ops.h5,SVI04_npp_d20250905_t1942567_e1944209_b71809_c20250905211119535000_oeac_ops.dspace_rad,,eez_v11.shp,WPP_BFAR_merge.shp,vbd_mpa_r20170830.shp,VNF-VBD_npp_20120301-20151231_global_asia-enhanced_c201607211230.bitmask,vbd_landsea_r20220824.mask,timezone.shp,VBD_platforms-recurring_2015_r20170330.shp,999999,VBD_bridges_c20160811.shp,15.118513;13.330247;10.796101;5.953010;8.317564;10.214241,74.152237;88.291687;102.083626;100.770287;87.145691;73.260811,npp_d20250905_t1942567_e1944209_b71809;npp_d20250905_t1944221_e1945463_b71809;npp_d20250905_t1945476_e1947117_b71809;npp_d20250905_t1947130_e1948371_b71809,141.923,65.1165,60.1072,-79.2688,64.115,-116.156
15,VBD_npp_d20250905_t1943148_x0981030E_y104519N_l0171_s3520_v23,2025-09-05 21:47:44,10.451870,98.102974,39.4117,2025-09-05 19:43:14,2025-09-06 02:13:14,171,3520,0.245716,1,2529,0.631589,0.161787,0.755626,0.4,0.789329,0.75,0.0460754,0.0001,5.8413e-36,999999,3.465204e-01,3,Myanmar Exclusive Economic Zone,,,SVDNB_npp_d20250905_t1942567_e1944209_b71809_c20250905211111578000_oeac_ops.h5,GDNBO_npp_d20250905_t1942567_e1944209_b71809_c20250905210852677000_oeac_ops.h5,SVI04_npp_d20250905_t1942567_e1944209_b71809_c20250905211119535000_oeac_ops.dspace_rad,,eez_v11.shp,WPP_BFAR_merge.shp,vbd_mpa_r20170830.shp,VNF-VBD_npp_20120301-20151231_global_asia-enhanced_c201607211230.bitmask,vbd_landsea_r20220824.mask,timezone.shp,VBD_platforms-recurring_2015_r20170330.shp,999999,VBD_bridges_c20160811.shp,15.118513;13.330247;10.796101;5.953010;8.317564;10.214241,74.152237;88.291687;102.083626;100.770287;87.145691;73.260811,npp_d20250905_t1942567_e1944209_b71809;npp_d20250905_t1944221_e1945463_b71809;npp_d20250905_t1945476_e1947117_b71809;npp_d20250905_t1947130_e1948371_b71809,141.891,65.082,60.1331,-78.8973,64.1473,-116.168
16,VBD_npp_d20250905_t1943130_x0981359E_y105173N_l0160_s3522_v23,2025-09-05 21:47:44,10.517311,98.135910,66.363,2025-09-05 19:43:13,2025-09-06 02:13:13,160,3522,0.268336,8,18913,0.879767,0.184524,0.8064,0.4,0.920076,0.75,0.0459423,0.0001,4.80024e-36,999999,1.890934e-01,3,Myanmar Exclusive Economic Zone,,,SVDNB_npp_d20250905_t1942567_e1944209_b71809_c20250905211111578000_oeac_ops.h5,GDNBO_npp_d20250905_t1942567_e1944209_b71809_c20250905210852677000_oeac_ops.h5,SVI04_npp_d20250905_t1942567_e1944209_b71809_c20250905211119535000_oeac_ops.dspace_rad,,eez_v11.shp,WPP_BFAR_merge.shp,vbd_mpa_r20170830.shp,VNF-VBD_npp_20120301-20151231_global_asia-enhanced_c201607211230.bitmask,vbd_landsea_r20220824.mask,timezone.shp,VBD_platforms-recurring_2015_r20170330.shp,0.482407,VBD_bridges_c20160811.shp,15.118513;13.330247;10.796101;5.953010;8.317564;10.214241,74.152237;88.291687;102.083626;100.770287;87.145691;73.260811,npp_d20250905_t1942567_e1944209_b71809;npp_d20250905_t1944221_e1945463_b71809;npp_d20250905_t1945476_e1947117_b71809;npp_d20250905_t1947130_e1948371_b71809,141.841,65.0245,60.173,-78.6767,64.1993,-116.187
17,VBD_npp_d20250905_t1943148_x0981204E_y104698N_l0168_s3522_v23,2025-09-05 21:47:44,10.469757,98.120445,17.3417,2025-09-05 19:43:14,2025-09-06 02:13:14,168,3522,0.220251,2,2465,0.340016,0.169144,0.765786,0.4,0.686149,0.75,0.0460212,0.0001,4.42759e-36,999999,2.955813e-01,3,Myanmar Exclusive Economic Zone,,,SVDNB_npp_d20250905_t1942567_e1944209_b71809_c20250905211111578000_oeac_ops.h5,GDNBO_npp_d20250905_t1942567_e1944209_b71809_c20250905210852677000_oeac_ops.h5,SVI04_npp_d20250905_t1942567_e1944209_b71809_c20250905211119535000_oeac_ops.dspace_rad,,eez_v11.shp,WPP_BFAR_merge.shp,vbd_mpa_r20170830.shp,VNF-VBD_npp_20120301-20151231_global_asia-enhanced_c201607211230.bitmask,vbd_landsea_r20220824.mask,timezone.shp,VBD_platforms-recurring_2015_r20170330.shp,999999,VBD_bridges_c20160811.shp,15.118513;13.330247;10.796101;5.953010;8.317564;10.214241,74.152237;88.291687;102.083626;100.770287;87.145691;73.260811,npp_d20250905_t1942567_e1944209_b71809;npp_d20250905_t1944221_e1945463_b71809;npp_d20250905_t1945476_e1947117_b71809;npp_d20250905_t1947130_e1948371_b71809,141.868,65.0737,60.1761,-79.0117,64.1708,-116.169
18,VBD_npp_d20250905_t1943148_x0981367E_y105163N_l0161_s3523_v23,2025-09-05 21:47:44,10.516272,98.136726,58.8974,2025-09-05 19:43:14,2025-09-06 02:13:14,161,3523,0.268336,8,18913,0.821199,0.17712,0.802175,0.4,0.884115,0.75,0.0459399,0.0001,3.22955e-36,999999,2.403580e-01,3,Myanmar Exclusive Economic Zone,,,SVDNB_npp_d20250905_t1942567_e1944209_b71809_c20250905211111578000_oeac_ops.h5,GDNBO_npp_d20250905_t1942567_e1944209_b71809_c20250905210852677000_oeac_ops.h5,SVI04_npp_d20250905_t1942567_e1944209_b71809_c20250905211119535000_oeac_ops.dspace_rad,,eez_v11.shp,WPP_BFAR_merge.shp,vbd_mpa_r20170830.shp,VNF-VBD_npp_20120301-20151231_global_asia-enhanced_c201607211230.bitmask,vbd_landsea_r20220824.mask,timezone.shp,VBD_platforms-recurring_2015_r20170330.shp,0.628376,VBD_bridges_c20160811.shp,15.118513;13.330247;10.796101;5.953010;8.317564;10.214241,74.152237;88.291687;102.083626;100.770287;87.145691;73.260811,npp_d20250905_t1942567_e1944209_b71809;npp_d20250905_t1944221_e1945463_b71809;npp_d20250905_t1945476_e1947117_b71809;npp_d20250905_t1947130_e1948371_b71809,141.834,65.0316,60.1984,-79.2826,64.2059,-116.183
19,VBD_npp_d20250905_t1943219_x0980663E_y100570N_l0231_s3530_v23,2025-09-05 21:47:44,10.056980,98.066269,16.5771,2025-09-05 19:43:21,2025-09-06 02:43:21,231,3530,0.148764,2,2465,0.365682,0.221937,0.568094,0.4,0.685766,0.75,0.0463544,0.0001,4.35472e-36,999999,-6.993776e-02,3,Myanmar Exclusive Economic Zone,,,SVDNB_npp_d20250905_t1942567_e1944209_b71809_c20250905211111578000_oeac_ops.h5,GDNBO_npp_d20250905_t1942567_e1944209_b71809_c20250905210852677000_oeac_ops.h5,SVI04_npp_d20250905_t1942567_e1944209_b71809_c20250905211119535000_oeac_ops.dspace_rad,,eez_v11.shp,WPP_BFAR_merge.shp,vbd_mpa_r20170830.shp,VNF-VBD_npp_20120301-20151231_global_asia-enhanced_c201607211230.bitmask,vbd_landsea_r20220824.mask,timezone.shp,VBD_platforms-recurring_2015_r20170330.shp,999999,VBD_bridges_c20160811.shp,15.118513;13.330247;10.796101;5.953010;8.317564;10.214241,74.152237;88.291687;102.083626;100.770287;87.145691;73.260811,npp_d20250905_t1942567_e1944209_b71809;npp_d20250905_t1944221_e1945463_b71809;npp_d20250905_t1945476_e1947117_b71809;npp_d20250905_t1947130_e1948371_b71809,142.063,65.5359,60.3477,-79.1286,63.9651,-115.991
20,VBD_npp_d20250905_t1943130_x0983059E_y105197N_l0155_s3546_v23,2025-09-05 21:47:44,10.519722,98.305908,79.9548,2025-09-05 19:43:13,2025-09-06 02:13:13,155,3546,0.263925,1,2529,0.89742,0.216872,0.804243,0.4,0.887267,0.75,0.0455979,0.0001,4.31194e-37,999999,-3.487108e-02,3,Myanmar Exclusive Economic Zone,,,SVDNB_npp_d20250905_t1942567_e1944209_b71809_c20250905211111578000_oeac_ops.h5,GDNBO_npp_d20250905_t1942567_e1944209_b71809_c20250905210852677000_oeac_ops.h5,SVI04_npp_d20250905_t1942567_e1944209_b71809_c20250905211119535000_oeac_ops.dspace_rad,,eez_v11.shp,WPP_BFAR_merge.shp,vbd_mpa_r20170830.shp,VNF-VBD_npp_20120301-20151231_global_asia-enhanced_c201607211230.bitmask,vbd_landsea_r20220824.mask,timezone.shp,VBD_platforms-recurring_2015_r20170330.shp,999999,VBD_bridges_c20160811.shp,15.118513;13.330247;10.796101;5.953010;8.317564;10.214241,74.152237;88.291687;102.083626;100.770287;87.145691;73.260811,npp_d20250905_t1942567_e1944209_b71809;npp_d20250905_t1944221_e1945463_b71809;npp_d20250905_t1945476_e1947117_b71809;npp_d20250905_t1947130_e1948371_b71809,141.689,65.1421,60.6903,-78.8423,64.3515,-116.12
21,VBD_npp_d20250905_t1943130_x0983419E_y104840N_l0159_s3552_v23,2025-09-05 21:47:44,10.483959,98.341881,33.2115,2025-09-05 19:43:13,2025-09-06 02:13:13,159,3552,0.215627,2,2465,0.636979,0.232408,0.77179,0.4,0.685404,0.75,0.0455635,0.0001,2.75117e-37,999999,-1.424360e-01,3,Myanmar Exclusive Economic Zone,,,SVDNB_npp_d20250905_t1942567_e1944209_b71809_c20250905211111578000_oeac_ops.h5,GDNBO_npp_d20250905_t1942567_e1944209_b71809_c20250905210852677000_oeac_ops.h5,SVI04_npp_d20250905_t1942567_e1944209_b71809_c20250905211119535000_oeac_ops.dspace_rad,,eez_v11.shp,WPP_BFAR_merge.shp,vbd_mpa_r20170830.shp,VNF-VBD_npp_20120301-20151231_global_asia-enhanced_c201607211230.bitmask,vbd_landsea_r20220824.mask,timezone.shp,VBD_platforms-recurring_2015_r20170330.shp,999999,VBD_bridges_c20160811.shp,15.118513;13.330247;10.796101;5.953010;8.317564;10.214241,74.152237;88.291687;102.083626;100.770287;87.145691;73.260811,npp_d20250905_t1942567_e1944209_b71809;npp_d20250905_t1944221_e1945463_b71809;npp_d20250905_t1945476_e1947117_b71809;npp_d20250905_t1947130_e1948371_b71809,141.671,65.2085,60.8206,-78.6805,64.3677,-116.09
22,VBD_npp_d20250905_t1943202_x0986052E_y100037N_l0223_s3607_v23,2025-09-05 21:47:44,10.003711,98.605156,13.6727,2025-09-05 19:43:20,2025-09-06 02:43:20,223,3607,0.194573,2,2465,0.276427,0.213581,0.443688,0.4,0.583839,0.75,0.0453651,0.0001,2.9645e-39,999999,-1.208043e-02,1,Thailand Exclusive Economic Zone,,,SVDNB_npp_d20250905_t1942567_e1944209_b71809_c20250905211111578000_oeac_ops.h5,GDNBO_npp_d20250905_t1942567_e1944209_b71809_c20250905210852677000_oeac_ops.h5,SVI04_npp_d20250905_t1942567_e1944209_b71809_c20250905211119535000_oeac_ops.dspace_rad,,eez_v11.shp,WPP_BFAR_merge.shp,vbd_mpa_r20170830.shp,VNF-VBD_npp_20120301-20151231_global_asia-enhanced_c201607211230.bitmask,vbd_landsea_r20220824.mask,timezone.shp,VBD_platforms-recurring_2015_r20170330.shp,999999,VBD_bridges_c20160811.shp,15.118513;13.330247;10.796101;5.953010;8.317564;10.214241,74.152237;88.291687;102.083626;100.770287;87.145691;73.260811,npp_d20250905_t1942567_e1944209_b71809;npp_d20250905_t1944221_e1945463_b71809;npp_d20250905_t1945476_e1947117_b71809;npp_d20250905_t1947130_e1948371_b71809,141.607,65.9639,61.9646,-78.7179,64.4165,-115.76
23,VBD_npp_d20250905_t1943219_x0992153E_y097713N_l0240_s3702_v23,2025-09-05 21:47:44,9.771255,99.215340,10.362,2025-09-05 19:43:21,2025-09-06 02:43:21,240,3702,0.186037,2,2209,0.208982,0.1968,0.621525,0.4,0.544806,0.75,0.0442689,0.0001,2.31633e-43,999999,1.041020e-01,3,Thailand Exclusive Economic Zone,,,SVDNB_npp_d20250905_t1942567_e1944209_b71809_c20250905211111578000_oeac_ops.h5,GDNBO_npp_d20250905_t1942567_e1944209_b71809_c20250905210852677000_oeac_ops.h5,SVI04_npp_d20250905_t1942567_e1944209_b71809_c20250905211119535000_oeac_ops.dspace_rad,,eez_v11.shp,WPP_BFAR_merge.shp,vbd_mpa_r20170830.shp,VNF-VBD_npp_20120301-20151231_global_asia-enhanced_c201607211230.bitmask,vbd_landsea_r20220824.mask,timezone.shp,VBD_platforms-recurring_2015_r20170330.shp,999999,VBD_bridges_c20160811.shp,15.118513;13.330247;10.796101;5.953010;8.317564;10.214241,74.152237;88.291687;102.083626;100.770287;87.145691;73.260811,npp_d20250905_t1942567_e1944209_b71809;npp_d20250905_t1944221_e1945463_b71809;npp_d20250905_t1945476_e1947117_b71809;npp_d20250905_t1947130_e1948371_b71809,141.144,66.6423,63.8207,-78.6145,64.8677,-115.421
24,VBD_npp_d20250905_t1943237_x0992131E_y097701N_l0241_s3703_v23,2025-09-05 21:47:44,9.770063,99.213112,13.5675,2025-09-05 19:43:23,2025-09-06 02:43:23,241,3703,0.171384,2,2209,0.267795,0.232392,0.643994,0.4,0.610585,0.75,0.0442612,0.0001,1.58039e-43,999999,-1.423236e-01,3,Thailand Exclusive Economic Zone,,,SVDNB_npp_d20250905_t1942567_e1944209_b71809_c20250905211111578000_oeac_ops.h5,GDNBO_npp_d20250905_t1942567_e1944209_b71809_c20250905210852677000_oeac_ops.h5,SVI04_npp_d20250905_t1942567_e1944209_b71809_c20250905211119535000_oeac_ops.dspace_rad,,eez_v11.shp,WPP_BFAR_merge.shp,vbd_mpa_r20170830.shp,VNF-VBD_npp_20120301-20151231_global_asia-enhanced_c201607211230.bitmask,vbd_landsea_r20220824.mask,timezone.shp,VBD_platforms-recurring_2015_r20170330.shp,999999,VBD_bridges_c20160811.shp,15.118513;13.330247;10.796101;5.953010;8.317564;10.214241,74.152237;88.291687;102.083626;100.770287;87.145691;73.260811,npp_d20250905_t1942567_e1944209_b71809;npp_d20250905_t1944221_e1945463_b71809;npp_d20250905_t1945476_e1947117_b71809;npp_d20250905_t1947130_e1948371_b71809,141.139,66.647,63.8349,-79.1522,64.8715,-115.418
25,VBD_npp_d20250905_t1943219_x0992360E_y097671N_l0240_s3705_v23,2025-09-05 21:47:44,9.767150,99.236015,11.0884,2025-09-05 19:43:21,2025-09-06 02:43:21,240,3705,0.197133,8,18593,0.2467,0.220298,0.643994,0.4,0.60699,0.75,0.0442314,0.0001,1.6684e-43,999999,-5.858592e-02,3,Thailand Exclusive Economic Zone,,,SVDNB_npp_d20250905_t1942567_e1944209_b71809_c20250905211111578000_oeac_ops.h5,GDNBO_npp_d20250905_t1942567_e1944209_b71809_c20250905210852677000_oeac_ops.h5,SVI04_npp_d20250905_t1942567_e1944209_b71809_c20250905211119535000_oeac_ops.dspace_rad,,eez_v11.shp,WPP_BFAR_merge.shp,vbd_mpa_r20170830.shp,VNF-VBD_npp_20120301-20151231_global_asia-enhanced_c201607211230.bitmask,vbd_landsea_r20220824.mask,timezone.shp,VBD_platforms-recurring_2015_r20170330.shp,0.993806,VBD_bridges_c20160811.shp,15.118513;13.330247;10.796101;5.953010;8.317564;10.214241,74.152237;88.291687;102.083626;100.770287;87.145691;73.260811,npp_d20250905_t1942567_e1944209_b71809;npp_d20250905_t1944221_e1945463_b71809;npp_d20250905_t1945476_e1947117_b71809;npp_d20250905_t1947130_e1948371_b71809,141.127,66.6605,63.8788,-78.6111,64.8844,-115.411
26,VBD_npp_d20250905_t1943237_x0992255E_y097606N_l0242_s3705_v23,2025-09-05 21:47:44,9.760619,99.225517,11.6421,2025-09-05 19:43:23,2025-09-06 02:43:23,242,3705,0.215201,2,2209,0.266486,0.249204,0.643994,0.4,0.621682,0.75,0.0442409,0.0001,1.31694e-43,999999,-2.587227e-01,3,Thailand Exclusive Economic Zone,,,SVDNB_npp_d20250905_t1942567_e1944209_b71809_c20250905211111578000_oeac_ops.h5,GDNBO_npp_d20250905_t1942567_e1944209_b71809_c20250905210852677000_oeac_ops.h5,SVI04_npp_d20250905_t1942567_e1944209_b71809_c20250905211119535000_oeac_ops.dspace_rad,,eez_v11.shp,WPP_BFAR_merge.shp,vbd_mpa_r20170830.shp,VNF-VBD_npp_20120301-20151231_global_asia-enhanced_c201607211230.bitmask,vbd_landsea_r20220824.mask,timezone.shp,VBD_platforms-recurring_2015_r20170330.shp,999999,VBD_bridges_c20160811.shp,15.118513;13.330247;10.796101;5.953010;8.317564;10.214241,74.152237;88.291687;102.083626;100.770287;87.145691;73.260811,npp_d20250905_t1942567_e1944209_b71809;npp_d20250905_t1944221_e1945463_b71809;npp_d20250905_t1945476_e1947117_b71809;npp_d20250905_t1947130_e1948371_b71809,141.132,66.6659,63.8734,-79.1154,64.8786,-115.409
27,VBD_npp_d20250905_t1943237_x0992186E_y097266N_l0247_s3705_v23,2025-09-05 21:47:44,9.726592,99.218628,10.8915,2025-09-05 19:43:23,2025-09-06 02:43:23,247,3705,0.245787,2,2465,0.310636,0.206858,0.614946,0.4,0.658205,0.75,0.0442646,0.0001,1.58222e-43,999999,3.446209e-02,3,Thailand Exclusive Economic Zone,,,SVDNB_npp_d20250905_t1942567_e1944209_b71809_c20250905211111578000_oeac_ops.h5,GDNBO_npp_d20250905_t1942567_e1944209_b71809_c20250905210852677000_oeac_ops.h5,SVI04_npp_d20250905_t1942567_e1944209_b71809_c20250905211119535000_oeac_ops.dspace_rad,,eez_v11.shp,WPP_BFAR_merge.shp,vbd_mpa_r20170830.shp,VNF-VBD_npp_20120301-20151231_global_asia-enhanced_c201607211230.bitmask,vbd_landsea_r20220824.mask,timezone.shp,VBD_platforms-recurring_2015_r20170330.shp,999999,VBD_bridges_c20160811.shp,15.118513;13.330247;10.796101;5.953010;8.317564;10.214241,74.152237;88.291687;102.083626;100.770287;87.145691;73.260811,npp_d20250905_t1942567_e1944209_b71809;npp_d20250905_t1944221_e1945463_b71809;npp_d20250905_t1945476_e1947117_b71809;npp_d20250905_t1947130_e1948371_b71809,141.152,66.7002,63.8728,-78.9433,64.8577,-115.397
28,VBD_npp_d20250905_t1942588_x0996168E_y111500N_l0023_s3706_v23,2025-09-05 21:47:44,11.150036,99.616760,20.549,2025-09-05 19:42:58,2025-09-06 02:42:58,23,3706,0.089939,2,2465,0.40092,0.231305,0.571729,0.4,0.729799,0.75,0.0423284,0.0001,4.33209e-45,999999,-1.347933e-01,3,Thailand Exclusive Economic Zone,,,SVDNB_npp_d20250905_t1942567_e1944209_b71809_c20250905211111578000_oeac_ops.h5,GDNBO_npp_d20250905_t1942567_e1944209_b71809_c20250905210852677000_oeac_ops.h5,SVI04_npp_d20250905_t1942567_e1944209_b71809_c20250905211119535000_oeac_ops.dspace_rad,,eez_v11.shp,WPP_BFAR_merge.shp,vbd_mpa_r20170830.shp,VNF-VBD_npp_20120301-20151231_global_asia-enhanced_c201607211230.bitmask,vbd_landsea_r20220824.mask,timezone.shp,VBD_platforms-recurring_2015_r20170330.shp,999999,VBD_bridges_c20160811.shp,15.118513;13.330247;10.796101;5.953010;8.317564;10.214241,74.152237;88.291687;102.083626;100.770287;87.145691;73.260811,npp_d20250905_t1942567_e1944209_b71809;npp_d20250905_t1944221_e1945463_b71809;npp_d20250905_t1945476_e1947117_b71809;npp_d20250905_t1947130_e1948371_b71809,140.308,65.3068,63.8972,-78.6009,65.7447,-115.898
29,VBD_npp_d20250905_t1943237_x0992338E_y097661N_l0241_s3706_v23,2025-09-05 21:47:44,9.766103,99.233803,10.2737,2025-09-05 19:43:23,2025-09-06 02:43:23,241,3706,0.205598,8,18593,0.240141,0.228092,0.643994,0.4,0.592434,0.75,0.0442237,0.0001,1.13693e-43,999999,-1.125513e-01,3,Thailand Exclusive Economic Zone,,,SVDNB_npp_d20250905_t1942567_e1944209_b71809_c20250905211111578000_oeac_ops.h5,GDNBO_npp_d20250905_t1942567_e1944209_b71809_c20250905210852677000_oeac_ops.h5,SVI04_npp_d20250905_t1942567_e1944209_b71809_c20250905211119535000_oeac_ops.dspace_rad,,eez_v11.shp,WPP_BFAR_merge.shp,vbd_mpa_r20170830.shp,VNF-VBD_npp_20120301-20151231_global_asia-enhanced_c201607211230.bitmask,vbd_landsea_r20220824.mask,timezone.shp,VBD_platforms-recurring_2015_r20170330.shp,0.954247,VBD_bridges_c20160811.shp,15.118513;13.330247;10.796101;5.953010;8.317564;10.214241,74.152237;88.291687;102.083626;100.770287;87.145691;73.260811,npp_d20250905_t1942567_e1944209_b71809;npp_d20250905_t1944221_e1945463_b71809;npp_d20250905_t1945476_e1947117_b71809;npp_d20250905_t1947130_e1948371_b71809,141.122,66.6651,63.8929,-79.1487,64.8884,-115.409
30,VBD_npp_d20250905_t1943006_x0996177E_y110217N_l0042_s3711_v23,2025-09-05 21:47:44,11.021666,99.617683,13.8733,2025-09-05 19:43:00,2025-09-06 02:43:00,42,3711,0.142434,2,2209,0.248817,0.240927,0.433524,0.4,0.626347,0.75,0.0424544,0.0001,3.61606e-45,999999,-2.014142e-01,3,Thailand Exclusive Economic Zone,,,SVDNB_npp_d20250905_t1942567_e1944209_b71809_c20250905211111578000_oeac_ops.h5,GDNBO_npp_d20250905_t1942567_e1944209_b71809_c20250905210852677000_oeac_ops.h5,SVI04_npp_d20250905_t1942567_e1944209_b71809_c20250905211119535000_oeac_ops.dspace_rad,,eez_v11.shp,WPP_BFAR_merge.shp,vbd_mpa_r20170830.shp,VNF-VBD_npp_20120301-20151231_global_asia-enhanced_c201607211230.bitmask,vbd_landsea_r20220824.mask,timezone.shp,VBD_platforms-recurring_2015_r20170330.shp,999999,VBD_bridges_c20160811.shp,15.118513;13.330247;10.796101;5.953010;8.317564;10.214241,74.152237;88.291687;102.083626;100.770287;87.145691;73.260811,npp_d20250905_t1942567_e1944209_b71809;npp_d20250905_t1944221_e1945463_b71809;npp_d20250905_t1945476_e1947117_b71809;npp_d20250905_t1947130_e1948371_b71809,140.354,65.4532,63.9897,-78.5184,65.6954,-115.841
31,VBD_npp_d20250905_t1943041_x0996550E_y108138N_l0072_s3724_v23,2025-09-05 21:47:44,10.813832,99.654984,20.3576,2025-09-05 19:43:04,2025-09-06 02:43:04,72,3724,0.166191,1,2529,0.455034,0.207092,0.681501,0.4,0.753927,0.75,0.0425901,0.0001,1.23592e-45,999999,3.284503e-02,3,Thailand Exclusive Economic Zone,,,SVDNB_npp_d20250905_t1942567_e1944209_b71809_c20250905211111578000_oeac_ops.h5,GDNBO_npp_d20250905_t1942567_e1944209_b71809_c20250905210852677000_oeac_ops.h5,SVI04_npp_d20250905_t1942567_e1944209_b71809_c20250905211119535000_oeac_ops.dspace_rad,,eez_v11.shp,WPP_BFAR_merge.shp,vbd_mpa_r20170830.shp,VNF-VBD_npp_20120301-20151231_global_asia-enhanced_c201607211230.bitmask,vbd_landsea_r20220824.mask,timezone.shp,VBD_platforms-recurring_2015_r20170330.shp,999999,VBD_bridges_c20160811.shp,15.118513;13.330247;10.796101;5.953010;8.317564;10.214241,74.152237;88.291687;102.083626;100.770287;87.145691;73.260811,npp_d20250905_t1942567_e1944209_b71809;npp_d20250905_t1944221_e1945463_b71809;npp_d20250905_t1945476_e1947117_b71809;npp_d20250905_t1947130_e1948371_b71809,140.394,65.7172,64.241,-78.6196,65.6503,-115.732
32,VBD_npp_d20250905_t1944189_x0990344E_y064889N_l0737_s3799_v23,2025-09-05 21:47:44,6.488936,99.034439,25.9871,2025-09-05 19:44:18,2025-09-06 02:44:18,737,3799,0.315353,8,18913,0.609438,0.243885,0.690966,0.4,0.870126,0.75,0.0469224,0.0001,7.51206e-45,999999,-2.218976e-01,3,Thailand Exclusive Economic Zone,,,SVDNB_npp_d20250905_t1942567_e1944209_b71809_c20250905211111578000_oeac_ops.h5,GDNBO_npp_d20250905_t1942567_e1944209_b71809_c20250905210852677000_oeac_ops.h5,SVI04_npp_d20250905_t1942567_e1944209_b71809_c20250905211119535000_oeac_ops.dspace_rad,,eez_v11.shp,WPP_BFAR_merge.shp,vbd_mpa_r20170830.shp,VNF-VBD_npp_20120301-20151231_global_asia-enhanced_c201607211230.bitmask,vbd_landsea_r20220824.mask,timezone.shp,VBD_platforms-recurring_2015_r20170330.shp,0.634885,VBD_bridges_c20160811.shp,15.118513;13.330247;10.796101;5.953010;8.317564;10.214241,74.152237;88.291687;102.083626;100.770287;87.145691;73.260811,npp_d20250905_t1942567_e1944209_b71809;npp_d20250905_t1944221_e1945463_b71809;npp_d20250905_t1945476_e1947117_b71809;npp_d20250905_t1947130_e1948371_b71809,142.29,70.55,65.6081,-79.7907,63.5304,-113.902
33,VBD_npp_d20250905_t1944206_x0991463E_y063405N_l0756_s3820_v23,2025-09-05 21:47:44,6.340492,99.146339,25.9195,2025-09-05 19:44:20,2025-09-06 02:44:20,756,3820,0.357747,1,2529,0.726746,0.207507,0.832368,0.4,0.917679,0.75,0.0466556,0.0001,1.09337e-45,999999,2.996942e-02,3,Thailand Exclusive Economic Zone,,,SVDNB_npp_d20250905_t1942567_e1944209_b71809_c20250905211111578000_oeac_ops.h5,GDNBO_npp_d20250905_t1942567_e1944209_b71809_c20250905210852677000_oeac_ops.h5,SVI04_npp_d20250905_t1942567_e1944209_b71809_c20250905211119535000_oeac_ops.dspace_rad,,eez_v11.shp,WPP_BFAR_merge.shp,vbd_mpa_r20170830.shp,VNF-VBD_npp_20120301-20151231_global_asia-enhanced_c201607211230.bitmask,vbd_landsea_r20220824.mask,timezone.shp,VBD_platforms-recurring_2015_r20170330.shp,999999,VBD_bridges_c20160811.shp,15.118513;13.330247;10.796101;5.953010;8.317564;10.214241,74.152237;88.291687;102.083626;100.770287;87.145691;73.260811,npp_d20250905_t1942567_e1944209_b71809;npp_d20250905_t1944221_e1945463_b71809;npp_d20250905_t1945476_e1947117_b71809;npp_d20250905_t1947130_e1948371_b71809,142.228,70.795,65.9795,-79.6998,63.5789,-113.794
34,VBD_npp_d20250905_t1944206_x0994583E_y062613N_l0759_s3867_v23,2025-09-05 21:47:44,6.261293,99.458267,68.571,2025-09-05 19:44:20,2025-09-06 02:44:20,759,3867,0.352626,1,2529,1.04385,0.199019,0.840608,0.4,0.964784,0.75,0.0460587,0.0001,6.75834e-48,999999,8.874207e-02,3,Malaysian Exclusive Economic Zone,,,SVDNB_npp_d20250905_t1942567_e1944209_b71809_c20250905211111578000_oeac_ops.h5,GDNBO_npp_d20250905_t1942567_e1944209_b71809_c20250905210852677000_oeac_ops.h5,SVI04_npp_d20250905_t1942567_e1944209_b71809_c20250905211119535000_oeac_ops.dspace_rad,,eez_v11.shp,WPP_BFAR_merge.shp,vbd_mpa_r20170830.shp,VNF-VBD_npp_20120301-20151231_global_asia-enhanced_c201607211230.bitmask,vbd_landsea_r20220824.mask,timezone.shp,VBD_platforms-recurring_2015_r20170330.shp,999999,VBD_bridges_c20160811.shp,15.118513;13.330247;10.796101;5.953010;8.317564;10.214241,74.152237;88.291687;102.083626;100.770287;87.145691;73.260811,npp_d20250905_t1942567_e1944209_b71809;npp_d20250905_t1944221_e1945463_b71809;npp_d20250905_t1945476_e1947117_b71809;npp_d20250905_t1947130_e1948371_b71809,141.961,71.0555,66.789,-79.5662,63.8328,-113.658
35,VBD_npp_d20250905_t1943290_x1002645E_y091454N_l0303_s3873_v23,2025-09-05 21:47:44,9.145408,100.264503,12.9774,2025-09-05 19:43:29,2025-09-06 02:43:29,303,3873,0.131906,2,2209,0.269177,0.187068,0.490062,0.4,0.689102,0.75,0.0424977,0.0001,1.62809e-51,999999,1.714818e-01,3,Thailand Exclusive Economic Zone,,,SVDNB_npp_d20250905_t1942567_e1944209_b71809_c20250905211111578000_oeac_ops.h5,GDNBO_npp_d20250905_t1942567_e1944209_b71809_c20250905210852677000_oeac_ops.h5,SVI04_npp_d20250905_t1942567_e1944209_b71809_c20250905211119535000_oeac_ops.dspace_rad,,eez_v11.shp,WPP_BFAR_merge.shp,vbd_mpa_r20170830.shp,VNF-VBD_npp_20120301-20151231_global_asia-enhanced_c201607211230.bitmask,vbd_landsea_r20220824.mask,timezone.shp,VBD_platforms-recurring_2015_r20170330.shp,999999,VBD_bridges_c20160811.shp,15.118513;13.330247;10.796101;5.953010;8.317564;10.214241,74.152237;88.291687;102.083626;100.770287;87.145691;73.260811,npp_d20250905_t1942567_e1944209_b71809;npp_d20250905_t1944221_e1945463_b71809;npp_d20250905_t1945476_e1947117_b71809;npp_d20250905_t1947130_e1948371_b71809,140.403,68.0294,66.8903,-78.5855,65.5701,-114.754
36,VBD_npp_d20250905_t1943326_x1003092E_y089854N_l0326_s3886_v23,2025-09-05 21:47:44,8.985374,100.309204,12.905,2025-09-05 19:43:32,2025-09-06 02:43:32,326,3886,0.127638,2,2209,0.242511,0.212866,0.437908,0.4,0.601818,0.75,0.0425546,0.0001,4.04146e-52,999999,-7.134243e-03,3,Thailand Exclusive Economic Zone,,,SVDNB_npp_d20250905_t1942567_e1944209_b71809_c20250905211111578000_oeac_ops.h5,GDNBO_npp_d20250905_t1942567_e1944209_b71809_c20250905210852677000_oeac_ops.h5,SVI04_npp_d20250905_t1942567_e1944209_b71809_c20250905211119535000_oeac_ops.dspace_rad,,eez_v11.shp,WPP_BFAR_merge.shp,vbd_mpa_r20170830.shp,VNF-VBD_npp_20120301-20151231_global_asia-enhanced_c201607211230.bitmask,vbd_landsea_r20220824.mask,timezone.shp,VBD_platforms-recurring_2015_r20170330.shp,999999,VBD_bridges_c20160811.shp,15.118513;13.330247;10.796101;5.953010;8.317564;10.214241,74.152237;88.291687;102.083626;100.770287;87.145691;73.260811,npp_d20250905_t1942567_e1944209_b71809;npp_d20250905_t1944221_e1945463_b71809;npp_d20250905_t1945476_e1947117_b71809;npp_d20250905_t1947130_e1948371_b71809,140.408,68.2448,67.1087,-78.8976,65.556,-114.665
37,VBD_npp_d20250905_t1943308_x1004059E_y090658N_l0311_s3896_v23,2025-09-05 21:47:44,9.065821,100.405937,12.9698,2025-09-05 19:43:30,2025-09-06 02:43:30,311,3896,0.144923,2,2465,0.282959,0.209067,0.566222,0.4,0.665354,0.75,0.0422859,0.0001,8.32366e-53,999999,1.917001e-02,3,Thailand Exclusive Economic Zone,,,SVDNB_npp_d20250905_t1942567_e1944209_b71809_c20250905211111578000_oeac_ops.h5,GDNBO_npp_d20250905_t1942567_e1944209_b71809_c20250905210852677000_oeac_ops.h5,SVI04_npp_d20250905_t1942567_e1944209_b71809_c20250905211119535000_oeac_ops.dspace_rad,,eez_v11.shp,WPP_BFAR_merge.shp,vbd_mpa_r20170830.shp,VNF-VBD_npp_20120301-20151231_global_asia-enhanced_c201607211230.bitmask,vbd_landsea_r20220824.mask,timezone.shp,VBD_platforms-recurring_2015_r20170330.shp,999999,VBD_bridges_c20160811.shp,15.118513;13.330247;10.796101;5.953010;8.317564;10.214241,74.152237;88.291687;102.083626;100.770287;87.145691;73.260811,npp_d20250905_t1942567_e1944209_b71809;npp_d20250905_t1944221_e1945463_b71809;npp_d20250905_t1945476_e1947117_b71809;npp_d20250905_t1947130_e1948371_b71809,140.296,68.2081,67.2834,-78.8285,65.6708,-114.668
38,VBD_npp_d20250905_t1944206_x0996818E_y061780N_l0765_s3901_v23,2025-09-05 21:47:44,6.177996,99.681770,10.7171,2025-09-05 19:44:20,2025-09-06 02:44:20,765,3901,0.351345,1,2529,0.343592,0.216932,0.69474,0.4,0.783971,0.75,0.0456252,0.0001,1.63219e-49,999999,-3.528433e-02,3,Malaysian Exclusive Economic Zone,,,SVDNB_npp_d20250905_t1942567_e1944209_b71809_c20250905211111578000_oeac_ops.h5,GDNBO_npp_d20250905_t1942567_e1944209_b71809_c20250905210852677000_oeac_ops.h5,SVI04_npp_d20250905_t1942567_e1944209_b71809_c20250905211119535000_oeac_ops.dspace_rad,,eez_v11.shp,WPP_BFAR_merge.shp,vbd_mpa_r20170830.shp,VNF-VBD_npp_20120301-20151231_global_asia-enhanced_c201607211230.bitmask,vbd_landsea_r20220824.mask,timezone.shp,VBD_platforms-recurring_2015_r20170330.shp,999999,VBD_bridges_c20160811.shp,15.118513;13.330247;10.796101;5.953010;8.317564;10.214241,74.152237;88.291687;102.083626;100.770287;87.145691;73.260811,npp_d20250905_t1942567_e1944209_b71809;npp_d20250905_t1944221_e1945463_b71809;npp_d20250905_t1945476_e1947117_b71809;npp_d20250905_t1947130_e1948371_b71809,141.777,71.2715,67.3657,-79.3583,64.0044,-113.55
39,VBD_npp_d20250905_t1944206_x0996969E_y061822N_l0764_s3903_v23,2025-09-05 21:47:44,6.182170,99.696915,10.1127,2025-09-05 19:44:20,2025-09-06 02:44:20,764,3903,0.348998,1,2529,0.338463,0.229598,0.693941,0.4,0.81544,0.75,0.0455997,0.0001,1.23691e-49,999999,-1.229746e-01,3,Malaysian Exclusive Economic Zone,,,SVDNB_npp_d20250905_t1942567_e1944209_b71809_c20250905211111578000_oeac_ops.h5,GDNBO_npp_d20250905_t1942567_e1944209_b71809_c20250905210852677000_oeac_ops.h5,SVI04_npp_d20250905_t1942567_e1944209_b71809_c20250905211119535000_oeac_ops.dspace_rad,,eez_v11.shp,WPP_BFAR_merge.shp,vbd_mpa_r20170830.shp,VNF-VBD_npp_20120301-20151231_global_asia-enhanced_c201607211230.bitmask,vbd_landsea_r20220824.mask,timezone.shp,VBD_platforms-recurring_2015_r20170330.shp,999999,VBD_bridges_c20160811.shp,15.118513;13.330247;10.796101;5.953010;8.317564;10.214241,74.152237;88.291687;102.083626;100.770287;87.145691;73.260811,npp_d20250905_t1942567_e1944209_b71809;npp_d20250905_t1944221_e1945463_b71809;npp_d20250905_t1945476_e1947117_b71809;npp_d20250905_t1947130_e1948371_b71809,141.762,71.2743,67.3999,-79.3874,64.0199,-113.547
40,VBD_npp_d20250905_t1944206_x0997583E_y061496N_l0767_s3913_v23,2025-09-05 21:47:44,6.149551,99.758339,11.8943,2025-09-05 19:44:20,2025-09-06 03:44:20,767,3913,0.356822,1,2529,0.386254,0.203254,0.689817,0.4,0.805144,0.75,0.0454723,0.0001,4.43848e-50,999999,5.941960e-02,3,Malaysian Exclusive Economic Zone,,,SVDNB_npp_d20250905_t1942567_e1944209_b71809_c20250905211111578000_oeac_ops.h5,GDNBO_npp_d20250905_t1942567_e1944209_b71809_c20250905210852677000_oeac_ops.h5,SVI04_npp_d20250905_t1942567_e1944209_b71809_c20250905211119535000_oeac_ops.dspace_rad,,eez_v11.shp,WPP_BFAR_merge.shp,vbd_mpa_r20170830.shp,VNF-VBD_npp_20120301-20151231_global_asia-enhanced_c201607211230.bitmask,vbd_landsea_r20220824.mask,timezone.shp,VBD_platforms-recurring_2015_r20170330.shp,999999,VBD_bridges_c20160811.shp,15.118513;13.330247;10.796101;5.953010;8.317564;10.214241,74.152237;88.291687;102.083626;100.770287;87.145691;73.260811,npp_d20250905_t1942567_e1944209_b71809;npp_d20250905_t1944221_e1945463_b71809;npp_d20250905_t1945476_e1947117_b71809;npp_d20250905_t1947130_e1948371_b71809,141.714,71.3449,67.5604,-79.2893,64.0632,-113.513
41,VBD_npp_d20250905_t1944206_x0997661E_y061551N_l0766_s3914_v23,2025-09-05 21:47:44,6.155138,99.766090,8.78484,2025-09-05 19:44:20,2025-09-06 03:44:20,766,3914,0.357961,2,2209,0.266003,0.206783,0.689045,0.4,0.621318,0.75,0.0454595,0.0001,3.8182e-50,999999,3.498229e-02,3,Malaysian Exclusive Economic Zone,,,SVDNB_npp_d20250905_t1942567_e1944209_b71809_c20250905211111578000_oeac_ops.h5,GDNBO_npp_d20250905_t1942567_e1944209_b71809_c20250905210852677000_oeac_ops.h5,SVI04_npp_d20250905_t1942567_e1944209_b71809_c20250905211119535000_oeac_ops.dspace_rad,,eez_v11.shp,WPP_BFAR_merge.shp,vbd_mpa_r20170830.shp,VNF-VBD_npp_20120301-20151231_global_asia-enhanced_c201607211230.bitmask,vbd_landsea_r20220824.mask,timezone.shp,VBD_platforms-recurring_2015_r20170330.shp,999999,VBD_bridges_c20160811.shp,15.118513;13.330247;10.796101;5.953010;8.317564;10.214241,74.152237;88.291687;102.083626;100.770287;87.145691;73.260811,npp_d20250905_t1942567_e1944209_b71809;npp_d20250905_t1944221_e1945463_b71809;npp_d20250905_t1945476_e1947117_b71809;npp_d20250905_t1947130_e1948371_b71809,141.705,71.3421,67.5762,-79.319,64.0726,-113.513
42,VBD_npp_d20250905_t1944206_x0997895E_y061366N_l0768_s3918_v23,2025-09-05 21:47:44,6.136619,99.789520,12.0146,2025-09-05 19:44:20,2025-09-06 03:44:20,768,3918,0.343734,1,2529,0.387113,0.269273,0.696688,0.4,0.782318,0.75,0.0454085,0.0001,2.60946e-50,999999,-3.976714e-01,3,Malaysian Exclusive Economic Zone,,,SVDNB_npp_d20250905_t1942567_e1944209_b71809_c20250905211111578000_oeac_ops.h5,GDNBO_npp_d20250905_t1942567_e1944209_b71809_c20250905210852677000_oeac_ops.h5,SVI04_npp_d20250905_t1942567_e1944209_b71809_c20250905211119535000_oeac_ops.dspace_rad,,eez_v11.shp,WPP_BFAR_merge.shp,vbd_mpa_r20170830.shp,VNF-VBD_npp_20120301-20151231_global_asia-enhanced_c201607211230.bitmask,vbd_landsea_r20220824.mask,timezone.shp,VBD_platforms-recurring_2015_r20170330.shp,999999,VBD_bridges_c20160811.shp,15.118513;13.330247;10.796101;5.953010;8.317564;10.214241,74.152237;88.291687;102.083626;100.770287;87.145691;73.260811,npp_d20250905_t1942567_e1944209_b71809;npp_d20250905_t1944221_e1945463_b71809;npp_d20250905_t1945476_e1947117_b71809;npp_d20250905_t1947130_e1948371_b71809,141.689,71.3763,67.6398,-79.2556,64.0867,-113.497
43,VBD_npp_d20250905_t1944206_x0998182E_y061453N_l0766_s3922_v23,2025-09-05 21:47:44,6.145342,99.818176,8.1574,2025-09-05 19:44:20,2025-09-06 03:44:20,766,3922,0.355329,2,2209,0.251691,0.17755,0.697564,0.4,0.731791,0.75,0.0453575,0.0001,1.52923e-50,999999,2.373798e-01,3,Malaysian Exclusive Economic Zone,,,SVDNB_npp_d20250905_t1942567_e1944209_b71809_c20250905211111578000_oeac_ops.h5,GDNBO_npp_d20250905_t1942567_e1944209_b71809_c20250905210852677000_oeac_ops.h5,SVI04_npp_d20250905_t1942567_e1944209_b71809_c20250905211119535000_oeac_ops.dspace_rad,,eez_v11.shp,WPP_BFAR_merge.shp,vbd_mpa_r20170830.shp,VNF-VBD_npp_20120301-20151231_global_asia-enhanced_c201607211230.bitmask,vbd_landsea_r20220824.mask,timezone.shp,VBD_platforms-recurring_2015_r20170330.shp,999999,VBD_bridges_c20160811.shp,15.118513;13.330247;10.796101;5.953010;8.317564;10.214241,74.152237;88.291687;102.083626;100.770287;87.145691;73.260811,npp_d20250905_t1942567_e1944209_b71809;npp_d20250905_t1944221_e1945463_b71809;npp_d20250905_t1945476_e1947117_b71809;npp_d20250905_t1947130_e1948371_b71809,141.659,71.3804,67.7034,-79.3137,64.1165,-113.493
44,VBD_npp_d20250905_t1944206_x0998430E_y061690N_l0762_s3925_v23,2025-09-05 21:47:44,6.168981,99.842972,9.6467,2025-09-05 19:44:20,2025-09-06 03:44:20,762,3925,0.359454,2,2465,0.274002,0.221892,0.64256,0.4,0.5937,0.75,0.0453193,0.0001,9.2805e-51,999999,-6.962515e-02,3,Malaysian Exclusive Economic Zone,,,SVDNB_npp_d20250905_t1942567_e1944209_b71809_c20250905211111578000_oeac_ops.h5,GDNBO_npp_d20250905_t1942567_e1944209_b71809_c20250905210852677000_oeac_ops.h5,SVI04_npp_d20250905_t1942567_e1944209_b71809_c20250905211119535000_oeac_ops.dspace_rad,,eez_v11.shp,WPP_BFAR_merge.shp,vbd_mpa_r20170830.shp,VNF-VBD_npp_20120301-20151231_global_asia-enhanced_c201607211230.bitmask,vbd_landsea_r20220824.mask,timezone.shp,VBD_platforms-recurring_2015_r20170330.shp,999999,VBD_bridges_c20160811.shp,15.118513;13.330247;10.796101;5.953010;8.317564;10.214241,74.152237;88.291687;102.083626;100.770287;87.145691;73.260811,npp_d20250905_t1942567_e1944209_b71809;npp_d20250905_t1944221_e1945463_b71809;npp_d20250905_t1945476_e1947117_b71809;npp_d20250905_t1947130_e1948371_b71809,141.628,71.3647,67.7513,-79.4332,64.1488,-113.496
45,VBD_npp_d20250905_t1944206_x0998404E_y061553N_l0764_s3925_v23,2025-09-05 21:47:44,6.155312,99.840401,13.6835,2025-09-05 19:44:20,2025-09-06 03:44:20,764,3925,0.360023,2,2465,0.365142,0.169526,0.68281,0.4,0.561868,0.75,0.0453193,0.0001,1.00167e-50,999999,2.929349e-01,3,Malaysian Exclusive Economic Zone,,,SVDNB_npp_d20250905_t1942567_e1944209_b71809_c20250905211111578000_oeac_ops.h5,GDNBO_npp_d20250905_t1942567_e1944209_b71809_c20250905210852677000_oeac_ops.h5,SVI04_npp_d20250905_t1942567_e1944209_b71809_c20250905211119535000_oeac_ops.dspace_rad,,eez_v11.shp,WPP_BFAR_merge.shp,vbd_mpa_r20170830.shp,VNF-VBD_npp_20120301-20151231_global_asia-enhanced_c201607211230.bitmask,vbd_landsea_r20220824.mask,timezone.shp,VBD_platforms-recurring_2015_r20170330.shp,999999,VBD_bridges_c20160811.shp,15.118513;13.330247;10.796101;5.953010;8.317564;10.214241,74.152237;88.291687;102.083626;100.770287;87.145691;73.260811,npp_d20250905_t1942567_e1944209_b71809;npp_d20250905_t1944221_e1945463_b71809;npp_d20250905_t1945476_e1947117_b71809;npp_d20250905_t1947130_e1948371_b71809,141.635,71.3798,67.7513,-79.3725,64.1409,-113.491
46,VBD_npp_d20250905_t1943504_x1005277E_y078053N_l0496_s3961_v23,2025-09-05 21:47:44,7.805314,100.527710,16.2677,2025-09-05 19:43:50,2025-09-06 02:43:50,496,3961,0.303688,8,18913,0.431478,0.185503,0.774586,0.4,0.812282,0.75,0.0432141,0.0001,9.47602e-55,999999,1.823200e-01,3,Thailand Exclusive Economic Zone,,,SVDNB_npp_d20250905_t1942567_e1944209_b71809_c20250905211111578000_oeac_ops.h5,GDNBO_npp_d20250905_t1942567_e1944209_b71809_c20250905210852677000_oeac_ops.h5,SVI04_npp_d20250905_t1942567_e1944209_b71809_c20250905211119535000_oeac_ops.dspace_rad,,eez_v11.shp,WPP_BFAR_merge.shp,vbd_mpa_r20170830.shp,VNF-VBD_npp_20120301-20151231_global_asia-enhanced_c201607211230.bitmask,vbd_landsea_r20220824.mask,timezone.shp,VBD_platforms-recurring_2015_r20170330.shp,0.960779,VBD_bridges_c20160811.shp,15.118513;13.330247;10.796101;5.953010;8.317564;10.214241,74.152237;88.291687;102.083626;100.770287;87.145691;73.260811,npp_d20250905_t1942567_e1944209_b71809;npp_d20250905_t1944221_e1945463_b71809;npp_d20250905_t1945476_e1947117_b71809;npp_d20250905_t1947130_e1948371_b71809,140.56,69.7492,68.3322,-78.7849,65.3289,-114.054
47,VBD_npp_d20250905_t1943522_x1005265E_y077994N_l0498_s3962_v23,2025-09-05 21:47:44,7.799426,100.526527,20.673,2025-09-05 19:43:52,2025-09-06 02:43:52,498,3962,0.300629,8,18913,0.556458,0.209962,0.774586,0.4,0.877174,0.75,0.0432201,0.0001,6.19635e-55,999999,1.297203e-02,3,Thailand Exclusive Economic Zone,,,SVDNB_npp_d20250905_t1942567_e1944209_b71809_c20250905211111578000_oeac_ops.h5,GDNBO_npp_d20250905_t1942567_e1944209_b71809_c20250905210852677000_oeac_ops.h5,SVI04_npp_d20250905_t1942567_e1944209_b71809_c20250905211119535000_oeac_ops.dspace_rad,,eez_v11.shp,WPP_BFAR_merge.shp,vbd_mpa_r20170830.shp,VNF-VBD_npp_20120301-20151231_global_asia-enhanced_c201607211230.bitmask,vbd_landsea_r20220824.mask,timezone.shp,VBD_platforms-recurring_2015_r20170330.shp,0.630524,VBD_bridges_c20160811.shp,15.118513;13.330247;10.796101;5.953010;8.317564;10.214241,74.152237;88.291687;102.083626;100.770287;87.145691;73.260811,npp_d20250905_t1942567_e1944209_b71809;npp_d20250905_t1944221_e1945463_b71809;npp_d20250905_t1945476_e1947117_b71809;npp_d20250905_t1947130_e1948371_b71809,140.557,69.7594,68.3485,-79.2317,65.3319,-114.049
48,VBD_npp_d20250905_t1943041_x1012787E_y105218N_l0067_s3963_v23,2025-09-05 21:47:44,10.521776,101.278748,26.3313,2025-09-05 19:43:04,2025-09-06 02:43:04,67,3963,0.129132,4,35301,0.537223,0.160495,0.681119,0.4,0.816596,0.75,0.0395894,0.0001,6.02613e-59,999999,3.554619e-01,3,Thailand Exclusive Economic Zone,,,SVDNB_npp_d20250905_t1942567_e1944209_b71809_c20250905211111578000_oeac_ops.h5,GDNBO_npp_d20250905_t1942567_e1944209_b71809_c20250905210852677000_oeac_ops.h5,SVI04_npp_d20250905_t1942567_e1944209_b71809_c20250905211119535000_oeac_ops.dspace_rad,,eez_v11.shp,WPP_BFAR_merge.shp,vbd_mpa_r20170830.shp,VNF-VBD_npp_20120301-20151231_global_asia-enhanced_c201607211230.bitmask,vbd_landsea_r20220824.mask,timezone.shp,VBD_platforms-recurring_2015_r20170330.shp,999999,VBD_bridges_c20160811.shp,15.118513;13.330247;10.796101;5.953010;8.317564;10.214241,74.152237;88.291687;102.083626;100.770287;87.145691;73.260811,npp_d20250905_t1942567_e1944209_b71809;npp_d20250905_t1944221_e1945463_b71809;npp_d20250905_t1945476_e1947117_b71809;npp_d20250905_t1947130_e1948371_b71809,139.048,67.0874,68.3619,-78.472,66.9761,-114.998
49,VBD_npp_d20250905_t1943468_x1007008E_y080420N_l0456_s3977_v23,2025-09-05 21:47:44,8.041996,100.700836,16.0428,2025-09-05 19:43:46,2025-09-06 02:43:46,456,3977,0.253042,8,18913,0.405148,0.20439,0.67542,0.4,0.798936,0.75,0.0427785,0.0001,4.26981e-56,999999,5.155270e-02,3,Thailand Exclusive Economic Zone,,,SVDNB_npp_d20250905_t1942567_e1944209_b71809_c20250905211111578000_oeac_ops.h5,GDNBO_npp_d20250905_t1942567_e1944209_b71809_c20250905210852677000_oeac_ops.h5,SVI04_npp_d20250905_t1942567_e1944209_b71809_c20250905211119535000_oeac_ops.dspace_rad,,eez_v11.shp,WPP_BFAR_merge.shp,vbd_mpa_r20170830.shp,VNF-VBD_npp_20120301-20151231_global_asia-enhanced_c201607211230.bitmask,vbd_landsea_r20220824.mask,timezone.shp,VBD_platforms-recurring_2015_r20170330.shp,0.55203,VBD_bridges_c20160811.shp,15.118513;13.330247;10.796101;5.953010;8.317564;10.214241,74.152237;88.291687;102.083626;100.770287;87.145691;73.260811,npp_d20250905_t1942567_e1944209_b71809;npp_d20250905_t1944221_e1945463_b71809;npp_d20250905_t1945476_e1947117_b71809;npp_d20250905_t1947130_e1948371_b71809,140.331,69.5683,68.5872,-78.9576,65.5708,-114.104
50,VBD_npp_d20250905_t1943237_x1011660E_y093065N_l0252_s3994_v23,2025-09-05 21:47:44,9.306542,101.165993,14.6067,2025-09-05 19:43:23,2025-09-06 02:43:23,252,3994,0.120668,2,2465,0.293366,0.21329,0.500302,0.4,0.716386,0.75,0.041033,0.0001,6.05756e-59,999999,-1.007051e-02,3,Thailand Exclusive Economic Zone,,,SVDNB_npp_d20250905_t1942567_e1944209_b71809_c20250905211111578000_oeac_ops.h5,GDNBO_npp_d20250905_t1942567_e1944209_b71809_c20250905210852677000_oeac_ops.h5,SVI04_npp_d20250905_t1942567_e1944209_b71809_c20250905211119535000_oeac_ops.dspace_rad,,eez_v11.shp,WPP_BFAR_merge.shp,vbd_mpa_r20170830.shp,VNF-VBD_npp_20120301-20151231_global_asia-enhanced_c201607211230.bitmask,vbd_landsea_r20220824.mask,timezone.shp,VBD_platforms-recurring_2015_r20170330.shp,999999,VBD_bridges_c20160811.shp,15.118513;13.330247;10.796101;5.953010;8.317564;10.214241,74.152237;88.291687;102.083626;100.770287;87.145691;73.260811,npp_d20250905_t1942567_e1944209_b71809;npp_d20250905_t1944221_e1945463_b71809;npp_d20250905_t1945476_e1947117_b71809;npp_d20250905_t1947130_e1948371_b71809,139.537,68.3758,68.8518,-78.4718,66.4329,-114.514
51,VBD_npp_d20250905_t1943557_x1008264E_y074925N_l0535_s4016_v23,2025-09-05 21:47:44,7.492459,100.826363,16.8781,2025-09-05 19:43:55,2025-09-06 02:43:55,535,4016,0.300487,1,2529,0.474016,0.207273,0.686928,0.4,0.829471,0.75,0.0435157,0.0001,1.19792e-57,999999,3.159150e-02,3,Thailand Exclusive Economic Zone,,,SVDNB_npp_d20250905_t1942567_e1944209_b71809_c20250905211111578000_oeac_ops.h5,GDNBO_npp_d20250905_t1942567_e1944209_b71809_c20250905210852677000_oeac_ops.h5,SVI04_npp_d20250905_t1942567_e1944209_b71809_c20250905211119535000_oeac_ops.dspace_rad,,eez_v11.shp,WPP_BFAR_merge.shp,vbd_mpa_r20170830.shp,VNF-VBD_npp_20120301-20151231_global_asia-enhanced_c201607211230.bitmask,vbd_landsea_r20220824.mask,timezone.shp,VBD_platforms-recurring_2015_r20170330.shp,999999,VBD_bridges_c20160811.shp,15.118513;13.330247;10.796101;5.953010;8.317564;10.214241,74.152237;88.291687;102.083626;100.770287;87.145691;73.260811,npp_d20250905_t1942567_e1944209_b71809;npp_d20250905_t1944221_e1945463_b71809;npp_d20250905_t1945476_e1947117_b71809;npp_d20250905_t1947130_e1948371_b71809,140.368,70.2798,69.1887,-79.0843,65.4931,-113.813
52,VBD_npp_d20250905_t1943041_x1017211E_y103524N_l0078_s4031_v23,2025-09-05 21:47:44,10.352391,101.721085,20.2106,2025-09-05 19:43:04,2025-09-06 02:43:04,78,4031,0.140158,2,2465,0.397431,0.215116,0.608595,0.4,0.663369,0.75,0.0396608,0.0001,4.73249e-63,999999,-2.270758e-02,3,Cambodian Exclusive Economic Zone,,,SVDNB_npp_d20250905_t1942567_e1944209_b71809_c20250905211111578000_oeac_ops.h5,GDNBO_npp_d20250905_t1942567_e1944209_b71809_c20250905210852677000_oeac_ops.h5,SVI04_npp_d20250905_t1942567_e1944209_b71809_c20250905211119535000_oeac_ops.dspace_rad,,eez_v11.shp,WPP_BFAR_merge.shp,vbd_mpa_r20170830.shp,VNF-VBD_npp_20120301-20151231_global_asia-enhanced_c201607211230.bitmask,vbd_landsea_r20220824.mask,timezone.shp,VBD_platforms-recurring_2015_r20170330.shp,999999,VBD_bridges_c20160811.shp,15.118513;13.330247;10.796101;5.953010;8.317564;10.214241,74.152237;88.291687;102.083626;100.770287;87.145691;73.260811,npp_d20250905_t1942567_e1944209_b71809;npp_d20250905_t1944221_e1945463_b71809;npp_d20250905_t1945476_e1947117_b71809;npp_d20250905_t1947130_e1948371_b71809,138.712,67.5388,69.4195,-78.068,67.3017,-114.77
53,VBD_npp_d20250905_t1943344_x1013508E_y086299N_l0348_s4046_v23,2025-09-05 21:47:44,8.629942,101.350800,53.6956,2025-09-05 19:43:34,2025-09-06 02:43:34,348,4046,0.117538,4,35301,0.708391,0.203496,0.689865,0.4,0.86709,0.75,0.0417618,0.0001,3.07413e-61,999999,5.774194e-02,3,Thailand Exclusive Economic Zone,,,SVDNB_npp_d20250905_t1942567_e1944209_b71809_c20250905211111578000_oeac_ops.h5,GDNBO_npp_d20250905_t1942567_e1944209_b71809_c20250905210852677000_oeac_ops.h5,SVI04_npp_d20250905_t1942567_e1944209_b71809_c20250905211119535000_oeac_ops.dspace_rad,,eez_v11.shp,WPP_BFAR_merge.shp,vbd_mpa_r20170830.shp,VNF-VBD_npp_20120301-20151231_global_asia-enhanced_c201607211230.bitmask,vbd_landsea_r20220824.mask,timezone.shp,VBD_platforms-recurring_2015_r20170330.shp,999999,VBD_bridges_c20160811.shp,15.118513;13.330247;10.796101;5.953010;8.317564;10.214241,74.152237;88.291687;102.083626;100.770287;87.145691;73.260811,npp_d20250905_t1942567_e1944209_b71809;npp_d20250905_t1944221_e1945463_b71809;npp_d20250905_t1945476_e1947117_b71809;npp_d20250905_t1947130_e1948371_b71809,139.57,69.2477,69.6531,-78.583,66.3584,-114.154
54,VBD_npp_d20250905_t1944046_x1009431E_y068897N_l0622_s4054_v23,2025-09-05 21:47:44,6.889745,100.943062,20.489,2025-09-05 19:44:04,2025-09-06 02:44:04,622,4054,0.268407,2,2465,0.357739,0.188655,0.615829,0.4,0.687126,0.75,0.0443247,0.0001,4.42466e-59,999999,1.604964e-01,1,Thailand Exclusive Economic Zone,,,SVDNB_npp_d20250905_t1942567_e1944209_b71809_c20250905211111578000_oeac_ops.h5,GDNBO_npp_d20250905_t1942567_e1944209_b71809_c20250905210852677000_oeac_ops.h5,SVI04_npp_d20250905_t1942567_e1944209_b71809_c20250905211119535000_oeac_ops.dspace_rad,,eez_v11.shp,WPP_BFAR_merge.shp,vbd_mpa_r20170830.shp,VNF-VBD_npp_20120301-20151231_global_asia-enhanced_c201607211230.bitmask,vbd_landsea_r20220824.mask,timezone.shp,VBD_platforms-recurring_2015_r20170330.shp,999999,VBD_bridges_c20160811.shp,15.118513;13.330247;10.796101;5.953010;8.317564;10.214241,74.152237;88.291687;102.083626;100.770287;87.145691;73.260811,npp_d20250905_t1942567_e1944209_b71809;npp_d20250905_t1944221_e1945463_b71809;npp_d20250905_t1945476_e1947117_b71809;npp_d20250905_t1947130_e1948371_b71809,140.424,71.0476,69.7776,-78.9901,65.389,-113.502
32,VBD_npp_d20250905_t1944242_x0991671E_y061024N_l0023_s3831_v23,2025-09-05 21:47:44,6.102418,99.167053,47.6064,2025-09-05 19:44:24,2025-09-06 02:44:24,23,3831,0.320403,1,2529,0.841902,0.238565,0.780743,0.4,0.925697,0.75,0.0474908,0.0001,5.67717e-46,999999,-1.850629e-01,3,Malaysian Exclusive Economic Zone,,,SVDNB_npp_d20250905_t1944221_e1945463_b71809_c20250905211124602000_oeac_ops.h5,GDNBO_npp_d20250905_t1944221_e1945463_b71809_c20250905210857756000_oeac_ops.h5,SVI04_npp_d20250905_t1944221_e1945463_b71809_c20250905211132720000_oeac_ops.dspace_rad,,eez_v11.shp,WPP_BFAR_merge.shp,vbd_mpa_r20170830.shp,VNF-VBD_npp_20120301-20151231_global_asia-enhanced_c201607211230.bitmask,vbd_landsea_r20220824.mask,timezone.shp,VBD_platforms-recurring_2015_r20170330.shp,999999,VBD_bridges_c20160811.shp,10.217110;8.312432;5.955316;1.094566;3.297862;5.323884,73.255966;87.137970;100.765213;99.555214;86.012009;72.275414,npp_d20250905_t1942567_e1944209_b71809;npp_d20250905_t1944221_e1945463_b71809;npp_d20250905_t1945476_e1947117_b71809;npp_d20250905_t1947130_e1948371_b71809,142.272,71.1044,66.1777,-79.6434,63.5145,-113.67
42,VBD_npp_d20250905_t1944278_x0992652E_y058915N_l0052_s3853_v23,2025-09-05 21:47:44,5.891517,99.265175,43.5309,2025-09-05 19:44:27,2025-09-06 02:44:27,52,3853,0.322751,1,2529,0.822835,0.211502,0.796968,0.4,0.884525,0.75,0.047327,0.0001,7.66731e-47,999999,2.311282e-03,3,Malaysian Exclusive Economic Zone,,,SVDNB_npp_d20250905_t1944221_e1945463_b71809_c20250905211124602000_oeac_ops.h5,GDNBO_npp_d20250905_t1944221_e1945463_b71809_c20250905210857756000_oeac_ops.h5,SVI04_npp_d20250905_t1944221_e1945463_b71809_c20250905211132720000_oeac_ops.dspace_rad,,eez_v11.shp,WPP_BFAR_merge.shp,vbd_mpa_r20170830.shp,VNF-VBD_npp_20120301-20151231_global_asia-enhanced_c201607211230.bitmask,vbd_landsea_r20220824.mask,timezone.shp,VBD_platforms-recurring_2015_r20170330.shp,999999,VBD_bridges_c20160811.shp,10.217110;8.312432;5.955316;1.094566;3.297862;5.323884,73.255966;87.137970;100.765213;99.555214;86.012009;72.275414,npp_d20250905_t1942567_e1944209_b71809;npp_d20250905_t1944221_e1945463_b71809;npp_d20250905_t1945476_e1947117_b71809;npp_d20250905_t1947130_e1948371_b71809,142.233,71.4208,66.5533,-79.7665,63.5326,-113.535
58,VBD_npp_d20250905_t1944224_x0997906E_y061363N_l0001_s3919_v23,2025-09-05 21:47:44,6.136339,99.790619,7.83563,2025-09-05 19:44:22,2025-09-06 03:44:22,1,3919,0.353266,2,2209,0.24808,0.227482,0.663783,0.4,0.689063,0.75,0.0462765,0.0001,1.68237e-50,999999,-1.083244e-01,3,Malaysian Exclusive Economic Zone,,,SVDNB_npp_d20250905_t1944221_e1945463_b71809_c20250905211124602000_oeac_ops.h5,GDNBO_npp_d20250905_t1944221_e1945463_b71809_c20250905210857756000_oeac_ops.h5,SVI04_npp_d20250905_t1944221_e1945463_b71809_c20250905211132720000_oeac_ops.dspace_rad,,eez_v11.shp,WPP_BFAR_merge.shp,vbd_mpa_r20170830.shp,VNF-VBD_npp_20120301-20151231_global_asia-enhanced_c201607211230.bitmask,vbd_landsea_r20220824.mask,timezone.shp,VBD_platforms-recurring_2015_r20170330.shp,999999,VBD_bridges_c20160811.shp,10.217110;8.312432;5.955316;1.094566;3.297862;5.323884,73.255966;87.137970;100.765213;99.555214;86.012009;72.275414,npp_d20250905_t1942567_e1944209_b71809;npp_d20250905_t1944221_e1945463_b71809;npp_d20250905_t1945476_e1947117_b71809;npp_d20250905_t1947130_e1948371_b71809,141.681,71.381,67.6595,-79.7381,64.0941,-113.495
59,VBD_npp_d20250905_t1944260_x0997293E_y058787N_l0041_s3919_v23,2025-09-05 21:47:44,5.878686,99.729309,16.9376,2025-09-05 19:44:26,2025-09-06 02:44:26,41,3919,0.292662,8,18849,0.352841,0.216876,0.503598,0.4,0.703057,0.75,0.0464361,0.0001,3.83058e-50,999999,-3.489810e-02,3,Malaysian Exclusive Economic Zone,,,SVDNB_npp_d20250905_t1944221_e1945463_b71809_c20250905211124602000_oeac_ops.h5,GDNBO_npp_d20250905_t1944221_e1945463_b71809_c20250905210857756000_oeac_ops.h5,SVI04_npp_d20250905_t1944221_e1945463_b71809_c20250905211132720000_oeac_ops.dspace_rad,,eez_v11.shp,WPP_BFAR_merge.shp,vbd_mpa_r20170830.shp,VNF-VBD_npp_20120301-20151231_global_asia-enhanced_c201607211230.bitmask,vbd_landsea_r20220824.mask,timezone.shp,VBD_platforms-recurring_2015_r20170330.shp,0.628637,VBD_bridges_c20160811.shp,10.217110;8.312432;5.955316;1.094566;3.297862;5.323884,73.255966;87.137970;100.765213;99.555214;86.012009;72.275414,npp_d20250905_t1942567_e1944209_b71809;npp_d20250905_t1944221_e1945463_b71809;npp_d20250905_t1945476_e1947117_b71809;npp_d20250905_t1947130_e1948371_b71809,141.806,71.6674,67.6611,-79.5459,63.9476,-113.389
0,,,999999.000000,999999.000000,999999,,,999999,999999,999999,999999,999999,999999,999999,999999,999999,999999,999999,999999,999999,999999,999999,999999,999999,,,,SVDNB_npp_d20250905_t1800311_e1801553_b71808_c20250905192921433000_oeac_ops.h5,GDNBO_npp_d20250905_t1800311_e1801553_b71808_c20250905192655127000_oeac_ops.h5,SVI04_npp_d20250905_t1800311_e1801553_b71808_c20250905192929411000_oeac_ops.dspace_rad,,eez_v11.shp,WPP_BFAR_merge.shp,vbd_mpa_r20170830.shp,VNF-VBD_npp_20120301-20151231_global_asia-enhanced_c201607211230.bitmask,vbd_landsea_r20220824.mask,timezone.shp,VBD_platforms-recurring_2015_r20170330.shp,999999,VBD_bridges_c20160811.shp,18.312202;16.593113;13.932515;9.105989;11.582686;13.400851,100.065697;114.433464;128.384491;126.982803;113.267136;99.243622,npp_d20250905_t1800311_e1801553_b71808;npp_d20250905_t1801566_e1803207_b71808;npp_d20250905_t1803220_e1804461_b71808;npp_d20250905_t1804474_e1806115_b71808,999999,999999,999999,999999,999999,999999
