id,id_Key,Date_Proc,Lat_DNB,Lon_DNB,Rad_DNB,Date_Mscan,Date_LTZ,Line_DNB,Sample_DNB,Rad_I04,QF_Detect,QF_Bitflag,SMI,Thr_SMI,SI,Thr_SI,SHI,Thr_SHI,LI,Thr_LI,Glint,Thr_Gl_SMI,Xcorr,Land_Mask,EEZ,FMZ,MPA,File_DNB,File_GDNB,File_I04,File_VNF,File_EEZ,File_FMZ,File_MPA,File_FLM,File_LSM,File_LTZ,File_RLP,Dist_RLP,File_RLV,Lat_Gring,Lon_Gring,Gran_List,SOLZ_GDNBO,SOLA_GDNBO,SATZ_GDNBO,SATA_GDNBO,LUNZ_GDNBO,LUNA_GDNBO
9,VBD_npp_d20250901_t1738170_x1044988E_y069728N_l0119_s0019_v23,2025-09-01 19:53:20,6.972782,104.498787,14.2325,2025-09-01 17:38:17,2025-09-02 00:38:17,119,19,0.258591,1,2529,0.516394,0.17875,0.825137,0.4,0.922673,0.75,0.000345365,0.0001,1.23066e-33,999999,1.927847e-01,3,Vietnamese Exclusive Economic Zone,,,SVDNB_npp_d20250901_t1738042_e1739284_b71751_c20250901190355960000_oeac_ops.h5,GDNBO_npp_d20250901_t1738042_e1739284_b71751_c20250901190129631000_oeac_ops.h5,SVI04_npp_d20250901_t1738042_e1739284_b71751_c20250901190404867000_oeac_ops.dspace_rad,,eez_v11.shp,WPP_BFAR_merge.shp,vbd_mpa_r20170830.shp,VNF-VBD_npp_20120301-20151231_global_asia-enhanced_c201607211230.bitmask,vbd_landsea_r20220824.mask,timezone.shp,VBD_platforms-recurring_2015_r20170330.shp,999999,VBD_bridges_c20160811.shp,7.745079;5.778173;3.504097;-1.370237;0.762823;2.857830,104.519302;118.301865;131.878693;130.750580;117.181618;103.492500,npp_d20250901_t1733480_e1735122_b71751;npp_d20250901_t1735134_e1736376_b71751;npp_d20250901_t1736388_e1738030_b71751;npp_d20250901_t1738042_e1739284_b71751,162.499,31.3934,69.9381,97.4002,89.8164,-118.995
13,VBD_npp_d20250901_t1738170_x1045229E_y069908N_l0116_s0022_v23,2025-09-01 19:53:20,6.990798,104.522911,9.7466,2025-09-01 17:38:17,2025-09-02 00:38:17,116,22,0.189807,1,2529,0.418981,0.17875,0.8305,0.4,0.898474,0.75,0.000342192,0.0001,9.85387e-34,999999,3.393786e-01,3,Vietnamese Exclusive Economic Zone,,,SVDNB_npp_d20250901_t1738042_e1739284_b71751_c20250901190355960000_oeac_ops.h5,GDNBO_npp_d20250901_t1738042_e1739284_b71751_c20250901190129631000_oeac_ops.h5,SVI04_npp_d20250901_t1738042_e1739284_b71751_c20250901190404867000_oeac_ops.dspace_rad,,eez_v11.shp,WPP_BFAR_merge.shp,vbd_mpa_r20170830.shp,VNF-VBD_npp_20120301-20151231_global_asia-enhanced_c201607211230.bitmask,vbd_landsea_r20220824.mask,timezone.shp,VBD_platforms-recurring_2015_r20170330.shp,999999,VBD_bridges_c20160811.shp,7.745079;5.778173;3.504097;-1.370237;0.762823;2.857830,104.519302;118.301865;131.878693;130.750580;117.181618;103.492500,npp_d20250901_t1733480_e1735122_b71751;npp_d20250901_t1735134_e1736376_b71751;npp_d20250901_t1736388_e1738030_b71751;npp_d20250901_t1738042_e1739284_b71751,162.471,31.4313,69.8909,97.4888,89.846,-118.992
30,VBD_npp_d20250901_t1738330_x1043608E_y060070N_l0269_s0027_v23,2025-09-01 19:53:20,6.006988,104.360847,20.7054,2025-09-01 17:38:33,2025-09-02 01:38:33,269,27,0.157513,1,2529,0.636779,0.17875,0.79081,0.4,0.911087,0.75,0.000408261,0.0001,1.30637e-31,999999,2.679696e-01,3,Malaysian Exclusive Economic Zone,,,SVDNB_npp_d20250901_t1738042_e1739284_b71751_c20250901190355960000_oeac_ops.h5,GDNBO_npp_d20250901_t1738042_e1739284_b71751_c20250901190129631000_oeac_ops.h5,SVI04_npp_d20250901_t1738042_e1739284_b71751_c20250901190404867000_oeac_ops.dspace_rad,,eez_v11.shp,WPP_BFAR_merge.shp,vbd_mpa_r20170830.shp,VNF-VBD_npp_20120301-20151231_global_asia-enhanced_c201607211230.bitmask,vbd_landsea_r20220824.mask,timezone.shp,VBD_platforms-recurring_2015_r20170330.shp,999999,VBD_bridges_c20160811.shp,7.745079;5.778173;3.504097;-1.370237;0.762823;2.857830,104.519302;118.301865;131.878693;130.750580;117.181618;103.492500,npp_d20250901_t1733480_e1735122_b71751;npp_d20250901_t1735134_e1736376_b71751;npp_d20250901_t1736388_e1738030_b71751;npp_d20250901_t1738042_e1739284_b71751,163.355,32.8627,69.8146,97.4477,89.2842,-118.984
54,VBD_npp_d20250901_t1738116_x1047668E_y072801N_l0067_s0048_v23,2025-09-01 19:53:20,7.280072,104.766830,10.7177,2025-09-01 17:38:11,2025-09-02 00:38:11,67,48,0.221674,1,2529,0.423381,0.17875,0.806748,0.4,0.896612,0.75,0.000300291,0.0001,1.85958e-33,999999,5.431739e-02,3,Vietnamese Exclusive Economic Zone,,,SVDNB_npp_d20250901_t1738042_e1739284_b71751_c20250901190355960000_oeac_ops.h5,GDNBO_npp_d20250901_t1738042_e1739284_b71751_c20250901190129631000_oeac_ops.h5,SVI04_npp_d20250901_t1738042_e1739284_b71751_c20250901190404867000_oeac_ops.dspace_rad,,eez_v11.shp,WPP_BFAR_merge.shp,vbd_mpa_r20170830.shp,VNF-VBD_npp_20120301-20151231_global_asia-enhanced_c201607211230.bitmask,vbd_landsea_r20220824.mask,timezone.shp,VBD_platforms-recurring_2015_r20170330.shp,999999,VBD_bridges_c20160811.shp,7.745079;5.778173;3.504097;-1.370237;0.762823;2.857830,104.519302;118.301865;131.878693;130.750580;117.181618;103.492500,npp_d20250901_t1733480_e1735122_b71751;npp_d20250901_t1735134_e1736376_b71751;npp_d20250901_t1736388_e1738030_b71751;npp_d20250901_t1738042_e1739284_b71751,162.11,31.5728,69.488,97.471,90.1793,-118.967
64,VBD_npp_d20250901_t1738081_x1049690E_y074356N_l0039_s0072_v23,2025-09-01 19:53:20,7.435584,104.969009,10.0871,2025-09-01 17:38:08,2025-09-02 00:38:08,39,72,0.214845,1,2529,0.504889,0.17875,0.824927,0.4,0.933891,0.75,0.000267275,0.0001,9.10364e-33,999999,4.839633e-02,3,Vietnamese Exclusive Economic Zone,,,SVDNB_npp_d20250901_t1738042_e1739284_b71751_c20250901190355960000_oeac_ops.h5,GDNBO_npp_d20250901_t1738042_e1739284_b71751_c20250901190129631000_oeac_ops.h5,SVI04_npp_d20250901_t1738042_e1739284_b71751_c20250901190404867000_oeac_ops.dspace_rad,,eez_v11.shp,WPP_BFAR_merge.shp,vbd_mpa_r20170830.shp,VNF-VBD_npp_20120301-20151231_global_asia-enhanced_c201607211230.bitmask,vbd_landsea_r20220824.mask,timezone.shp,VBD_platforms-recurring_2015_r20170330.shp,999999,VBD_bridges_c20160811.shp,7.745079;5.778173;3.504097;-1.370237;0.762823;2.857830,104.519302;118.301865;131.878693;130.750580;117.181618;103.492500,npp_d20250901_t1733480_e1735122_b71751;npp_d20250901_t1735134_e1736376_b71751;npp_d20250901_t1736388_e1738030_b71751;npp_d20250901_t1738042_e1739284_b71751,161.88,31.8316,69.1163,97.3314,90.4176,-118.944
67,VBD_npp_d20250901_t1738401_x1047800E_y055521N_l0330_s0100_v23,2025-09-01 19:53:20,5.552052,104.779976,67.1327,2025-09-01 17:38:40,2025-09-02 01:38:40,330,100,0.0825414,4,100837,0.647527,0.1375,0.757885,0.4,0.831672,0.75,0.000385633,0.0001,3.49404e-29,999999,-6.089516e-02,3,Malaysian Exclusive Economic Zone,,,SVDNB_npp_d20250901_t1738042_e1739284_b71751_c20250901190355960000_oeac_ops.h5,GDNBO_npp_d20250901_t1738042_e1739284_b71751_c20250901190129631000_oeac_ops.h5,SVI04_npp_d20250901_t1738042_e1739284_b71751_c20250901190404867000_oeac_ops.dspace_rad,,eez_v11.shp,WPP_BFAR_merge.shp,vbd_mpa_r20170830.shp,VNF-VBD_npp_20120301-20151231_global_asia-enhanced_c201607211230.bitmask,vbd_landsea_r20220824.mask,timezone.shp,VBD_platforms-recurring_2015_r20170330.shp,999999,VBD_bridges_c20160811.shp,7.745079;5.778173;3.504097;-1.370237;0.762823;2.857830,104.519302;118.301865;131.878693;130.750580;117.181618;103.492500,npp_d20250901_t1733480_e1735122_b71751;npp_d20250901_t1735134_e1736376_b71751;npp_d20250901_t1736388_e1738030_b71751;npp_d20250901_t1738042_e1739284_b71751,163.483,35.005,68.6745,97.6747,89.4538,-118.923
73,VBD_npp_d20250901_t1738383_x1049759E_y056444N_l0312_s0125_v23,2025-09-01 19:53:20,5.644361,104.975891,76.5208,2025-09-01 17:38:38,2025-09-02 01:38:38,312,125,0.0710182,4,100837,0.7694,0.1375,0.766688,0.4,0.87935,0.75,0.000355084,0.0001,9.51143e-29,999999,-5.667412e-02,3,Malaysian Exclusive Economic Zone,,,SVDNB_npp_d20250901_t1738042_e1739284_b71751_c20250901190355960000_oeac_ops.h5,GDNBO_npp_d20250901_t1738042_e1739284_b71751_c20250901190129631000_oeac_ops.h5,SVI04_npp_d20250901_t1738042_e1739284_b71751_c20250901190404867000_oeac_ops.dspace_rad,,eez_v11.shp,WPP_BFAR_merge.shp,vbd_mpa_r20170830.shp,VNF-VBD_npp_20120301-20151231_global_asia-enhanced_c201607211230.bitmask,vbd_landsea_r20220824.mask,timezone.shp,VBD_platforms-recurring_2015_r20170330.shp,999999,VBD_bridges_c20160811.shp,7.745079;5.778173;3.504097;-1.370237;0.762823;2.857830,104.519302;118.301865;131.878693;130.750580;117.181618;103.492500,npp_d20250901_t1733480_e1735122_b71751;npp_d20250901_t1735134_e1736376_b71751;npp_d20250901_t1736388_e1738030_b71751;npp_d20250901_t1738042_e1739284_b71751,163.3,35.3591,68.2693,97.7281,89.6628,-118.904
78,VBD_npp_d20250901_t1738401_x1049887E_y055308N_l0329_s0130_v23,2025-09-01 19:53:20,5.530759,104.988701,55.1296,2025-09-01 17:38:40,2025-09-02 01:38:40,329,130,0.102529,4,100837,0.952007,0.1375,0.794485,0.4,0.950808,0.75,0.000361651,0.0001,1.98024e-28,999999,7.055115e-02,3,Malaysian Exclusive Economic Zone,,,SVDNB_npp_d20250901_t1738042_e1739284_b71751_c20250901190355960000_oeac_ops.h5,GDNBO_npp_d20250901_t1738042_e1739284_b71751_c20250901190129631000_oeac_ops.h5,SVI04_npp_d20250901_t1738042_e1739284_b71751_c20250901190404867000_oeac_ops.dspace_rad,,eez_v11.shp,WPP_BFAR_merge.shp,vbd_mpa_r20170830.shp,VNF-VBD_npp_20120301-20151231_global_asia-enhanced_c201607211230.bitmask,vbd_landsea_r20220824.mask,timezone.shp,VBD_platforms-recurring_2015_r20170330.shp,999999,VBD_bridges_c20160811.shp,7.745079;5.778173;3.504097;-1.370237;0.762823;2.857830,104.519302;118.301865;131.878693;130.750580;117.181618;103.492500,npp_d20250901_t1733480_e1735122_b71751;npp_d20250901_t1735134_e1736376_b71751;npp_d20250901_t1736388_e1738030_b71751;npp_d20250901_t1738042_e1739284_b71751,163.38,35.6362,68.1861,97.7248,89.6253,-118.9
25,VBD_npp_d20250901_t1917233_x0968727E_y130489N_l0638_s2353_v23,2025-09-01 21:28:11,13.048896,96.872704,51.7504,2025-09-01 19:17:23,2025-09-02 02:17:23,638,2353,0.392886,4,100709,1.09995,0.055,0.897759,0.4,0.974456,0.75,7.23348e-12,0.0001,3.51837e-38,999999,1.417091e-01,3,Myanmar Exclusive Economic Zone,,,SVDNB_npp_d20250901_t1916136_e1917378_b71752_c20250901204553968000_oeac_ops.h5,GDNBO_npp_d20250901_t1916136_e1917378_b71752_c20250901204326248000_oeac_ops.h5,SVI04_npp_d20250901_t1916136_e1917378_b71752_c20250901204601844000_oeac_ops.dspace_rad,,eez_v11.shp,WPP_BFAR_merge.shp,vbd_mpa_r20170830.shp,VNF-VBD_npp_20120301-20151231_global_asia-enhanced_c201607211230.bitmask,vbd_landsea_r20220824.mask,timezone.shp,VBD_platforms-recurring_2015_r20170330.shp,999999,VBD_bridges_c20160811.shp,19.263617;17.565863;14.866443;10.044974;12.555928;14.352664,81.220650;95.655334;109.662376;108.232834;94.481987;80.388245,npp_d20250901_t1916136_e1917378_b71752;npp_d20250901_t1917390_e1919032_b71752;npp_d20250901_t1919044_e1920286_b71752;npp_d20250901_t1920298_e1921540_b71752,146.505,52.5547,18.1864,-79.3267,106.772,-116.435
26,VBD_npp_d20250901_t1917357_x0977616E_y121398N_l0750_s2509_v23,2025-09-01 21:28:11,12.139847,97.761597,2.60561,2025-09-01 19:17:35,2025-09-02 01:47:35,750,2509,0.194644,10,2305,0.057526,0.055,0.142354,0.4,0.272716,0.75,3.11842e-12,0.0001,1.02042e-54,999999,2.944813e-01,3,Myanmar Exclusive Economic Zone,,,SVDNB_npp_d20250901_t1916136_e1917378_b71752_c20250901204553968000_oeac_ops.h5,GDNBO_npp_d20250901_t1916136_e1917378_b71752_c20250901204326248000_oeac_ops.h5,SVI04_npp_d20250901_t1916136_e1917378_b71752_c20250901204601844000_oeac_ops.dspace_rad,,eez_v11.shp,WPP_BFAR_merge.shp,vbd_mpa_r20170830.shp,VNF-VBD_npp_20120301-20151231_global_asia-enhanced_c201607211230.bitmask,vbd_landsea_r20220824.mask,timezone.shp,VBD_platforms-recurring_2015_r20170330.shp,999999,VBD_bridges_c20160811.shp,19.263617;17.565863;14.866443;10.044974;12.555928;14.352664,81.220650;95.655334;109.662376;108.232834;94.481987;80.388245,npp_d20250901_t1916136_e1917378_b71752;npp_d20250901_t1917390_e1919032_b71752;npp_d20250901_t1919044_e1920286_b71752;npp_d20250901_t1920298_e1921540_b71752,146.305,54.6817,26.2567,-79.5322,107.184,-116.583
27,VBD_npp_d20250901_t1917286_x0978884E_y125801N_l0682_s2512_v23,2025-09-01 21:28:11,12.580054,97.888420,18.6398,2025-09-01 19:17:28,2025-09-02 01:47:28,682,2512,0.327161,1,2401,0.516653,0.055,0.70958,0.4,0.797719,0.75,3.07122e-12,0.0001,5.77502e-56,999999,3.789379e-01,3,Myanmar Exclusive Economic Zone,,,SVDNB_npp_d20250901_t1916136_e1917378_b71752_c20250901204553968000_oeac_ops.h5,GDNBO_npp_d20250901_t1916136_e1917378_b71752_c20250901204326248000_oeac_ops.h5,SVI04_npp_d20250901_t1916136_e1917378_b71752_c20250901204601844000_oeac_ops.dspace_rad,,eez_v11.shp,WPP_BFAR_merge.shp,vbd_mpa_r20170830.shp,VNF-VBD_npp_20120301-20151231_global_asia-enhanced_c201607211230.bitmask,vbd_landsea_r20220824.mask,timezone.shp,VBD_platforms-recurring_2015_r20170330.shp,999999,VBD_bridges_c20160811.shp,19.263617;17.565863;14.866443;10.044974;12.555928;14.352664,81.220650;95.655334;109.662376;108.232834;94.481987;80.388245,npp_d20250901_t1916136_e1917378_b71752;npp_d20250901_t1917390_e1919032_b71752;npp_d20250901_t1919044_e1920286_b71752;npp_d20250901_t1920298_e1921540_b71752,145.972,54.2508,26.399,-79.976,107.466,-116.459
28,VBD_npp_d20250901_t1917375_x0977769E_y120702N_l0760_s2514_v23,2025-09-01 21:28:11,12.070238,97.776924,2.15149,2025-09-01 19:17:37,2025-09-02 01:47:37,760,2514,0.184899,10,2305,0.0749802,0.055,0.207526,0.4,0.306608,0.75,3.03975e-12,0.0001,1.72048e-55,999999,-6.022618e-02,3,Myanmar Exclusive Economic Zone,,,SVDNB_npp_d20250901_t1916136_e1917378_b71752_c20250901204553968000_oeac_ops.h5,GDNBO_npp_d20250901_t1916136_e1917378_b71752_c20250901204326248000_oeac_ops.h5,SVI04_npp_d20250901_t1916136_e1917378_b71752_c20250901204601844000_oeac_ops.dspace_rad,,eez_v11.shp,WPP_BFAR_merge.shp,vbd_mpa_r20170830.shp,VNF-VBD_npp_20120301-20151231_global_asia-enhanced_c201607211230.bitmask,vbd_landsea_r20220824.mask,timezone.shp,VBD_platforms-recurring_2015_r20170330.shp,999999,VBD_bridges_c20160811.shp,19.263617;17.565863;14.866443;10.044974;12.555928;14.352664,81.220650;95.655334;109.662376;108.232834;94.481987;80.388245,npp_d20250901_t1916136_e1917378_b71752;npp_d20250901_t1917390_e1919032_b71752;npp_d20250901_t1919044_e1920286_b71752;npp_d20250901_t1920298_e1921540_b71752,146.327,54.791,26.4981,-80.2588,107.173,-116.6
29,VBD_npp_d20250901_t1917375_x0978217E_y120417N_l0763_s2521_v23,2025-09-01 21:28:11,12.041709,97.821686,2.45614,2025-09-01 19:17:37,2025-09-02 01:47:37,763,2521,0.124366,2,2337,0.0849772,0.055,0.418541,0.4,0.474086,0.75,2.9296e-12,0.0001,2.33145e-56,999999,3.315036e-01,3,Myanmar Exclusive Economic Zone,,,SVDNB_npp_d20250901_t1916136_e1917378_b71752_c20250901204553968000_oeac_ops.h5,GDNBO_npp_d20250901_t1916136_e1917378_b71752_c20250901204326248000_oeac_ops.h5,SVI04_npp_d20250901_t1916136_e1917378_b71752_c20250901204601844000_oeac_ops.dspace_rad,,eez_v11.shp,WPP_BFAR_merge.shp,vbd_mpa_r20170830.shp,VNF-VBD_npp_20120301-20151231_global_asia-enhanced_c201607211230.bitmask,vbd_landsea_r20220824.mask,timezone.shp,VBD_platforms-recurring_2015_r20170330.shp,999999,VBD_bridges_c20160811.shp,19.263617;17.565863;14.866443;10.044974;12.555928;14.352664,81.220650;95.655334;109.662376;108.232834;94.481987;80.388245,npp_d20250901_t1916136_e1917378_b71752;npp_d20250901_t1917390_e1919032_b71752;npp_d20250901_t1919044_e1920286_b71752;npp_d20250901_t1920298_e1921540_b71752,146.308,54.8732,26.8454,-79.8935,107.199,-116.604
30,VBD_npp_d20250901_t1917375_x0978530E_y120573N_l0760_s2525_v23,2025-09-01 21:28:11,12.057311,97.852989,4.87923,2025-09-01 19:17:37,2025-09-02 01:47:37,760,2525,0.214845,2,2337,0.227642,0.055,0.520061,0.4,0.673724,0.75,2.86666e-12,0.0001,4.49919e-57,999999,1.941474e-01,3,Myanmar Exclusive Economic Zone,,,SVDNB_npp_d20250901_t1916136_e1917378_b71752_c20250901204553968000_oeac_ops.h5,GDNBO_npp_d20250901_t1916136_e1917378_b71752_c20250901204326248000_oeac_ops.h5,SVI04_npp_d20250901_t1916136_e1917378_b71752_c20250901204601844000_oeac_ops.dspace_rad,,eez_v11.shp,WPP_BFAR_merge.shp,vbd_mpa_r20170830.shp,VNF-VBD_npp_20120301-20151231_global_asia-enhanced_c201607211230.bitmask,vbd_landsea_r20220824.mask,timezone.shp,VBD_platforms-recurring_2015_r20170330.shp,999999,VBD_bridges_c20160811.shp,19.263617;17.565863;14.866443;10.044974;12.555928;14.352664,81.220650;95.655334;109.662376;108.232834;94.481987;80.388245,npp_d20250901_t1916136_e1917378_b71752;npp_d20250901_t1917390_e1919032_b71752;npp_d20250901_t1919044_e1920286_b71752;npp_d20250901_t1920298_e1921540_b71752,146.274,54.887,27.0435,-80.2441,107.233,-116.597
31,VBD_npp_d20250901_t1917340_x0998279E_y118964N_l0733_s2811_v23,2025-09-01 21:28:11,11.896401,99.827950,2.91594,2025-09-01 19:17:34,2025-09-02 02:17:34,733,2811,0.174158,2,2337,0.0643265,0.055,0.676525,0.4,0.304114,0.75,5.58081e-13,0.0001,2.42967e-123,999999,3.049422e-01,3,Thailand Exclusive Economic Zone,,,SVDNB_npp_d20250901_t1916136_e1917378_b71752_c20250901204553968000_oeac_ops.h5,GDNBO_npp_d20250901_t1916136_e1917378_b71752_c20250901204326248000_oeac_ops.h5,SVI04_npp_d20250901_t1916136_e1917378_b71752_c20250901204601844000_oeac_ops.dspace_rad,,eez_v11.shp,WPP_BFAR_merge.shp,vbd_mpa_r20170830.shp,VNF-VBD_npp_20120301-20151231_global_asia-enhanced_c201607211230.bitmask,vbd_landsea_r20220824.mask,timezone.shp,VBD_platforms-recurring_2015_r20170330.shp,999999,VBD_bridges_c20160811.shp,19.263617;17.565863;14.866443;10.044974;12.555928;14.352664,81.220650;95.655334;109.662376;108.232834;94.481987;80.388245,npp_d20250901_t1916136_e1917378_b71752;npp_d20250901_t1917390_e1919032_b71752;npp_d20250901_t1919044_e1920286_b71752;npp_d20250901_t1920298_e1921540_b71752,144.774,57.051,39.4521,-79.4669,108.869,-116.5
32,VBD_npp_d20250901_t1917375_x0998386E_y116638N_l0767_s2821_v23,2025-09-01 21:28:11,11.663775,99.838562,4.98116,2025-09-01 19:17:37,2025-09-02 02:17:37,767,2821,0.105446,2,2337,0.191168,0.055,0.70084,0.4,0.615177,0.75,5.29935e-13,0.0001,1.32618e-125,999999,1.211166e-02,3,Thailand Exclusive Economic Zone,,,SVDNB_npp_d20250901_t1916136_e1917378_b71752_c20250901204553968000_oeac_ops.h5,GDNBO_npp_d20250901_t1916136_e1917378_b71752_c20250901204326248000_oeac_ops.h5,SVI04_npp_d20250901_t1916136_e1917378_b71752_c20250901204601844000_oeac_ops.dspace_rad,,eez_v11.shp,WPP_BFAR_merge.shp,vbd_mpa_r20170830.shp,VNF-VBD_npp_20120301-20151231_global_asia-enhanced_c201607211230.bitmask,vbd_landsea_r20220824.mask,timezone.shp,VBD_platforms-recurring_2015_r20170330.shp,999999,VBD_bridges_c20160811.shp,19.263617;17.565863;14.866443;10.044974;12.555928;14.352664,81.220650;95.655334;109.662376;108.232834;94.481987;80.388245,npp_d20250901_t1916136_e1917378_b71752;npp_d20250901_t1917390_e1919032_b71752;npp_d20250901_t1919044_e1920286_b71752;npp_d20250901_t1920298_e1921540_b71752,144.879,57.3528,39.8262,-79.3386,108.788,-116.566
33,VBD_npp_d20250901_t1917215_x1000946E_y126633N_l0613_s2822_v23,2025-09-01 21:28:11,12.663326,100.094574,3.37789,2025-09-01 19:17:21,2025-09-02 02:17:21,613,2822,0.202682,8,18689,0.136165,0.055,0.391852,0.4,0.520252,0.75,4.63455e-13,0.0001,7.49536e-132,999999,1.366954e-01,3,Thailand Exclusive Economic Zone,,,SVDNB_npp_d20250901_t1916136_e1917378_b71752_c20250901204553968000_oeac_ops.h5,GDNBO_npp_d20250901_t1916136_e1917378_b71752_c20250901204326248000_oeac_ops.h5,SVI04_npp_d20250901_t1916136_e1917378_b71752_c20250901204601844000_oeac_ops.dspace_rad,,eez_v11.shp,WPP_BFAR_merge.shp,vbd_mpa_r20170830.shp,VNF-VBD_npp_20120301-20151231_global_asia-enhanced_c201607211230.bitmask,vbd_landsea_r20220824.mask,timezone.shp,VBD_platforms-recurring_2015_r20170330.shp,0.395739,VBD_bridges_c20160811.shp,19.263617;17.565863;14.866443;10.044974;12.555928;14.352664,81.220650;95.655334;109.662376;108.232834;94.481987;80.388245,npp_d20250901_t1916136_e1917378_b71752;npp_d20250901_t1917390_e1919032_b71752;npp_d20250901_t1919044_e1920286_b71752;npp_d20250901_t1920298_e1921540_b71752,144.178,56.36,39.8638,-79.9439,109.397,-116.258
34,VBD_npp_d20250901_t1917375_x0998464E_y116693N_l0766_s2822_v23,2025-09-01 21:28:11,11.669276,99.846405,2.9479,2025-09-01 19:17:37,2025-09-02 02:17:37,766,2822,0.0864536,2,2337,0.0608692,0.055,0.632076,0.4,0.400971,0.75,5.2712e-13,0.0001,4.79466e-126,999999,1.729731e-02,3,Thailand Exclusive Economic Zone,,,SVDNB_npp_d20250901_t1916136_e1917378_b71752_c20250901204553968000_oeac_ops.h5,GDNBO_npp_d20250901_t1916136_e1917378_b71752_c20250901204326248000_oeac_ops.h5,SVI04_npp_d20250901_t1916136_e1917378_b71752_c20250901204601844000_oeac_ops.dspace_rad,,eez_v11.shp,WPP_BFAR_merge.shp,vbd_mpa_r20170830.shp,VNF-VBD_npp_20120301-20151231_global_asia-enhanced_c201607211230.bitmask,vbd_landsea_r20220824.mask,timezone.shp,VBD_platforms-recurring_2015_r20170330.shp,999999,VBD_bridges_c20160811.shp,19.263617;17.565863;14.866443;10.044974;12.555928;14.352664,81.220650;95.655334;109.662376;108.232834;94.481987;80.388245,npp_d20250901_t1916136_e1917378_b71752;npp_d20250901_t1917390_e1919032_b71752;npp_d20250901_t1919044_e1920286_b71752;npp_d20250901_t1920298_e1921540_b71752,144.87,57.3537,39.8636,-79.4103,108.797,-116.564
35,VBD_npp_d20250901_t1917251_x1000499E_y124614N_l0644_s2823_v23,2025-09-01 21:28:11,12.461387,100.049911,3.03692,2025-09-01 19:17:25,2025-09-02 02:17:25,644,2823,0.178284,10,2305,0.0628101,0.055,0.197926,0.4,0.419804,0.75,4.93698e-13,0.0001,3.34066e-131,999999,-3.307685e-01,3,Thailand Exclusive Economic Zone,,,SVDNB_npp_d20250901_t1916136_e1917378_b71752_c20250901204553968000_oeac_ops.h5,GDNBO_npp_d20250901_t1916136_e1917378_b71752_c20250901204326248000_oeac_ops.h5,SVI04_npp_d20250901_t1916136_e1917378_b71752_c20250901204601844000_oeac_ops.dspace_rad,,eez_v11.shp,WPP_BFAR_merge.shp,vbd_mpa_r20170830.shp,VNF-VBD_npp_20120301-20151231_global_asia-enhanced_c201607211230.bitmask,vbd_landsea_r20220824.mask,timezone.shp,VBD_platforms-recurring_2015_r20170330.shp,999999,VBD_bridges_c20160811.shp,19.263617;17.565863;14.866443;10.044974;12.555928;14.352664,81.220650;95.655334;109.662376;108.232834;94.481987;80.388245,npp_d20250901_t1916136_e1917378_b71752;npp_d20250901_t1917390_e1919032_b71752;npp_d20250901_t1919044_e1920286_b71752;npp_d20250901_t1920298_e1921540_b71752,144.314,56.565,39.9037,-80.0425,109.282,-116.32
36,VBD_npp_d20250901_t1917375_x0998675E_y116724N_l0765_s2825_v23,2025-09-01 21:28:11,11.672400,99.867523,3.76869,2025-09-01 19:17:37,2025-09-02 02:17:37,765,2825,0.0454822,2,2337,0.143683,0.055,0.664796,0.4,0.526626,0.75,5.18677e-13,0.0001,3.25989e-127,999999,1.274285e-01,3,Thailand Exclusive Economic Zone,,,SVDNB_npp_d20250901_t1916136_e1917378_b71752_c20250901204553968000_oeac_ops.h5,GDNBO_npp_d20250901_t1916136_e1917378_b71752_c20250901204326248000_oeac_ops.h5,SVI04_npp_d20250901_t1916136_e1917378_b71752_c20250901204601844000_oeac_ops.dspace_rad,,eez_v11.shp,WPP_BFAR_merge.shp,vbd_mpa_r20170830.shp,VNF-VBD_npp_20120301-20151231_global_asia-enhanced_c201607211230.bitmask,vbd_landsea_r20220824.mask,timezone.shp,VBD_platforms-recurring_2015_r20170330.shp,999999,VBD_bridges_c20160811.shp,19.263617;17.565863;14.866443;10.044974;12.555928;14.352664,81.220650;95.655334;109.662376;108.232834;94.481987;80.388245,npp_d20250901_t1916136_e1917378_b71752;npp_d20250901_t1917390_e1919032_b71752;npp_d20250901_t1919044_e1920286_b71752;npp_d20250901_t1920298_e1921540_b71752,144.851,57.3701,39.9763,-79.4798,108.817,-116.561
37,VBD_npp_d20250901_t1917233_x1000823E_y124876N_l0639_s2826_v23,2025-09-01 21:28:11,12.487618,100.082298,3.15889,2025-09-01 19:17:23,2025-09-02 02:17:23,639,2826,0.15289,10,2305,0.100024,0.055,0.251302,0.4,0.456084,0.75,4.80555e-13,0.0001,6.62814e-132,999999,-8.482722e-02,3,Thailand Exclusive Economic Zone,,,SVDNB_npp_d20250901_t1916136_e1917378_b71752_c20250901204553968000_oeac_ops.h5,GDNBO_npp_d20250901_t1916136_e1917378_b71752_c20250901204326248000_oeac_ops.h5,SVI04_npp_d20250901_t1916136_e1917378_b71752_c20250901204601844000_oeac_ops.dspace_rad,,eez_v11.shp,WPP_BFAR_merge.shp,vbd_mpa_r20170830.shp,VNF-VBD_npp_20120301-20151231_global_asia-enhanced_c201607211230.bitmask,vbd_landsea_r20220824.mask,timezone.shp,VBD_platforms-recurring_2015_r20170330.shp,999999,VBD_bridges_c20160811.shp,19.263617;17.565863;14.866443;10.044974;12.555928;14.352664,81.220650;95.655334;109.662376;108.232834;94.481987;80.388245,npp_d20250901_t1916136_e1917378_b71752;npp_d20250901_t1917390_e1919032_b71752;npp_d20250901_t1919044_e1920286_b71752;npp_d20250901_t1920298_e1921540_b71752,144.279,56.5586,40.0152,-79.2255,109.315,-116.311
38,VBD_npp_d20250901_t1917340_x0999441E_y118963N_l0730_s2828_v23,2025-09-01 21:28:11,11.896325,99.944092,5.73026,2025-09-01 19:17:34,2025-09-02 02:17:34,730,2828,0.128492,8,18721,0.273801,0.055,0.758905,0.4,0.725283,0.75,5.10233e-13,0.0001,1.02549e-129,999999,-4.094735e-02,3,Thailand Exclusive Economic Zone,,,SVDNB_npp_d20250901_t1916136_e1917378_b71752_c20250901204553968000_oeac_ops.h5,GDNBO_npp_d20250901_t1916136_e1917378_b71752_c20250901204326248000_oeac_ops.h5,SVI04_npp_d20250901_t1916136_e1917378_b71752_c20250901204601844000_oeac_ops.dspace_rad,,eez_v11.shp,WPP_BFAR_merge.shp,vbd_mpa_r20170830.shp,VNF-VBD_npp_20120301-20151231_global_asia-enhanced_c201607211230.bitmask,vbd_landsea_r20220824.mask,timezone.shp,VBD_platforms-recurring_2015_r20170330.shp,0.581359,VBD_bridges_c20160811.shp,19.263617;17.565863;14.866443;10.044974;12.555928;14.352664,81.220650;95.655334;109.662376;108.232834;94.481987;80.388245,npp_d20250901_t1916136_e1917378_b71752;npp_d20250901_t1917390_e1919032_b71752;npp_d20250901_t1919044_e1920286_b71752;npp_d20250901_t1920298_e1921540_b71752,144.679,57.1623,40.0917,-79.6662,108.971,-116.492
39,VBD_npp_d20250901_t1917357_x0999170E_y117860N_l0747_s2828_v23,2025-09-01 21:28:11,11.786050,99.916985,9.62751,2025-09-01 19:17:35,2025-09-02 02:17:35,747,2828,0.129701,1,2401,0.373698,0.055,0.774022,0.4,0.751094,0.75,5.10233e-13,0.0001,4.3436e-129,999999,-1.998613e-01,3,Thailand Exclusive Economic Zone,,,SVDNB_npp_d20250901_t1916136_e1917378_b71752_c20250901204553968000_oeac_ops.h5,GDNBO_npp_d20250901_t1916136_e1917378_b71752_c20250901204326248000_oeac_ops.h5,SVI04_npp_d20250901_t1916136_e1917378_b71752_c20250901204601844000_oeac_ops.dspace_rad,,eez_v11.shp,WPP_BFAR_merge.shp,vbd_mpa_r20170830.shp,VNF-VBD_npp_20120301-20151231_global_asia-enhanced_c201607211230.bitmask,vbd_landsea_r20220824.mask,timezone.shp,VBD_platforms-recurring_2015_r20170330.shp,999999,VBD_bridges_c20160811.shp,19.263617;17.565863;14.866443;10.044974;12.555928;14.352664,81.220650;95.655334;109.662376;108.232834;94.481987;80.388245,npp_d20250901_t1916136_e1917378_b71752;npp_d20250901_t1917390_e1919032_b71752;npp_d20250901_t1919044_e1920286_b71752;npp_d20250901_t1920298_e1921540_b71752,144.755,57.2745,40.0936,-79.6099,108.904,-116.526
40,VBD_npp_d20250901_t1917375_x0998863E_y116621N_l0766_s2828_v23,2025-09-01 21:28:11,11.662100,99.886261,2.55672,2025-09-01 19:17:37,2025-09-02 02:17:37,766,2828,0.0306158,2,2337,0.0650654,0.055,0.609841,0.4,0.444074,0.75,5.10233e-13,0.0001,3.17657e-128,999999,7.351663e-02,3,Thailand Exclusive Economic Zone,,,SVDNB_npp_d20250901_t1916136_e1917378_b71752_c20250901204553968000_oeac_ops.h5,GDNBO_npp_d20250901_t1916136_e1917378_b71752_c20250901204326248000_oeac_ops.h5,SVI04_npp_d20250901_t1916136_e1917378_b71752_c20250901204601844000_oeac_ops.dspace_rad,,eez_v11.shp,WPP_BFAR_merge.shp,vbd_mpa_r20170830.shp,VNF-VBD_npp_20120301-20151231_global_asia-enhanced_c201607211230.bitmask,vbd_landsea_r20220824.mask,timezone.shp,VBD_platforms-recurring_2015_r20170330.shp,999999,VBD_bridges_c20160811.shp,19.263617;17.565863;14.866443;10.044974;12.555928;14.352664,81.220650;95.655334;109.662376;108.232834;94.481987;80.388245,npp_d20250901_t1916136_e1917378_b71752;npp_d20250901_t1917390_e1919032_b71752;npp_d20250901_t1919044_e1920286_b71752;npp_d20250901_t1920298_e1921540_b71752,144.841,57.4002,40.0896,-79.4045,108.829,-116.563
41,VBD_npp_d20250901_t1917357_x0999311E_y118252N_l0741_s2829_v23,2025-09-01 21:28:11,11.825153,99.931084,3.58368,2025-09-01 19:17:35,2025-09-02 02:17:35,741,2829,0.167685,8,18721,0.109113,0.055,0.856731,0.4,0.524628,0.75,5.07418e-13,0.0001,5.351e-130,999999,-5.819538e-02,3,Thailand Exclusive Economic Zone,,,SVDNB_npp_d20250901_t1916136_e1917378_b71752_c20250901204553968000_oeac_ops.h5,GDNBO_npp_d20250901_t1916136_e1917378_b71752_c20250901204326248000_oeac_ops.h5,SVI04_npp_d20250901_t1916136_e1917378_b71752_c20250901204601844000_oeac_ops.dspace_rad,,eez_v11.shp,WPP_BFAR_merge.shp,vbd_mpa_r20170830.shp,VNF-VBD_npp_20120301-20151231_global_asia-enhanced_c201607211230.bitmask,vbd_landsea_r20220824.mask,timezone.shp,VBD_platforms-recurring_2015_r20170330.shp,0.698539,VBD_bridges_c20160811.shp,19.263617;17.565863;14.866443;10.044974;12.555928;14.352664,81.220650;95.655334;109.662376;108.232834;94.481987;80.388245,npp_d20250901_t1916136_e1917378_b71752;npp_d20250901_t1917390_e1919032_b71752;npp_d20250901_t1919044_e1920286_b71752;npp_d20250901_t1920298_e1921540_b71752,144.722,57.2414,40.1317,-80.0419,108.934,-116.513
42,VBD_npp_d20250901_t1917357_x0999286E_y118117N_l0743_s2829_v23,2025-09-01 21:28:11,11.811721,99.928604,6.9178,2025-09-01 19:17:35,2025-09-02 02:17:35,743,2829,0.162777,2,2337,0.296385,0.055,0.837752,0.4,0.748698,0.75,5.07418e-13,0.0001,8.1122e-130,999999,-6.868834e-02,3,Thailand Exclusive Economic Zone,,,SVDNB_npp_d20250901_t1916136_e1917378_b71752_c20250901204553968000_oeac_ops.h5,GDNBO_npp_d20250901_t1916136_e1917378_b71752_c20250901204326248000_oeac_ops.h5,SVI04_npp_d20250901_t1916136_e1917378_b71752_c20250901204601844000_oeac_ops.dspace_rad,,eez_v11.shp,WPP_BFAR_merge.shp,vbd_mpa_r20170830.shp,VNF-VBD_npp_20120301-20151231_global_asia-enhanced_c201607211230.bitmask,vbd_landsea_r20220824.mask,timezone.shp,VBD_platforms-recurring_2015_r20170330.shp,999999,VBD_bridges_c20160811.shp,19.263617;17.565863;14.866443;10.044974;12.555928;14.352664,81.220650;95.655334;109.662376;108.232834;94.481987;80.388245,npp_d20250901_t1916136_e1917378_b71752;npp_d20250901_t1917390_e1919032_b71752;npp_d20250901_t1919044_e1920286_b71752;npp_d20250901_t1920298_e1921540_b71752,144.731,57.2551,40.1313,-79.8975,108.926,-116.518
43,VBD_npp_d20250901_t1917357_x0999402E_y118374N_l0739_s2830_v23,2025-09-01 21:28:11,11.837414,99.940247,15.1543,2025-09-01 19:17:35,2025-09-02 02:17:35,739,2830,0.233837,1,2401,0.581787,0.055,0.856731,0.4,0.859513,0.75,5.04603e-13,0.0001,1.47854e-130,999999,6.217276e-02,3,Thailand Exclusive Economic Zone,,,SVDNB_npp_d20250901_t1916136_e1917378_b71752_c20250901204553968000_oeac_ops.h5,GDNBO_npp_d20250901_t1916136_e1917378_b71752_c20250901204326248000_oeac_ops.h5,SVI04_npp_d20250901_t1916136_e1917378_b71752_c20250901204601844000_oeac_ops.dspace_rad,,eez_v11.shp,WPP_BFAR_merge.shp,vbd_mpa_r20170830.shp,VNF-VBD_npp_20120301-20151231_global_asia-enhanced_c201607211230.bitmask,vbd_landsea_r20220824.mask,timezone.shp,VBD_platforms-recurring_2015_r20170330.shp,999999,VBD_bridges_c20160811.shp,19.263617;17.565863;14.866443;10.044974;12.555928;14.352664,81.220650;95.655334;109.662376;108.232834;94.481987;80.388245,npp_d20250901_t1916136_e1917378_b71752;npp_d20250901_t1917390_e1919032_b71752;npp_d20250901_t1919044_e1920286_b71752;npp_d20250901_t1920298_e1921540_b71752,144.708,57.2356,40.1699,-80.1846,108.947,-116.509
44,VBD_npp_d20250901_t1917357_x0999420E_y118094N_l0743_s2831_v23,2025-09-01 21:28:11,11.809355,99.941978,5.1955,2025-09-01 19:17:35,2025-09-02 02:17:35,743,2831,0.151183,2,2337,0.130582,0.055,0.856591,0.4,0.491729,0.75,5.01789e-13,0.0001,1.43679e-130,999999,6.936296e-02,3,Thailand Exclusive Economic Zone,,,SVDNB_npp_d20250901_t1916136_e1917378_b71752_c20250901204553968000_oeac_ops.h5,GDNBO_npp_d20250901_t1916136_e1917378_b71752_c20250901204326248000_oeac_ops.h5,SVI04_npp_d20250901_t1916136_e1917378_b71752_c20250901204601844000_oeac_ops.dspace_rad,,eez_v11.shp,WPP_BFAR_merge.shp,vbd_mpa_r20170830.shp,VNF-VBD_npp_20120301-20151231_global_asia-enhanced_c201607211230.bitmask,vbd_landsea_r20220824.mask,timezone.shp,VBD_platforms-recurring_2015_r20170330.shp,999999,VBD_bridges_c20160811.shp,19.263617;17.565863;14.866443;10.044974;12.555928;14.352664,81.220650;95.655334;109.662376;108.232834;94.481987;80.388245,npp_d20250901_t1916136_e1917378_b71752;npp_d20250901_t1917390_e1919032_b71752;npp_d20250901_t1919044_e1920286_b71752;npp_d20250901_t1920298_e1921540_b71752,144.722,57.2706,40.2067,-79.8948,108.936,-116.517
45,VBD_npp_d20250901_t1917357_x0999628E_y118474N_l0737_s2833_v23,2025-09-01 21:28:11,11.847352,99.962830,17.8478,2025-09-01 19:17:35,2025-09-02 02:17:35,737,2833,0.264139,1,2401,0.54571,0.055,0.867912,0.4,0.860535,0.75,4.9616e-13,0.0001,6.99578e-132,999999,-1.116744e-01,3,Thailand Exclusive Economic Zone,,,SVDNB_npp_d20250901_t1916136_e1917378_b71752_c20250901204553968000_oeac_ops.h5,GDNBO_npp_d20250901_t1916136_e1917378_b71752_c20250901204326248000_oeac_ops.h5,SVI04_npp_d20250901_t1916136_e1917378_b71752_c20250901204601844000_oeac_ops.dspace_rad,,eez_v11.shp,WPP_BFAR_merge.shp,vbd_mpa_r20170830.shp,VNF-VBD_npp_20120301-20151231_global_asia-enhanced_c201607211230.bitmask,vbd_landsea_r20220824.mask,timezone.shp,VBD_platforms-recurring_2015_r20170330.shp,999999,VBD_bridges_c20160811.shp,19.263617;17.565863;14.866443;10.044974;12.555928;14.352664,81.220650;95.655334;109.662376;108.232834;94.481987;80.388245,npp_d20250901_t1916136_e1917378_b71752;npp_d20250901_t1917390_e1919032_b71752;npp_d20250901_t1919044_e1920286_b71752;npp_d20250901_t1920298_e1921540_b71752,144.684,57.2453,40.2838,-80.3237,108.971,-116.505
46,VBD_npp_d20250901_t1917357_x0999603E_y118339N_l0739_s2833_v23,2025-09-01 21:28:11,11.833896,99.960335,18.7584,2025-09-01 19:17:35,2025-09-02 02:17:35,739,2833,0.22459,1,2401,0.562367,0.055,0.873993,0.4,0.857518,0.75,4.9616e-13,0.0001,1.07469e-131,999999,4.841344e-02,3,Thailand Exclusive Economic Zone,,,SVDNB_npp_d20250901_t1916136_e1917378_b71752_c20250901204553968000_oeac_ops.h5,GDNBO_npp_d20250901_t1916136_e1917378_b71752_c20250901204326248000_oeac_ops.h5,SVI04_npp_d20250901_t1916136_e1917378_b71752_c20250901204601844000_oeac_ops.dspace_rad,,eez_v11.shp,WPP_BFAR_merge.shp,vbd_mpa_r20170830.shp,VNF-VBD_npp_20120301-20151231_global_asia-enhanced_c201607211230.bitmask,vbd_landsea_r20220824.mask,timezone.shp,VBD_platforms-recurring_2015_r20170330.shp,999999,VBD_bridges_c20160811.shp,19.263617;17.565863;14.866443;10.044974;12.555928;14.352664,81.220650;95.655334;109.662376;108.232834;94.481987;80.388245,npp_d20250901_t1916136_e1917378_b71752;npp_d20250901_t1917390_e1919032_b71752;npp_d20250901_t1919044_e1920286_b71752;npp_d20250901_t1920298_e1921540_b71752,144.693,57.2589,40.283,-80.1798,108.963,-116.509
47,VBD_npp_d20250901_t1917357_x0999541E_y118003N_l0744_s2833_v23,2025-09-01 21:28:11,11.800255,99.954132,3.82119,2025-09-01 19:17:35,2025-09-02 02:17:35,744,2833,0.139802,2,2337,0.0853443,0.055,0.856591,0.4,0.430589,0.75,4.9616e-13,0.0001,3.0908e-131,999999,1.769167e-01,3,Thailand Exclusive Economic Zone,,,SVDNB_npp_d20250901_t1916136_e1917378_b71752_c20250901204553968000_oeac_ops.h5,GDNBO_npp_d20250901_t1916136_e1917378_b71752_c20250901204326248000_oeac_ops.h5,SVI04_npp_d20250901_t1916136_e1917378_b71752_c20250901204601844000_oeac_ops.dspace_rad,,eez_v11.shp,WPP_BFAR_merge.shp,vbd_mpa_r20170830.shp,VNF-VBD_npp_20120301-20151231_global_asia-enhanced_c201607211230.bitmask,vbd_landsea_r20220824.mask,timezone.shp,VBD_platforms-recurring_2015_r20170330.shp,999999,VBD_bridges_c20160811.shp,19.263617;17.565863;14.866443;10.044974;12.555928;14.352664,81.220650;95.655334;109.662376;108.232834;94.481987;80.388245,npp_d20250901_t1916136_e1917378_b71752;npp_d20250901_t1917390_e1919032_b71752;npp_d20250901_t1919044_e1920286_b71752;npp_d20250901_t1920298_e1921540_b71752,144.717,57.293,40.2821,-79.82,108.943,-116.519
48,VBD_npp_d20250901_t1917357_x0999504E_y117801N_l0747_s2833_v23,2025-09-01 21:28:11,11.780068,99.950409,4.06704,2025-09-01 19:17:35,2025-09-02 02:17:35,747,2833,0.162991,2,2337,0.120458,0.055,0.801996,0.4,0.459147,0.75,4.9616e-13,0.0001,5.75797e-131,999999,1.010119e-01,3,Thailand Exclusive Economic Zone,,,SVDNB_npp_d20250901_t1916136_e1917378_b71752_c20250901204553968000_oeac_ops.h5,GDNBO_npp_d20250901_t1916136_e1917378_b71752_c20250901204326248000_oeac_ops.h5,SVI04_npp_d20250901_t1916136_e1917378_b71752_c20250901204601844000_oeac_ops.dspace_rad,,eez_v11.shp,WPP_BFAR_merge.shp,vbd_mpa_r20170830.shp,VNF-VBD_npp_20120301-20151231_global_asia-enhanced_c201607211230.bitmask,vbd_landsea_r20220824.mask,timezone.shp,VBD_platforms-recurring_2015_r20170330.shp,999999,VBD_bridges_c20160811.shp,19.263617;17.565863;14.866443;10.044974;12.555928;14.352664,81.220650;95.655334;109.662376;108.232834;94.481987;80.388245,npp_d20250901_t1916136_e1917378_b71752;npp_d20250901_t1917390_e1919032_b71752;npp_d20250901_t1919044_e1920286_b71752;npp_d20250901_t1920298_e1921540_b71752,144.731,57.3135,40.2821,-79.6042,108.931,-116.525
49,VBD_npp_d20250901_t1917340_x0999830E_y118824N_l0731_s2834_v23,2025-09-01 21:28:11,11.882417,99.983017,11.0038,2025-09-01 19:17:34,2025-09-02 02:17:34,731,2834,0.132333,1,2401,0.461065,0.055,0.840625,0.4,0.830052,0.75,4.93345e-13,0.0001,6.7052e-132,999999,-1.442380e-01,3,Thailand Exclusive Economic Zone,,,SVDNB_npp_d20250901_t1916136_e1917378_b71752_c20250901204553968000_oeac_ops.h5,GDNBO_npp_d20250901_t1916136_e1917378_b71752_c20250901204326248000_oeac_ops.h5,SVI04_npp_d20250901_t1916136_e1917378_b71752_c20250901204601844000_oeac_ops.dspace_rad,,eez_v11.shp,WPP_BFAR_merge.shp,vbd_mpa_r20170830.shp,VNF-VBD_npp_20120301-20151231_global_asia-enhanced_c201607211230.bitmask,vbd_landsea_r20220824.mask,timezone.shp,VBD_platforms-recurring_2015_r20170330.shp,999999,VBD_bridges_c20160811.shp,19.263617;17.565863;14.866443;10.044974;12.555928;14.352664,81.220650;95.655334;109.662376;108.232834;94.481987;80.388245,npp_d20250901_t1916136_e1917378_b71752;npp_d20250901_t1917390_e1919032_b71752;npp_d20250901_t1919044_e1920286_b71752;npp_d20250901_t1920298_e1921540_b71752,144.654,57.2159,40.3181,-79.5869,108.998,-116.494
50,VBD_npp_d20250901_t1917357_x0999646E_y118193N_l0741_s2834_v23,2025-09-01 21:28:11,11.819257,99.964569,11.4377,2025-09-01 19:17:35,2025-09-02 02:17:35,741,2834,0.186179,1,2401,0.418173,0.055,0.873993,0.4,0.802763,0.75,4.93345e-13,0.0001,6.81152e-132,999999,4.942773e-02,3,Thailand Exclusive Economic Zone,,,SVDNB_npp_d20250901_t1916136_e1917378_b71752_c20250901204553968000_oeac_ops.h5,GDNBO_npp_d20250901_t1916136_e1917378_b71752_c20250901204326248000_oeac_ops.h5,SVI04_npp_d20250901_t1916136_e1917378_b71752_c20250901204601844000_oeac_ops.dspace_rad,,eez_v11.shp,WPP_BFAR_merge.shp,vbd_mpa_r20170830.shp,VNF-VBD_npp_20120301-20151231_global_asia-enhanced_c201607211230.bitmask,vbd_landsea_r20220824.mask,timezone.shp,VBD_platforms-recurring_2015_r20170330.shp,999999,VBD_bridges_c20160811.shp,19.263617;17.565863;14.866443;10.044974;12.555928;14.352664,81.220650;95.655334;109.662376;108.232834;94.481987;80.388245,npp_d20250901_t1916136_e1917378_b71752;npp_d20250901_t1917390_e1919032_b71752;npp_d20250901_t1919044_e1920286_b71752;npp_d20250901_t1920298_e1921540_b71752,144.698,57.2804,40.3203,-80.0344,108.96,-116.513
51,VBD_npp_d20250901_t1917340_x0999835E_y118475N_l0736_s2835_v23,2025-09-01 21:28:11,11.847540,99.983543,6.11296,2025-09-01 19:17:34,2025-09-02 02:17:34,736,2835,0.241164,7,2337,0.226899,0.055,0.857403,0.4,0.68318,0.75,4.9053e-13,0.0001,7.73945e-132,999999,6.867948e-02,3,,,,SVDNB_npp_d20250901_t1916136_e1917378_b71752_c20250901204553968000_oeac_ops.h5,GDNBO_npp_d20250901_t1916136_e1917378_b71752_c20250901204326248000_oeac_ops.h5,SVI04_npp_d20250901_t1916136_e1917378_b71752_c20250901204601844000_oeac_ops.dspace_rad,,eez_v11.shp,WPP_BFAR_merge.shp,vbd_mpa_r20170830.shp,VNF-VBD_npp_20120301-20151231_global_asia-enhanced_c201607211230.bitmask,vbd_landsea_r20220824.mask,timezone.shp,VBD_platforms-recurring_2015_r20170330.shp,999999,VBD_bridges_c20160811.shp,19.263617;17.565863;14.866443;10.044974;12.555928;14.352664,81.220650;95.655334;109.662376;108.232834;94.481987;80.388245,npp_d20250901_t1916136_e1917378_b71752;npp_d20250901_t1917390_e1919032_b71752;npp_d20250901_t1919044_e1920286_b71752;npp_d20250901_t1920298_e1921540_b71752,144.673,57.2578,40.357,-79.2265,108.983,-116.504
52,VBD_npp_d20250901_t1917357_x0999700E_y118113N_l0742_s2835_v23,2025-09-01 21:28:11,11.811337,99.970047,10.9073,2025-09-01 19:17:35,2025-09-02 02:17:35,742,2835,0.180133,1,2401,0.408851,0.055,0.863517,0.4,0.794656,0.75,4.9053e-13,0.0001,3.47629e-132,999999,2.301801e-01,3,Thailand Exclusive Economic Zone,,,SVDNB_npp_d20250901_t1916136_e1917378_b71752_c20250901204553968000_oeac_ops.h5,GDNBO_npp_d20250901_t1916136_e1917378_b71752_c20250901204326248000_oeac_ops.h5,SVI04_npp_d20250901_t1916136_e1917378_b71752_c20250901204601844000_oeac_ops.dspace_rad,,eez_v11.shp,WPP_BFAR_merge.shp,vbd_mpa_r20170830.shp,VNF-VBD_npp_20120301-20151231_global_asia-enhanced_c201607211230.bitmask,vbd_landsea_r20220824.mask,timezone.shp,VBD_platforms-recurring_2015_r20170330.shp,999999,VBD_bridges_c20160811.shp,19.263617;17.565863;14.866443;10.044974;12.555928;14.352664,81.220650;95.655334;109.662376;108.232834;94.481987;80.388245,npp_d20250901_t1916136_e1917378_b71752;npp_d20250901_t1917390_e1919032_b71752;npp_d20250901_t1919044_e1920286_b71752;npp_d20250901_t1920298_e1921540_b71752,144.698,57.295,40.3578,-79.9611,108.962,-116.515
53,VBD_npp_d20250901_t1917340_x0999977E_y118867N_l0730_s2836_v23,2025-09-01 21:28:11,11.886745,99.997696,3.23766,2025-09-01 19:17:34,2025-09-02 02:17:34,730,2836,0.111278,2,2337,0.0855401,0.055,0.770299,0.4,0.492794,0.75,4.87716e-13,0.0001,9.21035e-133,999999,-1.636070e-02,3,Thailand Exclusive Economic Zone,,,SVDNB_npp_d20250901_t1916136_e1917378_b71752_c20250901204553968000_oeac_ops.h5,GDNBO_npp_d20250901_t1916136_e1917378_b71752_c20250901204326248000_oeac_ops.h5,SVI04_npp_d20250901_t1916136_e1917378_b71752_c20250901204601844000_oeac_ops.dspace_rad,,eez_v11.shp,WPP_BFAR_merge.shp,vbd_mpa_r20170830.shp,VNF-VBD_npp_20120301-20151231_global_asia-enhanced_c201607211230.bitmask,vbd_landsea_r20220824.mask,timezone.shp,VBD_platforms-recurring_2015_r20170330.shp,999999,VBD_bridges_c20160811.shp,19.263617;17.565863;14.866443;10.044974;12.555928;14.352664,81.220650;95.655334;109.662376;108.232834;94.481987;80.388245,npp_d20250901_t1916136_e1917378_b71752;npp_d20250901_t1917390_e1919032_b71752;npp_d20250901_t1919044_e1920286_b71752;npp_d20250901_t1920298_e1921540_b71752,144.64,57.2248,40.3935,-79.6564,109.013,-116.492
54,VBD_npp_d20250901_t1917357_x0999830E_y118438N_l0737_s2836_v23,2025-09-01 21:28:11,11.843835,99.983002,5.06071,2025-09-01 19:17:35,2025-09-02 02:17:35,737,2836,0.241164,7,2337,0.176312,0.055,0.857403,0.4,0.610227,0.75,4.87716e-13,0.0001,4.87127e-133,999999,1.393037e-01,3,,,,SVDNB_npp_d20250901_t1916136_e1917378_b71752_c20250901204553968000_oeac_ops.h5,GDNBO_npp_d20250901_t1916136_e1917378_b71752_c20250901204326248000_oeac_ops.h5,SVI04_npp_d20250901_t1916136_e1917378_b71752_c20250901204601844000_oeac_ops.dspace_rad,,eez_v11.shp,WPP_BFAR_merge.shp,vbd_mpa_r20170830.shp,VNF-VBD_npp_20120301-20151231_global_asia-enhanced_c201607211230.bitmask,vbd_landsea_r20220824.mask,timezone.shp,VBD_platforms-recurring_2015_r20170330.shp,999999,VBD_bridges_c20160811.shp,19.263617;17.565863;14.866443;10.044974;12.555928;14.352664,81.220650;95.655334;109.662376;108.232834;94.481987;80.388245,npp_d20250901_t1916136_e1917378_b71752;npp_d20250901_t1917390_e1919032_b71752;npp_d20250901_t1919044_e1920286_b71752;npp_d20250901_t1920298_e1921540_b71752,144.669,57.2687,40.3971,-80.3185,108.987,-116.505
55,VBD_npp_d20250901_t1917357_x0999793E_y118236N_l0740_s2836_v23,2025-09-01 21:28:11,11.823624,99.979263,8.80723,2025-09-01 19:17:35,2025-09-02 02:17:35,740,2836,0.214134,1,2401,0.336518,0.055,0.863517,0.4,0.750885,0.75,4.87716e-13,0.0001,9.32055e-133,999999,2.570088e-01,3,Thailand Exclusive Economic Zone,,,SVDNB_npp_d20250901_t1916136_e1917378_b71752_c20250901204553968000_oeac_ops.h5,GDNBO_npp_d20250901_t1916136_e1917378_b71752_c20250901204326248000_oeac_ops.h5,SVI04_npp_d20250901_t1916136_e1917378_b71752_c20250901204601844000_oeac_ops.dspace_rad,,eez_v11.shp,WPP_BFAR_merge.shp,vbd_mpa_r20170830.shp,VNF-VBD_npp_20120301-20151231_global_asia-enhanced_c201607211230.bitmask,vbd_landsea_r20220824.mask,timezone.shp,VBD_platforms-recurring_2015_r20170330.shp,999999,VBD_bridges_c20160811.shp,19.263617;17.565863;14.866443;10.044974;12.555928;14.352664,81.220650;95.655334;109.662376;108.232834;94.481987;80.388245,npp_d20250901_t1916136_e1917378_b71752;npp_d20250901_t1917390_e1919032_b71752;npp_d20250901_t1919044_e1920286_b71752;npp_d20250901_t1920298_e1921540_b71752,144.683,57.2892,40.396,-80.1032,108.975,-116.511
56,VBD_npp_d20250901_t1917357_x0999706E_y117765N_l0747_s2836_v23,2025-09-01 21:28:11,11.776461,99.970566,6.19515,2025-09-01 19:17:35,2025-09-02 02:17:35,747,2836,0.17302,2,2337,0.232535,0.055,0.795212,0.4,0.621212,0.75,4.87716e-13,0.0001,4.09545e-132,999999,2.275340e-02,3,Thailand Exclusive Economic Zone,,,SVDNB_npp_d20250901_t1916136_e1917378_b71752_c20250901204553968000_oeac_ops.h5,GDNBO_npp_d20250901_t1916136_e1917378_b71752_c20250901204326248000_oeac_ops.h5,SVI04_npp_d20250901_t1916136_e1917378_b71752_c20250901204601844000_oeac_ops.dspace_rad,,eez_v11.shp,WPP_BFAR_merge.shp,vbd_mpa_r20170830.shp,VNF-VBD_npp_20120301-20151231_global_asia-enhanced_c201607211230.bitmask,vbd_landsea_r20220824.mask,timezone.shp,VBD_platforms-recurring_2015_r20170330.shp,999999,VBD_bridges_c20160811.shp,19.263617;17.565863;14.866443;10.044974;12.555928;14.352664,81.220650;95.655334;109.662376;108.232834;94.481987;80.388245,npp_d20250901_t1916136_e1917378_b71752;npp_d20250901_t1917390_e1919032_b71752;npp_d20250901_t1919044_e1920286_b71752;npp_d20250901_t1920298_e1921540_b71752,144.716,57.3369,40.3954,-79.6007,108.947,-116.525
57,VBD_npp_d20250901_t1917357_x0999952E_y118347N_l0738_s2838_v23,2025-09-01 21:28:11,11.834743,99.995232,8.13539,2025-09-01 19:17:35,2025-09-02 02:17:35,738,2838,0.212996,1,2401,0.330304,0.055,0.857403,0.4,0.750648,0.75,4.82087e-13,0.0001,1.00632e-133,999999,1.156882e-01,3,Thailand Exclusive Economic Zone,,,SVDNB_npp_d20250901_t1916136_e1917378_b71752_c20250901204553968000_oeac_ops.h5,GDNBO_npp_d20250901_t1916136_e1917378_b71752_c20250901204326248000_oeac_ops.h5,SVI04_npp_d20250901_t1916136_e1917378_b71752_c20250901204601844000_oeac_ops.dspace_rad,,eez_v11.shp,WPP_BFAR_merge.shp,vbd_mpa_r20170830.shp,VNF-VBD_npp_20120301-20151231_global_asia-enhanced_c201607211230.bitmask,vbd_landsea_r20220824.mask,timezone.shp,VBD_platforms-recurring_2015_r20170330.shp,999999,VBD_bridges_c20160811.shp,19.263617;17.565863;14.866443;10.044974;12.555928;14.352664,81.220650;95.655334;109.662376;108.232834;94.481987;80.388245,npp_d20250901_t1916136_e1917378_b71752;npp_d20250901_t1917390_e1919032_b71752;npp_d20250901_t1919044_e1920286_b71752;npp_d20250901_t1920298_e1921540_b71752,144.664,57.2911,40.4722,-80.2434,108.994,-116.507
58,VBD_npp_d20250901_t1917357_x0999816E_y117606N_l0749_s2838_v23,2025-09-01 21:28:11,11.760560,99.981552,8.69026,2025-09-01 19:17:35,2025-09-02 02:17:35,749,2838,0.166689,8,18785,0.336361,0.055,0.795212,0.4,0.763831,0.75,4.82087e-13,0.0001,1.04639e-132,999999,3.299742e-02,3,Thailand Exclusive Economic Zone,,,SVDNB_npp_d20250901_t1916136_e1917378_b71752_c20250901204553968000_oeac_ops.h5,GDNBO_npp_d20250901_t1916136_e1917378_b71752_c20250901204326248000_oeac_ops.h5,SVI04_npp_d20250901_t1916136_e1917378_b71752_c20250901204601844000_oeac_ops.dspace_rad,,eez_v11.shp,WPP_BFAR_merge.shp,vbd_mpa_r20170830.shp,VNF-VBD_npp_20120301-20151231_global_asia-enhanced_c201607211230.bitmask,vbd_landsea_r20220824.mask,timezone.shp,VBD_platforms-recurring_2015_r20170330.shp,0.290034,VBD_bridges_c20160811.shp,19.263617;17.565863;14.866443;10.044974;12.555928;14.352664,81.220650;95.655334;109.662376;108.232834;94.481987;80.388245,npp_d20250901_t1916136_e1917378_b71752;npp_d20250901_t1917390_e1919032_b71752;npp_d20250901_t1919044_e1920286_b71752;npp_d20250901_t1920298_e1921540_b71752,144.715,57.3663,40.4712,-79.455,108.949,-116.529
59,VBD_npp_d20250901_t1917357_x1000075E_y118256N_l0739_s2840_v23,2025-09-01 21:28:11,11.825632,100.007477,2.9213,2025-09-01 19:17:35,2025-09-02 02:17:35,739,2840,0.207021,2,2337,0.0698021,0.055,0.816414,0.4,0.406525,0.75,4.76457e-13,0.0001,2.05171e-134,999999,1.347230e-01,3,Thailand Exclusive Economic Zone,,,SVDNB_npp_d20250901_t1916136_e1917378_b71752_c20250901204553968000_oeac_ops.h5,GDNBO_npp_d20250901_t1916136_e1917378_b71752_c20250901204326248000_oeac_ops.h5,SVI04_npp_d20250901_t1916136_e1917378_b71752_c20250901204601844000_oeac_ops.dspace_rad,,eez_v11.shp,WPP_BFAR_merge.shp,vbd_mpa_r20170830.shp,VNF-VBD_npp_20120301-20151231_global_asia-enhanced_c201607211230.bitmask,vbd_landsea_r20220824.mask,timezone.shp,VBD_platforms-recurring_2015_r20170330.shp,999999,VBD_bridges_c20160811.shp,19.263617;17.565863;14.866443;10.044974;12.555928;14.352664,81.220650;95.655334;109.662376;108.232834;94.481987;80.388245,npp_d20250901_t1916136_e1917378_b71752;npp_d20250901_t1917390_e1919032_b71752;npp_d20250901_t1919044_e1920286_b71752;npp_d20250901_t1920298_e1921540_b71752,144.659,57.3136,40.5474,-80.1685,109.001,-116.509
60,VBD_npp_d20250901_t1917357_x1000455E_y117280N_l0752_s2848_v23,2025-09-01 21:28:11,11.728034,100.045509,14.4727,2025-09-01 19:17:35,2025-09-02 02:17:35,752,2848,0.13717,1,2401,0.537302,0.055,0.761422,0.4,0.863986,0.75,4.5394e-13,0.0001,2.1324e-136,999999,-2.236959e-02,3,Thailand Exclusive Economic Zone,,,SVDNB_npp_d20250901_t1916136_e1917378_b71752_c20250901204553968000_oeac_ops.h5,GDNBO_npp_d20250901_t1916136_e1917378_b71752_c20250901204326248000_oeac_ops.h5,SVI04_npp_d20250901_t1916136_e1917378_b71752_c20250901204601844000_oeac_ops.dspace_rad,,eez_v11.shp,WPP_BFAR_merge.shp,vbd_mpa_r20170830.shp,VNF-VBD_npp_20120301-20151231_global_asia-enhanced_c201607211230.bitmask,vbd_landsea_r20220824.mask,timezone.shp,VBD_platforms-recurring_2015_r20170330.shp,999999,VBD_bridges_c20160811.shp,19.263617;17.565863;14.866443;10.044974;12.555928;14.352664,81.220650;95.655334;109.662376;108.232834;94.481987;80.388245,npp_d20250901_t1916136_e1917378_b71752;npp_d20250901_t1917390_e1919032_b71752;npp_d20250901_t1919044_e1920286_b71752;npp_d20250901_t1920298_e1921540_b71752,144.68,57.4656,40.85,-79.231,108.99,-116.535
61,VBD_npp_d20250901_t1917375_x1000440E_y117247N_l0753_s2849_v23,2025-09-01 21:28:11,11.724693,100.043983,4.93866,2025-09-01 19:17:37,2025-09-02 02:17:37,753,2849,0.0964831,2,2337,0.211045,0.055,0.761422,0.4,0.610976,0.75,4.51126e-13,0.0001,1.42489e-137,999999,5.302727e-02,3,Thailand Exclusive Economic Zone,,,SVDNB_npp_d20250901_t1916136_e1917378_b71752_c20250901204553968000_oeac_ops.h5,GDNBO_npp_d20250901_t1916136_e1917378_b71752_c20250901204326248000_oeac_ops.h5,SVI04_npp_d20250901_t1916136_e1917378_b71752_c20250901204601844000_oeac_ops.dspace_rad,,eez_v11.shp,WPP_BFAR_merge.shp,vbd_mpa_r20170830.shp,VNF-VBD_npp_20120301-20151231_global_asia-enhanced_c201607211230.bitmask,vbd_landsea_r20220824.mask,timezone.shp,VBD_platforms-recurring_2015_r20170330.shp,999999,VBD_bridges_c20160811.shp,19.263617;17.565863;14.866443;10.044974;12.555928;14.352664,81.220650;95.655334;109.662376;108.232834;94.481987;80.388245,npp_d20250901_t1916136_e1917378_b71752;npp_d20250901_t1917390_e1919032_b71752;npp_d20250901_t1919044_e1920286_b71752;npp_d20250901_t1920298_e1921540_b71752,144.677,57.4752,40.884,-80.3078,108.994,-116.535
62,VBD_npp_d20250901_t1917357_x1000877E_y117274N_l0751_s2854_v23,2025-09-01 21:28:11,11.727382,100.087708,6.04201,2025-09-01 19:17:35,2025-09-02 02:17:35,751,2854,0.158438,2,2337,0.285469,0.055,0.747366,0.4,0.693917,0.75,4.37053e-13,0.0001,5.88609e-139,999999,4.207447e-02,3,Thailand Exclusive Economic Zone,,,SVDNB_npp_d20250901_t1916136_e1917378_b71752_c20250901204553968000_oeac_ops.h5,GDNBO_npp_d20250901_t1916136_e1917378_b71752_c20250901204326248000_oeac_ops.h5,SVI04_npp_d20250901_t1916136_e1917378_b71752_c20250901204601844000_oeac_ops.dspace_rad,,eez_v11.shp,WPP_BFAR_merge.shp,vbd_mpa_r20170830.shp,VNF-VBD_npp_20120301-20151231_global_asia-enhanced_c201607211230.bitmask,vbd_landsea_r20220824.mask,timezone.shp,VBD_platforms-recurring_2015_r20170330.shp,999999,VBD_bridges_c20160811.shp,19.263617;17.565863;14.866443;10.044974;12.555928;14.352664,81.220650;95.655334;109.662376;108.232834;94.481987;80.388245,npp_d20250901_t1916136_e1917378_b71752;npp_d20250901_t1917390_e1919032_b71752;npp_d20250901_t1919044_e1920286_b71752;npp_d20250901_t1920298_e1921540_b71752,144.646,57.5063,41.0768,-79.2964,109.027,-116.533
63,VBD_npp_d20250901_t1917340_x1001286E_y118352N_l0734_s2856_v23,2025-09-01 21:28:11,11.835208,100.128601,1.96678,2025-09-01 19:17:34,2025-09-02 02:17:34,734,2856,0.176719,2,2337,0.0724165,0.055,0.627018,0.4,0.449764,0.75,4.31424e-13,0.0001,1.70175e-140,999999,2.462130e-01,3,Thailand Exclusive Economic Zone,,,SVDNB_npp_d20250901_t1916136_e1917378_b71752_c20250901204553968000_oeac_ops.h5,GDNBO_npp_d20250901_t1916136_e1917378_b71752_c20250901204326248000_oeac_ops.h5,SVI04_npp_d20250901_t1916136_e1917378_b71752_c20250901204601844000_oeac_ops.dspace_rad,,eez_v11.shp,WPP_BFAR_merge.shp,vbd_mpa_r20170830.shp,VNF-VBD_npp_20120301-20151231_global_asia-enhanced_c201607211230.bitmask,vbd_landsea_r20220824.mask,timezone.shp,VBD_platforms-recurring_2015_r20170330.shp,999999,VBD_bridges_c20160811.shp,19.263617;17.565863;14.866443;10.044974;12.555928;14.352664,81.220650;95.655334;109.662376;108.232834;94.481987;80.388245,npp_d20250901_t1916136_e1917378_b71752;npp_d20250901_t1917390_e1919032_b71752;npp_d20250901_t1919044_e1920286_b71752;npp_d20250901_t1920298_e1921540_b71752,144.56,57.41,41.1506,-79.3488,109.104,-116.499
64,VBD_npp_d20250901_t1917340_x1001343E_y118285N_l0735_s2857_v23,2025-09-01 21:28:11,11.828492,100.134285,3.82069,2025-09-01 19:17:34,2025-09-02 02:17:34,735,2857,0.198343,2,2337,0.191699,0.055,0.755168,0.4,0.720321,0.75,4.28609e-13,0.0001,7.84718e-141,999999,2.328737e-01,3,Thailand Exclusive Economic Zone,,,SVDNB_npp_d20250901_t1916136_e1917378_b71752_c20250901204553968000_oeac_ops.h5,GDNBO_npp_d20250901_t1916136_e1917378_b71752_c20250901204326248000_oeac_ops.h5,SVI04_npp_d20250901_t1916136_e1917378_b71752_c20250901204601844000_oeac_ops.dspace_rad,,eez_v11.shp,WPP_BFAR_merge.shp,vbd_mpa_r20170830.shp,VNF-VBD_npp_20120301-20151231_global_asia-enhanced_c201607211230.bitmask,vbd_landsea_r20220824.mask,timezone.shp,VBD_platforms-recurring_2015_r20170330.shp,999999,VBD_bridges_c20160811.shp,19.263617;17.565863;14.866443;10.044974;12.555928;14.352664,81.220650;95.655334;109.662376;108.232834;94.481987;80.388245,npp_d20250901_t1916136_e1917378_b71752;npp_d20250901_t1917390_e1919032_b71752;npp_d20250901_t1919044_e1920286_b71752;npp_d20250901_t1920298_e1921540_b71752,144.559,57.4234,41.1877,-79.2906,109.106,-116.5
65,VBD_npp_d20250901_t1917357_x1001193E_y117844N_l0742_s2857_v23,2025-09-01 21:28:11,11.784414,100.119316,12.2645,2025-09-01 19:17:35,2025-09-02 02:17:35,742,2857,0.217477,8,18785,0.510268,0.055,0.792006,0.4,0.869074,0.75,4.28609e-13,0.0001,4.50118e-141,999999,1.960209e-01,3,Thailand Exclusive Economic Zone,,,SVDNB_npp_d20250901_t1916136_e1917378_b71752_c20250901204553968000_oeac_ops.h5,GDNBO_npp_d20250901_t1916136_e1917378_b71752_c20250901204326248000_oeac_ops.h5,SVI04_npp_d20250901_t1916136_e1917378_b71752_c20250901204601844000_oeac_ops.dspace_rad,,eez_v11.shp,WPP_BFAR_merge.shp,vbd_mpa_r20170830.shp,VNF-VBD_npp_20120301-20151231_global_asia-enhanced_c201607211230.bitmask,vbd_landsea_r20220824.mask,timezone.shp,VBD_platforms-recurring_2015_r20170330.shp,0.707461,VBD_bridges_c20160811.shp,19.263617;17.565863;14.866443;10.044974;12.555928;14.352664,81.220650;95.655334;109.662376;108.232834;94.481987;80.388245,npp_d20250901_t1916136_e1917378_b71752;npp_d20250901_t1917390_e1919032_b71752;npp_d20250901_t1919044_e1920286_b71752;npp_d20250901_t1920298_e1921540_b71752,144.589,57.4685,41.1889,-79.9239,109.08,-116.514
66,VBD_npp_d20250901_t1917357_x1001280E_y117214N_l0751_s2860_v23,2025-09-01 21:28:11,11.721421,100.127968,10.1514,2025-09-01 19:17:35,2025-09-02 02:17:35,751,2860,0.102316,2,2337,0.374523,0.055,0.697573,0.4,0.741635,0.75,4.20165e-13,0.0001,1.94708e-141,999999,1.014005e-02,3,Thailand Exclusive Economic Zone,,,SVDNB_npp_d20250901_t1916136_e1917378_b71752_c20250901204553968000_oeac_ops.h5,GDNBO_npp_d20250901_t1916136_e1917378_b71752_c20250901204326248000_oeac_ops.h5,SVI04_npp_d20250901_t1916136_e1917378_b71752_c20250901204601844000_oeac_ops.dspace_rad,,eez_v11.shp,WPP_BFAR_merge.shp,vbd_mpa_r20170830.shp,VNF-VBD_npp_20120301-20151231_global_asia-enhanced_c201607211230.bitmask,vbd_landsea_r20220824.mask,timezone.shp,VBD_platforms-recurring_2015_r20170330.shp,999999,VBD_bridges_c20160811.shp,19.263617;17.565863;14.866443;10.044974;12.555928;14.352664,81.220650;95.655334;109.662376;108.232834;94.481987;80.388245,npp_d20250901_t1916136_e1917378_b71752;npp_d20250901_t1917390_e1919032_b71752;npp_d20250901_t1919044_e1920286_b71752;npp_d20250901_t1920298_e1921540_b71752,144.616,57.5514,41.2976,-79.3041,109.059,-116.532
67,VBD_npp_d20250901_t1917357_x1001669E_y117486N_l0746_s2865_v23,2025-09-01 21:28:11,11.748605,100.166870,6.53194,2025-09-01 19:17:35,2025-09-02 02:17:35,746,2865,0.133258,8,18721,0.296997,0.055,0.804766,0.4,0.726579,0.75,4.06092e-13,0.0001,5.64315e-144,999999,6.271650e-02,3,Thailand Exclusive Economic Zone,,,SVDNB_npp_d20250901_t1916136_e1917378_b71752_c20250901204553968000_oeac_ops.h5,GDNBO_npp_d20250901_t1916136_e1917378_b71752_c20250901204326248000_oeac_ops.h5,SVI04_npp_d20250901_t1916136_e1917378_b71752_c20250901204601844000_oeac_ops.dspace_rad,,eez_v11.shp,WPP_BFAR_merge.shp,vbd_mpa_r20170830.shp,VNF-VBD_npp_20120301-20151231_global_asia-enhanced_c201607211230.bitmask,vbd_landsea_r20220824.mask,timezone.shp,VBD_platforms-recurring_2015_r20170330.shp,0.780239,VBD_bridges_c20160811.shp,19.263617;17.565863;14.866443;10.044974;12.555928;14.352664,81.220650;95.655334;109.662376;108.232834;94.481987;80.388245,npp_d20250901_t1916136_e1917378_b71752;npp_d20250901_t1917390_e1919032_b71752;npp_d20250901_t1919044_e1920286_b71752;npp_d20250901_t1920298_e1921540_b71752,144.569,57.5558,41.4769,-79.6401,109.105,-116.522
68,VBD_npp_d20250901_t1917357_x1001825E_y117595N_l0744_s2867_v23,2025-09-01 21:28:11,11.759510,100.182487,14.342,2025-09-01 19:17:35,2025-09-02 02:17:35,744,2867,0.154099,1,2401,0.57024,0.055,0.793778,0.4,0.875354,0.75,4.00463e-13,0.0001,5.19361e-145,999999,-1.406006e-02,3,Thailand Exclusive Economic Zone,,,SVDNB_npp_d20250901_t1916136_e1917378_b71752_c20250901204553968000_oeac_ops.h5,GDNBO_npp_d20250901_t1916136_e1917378_b71752_c20250901204326248000_oeac_ops.h5,SVI04_npp_d20250901_t1916136_e1917378_b71752_c20250901204601844000_oeac_ops.dspace_rad,,eez_v11.shp,WPP_BFAR_merge.shp,vbd_mpa_r20170830.shp,VNF-VBD_npp_20120301-20151231_global_asia-enhanced_c201607211230.bitmask,vbd_landsea_r20220824.mask,timezone.shp,VBD_platforms-recurring_2015_r20170330.shp,999999,VBD_bridges_c20160811.shp,19.263617;17.565863;14.866443;10.044974;12.555928;14.352664,81.220650;95.655334;109.662376;108.232834;94.481987;80.388245,npp_d20250901_t1916136_e1917378_b71752;npp_d20250901_t1917390_e1919032_b71752;npp_d20250901_t1919044_e1920286_b71752;npp_d20250901_t1920298_e1921540_b71752,144.55,57.5576,41.5491,-79.7738,109.124,-116.517
69,VBD_npp_d20250901_t1917375_x1003567E_y115851N_l0765_s2898_v23,2025-09-01 21:28:11,11.585052,100.356697,3.32202,2025-09-01 19:17:37,2025-09-02 02:17:37,765,2898,0.0732233,2,2337,0.157888,0.055,0.639892,0.4,0.597508,0.75,3.40105e-13,0.0001,9.99579e-158,999999,1.770891e-01,3,Thailand Exclusive Economic Zone,,,SVDNB_npp_d20250901_t1916136_e1917378_b71752_c20250901204553968000_oeac_ops.h5,GDNBO_npp_d20250901_t1916136_e1917378_b71752_c20250901204326248000_oeac_ops.h5,SVI04_npp_d20250901_t1916136_e1917378_b71752_c20250901204601844000_oeac_ops.dspace_rad,,eez_v11.shp,WPP_BFAR_merge.shp,vbd_mpa_r20170830.shp,VNF-VBD_npp_20120301-20151231_global_asia-enhanced_c201607211230.bitmask,vbd_landsea_r20220824.mask,timezone.shp,VBD_platforms-recurring_2015_r20170330.shp,999999,VBD_bridges_c20160811.shp,19.263617;17.565863;14.866443;10.044974;12.555928;14.352664,81.220650;95.655334;109.662376;108.232834;94.481987;80.388245,npp_d20250901_t1916136_e1917378_b71752;npp_d20250901_t1917390_e1919032_b71752;npp_d20250901_t1919044_e1920286_b71752;npp_d20250901_t1920298_e1921540_b71752,144.493,57.9345,42.6662,-79.4123,109.204,-116.559
70,VBD_npp_d20250901_t1917375_x1003672E_y116040N_l0762_s2899_v23,2025-09-01 21:28:11,11.604013,100.367233,2.75612,2025-09-01 19:17:37,2025-09-02 02:17:37,762,2899,0.0737923,2,2337,0.0693931,0.055,0.625496,0.4,0.362805,0.75,3.38488e-13,0.0001,1.5553e-158,999999,3.531173e-01,3,Thailand Exclusive Economic Zone,,,SVDNB_npp_d20250901_t1916136_e1917378_b71752_c20250901204553968000_oeac_ops.h5,GDNBO_npp_d20250901_t1916136_e1917378_b71752_c20250901204326248000_oeac_ops.h5,SVI04_npp_d20250901_t1916136_e1917378_b71752_c20250901204601844000_oeac_ops.dspace_rad,,eez_v11.shp,WPP_BFAR_merge.shp,vbd_mpa_r20170830.shp,VNF-VBD_npp_20120301-20151231_global_asia-enhanced_c201607211230.bitmask,vbd_landsea_r20220824.mask,timezone.shp,VBD_platforms-recurring_2015_r20170330.shp,999999,VBD_bridges_c20160811.shp,19.263617;17.565863;14.866443;10.044974;12.555928;14.352664,81.220650;95.655334;109.662376;108.232834;94.481987;80.388245,npp_d20250901_t1916136_e1917378_b71752;npp_d20250901_t1917390_e1919032_b71752;npp_d20250901_t1919044_e1920286_b71752;npp_d20250901_t1920298_e1921540_b71752,144.474,57.9218,42.7022,-79.6108,109.222,-116.552
71,VBD_npp_d20250901_t1917357_x1003988E_y116930N_l0748_s2900_v23,2025-09-01 21:28:11,11.693004,100.398819,2.1697,2025-09-01 19:17:35,2025-09-02 02:17:35,748,2900,0.0631227,10,2305,0.10557,0.055,0.351846,0.4,0.645619,0.75,3.36871e-13,0.0001,1.26095e-159,999999,-3.278318e-01,3,Thailand Exclusive Economic Zone,,,SVDNB_npp_d20250901_t1916136_e1917378_b71752_c20250901204553968000_oeac_ops.h5,GDNBO_npp_d20250901_t1916136_e1917378_b71752_c20250901204326248000_oeac_ops.h5,SVI04_npp_d20250901_t1916136_e1917378_b71752_c20250901204601844000_oeac_ops.dspace_rad,,eez_v11.shp,WPP_BFAR_merge.shp,vbd_mpa_r20170830.shp,VNF-VBD_npp_20120301-20151231_global_asia-enhanced_c201607211230.bitmask,vbd_landsea_r20220824.mask,timezone.shp,VBD_platforms-recurring_2015_r20170330.shp,999999,VBD_bridges_c20160811.shp,19.263617;17.565863;14.866443;10.044974;12.555928;14.352664,81.220650;95.655334;109.662376;108.232834;94.481987;80.388245,npp_d20250901_t1916136_e1917378_b71752;npp_d20250901_t1917390_e1919032_b71752;npp_d20250901_t1919044_e1920286_b71752;npp_d20250901_t1920298_e1921540_b71752,144.407,57.8388,42.7432,-79.4642,109.283,-116.525
72,VBD_npp_d20250901_t1917375_x1003728E_y115961N_l0763_s2900_v23,2025-09-01 21:28:11,11.596053,100.372803,2.90581,2025-09-01 19:17:37,2025-09-02 02:17:37,763,2900,0.0713027,2,2337,0.056513,0.055,0.666869,0.4,0.384477,0.75,3.36871e-13,0.0001,6.51453e-159,999999,2.055423e-01,3,Thailand Exclusive Economic Zone,,,SVDNB_npp_d20250901_t1916136_e1917378_b71752_c20250901204553968000_oeac_ops.h5,GDNBO_npp_d20250901_t1916136_e1917378_b71752_c20250901204326248000_oeac_ops.h5,SVI04_npp_d20250901_t1916136_e1917378_b71752_c20250901204601844000_oeac_ops.dspace_rad,,eez_v11.shp,WPP_BFAR_merge.shp,vbd_mpa_r20170830.shp,VNF-VBD_npp_20120301-20151231_global_asia-enhanced_c201607211230.bitmask,vbd_landsea_r20220824.mask,timezone.shp,VBD_platforms-recurring_2015_r20170330.shp,999999,VBD_bridges_c20160811.shp,19.263617;17.565863;14.866443;10.044974;12.555928;14.352664,81.220650;95.655334;109.662376;108.232834;94.481987;80.388245,npp_d20250901_t1916136_e1917378_b71752;npp_d20250901_t1917390_e1919032_b71752;npp_d20250901_t1919044_e1920286_b71752;npp_d20250901_t1920298_e1921540_b71752,144.474,57.9364,42.7385,-79.5431,109.223,-116.554
73,VBD_npp_d20250901_t1917375_x1003703E_y115826N_l0765_s2900_v23,2025-09-01 21:28:11,11.582581,100.370316,9.76999,2025-09-01 19:17:37,2025-09-02 02:17:37,765,2900,0.0952739,1,2401,0.407118,0.055,0.666869,0.4,0.814303,0.75,3.36871e-13,0.0001,1.07254e-158,999999,-4.449870e-02,3,Thailand Exclusive Economic Zone,,,SVDNB_npp_d20250901_t1916136_e1917378_b71752_c20250901204553968000_oeac_ops.h5,GDNBO_npp_d20250901_t1916136_e1917378_b71752_c20250901204326248000_oeac_ops.h5,SVI04_npp_d20250901_t1916136_e1917378_b71752_c20250901204601844000_oeac_ops.dspace_rad,,eez_v11.shp,WPP_BFAR_merge.shp,vbd_mpa_r20170830.shp,VNF-VBD_npp_20120301-20151231_global_asia-enhanced_c201607211230.bitmask,vbd_landsea_r20220824.mask,timezone.shp,VBD_platforms-recurring_2015_r20170330.shp,999999,VBD_bridges_c20160811.shp,19.263617;17.565863;14.866443;10.044974;12.555928;14.352664,81.220650;95.655334;109.662376;108.232834;94.481987;80.388245,npp_d20250901_t1916136_e1917378_b71752;npp_d20250901_t1917390_e1919032_b71752;npp_d20250901_t1919044_e1920286_b71752;npp_d20250901_t1920298_e1921540_b71752,144.483,57.9501,42.7388,-79.4101,109.215,-116.559
74,VBD_npp_d20250901_t1917375_x1003902E_y116138N_l0760_s2902_v23,2025-09-01 21:28:11,11.613812,100.390205,2.82576,2025-09-01 19:17:37,2025-09-02 02:17:37,760,2902,0.0978346,2,2337,0.0857431,0.055,0.625496,0.4,0.41031,0.75,3.33636e-13,0.0001,3.18293e-160,999999,-4.733383e-01,3,Thailand Exclusive Economic Zone,,,SVDNB_npp_d20250901_t1916136_e1917378_b71752_c20250901204553968000_oeac_ops.h5,GDNBO_npp_d20250901_t1916136_e1917378_b71752_c20250901204326248000_oeac_ops.h5,SVI04_npp_d20250901_t1916136_e1917378_b71752_c20250901204601844000_oeac_ops.dspace_rad,,eez_v11.shp,WPP_BFAR_merge.shp,vbd_mpa_r20170830.shp,VNF-VBD_npp_20120301-20151231_global_asia-enhanced_c201607211230.bitmask,vbd_landsea_r20220824.mask,timezone.shp,VBD_platforms-recurring_2015_r20170330.shp,999999,VBD_bridges_c20160811.shp,19.263617;17.565863;14.866443;10.044974;12.555928;14.352664,81.220650;95.655334;109.662376;108.232834;94.481987;80.388245,npp_d20250901_t1916136_e1917378_b71752;npp_d20250901_t1917390_e1919032_b71752;npp_d20250901_t1919044_e1920286_b71752;npp_d20250901_t1920298_e1921540_b71752,144.45,57.9315,42.8111,-79.7398,109.246,-116.548
75,VBD_npp_d20250901_t1917375_x1003908E_y115789N_l0765_s2903_v23,2025-09-01 21:28:11,11.578866,100.390793,2.90492,2025-09-01 19:17:37,2025-09-02 02:17:37,765,2903,0.115973,2,2337,0.0968402,0.055,0.629096,0.4,0.539766,0.75,3.32019e-13,0.0001,3.62537e-160,999999,-3.371897e-01,3,Thailand Exclusive Economic Zone,,,SVDNB_npp_d20250901_t1916136_e1917378_b71752_c20250901204553968000_oeac_ops.h5,GDNBO_npp_d20250901_t1916136_e1917378_b71752_c20250901204326248000_oeac_ops.h5,SVI04_npp_d20250901_t1916136_e1917378_b71752_c20250901204601844000_oeac_ops.dspace_rad,,eez_v11.shp,WPP_BFAR_merge.shp,vbd_mpa_r20170830.shp,VNF-VBD_npp_20120301-20151231_global_asia-enhanced_c201607211230.bitmask,vbd_landsea_r20220824.mask,timezone.shp,VBD_platforms-recurring_2015_r20170330.shp,999999,VBD_bridges_c20160811.shp,19.263617;17.565863;14.866443;10.044974;12.555928;14.352664,81.220650;95.655334;109.662376;108.232834;94.481987;80.388245,npp_d20250901_t1916136_e1917378_b71752;npp_d20250901_t1917390_e1919032_b71752;npp_d20250901_t1919044_e1920286_b71752;npp_d20250901_t1920298_e1921540_b71752,144.468,57.9735,42.8477,-79.4068,109.231,-116.559
76,VBD_npp_d20250901_t1917357_x1005398E_y117236N_l0740_s2919_v23,2025-09-01 21:28:11,11.723640,100.539833,5.39218,2025-09-01 19:17:35,2025-09-02 02:17:35,740,2919,0.0967676,4,35173,0.312866,0.055,0.728038,0.4,0.815697,0.75,3.06142e-13,0.0001,2.38226e-170,999999,-1.131131e-01,3,Thailand Exclusive Economic Zone,,,SVDNB_npp_d20250901_t1916136_e1917378_b71752_c20250901204553968000_oeac_ops.h5,GDNBO_npp_d20250901_t1916136_e1917378_b71752_c20250901204326248000_oeac_ops.h5,SVI04_npp_d20250901_t1916136_e1917378_b71752_c20250901204601844000_oeac_ops.dspace_rad,,eez_v11.shp,WPP_BFAR_merge.shp,vbd_mpa_r20170830.shp,VNF-VBD_npp_20120301-20151231_global_asia-enhanced_c201607211230.bitmask,vbd_landsea_r20220824.mask,timezone.shp,VBD_platforms-recurring_2015_r20170330.shp,999999,VBD_bridges_c20160811.shp,19.263617;17.565863;14.866443;10.044974;12.555928;14.352664,81.220650;95.655334;109.662376;108.232834;94.481987;80.388245,npp_d20250901_t1916136_e1917378_b71752;npp_d20250901_t1917390_e1919032_b71752;npp_d20250901_t1919044_e1920286_b71752;npp_d20250901_t1920298_e1921540_b71752,144.273,57.9336,43.4347,-79.9666,109.419,-116.507
77,VBD_npp_d20250901_t1917304_x1007872E_y119618N_l0698_s2946_v23,2025-09-01 21:28:11,11.961773,100.787247,5.48962,2025-09-01 19:17:30,2025-09-02 02:17:30,698,2946,0.118747,1,2401,0.281731,0.055,0.646919,0.4,0.795834,0.75,2.62475e-13,0.0001,9.50937e-187,999999,-1.161986e-01,3,Thailand Exclusive Economic Zone,,,SVDNB_npp_d20250901_t1916136_e1917378_b71752_c20250901204553968000_oeac_ops.h5,GDNBO_npp_d20250901_t1916136_e1917378_b71752_c20250901204326248000_oeac_ops.h5,SVI04_npp_d20250901_t1916136_e1917378_b71752_c20250901204601844000_oeac_ops.dspace_rad,,eez_v11.shp,WPP_BFAR_merge.shp,vbd_mpa_r20170830.shp,VNF-VBD_npp_20120301-20151231_global_asia-enhanced_c201607211230.bitmask,vbd_landsea_r20220824.mask,timezone.shp,VBD_platforms-recurring_2015_r20170330.shp,999999,VBD_bridges_c20160811.shp,19.263617;17.565863;14.866443;10.044974;12.555928;14.352664,81.220650;95.655334;109.662376;108.232834;94.481987;80.388245,npp_d20250901_t1916136_e1917378_b71752;npp_d20250901_t1917390_e1919032_b71752;npp_d20250901_t1919044_e1920286_b71752;npp_d20250901_t1920298_e1921540_b71752,143.96,57.8628,44.3423,-79.4958,109.722,-116.422
78,VBD_npp_d20250901_t1917304_x1007926E_y119539N_l0699_s2947_v23,2025-09-01 21:28:11,11.953899,100.792595,2.48039,2025-09-01 19:17:30,2025-09-02 02:17:30,699,2947,0.101533,2,2337,0.111136,0.055,0.634288,0.4,0.565132,0.75,2.60858e-13,0.0001,3.38072e-187,999999,2.179676e-02,3,Thailand Exclusive Economic Zone,,,SVDNB_npp_d20250901_t1916136_e1917378_b71752_c20250901204553968000_oeac_ops.h5,GDNBO_npp_d20250901_t1916136_e1917378_b71752_c20250901204326248000_oeac_ops.h5,SVI04_npp_d20250901_t1916136_e1917378_b71752_c20250901204601844000_oeac_ops.dspace_rad,,eez_v11.shp,WPP_BFAR_merge.shp,vbd_mpa_r20170830.shp,VNF-VBD_npp_20120301-20151231_global_asia-enhanced_c201607211230.bitmask,vbd_landsea_r20220824.mask,timezone.shp,VBD_platforms-recurring_2015_r20170330.shp,999999,VBD_bridges_c20160811.shp,19.263617;17.565863;14.866443;10.044974;12.555928;14.352664,81.220650;95.655334;109.662376;108.232834;94.481987;80.388245,npp_d20250901_t1916136_e1917378_b71752;npp_d20250901_t1917390_e1919032_b71752;npp_d20250901_t1919044_e1920286_b71752;npp_d20250901_t1920298_e1921540_b71752,143.96,57.8769,44.3761,-79.4321,109.723,-116.424
79,VBD_npp_d20250901_t1917286_x1008592E_y120157N_l0688_s2954_v23,2025-09-01 21:28:11,12.015745,100.859200,3.42125,2025-09-01 19:17:28,2025-09-02 02:17:28,688,2954,0.128136,7,2337,0.157004,0.055,0.809075,0.4,0.564712,0.75,2.49537e-13,0.0001,1.20439e-191,999999,6.008785e-02,3,,,,SVDNB_npp_d20250901_t1916136_e1917378_b71752_c20250901204553968000_oeac_ops.h5,GDNBO_npp_d20250901_t1916136_e1917378_b71752_c20250901204326248000_oeac_ops.h5,SVI04_npp_d20250901_t1916136_e1917378_b71752_c20250901204601844000_oeac_ops.dspace_rad,,eez_v11.shp,WPP_BFAR_merge.shp,vbd_mpa_r20170830.shp,VNF-VBD_npp_20120301-20151231_global_asia-enhanced_c201607211230.bitmask,vbd_landsea_r20220824.mask,timezone.shp,VBD_platforms-recurring_2015_r20170330.shp,999999,VBD_bridges_c20160811.shp,19.263617;17.565863;14.866443;10.044974;12.555928;14.352664,81.220650;95.655334;109.662376;108.232834;94.481987;80.388245,npp_d20250901_t1916136_e1917378_b71752;npp_d20250901_t1917390_e1919032_b71752;npp_d20250901_t1919044_e1920286_b71752;npp_d20250901_t1920298_e1921540_b71752,143.878,57.8596,44.6126,-79.0995,109.802,-116.402
80,VBD_npp_d20250901_t1917304_x1008582E_y120112N_l0689_s2955_v23,2025-09-01 21:28:11,12.011201,100.858238,19.2811,2025-09-01 19:17:30,2025-09-02 02:17:30,689,2955,0.137952,1,2401,0.688745,0.055,0.82077,0.4,0.923877,0.75,2.47919e-13,0.0001,2.84595e-193,999999,-6.981555e-02,3,Thailand Exclusive Economic Zone,,,SVDNB_npp_d20250901_t1916136_e1917378_b71752_c20250901204553968000_oeac_ops.h5,GDNBO_npp_d20250901_t1916136_e1917378_b71752_c20250901204326248000_oeac_ops.h5,SVI04_npp_d20250901_t1916136_e1917378_b71752_c20250901204601844000_oeac_ops.dspace_rad,,eez_v11.shp,WPP_BFAR_merge.shp,vbd_mpa_r20170830.shp,VNF-VBD_npp_20120301-20151231_global_asia-enhanced_c201607211230.bitmask,vbd_landsea_r20220824.mask,timezone.shp,VBD_platforms-recurring_2015_r20170330.shp,999999,VBD_bridges_c20160811.shp,19.263617;17.565863;14.866443;10.044974;12.555928;14.352664,81.220650;95.655334;109.662376;108.232834;94.481987;80.388245,npp_d20250901_t1916136_e1917378_b71752;npp_d20250901_t1917390_e1919032_b71752;npp_d20250901_t1919044_e1920286_b71752;npp_d20250901_t1920298_e1921540_b71752,143.875,57.8708,44.6477,-80.044,109.806,-116.403
81,VBD_npp_d20250901_t1917304_x1008891E_y119918N_l0691_s2960_v23,2025-09-01 21:28:11,11.991840,100.889099,4.06755,2025-09-01 19:17:30,2025-09-02 02:17:30,691,2960,0.170602,7,2337,0.182119,0.055,0.762375,0.4,0.656792,0.75,2.39833e-13,0.0001,4.60323e-196,999999,-1.954135e-01,3,,,,SVDNB_npp_d20250901_t1916136_e1917378_b71752_c20250901204553968000_oeac_ops.h5,GDNBO_npp_d20250901_t1916136_e1917378_b71752_c20250901204326248000_oeac_ops.h5,SVI04_npp_d20250901_t1916136_e1917378_b71752_c20250901204601844000_oeac_ops.dspace_rad,,eez_v11.shp,WPP_BFAR_merge.shp,vbd_mpa_r20170830.shp,VNF-VBD_npp_20120301-20151231_global_asia-enhanced_c201607211230.bitmask,vbd_landsea_r20220824.mask,timezone.shp,VBD_platforms-recurring_2015_r20170330.shp,999999,VBD_bridges_c20160811.shp,19.263617;17.565863;14.866443;10.044974;12.555928;14.352664,81.220650;95.655334;109.662376;108.232834;94.481987;80.388245,npp_d20250901_t1916136_e1917378_b71752;npp_d20250901_t1917390_e1919032_b71752;npp_d20250901_t1919044_e1920286_b71752;npp_d20250901_t1920298_e1921540_b71752,143.86,57.9217,44.8161,-79.912,109.824,-116.407
82,VBD_npp_d20250901_t1917286_x1009084E_y120205N_l0686_s2961_v23,2025-09-01 21:28:11,12.020530,100.908417,4.02453,2025-09-01 19:17:28,2025-09-02 02:17:28,686,2961,0.117894,2,2337,0.152406,0.055,0.743398,0.4,0.615208,0.75,2.38215e-13,0.0001,3.42866e-196,999999,2.744928e-01,3,Thailand Exclusive Economic Zone,,,SVDNB_npp_d20250901_t1916136_e1917378_b71752_c20250901204553968000_oeac_ops.h5,GDNBO_npp_d20250901_t1916136_e1917378_b71752_c20250901204326248000_oeac_ops.h5,SVI04_npp_d20250901_t1916136_e1917378_b71752_c20250901204601844000_oeac_ops.dspace_rad,,eez_v11.shp,WPP_BFAR_merge.shp,vbd_mpa_r20170830.shp,VNF-VBD_npp_20120301-20151231_global_asia-enhanced_c201607211230.bitmask,vbd_landsea_r20220824.mask,timezone.shp,VBD_platforms-recurring_2015_r20170330.shp,999999,VBD_bridges_c20160811.shp,19.263617;17.565863;14.866443;10.044974;12.555928;14.352664,81.220650;95.655334;109.662376;108.232834;94.481987;80.388245,npp_d20250901_t1916136_e1917378_b71752;npp_d20250901_t1917390_e1919032_b71752;npp_d20250901_t1919044_e1920286_b71752;npp_d20250901_t1920298_e1921540_b71752,143.835,57.8993,44.8488,-79.216,109.847,-116.397
83,VBD_npp_d20250901_t1917304_x1009000E_y119760N_l0693_s2962_v23,2025-09-01 21:28:11,11.976005,100.899963,2.604,2025-09-01 19:17:30,2025-09-02 02:17:30,693,2962,0.109358,2,2337,0.075189,0.055,0.762375,0.4,0.485833,0.75,2.36598e-13,0.0001,4.96016e-197,999999,9.096749e-02,3,Thailand Exclusive Economic Zone,,,SVDNB_npp_d20250901_t1916136_e1917378_b71752_c20250901204553968000_oeac_ops.h5,GDNBO_npp_d20250901_t1916136_e1917378_b71752_c20250901204326248000_oeac_ops.h5,SVI04_npp_d20250901_t1916136_e1917378_b71752_c20250901204601844000_oeac_ops.dspace_rad,,eez_v11.shp,WPP_BFAR_merge.shp,vbd_mpa_r20170830.shp,VNF-VBD_npp_20120301-20151231_global_asia-enhanced_c201607211230.bitmask,vbd_landsea_r20220824.mask,timezone.shp,VBD_platforms-recurring_2015_r20170330.shp,999999,VBD_bridges_c20160811.shp,19.263617;17.565863;14.866443;10.044974;12.555928;14.352664,81.220650;95.655334;109.662376;108.232834;94.481987;80.388245,npp_d20250901_t1916136_e1917378_b71752;npp_d20250901_t1917390_e1919032_b71752;npp_d20250901_t1919044_e1920286_b71752;npp_d20250901_t1920298_e1921540_b71752,143.859,57.95,44.8833,-79.7851,109.826,-116.411
84,VBD_npp_d20250901_t1917304_x1008898E_y119222N_l0701_s2962_v23,2025-09-01 21:28:11,11.922247,100.889839,3.74974,2025-09-01 19:17:30,2025-09-02 02:17:30,701,2962,0.0916462,7,2337,0.148407,0.055,0.732035,0.4,0.578458,0.75,2.36598e-13,0.0001,6.20895e-196,999999,1.993849e-01,3,,,,SVDNB_npp_d20250901_t1916136_e1917378_b71752_c20250901204553968000_oeac_ops.h5,GDNBO_npp_d20250901_t1916136_e1917378_b71752_c20250901204326248000_oeac_ops.h5,SVI04_npp_d20250901_t1916136_e1917378_b71752_c20250901204601844000_oeac_ops.dspace_rad,,eez_v11.shp,WPP_BFAR_merge.shp,vbd_mpa_r20170830.shp,VNF-VBD_npp_20120301-20151231_global_asia-enhanced_c201607211230.bitmask,vbd_landsea_r20220824.mask,timezone.shp,VBD_platforms-recurring_2015_r20170330.shp,999999,VBD_bridges_c20160811.shp,19.263617;17.565863;14.866443;10.044974;12.555928;14.352664,81.220650;95.655334;109.662376;108.232834;94.481987;80.388245,npp_d20250901_t1916136_e1917378_b71752;npp_d20250901_t1917390_e1919032_b71752;npp_d20250901_t1919044_e1920286_b71752;npp_d20250901_t1920298_e1921540_b71752,143.896,58.0032,44.8832,-79.2898,109.794,-116.428
85,VBD_npp_d20250901_t1917304_x1009201E_y119724N_l0693_s2965_v23,2025-09-01 21:28:11,11.972381,100.920120,3.66824,2025-09-01 19:17:30,2025-09-02 02:17:30,693,2965,0.0987593,2,2337,0.139158,0.055,0.705322,0.4,0.55221,0.75,2.31746e-13,0.0001,6.35178e-199,999999,6.121891e-02,3,Thailand Exclusive Economic Zone,,,SVDNB_npp_d20250901_t1916136_e1917378_b71752_c20250901204553968000_oeac_ops.h5,GDNBO_npp_d20250901_t1916136_e1917378_b71752_c20250901204326248000_oeac_ops.h5,SVI04_npp_d20250901_t1916136_e1917378_b71752_c20250901204601844000_oeac_ops.dspace_rad,,eez_v11.shp,WPP_BFAR_merge.shp,vbd_mpa_r20170830.shp,VNF-VBD_npp_20120301-20151231_global_asia-enhanced_c201607211230.bitmask,vbd_landsea_r20220824.mask,timezone.shp,VBD_platforms-recurring_2015_r20170330.shp,999999,VBD_bridges_c20160811.shp,19.263617;17.565863;14.866443;10.044974;12.555928;14.352664,81.220650;95.655334;109.662376;108.232834;94.481987;80.388245,npp_d20250901_t1916136_e1917378_b71752;npp_d20250901_t1917390_e1919032_b71752;npp_d20250901_t1919044_e1920286_b71752;npp_d20250901_t1920298_e1921540_b71752,143.844,57.9727,44.9849,-79.7807,109.842,-116.411
86,VBD_npp_d20250901_t1917304_x1009087E_y119118N_l0702_s2965_v23,2025-09-01 21:28:11,11.911819,100.908707,3.68078,2025-09-01 19:17:30,2025-09-02 02:17:30,702,2965,0.134182,7,18721,0.126093,0.055,0.807398,0.4,0.548972,0.75,2.31746e-13,0.0001,1.1204e-197,999999,1.744882e-01,3,,,,SVDNB_npp_d20250901_t1916136_e1917378_b71752_c20250901204553968000_oeac_ops.h5,GDNBO_npp_d20250901_t1916136_e1917378_b71752_c20250901204326248000_oeac_ops.h5,SVI04_npp_d20250901_t1916136_e1917378_b71752_c20250901204601844000_oeac_ops.dspace_rad,,eez_v11.shp,WPP_BFAR_merge.shp,vbd_mpa_r20170830.shp,VNF-VBD_npp_20120301-20151231_global_asia-enhanced_c201607211230.bitmask,vbd_landsea_r20220824.mask,timezone.shp,VBD_platforms-recurring_2015_r20170330.shp,0.389795,VBD_bridges_c20160811.shp,19.263617;17.565863;14.866443;10.044974;12.555928;14.352664,81.220650;95.655334;109.662376;108.232834;94.481987;80.388245,npp_d20250901_t1916136_e1917378_b71752;npp_d20250901_t1917390_e1919032_b71752;npp_d20250901_t1919044_e1920286_b71752;npp_d20250901_t1920298_e1921540_b71752,143.886,58.0326,44.9849,-79.2245,109.806,-116.43
87,VBD_npp_d20250901_t1917322_x1009032E_y118814N_l0707_s2966_v23,2025-09-01 21:28:11,11.881377,100.903175,3.68295,2025-09-01 19:17:32,2025-09-02 02:17:32,707,2966,0.136601,7,2337,0.175563,0.055,0.786679,0.4,0.642251,0.75,2.30129e-13,0.0001,7.6938e-199,999999,-1.799124e-01,3,,,,SVDNB_npp_d20250901_t1916136_e1917378_b71752_c20250901204553968000_oeac_ops.h5,GDNBO_npp_d20250901_t1916136_e1917378_b71752_c20250901204326248000_oeac_ops.h5,SVI04_npp_d20250901_t1916136_e1917378_b71752_c20250901204601844000_oeac_ops.dspace_rad,,eez_v11.shp,WPP_BFAR_merge.shp,vbd_mpa_r20170830.shp,VNF-VBD_npp_20120301-20151231_global_asia-enhanced_c201607211230.bitmask,vbd_landsea_r20220824.mask,timezone.shp,VBD_platforms-recurring_2015_r20170330.shp,999999,VBD_bridges_c20160811.shp,19.263617;17.565863;14.866443;10.044974;12.555928;14.352664,81.220650;95.655334;109.662376;108.232834;94.481987;80.388245,npp_d20250901_t1916136_e1917378_b71752;npp_d20250901_t1917390_e1919032_b71752;npp_d20250901_t1919044_e1920286_b71752;npp_d20250901_t1920298_e1921540_b71752,143.9,58.0698,45.021,-79.9207,109.793,-116.44
88,VBD_npp_d20250901_t1917304_x1009222E_y119093N_l0702_s2967_v23,2025-09-01 21:28:11,11.909337,100.922173,20.4763,2025-09-01 19:17:30,2025-09-02 02:17:30,702,2967,0.175581,1,2401,0.648583,0.055,0.842699,0.4,0.912265,0.75,2.28512e-13,0.0001,6.04152e-199,999999,2.021866e-01,3,Thailand Exclusive Economic Zone,,,SVDNB_npp_d20250901_t1916136_e1917378_b71752_c20250901204553968000_oeac_ops.h5,GDNBO_npp_d20250901_t1916136_e1917378_b71752_c20250901204326248000_oeac_ops.h5,SVI04_npp_d20250901_t1916136_e1917378_b71752_c20250901204601844000_oeac_ops.dspace_rad,,eez_v11.shp,WPP_BFAR_merge.shp,vbd_mpa_r20170830.shp,VNF-VBD_npp_20120301-20151231_global_asia-enhanced_c201607211230.bitmask,vbd_landsea_r20220824.mask,timezone.shp,VBD_platforms-recurring_2015_r20170330.shp,999999,VBD_bridges_c20160811.shp,19.263617;17.565863;14.866443;10.044974;12.555928;14.352664,81.220650;95.655334;109.662376;108.232834;94.481987;80.388245,npp_d20250901_t1916136_e1917378_b71752;npp_d20250901_t1917390_e1919032_b71752;npp_d20250901_t1919044_e1920286_b71752;npp_d20250901_t1920298_e1921540_b71752,143.876,58.0478,45.0527,-79.2222,109.816,-116.43
89,VBD_npp_d20250901_t1917286_x1009597E_y119971N_l0688_s2969_v23,2025-09-01 21:28:11,11.997123,100.959679,2.52162,2025-09-01 19:17:28,2025-09-02 02:17:28,688,2969,0.0641896,2,2337,0.0676564,0.055,0.620045,0.4,0.411722,0.75,2.25277e-13,0.0001,5.32008e-201,999999,2.304673e-02,3,Thailand Exclusive Economic Zone,,,SVDNB_npp_d20250901_t1916136_e1917378_b71752_c20250901204553968000_oeac_ops.h5,GDNBO_npp_d20250901_t1916136_e1917378_b71752_c20250901204326248000_oeac_ops.h5,SVI04_npp_d20250901_t1916136_e1917378_b71752_c20250901204601844000_oeac_ops.dspace_rad,,eez_v11.shp,WPP_BFAR_merge.shp,vbd_mpa_r20170830.shp,VNF-VBD_npp_20120301-20151231_global_asia-enhanced_c201607211230.bitmask,vbd_landsea_r20220824.mask,timezone.shp,VBD_platforms-recurring_2015_r20170330.shp,999999,VBD_bridges_c20160811.shp,19.263617;17.565863;14.866443;10.044974;12.555928;14.352664,81.220650;95.655334;109.662376;108.232834;94.481987;80.388245,npp_d20250901_t1916136_e1917378_b71752;npp_d20250901_t1917390_e1919032_b71752;npp_d20250901_t1919044_e1920286_b71752;npp_d20250901_t1920298_e1921540_b71752,143.805,57.9735,45.1202,-79.0835,109.881,-116.402
90,VBD_npp_d20250901_t1917304_x1009357E_y119068N_l0702_s2969_v23,2025-09-01 21:28:11,11.906849,100.935669,19.5566,2025-09-01 19:17:30,2025-09-02 02:17:30,702,2969,0.248917,1,2401,0.477291,0.055,0.842699,0.4,0.827382,0.75,2.25277e-13,0.0001,3.16017e-200,999999,4.362690e-02,3,Thailand Exclusive Economic Zone,,,SVDNB_npp_d20250901_t1916136_e1917378_b71752_c20250901204553968000_oeac_ops.h5,GDNBO_npp_d20250901_t1916136_e1917378_b71752_c20250901204326248000_oeac_ops.h5,SVI04_npp_d20250901_t1916136_e1917378_b71752_c20250901204601844000_oeac_ops.dspace_rad,,eez_v11.shp,WPP_BFAR_merge.shp,vbd_mpa_r20170830.shp,VNF-VBD_npp_20120301-20151231_global_asia-enhanced_c201607211230.bitmask,vbd_landsea_r20220824.mask,timezone.shp,VBD_platforms-recurring_2015_r20170330.shp,999999,VBD_bridges_c20160811.shp,19.263617;17.565863;14.866443;10.044974;12.555928;14.352664,81.220650;95.655334;109.662376;108.232834;94.481987;80.388245,npp_d20250901_t1916136_e1917378_b71752;npp_d20250901_t1917390_e1919032_b71752;npp_d20250901_t1919044_e1920286_b71752;npp_d20250901_t1920298_e1921540_b71752,143.866,58.0631,45.1205,-79.22,109.827,-116.43
91,VBD_npp_d20250901_t1917304_x1009412E_y118989N_l0703_s2970_v23,2025-09-01 21:28:11,11.898858,100.941154,45.5641,2025-09-01 19:17:30,2025-09-02 02:17:30,703,2970,0.1881,1,2401,0.561927,0.055,0.852735,0.4,0.820698,0.75,2.2366e-13,0.0001,9.83732e-201,999999,2.056644e-02,3,Thailand Exclusive Economic Zone,,,SVDNB_npp_d20250901_t1916136_e1917378_b71752_c20250901204553968000_oeac_ops.h5,GDNBO_npp_d20250901_t1916136_e1917378_b71752_c20250901204326248000_oeac_ops.h5,SVI04_npp_d20250901_t1916136_e1917378_b71752_c20250901204601844000_oeac_ops.dspace_rad,,eez_v11.shp,WPP_BFAR_merge.shp,vbd_mpa_r20170830.shp,VNF-VBD_npp_20120301-20151231_global_asia-enhanced_c201607211230.bitmask,vbd_landsea_r20220824.mask,timezone.shp,VBD_platforms-recurring_2015_r20170330.shp,999999,VBD_bridges_c20160811.shp,19.263617;17.565863;14.866443;10.044974;12.555928;14.352664,81.220650;95.655334;109.662376;108.232834;94.481987;80.388245,npp_d20250901_t1916136_e1917378_b71752;npp_d20250901_t1917390_e1919032_b71752;npp_d20250901_t1919044_e1920286_b71752;npp_d20250901_t1920298_e1921540_b71752,143.866,58.0774,45.1546,-79.1572,109.828,-116.433
92,VBD_npp_d20250901_t1917322_x1009357E_y118686N_l0708_s2971_v23,2025-09-01 21:28:11,11.868594,100.935669,12.2978,2025-09-01 19:17:32,2025-09-02 02:17:32,708,2971,0.179208,1,2401,0.484181,0.055,0.867724,0.4,0.83468,0.75,2.22042e-13,0.0001,6.53521e-202,999999,-3.211243e-01,3,Thailand Exclusive Economic Zone,,,SVDNB_npp_d20250901_t1916136_e1917378_b71752_c20250901204553968000_oeac_ops.h5,GDNBO_npp_d20250901_t1916136_e1917378_b71752_c20250901204326248000_oeac_ops.h5,SVI04_npp_d20250901_t1916136_e1917378_b71752_c20250901204601844000_oeac_ops.dspace_rad,,eez_v11.shp,WPP_BFAR_merge.shp,vbd_mpa_r20170830.shp,VNF-VBD_npp_20120301-20151231_global_asia-enhanced_c201607211230.bitmask,vbd_landsea_r20220824.mask,timezone.shp,VBD_platforms-recurring_2015_r20170330.shp,999999,VBD_bridges_c20160811.shp,19.263617;17.565863;14.866443;10.044974;12.555928;14.352664,81.220650;95.655334;109.662376;108.232834;94.481987;80.388245,npp_d20250901_t1916136_e1917378_b71752;npp_d20250901_t1917390_e1919032_b71752;npp_d20250901_t1919044_e1920286_b71752;npp_d20250901_t1920298_e1921540_b71752,143.88,58.1144,45.1902,-79.8515,109.816,-116.442
93,VBD_npp_d20250901_t1917322_x1009463E_y118876N_l0705_s2972_v23,2025-09-01 21:28:11,11.887631,100.946274,12.6384,2025-09-01 19:17:32,2025-09-02 02:17:32,705,2972,0.165053,7,2337,0.34054,0.055,0.87091,0.4,0.742773,0.75,2.20425e-13,0.0001,5.29753e-203,999999,8.955827e-02,3,,,,SVDNB_npp_d20250901_t1916136_e1917378_b71752_c20250901204553968000_oeac_ops.h5,GDNBO_npp_d20250901_t1916136_e1917378_b71752_c20250901204326248000_oeac_ops.h5,SVI04_npp_d20250901_t1916136_e1917378_b71752_c20250901204601844000_oeac_ops.dspace_rad,,eez_v11.shp,WPP_BFAR_merge.shp,vbd_mpa_r20170830.shp,VNF-VBD_npp_20120301-20151231_global_asia-enhanced_c201607211230.bitmask,vbd_landsea_r20220824.mask,timezone.shp,VBD_platforms-recurring_2015_r20170330.shp,999999,VBD_bridges_c20160811.shp,19.263617;17.565863;14.866443;10.044974;12.555928;14.352664,81.220650;95.655334;109.662376;108.232834;94.481987;80.388245,npp_d20250901_t1916136_e1917378_b71752;npp_d20250901_t1917390_e1919032_b71752;npp_d20250901_t1919044_e1920286_b71752;npp_d20250901_t1920298_e1921540_b71752,143.861,58.1019,45.2249,-80.0346,109.834,-116.435
94,VBD_npp_d20250901_t1917304_x1009627E_y119019N_l0702_s2973_v23,2025-09-01 21:28:11,11.901860,100.962723,19.741,2025-09-01 19:17:30,2025-09-02 02:17:30,702,2973,0.249344,1,2401,0.543403,0.055,0.856081,0.4,0.87715,0.75,2.18808e-13,0.0001,7.95243e-203,999999,-2.638022e-01,3,Thailand Exclusive Economic Zone,,,SVDNB_npp_d20250901_t1916136_e1917378_b71752_c20250901204553968000_oeac_ops.h5,GDNBO_npp_d20250901_t1916136_e1917378_b71752_c20250901204326248000_oeac_ops.h5,SVI04_npp_d20250901_t1916136_e1917378_b71752_c20250901204601844000_oeac_ops.dspace_rad,,eez_v11.shp,WPP_BFAR_merge.shp,vbd_mpa_r20170830.shp,VNF-VBD_npp_20120301-20151231_global_asia-enhanced_c201607211230.bitmask,vbd_landsea_r20220824.mask,timezone.shp,VBD_platforms-recurring_2015_r20170330.shp,999999,VBD_bridges_c20160811.shp,19.263617;17.565863;14.866443;10.044974;12.555928;14.352664,81.220650;95.655334;109.662376;108.232834;94.481987;80.388245,npp_d20250901_t1916136_e1917378_b71752;npp_d20250901_t1917390_e1919032_b71752;npp_d20250901_t1919044_e1920286_b71752;npp_d20250901_t1920298_e1921540_b71752,143.846,58.0936,45.2561,-79.2154,109.848,-116.43
95,VBD_npp_d20250901_t1917304_x1009602E_y118883N_l0704_s2973_v23,2025-09-01 21:28:11,11.888349,100.960182,18.2485,2025-09-01 19:17:30,2025-09-02 02:17:30,704,2973,0.169535,1,2401,0.465373,0.055,0.87091,0.4,0.819618,0.75,2.18808e-13,0.0001,1.51023e-202,999999,-1.120519e-01,3,Thailand Exclusive Economic Zone,,,SVDNB_npp_d20250901_t1916136_e1917378_b71752_c20250901204553968000_oeac_ops.h5,GDNBO_npp_d20250901_t1916136_e1917378_b71752_c20250901204326248000_oeac_ops.h5,SVI04_npp_d20250901_t1916136_e1917378_b71752_c20250901204601844000_oeac_ops.dspace_rad,,eez_v11.shp,WPP_BFAR_merge.shp,vbd_mpa_r20170830.shp,VNF-VBD_npp_20120301-20151231_global_asia-enhanced_c201607211230.bitmask,vbd_landsea_r20220824.mask,timezone.shp,VBD_platforms-recurring_2015_r20170330.shp,999999,VBD_bridges_c20160811.shp,19.263617;17.565863;14.866443;10.044974;12.555928;14.352664,81.220650;95.655334;109.662376;108.232834;94.481987;80.388245,npp_d20250901_t1916136_e1917378_b71752;npp_d20250901_t1917390_e1919032_b71752;npp_d20250901_t1919044_e1920286_b71752;npp_d20250901_t1920298_e1921540_b71752,143.856,58.107,45.2565,-79.0924,109.84,-116.435
96,VBD_npp_d20250901_t1917322_x1009598E_y118852N_l0705_s2974_v23,2025-09-01 21:28:11,11.885218,100.959846,15.4826,2025-09-01 19:17:32,2025-09-02 02:17:32,705,2974,0.184543,1,2401,0.474096,0.055,0.87091,0.4,0.834025,0.75,2.1719e-13,0.0001,2.54382e-204,999999,3.045689e-03,3,Thailand Exclusive Economic Zone,,,SVDNB_npp_d20250901_t1916136_e1917378_b71752_c20250901204553968000_oeac_ops.h5,GDNBO_npp_d20250901_t1916136_e1917378_b71752_c20250901204326248000_oeac_ops.h5,SVI04_npp_d20250901_t1916136_e1917378_b71752_c20250901204601844000_oeac_ops.dspace_rad,,eez_v11.shp,WPP_BFAR_merge.shp,vbd_mpa_r20170830.shp,VNF-VBD_npp_20120301-20151231_global_asia-enhanced_c201607211230.bitmask,vbd_landsea_r20220824.mask,timezone.shp,VBD_platforms-recurring_2015_r20170330.shp,999999,VBD_bridges_c20160811.shp,19.263617;17.565863;14.866443;10.044974;12.555928;14.352664,81.220650;95.655334;109.662376;108.232834;94.481987;80.388245,npp_d20250901_t1916136_e1917378_b71752;npp_d20250901_t1917390_e1919032_b71752;npp_d20250901_t1919044_e1920286_b71752;npp_d20250901_t1920298_e1921540_b71752,143.851,58.1171,45.2928,-80.0313,109.845,-116.435
97,VBD_npp_d20250901_t1917304_x1009750E_y118926N_l0703_s2975_v23,2025-09-01 21:28:11,11.892593,100.975029,22.2205,2025-09-01 19:17:30,2025-09-02 02:17:30,703,2975,0.237607,1,2401,0.591974,0.055,0.873332,0.4,0.840872,0.75,2.15808e-13,0.0001,5.26229e-204,999999,-1.053267e-01,3,Thailand Exclusive Economic Zone,,,SVDNB_npp_d20250901_t1916136_e1917378_b71752_c20250901204553968000_oeac_ops.h5,GDNBO_npp_d20250901_t1916136_e1917378_b71752_c20250901204326248000_oeac_ops.h5,SVI04_npp_d20250901_t1916136_e1917378_b71752_c20250901204601844000_oeac_ops.dspace_rad,,eez_v11.shp,WPP_BFAR_merge.shp,vbd_mpa_r20170830.shp,VNF-VBD_npp_20120301-20151231_global_asia-enhanced_c201607211230.bitmask,vbd_landsea_r20220824.mask,timezone.shp,VBD_platforms-recurring_2015_r20170330.shp,999999,VBD_bridges_c20160811.shp,19.263617;17.565863;14.866443;10.044974;12.555928;14.352664,81.220650;95.655334;109.662376;108.232834;94.481987;80.388245,npp_d20250901_t1916136_e1917378_b71752;npp_d20250901_t1917390_e1919032_b71752;npp_d20250901_t1919044_e1920286_b71752;npp_d20250901_t1920298_e1921540_b71752,143.841,58.1156,45.3241,-79.1517,109.855,-116.433
98,VBD_npp_d20250901_t1917304_x1009933E_y119522N_l0694_s2976_v23,2025-09-01 21:28:11,11.952215,100.993309,9.34376,2025-09-01 19:17:30,2025-09-02 02:17:30,694,2976,0.152534,1,2401,0.438762,0.055,0.747963,0.4,0.818694,0.75,2.14878e-13,0.0001,5.76142e-206,999999,-5.584163e-02,3,Thailand Exclusive Economic Zone,,,SVDNB_npp_d20250901_t1916136_e1917378_b71752_c20250901204553968000_oeac_ops.h5,GDNBO_npp_d20250901_t1916136_e1917378_b71752_c20250901204326248000_oeac_ops.h5,SVI04_npp_d20250901_t1916136_e1917378_b71752_c20250901204601844000_oeac_ops.dspace_rad,,eez_v11.shp,WPP_BFAR_merge.shp,vbd_mpa_r20170830.shp,VNF-VBD_npp_20120301-20151231_global_asia-enhanced_c201607211230.bitmask,vbd_landsea_r20220824.mask,timezone.shp,VBD_platforms-recurring_2015_r20170330.shp,999999,VBD_bridges_c20160811.shp,19.263617;17.565863;14.866443;10.044974;12.555928;14.352664,81.220650;95.655334;109.662376;108.232834;94.481987;80.388245,npp_d20250901_t1916136_e1917378_b71752;npp_d20250901_t1917390_e1919032_b71752;npp_d20250901_t1919044_e1920286_b71752;npp_d20250901_t1920298_e1921540_b71752,143.794,58.0632,45.3577,-79.703,109.897,-116.413
99,VBD_npp_d20250901_t1917304_x1009806E_y118846N_l0704_s2976_v23,2025-09-01 21:28:11,11.884570,100.980553,16.1611,2025-09-01 19:17:30,2025-09-02 02:17:30,704,2976,0.244151,1,2401,0.471506,0.055,0.873332,0.4,0.78362,0.75,2.14878e-13,0.0001,1.57427e-204,999999,-2.210681e-02,3,Thailand Exclusive Economic Zone,,,SVDNB_npp_d20250901_t1916136_e1917378_b71752_c20250901204553968000_oeac_ops.h5,GDNBO_npp_d20250901_t1916136_e1917378_b71752_c20250901204326248000_oeac_ops.h5,SVI04_npp_d20250901_t1916136_e1917378_b71752_c20250901204601844000_oeac_ops.dspace_rad,,eez_v11.shp,WPP_BFAR_merge.shp,vbd_mpa_r20170830.shp,VNF-VBD_npp_20120301-20151231_global_asia-enhanced_c201607211230.bitmask,vbd_landsea_r20220824.mask,timezone.shp,VBD_platforms-recurring_2015_r20170330.shp,999999,VBD_bridges_c20160811.shp,19.263617;17.565863;14.866443;10.044974;12.555928;14.352664,81.220650;95.655334;109.662376;108.232834;94.481987;80.388245,npp_d20250901_t1916136_e1917378_b71752;npp_d20250901_t1917390_e1919032_b71752;npp_d20250901_t1919044_e1920286_b71752;npp_d20250901_t1920298_e1921540_b71752,143.841,58.13,45.3583,-79.0892,109.856,-116.435
100,VBD_npp_d20250901_t1917322_x1009722E_y118760N_l0706_s2976_v23,2025-09-01 21:28:11,11.876033,100.972183,31.8663,2025-09-01 19:17:32,2025-09-02 02:17:32,706,2976,0.226084,1,2401,0.729902,0.055,0.873332,0.4,0.912561,0.75,2.14878e-13,0.0001,1.66832e-205,999999,-8.887705e-02,3,Thailand Exclusive Economic Zone,,,SVDNB_npp_d20250901_t1916136_e1917378_b71752_c20250901204553968000_oeac_ops.h5,GDNBO_npp_d20250901_t1916136_e1917378_b71752_c20250901204326248000_oeac_ops.h5,SVI04_npp_d20250901_t1916136_e1917378_b71752_c20250901204601844000_oeac_ops.dspace_rad,,eez_v11.shp,WPP_BFAR_merge.shp,vbd_mpa_r20170830.shp,VNF-VBD_npp_20120301-20151231_global_asia-enhanced_c201607211230.bitmask,vbd_landsea_r20220824.mask,timezone.shp,VBD_platforms-recurring_2015_r20170330.shp,999999,VBD_bridges_c20160811.shp,19.263617;17.565863;14.866443;10.044974;12.555928;14.352664,81.220650;95.655334;109.662376;108.232834;94.481987;80.388245,npp_d20250901_t1916136_e1917378_b71752;npp_d20250901_t1917390_e1919032_b71752;npp_d20250901_t1919044_e1920286_b71752;npp_d20250901_t1920298_e1921540_b71752,143.846,58.1391,45.3604,-79.9667,109.851,-116.437
101,VBD_npp_d20250901_t1917322_x1009696E_y118625N_l0708_s2976_v23,2025-09-01 21:28:11,11.862504,100.969620,18.3853,2025-09-01 19:17:32,2025-09-02 02:17:32,708,2976,0.24223,1,2401,0.608809,0.055,0.872351,0.4,0.820304,0.75,2.14878e-13,0.0001,3.30203e-205,999999,-1.822505e-01,3,Thailand Exclusive Economic Zone,,,SVDNB_npp_d20250901_t1916136_e1917378_b71752_c20250901204553968000_oeac_ops.h5,GDNBO_npp_d20250901_t1916136_e1917378_b71752_c20250901204326248000_oeac_ops.h5,SVI04_npp_d20250901_t1916136_e1917378_b71752_c20250901204601844000_oeac_ops.dspace_rad,,eez_v11.shp,WPP_BFAR_merge.shp,vbd_mpa_r20170830.shp,VNF-VBD_npp_20120301-20151231_global_asia-enhanced_c201607211230.bitmask,vbd_landsea_r20220824.mask,timezone.shp,VBD_platforms-recurring_2015_r20170330.shp,999999,VBD_bridges_c20160811.shp,19.263617;17.565863;14.866443;10.044974;12.555928;14.352664,81.220650;95.655334;109.662376;108.232834;94.481987;80.388245,npp_d20250901_t1916136_e1917378_b71752;npp_d20250901_t1917390_e1919032_b71752;npp_d20250901_t1919044_e1920286_b71752;npp_d20250901_t1920298_e1921540_b71752,143.855,58.1525,45.3598,-79.8439,109.843,-116.442
102,VBD_npp_d20250901_t1917322_x1009858E_y118736N_l0706_s2978_v23,2025-09-01 21:28:11,11.873599,100.985825,4.98,2025-09-01 19:17:32,2025-09-02 02:17:32,706,2978,0.258377,7,2337,0.0972166,0.055,0.873332,0.4,0.569867,0.75,2.13018e-13,0.0001,7.5379e-207,999999,-3.232473e-01,3,,,,SVDNB_npp_d20250901_t1916136_e1917378_b71752_c20250901204553968000_oeac_ops.h5,GDNBO_npp_d20250901_t1916136_e1917378_b71752_c20250901204326248000_oeac_ops.h5,SVI04_npp_d20250901_t1916136_e1917378_b71752_c20250901204601844000_oeac_ops.dspace_rad,,eez_v11.shp,WPP_BFAR_merge.shp,vbd_mpa_r20170830.shp,VNF-VBD_npp_20120301-20151231_global_asia-enhanced_c201607211230.bitmask,vbd_landsea_r20220824.mask,timezone.shp,VBD_platforms-recurring_2015_r20170330.shp,999999,VBD_bridges_c20160811.shp,19.263617;17.565863;14.866443;10.044974;12.555928;14.352664,81.220650;95.655334;109.662376;108.232834;94.481987;80.388245,npp_d20250901_t1916136_e1917378_b71752;npp_d20250901_t1917390_e1919032_b71752;npp_d20250901_t1919044_e1920286_b71752;npp_d20250901_t1920298_e1921540_b71752,143.836,58.1544,45.4283,-79.9635,109.862,-116.437
103,VBD_npp_d20250901_t1917322_x1009914E_y118656N_l0707_s2979_v23,2025-09-01 21:28:11,11.865606,100.991371,32.4017,2025-09-01 19:17:32,2025-09-02 02:17:32,707,2979,0.252829,1,2401,0.82835,0.055,0.853504,0.4,0.920199,0.75,2.12088e-13,0.0001,2.24045e-207,999999,-4.625383e-01,3,Thailand Exclusive Economic Zone,,,SVDNB_npp_d20250901_t1916136_e1917378_b71752_c20250901204553968000_oeac_ops.h5,GDNBO_npp_d20250901_t1916136_e1917378_b71752_c20250901204326248000_oeac_ops.h5,SVI04_npp_d20250901_t1916136_e1917378_b71752_c20250901204601844000_oeac_ops.dspace_rad,,eez_v11.shp,WPP_BFAR_merge.shp,vbd_mpa_r20170830.shp,VNF-VBD_npp_20120301-20151231_global_asia-enhanced_c201607211230.bitmask,vbd_landsea_r20220824.mask,timezone.shp,VBD_platforms-recurring_2015_r20170330.shp,999999,VBD_bridges_c20160811.shp,19.263617;17.565863;14.866443;10.044974;12.555928;14.352664,81.220650;95.655334;109.662376;108.232834;94.481987;80.388245,npp_d20250901_t1916136_e1917378_b71752;npp_d20250901_t1917390_e1919032_b71752;npp_d20250901_t1919044_e1920286_b71752;npp_d20250901_t1920298_e1921540_b71752,143.836,58.1687,45.462,-79.9007,109.863,-116.44
104,VBD_npp_d20250901_t1917304_x1017834E_y117934N_l0696_s3094_v23,2025-09-01 21:28:11,11.793388,101.783386,1.52441,2025-09-01 19:17:30,2025-09-02 02:17:30,696,3094,0.0385113,10,2305,0.0590919,0.055,0.267019,0.4,0.520924,0.75,1.13304e-13,0.0001,1.91586e-306,999999,1.878697e-02,3,Thailand Exclusive Economic Zone,,,SVDNB_npp_d20250901_t1916136_e1917378_b71752_c20250901204553968000_oeac_ops.h5,GDNBO_npp_d20250901_t1916136_e1917378_b71752_c20250901204326248000_oeac_ops.h5,SVI04_npp_d20250901_t1916136_e1917378_b71752_c20250901204601844000_oeac_ops.dspace_rad,,eez_v11.shp,WPP_BFAR_merge.shp,vbd_mpa_r20170830.shp,VNF-VBD_npp_20120301-20151231_global_asia-enhanced_c201607211230.bitmask,vbd_landsea_r20220824.mask,timezone.shp,VBD_platforms-recurring_2015_r20170330.shp,999999,VBD_bridges_c20160811.shp,19.263617;17.565863;14.866443;10.044974;12.555928;14.352664,81.220650;95.655334;109.662376;108.232834;94.481987;80.388245,npp_d20250901_t1916136_e1917378_b71752;npp_d20250901_t1917390_e1919032_b71752;npp_d20250901_t1919044_e1920286_b71752;npp_d20250901_t1920298_e1921540_b71752,143.218,58.9547,49.1203,-79.419,110.516,-116.421
2,VBD_npp_d20250901_t1918024_x0979524E_y104942N_l0220_s2593_v23,2025-09-01 21:28:11,10.494248,97.952370,31.3929,2025-09-01 19:18:02,2025-09-02 01:48:02,220,2593,0.29565,1,2401,0.845562,0.055,0.833262,0.4,0.944002,0.75,8.24656e-12,0.0001,1.15906e-64,999999,-2.412002e-03,3,Myanmar Exclusive Economic Zone,,,SVDNB_npp_d20250901_t1917390_e1919032_b71752_c20250901204547765000_oeac_ops.h5,GDNBO_npp_d20250901_t1917390_e1919032_b71752_c20250901204324159000_oeac_ops.h5,SVI04_npp_d20250901_t1917390_e1919032_b71752_c20250901204601183000_oeac_ops.dspace_rad,,eez_v11.shp,WPP_BFAR_merge.shp,vbd_mpa_r20170830.shp,VNF-VBD_npp_20120301-20151231_global_asia-enhanced_c201607211230.bitmask,vbd_landsea_r20220824.mask,timezone.shp,VBD_platforms-recurring_2015_r20170330.shp,999999,VBD_bridges_c20160811.shp,14.355770;12.550855;10.047329;5.199992;7.537566;9.452507,80.383789;94.474220;108.227211;106.936050;93.332306;79.482437,npp_d20250901_t1916136_e1917378_b71752;npp_d20250901_t1917390_e1919032_b71752;npp_d20250901_t1919044_e1920286_b71752;npp_d20250901_t1920298_e1921540_b71752,146.983,57.0632,30.2563,-79.8862,106.706,-116.986
3,VBD_npp_d20250901_t1918024_x0979789E_y104827N_l0221_s2597_v23,2025-09-01 21:28:11,10.482692,97.978912,11.8667,2025-09-01 19:18:02,2025-09-02 01:48:02,221,2597,0.22587,1,2401,0.422184,0.055,0.810324,0.4,0.778134,0.75,8.13274e-12,0.0001,2.70266e-65,999999,-5.937970e-02,3,Myanmar Exclusive Economic Zone,,,SVDNB_npp_d20250901_t1917390_e1919032_b71752_c20250901204547765000_oeac_ops.h5,GDNBO_npp_d20250901_t1917390_e1919032_b71752_c20250901204324159000_oeac_ops.h5,SVI04_npp_d20250901_t1917390_e1919032_b71752_c20250901204601183000_oeac_ops.dspace_rad,,eez_v11.shp,WPP_BFAR_merge.shp,vbd_mpa_r20170830.shp,VNF-VBD_npp_20120301-20151231_global_asia-enhanced_c201607211230.bitmask,vbd_landsea_r20220824.mask,timezone.shp,VBD_platforms-recurring_2015_r20170330.shp,999999,VBD_bridges_c20160811.shp,14.355770;12.550855;10.047329;5.199992;7.537566;9.452507,80.383789;94.474220;108.227211;106.936050;93.332306;79.482437,npp_d20250901_t1916136_e1917378_b71752;npp_d20250901_t1917390_e1919032_b71752;npp_d20250901_t1919044_e1920286_b71752;npp_d20250901_t1920298_e1921540_b71752,146.968,57.1047,30.4459,-79.7808,106.724,-116.988
4,VBD_npp_d20250901_t1918024_x0980163E_y104566N_l0224_s2603_v23,2025-09-01 21:28:11,10.456577,98.016312,4.0322,2025-09-01 19:18:02,2025-09-02 01:48:02,224,2603,0.0766375,2,2337,0.14156,0.055,0.5644,0.4,0.616019,0.75,8.01851e-12,0.0001,3.57091e-66,999999,4.346983e-01,3,Myanmar Exclusive Economic Zone,,,SVDNB_npp_d20250901_t1917390_e1919032_b71752_c20250901204547765000_oeac_ops.h5,GDNBO_npp_d20250901_t1917390_e1919032_b71752_c20250901204324159000_oeac_ops.h5,SVI04_npp_d20250901_t1917390_e1919032_b71752_c20250901204601183000_oeac_ops.dspace_rad,,eez_v11.shp,WPP_BFAR_merge.shp,vbd_mpa_r20170830.shp,VNF-VBD_npp_20120301-20151231_global_asia-enhanced_c201607211230.bitmask,vbd_landsea_r20220824.mask,timezone.shp,VBD_platforms-recurring_2015_r20170330.shp,999999,VBD_bridges_c20160811.shp,14.355770;12.550855;10.047329;5.199992;7.537566;9.452507,80.383789;94.474220;108.227211;106.936050;93.332306;79.482437,npp_d20250901_t1916136_e1917378_b71752;npp_d20250901_t1917390_e1919032_b71752;npp_d20250901_t1919044_e1920286_b71752;npp_d20250901_t1920298_e1921540_b71752,146.951,57.1759,30.7243,-79.4918,106.745,-116.992
5,VBD_npp_d20250901_t1918024_x0980356E_y105285N_l0213_s2604_v23,2025-09-01 21:28:11,10.528452,98.035614,5.68106,2025-09-01 19:18:02,2025-09-02 01:48:02,213,2604,0.236611,2,2337,0.169814,0.055,0.78398,0.4,0.557685,0.75,7.54542e-12,0.0001,7.24874e-67,999999,1.860662e-01,3,Myanmar Exclusive Economic Zone,,,SVDNB_npp_d20250901_t1917390_e1919032_b71752_c20250901204547765000_oeac_ops.h5,GDNBO_npp_d20250901_t1917390_e1919032_b71752_c20250901204324159000_oeac_ops.h5,SVI04_npp_d20250901_t1917390_e1919032_b71752_c20250901204601183000_oeac_ops.dspace_rad,,eez_v11.shp,WPP_BFAR_merge.shp,vbd_mpa_r20170830.shp,VNF-VBD_npp_20120301-20151231_global_asia-enhanced_c201607211230.bitmask,vbd_landsea_r20220824.mask,timezone.shp,VBD_platforms-recurring_2015_r20170330.shp,999999,VBD_bridges_c20160811.shp,14.355770;12.550855;10.047329;5.199992;7.537566;9.452507,80.383789;94.474220;108.227211;106.936050;93.332306;79.482437,npp_d20250901_t1916136_e1917378_b71752;npp_d20250901_t1917390_e1919032_b71752;npp_d20250901_t1919044_e1920286_b71752;npp_d20250901_t1920298_e1921540_b71752,146.896,57.1026,30.7673,-80.5842,106.794,-116.973
6,VBD_npp_d20250901_t1918042_x0980153E_y104511N_l0225_s2604_v23,2025-09-01 21:28:11,10.451113,98.015266,2.85438,2025-09-01 19:18:04,2025-09-02 01:48:04,225,2604,0.203535,2,2337,0.0880197,0.055,0.5644,0.4,0.479779,0.75,8.0185e-12,0.0001,7.45781e-67,999999,2.107002e-01,3,Myanmar Exclusive Economic Zone,,,SVDNB_npp_d20250901_t1917390_e1919032_b71752_c20250901204547765000_oeac_ops.h5,GDNBO_npp_d20250901_t1917390_e1919032_b71752_c20250901204324159000_oeac_ops.h5,SVI04_npp_d20250901_t1917390_e1919032_b71752_c20250901204601183000_oeac_ops.dspace_rad,,eez_v11.shp,WPP_BFAR_merge.shp,vbd_mpa_r20170830.shp,VNF-VBD_npp_20120301-20151231_global_asia-enhanced_c201607211230.bitmask,vbd_landsea_r20220824.mask,timezone.shp,VBD_platforms-recurring_2015_r20170330.shp,999999,VBD_bridges_c20160811.shp,14.355770;12.550855;10.047329;5.199992;7.537566;9.452507,80.383789;94.474220;108.227211;106.936050;93.332306;79.482437,npp_d20250901_t1916136_e1917378_b71752;npp_d20250901_t1917390_e1919032_b71752;npp_d20250901_t1919044_e1920286_b71752;npp_d20250901_t1920298_e1921540_b71752,146.949,57.1894,30.7711,-80.9956,106.748,-116.993
7,VBD_npp_d20250901_t1918042_x0980002E_y103648N_l0238_s2604_v23,2025-09-01 21:28:11,10.364826,98.000198,3.31527,2025-09-01 19:18:04,2025-09-02 01:48:04,238,2604,0.361873,1,2401,0.223379,0.055,0.855311,0.4,0.82116,0.75,8.53101e-12,0.0001,3.17837e-66,999999,3.810081e-02,3,Myanmar Exclusive Economic Zone,,,SVDNB_npp_d20250901_t1917390_e1919032_b71752_c20250901204547765000_oeac_ops.h5,GDNBO_npp_d20250901_t1917390_e1919032_b71752_c20250901204324159000_oeac_ops.h5,SVI04_npp_d20250901_t1917390_e1919032_b71752_c20250901204601183000_oeac_ops.dspace_rad,,eez_v11.shp,WPP_BFAR_merge.shp,vbd_mpa_r20170830.shp,VNF-VBD_npp_20120301-20151231_global_asia-enhanced_c201607211230.bitmask,vbd_landsea_r20220824.mask,timezone.shp,VBD_platforms-recurring_2015_r20170330.shp,999999,VBD_bridges_c20160811.shp,14.355770;12.550855;10.047329;5.199992;7.537566;9.452507,80.383789;94.474220;108.227211;106.936050;93.332306;79.482437,npp_d20250901_t1916136_e1917378_b71752;npp_d20250901_t1917390_e1919032_b71752;npp_d20250901_t1919044_e1920286_b71752;npp_d20250901_t1920298_e1921540_b71752,147.008,57.286,30.7696,-79.7045,106.695,-117.016
8,VBD_npp_d20250901_t1918006_x0980624E_y105642N_l0207_s2606_v23,2025-09-01 21:28:11,10.564167,98.062424,31.9599,2025-09-01 19:18:00,2025-09-02 01:48:00,207,2606,0.294085,1,2401,0.838545,0.055,0.849894,0.4,0.913798,0.75,7.23665e-12,0.0001,6.17155e-67,999999,2.642229e-01,3,Myanmar Exclusive Economic Zone,,,SVDNB_npp_d20250901_t1917390_e1919032_b71752_c20250901204547765000_oeac_ops.h5,GDNBO_npp_d20250901_t1917390_e1919032_b71752_c20250901204324159000_oeac_ops.h5,SVI04_npp_d20250901_t1917390_e1919032_b71752_c20250901204601183000_oeac_ops.dspace_rad,,eez_v11.shp,WPP_BFAR_merge.shp,vbd_mpa_r20170830.shp,VNF-VBD_npp_20120301-20151231_global_asia-enhanced_c201607211230.bitmask,vbd_landsea_r20220824.mask,timezone.shp,VBD_platforms-recurring_2015_r20170330.shp,999999,VBD_bridges_c20160811.shp,14.355770;12.550855;10.047329;5.199992;7.537566;9.452507,80.383789;94.474220;108.227211;106.936050;93.332306;79.482437,npp_d20250901_t1916136_e1917378_b71752;npp_d20250901_t1917390_e1919032_b71752;npp_d20250901_t1919044_e1920286_b71752;npp_d20250901_t1920298_e1921540_b71752,146.861,57.076,30.8567,-79.5841,106.827,-116.963
9,VBD_npp_d20250901_t1918042_x0980200E_y103614N_l0238_s2607_v23,2025-09-01 21:28:11,10.361414,98.019966,16.9378,2025-09-01 19:18:04,2025-09-02 01:48:04,238,2607,0.325169,1,2401,0.721871,0.055,0.858787,0.4,0.960191,0.75,8.40452e-12,0.0001,1.01047e-66,999999,-1.114127e-01,3,Myanmar Exclusive Economic Zone,,,SVDNB_npp_d20250901_t1917390_e1919032_b71752_c20250901204547765000_oeac_ops.h5,GDNBO_npp_d20250901_t1917390_e1919032_b71752_c20250901204324159000_oeac_ops.h5,SVI04_npp_d20250901_t1917390_e1919032_b71752_c20250901204601183000_oeac_ops.dspace_rad,,eez_v11.shp,WPP_BFAR_merge.shp,vbd_mpa_r20170830.shp,VNF-VBD_npp_20120301-20151231_global_asia-enhanced_c201607211230.bitmask,vbd_landsea_r20220824.mask,timezone.shp,VBD_platforms-recurring_2015_r20170330.shp,999999,VBD_bridges_c20160811.shp,14.355770;12.550855;10.047329;5.199992;7.537566;9.452507,80.383789;94.474220;108.227211;106.936050;93.332306;79.482437,npp_d20250901_t1916136_e1917378_b71752;npp_d20250901_t1917390_e1919032_b71752;npp_d20250901_t1919044_e1920286_b71752;npp_d20250901_t1920298_e1921540_b71752,146.993,57.3101,30.9035,-79.7035,106.711,-117.016
10,VBD_npp_d20250901_t1918024_x0980608E_y105173N_l0214_s2608_v23,2025-09-01 21:28:11,10.517346,98.060822,5.47189,2025-09-01 19:18:02,2025-09-02 01:48:02,214,2608,0.244151,2,2337,0.0992741,0.055,0.760227,0.4,0.385869,0.75,7.43492e-12,0.0001,1.72977e-67,999999,4.121772e-01,3,Myanmar Exclusive Economic Zone,,,SVDNB_npp_d20250901_t1917390_e1919032_b71752_c20250901204547765000_oeac_ops.h5,GDNBO_npp_d20250901_t1917390_e1919032_b71752_c20250901204324159000_oeac_ops.h5,SVI04_npp_d20250901_t1917390_e1919032_b71752_c20250901204601183000_oeac_ops.dspace_rad,,eez_v11.shp,WPP_BFAR_merge.shp,vbd_mpa_r20170830.shp,VNF-VBD_npp_20120301-20151231_global_asia-enhanced_c201607211230.bitmask,vbd_landsea_r20220824.mask,timezone.shp,VBD_platforms-recurring_2015_r20170330.shp,999999,VBD_bridges_c20160811.shp,14.355770;12.550855;10.047329;5.199992;7.537566;9.452507,80.383789;94.474220;108.227211;106.936050;93.332306;79.482437,npp_d20250901_t1916136_e1917378_b71752;npp_d20250901_t1917390_e1919032_b71752;npp_d20250901_t1919044_e1920286_b71752;npp_d20250901_t1920298_e1921540_b71752,146.881,57.1421,30.9455,-80.4794,106.811,-116.974
11,VBD_npp_d20250901_t1918024_x0980663E_y105096N_l0215_s2609_v23,2025-09-01 21:28:11,10.509575,98.066261,5.04051,2025-09-01 19:18:02,2025-09-02 01:48:02,215,2609,0.238389,2,2337,0.0749768,0.055,0.6008,0.4,0.258445,0.75,7.43589e-12,0.0001,1.31204e-67,999999,5.445023e-01,3,Myanmar Exclusive Economic Zone,,,SVDNB_npp_d20250901_t1917390_e1919032_b71752_c20250901204547765000_oeac_ops.h5,GDNBO_npp_d20250901_t1917390_e1919032_b71752_c20250901204324159000_oeac_ops.h5,SVI04_npp_d20250901_t1917390_e1919032_b71752_c20250901204601183000_oeac_ops.dspace_rad,,eez_v11.shp,WPP_BFAR_merge.shp,vbd_mpa_r20170830.shp,VNF-VBD_npp_20120301-20151231_global_asia-enhanced_c201607211230.bitmask,vbd_landsea_r20220824.mask,timezone.shp,VBD_platforms-recurring_2015_r20170330.shp,999999,VBD_bridges_c20160811.shp,14.355770;12.550855;10.047329;5.199992;7.537566;9.452507,80.383789;94.474220;108.227211;106.936050;93.332306;79.482437,npp_d20250901_t1916136_e1917378_b71752;npp_d20250901_t1917390_e1919032_b71752;npp_d20250901_t1919044_e1920286_b71752;npp_d20250901_t1920298_e1921540_b71752,146.881,57.1575,30.99,-80.3793,106.812,-116.976
12,VBD_npp_d20250901_t1918024_x0980783E_y105007N_l0216_s2611_v23,2025-09-01 21:28:11,10.500670,98.078339,5.89382,2025-09-01 19:18:02,2025-09-02 01:48:02,216,2611,0.240879,2,2337,0.124742,0.055,0.593864,0.4,0.529476,0.75,7.39859e-12,0.0001,6.70618e-68,999999,6.875771e-01,3,Myanmar Exclusive Economic Zone,,,SVDNB_npp_d20250901_t1917390_e1919032_b71752_c20250901204547765000_oeac_ops.h5,GDNBO_npp_d20250901_t1917390_e1919032_b71752_c20250901204324159000_oeac_ops.h5,SVI04_npp_d20250901_t1917390_e1919032_b71752_c20250901204601183000_oeac_ops.dspace_rad,,eez_v11.shp,WPP_BFAR_merge.shp,vbd_mpa_r20170830.shp,VNF-VBD_npp_20120301-20151231_global_asia-enhanced_c201607211230.bitmask,vbd_landsea_r20220824.mask,timezone.shp,VBD_platforms-recurring_2015_r20170330.shp,999999,VBD_bridges_c20160811.shp,14.355770;12.550855;10.047329;5.199992;7.537566;9.452507,80.383789;94.474220;108.227211;106.936050;93.332306;79.482437,npp_d20250901_t1916136_e1917378_b71752;npp_d20250901_t1917390_e1919032_b71752;npp_d20250901_t1919044_e1920286_b71752;npp_d20250901_t1920298_e1921540_b71752,146.876,57.1811,31.0792,-80.2784,106.819,-116.978
13,VBD_npp_d20250901_t1918006_x0981149E_y106305N_l0196_s2612_v23,2025-09-01 21:28:11,10.630535,98.114883,15.2408,2025-09-01 19:18:00,2025-09-02 01:48:00,196,2612,0.209652,1,2401,0.412822,0.055,0.620011,0.4,0.75724,0.75,6.60346e-12,0.0001,1.70381e-68,999999,1.073126e-01,3,Myanmar Exclusive Economic Zone,,,SVDNB_npp_d20250901_t1917390_e1919032_b71752_c20250901204547765000_oeac_ops.h5,GDNBO_npp_d20250901_t1917390_e1919032_b71752_c20250901204324159000_oeac_ops.h5,SVI04_npp_d20250901_t1917390_e1919032_b71752_c20250901204601183000_oeac_ops.dspace_rad,,eez_v11.shp,WPP_BFAR_merge.shp,vbd_mpa_r20170830.shp,VNF-VBD_npp_20120301-20151231_global_asia-enhanced_c201607211230.bitmask,vbd_landsea_r20220824.mask,timezone.shp,VBD_platforms-recurring_2015_r20170330.shp,999999,VBD_bridges_c20160811.shp,14.355770;12.550855;10.047329;5.199992;7.537566;9.452507,80.383789;94.474220;108.227211;106.936050;93.332306;79.482437,npp_d20250901_t1916136_e1917378_b71752;npp_d20250901_t1917390_e1919032_b71752;npp_d20250901_t1919044_e1920286_b71752;npp_d20250901_t1920298_e1921540_b71752,146.781,57.0434,31.1239,-80.6637,106.903,-116.943
14,VBD_npp_d20250901_t1918024_x0980936E_y104706N_l0220_s2614_v23,2025-09-01 21:28:11,10.470625,98.093575,4.74244,2025-09-01 19:18:02,2025-09-02 01:48:02,220,2614,0.272746,2,2337,0.0967649,0.055,0.493896,0.4,0.338282,0.75,7.43487e-12,0.0001,3.21918e-68,999999,2.249353e-01,3,Myanmar Exclusive Economic Zone,,,SVDNB_npp_d20250901_t1917390_e1919032_b71752_c20250901204547765000_oeac_ops.h5,GDNBO_npp_d20250901_t1917390_e1919032_b71752_c20250901204324159000_oeac_ops.h5,SVI04_npp_d20250901_t1917390_e1919032_b71752_c20250901204601183000_oeac_ops.dspace_rad,,eez_v11.shp,WPP_BFAR_merge.shp,vbd_mpa_r20170830.shp,VNF-VBD_npp_20120301-20151231_global_asia-enhanced_c201607211230.bitmask,vbd_landsea_r20220824.mask,timezone.shp,VBD_platforms-recurring_2015_r20170330.shp,999999,VBD_bridges_c20160811.shp,14.355770;12.550855;10.047329;5.199992;7.537566;9.452507,80.383789;94.474220;108.227211;106.936050;93.332306;79.482437,npp_d20250901_t1916136_e1917378_b71752;npp_d20250901_t1917390_e1919032_b71752;npp_d20250901_t1919044_e1920286_b71752;npp_d20250901_t1920298_e1921540_b71752,146.879,57.235,31.2136,-79.8829,106.819,-116.984
15,VBD_npp_d20250901_t1918006_x0981243E_y105672N_l0205_s2615_v23,2025-09-01 21:28:11,10.567179,98.124290,9.26527,2025-09-01 19:18:00,2025-09-02 01:48:00,205,2615,0.223096,2,2337,0.293468,0.055,0.718429,0.4,0.62714,0.75,6.83705e-12,0.0001,1.44123e-68,999999,1.687261e-02,3,Myanmar Exclusive Economic Zone,,,SVDNB_npp_d20250901_t1917390_e1919032_b71752_c20250901204547765000_oeac_ops.h5,GDNBO_npp_d20250901_t1917390_e1919032_b71752_c20250901204324159000_oeac_ops.h5,SVI04_npp_d20250901_t1917390_e1919032_b71752_c20250901204601183000_oeac_ops.dspace_rad,,eez_v11.shp,WPP_BFAR_merge.shp,vbd_mpa_r20170830.shp,VNF-VBD_npp_20120301-20151231_global_asia-enhanced_c201607211230.bitmask,vbd_landsea_r20220824.mask,timezone.shp,VBD_platforms-recurring_2015_r20170330.shp,999999,VBD_bridges_c20160811.shp,14.355770;12.550855;10.047329;5.199992;7.537566;9.452507,80.383789;94.474220;108.227211;106.936050;93.332306;79.482437,npp_d20250901_t1916136_e1917378_b71752;npp_d20250901_t1917390_e1919032_b71752;npp_d20250901_t1919044_e1920286_b71752;npp_d20250901_t1920298_e1921540_b71752,146.808,57.134,31.2577,-79.7776,106.883,-116.959
16,VBD_npp_d20250901_t1918006_x0981379E_y106060N_l0199_s2616_v23,2025-09-01 21:28:11,10.606044,98.137932,4.77685,2025-09-01 19:18:00,2025-09-02 01:48:00,199,2616,0.216552,2,2337,0.0934632,0.055,0.634927,0.4,0.293354,0.75,6.57883e-12,0.0001,4.8646e-69,999999,-1.710441e-01,3,Myanmar Exclusive Economic Zone,,,SVDNB_npp_d20250901_t1917390_e1919032_b71752_c20250901204547765000_oeac_ops.h5,GDNBO_npp_d20250901_t1917390_e1919032_b71752_c20250901204324159000_oeac_ops.h5,SVI04_npp_d20250901_t1917390_e1919032_b71752_c20250901204601183000_oeac_ops.dspace_rad,,eez_v11.shp,WPP_BFAR_merge.shp,vbd_mpa_r20170830.shp,VNF-VBD_npp_20120301-20151231_global_asia-enhanced_c201607211230.bitmask,vbd_landsea_r20220824.mask,timezone.shp,VBD_platforms-recurring_2015_r20170330.shp,999999,VBD_bridges_c20160811.shp,14.355770;12.550855;10.047329;5.199992;7.537566;9.452507,80.383789;94.474220;108.227211;106.936050;93.332306;79.482437,npp_d20250901_t1916136_e1917378_b71752;npp_d20250901_t1917390_e1919032_b71752;npp_d20250901_t1919044_e1920286_b71752;npp_d20250901_t1920298_e1921540_b71752,146.776,57.0978,31.3018,-80.3637,106.912,-116.948
17,VBD_npp_d20250901_t1918024_x0981245E_y104515N_l0222_s2619_v23,2025-09-01 21:28:11,10.451548,98.124481,7.03298,2025-09-01 19:18:02,2025-09-02 01:48:02,222,2619,0.275875,2,2337,0.186686,0.055,0.592648,0.4,0.497856,0.75,7.3146e-12,0.0001,5.4492e-69,999999,-4.329414e-01,3,Myanmar Exclusive Economic Zone,,,SVDNB_npp_d20250901_t1917390_e1919032_b71752_c20250901204547765000_oeac_ops.h5,GDNBO_npp_d20250901_t1917390_e1919032_b71752_c20250901204324159000_oeac_ops.h5,SVI04_npp_d20250901_t1917390_e1919032_b71752_c20250901204601183000_oeac_ops.dspace_rad,,eez_v11.shp,WPP_BFAR_merge.shp,vbd_mpa_r20170830.shp,VNF-VBD_npp_20120301-20151231_global_asia-enhanced_c201607211230.bitmask,vbd_landsea_r20220824.mask,timezone.shp,VBD_platforms-recurring_2015_r20170330.shp,999999,VBD_bridges_c20160811.shp,14.355770;12.550855;10.047329;5.199992;7.537566;9.452507,80.383789;94.474220;108.227211;106.936050;93.332306;79.482437,npp_d20250901_t1916136_e1917378_b71752;npp_d20250901_t1917390_e1919032_b71752;npp_d20250901_t1919044_e1920286_b71752;npp_d20250901_t1920298_e1921540_b71752,146.864,57.2904,31.4377,-79.6849,106.837,-116.988
18,VBD_npp_d20250901_t1918006_x0981686E_y105458N_l0207_s2622_v23,2025-09-01 21:28:11,10.545753,98.168579,8.99339,2025-09-01 19:18:00,2025-09-02 01:48:00,207,2622,0.221389,2,2337,0.340235,0.055,0.793704,0.4,0.723669,0.75,6.65879e-12,0.0001,1.06059e-69,999999,-3.740019e-01,3,Myanmar Exclusive Economic Zone,,,SVDNB_npp_d20250901_t1917390_e1919032_b71752_c20250901204547765000_oeac_ops.h5,GDNBO_npp_d20250901_t1917390_e1919032_b71752_c20250901204324159000_oeac_ops.h5,SVI04_npp_d20250901_t1917390_e1919032_b71752_c20250901204601183000_oeac_ops.dspace_rad,,eez_v11.shp,WPP_BFAR_merge.shp,vbd_mpa_r20170830.shp,VNF-VBD_npp_20120301-20151231_global_asia-enhanced_c201607211230.bitmask,vbd_landsea_r20220824.mask,timezone.shp,VBD_platforms-recurring_2015_r20170330.shp,999999,VBD_bridges_c20160811.shp,14.355770;12.550855;10.047329;5.199992;7.537566;9.452507,80.383789;94.474220;108.227211;106.936050;93.332306;79.482437,npp_d20250901_t1916136_e1917378_b71752;npp_d20250901_t1917390_e1919032_b71752;npp_d20250901_t1919044_e1920286_b71752;npp_d20250901_t1920298_e1921540_b71752,146.783,57.2057,31.5713,-79.5799,106.912,-116.962
19,VBD_npp_d20250901_t1918024_x0981574E_y105216N_l0211_s2622_v23,2025-09-01 21:28:11,10.521622,98.157356,32.9765,2025-09-01 19:18:02,2025-09-02 01:48:02,211,2622,0.240239,1,2401,0.788676,0.055,0.794567,0.4,0.913446,0.75,6.80244e-12,0.0001,4.48227e-70,999999,-9.727557e-02,3,Myanmar Exclusive Economic Zone,,,SVDNB_npp_d20250901_t1917390_e1919032_b71752_c20250901204547765000_oeac_ops.h5,GDNBO_npp_d20250901_t1917390_e1919032_b71752_c20250901204324159000_oeac_ops.h5,SVI04_npp_d20250901_t1917390_e1919032_b71752_c20250901204601183000_oeac_ops.dspace_rad,,eez_v11.shp,WPP_BFAR_merge.shp,vbd_mpa_r20170830.shp,VNF-VBD_npp_20120301-20151231_global_asia-enhanced_c201607211230.bitmask,vbd_landsea_r20220824.mask,timezone.shp,VBD_platforms-recurring_2015_r20170330.shp,999999,VBD_bridges_c20160811.shp,14.355770;12.550855;10.047329;5.199992;7.537566;9.452507,80.383789;94.474220;108.227211;106.936050;93.332306;79.482437,npp_d20250901_t1916136_e1917378_b71752;npp_d20250901_t1917390_e1919032_b71752;npp_d20250901_t1919044_e1920286_b71752;npp_d20250901_t1920298_e1921540_b71752,146.799,57.2329,31.572,-80.7509,106.897,-116.968
20,VBD_npp_d20250901_t1918078_x0980834E_y102230N_l0257_s2622_v23,2025-09-01 21:28:11,10.223028,98.083427,8.6141,2025-09-01 19:18:07,2025-09-02 01:48:07,257,2622,0.214774,2,2337,0.316555,0.055,0.673094,0.4,0.733658,0.75,8.4544e-12,0.0001,1.79216e-69,999999,7.294952e-02,3,Myanmar Exclusive Economic Zone,,,SVDNB_npp_d20250901_t1917390_e1919032_b71752_c20250901204547765000_oeac_ops.h5,GDNBO_npp_d20250901_t1917390_e1919032_b71752_c20250901204324159000_oeac_ops.h5,SVI04_npp_d20250901_t1917390_e1919032_b71752_c20250901204601183000_oeac_ops.dspace_rad,,eez_v11.shp,WPP_BFAR_merge.shp,vbd_mpa_r20170830.shp,VNF-VBD_npp_20120301-20151231_global_asia-enhanced_c201607211230.bitmask,vbd_landsea_r20220824.mask,timezone.shp,VBD_platforms-recurring_2015_r20170330.shp,999999,VBD_bridges_c20160811.shp,14.355770;12.550855;10.047329;5.199992;7.537566;9.452507,80.383789;94.474220;108.227211;106.936050;93.332306;79.482437,npp_d20250901_t1916136_e1917378_b71752;npp_d20250901_t1917390_e1919032_b71752;npp_d20250901_t1919044_e1920286_b71752;npp_d20250901_t1920298_e1921540_b71752,147.003,57.5675,31.5707,-80.9798,106.716,-117.047
21,VBD_npp_d20250901_t1918256_x0978216E_y090805N_l0432_s2623_v23,2025-09-01 21:28:11,9.080531,97.821632,3.8549,2025-09-01 19:18:25,2025-09-02 02:18:25,432,2623,0.246143,2,2337,0.238652,0.055,0.540261,0.4,0.701431,0.75,1.51963e-11,0.0001,1.16008e-66,999999,5.772728e-01,3,Thailand Exclusive Economic Zone,,,SVDNB_npp_d20250901_t1917390_e1919032_b71752_c20250901204547765000_oeac_ops.h5,GDNBO_npp_d20250901_t1917390_e1919032_b71752_c20250901204324159000_oeac_ops.h5,SVI04_npp_d20250901_t1917390_e1919032_b71752_c20250901204601183000_oeac_ops.dspace_rad,,eez_v11.shp,WPP_BFAR_merge.shp,vbd_mpa_r20170830.shp,VNF-VBD_npp_20120301-20151231_global_asia-enhanced_c201607211230.bitmask,vbd_landsea_r20220824.mask,timezone.shp,VBD_platforms-recurring_2015_r20170330.shp,999999,VBD_bridges_c20160811.shp,14.355770;12.550855;10.047329;5.199992;7.537566;9.452507,80.383789;94.474220;108.227211;106.936050;93.332306;79.482437,npp_d20250901_t1916136_e1917378_b71752;npp_d20250901_t1917390_e1919032_b71752;npp_d20250901_t1919044_e1920286_b71752;npp_d20250901_t1920298_e1921540_b71752,147.762,58.9019,31.6171,-79.6276,106.031,-117.337
22,VBD_npp_d20250901_t1918273_x0978205E_y090754N_l0433_s2624_v23,2025-09-01 21:28:11,9.075401,97.820488,5.92592,2025-09-01 19:18:27,2025-09-02 02:18:27,433,2624,0.296077,2,2337,0.183844,0.055,0.540261,0.4,0.635115,0.75,1.51831e-11,0.0001,2.46908e-67,999999,4.873550e-01,3,Thailand Exclusive Economic Zone,,,SVDNB_npp_d20250901_t1917390_e1919032_b71752_c20250901204547765000_oeac_ops.h5,GDNBO_npp_d20250901_t1917390_e1919032_b71752_c20250901204324159000_oeac_ops.h5,SVI04_npp_d20250901_t1917390_e1919032_b71752_c20250901204601183000_oeac_ops.dspace_rad,,eez_v11.shp,WPP_BFAR_merge.shp,vbd_mpa_r20170830.shp,VNF-VBD_npp_20120301-20151231_global_asia-enhanced_c201607211230.bitmask,vbd_landsea_r20220824.mask,timezone.shp,VBD_platforms-recurring_2015_r20170330.shp,999999,VBD_bridges_c20160811.shp,14.355770;12.550855;10.047329;5.199992;7.537566;9.452507,80.383789;94.474220;108.227211;106.936050;93.332306;79.482437,npp_d20250901_t1916136_e1917378_b71752;npp_d20250901_t1917390_e1919032_b71752;npp_d20250901_t1919044_e1920286_b71752;npp_d20250901_t1920298_e1921540_b71752,147.759,58.9149,31.6623,-81.0858,106.033,-117.338
23,VBD_npp_d20250901_t1918060_x0981142E_y102364N_l0254_s2625_v23,2025-09-01 21:28:11,10.236393,98.114197,4.12711,2025-09-01 19:18:06,2025-09-02 01:48:06,254,2625,0.199623,2,2337,0.142985,0.055,0.627058,0.4,0.483517,0.75,8.21081e-12,0.0001,1.35271e-69,999999,-1.072516e-01,3,Myanmar Exclusive Economic Zone,,,SVDNB_npp_d20250901_t1917390_e1919032_b71752_c20250901204547765000_oeac_ops.h5,GDNBO_npp_d20250901_t1917390_e1919032_b71752_c20250901204324159000_oeac_ops.h5,SVI04_npp_d20250901_t1917390_e1919032_b71752_c20250901204601183000_oeac_ops.dspace_rad,,eez_v11.shp,WPP_BFAR_merge.shp,vbd_mpa_r20170830.shp,VNF-VBD_npp_20120301-20151231_global_asia-enhanced_c201607211230.bitmask,vbd_landsea_r20220824.mask,timezone.shp,VBD_platforms-recurring_2015_r20170330.shp,999999,VBD_bridges_c20160811.shp,14.355770;12.550855;10.047329;5.199992;7.537566;9.452507,80.383789;94.474220;108.227211;106.936050;93.332306;79.482437,npp_d20250901_t1916136_e1917378_b71752;npp_d20250901_t1917390_e1919032_b71752;npp_d20250901_t1919044_e1920286_b71752;npp_d20250901_t1920298_e1921540_b71752,146.976,57.5733,31.7078,-79.7034,106.743,-117.042
24,VBD_npp_d20250901_t1918078_x0981000E_y101996N_l0260_s2625_v23,2025-09-01 21:28:11,10.199590,98.099991,11.1251,2025-09-01 19:18:07,2025-09-02 01:48:07,260,2625,0.242871,1,2401,0.428522,0.055,0.708326,0.4,0.780763,0.75,8.42277e-12,0.0001,7.51342e-70,999999,3.234091e-01,3,Myanmar Exclusive Economic Zone,,,SVDNB_npp_d20250901_t1917390_e1919032_b71752_c20250901204547765000_oeac_ops.h5,GDNBO_npp_d20250901_t1917390_e1919032_b71752_c20250901204324159000_oeac_ops.h5,SVI04_npp_d20250901_t1917390_e1919032_b71752_c20250901204601183000_oeac_ops.dspace_rad,,eez_v11.shp,WPP_BFAR_merge.shp,vbd_mpa_r20170830.shp,VNF-VBD_npp_20120301-20151231_global_asia-enhanced_c201607211230.bitmask,vbd_landsea_r20220824.mask,timezone.shp,VBD_platforms-recurring_2015_r20170330.shp,999999,VBD_bridges_c20160811.shp,14.355770;12.550855;10.047329;5.199992;7.537566;9.452507,80.383789;94.474220;108.227211;106.936050;93.332306;79.482437,npp_d20250901_t1916136_e1917378_b71752;npp_d20250901_t1917390_e1919032_b71752;npp_d20250901_t1919044_e1920286_b71752;npp_d20250901_t1920298_e1921540_b71752,147.002,57.6144,31.7034,-80.6839,106.72,-117.052
25,VBD_npp_d20250901_t1918273_x0978260E_y090676N_l0434_s2625_v23,2025-09-01 21:28:11,9.067595,97.826027,4.17813,2025-09-01 19:18:27,2025-09-02 02:18:27,434,2625,0.302621,2,2337,0.189113,0.055,0.540261,0.4,0.526996,0.75,1.51691e-11,0.0001,1.87574e-67,999999,4.699181e-01,3,Thailand Exclusive Economic Zone,,,SVDNB_npp_d20250901_t1917390_e1919032_b71752_c20250901204547765000_oeac_ops.h5,GDNBO_npp_d20250901_t1917390_e1919032_b71752_c20250901204324159000_oeac_ops.h5,SVI04_npp_d20250901_t1917390_e1919032_b71752_c20250901204601183000_oeac_ops.dspace_rad,,eez_v11.shp,WPP_BFAR_merge.shp,vbd_mpa_r20170830.shp,VNF-VBD_npp_20120301-20151231_global_asia-enhanced_c201607211230.bitmask,vbd_landsea_r20220824.mask,timezone.shp,VBD_platforms-recurring_2015_r20170330.shp,999999,VBD_bridges_c20160811.shp,14.355770;12.550855;10.047329;5.199992;7.537566;9.452507,80.383789;94.474220;108.227211;106.936050;93.332306;79.482437,npp_d20250901_t1916136_e1917378_b71752;npp_d20250901_t1917390_e1919032_b71752;npp_d20250901_t1919044_e1920286_b71752;npp_d20250901_t1920298_e1921540_b71752,147.758,58.9309,31.7065,-80.9873,106.035,-117.339
26,VBD_npp_d20250901_t1918042_x0981580E_y104065N_l0228_s2626_v23,2025-09-01 21:28:11,10.406548,98.157959,4.08709,2025-09-01 19:18:04,2025-09-02 01:48:04,228,2626,0.199836,10,2305,0.164377,0.055,0.386051,0.4,0.547416,0.75,7.2521e-12,0.0001,1.62044e-70,999999,-4.756580e-01,3,Myanmar Exclusive Economic Zone,,,SVDNB_npp_d20250901_t1917390_e1919032_b71752_c20250901204547765000_oeac_ops.h5,GDNBO_npp_d20250901_t1917390_e1919032_b71752_c20250901204324159000_oeac_ops.h5,SVI04_npp_d20250901_t1917390_e1919032_b71752_c20250901204601183000_oeac_ops.dspace_rad,,eez_v11.shp,WPP_BFAR_merge.shp,vbd_mpa_r20170830.shp,VNF-VBD_npp_20120301-20151231_global_asia-enhanced_c201607211230.bitmask,vbd_landsea_r20220824.mask,timezone.shp,VBD_platforms-recurring_2015_r20170330.shp,999999,VBD_bridges_c20160811.shp,14.355770;12.550855;10.047329;5.199992;7.537566;9.452507,80.383789;94.474220;108.227211;106.936050;93.332306;79.482437,npp_d20250901_t1916136_e1917378_b71752;npp_d20250901_t1917390_e1919032_b71752;npp_d20250901_t1919044_e1920286_b71752;npp_d20250901_t1920298_e1921540_b71752,146.855,57.3891,31.7524,-80.6616,106.852,-116.997
27,VBD_npp_d20250901_t1918024_x0982696E_y104888N_l0213_s2639_v23,2025-09-01 21:28:11,10.488836,98.269554,3.19118,2025-09-01 19:18:02,2025-09-02 01:48:02,213,2639,0.275591,8,18721,0.113174,0.055,0.630151,0.4,0.486915,0.75,6.2404e-12,0.0001,4.12501e-73,999999,-4.825087e-01,3,Myanmar Exclusive Economic Zone,,,SVDNB_npp_d20250901_t1917390_e1919032_b71752_c20250901204547765000_oeac_ops.h5,GDNBO_npp_d20250901_t1917390_e1919032_b71752_c20250901204324159000_oeac_ops.h5,SVI04_npp_d20250901_t1917390_e1919032_b71752_c20250901204601183000_oeac_ops.dspace_rad,,eez_v11.shp,WPP_BFAR_merge.shp,vbd_mpa_r20170830.shp,VNF-VBD_npp_20120301-20151231_global_asia-enhanced_c201607211230.bitmask,vbd_landsea_r20220824.mask,timezone.shp,VBD_platforms-recurring_2015_r20170330.shp,0.785461,VBD_bridges_c20160811.shp,14.355770;12.550855;10.047329;5.199992;7.537566;9.452507,80.383789;94.474220;108.227211;106.936050;93.332306;79.482437,npp_d20250901_t1916136_e1917378_b71752;npp_d20250901_t1917390_e1919032_b71752;npp_d20250901_t1919044_e1920286_b71752;npp_d20250901_t1920298_e1921540_b71752,146.724,57.3864,32.3324,-80.5311,106.98,-116.97
28,VBD_npp_d20250901_t1918006_x0982954E_y105167N_l0208_s2641_v23,2025-09-01 21:28:11,10.516748,98.295441,3.75789,2025-09-01 19:18:00,2025-09-02 01:48:00,208,2641,0.125718,2,2337,0.117647,0.055,0.627614,0.4,0.483318,0.75,6.0048e-12,0.0001,3.65502e-73,999999,-1.032487e-03,3,Myanmar Exclusive Economic Zone,,,SVDNB_npp_d20250901_t1917390_e1919032_b71752_c20250901204547765000_oeac_ops.h5,GDNBO_npp_d20250901_t1917390_e1919032_b71752_c20250901204324159000_oeac_ops.h5,SVI04_npp_d20250901_t1917390_e1919032_b71752_c20250901204601183000_oeac_ops.dspace_rad,,eez_v11.shp,WPP_BFAR_merge.shp,vbd_mpa_r20170830.shp,VNF-VBD_npp_20120301-20151231_global_asia-enhanced_c201607211230.bitmask,vbd_landsea_r20220824.mask,timezone.shp,VBD_platforms-recurring_2015_r20170330.shp,999999,VBD_bridges_c20160811.shp,14.355770;12.550855;10.047329;5.199992;7.537566;9.452507,80.383789;94.474220;108.227211;106.936050;93.332306;79.482437,npp_d20250901_t1916136_e1917378_b71752;npp_d20250901_t1917390_e1919032_b71752;npp_d20250901_t1919044_e1920286_b71752;npp_d20250901_t1920298_e1921540_b71752,146.694,57.3689,32.4225,-79.479,107.009,-116.962
29,VBD_npp_d20250901_t1918024_x0982923E_y104989N_l0211_s2642_v23,2025-09-01 21:28:11,10.498855,98.292320,12.163,2025-09-01 19:18:02,2025-09-02 01:48:02,211,2642,0.165196,1,2401,0.436882,0.055,0.630151,0.4,0.757032,0.75,6.06452e-12,0.0001,8.52815e-74,999999,2.003125e-01,3,Myanmar Exclusive Economic Zone,,,SVDNB_npp_d20250901_t1917390_e1919032_b71752_c20250901204547765000_oeac_ops.h5,GDNBO_npp_d20250901_t1917390_e1919032_b71752_c20250901204324159000_oeac_ops.h5,SVI04_npp_d20250901_t1917390_e1919032_b71752_c20250901204601183000_oeac_ops.dspace_rad,,eez_v11.shp,WPP_BFAR_merge.shp,vbd_mpa_r20170830.shp,VNF-VBD_npp_20120301-20151231_global_asia-enhanced_c201607211230.bitmask,vbd_landsea_r20220824.mask,timezone.shp,VBD_platforms-recurring_2015_r20170330.shp,999999,VBD_bridges_c20160811.shp,14.355770;12.550855;10.047329;5.199992;7.537566;9.452507,80.383789;94.474220;108.227211;106.936050;93.332306;79.482437,npp_d20250901_t1916136_e1917378_b71752;npp_d20250901_t1917390_e1919032_b71752;npp_d20250901_t1919044_e1920286_b71752;npp_d20250901_t1920298_e1921540_b71752,146.7,57.3961,32.4676,-80.7157,107.005,-116.967
30,VBD_npp_d20250901_t1918505_x0983311E_y074920N_l0654_s2751_v23,2025-09-01 21:28:11,7.492019,98.331116,3.71227,2025-09-01 19:18:50,2025-09-02 02:18:50,654,2751,0.299206,2,2337,0.205799,0.055,0.537619,0.4,0.525217,0.75,2.03138e-11,0.0001,2.65339e-88,999999,1.612989e-01,3,Thailand Exclusive Economic Zone,,,SVDNB_npp_d20250901_t1917390_e1919032_b71752_c20250901204547765000_oeac_ops.h5,GDNBO_npp_d20250901_t1917390_e1919032_b71752_c20250901204324159000_oeac_ops.h5,SVI04_npp_d20250901_t1917390_e1919032_b71752_c20250901204601183000_oeac_ops.dspace_rad,,eez_v11.shp,WPP_BFAR_merge.shp,vbd_mpa_r20170830.shp,VNF-VBD_npp_20120301-20151231_global_asia-enhanced_c201607211230.bitmask,vbd_landsea_r20220824.mask,timezone.shp,VBD_platforms-recurring_2015_r20170330.shp,999999,VBD_bridges_c20160811.shp,14.355770;12.550855;10.047329;5.199992;7.537566;9.452507,80.383789;94.474220;108.227211;106.936050;93.332306;79.482437,npp_d20250901_t1916136_e1917378_b71752;npp_d20250901_t1917390_e1919032_b71752;npp_d20250901_t1919044_e1920286_b71752;npp_d20250901_t1920298_e1921540_b71752,148.022,61.6689,37.0944,-79.9551,105.832,-117.703
31,VBD_npp_d20250901_t1918487_x0983841E_y076047N_l0636_s2755_v23,2025-09-01 21:28:11,7.604734,98.384094,2.85466,2025-09-01 19:18:48,2025-09-02 02:18:48,636,2755,0.248703,8,18721,0.177355,0.055,0.536215,0.4,0.741671,0.75,1.83434e-11,0.0001,1.18718e-89,999999,6.085036e-02,3,Thailand Exclusive Economic Zone,,,SVDNB_npp_d20250901_t1917390_e1919032_b71752_c20250901204547765000_oeac_ops.h5,GDNBO_npp_d20250901_t1917390_e1919032_b71752_c20250901204324159000_oeac_ops.h5,SVI04_npp_d20250901_t1917390_e1919032_b71752_c20250901204601183000_oeac_ops.dspace_rad,,eez_v11.shp,WPP_BFAR_merge.shp,vbd_mpa_r20170830.shp,VNF-VBD_npp_20120301-20151231_global_asia-enhanced_c201607211230.bitmask,vbd_landsea_r20220824.mask,timezone.shp,VBD_platforms-recurring_2015_r20170330.shp,0.837005,VBD_bridges_c20160811.shp,14.355770;12.550855;10.047329;5.199992;7.537566;9.452507,80.383789;94.474220;108.227211;106.936050;93.332306;79.482437,npp_d20250901_t1916136_e1917378_b71752;npp_d20250901_t1917390_e1919032_b71752;npp_d20250901_t1919044_e1920286_b71752;npp_d20250901_t1920298_e1921540_b71752,147.929,61.5506,37.2512,-80.098,105.925,-117.676
32,VBD_npp_d20250901_t1918505_x0983850E_y074897N_l0653_s2759_v23,2025-09-01 21:28:11,7.489668,98.385025,2.20623,2025-09-01 19:18:50,2025-09-02 02:18:50,653,2759,0.273172,2,2337,0.133829,0.055,0.462992,0.4,0.665339,0.75,1.9193e-11,0.0001,3.32214e-90,999999,4.904155e-02,3,Thailand Exclusive Economic Zone,,,SVDNB_npp_d20250901_t1917390_e1919032_b71752_c20250901204547765000_oeac_ops.h5,GDNBO_npp_d20250901_t1917390_e1919032_b71752_c20250901204324159000_oeac_ops.h5,SVI04_npp_d20250901_t1917390_e1919032_b71752_c20250901204601183000_oeac_ops.dspace_rad,,eez_v11.shp,WPP_BFAR_merge.shp,vbd_mpa_r20170830.shp,VNF-VBD_npp_20120301-20151231_global_asia-enhanced_c201607211230.bitmask,vbd_landsea_r20220824.mask,timezone.shp,VBD_platforms-recurring_2015_r20170330.shp,999999,VBD_bridges_c20160811.shp,14.355770;12.550855;10.047329;5.199992;7.537566;9.452507,80.383789;94.474220;108.227211;106.936050;93.332306;79.482437,npp_d20250901_t1916136_e1917378_b71752;npp_d20250901_t1917390_e1919032_b71752;npp_d20250901_t1919044_e1920286_b71752;npp_d20250901_t1920298_e1921540_b71752,147.976,61.7198,37.4144,-80.0312,105.878,-117.703
33,VBD_npp_d20250901_t1918451_x0984820E_y078530N_l0597_s2761_v23,2025-09-01 21:28:11,7.853003,98.481979,3.31035,2025-09-01 19:18:45,2025-09-02 02:18:45,597,2761,0.120454,8,18689,0.0607275,0.055,0.137073,0.4,0.316368,0.75,1.46031e-11,0.0001,3.37205e-92,999999,-2.326289e-01,3,Thailand Exclusive Economic Zone,,,SVDNB_npp_d20250901_t1917390_e1919032_b71752_c20250901204547765000_oeac_ops.h5,GDNBO_npp_d20250901_t1917390_e1919032_b71752_c20250901204324159000_oeac_ops.h5,SVI04_npp_d20250901_t1917390_e1919032_b71752_c20250901204601183000_oeac_ops.dspace_rad,,eez_v11.shp,WPP_BFAR_merge.shp,vbd_mpa_r20170830.shp,VNF-VBD_npp_20120301-20151231_global_asia-enhanced_c201607211230.bitmask,vbd_landsea_r20220824.mask,timezone.shp,VBD_platforms-recurring_2015_r20170330.shp,0.611196,VBD_bridges_c20160811.shp,14.355770;12.550855;10.047329;5.199992;7.537566;9.452507,80.383789;94.474220;108.227211;106.936050;93.332306;79.482437,npp_d20250901_t1916136_e1917378_b71752;npp_d20250901_t1917390_e1919032_b71752;npp_d20250901_t1919044_e1920286_b71752;npp_d20250901_t1920298_e1921540_b71752,147.738,61.2778,37.4932,-80.6251,106.112,-117.615
34,VBD_npp_d20250901_t1918398_x0985863E_y080978N_l0558_s2767_v23,2025-09-01 21:28:11,8.097760,98.586258,2.51175,2025-09-01 19:18:39,2025-09-02 02:18:39,558,2767,0.276089,2,2337,0.139432,0.055,0.500528,0.4,0.658785,0.75,1.16241e-11,0.0001,3.78772e-94,999999,-3.093530e-01,1,,,,SVDNB_npp_d20250901_t1917390_e1919032_b71752_c20250901204547765000_oeac_ops.h5,GDNBO_npp_d20250901_t1917390_e1919032_b71752_c20250901204324159000_oeac_ops.h5,SVI04_npp_d20250901_t1917390_e1919032_b71752_c20250901204601183000_oeac_ops.dspace_rad,,eez_v11.shp,WPP_BFAR_merge.shp,vbd_mpa_r20170830.shp,VNF-VBD_npp_20120301-20151231_global_asia-enhanced_c201607211230.bitmask,vbd_landsea_r20220824.mask,timezone.shp,VBD_platforms-recurring_2015_r20170330.shp,999999,VBD_bridges_c20160811.shp,14.355770;12.550855;10.047329;5.199992;7.537566;9.452507,80.383789;94.474220;108.227211;106.936050;93.332306;79.482437,npp_d20250901_t1916136_e1917378_b71752;npp_d20250901_t1917390_e1919032_b71752;npp_d20250901_t1919044_e1920286_b71752;npp_d20250901_t1920298_e1921540_b71752,147.548,61.0127,37.7323,-79.8798,106.298,-117.555
35,VBD_npp_d20250901_t1918451_x0985599E_y078260N_l0599_s2773_v23,2025-09-01 21:28:11,7.825990,98.559883,2.9358,2025-09-01 19:18:45,2025-09-02 02:18:45,599,2773,0.144212,2,2337,0.135884,0.055,0.40234,0.4,0.608339,0.75,1.35444e-11,0.0001,4.94239e-95,999999,-2.140638e-01,3,Thailand Exclusive Economic Zone,,,SVDNB_npp_d20250901_t1917390_e1919032_b71752_c20250901204547765000_oeac_ops.h5,GDNBO_npp_d20250901_t1917390_e1919032_b71752_c20250901204324159000_oeac_ops.h5,SVI04_npp_d20250901_t1917390_e1919032_b71752_c20250901204601183000_oeac_ops.dspace_rad,,eez_v11.shp,WPP_BFAR_merge.shp,vbd_mpa_r20170830.shp,VNF-VBD_npp_20120301-20151231_global_asia-enhanced_c201607211230.bitmask,vbd_landsea_r20220824.mask,timezone.shp,VBD_platforms-recurring_2015_r20170330.shp,999999,VBD_bridges_c20160811.shp,14.355770;12.550855;10.047329;5.199992;7.537566;9.452507,80.383789;94.474220;108.227211;106.936050;93.332306;79.482437,npp_d20250901_t1916136_e1917378_b71752;npp_d20250901_t1917390_e1919032_b71752;npp_d20250901_t1919044_e1920286_b71752;npp_d20250901_t1920298_e1921540_b71752,147.683,61.3845,37.9742,-80.4562,106.168,-117.621
36,VBD_npp_d20250901_t1918006_x0992971E_y104201N_l0197_s2788_v23,2025-09-01 21:28:11,10.420147,99.297112,4.4548,2025-09-01 19:18:00,2025-09-02 02:18:00,197,2788,0.222172,8,18721,0.182202,0.055,0.446378,0.4,0.526992,0.75,2.38535e-12,0.0001,2.20545e-109,999999,-9.949822e-03,3,Thailand Exclusive Economic Zone,,,SVDNB_npp_d20250901_t1917390_e1919032_b71752_c20250901204547765000_oeac_ops.h5,GDNBO_npp_d20250901_t1917390_e1919032_b71752_c20250901204324159000_oeac_ops.h5,SVI04_npp_d20250901_t1917390_e1919032_b71752_c20250901204601183000_oeac_ops.dspace_rad,,eez_v11.shp,WPP_BFAR_merge.shp,vbd_mpa_r20170830.shp,VNF-VBD_npp_20120301-20151231_global_asia-enhanced_c201607211230.bitmask,vbd_landsea_r20220824.mask,timezone.shp,VBD_platforms-recurring_2015_r20170330.shp,0.159238,VBD_bridges_c20160811.shp,14.355770;12.550855;10.047329;5.199992;7.537566;9.452507,80.383789;94.474220;108.227211;106.936050;93.332306;79.482437,npp_d20250901_t1916136_e1917378_b71752;npp_d20250901_t1917390_e1919032_b71752;npp_d20250901_t1919044_e1920286_b71752;npp_d20250901_t1920298_e1921540_b71752,145.91,58.4583,38.5752,-80.293,107.84,-116.938
37,VBD_npp_d20250901_t1918006_x0992935E_y103998N_l0200_s2788_v23,2025-09-01 21:28:11,10.399766,99.293465,2.60136,2025-09-01 19:18:00,2025-09-02 02:18:00,200,2788,0.267126,2,2337,0.0599147,0.055,0.474206,0.4,0.374823,0.75,2.42606e-12,0.0001,3.74392e-109,999999,-5.839044e-01,3,Thailand Exclusive Economic Zone,,,SVDNB_npp_d20250901_t1917390_e1919032_b71752_c20250901204547765000_oeac_ops.h5,GDNBO_npp_d20250901_t1917390_e1919032_b71752_c20250901204324159000_oeac_ops.h5,SVI04_npp_d20250901_t1917390_e1919032_b71752_c20250901204601183000_oeac_ops.dspace_rad,,eez_v11.shp,WPP_BFAR_merge.shp,vbd_mpa_r20170830.shp,VNF-VBD_npp_20120301-20151231_global_asia-enhanced_c201607211230.bitmask,vbd_landsea_r20220824.mask,timezone.shp,VBD_platforms-recurring_2015_r20170330.shp,999999,VBD_bridges_c20160811.shp,14.355770;12.550855;10.047329;5.199992;7.537566;9.452507,80.383789;94.474220;108.227211;106.936050;93.332306;79.482437,npp_d20250901_t1916136_e1917378_b71752;npp_d20250901_t1917390_e1919032_b71752;npp_d20250901_t1919044_e1920286_b71752;npp_d20250901_t1920298_e1921540_b71752,145.924,58.4805,38.5747,-80.0623,107.827,-116.944
38,VBD_npp_d20250901_t1917589_x0993391E_y104929N_l0185_s2791_v23,2025-09-01 21:28:11,10.492872,99.339142,3.90493,2025-09-01 19:17:58,2025-09-02 02:17:58,185,2791,0.286118,2,2337,0.138181,0.055,0.6454,0.4,0.523948,0.75,2.23088e-12,0.0001,1.75432e-110,999999,-3.070794e-02,3,Thailand Exclusive Economic Zone,,,SVDNB_npp_d20250901_t1917390_e1919032_b71752_c20250901204547765000_oeac_ops.h5,GDNBO_npp_d20250901_t1917390_e1919032_b71752_c20250901204324159000_oeac_ops.h5,SVI04_npp_d20250901_t1917390_e1919032_b71752_c20250901204601183000_oeac_ops.dspace_rad,,eez_v11.shp,WPP_BFAR_merge.shp,vbd_mpa_r20170830.shp,VNF-VBD_npp_20120301-20151231_global_asia-enhanced_c201607211230.bitmask,vbd_landsea_r20220824.mask,timezone.shp,VBD_platforms-recurring_2015_r20170330.shp,999999,VBD_bridges_c20160811.shp,14.355770;12.550855;10.047329;5.199992;7.537566;9.452507,80.383789;94.474220;108.227211;106.936050;93.332306;79.482437,npp_d20250901_t1916136_e1917378_b71752;npp_d20250901_t1917390_e1919032_b71752;npp_d20250901_t1919044_e1920286_b71752;npp_d20250901_t1920298_e1921540_b71752,145.843,58.3994,38.6988,-79.9666,107.903,-116.917
39,VBD_npp_d20250901_t1918398_x0987473E_y080629N_l0559_s2791_v23,2025-09-01 21:28:11,8.062859,98.747284,4.55662,2025-09-01 19:18:39,2025-09-02 02:18:39,559,2791,0.285905,2,2337,0.181788,0.055,0.765526,0.4,0.62261,0.75,1.02017e-11,0.0001,2.25296e-100,999999,4.156777e-01,1,,,,SVDNB_npp_d20250901_t1917390_e1919032_b71752_c20250901204547765000_oeac_ops.h5,GDNBO_npp_d20250901_t1917390_e1919032_b71752_c20250901204324159000_oeac_ops.h5,SVI04_npp_d20250901_t1917390_e1919032_b71752_c20250901204601183000_oeac_ops.dspace_rad,,eez_v11.shp,WPP_BFAR_merge.shp,vbd_mpa_r20170830.shp,VNF-VBD_npp_20120301-20151231_global_asia-enhanced_c201607211230.bitmask,vbd_landsea_r20220824.mask,timezone.shp,VBD_platforms-recurring_2015_r20170330.shp,999999,VBD_bridges_c20160811.shp,14.355770;12.550855;10.047329;5.199992;7.537566;9.452507,80.383789;94.474220;108.227211;106.936050;93.332306;79.482437,npp_d20250901_t1916136_e1917378_b71752;npp_d20250901_t1917390_e1919032_b71752;npp_d20250901_t1919044_e1920286_b71752;npp_d20250901_t1920298_e1921540_b71752,147.425,61.2043,38.6971,-79.7914,106.422,-117.561
40,VBD_npp_d20250901_t1918078_x0992335E_y099905N_l0262_s2794_v23,2025-09-01 21:28:11,9.990472,99.233505,3.33172,2025-09-01 19:18:07,2025-09-02 02:18:07,262,2794,0.266415,8,18721,0.160067,0.055,0.476649,0.4,0.538154,0.75,3.17848e-12,0.0001,2.35894e-109,999999,8.704069e-02,3,Thailand Exclusive Economic Zone,,,SVDNB_npp_d20250901_t1917390_e1919032_b71752_c20250901204547765000_oeac_ops.h5,GDNBO_npp_d20250901_t1917390_e1919032_b71752_c20250901204324159000_oeac_ops.h5,SVI04_npp_d20250901_t1917390_e1919032_b71752_c20250901204601183000_oeac_ops.dspace_rad,,eez_v11.shp,WPP_BFAR_merge.shp,vbd_mpa_r20170830.shp,VNF-VBD_npp_20120301-20151231_global_asia-enhanced_c201607211230.bitmask,vbd_landsea_r20220824.mask,timezone.shp,VBD_platforms-recurring_2015_r20170330.shp,0.493321,VBD_bridges_c20160811.shp,14.355770;12.550855;10.047329;5.199992;7.537566;9.452507,80.383789;94.474220;108.227211;106.936050;93.332306;79.482437,npp_d20250901_t1916136_e1917378_b71752;npp_d20250901_t1917390_e1919032_b71752;npp_d20250901_t1919044_e1920286_b71752;npp_d20250901_t1920298_e1921540_b71752,146.162,58.9717,38.8107,-80.2533,107.615,-117.056
41,VBD_npp_d20250901_t1918078_x0992253E_y099441N_l0269_s2794_v23,2025-09-01 21:28:11,9.944139,99.225273,2.0666,2025-09-01 19:18:07,2025-09-02 02:18:07,269,2794,0.168183,10,2305,0.0609365,0.055,0.387681,0.4,0.348614,0.75,3.27087e-12,0.0001,7.71072e-109,999999,-1.091998e-02,3,Thailand Exclusive Economic Zone,,,SVDNB_npp_d20250901_t1917390_e1919032_b71752_c20250901204547765000_oeac_ops.h5,GDNBO_npp_d20250901_t1917390_e1919032_b71752_c20250901204324159000_oeac_ops.h5,SVI04_npp_d20250901_t1917390_e1919032_b71752_c20250901204601183000_oeac_ops.dspace_rad,,eez_v11.shp,WPP_BFAR_merge.shp,vbd_mpa_r20170830.shp,VNF-VBD_npp_20120301-20151231_global_asia-enhanced_c201607211230.bitmask,vbd_landsea_r20220824.mask,timezone.shp,VBD_platforms-recurring_2015_r20170330.shp,999999,VBD_bridges_c20160811.shp,14.355770;12.550855;10.047329;5.199992;7.537566;9.452507,80.383789;94.474220;108.227211;106.936050;93.332306;79.482437,npp_d20250901_t1916136_e1917378_b71752;npp_d20250901_t1917390_e1919032_b71752;npp_d20250901_t1919044_e1920286_b71752;npp_d20250901_t1920298_e1921540_b71752,146.193,59.0233,38.8108,-79.7331,107.587,-117.069
42,VBD_npp_d20250901_t1917589_x0993679E_y105016N_l0183_s2795_v23,2025-09-01 21:28:11,10.501590,99.367943,6.51109,2025-09-01 19:17:58,2025-09-02 02:17:58,183,2795,0.346509,1,2401,0.327786,0.055,0.696065,0.4,0.790331,0.75,2.17309e-12,0.0001,7.47793e-112,999999,2.322911e-01,3,Thailand Exclusive Economic Zone,,,SVDNB_npp_d20250901_t1917390_e1919032_b71752_c20250901204547765000_oeac_ops.h5,GDNBO_npp_d20250901_t1917390_e1919032_b71752_c20250901204324159000_oeac_ops.h5,SVI04_npp_d20250901_t1917390_e1919032_b71752_c20250901204601183000_oeac_ops.dspace_rad,,eez_v11.shp,WPP_BFAR_merge.shp,vbd_mpa_r20170830.shp,VNF-VBD_npp_20120301-20151231_global_asia-enhanced_c201607211230.bitmask,vbd_landsea_r20220824.mask,timezone.shp,VBD_platforms-recurring_2015_r20170330.shp,999999,VBD_bridges_c20160811.shp,14.355770;12.550855;10.047329;5.199992;7.537566;9.452507,80.383789;94.474220;108.227211;106.936050;93.332306;79.482437,npp_d20250901_t1916136_e1917378_b71752;npp_d20250901_t1917390_e1919032_b71752;npp_d20250901_t1919044_e1920286_b71752;npp_d20250901_t1920298_e1921540_b71752,145.815,58.4156,38.8531,-80.1118,107.932,-116.913
43,VBD_npp_d20250901_t1918006_x0993440E_y104113N_l0197_s2795_v23,2025-09-01 21:28:11,10.411336,99.344032,3.86451,2025-09-01 19:18:00,2025-09-02 02:18:00,197,2795,0.289533,2,2337,0.208767,0.055,0.741069,0.4,0.74628,0.75,2.3097e-12,0.0001,1.58644e-111,999999,-4.619917e-01,3,Thailand Exclusive Economic Zone,,,SVDNB_npp_d20250901_t1917390_e1919032_b71752_c20250901204547765000_oeac_ops.h5,GDNBO_npp_d20250901_t1917390_e1919032_b71752_c20250901204324159000_oeac_ops.h5,SVI04_npp_d20250901_t1917390_e1919032_b71752_c20250901204601183000_oeac_ops.dspace_rad,,eez_v11.shp,WPP_BFAR_merge.shp,vbd_mpa_r20170830.shp,VNF-VBD_npp_20120301-20151231_global_asia-enhanced_c201607211230.bitmask,vbd_landsea_r20220824.mask,timezone.shp,VBD_platforms-recurring_2015_r20170330.shp,999999,VBD_bridges_c20160811.shp,14.355770;12.550855;10.047329;5.199992;7.537566;9.452507,80.383789;94.474220;108.227211;106.936050;93.332306;79.482437,npp_d20250901_t1916136_e1917378_b71752;npp_d20250901_t1917390_e1919032_b71752;npp_d20250901_t1919044_e1920286_b71752;npp_d20250901_t1920298_e1921540_b71752,145.876,58.5135,38.85,-80.2758,107.877,-116.939
44,VBD_npp_d20250901_t1918042_x0992872E_y101705N_l0234_s2795_v23,2025-09-01 21:28:11,10.170474,99.287216,4.33298,2025-09-01 19:18:04,2025-09-02 02:18:04,234,2795,0.233908,2,2337,0.221217,0.055,0.592979,0.4,0.748991,0.75,2.79581e-12,0.0001,2.85964e-110,999999,7.834680e-02,3,Thailand Exclusive Economic Zone,,,SVDNB_npp_d20250901_t1917390_e1919032_b71752_c20250901204547765000_oeac_ops.h5,GDNBO_npp_d20250901_t1917390_e1919032_b71752_c20250901204324159000_oeac_ops.h5,SVI04_npp_d20250901_t1917390_e1919032_b71752_c20250901204601183000_oeac_ops.dspace_rad,,eez_v11.shp,WPP_BFAR_merge.shp,vbd_mpa_r20170830.shp,VNF-VBD_npp_20120301-20151231_global_asia-enhanced_c201607211230.bitmask,vbd_landsea_r20220824.mask,timezone.shp,VBD_platforms-recurring_2015_r20170330.shp,999999,VBD_bridges_c20160811.shp,14.355770;12.550855;10.047329;5.199992;7.537566;9.452507,80.383789;94.474220;108.227211;106.936050;93.332306;79.482437,npp_d20250901_t1916136_e1917378_b71752;npp_d20250901_t1917390_e1919032_b71752;npp_d20250901_t1919044_e1920286_b71752;npp_d20250901_t1920298_e1921540_b71752,146.036,58.7786,38.8522,-79.93,107.731,-117.006
45,VBD_npp_d20250901_t1918095_x0992179E_y099051N_l0275_s2795_v23,2025-09-01 21:28:11,9.905066,99.217911,2.16958,2025-09-01 19:18:09,2025-09-02 02:18:09,275,2795,0.180702,2,2337,0.0643247,0.055,0.480659,0.4,0.433245,0.75,3.33446e-12,0.0001,1.99341e-109,999999,5.418142e-02,3,Thailand Exclusive Economic Zone,,,SVDNB_npp_d20250901_t1917390_e1919032_b71752_c20250901204547765000_oeac_ops.h5,GDNBO_npp_d20250901_t1917390_e1919032_b71752_c20250901204324159000_oeac_ops.h5,SVI04_npp_d20250901_t1917390_e1919032_b71752_c20250901204601183000_oeac_ops.dspace_rad,,eez_v11.shp,WPP_BFAR_merge.shp,vbd_mpa_r20170830.shp,VNF-VBD_npp_20120301-20151231_global_asia-enhanced_c201607211230.bitmask,vbd_landsea_r20220824.mask,timezone.shp,VBD_platforms-recurring_2015_r20170330.shp,999999,VBD_bridges_c20160811.shp,14.355770;12.550855;10.047329;5.199992;7.537566;9.452507,80.383789;94.474220;108.227211;106.936050;93.332306;79.482437,npp_d20250901_t1916136_e1917378_b71752;npp_d20250901_t1917390_e1919032_b71752;npp_d20250901_t1919044_e1920286_b71752;npp_d20250901_t1920298_e1921540_b71752,146.213,59.0734,38.8494,-80.4842,107.569,-117.079
46,VBD_npp_d20250901_t1918095_x0992085E_y098521N_l0283_s2795_v23,2025-09-01 21:28:11,9.852090,99.208496,3.36439,2025-09-01 19:18:09,2025-09-02 02:18:09,283,2795,0.33214,8,18721,0.194216,0.055,0.490822,0.4,0.684326,0.75,3.43956e-12,0.0001,7.81682e-109,999999,1.225865e-01,3,Thailand Exclusive Economic Zone,,,SVDNB_npp_d20250901_t1917390_e1919032_b71752_c20250901204547765000_oeac_ops.h5,GDNBO_npp_d20250901_t1917390_e1919032_b71752_c20250901204324159000_oeac_ops.h5,SVI04_npp_d20250901_t1917390_e1919032_b71752_c20250901204601183000_oeac_ops.dspace_rad,,eez_v11.shp,WPP_BFAR_merge.shp,vbd_mpa_r20170830.shp,VNF-VBD_npp_20120301-20151231_global_asia-enhanced_c201607211230.bitmask,vbd_landsea_r20220824.mask,timezone.shp,VBD_platforms-recurring_2015_r20170330.shp,0.924821,VBD_bridges_c20160811.shp,14.355770;12.550855;10.047329;5.199992;7.537566;9.452507,80.383789;94.474220;108.227211;106.936050;93.332306;79.482437,npp_d20250901_t1916136_e1917378_b71752;npp_d20250901_t1917390_e1919032_b71752;npp_d20250901_t1919044_e1920286_b71752;npp_d20250901_t1920298_e1921540_b71752,146.248,59.1327,38.8484,-79.8901,107.537,-117.094
47,VBD_npp_d20250901_t1918060_x0992809E_y100630N_l0250_s2798_v23,2025-09-01 21:28:11,10.062963,99.280861,3.22226,2025-09-01 19:18:06,2025-09-02 02:18:06,250,2798,0.212284,2,2337,0.140752,0.055,0.60103,0.4,0.568181,0.75,2.9638e-12,0.0001,1.05688e-110,999999,3.174008e-02,3,Thailand Exclusive Economic Zone,,,SVDNB_npp_d20250901_t1917390_e1919032_b71752_c20250901204547765000_oeac_ops.h5,GDNBO_npp_d20250901_t1917390_e1919032_b71752_c20250901204324159000_oeac_ops.h5,SVI04_npp_d20250901_t1917390_e1919032_b71752_c20250901204601183000_oeac_ops.dspace_rad,,eez_v11.shp,WPP_BFAR_merge.shp,vbd_mpa_r20170830.shp,VNF-VBD_npp_20120301-20151231_global_asia-enhanced_c201607211230.bitmask,vbd_landsea_r20220824.mask,timezone.shp,VBD_platforms-recurring_2015_r20170330.shp,999999,VBD_bridges_c20160811.shp,14.355770;12.550855;10.047329;5.199992;7.537566;9.452507,80.383789;94.474220;108.227211;106.936050;93.332306;79.482437,npp_d20250901_t1916136_e1917378_b71752;npp_d20250901_t1917390_e1919032_b71752;npp_d20250901_t1919044_e1920286_b71752;npp_d20250901_t1920298_e1921540_b71752,146.091,58.9164,38.9649,-79.9366,107.683,-117.035
48,VBD_npp_d20250901_t1918024_x0993335E_y102430N_l0222_s2799_v23,2025-09-01 21:28:11,10.243049,99.333542,9.5208,2025-09-01 19:18:02,2025-09-02 02:18:02,222,2799,0.263997,1,2401,0.494151,0.055,0.79194,0.4,0.889437,0.75,2.58877e-12,0.0001,1.36678e-111,999999,1.721119e-02,3,Thailand Exclusive Economic Zone,,,SVDNB_npp_d20250901_t1917390_e1919032_b71752_c20250901204547765000_oeac_ops.h5,GDNBO_npp_d20250901_t1917390_e1919032_b71752_c20250901204324159000_oeac_ops.h5,SVI04_npp_d20250901_t1917390_e1919032_b71752_c20250901204601183000_oeac_ops.dspace_rad,,eez_v11.shp,WPP_BFAR_merge.shp,vbd_mpa_r20170830.shp,VNF-VBD_npp_20120301-20151231_global_asia-enhanced_c201607211230.bitmask,vbd_landsea_r20220824.mask,timezone.shp,VBD_platforms-recurring_2015_r20170330.shp,999999,VBD_bridges_c20160811.shp,14.355770;12.550855;10.047329;5.199992;7.537566;9.452507,80.383789;94.474220;108.227211;106.936050;93.332306;79.482437,npp_d20250901_t1916136_e1917378_b71752;npp_d20250901_t1917390_e1919032_b71752;npp_d20250901_t1919044_e1920286_b71752;npp_d20250901_t1920298_e1921540_b71752,145.966,58.723,39.001,-79.6143,107.798,-116.985
49,VBD_npp_d20250901_t1918006_x0993668E_y103527N_l0205_s2800_v23,2025-09-01 21:28:11,10.352678,99.366768,6.23185,2025-09-01 19:18:00,2025-09-02 02:18:00,205,2800,0.279574,1,2401,0.394328,0.055,0.835788,0.4,0.899322,0.75,2.35831e-12,0.0001,2.03109e-112,999999,-1.632150e-01,3,Thailand Exclusive Economic Zone,,,SVDNB_npp_d20250901_t1917390_e1919032_b71752_c20250901204547765000_oeac_ops.h5,GDNBO_npp_d20250901_t1917390_e1919032_b71752_c20250901204324159000_oeac_ops.h5,SVI04_npp_d20250901_t1917390_e1919032_b71752_c20250901204601183000_oeac_ops.dspace_rad,,eez_v11.shp,WPP_BFAR_merge.shp,vbd_mpa_r20170830.shp,VNF-VBD_npp_20120301-20151231_global_asia-enhanced_c201607211230.bitmask,vbd_landsea_r20220824.mask,timezone.shp,VBD_platforms-recurring_2015_r20170330.shp,999999,VBD_bridges_c20160811.shp,14.355770;12.550855;10.047329;5.199992;7.537566;9.452507,80.383789;94.474220;108.227211;106.936050;93.332306;79.482437,npp_d20250901_t1916136_e1917378_b71752;npp_d20250901_t1917390_e1919032_b71752;npp_d20250901_t1919044_e1920286_b71752;npp_d20250901_t1920298_e1921540_b71752,145.887,58.6087,39.0374,-79.6777,107.87,-116.954
50,VBD_npp_d20250901_t1918060_x0992997E_y100939N_l0245_s2800_v23,2025-09-01 21:28:11,10.093888,99.299675,4.70396,2025-09-01 19:18:06,2025-09-02 02:18:06,245,2800,0.208657,2,2337,0.232141,0.055,0.651534,0.4,0.522966,0.75,2.87151e-12,0.0001,1.12877e-111,999999,1.357913e-01,3,Thailand Exclusive Economic Zone,,,SVDNB_npp_d20250901_t1917390_e1919032_b71752_c20250901204547765000_oeac_ops.h5,GDNBO_npp_d20250901_t1917390_e1919032_b71752_c20250901204324159000_oeac_ops.h5,SVI04_npp_d20250901_t1917390_e1919032_b71752_c20250901204601183000_oeac_ops.dspace_rad,,eez_v11.shp,WPP_BFAR_merge.shp,vbd_mpa_r20170830.shp,VNF-VBD_npp_20120301-20151231_global_asia-enhanced_c201607211230.bitmask,vbd_landsea_r20220824.mask,timezone.shp,VBD_platforms-recurring_2015_r20170330.shp,999999,VBD_bridges_c20160811.shp,14.355770;12.550855;10.047329;5.199992;7.537566;9.452507,80.383789;94.474220;108.227211;106.936050;93.332306;79.482437,npp_d20250901_t1916136_e1917378_b71752;npp_d20250901_t1917390_e1919032_b71752;npp_d20250901_t1919044_e1920286_b71752;npp_d20250901_t1920298_e1921540_b71752,146.059,58.8945,39.0404,-80.3044,107.713,-117.026
51,VBD_npp_d20250901_t1917571_x0994249E_y105592N_l0173_s2801_v23,2025-09-01 21:28:11,10.559159,99.424950,11.3579,2025-09-01 19:17:57,2025-09-02 02:17:57,173,2801,0.209012,8,18785,0.484031,0.055,0.80411,0.4,0.803062,0.75,2.03039e-12,0.0001,1.16335e-113,999999,2.226376e-01,3,Thailand Exclusive Economic Zone,,,SVDNB_npp_d20250901_t1917390_e1919032_b71752_c20250901204547765000_oeac_ops.h5,GDNBO_npp_d20250901_t1917390_e1919032_b71752_c20250901204324159000_oeac_ops.h5,SVI04_npp_d20250901_t1917390_e1919032_b71752_c20250901204601183000_oeac_ops.dspace_rad,,eez_v11.shp,WPP_BFAR_merge.shp,vbd_mpa_r20170830.shp,VNF-VBD_npp_20120301-20151231_global_asia-enhanced_c201607211230.bitmask,vbd_landsea_r20220824.mask,timezone.shp,VBD_platforms-recurring_2015_r20170330.shp,0.978643,VBD_bridges_c20160811.shp,14.355770;12.550855;10.047329;5.199992;7.537566;9.452507,80.383789;94.474220;108.227211;106.936050;93.332306;79.482437,npp_d20250901_t1916136_e1917378_b71752;npp_d20250901_t1917390_e1919032_b71752;npp_d20250901_t1919044_e1920286_b71752;npp_d20250901_t1920298_e1921540_b71752,145.743,58.3901,39.0762,-79.6514,108.001,-116.895
52,VBD_npp_d20250901_t1918060_x0993085E_y101061N_l0243_s2801_v23,2025-09-01 21:28:11,10.106051,99.308502,2.30972,2025-09-01 19:18:06,2025-09-02 02:18:06,243,2801,0.216766,2,2337,0.0934097,0.055,0.651534,0.4,0.545362,0.75,2.83221e-12,0.0001,3.97227e-112,999999,1.649205e-01,3,Thailand Exclusive Economic Zone,,,SVDNB_npp_d20250901_t1917390_e1919032_b71752_c20250901204547765000_oeac_ops.h5,GDNBO_npp_d20250901_t1917390_e1919032_b71752_c20250901204324159000_oeac_ops.h5,SVI04_npp_d20250901_t1917390_e1919032_b71752_c20250901204601183000_oeac_ops.dspace_rad,,eez_v11.shp,WPP_BFAR_merge.shp,vbd_mpa_r20170830.shp,VNF-VBD_npp_20120301-20151231_global_asia-enhanced_c201607211230.bitmask,vbd_landsea_r20220824.mask,timezone.shp,VBD_platforms-recurring_2015_r20170330.shp,999999,VBD_bridges_c20160811.shp,14.355770;12.550855;10.047329;5.199992;7.537566;9.452507,80.383789;94.474220;108.227211;106.936050;93.332306;79.482437,npp_d20250901_t1916136_e1917378_b71752;npp_d20250901_t1917390_e1919032_b71752;npp_d20250901_t1919044_e1920286_b71752;npp_d20250901_t1920298_e1921540_b71752,146.045,58.8873,39.0785,-80.4509,107.726,-117.022
53,VBD_npp_d20250901_t1918113_x0992254E_y097617N_l0296_s2801_v23,2025-09-01 21:28:11,9.761703,99.225388,5.85565,2025-09-01 19:18:11,2025-09-02 02:18:11,296,2801,0.28562,2,2337,0.210624,0.055,0.561181,0.4,0.639034,0.75,3.48091e-12,0.0001,2.27289e-110,999999,3.158545e-01,3,Thailand Exclusive Economic Zone,,,SVDNB_npp_d20250901_t1917390_e1919032_b71752_c20250901204547765000_oeac_ops.h5,GDNBO_npp_d20250901_t1917390_e1919032_b71752_c20250901204324159000_oeac_ops.h5,SVI04_npp_d20250901_t1917390_e1919032_b71752_c20250901204601183000_oeac_ops.dspace_rad,,eez_v11.shp,WPP_BFAR_merge.shp,vbd_mpa_r20170830.shp,VNF-VBD_npp_20120301-20151231_global_asia-enhanced_c201607211230.bitmask,vbd_landsea_r20220824.mask,timezone.shp,VBD_platforms-recurring_2015_r20170330.shp,999999,VBD_bridges_c20160811.shp,14.355770;12.550855;10.047329;5.199992;7.537566;9.452507,80.383789;94.474220;108.227211;106.936050;93.332306;79.482437,npp_d20250901_t1916136_e1917378_b71752;npp_d20250901_t1917390_e1919032_b71752;npp_d20250901_t1919044_e1920286_b71752;npp_d20250901_t1920298_e1921540_b71752,146.274,59.2714,39.0747,-80.123,107.517,-117.117
54,VBD_npp_d20250901_t1917589_x0994191E_y105269N_l0178_s2802_v23,2025-09-01 21:28:11,10.526918,99.419121,11.3526,2025-09-01 19:17:58,2025-09-02 02:17:58,178,2802,0.223736,1,2401,0.468014,0.055,0.81568,0.4,0.820167,0.75,2.06127e-12,0.0001,2.27068e-114,999999,-3.617229e-02,3,Thailand Exclusive Economic Zone,,,SVDNB_npp_d20250901_t1917390_e1919032_b71752_c20250901204547765000_oeac_ops.h5,GDNBO_npp_d20250901_t1917390_e1919032_b71752_c20250901204324159000_oeac_ops.h5,SVI04_npp_d20250901_t1917390_e1919032_b71752_c20250901204601183000_oeac_ops.dspace_rad,,eez_v11.shp,WPP_BFAR_merge.shp,vbd_mpa_r20170830.shp,VNF-VBD_npp_20120301-20151231_global_asia-enhanced_c201607211230.bitmask,vbd_landsea_r20220824.mask,timezone.shp,VBD_platforms-recurring_2015_r20170330.shp,999999,VBD_bridges_c20160811.shp,14.355770;12.550855;10.047329;5.199992;7.537566;9.452507,80.383789;94.474220;108.227211;106.936050;93.332306;79.482437,npp_d20250901_t1916136_e1917378_b71752;npp_d20250901_t1917390_e1919032_b71752;npp_d20250901_t1919044_e1920286_b71752;npp_d20250901_t1920298_e1921540_b71752,145.758,58.4319,39.117,-80.4725,107.988,-116.904
55,VBD_npp_d20250901_t1918006_x0993856E_y103836N_l0200_s2802_v23,2025-09-01 21:28:11,10.383597,99.385635,7.73782,2025-09-01 19:18:00,2025-09-02 02:18:00,200,2802,0.356325,1,2401,0.425725,0.055,0.85664,0.4,0.889458,0.75,2.27218e-12,0.0001,2.08872e-113,999999,5.163485e-03,3,Thailand Exclusive Economic Zone,,,SVDNB_npp_d20250901_t1917390_e1919032_b71752_c20250901204547765000_oeac_ops.h5,GDNBO_npp_d20250901_t1917390_e1919032_b71752_c20250901204324159000_oeac_ops.h5,SVI04_npp_d20250901_t1917390_e1919032_b71752_c20250901204601183000_oeac_ops.dspace_rad,,eez_v11.shp,WPP_BFAR_merge.shp,vbd_mpa_r20170830.shp,VNF-VBD_npp_20120301-20151231_global_asia-enhanced_c201607211230.bitmask,vbd_landsea_r20220824.mask,timezone.shp,VBD_platforms-recurring_2015_r20170330.shp,999999,VBD_bridges_c20160811.shp,14.355770;12.550855;10.047329;5.199992;7.537566;9.452507,80.383789;94.474220;108.227211;106.936050;93.332306;79.482437,npp_d20250901_t1916136_e1917378_b71752;npp_d20250901_t1917390_e1919032_b71752;npp_d20250901_t1919044_e1920286_b71752;npp_d20250901_t1920298_e1921540_b71752,145.855,58.5874,39.1121,-80.0452,107.9,-116.944
56,VBD_npp_d20250901_t1918113_x0992342E_y097739N_l0294_s2802_v23,2025-09-01 21:28:11,9.773867,99.234215,3.87479,2025-09-01 19:18:11,2025-09-02 02:18:11,294,2802,0.20005,2,2337,0.159291,0.055,0.551873,0.4,0.589407,0.75,3.44669e-12,0.0001,8.15049e-111,999999,2.479854e-01,3,Thailand Exclusive Economic Zone,,,SVDNB_npp_d20250901_t1917390_e1919032_b71752_c20250901204547765000_oeac_ops.h5,GDNBO_npp_d20250901_t1917390_e1919032_b71752_c20250901204324159000_oeac_ops.h5,SVI04_npp_d20250901_t1917390_e1919032_b71752_c20250901204601183000_oeac_ops.dspace_rad,,eez_v11.shp,WPP_BFAR_merge.shp,vbd_mpa_r20170830.shp,VNF-VBD_npp_20120301-20151231_global_asia-enhanced_c201607211230.bitmask,vbd_landsea_r20220824.mask,timezone.shp,VBD_platforms-recurring_2015_r20170330.shp,999999,VBD_bridges_c20160811.shp,14.355770;12.550855;10.047329;5.199992;7.537566;9.452507,80.383789;94.474220;108.227211;106.936050;93.332306;79.482437,npp_d20250901_t1916136_e1917378_b71752;npp_d20250901_t1917390_e1919032_b71752;npp_d20250901_t1919044_e1920286_b71752;npp_d20250901_t1920298_e1921540_b71752,146.26,59.2639,39.1124,-80.2696,107.53,-117.113
57,VBD_npp_d20250901_t1918416_x0988098E_y080406N_l0561_s2802_v23,2025-09-01 21:28:11,8.040633,98.809807,12.3045,2025-09-01 19:18:41,2025-09-02 02:18:41,561,2802,0.313219,2,2337,0.263215,0.055,0.75405,0.4,0.534155,0.75,9.76346e-12,0.0001,7.28611e-104,999999,1.607493e-01,1,Thailand Exclusive Economic Zone,,,SVDNB_npp_d20250901_t1917390_e1919032_b71752_c20250901204547765000_oeac_ops.h5,GDNBO_npp_d20250901_t1917390_e1919032_b71752_c20250901204324159000_oeac_ops.h5,SVI04_npp_d20250901_t1917390_e1919032_b71752_c20250901204601183000_oeac_ops.dspace_rad,,eez_v11.shp,WPP_BFAR_merge.shp,vbd_mpa_r20170830.shp,VNF-VBD_npp_20120301-20151231_global_asia-enhanced_c201607211230.bitmask,vbd_landsea_r20220824.mask,timezone.shp,VBD_platforms-recurring_2015_r20170330.shp,999999,VBD_bridges_c20160811.shp,14.355770;12.550855;10.047329;5.199992;7.537566;9.452507,80.383789;94.474220;108.227211;106.936050;93.332306;79.482437,npp_d20250901_t1916136_e1917378_b71752;npp_d20250901_t1917390_e1919032_b71752;npp_d20250901_t1919044_e1920286_b71752;npp_d20250901_t1920298_e1921540_b71752,147.376,61.2965,39.115,-80.8445,106.473,-117.566
58,VBD_npp_d20250901_t1918042_x0993483E_y102146N_l0226_s2803_v23,2025-09-01 21:28:11,10.214594,99.348335,2.27776,2025-09-01 19:18:04,2025-09-02 02:18:04,226,2803,0.312508,2,2337,0.130986,0.055,0.729458,0.4,0.700281,0.75,2.58996e-12,0.0001,2.84017e-113,999999,-2.824209e-01,3,Thailand Exclusive Economic Zone,,,SVDNB_npp_d20250901_t1917390_e1919032_b71752_c20250901204547765000_oeac_ops.h5,GDNBO_npp_d20250901_t1917390_e1919032_b71752_c20250901204324159000_oeac_ops.h5,SVI04_npp_d20250901_t1917390_e1919032_b71752_c20250901204601183000_oeac_ops.dspace_rad,,eez_v11.shp,WPP_BFAR_merge.shp,vbd_mpa_r20170830.shp,VNF-VBD_npp_20120301-20151231_global_asia-enhanced_c201607211230.bitmask,vbd_landsea_r20220824.mask,timezone.shp,VBD_platforms-recurring_2015_r20170330.shp,999999,VBD_bridges_c20160811.shp,14.355770;12.550855;10.047329;5.199992;7.537566;9.452507,80.383789;94.474220;108.227211;106.936050;93.332306;79.482437,npp_d20250901_t1916136_e1917378_b71752;npp_d20250901_t1917390_e1919032_b71752;npp_d20250901_t1919044_e1920286_b71752;npp_d20250901_t1920298_e1921540_b71752,145.962,58.7797,39.1537,-80.5123,107.804,-116.991
59,VBD_npp_d20250901_t1918095_x0992683E_y098896N_l0276_s2803_v23,2025-09-01 21:28:11,9.889583,99.268333,2.86303,2025-09-01 19:18:09,2025-09-02 02:18:09,276,2803,0.174869,8,18721,0.144064,0.055,0.428081,0.4,0.635326,0.75,3.22222e-12,0.0001,1.05325e-111,999999,-1.803192e-01,3,Thailand Exclusive Economic Zone,,,SVDNB_npp_d20250901_t1917390_e1919032_b71752_c20250901204547765000_oeac_ops.h5,GDNBO_npp_d20250901_t1917390_e1919032_b71752_c20250901204324159000_oeac_ops.h5,SVI04_npp_d20250901_t1917390_e1919032_b71752_c20250901204601183000_oeac_ops.dspace_rad,,eez_v11.shp,WPP_BFAR_merge.shp,vbd_mpa_r20170830.shp,VNF-VBD_npp_20120301-20151231_global_asia-enhanced_c201607211230.bitmask,vbd_landsea_r20220824.mask,timezone.shp,VBD_platforms-recurring_2015_r20170330.shp,0.294921,VBD_bridges_c20160811.shp,14.355770;12.550855;10.047329;5.199992;7.537566;9.452507,80.383789;94.474220;108.227211;106.936050;93.332306;79.482437,npp_d20250901_t1916136_e1917378_b71752;npp_d20250901_t1917390_e1919032_b71752;npp_d20250901_t1919044_e1920286_b71752;npp_d20250901_t1920298_e1921540_b71752,146.178,59.14,39.1491,-80.3995,107.606,-117.081
60,VBD_npp_d20250901_t1918113_x0992383E_y097595N_l0296_s2803_v23,2025-09-01 21:28:11,9.759459,99.238319,6.0115,2025-09-01 19:18:11,2025-09-02 02:18:11,296,2803,0.28562,8,18721,0.253953,0.055,0.573308,0.4,0.667902,0.75,3.44737e-12,0.0001,5.83688e-111,999999,4.498638e-01,3,Thailand Exclusive Economic Zone,,,SVDNB_npp_d20250901_t1917390_e1919032_b71752_c20250901204547765000_oeac_ops.h5,GDNBO_npp_d20250901_t1917390_e1919032_b71752_c20250901204324159000_oeac_ops.h5,SVI04_npp_d20250901_t1917390_e1919032_b71752_c20250901204601183000_oeac_ops.dspace_rad,,eez_v11.shp,WPP_BFAR_merge.shp,vbd_mpa_r20170830.shp,VNF-VBD_npp_20120301-20151231_global_asia-enhanced_c201607211230.bitmask,vbd_landsea_r20220824.mask,timezone.shp,VBD_platforms-recurring_2015_r20170330.shp,0.154115,VBD_bridges_c20160811.shp,14.355770;12.550855;10.047329;5.199992;7.537566;9.452507,80.383789;94.474220;108.227211;106.936050;93.332306;79.482437,npp_d20250901_t1916136_e1917378_b71752;npp_d20250901_t1917390_e1919032_b71752;npp_d20250901_t1919044_e1920286_b71752;npp_d20250901_t1920298_e1921540_b71752,146.264,59.2863,39.1497,-80.1209,107.527,-117.117
61,VBD_npp_d20250901_t1918006_x0994140E_y103924N_l0198_s2806_v23,2025-09-01 21:28:11,10.392372,99.413979,15.8847,2025-09-01 19:18:00,2025-09-02 02:18:00,198,2806,0.346793,1,2401,0.690411,0.055,0.873996,0.4,0.947337,0.75,2.20329e-12,0.0001,8.51163e-115,999999,-1.027328e-01,3,Thailand Exclusive Economic Zone,,,SVDNB_npp_d20250901_t1917390_e1919032_b71752_c20250901204547765000_oeac_ops.h5,GDNBO_npp_d20250901_t1917390_e1919032_b71752_c20250901204324159000_oeac_ops.h5,SVI04_npp_d20250901_t1917390_e1919032_b71752_c20250901204601183000_oeac_ops.dspace_rad,,eez_v11.shp,WPP_BFAR_merge.shp,vbd_mpa_r20170830.shp,VNF-VBD_npp_20120301-20151231_global_asia-enhanced_c201607211230.bitmask,vbd_landsea_r20220824.mask,timezone.shp,VBD_platforms-recurring_2015_r20170330.shp,999999,VBD_bridges_c20160811.shp,14.355770;12.550855;10.047329;5.199992;7.537566;9.452507,80.383789;94.474220;108.227211;106.936050;93.332306;79.482437,npp_d20250901_t1916136_e1917378_b71752;npp_d20250901_t1917390_e1919032_b71752;npp_d20250901_t1919044_e1920286_b71752;npp_d20250901_t1920298_e1921540_b71752,145.827,58.6029,39.2625,-80.1879,107.929,-116.941
62,VBD_npp_d20250901_t1918451_x0987708E_y077419N_l0606_s2806_v23,2025-09-01 21:28:11,7.741938,98.770790,3.35544,2025-09-01 19:18:45,2025-09-02 02:18:45,606,2806,0.0984036,2,2337,0.192247,0.055,0.568188,0.4,0.600096,0.75,1.19366e-11,0.0001,3.22676e-103,999999,-3.492777e-01,1,Thailand Exclusive Economic Zone,,,SVDNB_npp_d20250901_t1917390_e1919032_b71752_c20250901204547765000_oeac_ops.h5,GDNBO_npp_d20250901_t1917390_e1919032_b71752_c20250901204324159000_oeac_ops.h5,SVI04_npp_d20250901_t1917390_e1919032_b71752_c20250901204601183000_oeac_ops.dspace_rad,,eez_v11.shp,WPP_BFAR_merge.shp,vbd_mpa_r20170830.shp,VNF-VBD_npp_20120301-20151231_global_asia-enhanced_c201607211230.bitmask,vbd_landsea_r20220824.mask,timezone.shp,VBD_platforms-recurring_2015_r20170330.shp,999999,VBD_bridges_c20160811.shp,14.355770;12.550855;10.047329;5.199992;7.537566;9.452507,80.383789;94.474220;108.227211;106.936050;93.332306;79.482437,npp_d20250901_t1916136_e1917378_b71752;npp_d20250901_t1917390_e1919032_b71752;npp_d20250901_t1919044_e1920286_b71752;npp_d20250901_t1920298_e1921540_b71752,147.539,61.6866,39.2654,-79.9071,106.314,-117.639
63,VBD_npp_d20250901_t1917571_x0994615E_y105389N_l0175_s2807_v23,2025-09-01 21:28:11,10.538949,99.461510,12.7489,2025-09-01 19:17:57,2025-09-02 02:17:57,175,2807,0.274239,1,2401,0.514178,0.055,0.813186,0.4,0.823584,0.75,1.98763e-12,0.0001,2.2617e-115,999999,3.170980e-01,3,Thailand Exclusive Economic Zone,,,SVDNB_npp_d20250901_t1917390_e1919032_b71752_c20250901204547765000_oeac_ops.h5,GDNBO_npp_d20250901_t1917390_e1919032_b71752_c20250901204324159000_oeac_ops.h5,SVI04_npp_d20250901_t1917390_e1919032_b71752_c20250901204601183000_oeac_ops.dspace_rad,,eez_v11.shp,WPP_BFAR_merge.shp,vbd_mpa_r20170830.shp,VNF-VBD_npp_20120301-20151231_global_asia-enhanced_c201607211230.bitmask,vbd_landsea_r20220824.mask,timezone.shp,VBD_platforms-recurring_2015_r20170330.shp,999999,VBD_bridges_c20160811.shp,14.355770;12.550855;10.047329;5.199992;7.537566;9.452507,80.383789;94.474220;108.227211;106.936050;93.332306;79.482437,npp_d20250901_t1916136_e1917378_b71752;npp_d20250901_t1917390_e1919032_b71752;npp_d20250901_t1919044_e1920286_b71752;npp_d20250901_t1920298_e1921540_b71752,145.723,58.4497,39.3021,-79.4992,108.024,-116.899
64,VBD_npp_d20250901_t1917589_x0994480E_y105014N_l0181_s2807_v23,2025-09-01 21:28:11,10.501371,99.447998,6.01217,2025-09-01 19:17:58,2025-09-02 02:17:58,181,2807,0.198343,8,18785,0.311651,0.055,0.796607,0.4,0.77186,0.75,2.03523e-12,0.0001,1.08668e-115,999999,-2.990753e-01,3,Thailand Exclusive Economic Zone,,,SVDNB_npp_d20250901_t1917390_e1919032_b71752_c20250901204547765000_oeac_ops.h5,GDNBO_npp_d20250901_t1917390_e1919032_b71752_c20250901204324159000_oeac_ops.h5,SVI04_npp_d20250901_t1917390_e1919032_b71752_c20250901204601183000_oeac_ops.dspace_rad,,eez_v11.shp,WPP_BFAR_merge.shp,vbd_mpa_r20170830.shp,VNF-VBD_npp_20120301-20151231_global_asia-enhanced_c201607211230.bitmask,vbd_landsea_r20220824.mask,timezone.shp,VBD_platforms-recurring_2015_r20170330.shp,0.38013,VBD_bridges_c20160811.shp,14.355770;12.550855;10.047329;5.199992;7.537566;9.452507,80.383789;94.474220;108.227211;106.936050;93.332306;79.482437,npp_d20250901_t1916136_e1917378_b71752;npp_d20250901_t1917390_e1919032_b71752;npp_d20250901_t1919044_e1920286_b71752;npp_d20250901_t1920298_e1921540_b71752,145.748,58.491,39.3037,-80.2445,108.002,-116.91
65,VBD_npp_d20250901_t1918060_x0993474E_y100238N_l0254_s2809_v23,2025-09-01 21:28:11,10.023847,99.347374,11.8311,2025-09-01 19:18:06,2025-09-02 02:18:06,254,2809,0.248703,1,2401,0.544808,0.055,0.834398,0.4,0.904902,0.75,2.85812e-12,0.0001,1.02012e-113,999999,4.360305e-02,3,Thailand Exclusive Economic Zone,,,SVDNB_npp_d20250901_t1917390_e1919032_b71752_c20250901204547765000_oeac_ops.h5,GDNBO_npp_d20250901_t1917390_e1919032_b71752_c20250901204324159000_oeac_ops.h5,SVI04_npp_d20250901_t1917390_e1919032_b71752_c20250901204601183000_oeac_ops.dspace_rad,,eez_v11.shp,WPP_BFAR_merge.shp,vbd_mpa_r20170830.shp,VNF-VBD_npp_20120301-20151231_global_asia-enhanced_c201607211230.bitmask,vbd_landsea_r20220824.mask,timezone.shp,VBD_platforms-recurring_2015_r20170330.shp,999999,VBD_bridges_c20160811.shp,14.355770;12.550855;10.047329;5.199992;7.537566;9.452507,80.383789;94.474220;108.227211;106.936050;93.332306;79.482437,npp_d20250901_t1916136_e1917378_b71752;npp_d20250901_t1917390_e1919032_b71752;npp_d20250901_t1919044_e1920286_b71752;npp_d20250901_t1920298_e1921540_b71752,146.055,59.028,39.3785,-79.6324,107.723,-117.043
66,VBD_npp_d20250901_t1917553_x0995197E_y107123N_l0148_s2810_v23,2025-09-01 21:28:11,10.712296,99.519691,3.76079,2025-09-01 19:17:55,2025-09-02 02:17:55,148,2810,0.106868,2,2337,0.163369,0.055,0.466955,0.4,0.585651,0.75,1.74706e-12,0.0001,1.16379e-117,999999,-4.703794e-02,3,Thailand Exclusive Economic Zone,,,SVDNB_npp_d20250901_t1917390_e1919032_b71752_c20250901204547765000_oeac_ops.h5,GDNBO_npp_d20250901_t1917390_e1919032_b71752_c20250901204324159000_oeac_ops.h5,SVI04_npp_d20250901_t1917390_e1919032_b71752_c20250901204601183000_oeac_ops.dspace_rad,,eez_v11.shp,WPP_BFAR_merge.shp,vbd_mpa_r20170830.shp,VNF-VBD_npp_20120301-20151231_global_asia-enhanced_c201607211230.bitmask,vbd_landsea_r20220824.mask,timezone.shp,VBD_platforms-recurring_2015_r20170330.shp,999999,VBD_bridges_c20160811.shp,14.355770;12.550855;10.047329;5.199992;7.537566;9.452507,80.383789;94.474220;108.227211;106.936050;93.332306;79.482437,npp_d20250901_t1916136_e1917378_b71752;npp_d20250901_t1917390_e1919032_b71752;npp_d20250901_t1919044_e1920286_b71752;npp_d20250901_t1920298_e1921540_b71752,145.589,58.2814,39.4128,-80.2871,108.147,-116.849
67,VBD_npp_d20250901_t1918060_x0993610E_y100627N_l0248_s2810_v23,2025-09-01 21:28:11,10.062687,99.361015,4.21042,2025-09-01 19:18:06,2025-09-02 02:18:06,248,2810,0.238532,8,18721,0.237057,0.055,0.770803,0.4,0.710282,0.75,2.77052e-12,0.0001,1.73203e-114,999999,-1.921297e-01,3,Thailand Exclusive Economic Zone,,,SVDNB_npp_d20250901_t1917390_e1919032_b71752_c20250901204547765000_oeac_ops.h5,GDNBO_npp_d20250901_t1917390_e1919032_b71752_c20250901204324159000_oeac_ops.h5,SVI04_npp_d20250901_t1917390_e1919032_b71752_c20250901204601183000_oeac_ops.dspace_rad,,eez_v11.shp,WPP_BFAR_merge.shp,vbd_mpa_r20170830.shp,VNF-VBD_npp_20120301-20151231_global_asia-enhanced_c201607211230.bitmask,vbd_landsea_r20220824.mask,timezone.shp,VBD_platforms-recurring_2015_r20170330.shp,0.471406,VBD_bridges_c20160811.shp,14.355770;12.550855;10.047329;5.199992;7.537566;9.452507,80.383789;94.474220;108.227211;106.936050;93.332306;79.482437,npp_d20250901_t1916136_e1917378_b71752;npp_d20250901_t1917390_e1919032_b71752;npp_d20250901_t1919044_e1920286_b71752;npp_d20250901_t1920298_e1921540_b71752,146.023,58.9912,39.4155,-80.0717,107.753,-117.032
68,VBD_npp_d20250901_t1917589_x0994722E_y104490N_l0188_s2812_v23,2025-09-01 21:28:11,10.449022,99.472244,4.46622,2025-09-01 19:17:58,2025-09-02 02:17:58,188,2812,0.21954,2,2337,0.248222,0.055,0.817882,0.4,0.74836,0.75,2.03895e-12,0.0001,1.00631e-116,999999,-3.046578e-01,3,Thailand Exclusive Economic Zone,,,SVDNB_npp_d20250901_t1917390_e1919032_b71752_c20250901204547765000_oeac_ops.h5,GDNBO_npp_d20250901_t1917390_e1919032_b71752_c20250901204324159000_oeac_ops.h5,SVI04_npp_d20250901_t1917390_e1919032_b71752_c20250901204601183000_oeac_ops.dspace_rad,,eez_v11.shp,WPP_BFAR_merge.shp,vbd_mpa_r20170830.shp,VNF-VBD_npp_20120301-20151231_global_asia-enhanced_c201607211230.bitmask,vbd_landsea_r20220824.mask,timezone.shp,VBD_platforms-recurring_2015_r20170330.shp,999999,VBD_bridges_c20160811.shp,14.355770;12.550855;10.047329;5.199992;7.537566;9.452507,80.383789;94.474220;108.227211;106.936050;93.332306;79.482437,npp_d20250901_t1916136_e1917378_b71752;npp_d20250901_t1917390_e1919032_b71752;npp_d20250901_t1919044_e1920286_b71752;npp_d20250901_t1920298_e1921540_b71752,145.755,58.5793,39.4914,-79.7254,107.999,-116.923
69,VBD_npp_d20250901_t1918042_x0993926E_y101245N_l0238_s2812_v23,2025-09-01 21:28:11,10.124502,99.392601,4.38547,2025-09-01 19:18:04,2025-09-02 02:18:04,238,2812,0.350065,1,2401,0.289466,0.055,0.86374,0.4,0.844653,0.75,2.62171e-12,0.0001,4.01128e-115,999999,-6.914322e-02,3,Thailand Exclusive Economic Zone,,,SVDNB_npp_d20250901_t1917390_e1919032_b71752_c20250901204547765000_oeac_ops.h5,GDNBO_npp_d20250901_t1917390_e1919032_b71752_c20250901204324159000_oeac_ops.h5,SVI04_npp_d20250901_t1917390_e1919032_b71752_c20250901204601183000_oeac_ops.dspace_rad,,eez_v11.shp,WPP_BFAR_merge.shp,vbd_mpa_r20170830.shp,VNF-VBD_npp_20120301-20151231_global_asia-enhanced_c201607211230.bitmask,vbd_landsea_r20220824.mask,timezone.shp,VBD_platforms-recurring_2015_r20170330.shp,999999,VBD_bridges_c20160811.shp,14.355770;12.550855;10.047329;5.199992;7.537566;9.452507,80.383789;94.474220;108.227211;106.936050;93.332306;79.482437,npp_d20250901_t1916136_e1917378_b71752;npp_d20250901_t1917390_e1919032_b71752;npp_d20250901_t1919044_e1920286_b71752;npp_d20250901_t1920298_e1921540_b71752,145.971,58.9351,39.491,-79.6204,107.802,-117.014
70,VBD_npp_d20250901_t1918078_x0993524E_y099837N_l0260_s2812_v23,2025-09-01 21:28:11,9.983665,99.352440,9.78162,2025-09-01 19:18:07,2025-09-02 02:18:07,260,2812,0.337617,1,2401,0.491461,0.055,0.906555,0.4,0.883008,0.75,2.88771e-12,0.0001,6.44214e-115,999999,1.006780e-01,3,Thailand Exclusive Economic Zone,,,SVDNB_npp_d20250901_t1917390_e1919032_b71752_c20250901204547765000_oeac_ops.h5,GDNBO_npp_d20250901_t1917390_e1919032_b71752_c20250901204324159000_oeac_ops.h5,SVI04_npp_d20250901_t1917390_e1919032_b71752_c20250901204601183000_oeac_ops.dspace_rad,,eez_v11.shp,WPP_BFAR_merge.shp,vbd_mpa_r20170830.shp,VNF-VBD_npp_20120301-20151231_global_asia-enhanced_c201607211230.bitmask,vbd_landsea_r20220824.mask,timezone.shp,VBD_platforms-recurring_2015_r20170330.shp,999999,VBD_bridges_c20160811.shp,14.355770;12.550855;10.047329;5.199992;7.537566;9.452507,80.383789;94.474220;108.227211;106.936050;93.332306;79.482437,npp_d20250901_t1916136_e1917378_b71752;npp_d20250901_t1917390_e1919032_b71752;npp_d20250901_t1919044_e1920286_b71752;npp_d20250901_t1920298_e1921540_b71752,146.065,59.0908,39.4868,-80.3782,107.716,-117.053
71,VBD_npp_d20250901_t1918131_x0992654E_y096118N_l0317_s2812_v23,2025-09-01 21:28:11,9.611791,99.265404,2.21784,2025-09-01 19:18:13,2025-09-02 02:18:13,317,2812,0.258093,2,2337,0.121043,0.055,0.663635,0.4,0.583139,0.75,3.47075e-12,0.0001,7.82472e-113,999999,-3.143361e-01,3,Thailand Exclusive Economic Zone,,,SVDNB_npp_d20250901_t1917390_e1919032_b71752_c20250901204547765000_oeac_ops.h5,GDNBO_npp_d20250901_t1917390_e1919032_b71752_c20250901204324159000_oeac_ops.h5,SVI04_npp_d20250901_t1917390_e1919032_b71752_c20250901204601183000_oeac_ops.dspace_rad,,eez_v11.shp,WPP_BFAR_merge.shp,vbd_mpa_r20170830.shp,VNF-VBD_npp_20120301-20151231_global_asia-enhanced_c201607211230.bitmask,vbd_landsea_r20220824.mask,timezone.shp,VBD_platforms-recurring_2015_r20170330.shp,999999,VBD_bridges_c20160811.shp,14.355770;12.550855;10.047329;5.199992;7.537566;9.452507,80.383789;94.474220;108.227211;106.936050;93.332306;79.482437,npp_d20250901_t1916136_e1917378_b71752;npp_d20250901_t1917390_e1919032_b71752;npp_d20250901_t1919044_e1920286_b71752;npp_d20250901_t1920298_e1921540_b71752,146.31,59.5085,39.4889,-79.7547,107.49,-117.155
72,VBD_npp_d20250901_t1918006_x0994621E_y103978N_l0196_s2813_v23,2025-09-01 21:28:11,10.397783,99.462051,5.1066,2025-09-01 19:18:00,2025-09-02 02:18:00,196,2813,0.338044,8,18721,0.29355,0.055,0.891013,0.4,0.743533,0.75,2.10316e-12,0.0001,3.60276e-117,999999,-4.701694e-03,3,Thailand Exclusive Economic Zone,,,SVDNB_npp_d20250901_t1917390_e1919032_b71752_c20250901204547765000_oeac_ops.h5,GDNBO_npp_d20250901_t1917390_e1919032_b71752_c20250901204324159000_oeac_ops.h5,SVI04_npp_d20250901_t1917390_e1919032_b71752_c20250901204601183000_oeac_ops.dspace_rad,,eez_v11.shp,WPP_BFAR_merge.shp,vbd_mpa_r20170830.shp,VNF-VBD_npp_20120301-20151231_global_asia-enhanced_c201607211230.bitmask,vbd_landsea_r20220824.mask,timezone.shp,VBD_platforms-recurring_2015_r20170330.shp,0.870953,VBD_bridges_c20160811.shp,14.355770;12.550855;10.047329;5.199992;7.537566;9.452507,80.383789;94.474220;108.227211;106.936050;93.332306;79.482437,npp_d20250901_t1916136_e1917378_b71752;npp_d20250901_t1917390_e1919032_b71752;npp_d20250901_t1919044_e1920286_b71752;npp_d20250901_t1920298_e1921540_b71752,145.784,58.641,39.526,-80.3254,107.973,-116.937
73,VBD_npp_d20250901_t1918451_x0988277E_y078009N_l0596_s2813_v23,2025-09-01 21:28:11,7.800889,98.827721,5.89254,2025-09-01 19:18:45,2025-09-02 02:18:45,596,2813,0.341885,1,2401,0.382177,0.055,0.850417,0.4,0.910936,0.75,1.09412e-11,0.0001,7.90778e-106,999999,-2.370506e-03,3,Thailand Exclusive Economic Zone,,,SVDNB_npp_d20250901_t1917390_e1919032_b71752_c20250901204547765000_oeac_ops.h5,GDNBO_npp_d20250901_t1917390_e1919032_b71752_c20250901204324159000_oeac_ops.h5,SVI04_npp_d20250901_t1917390_e1919032_b71752_c20250901204601183000_oeac_ops.dspace_rad,,eez_v11.shp,WPP_BFAR_merge.shp,vbd_mpa_r20170830.shp,VNF-VBD_npp_20120301-20151231_global_asia-enhanced_c201607211230.bitmask,vbd_landsea_r20220824.mask,timezone.shp,VBD_platforms-recurring_2015_r20170330.shp,999999,VBD_bridges_c20160811.shp,14.355770;12.550855;10.047329;5.199992;7.537566;9.452507,80.383789;94.474220;108.227211;106.936050;93.332306;79.482437,npp_d20250901_t1916136_e1917378_b71752;npp_d20250901_t1917390_e1919032_b71752;npp_d20250901_t1919044_e1920286_b71752;npp_d20250901_t1920298_e1921540_b71752,147.462,61.6548,39.5285,-80.636,106.39,-117.625
74,VBD_npp_d20250901_t1917553_x0995447E_y107011N_l0149_s2814_v23,2025-09-01 21:28:11,10.701082,99.544678,2.1259,2025-09-01 19:17:55,2025-09-02 02:17:55,149,2814,0.152677,2,2337,0.0594145,0.055,0.453028,0.4,0.461907,0.75,1.71956e-12,0.0001,7.01548e-119,999999,-2.975883e-01,3,Thailand Exclusive Economic Zone,,,SVDNB_npp_d20250901_t1917390_e1919032_b71752_c20250901204547765000_oeac_ops.h5,GDNBO_npp_d20250901_t1917390_e1919032_b71752_c20250901204324159000_oeac_ops.h5,SVI04_npp_d20250901_t1917390_e1919032_b71752_c20250901204601183000_oeac_ops.dspace_rad,,eez_v11.shp,WPP_BFAR_merge.shp,vbd_mpa_r20170830.shp,VNF-VBD_npp_20120301-20151231_global_asia-enhanced_c201607211230.bitmask,vbd_landsea_r20220824.mask,timezone.shp,VBD_platforms-recurring_2015_r20170330.shp,999999,VBD_bridges_c20160811.shp,14.355770;12.550855;10.047329;5.199992;7.537566;9.452507,80.383789;94.474220;108.227211;106.936050;93.332306;79.482437,npp_d20250901_t1916136_e1917378_b71752;npp_d20250901_t1917390_e1919032_b71752;npp_d20250901_t1919044_e1920286_b71752;npp_d20250901_t1920298_e1921540_b71752,145.574,58.3188,39.5629,-80.2084,108.163,-116.851
75,VBD_npp_d20250901_t1917589_x0994806E_y104200N_l0192_s2814_v23,2025-09-01 21:28:11,10.420002,99.480553,6.82238,2025-09-01 19:17:58,2025-09-02 02:17:58,192,2814,0.317914,1,2401,0.405615,0.055,0.872692,0.4,0.884576,0.75,2.04886e-12,0.0001,4.71158e-117,999999,-6.806831e-02,3,Thailand Exclusive Economic Zone,,,SVDNB_npp_d20250901_t1917390_e1919032_b71752_c20250901204547765000_oeac_ops.h5,GDNBO_npp_d20250901_t1917390_e1919032_b71752_c20250901204324159000_oeac_ops.h5,SVI04_npp_d20250901_t1917390_e1919032_b71752_c20250901204601183000_oeac_ops.dspace_rad,,eez_v11.shp,WPP_BFAR_merge.shp,vbd_mpa_r20170830.shp,VNF-VBD_npp_20120301-20151231_global_asia-enhanced_c201607211230.bitmask,vbd_landsea_r20220824.mask,timezone.shp,VBD_platforms-recurring_2015_r20170330.shp,999999,VBD_bridges_c20160811.shp,14.355770;12.550855;10.047329;5.199992;7.537566;9.452507,80.383789;94.474220;108.227211;106.936050;93.332306;79.482437,npp_d20250901_t1916136_e1917378_b71752;npp_d20250901_t1917390_e1919032_b71752;npp_d20250901_t1919044_e1920286_b71752;npp_d20250901_t1920298_e1921540_b71752,145.763,58.6234,39.5676,-79.4312,107.993,-116.931
76,VBD_npp_d20250901_t1918131_x0992915E_y096830N_l0306_s2814_v23,2025-09-01 21:28:11,9.682954,99.291504,12.1457,2025-09-01 19:18:13,2025-09-02 02:18:13,306,2814,0.236896,1,2401,0.517136,0.055,0.845816,0.4,0.862957,0.75,3.34507e-12,0.0001,2.67637e-114,999999,2.270953e-01,3,Thailand Exclusive Economic Zone,,,SVDNB_npp_d20250901_t1917390_e1919032_b71752_c20250901204547765000_oeac_ops.h5,GDNBO_npp_d20250901_t1917390_e1919032_b71752_c20250901204324159000_oeac_ops.h5,SVI04_npp_d20250901_t1917390_e1919032_b71752_c20250901204601183000_oeac_ops.dspace_rad,,eez_v11.shp,WPP_BFAR_merge.shp,vbd_mpa_r20170830.shp,VNF-VBD_npp_20120301-20151231_global_asia-enhanced_c201607211230.bitmask,vbd_landsea_r20220824.mask,timezone.shp,VBD_platforms-recurring_2015_r20170330.shp,999999,VBD_bridges_c20160811.shp,14.355770;12.550855;10.047329;5.199992;7.537566;9.452507,80.383789;94.474220;108.227211;106.936050;93.332306;79.482437,npp_d20250901_t1916136_e1917378_b71752;npp_d20250901_t1917390_e1919032_b71752;npp_d20250901_t1919044_e1920286_b71752;npp_d20250901_t1920298_e1921540_b71752,146.252,59.4406,39.5651,-80.5574,107.545,-117.135
77,VBD_npp_d20250901_t1918451_x0988319E_y077864N_l0598_s2814_v23,2025-09-01 21:28:11,7.786423,98.831924,11.3792,2025-09-01 19:18:45,2025-09-02 02:18:45,598,2814,0.301269,1,2401,0.577598,0.055,0.850417,0.4,0.936915,0.75,1.1001e-11,0.0001,5.81979e-106,999999,7.544921e-04,3,Thailand Exclusive Economic Zone,,,SVDNB_npp_d20250901_t1917390_e1919032_b71752_c20250901204547765000_oeac_ops.h5,GDNBO_npp_d20250901_t1917390_e1919032_b71752_c20250901204324159000_oeac_ops.h5,SVI04_npp_d20250901_t1917390_e1919032_b71752_c20250901204601183000_oeac_ops.dspace_rad,,eez_v11.shp,WPP_BFAR_merge.shp,vbd_mpa_r20170830.shp,VNF-VBD_npp_20120301-20151231_global_asia-enhanced_c201607211230.bitmask,vbd_landsea_r20220824.mask,timezone.shp,VBD_platforms-recurring_2015_r20170330.shp,999999,VBD_bridges_c20160811.shp,14.355770;12.550855;10.047329;5.199992;7.537566;9.452507,80.383789;94.474220;108.227211;106.936050;93.332306;79.482437,npp_d20250901_t1916136_e1917378_b71752;npp_d20250901_t1917390_e1919032_b71752;npp_d20250901_t1919044_e1920286_b71752;npp_d20250901_t1920298_e1921540_b71752,147.465,61.6785,39.5657,-80.4886,106.387,-117.628
78,VBD_npp_d20250901_t1918006_x0994788E_y104156N_l0193_s2815_v23,2025-09-01 21:28:11,10.415553,99.478767,5.90006,2025-09-01 19:18:00,2025-09-02 02:18:00,193,2815,0.310374,1,2401,0.350961,0.055,0.874512,0.4,0.848803,0.75,2.04595e-12,0.0001,4.62611e-118,999999,-1.746777e-02,3,Thailand Exclusive Economic Zone,,,SVDNB_npp_d20250901_t1917390_e1919032_b71752_c20250901204547765000_oeac_ops.h5,GDNBO_npp_d20250901_t1917390_e1919032_b71752_c20250901204324159000_oeac_ops.h5,SVI04_npp_d20250901_t1917390_e1919032_b71752_c20250901204601183000_oeac_ops.dspace_rad,,eez_v11.shp,WPP_BFAR_merge.shp,vbd_mpa_r20170830.shp,VNF-VBD_npp_20120301-20151231_global_asia-enhanced_c201607211230.bitmask,vbd_landsea_r20220824.mask,timezone.shp,VBD_platforms-recurring_2015_r20170330.shp,999999,VBD_bridges_c20160811.shp,14.355770;12.550855;10.047329;5.199992;7.537566;9.452507,80.383789;94.474220;108.227211;106.936050;93.332306;79.482437,npp_d20250901_t1916136_e1917378_b71752;npp_d20250901_t1917390_e1919032_b71752;npp_d20250901_t1919044_e1920286_b71752;npp_d20250901_t1920298_e1921540_b71752,145.76,58.6343,39.6023,-80.5418,107.996,-116.932
79,VBD_npp_d20250901_t1918006_x0994728E_y103822N_l0198_s2815_v23,2025-09-01 21:28:11,10.382161,99.472755,16.3883,2025-09-01 19:18:00,2025-09-02 02:18:00,198,2815,0.371333,1,2401,0.695175,0.055,0.888032,0.4,0.952521,0.75,2.10548e-12,0.0001,1.18691e-117,999999,-5.288717e-02,3,Thailand Exclusive Economic Zone,,,SVDNB_npp_d20250901_t1917390_e1919032_b71752_c20250901204547765000_oeac_ops.h5,GDNBO_npp_d20250901_t1917390_e1919032_b71752_c20250901204324159000_oeac_ops.h5,SVI04_npp_d20250901_t1917390_e1919032_b71752_c20250901204601183000_oeac_ops.dspace_rad,,eez_v11.shp,WPP_BFAR_merge.shp,vbd_mpa_r20170830.shp,VNF-VBD_npp_20120301-20151231_global_asia-enhanced_c201607211230.bitmask,vbd_landsea_r20220824.mask,timezone.shp,VBD_platforms-recurring_2015_r20170330.shp,999999,VBD_bridges_c20160811.shp,14.355770;12.550855;10.047329;5.199992;7.537566;9.452507,80.383789;94.474220;108.227211;106.936050;93.332306;79.482437,npp_d20250901_t1916136_e1917378_b71752;npp_d20250901_t1917390_e1919032_b71752;npp_d20250901_t1919044_e1920286_b71752;npp_d20250901_t1920298_e1921540_b71752,145.783,58.6706,39.6008,-80.1766,107.976,-116.941
80,VBD_npp_d20250901_t1918078_x0993798E_y099858N_l0259_s2816_v23,2025-09-01 21:28:11,9.985838,99.379829,16.4958,2025-09-01 19:18:07,2025-09-02 02:18:07,259,2816,0.384635,1,2401,0.66856,0.055,0.924836,0.4,0.93719,0.75,2.81712e-12,0.0001,2.94164e-116,999999,1.006087e-01,3,Thailand Exclusive Economic Zone,,,SVDNB_npp_d20250901_t1917390_e1919032_b71752_c20250901204547765000_oeac_ops.h5,GDNBO_npp_d20250901_t1917390_e1919032_b71752_c20250901204324159000_oeac_ops.h5,SVI04_npp_d20250901_t1917390_e1919032_b71752_c20250901204601183000_oeac_ops.dspace_rad,,eez_v11.shp,WPP_BFAR_merge.shp,vbd_mpa_r20170830.shp,VNF-VBD_npp_20120301-20151231_global_asia-enhanced_c201607211230.bitmask,vbd_landsea_r20220824.mask,timezone.shp,VBD_platforms-recurring_2015_r20170330.shp,999999,VBD_bridges_c20160811.shp,14.355770;12.550855;10.047329;5.199992;7.537566;9.452507,80.383789;94.474220;108.227211;106.936050;93.332306;79.482437,npp_d20250901_t1916136_e1917378_b71752;npp_d20250901_t1917390_e1919032_b71752;npp_d20250901_t1919044_e1920286_b71752;npp_d20250901_t1920298_e1921540_b71752,146.041,59.1133,39.6376,-80.4459,107.741,-117.052
81,VBD_npp_d20250901_t1917589_x0995050E_y104432N_l0188_s2817_v23,2025-09-01 21:28:11,10.443227,99.505020,3.02162,2025-09-01 19:17:58,2025-09-02 02:17:58,188,2817,0.308809,2,2337,0.186328,0.055,0.830228,0.4,0.739552,0.75,1.98713e-12,0.0001,2.43401e-118,999999,7.254606e-02,3,Thailand Exclusive Economic Zone,,,SVDNB_npp_d20250901_t1917390_e1919032_b71752_c20250901204547765000_oeac_ops.h5,GDNBO_npp_d20250901_t1917390_e1919032_b71752_c20250901204324159000_oeac_ops.h5,SVI04_npp_d20250901_t1917390_e1919032_b71752_c20250901204601183000_oeac_ops.dspace_rad,,eez_v11.shp,WPP_BFAR_merge.shp,vbd_mpa_r20170830.shp,VNF-VBD_npp_20120301-20151231_global_asia-enhanced_c201607211230.bitmask,vbd_landsea_r20220824.mask,timezone.shp,VBD_platforms-recurring_2015_r20170330.shp,999999,VBD_bridges_c20160811.shp,14.355770;12.550855;10.047329;5.199992;7.537566;9.452507,80.383789;94.474220;108.227211;106.936050;93.332306;79.482437,npp_d20250901_t1916136_e1917378_b71752;npp_d20250901_t1917390_e1919032_b71752;npp_d20250901_t1919044_e1920286_b71752;npp_d20250901_t1920298_e1921540_b71752,145.73,58.6171,39.6795,-79.7208,108.025,-116.923
82,VBD_npp_d20250901_t1918006_x0994907E_y104066N_l0194_s2817_v23,2025-09-01 21:28:11,10.406619,99.490692,8.13743,2025-09-01 19:18:00,2025-09-02 02:18:00,194,2817,0.29878,1,2401,0.440518,0.055,0.874512,0.4,0.901461,0.75,2.03662e-12,0.0001,1.24976e-118,999999,-6.031859e-02,3,Thailand Exclusive Economic Zone,,,SVDNB_npp_d20250901_t1917390_e1919032_b71752_c20250901204547765000_oeac_ops.h5,GDNBO_npp_d20250901_t1917390_e1919032_b71752_c20250901204324159000_oeac_ops.h5,SVI04_npp_d20250901_t1917390_e1919032_b71752_c20250901204601183000_oeac_ops.dspace_rad,,eez_v11.shp,WPP_BFAR_merge.shp,vbd_mpa_r20170830.shp,VNF-VBD_npp_20120301-20151231_global_asia-enhanced_c201607211230.bitmask,vbd_landsea_r20220824.mask,timezone.shp,VBD_platforms-recurring_2015_r20170330.shp,999999,VBD_bridges_c20160811.shp,14.355770;12.550855;10.047329;5.199992;7.537566;9.452507,80.383789;94.474220;108.227211;106.936050;93.332306;79.482437,npp_d20250901_t1916136_e1917378_b71752;npp_d20250901_t1917390_e1919032_b71752;npp_d20250901_t1919044_e1920286_b71752;npp_d20250901_t1920298_e1921540_b71752,145.755,58.6566,39.6771,-80.4658,108.002,-116.934
83,VBD_npp_d20250901_t1918131_x0993100E_y096729N_l0307_s2817_v23,2025-09-01 21:28:11,9.672910,99.309982,21.0178,2025-09-01 19:18:13,2025-09-02 02:18:13,307,2817,0.392317,1,2401,0.765377,0.055,0.870979,0.4,0.959297,0.75,3.30158e-12,0.0001,3.72928e-115,999999,-2.371265e-02,3,Thailand Exclusive Economic Zone,,,SVDNB_npp_d20250901_t1917390_e1919032_b71752_c20250901204547765000_oeac_ops.h5,GDNBO_npp_d20250901_t1917390_e1919032_b71752_c20250901204324159000_oeac_ops.h5,SVI04_npp_d20250901_t1917390_e1919032_b71752_c20250901204601183000_oeac_ops.dspace_rad,,eez_v11.shp,WPP_BFAR_merge.shp,vbd_mpa_r20170830.shp,VNF-VBD_npp_20120301-20151231_global_asia-enhanced_c201607211230.bitmask,vbd_landsea_r20220824.mask,timezone.shp,VBD_platforms-recurring_2015_r20170330.shp,999999,VBD_bridges_c20160811.shp,14.355770;12.550855;10.047329;5.199992;7.537566;9.452507,80.383789;94.474220;108.227211;106.936050;93.332306;79.482437,npp_d20250901_t1916136_e1917378_b71752;npp_d20250901_t1917390_e1919032_b71752;npp_d20250901_t1919044_e1920286_b71752;npp_d20250901_t1920298_e1921540_b71752,146.241,59.4705,39.6776,-80.4803,107.556,-117.137
84,VBD_npp_d20250901_t1918042_x0994343E_y101309N_l0236_s2818_v23,2025-09-01 21:28:11,10.130915,99.434288,28.0266,2025-09-01 19:18:04,2025-09-02 02:18:04,236,2818,0.330148,8,18785,0.891821,0.055,0.904772,0.4,0.964322,0.75,2.51828e-12,0.0001,3.46961e-117,999999,8.562193e-02,3,Thailand Exclusive Economic Zone,,,SVDNB_npp_d20250901_t1917390_e1919032_b71752_c20250901204547765000_oeac_ops.h5,GDNBO_npp_d20250901_t1917390_e1919032_b71752_c20250901204324159000_oeac_ops.h5,SVI04_npp_d20250901_t1917390_e1919032_b71752_c20250901204601183000_oeac_ops.dspace_rad,,eez_v11.shp,WPP_BFAR_merge.shp,vbd_mpa_r20170830.shp,VNF-VBD_npp_20120301-20151231_global_asia-enhanced_c201607211230.bitmask,vbd_landsea_r20220824.mask,timezone.shp,VBD_platforms-recurring_2015_r20170330.shp,0.22071,VBD_bridges_c20160811.shp,14.355770;12.550855;10.047329;5.199992;7.537566;9.452507,80.383789;94.474220;108.227211;106.936050;93.332306;79.482437,npp_d20250901_t1916136_e1917378_b71752;npp_d20250901_t1917390_e1919032_b71752;npp_d20250901_t1919044_e1920286_b71752;npp_d20250901_t1920298_e1921540_b71752,145.933,58.9656,39.7162,-79.7616,107.841,-117.011
85,VBD_npp_d20250901_t1918078_x0993960E_y099624N_l0262_s2819_v23,2025-09-01 21:28:11,9.962379,99.395958,28.1173,2025-09-01 19:18:07,2025-09-02 02:18:07,262,2819,0.37617,1,2401,0.86011,0.055,0.925857,0.4,0.94882,0.75,2.80822e-12,0.0001,5.65084e-117,999999,9.494605e-02,3,Thailand Exclusive Economic Zone,,,SVDNB_npp_d20250901_t1917390_e1919032_b71752_c20250901204547765000_oeac_ops.h5,GDNBO_npp_d20250901_t1917390_e1919032_b71752_c20250901204324159000_oeac_ops.h5,SVI04_npp_d20250901_t1917390_e1919032_b71752_c20250901204601183000_oeac_ops.dspace_rad,,eez_v11.shp,WPP_BFAR_merge.shp,vbd_mpa_r20170830.shp,VNF-VBD_npp_20120301-20151231_global_asia-enhanced_c201607211230.bitmask,vbd_landsea_r20220824.mask,timezone.shp,VBD_platforms-recurring_2015_r20170330.shp,999999,VBD_bridges_c20160811.shp,14.355770;12.550855;10.047329;5.199992;7.537566;9.452507,80.383789;94.474220;108.227211;106.936050;93.332306;79.482437,npp_d20250901_t1916136_e1917378_b71752;npp_d20250901_t1917390_e1919032_b71752;npp_d20250901_t1919044_e1920286_b71752;npp_d20250901_t1920298_e1921540_b71752,146.039,59.1581,39.7497,-80.2233,107.744,-117.057
86,VBD_npp_d20250901_t1918042_x0994552E_y101341N_l0235_s2821_v23,2025-09-01 21:28:11,10.134131,99.455231,2.7003,2025-09-01 19:18:04,2025-09-02 02:18:04,235,2821,0.333065,7,2337,0.10404,0.055,0.924126,0.4,0.581334,0.75,2.46712e-12,0.0001,3.07394e-118,999999,2.050084e-01,3,,,,SVDNB_npp_d20250901_t1917390_e1919032_b71752_c20250901204547765000_oeac_ops.h5,GDNBO_npp_d20250901_t1917390_e1919032_b71752_c20250901204324159000_oeac_ops.h5,SVI04_npp_d20250901_t1917390_e1919032_b71752_c20250901204601183000_oeac_ops.dspace_rad,,eez_v11.shp,WPP_BFAR_merge.shp,vbd_mpa_r20170830.shp,VNF-VBD_npp_20120301-20151231_global_asia-enhanced_c201607211230.bitmask,vbd_landsea_r20220824.mask,timezone.shp,VBD_platforms-recurring_2015_r20170330.shp,999999,VBD_bridges_c20160811.shp,14.355770;12.550855;10.047329;5.199992;7.537566;9.452507,80.383789;94.474220;108.227211;106.936050;93.332306;79.482437,npp_d20250901_t1916136_e1917378_b71752;npp_d20250901_t1917390_e1919032_b71752;npp_d20250901_t1919044_e1920286_b71752;npp_d20250901_t1920298_e1921540_b71752,145.913,58.9809,39.829,-79.8316,107.861,-117.009
87,VBD_npp_d20250901_t1918078_x0993996E_y099065N_l0270_s2821_v23,2025-09-01 21:28:11,9.906512,99.399582,30.5444,2025-09-01 19:18:07,2025-09-02 02:18:07,270,2821,0.362228,1,2401,0.918179,0.055,0.92658,0.4,0.96223,0.75,2.87089e-12,0.0001,5.53826e-117,999999,1.339220e-01,3,Thailand Exclusive Economic Zone,,,SVDNB_npp_d20250901_t1917390_e1919032_b71752_c20250901204547765000_oeac_ops.h5,GDNBO_npp_d20250901_t1917390_e1919032_b71752_c20250901204324159000_oeac_ops.h5,SVI04_npp_d20250901_t1917390_e1919032_b71752_c20250901204601183000_oeac_ops.dspace_rad,,eez_v11.shp,WPP_BFAR_merge.shp,vbd_mpa_r20170830.shp,VNF-VBD_npp_20120301-20151231_global_asia-enhanced_c201607211230.bitmask,vbd_landsea_r20220824.mask,timezone.shp,VBD_platforms-recurring_2015_r20170330.shp,999999,VBD_bridges_c20160811.shp,14.355770;12.550855;10.047329;5.199992;7.537566;9.452507,80.383789;94.474220;108.227211;106.936050;93.332306;79.482437,npp_d20250901_t1916136_e1917378_b71752;npp_d20250901_t1917390_e1919032_b71752;npp_d20250901_t1919044_e1920286_b71752;npp_d20250901_t1920298_e1921540_b71752,146.065,59.2327,39.8253,-79.6393,107.722,-117.072
88,VBD_npp_d20250901_t1917589_x0995428E_y104642N_l0184_s2822_v23,2025-09-01 21:28:11,10.464200,99.542770,8.36513,2025-09-01 19:17:58,2025-09-02 02:17:58,184,2822,0.301554,1,2401,0.447295,0.055,0.790126,0.4,0.857193,0.75,1.90595e-12,0.0001,2.56292e-120,999999,2.266845e-02,3,Thailand Exclusive Economic Zone,,,SVDNB_npp_d20250901_t1917390_e1919032_b71752_c20250901204547765000_oeac_ops.h5,GDNBO_npp_d20250901_t1917390_e1919032_b71752_c20250901204324159000_oeac_ops.h5,SVI04_npp_d20250901_t1917390_e1919032_b71752_c20250901204601183000_oeac_ops.dspace_rad,,eez_v11.shp,WPP_BFAR_merge.shp,vbd_mpa_r20170830.shp,VNF-VBD_npp_20120301-20151231_global_asia-enhanced_c201607211230.bitmask,vbd_landsea_r20220824.mask,timezone.shp,VBD_platforms-recurring_2015_r20170330.shp,999999,VBD_bridges_c20160811.shp,14.355770;12.550855;10.047329;5.199992;7.537566;9.452507,80.383789;94.474220;108.227211;106.936050;93.332306;79.482437,npp_d20250901_t1916136_e1917378_b71752;npp_d20250901_t1917390_e1919032_b71752;npp_d20250901_t1919044_e1920286_b71752;npp_d20250901_t1920298_e1921540_b71752,145.687,58.6261,39.8675,-80.0067,108.067,-116.916
89,VBD_npp_d20250901_t1918042_x0994726E_y101933N_l0226_s2822_v23,2025-09-01 21:28:11,10.193275,99.472633,6.74945,2025-09-01 19:18:04,2025-09-02 02:18:04,226,2822,0.339609,8,18785,0.422451,0.055,0.879573,0.4,0.911627,0.75,2.3507e-12,0.0001,2.65509e-119,999999,1.020427e-01,3,Thailand Exclusive Economic Zone,,,SVDNB_npp_d20250901_t1917390_e1919032_b71752_c20250901204547765000_oeac_ops.h5,GDNBO_npp_d20250901_t1917390_e1919032_b71752_c20250901204324159000_oeac_ops.h5,SVI04_npp_d20250901_t1917390_e1919032_b71752_c20250901204601183000_oeac_ops.dspace_rad,,eez_v11.shp,WPP_BFAR_merge.shp,vbd_mpa_r20170830.shp,VNF-VBD_npp_20120301-20151231_global_asia-enhanced_c201607211230.bitmask,vbd_landsea_r20220824.mask,timezone.shp,VBD_platforms-recurring_2015_r20170330.shp,0.992691,VBD_bridges_c20160811.shp,14.355770;12.550855;10.047329;5.199992;7.537566;9.452507,80.383789;94.474220;108.227211;106.936050;93.332306;79.482437,npp_d20250901_t1916136_e1917378_b71752;npp_d20250901_t1917390_e1919032_b71752;npp_d20250901_t1919044_e1920286_b71752;npp_d20250901_t1920298_e1921540_b71752,145.868,58.9222,39.868,-80.4844,107.903,-116.992
90,VBD_npp_d20250901_t1918042_x0994594E_y101196N_l0237_s2822_v23,2025-09-01 21:28:11,10.119569,99.459435,21.1577,2025-09-01 19:18:04,2025-09-02 02:18:04,237,2822,0.351061,1,2401,0.745691,0.055,0.924126,0.4,0.950139,0.75,2.47692e-12,0.0001,2.08915e-118,999999,-7.258537e-02,3,Thailand Exclusive Economic Zone,,,SVDNB_npp_d20250901_t1917390_e1919032_b71752_c20250901204547765000_oeac_ops.h5,GDNBO_npp_d20250901_t1917390_e1919032_b71752_c20250901204324159000_oeac_ops.h5,SVI04_npp_d20250901_t1917390_e1919032_b71752_c20250901204601183000_oeac_ops.dspace_rad,,eez_v11.shp,WPP_BFAR_merge.shp,vbd_mpa_r20170830.shp,VNF-VBD_npp_20120301-20151231_global_asia-enhanced_c201607211230.bitmask,vbd_landsea_r20220824.mask,timezone.shp,VBD_platforms-recurring_2015_r20170330.shp,999999,VBD_bridges_c20160811.shp,14.355770;12.550855;10.047329;5.199992;7.537566;9.452507,80.383789;94.474220;108.227211;106.936050;93.332306;79.482437,npp_d20250901_t1916136_e1917378_b71752;npp_d20250901_t1917390_e1919032_b71752;npp_d20250901_t1919044_e1920286_b71752;npp_d20250901_t1920298_e1921540_b71752,145.917,59.0033,39.867,-79.6854,107.858,-117.013
91,VBD_npp_d20250901_t1918060_x0994433E_y100691N_l0245_s2822_v23,2025-09-01 21:28:11,10.069074,99.443336,1.67582,2025-09-01 19:18:06,2025-09-02 02:18:06,245,2822,0.370622,7,2337,0.0807442,0.055,0.897877,0.4,0.552739,0.75,2.56872e-12,0.0001,1.48204e-118,999999,1.628563e-01,3,,,,SVDNB_npp_d20250901_t1917390_e1919032_b71752_c20250901204547765000_oeac_ops.h5,GDNBO_npp_d20250901_t1917390_e1919032_b71752_c20250901204324159000_oeac_ops.h5,SVI04_npp_d20250901_t1917390_e1919032_b71752_c20250901204601183000_oeac_ops.dspace_rad,,eez_v11.shp,WPP_BFAR_merge.shp,vbd_mpa_r20170830.shp,VNF-VBD_npp_20120301-20151231_global_asia-enhanced_c201607211230.bitmask,vbd_landsea_r20220824.mask,timezone.shp,VBD_platforms-recurring_2015_r20170330.shp,999999,VBD_bridges_c20160811.shp,14.355770;12.550855;10.047329;5.199992;7.537566;9.452507,80.383789;94.474220;108.227211;106.936050;93.332306;79.482437,npp_d20250901_t1916136_e1917378_b71752;npp_d20250901_t1917390_e1919032_b71752;npp_d20250901_t1919044_e1920286_b71752;npp_d20250901_t1920298_e1921540_b71752,145.951,59.0593,39.8674,-80.2764,107.827,-117.027
92,VBD_npp_d20250901_t1918113_x0993612E_y097312N_l0297_s2822_v23,2025-09-01 21:28:11,9.731210,99.361221,6.63871,2025-09-01 19:18:11,2025-09-02 02:18:11,297,2822,0.385275,1,2401,0.418666,0.055,0.854882,0.4,0.922066,0.75,3.13663e-12,0.0001,9.68401e-117,999999,-2.660569e-02,3,Thailand Exclusive Economic Zone,,,SVDNB_npp_d20250901_t1917390_e1919032_b71752_c20250901204547765000_oeac_ops.h5,GDNBO_npp_d20250901_t1917390_e1919032_b71752_c20250901204324159000_oeac_ops.h5,SVI04_npp_d20250901_t1917390_e1919032_b71752_c20250901204601183000_oeac_ops.dspace_rad,,eez_v11.shp,WPP_BFAR_merge.shp,vbd_mpa_r20170830.shp,VNF-VBD_npp_20120301-20151231_global_asia-enhanced_c201607211230.bitmask,vbd_landsea_r20220824.mask,timezone.shp,VBD_platforms-recurring_2015_r20170330.shp,999999,VBD_bridges_c20160811.shp,14.355770;12.550855;10.047329;5.199992;7.537566;9.452507,80.383789;94.474220;108.227211;106.936050;93.332306;79.482437,npp_d20250901_t1916136_e1917378_b71752;npp_d20250901_t1917390_e1919032_b71752;npp_d20250901_t1919044_e1920286_b71752;npp_d20250901_t1920298_e1921540_b71752,146.174,59.4357,39.8641,-80.028,107.621,-117.12
93,VBD_npp_d20250901_t1917393_x0998419E_y116450N_l0002_s2823_v23,2025-09-01 21:28:11,11.645002,99.841919,9.24167,2025-09-01 19:17:39,2025-09-02 02:17:39,2,2823,0.111563,8,18785,0.389064,0.055,0.721117,0.4,0.803043,0.75,8.16742e-13,0.0001,6.33358e-127,999999,1.485407e-01,3,Thailand Exclusive Economic Zone,,,SVDNB_npp_d20250901_t1917390_e1919032_b71752_c20250901204547765000_oeac_ops.h5,GDNBO_npp_d20250901_t1917390_e1919032_b71752_c20250901204324159000_oeac_ops.h5,SVI04_npp_d20250901_t1917390_e1919032_b71752_c20250901204601183000_oeac_ops.dspace_rad,,eez_v11.shp,WPP_BFAR_merge.shp,vbd_mpa_r20170830.shp,VNF-VBD_npp_20120301-20151231_global_asia-enhanced_c201607211230.bitmask,vbd_landsea_r20220824.mask,timezone.shp,VBD_platforms-recurring_2015_r20170330.shp,0.436201,VBD_bridges_c20160811.shp,14.355770;12.550855;10.047329;5.199992;7.537566;9.452507,80.383789;94.474220;108.227211;106.936050;93.332306;79.482437,npp_d20250901_t1916136_e1917378_b71752;npp_d20250901_t1917390_e1919032_b71752;npp_d20250901_t1919044_e1920286_b71752;npp_d20250901_t1920298_e1921540_b71752,144.881,57.3856,39.9034,-80.2968,108.789,-116.57
94,VBD_npp_d20250901_t1918024_x0994890E_y102086N_l0223_s2823_v23,2025-09-01 21:28:11,10.208569,99.488983,10.344,2025-09-01 19:18:02,2025-09-02 02:18:02,223,2823,0.371547,1,2401,0.534981,0.055,0.898947,0.4,0.916564,0.75,2.30387e-12,0.0001,4.68875e-119,999999,-1.716574e-01,3,Thailand Exclusive Economic Zone,,,SVDNB_npp_d20250901_t1917390_e1919032_b71752_c20250901204547765000_oeac_ops.h5,GDNBO_npp_d20250901_t1917390_e1919032_b71752_c20250901204324159000_oeac_ops.h5,SVI04_npp_d20250901_t1917390_e1919032_b71752_c20250901204601183000_oeac_ops.dspace_rad,,eez_v11.shp,WPP_BFAR_merge.shp,vbd_mpa_r20170830.shp,VNF-VBD_npp_20120301-20151231_global_asia-enhanced_c201607211230.bitmask,vbd_landsea_r20220824.mask,timezone.shp,VBD_platforms-recurring_2015_r20170330.shp,999999,VBD_bridges_c20160811.shp,14.355770;12.550855;10.047329;5.199992;7.537566;9.452507,80.383789;94.474220;108.227211;106.936050;93.332306;79.482437,npp_d20250901_t1916136_e1917378_b71752;npp_d20250901_t1917390_e1919032_b71752;npp_d20250901_t1919044_e1920286_b71752;npp_d20250901_t1920298_e1921540_b71752,145.853,58.9112,39.9034,-79.5234,107.918,-116.988
95,VBD_npp_d20250901_t1918078_x0994283E_y099913N_l0257_s2823_v23,2025-09-01 21:28:11,9.991330,99.428322,18.9837,2025-09-01 19:18:07,2025-09-02 02:18:07,257,2823,0.317843,1,2401,0.720663,0.055,0.896605,0.4,0.954793,0.75,2.69191e-12,0.0001,1.10915e-118,999999,-3.165704e-01,3,Thailand Exclusive Economic Zone,,,SVDNB_npp_d20250901_t1917390_e1919032_b71752_c20250901204547765000_oeac_ops.h5,GDNBO_npp_d20250901_t1917390_e1919032_b71752_c20250901204324159000_oeac_ops.h5,SVI04_npp_d20250901_t1917390_e1919032_b71752_c20250901204601183000_oeac_ops.dspace_rad,,eez_v11.shp,WPP_BFAR_merge.shp,vbd_mpa_r20170830.shp,VNF-VBD_npp_20120301-20151231_global_asia-enhanced_c201607211230.bitmask,vbd_landsea_r20220824.mask,timezone.shp,VBD_platforms-recurring_2015_r20170330.shp,999999,VBD_bridges_c20160811.shp,14.355770;12.550855;10.047329;5.199992;7.537566;9.452507,80.383789;94.474220;108.227211;106.936050;93.332306;79.482437,npp_d20250901_t1916136_e1917378_b71752;npp_d20250901_t1917390_e1919032_b71752;npp_d20250901_t1919044_e1920286_b71752;npp_d20250901_t1920298_e1921540_b71752,145.997,59.1511,39.9018,-80.5814,107.785,-117.048
96,VBD_npp_d20250901_t1918078_x0994211E_y099511N_l0263_s2823_v23,2025-09-01 21:28:11,9.951108,99.421120,16.5828,2025-09-01 19:18:07,2025-09-02 02:18:07,263,2823,0.331002,1,2401,0.651756,0.055,0.917315,0.4,0.921149,0.75,2.76039e-12,0.0001,3.45143e-118,999999,-2.272418e-01,3,Thailand Exclusive Economic Zone,,,SVDNB_npp_d20250901_t1917390_e1919032_b71752_c20250901204547765000_oeac_ops.h5,GDNBO_npp_d20250901_t1917390_e1919032_b71752_c20250901204324159000_oeac_ops.h5,SVI04_npp_d20250901_t1917390_e1919032_b71752_c20250901204601183000_oeac_ops.dspace_rad,,eez_v11.shp,WPP_BFAR_merge.shp,vbd_mpa_r20170830.shp,VNF-VBD_npp_20120301-20151231_global_asia-enhanced_c201607211230.bitmask,vbd_landsea_r20220824.mask,timezone.shp,VBD_platforms-recurring_2015_r20170330.shp,999999,VBD_bridges_c20160811.shp,14.355770;12.550855;10.047329;5.199992;7.537566;9.452507,80.383789;94.474220;108.227211;106.936050;93.332306;79.482437,npp_d20250901_t1916136_e1917378_b71752;npp_d20250901_t1917390_e1919032_b71752;npp_d20250901_t1919044_e1920286_b71752;npp_d20250901_t1920298_e1921540_b71752,146.024,59.1957,39.9002,-80.1459,107.761,-117.059
97,VBD_npp_d20250901_t1918113_x0993619E_y096965N_l0302_s2823_v23,2025-09-01 21:28:11,9.696534,99.361870,10.8885,2025-09-01 19:18:11,2025-09-02 02:18:11,302,2823,0.304968,1,2401,0.530041,0.055,0.883633,0.4,0.905998,0.75,3.159e-12,0.0001,1.14426e-116,999999,9.850761e-02,3,Thailand Exclusive Economic Zone,,,SVDNB_npp_d20250901_t1917390_e1919032_b71752_c20250901204547765000_oeac_ops.h5,GDNBO_npp_d20250901_t1917390_e1919032_b71752_c20250901204324159000_oeac_ops.h5,SVI04_npp_d20250901_t1917390_e1919032_b71752_c20250901204601183000_oeac_ops.dspace_rad,,eez_v11.shp,WPP_BFAR_merge.shp,vbd_mpa_r20170830.shp,VNF-VBD_npp_20120301-20151231_global_asia-enhanced_c201607211230.bitmask,vbd_landsea_r20220824.mask,timezone.shp,VBD_platforms-recurring_2015_r20170330.shp,999999,VBD_bridges_c20160811.shp,14.355770;12.550855;10.047329;5.199992;7.537566;9.452507,80.383789;94.474220;108.227211;106.936050;93.332306;79.482437,npp_d20250901_t1916136_e1917378_b71752;npp_d20250901_t1917390_e1919032_b71752;npp_d20250901_t1919044_e1920286_b71752;npp_d20250901_t1920298_e1921540_b71752,146.191,59.4808,39.9024,-79.6641,107.606,-117.129
98,VBD_npp_d20250901_t1917589_x0995596E_y104820N_l0181_s2824_v23,2025-09-01 21:28:11,10.482003,99.559616,4.12107,2025-09-01 19:17:58,2025-09-02 02:17:58,181,2824,0.258164,2,2337,0.216656,0.055,0.790471,0.4,0.70497,0.75,1.86374e-12,0.0001,3.06372e-121,999999,2.397171e-01,3,Thailand Exclusive Economic Zone,,,SVDNB_npp_d20250901_t1917390_e1919032_b71752_c20250901204547765000_oeac_ops.h5,GDNBO_npp_d20250901_t1917390_e1919032_b71752_c20250901204324159000_oeac_ops.h5,SVI04_npp_d20250901_t1917390_e1919032_b71752_c20250901204601183000_oeac_ops.dspace_rad,,eez_v11.shp,WPP_BFAR_merge.shp,vbd_mpa_r20170830.shp,VNF-VBD_npp_20120301-20151231_global_asia-enhanced_c201607211230.bitmask,vbd_landsea_r20220824.mask,timezone.shp,VBD_platforms-recurring_2015_r20170330.shp,999999,VBD_bridges_c20160811.shp,14.355770;12.550855;10.047329;5.199992;7.537566;9.452507,80.383789;94.474220;108.227211;106.936050;93.332306;79.482437,npp_d20250901_t1916136_e1917378_b71752;npp_d20250901_t1917390_e1919032_b71752;npp_d20250901_t1919044_e1920286_b71752;npp_d20250901_t1920298_e1921540_b71752,145.664,58.6195,39.9432,-80.2219,108.09,-116.91
99,VBD_npp_d20250901_t1918042_x0994691E_y100971N_l0240_s2824_v23,2025-09-01 21:28:11,10.097110,99.469055,8.6195,2025-09-01 19:18:04,2025-09-02 02:18:04,240,2824,0.365856,1,2401,0.481739,0.055,0.927683,0.4,0.90647,0.75,2.48443e-12,0.0001,7.94473e-119,999999,-2.702270e-01,3,Thailand Exclusive Economic Zone,,,SVDNB_npp_d20250901_t1917390_e1919032_b71752_c20250901204547765000_oeac_ops.h5,GDNBO_npp_d20250901_t1917390_e1919032_b71752_c20250901204324159000_oeac_ops.h5,SVI04_npp_d20250901_t1917390_e1919032_b71752_c20250901204601183000_oeac_ops.dspace_rad,,eez_v11.shp,WPP_BFAR_merge.shp,vbd_mpa_r20170830.shp,VNF-VBD_npp_20120301-20151231_global_asia-enhanced_c201607211230.bitmask,vbd_landsea_r20220824.mask,timezone.shp,VBD_platforms-recurring_2015_r20170330.shp,999999,VBD_bridges_c20160811.shp,14.355770;12.550855;10.047329;5.199992;7.537566;9.452507,80.383789;94.474220;108.227211;106.936050;93.332306;79.482437,npp_d20250901_t1916136_e1917378_b71752;npp_d20250901_t1917390_e1919032_b71752;npp_d20250901_t1919044_e1920286_b71752;npp_d20250901_t1920298_e1921540_b71752,145.921,59.0406,39.9432,-79.4662,107.856,-117.018
100,VBD_npp_d20250901_t1918060_x0994541E_y100534N_l0247_s2824_v23,2025-09-01 21:28:11,10.053376,99.454140,22.1374,2025-09-01 19:18:06,2025-09-02 02:18:06,247,2824,0.377877,1,2401,0.835147,0.055,0.89516,0.4,0.963674,0.75,2.56389e-12,0.0001,4.75773e-119,999999,4.426136e-02,3,Thailand Exclusive Economic Zone,,,SVDNB_npp_d20250901_t1917390_e1919032_b71752_c20250901204547765000_oeac_ops.h5,GDNBO_npp_d20250901_t1917390_e1919032_b71752_c20250901204324159000_oeac_ops.h5,SVI04_npp_d20250901_t1917390_e1919032_b71752_c20250901204601183000_oeac_ops.dspace_rad,,eez_v11.shp,WPP_BFAR_merge.shp,vbd_mpa_r20170830.shp,VNF-VBD_npp_20120301-20151231_global_asia-enhanced_c201607211230.bitmask,vbd_landsea_r20220824.mask,timezone.shp,VBD_platforms-recurring_2015_r20170330.shp,999999,VBD_bridges_c20160811.shp,14.355770;12.550855;10.047329;5.199992;7.537566;9.452507,80.383789;94.474220;108.227211;106.936050;93.332306;79.482437,npp_d20250901_t1916136_e1917378_b71752;npp_d20250901_t1917390_e1919032_b71752;npp_d20250901_t1919044_e1920286_b71752;npp_d20250901_t1920298_e1921540_b71752,145.95,59.0892,39.9423,-80.1288,107.83,-117.031
101,VBD_npp_d20250901_t1918078_x0994206E_y099097N_l0269_s2824_v23,2025-09-01 21:28:11,9.909719,99.420563,8.86067,2025-09-01 19:18:07,2025-09-02 02:18:07,269,2824,0.358032,1,2401,0.43539,0.055,0.923983,0.4,0.838781,0.75,2.81363e-12,0.0001,4.92485e-118,999999,-1.238398e-02,3,Thailand Exclusive Economic Zone,,,SVDNB_npp_d20250901_t1917390_e1919032_b71752_c20250901204547765000_oeac_ops.h5,GDNBO_npp_d20250901_t1917390_e1919032_b71752_c20250901204324159000_oeac_ops.h5,SVI04_npp_d20250901_t1917390_e1919032_b71752_c20250901204601183000_oeac_ops.dspace_rad,,eez_v11.shp,WPP_BFAR_merge.shp,vbd_mpa_r20170830.shp,VNF-VBD_npp_20120301-20151231_global_asia-enhanced_c201607211230.bitmask,vbd_landsea_r20220824.mask,timezone.shp,VBD_platforms-recurring_2015_r20170330.shp,999999,VBD_bridges_c20160811.shp,14.355770;12.550855;10.047329;5.199992;7.537566;9.452507,80.383789;94.474220;108.227211;106.936050;93.332306;79.482437,npp_d20250901_t1916136_e1917378_b71752;npp_d20250901_t1917390_e1919032_b71752;npp_d20250901_t1919044_e1920286_b71752;npp_d20250901_t1920298_e1921540_b71752,146.045,59.2479,39.9381,-79.7095,107.742,-117.071
102,VBD_npp_d20250901_t1918113_x0993661E_y096820N_l0304_s2824_v23,2025-09-01 21:28:11,9.681951,99.366089,19.6457,2025-09-01 19:18:11,2025-09-02 02:18:11,304,2824,0.381789,1,2401,0.749048,0.055,0.893847,0.4,0.948163,0.75,3.15756e-12,0.0001,7.80591e-117,999999,1.633892e-01,3,Thailand Exclusive Economic Zone,,,SVDNB_npp_d20250901_t1917390_e1919032_b71752_c20250901204547765000_oeac_ops.h5,GDNBO_npp_d20250901_t1917390_e1919032_b71752_c20250901204324159000_oeac_ops.h5,SVI04_npp_d20250901_t1917390_e1919032_b71752_c20250901204601183000_oeac_ops.dspace_rad,,eez_v11.shp,WPP_BFAR_merge.shp,vbd_mpa_r20170830.shp,VNF-VBD_npp_20120301-20151231_global_asia-enhanced_c201607211230.bitmask,vbd_landsea_r20220824.mask,timezone.shp,VBD_platforms-recurring_2015_r20170330.shp,999999,VBD_bridges_c20160811.shp,14.355770;12.550855;10.047329;5.199992;7.537566;9.452507,80.383789;94.474220;108.227211;106.936050;93.332306;79.482437,npp_d20250901_t1916136_e1917378_b71752;npp_d20250901_t1917390_e1919032_b71752;npp_d20250901_t1919044_e1920286_b71752;npp_d20250901_t1920298_e1921540_b71752,146.195,59.5035,39.9407,-79.5183,107.603,-117.133
103,VBD_npp_d20250901_t1918042_x0994829E_y101362N_l0234_s2825_v23,2025-09-01 21:28:11,10.136191,99.482857,30.1566,2025-09-01 19:18:04,2025-09-02 02:18:04,234,2825,0.304541,1,2401,0.860942,0.055,0.928709,0.4,0.946455,0.75,2.40324e-12,0.0001,1.22569e-119,999999,1.008210e-01,3,Thailand Exclusive Economic Zone,,,SVDNB_npp_d20250901_t1917390_e1919032_b71752_c20250901204547765000_oeac_ops.h5,GDNBO_npp_d20250901_t1917390_e1919032_b71752_c20250901204324159000_oeac_ops.h5,SVI04_npp_d20250901_t1917390_e1919032_b71752_c20250901204601183000_oeac_ops.dspace_rad,,eez_v11.shp,WPP_BFAR_merge.shp,vbd_mpa_r20170830.shp,VNF-VBD_npp_20120301-20151231_global_asia-enhanced_c201607211230.bitmask,vbd_landsea_r20220824.mask,timezone.shp,VBD_platforms-recurring_2015_r20170330.shp,999999,VBD_bridges_c20160811.shp,14.355770;12.550855;10.047329;5.199992;7.537566;9.452507,80.383789;94.474220;108.227211;106.936050;93.332306;79.482437,npp_d20250901_t1916136_e1917378_b71752;npp_d20250901_t1917390_e1919032_b71752;npp_d20250901_t1919044_e1920286_b71752;npp_d20250901_t1920298_e1921540_b71752,145.889,59.0039,39.9797,-79.9003,107.886,-117.007
104,VBD_npp_d20250901_t1918095_x0994159E_y098850N_l0273_s2825_v23,2025-09-01 21:28:11,9.884952,99.415909,34.5537,2025-09-01 19:18:09,2025-09-02 02:18:09,273,2825,0.391321,1,2401,0.959256,0.055,0.927035,0.4,0.958017,0.75,2.84354e-12,0.0001,7.68837e-119,999999,1.358706e-01,3,Thailand Exclusive Economic Zone,,,SVDNB_npp_d20250901_t1917390_e1919032_b71752_c20250901204547765000_oeac_ops.h5,GDNBO_npp_d20250901_t1917390_e1919032_b71752_c20250901204324159000_oeac_ops.h5,SVI04_npp_d20250901_t1917390_e1919032_b71752_c20250901204601183000_oeac_ops.dspace_rad,,eez_v11.shp,WPP_BFAR_merge.shp,vbd_mpa_r20170830.shp,VNF-VBD_npp_20120301-20151231_global_asia-enhanced_c201607211230.bitmask,vbd_landsea_r20220824.mask,timezone.shp,VBD_platforms-recurring_2015_r20170330.shp,999999,VBD_bridges_c20160811.shp,14.355770;12.550855;10.047329;5.199992;7.537566;9.452507,80.383789;94.474220;108.227211;106.936050;93.332306;79.482437,npp_d20250901_t1916136_e1917378_b71752;npp_d20250901_t1917390_e1919032_b71752;npp_d20250901_t1919044_e1920286_b71752;npp_d20250901_t1920298_e1921540_b71752,146.056,59.2821,39.9775,-80.5881,107.733,-117.077
105,VBD_npp_d20250901_t1918131_x0993651E_y096773N_l0305_s2825_v23,2025-09-01 21:28:11,9.677305,99.365082,22.7613,2025-09-01 19:18:13,2025-09-02 02:18:13,305,2825,0.38122,1,2401,0.786031,0.055,0.893847,0.4,0.949345,0.75,3.14821e-12,0.0001,7.17636e-118,999999,1.944178e-01,3,Thailand Exclusive Economic Zone,,,SVDNB_npp_d20250901_t1917390_e1919032_b71752_c20250901204547765000_oeac_ops.h5,GDNBO_npp_d20250901_t1917390_e1919032_b71752_c20250901204324159000_oeac_ops.h5,SVI04_npp_d20250901_t1917390_e1919032_b71752_c20250901204601183000_oeac_ops.dspace_rad,,eez_v11.shp,WPP_BFAR_merge.shp,vbd_mpa_r20170830.shp,VNF-VBD_npp_20120301-20151231_global_asia-enhanced_c201607211230.bitmask,vbd_landsea_r20220824.mask,timezone.shp,VBD_platforms-recurring_2015_r20170330.shp,999999,VBD_bridges_c20160811.shp,14.355770;12.550855;10.047329;5.199992;7.537566;9.452507,80.383789;94.474220;108.227211;106.936050;93.332306;79.482437,npp_d20250901_t1916136_e1917378_b71752;npp_d20250901_t1917390_e1919032_b71752;npp_d20250901_t1919044_e1920286_b71752;npp_d20250901_t1920298_e1921540_b71752,146.192,59.5153,39.9796,-80.6144,107.607,-117.134
106,VBD_npp_d20250901_t1918060_x0994710E_y100712N_l0244_s2826_v23,2025-09-01 21:28:11,10.071211,99.470985,5.46323,2025-09-01 19:18:06,2025-09-02 02:18:06,244,2826,0.379727,1,2401,0.357432,0.055,0.914216,0.4,0.881581,0.75,2.50244e-12,0.0001,5.84015e-120,999999,1.179693e-01,3,Thailand Exclusive Economic Zone,,,SVDNB_npp_d20250901_t1917390_e1919032_b71752_c20250901204547765000_oeac_ops.h5,GDNBO_npp_d20250901_t1917390_e1919032_b71752_c20250901204324159000_oeac_ops.h5,SVI04_npp_d20250901_t1917390_e1919032_b71752_c20250901204601183000_oeac_ops.dspace_rad,,eez_v11.shp,WPP_BFAR_merge.shp,vbd_mpa_r20170830.shp,VNF-VBD_npp_20120301-20151231_global_asia-enhanced_c201607211230.bitmask,vbd_landsea_r20220824.mask,timezone.shp,VBD_platforms-recurring_2015_r20170330.shp,999999,VBD_bridges_c20160811.shp,14.355770;12.550855;10.047329;5.199992;7.537566;9.452507,80.383789;94.474220;108.227211;106.936050;93.332306;79.482437,npp_d20250901_t1916136_e1917378_b71752;npp_d20250901_t1917390_e1919032_b71752;npp_d20250901_t1919044_e1920286_b71752;npp_d20250901_t1920298_e1921540_b71752,145.926,59.0821,40.0183,-80.3437,107.852,-117.025
107,VBD_npp_d20250901_t1918095_x0994189E_y098637N_l0276_s2826_v23,2025-09-01 21:28:11,9.863685,99.418922,37.6879,2025-09-01 19:18:09,2025-09-02 02:18:09,276,2826,0.39694,1,2401,0.974947,0.055,0.918416,0.4,0.960613,0.75,2.86174e-12,0.0001,6.39407e-119,999999,1.541663e-01,3,Thailand Exclusive Economic Zone,,,SVDNB_npp_d20250901_t1917390_e1919032_b71752_c20250901204547765000_oeac_ops.h5,GDNBO_npp_d20250901_t1917390_e1919032_b71752_c20250901204324159000_oeac_ops.h5,SVI04_npp_d20250901_t1917390_e1919032_b71752_c20250901204601183000_oeac_ops.dspace_rad,,eez_v11.shp,WPP_BFAR_merge.shp,vbd_mpa_r20170830.shp,VNF-VBD_npp_20120301-20151231_global_asia-enhanced_c201607211230.bitmask,vbd_landsea_r20220824.mask,timezone.shp,VBD_platforms-recurring_2015_r20170330.shp,999999,VBD_bridges_c20160811.shp,14.355770;12.550855;10.047329;5.199992;7.537566;9.452507,80.383789;94.474220;108.227211;106.936050;93.332306;79.482437,npp_d20250901_t1916136_e1917378_b71752;npp_d20250901_t1917390_e1919032_b71752;npp_d20250901_t1919044_e1920286_b71752;npp_d20250901_t1920298_e1921540_b71752,146.064,59.312,40.0141,-80.3694,107.726,-117.083
108,VBD_npp_d20250901_t1918131_x0993645E_y096359N_l0311_s2826_v23,2025-09-01 21:28:11,9.635894,99.364525,9.32641,2025-09-01 19:18:13,2025-09-02 02:18:13,311,2826,0.290386,1,2401,0.486544,0.055,0.842017,0.4,0.863198,0.75,3.17731e-12,0.0001,1.05032e-117,999999,1.269215e-01,3,Thailand Exclusive Economic Zone,,,SVDNB_npp_d20250901_t1917390_e1919032_b71752_c20250901204547765000_oeac_ops.h5,GDNBO_npp_d20250901_t1917390_e1919032_b71752_c20250901204324159000_oeac_ops.h5,SVI04_npp_d20250901_t1917390_e1919032_b71752_c20250901204601183000_oeac_ops.dspace_rad,,eez_v11.shp,WPP_BFAR_merge.shp,vbd_mpa_r20170830.shp,VNF-VBD_npp_20120301-20151231_global_asia-enhanced_c201607211230.bitmask,vbd_landsea_r20220824.mask,timezone.shp,VBD_platforms-recurring_2015_r20170330.shp,999999,VBD_bridges_c20160811.shp,14.355770;12.550855;10.047329;5.199992;7.537566;9.452507,80.383789;94.474220;108.227211;106.936050;93.332306;79.482437,npp_d20250901_t1916136_e1917378_b71752;npp_d20250901_t1917390_e1919032_b71752;npp_d20250901_t1919044_e1920286_b71752;npp_d20250901_t1920298_e1921540_b71752,146.213,59.5681,40.0156,-80.1785,107.587,-117.145
109,VBD_npp_d20250901_t1918042_x0994961E_y101339N_l0234_s2827_v23,2025-09-01 21:28:11,10.133864,99.496101,4.33702,2025-09-01 19:18:04,2025-09-02 02:18:04,234,2827,0.300914,1,2401,0.237478,0.055,0.930405,0.4,0.762566,0.75,2.37707e-12,0.0001,2.63368e-120,999999,-1.397655e-01,3,Thailand Exclusive Economic Zone,,,SVDNB_npp_d20250901_t1917390_e1919032_b71752_c20250901204547765000_oeac_ops.h5,GDNBO_npp_d20250901_t1917390_e1919032_b71752_c20250901204324159000_oeac_ops.h5,SVI04_npp_d20250901_t1917390_e1919032_b71752_c20250901204601183000_oeac_ops.dspace_rad,,eez_v11.shp,WPP_BFAR_merge.shp,vbd_mpa_r20170830.shp,VNF-VBD_npp_20120301-20151231_global_asia-enhanced_c201607211230.bitmask,vbd_landsea_r20220824.mask,timezone.shp,VBD_platforms-recurring_2015_r20170330.shp,999999,VBD_bridges_c20160811.shp,14.355770;12.550855;10.047329;5.199992;7.537566;9.452507,80.383789;94.474220;108.227211;106.936050;93.332306;79.482437,npp_d20250901_t1916136_e1917378_b71752;npp_d20250901_t1917390_e1919032_b71752;npp_d20250901_t1919044_e1920286_b71752;npp_d20250901_t1920298_e1921540_b71752,145.879,59.0191,40.055,-79.8983,107.896,-117.007
110,VBD_npp_d20250901_t1918042_x0994913E_y101070N_l0238_s2827_v23,2025-09-01 21:28:11,10.107000,99.491302,14.1305,2025-09-01 19:18:04,2025-09-02 02:18:04,238,2827,0.323106,1,2401,0.622086,0.055,0.934184,0.4,0.910335,0.75,2.42174e-12,0.0001,5.55643e-120,999999,-1.472045e-01,3,Thailand Exclusive Economic Zone,,,SVDNB_npp_d20250901_t1917390_e1919032_b71752_c20250901204547765000_oeac_ops.h5,GDNBO_npp_d20250901_t1917390_e1919032_b71752_c20250901204324159000_oeac_ops.h5,SVI04_npp_d20250901_t1917390_e1919032_b71752_c20250901204601183000_oeac_ops.dspace_rad,,eez_v11.shp,WPP_BFAR_merge.shp,vbd_mpa_r20170830.shp,VNF-VBD_npp_20120301-20151231_global_asia-enhanced_c201607211230.bitmask,vbd_landsea_r20220824.mask,timezone.shp,VBD_platforms-recurring_2015_r20170330.shp,999999,VBD_bridges_c20160811.shp,14.355770;12.550855;10.047329;5.199992;7.537566;9.452507,80.383789;94.474220;108.227211;106.936050;93.332306;79.482437,npp_d20250901_t1916136_e1917378_b71752;npp_d20250901_t1917390_e1919032_b71752;npp_d20250901_t1919044_e1920286_b71752;npp_d20250901_t1920298_e1921540_b71752,145.897,59.0486,40.0556,-79.6089,107.88,-117.015
111,VBD_npp_d20250901_t1918095_x0994112E_y097819N_l0288_s2827_v23,2025-09-01 21:28:11,9.781942,99.411194,1.37889,2025-09-01 19:18:09,2025-09-02 02:18:09,288,2827,0.403129,7,2337,0.0612233,0.055,0.917506,0.4,0.608539,0.75,2.98007e-12,0.0001,2.77614e-118,999999,-1.010134e-01,3,,,,SVDNB_npp_d20250901_t1917390_e1919032_b71752_c20250901204547765000_oeac_ops.h5,GDNBO_npp_d20250901_t1917390_e1919032_b71752_c20250901204324159000_oeac_ops.h5,SVI04_npp_d20250901_t1917390_e1919032_b71752_c20250901204601183000_oeac_ops.dspace_rad,,eez_v11.shp,WPP_BFAR_merge.shp,vbd_mpa_r20170830.shp,VNF-VBD_npp_20120301-20151231_global_asia-enhanced_c201607211230.bitmask,vbd_landsea_r20220824.mask,timezone.shp,VBD_platforms-recurring_2015_r20170330.shp,999999,VBD_bridges_c20160811.shp,14.355770;12.550855;10.047329;5.199992;7.537566;9.452507,80.383789;94.474220;108.227211;106.936050;93.332306;79.482437,npp_d20250901_t1916136_e1917378_b71752;npp_d20250901_t1917390_e1919032_b71752;npp_d20250901_t1919044_e1920286_b71752;npp_d20250901_t1920298_e1921540_b71752,146.112,59.4096,40.0523,-79.4998,107.682,-117.105
112,VBD_npp_d20250901_t1918113_x0994015E_y097657N_l0291_s2827_v23,2025-09-01 21:28:11,9.765748,99.401451,10.0129,2025-09-01 19:18:11,2025-09-02 02:18:11,291,2827,0.361517,1,2401,0.53857,0.055,0.901545,0.4,0.934574,0.75,3.00657e-12,0.0001,7.49555e-119,999999,1.685819e-01,3,Thailand Exclusive Economic Zone,,,SVDNB_npp_d20250901_t1917390_e1919032_b71752_c20250901204547765000_oeac_ops.h5,GDNBO_npp_d20250901_t1917390_e1919032_b71752_c20250901204324159000_oeac_ops.h5,SVI04_npp_d20250901_t1917390_e1919032_b71752_c20250901204601183000_oeac_ops.dspace_rad,,eez_v11.shp,WPP_BFAR_merge.shp,vbd_mpa_r20170830.shp,VNF-VBD_npp_20120301-20151231_global_asia-enhanced_c201607211230.bitmask,vbd_landsea_r20220824.mask,timezone.shp,VBD_platforms-recurring_2015_r20170330.shp,999999,VBD_bridges_c20160811.shp,14.355770;12.550855;10.047329;5.199992;7.537566;9.452507,80.383789;94.474220;108.227211;106.936050;93.332306;79.482437,npp_d20250901_t1916136_e1917378_b71752;npp_d20250901_t1917390_e1919032_b71752;npp_d20250901_t1919044_e1920286_b71752;npp_d20250901_t1920298_e1921540_b71752,146.122,59.4282,40.0536,-80.4571,107.672,-117.11
113,VBD_npp_d20250901_t1918042_x0995124E_y101864N_l0226_s2828_v23,2025-09-01 21:28:11,10.186448,99.512383,8.65041,2025-09-01 19:18:04,2025-09-02 02:18:04,226,2828,0.375672,1,2401,0.496692,0.055,0.901238,0.4,0.93006,0.75,2.27514e-12,0.0001,2.60673e-121,999999,3.701756e-02,3,Thailand Exclusive Economic Zone,,,SVDNB_npp_d20250901_t1917390_e1919032_b71752_c20250901204547765000_oeac_ops.h5,GDNBO_npp_d20250901_t1917390_e1919032_b71752_c20250901204324159000_oeac_ops.h5,SVI04_npp_d20250901_t1917390_e1919032_b71752_c20250901204601183000_oeac_ops.dspace_rad,,eez_v11.shp,WPP_BFAR_merge.shp,vbd_mpa_r20170830.shp,VNF-VBD_npp_20120301-20151231_global_asia-enhanced_c201607211230.bitmask,vbd_landsea_r20220824.mask,timezone.shp,VBD_platforms-recurring_2015_r20170330.shp,999999,VBD_bridges_c20160811.shp,14.355770;12.550855;10.047329;5.199992;7.537566;9.452507,80.383789;94.474220;108.227211;106.936050;93.332306;79.482437,npp_d20250901_t1916136_e1917378_b71752;npp_d20250901_t1917390_e1919032_b71752;npp_d20250901_t1919044_e1920286_b71752;npp_d20250901_t1920298_e1921540_b71752,145.838,58.9676,40.0941,-80.4756,107.934,-116.992
114,VBD_npp_d20250901_t1918095_x0994244E_y097796N_l0288_s2829_v23,2025-09-01 21:28:11,9.779584,99.424446,28.8067,2025-09-01 19:18:09,2025-09-02 02:18:09,288,2829,0.398576,1,2401,0.912521,0.055,0.917506,0.4,0.971602,0.75,2.94724e-12,0.0001,6.0978e-119,999999,5.709547e-04,3,Thailand Exclusive Economic Zone,,,SVDNB_npp_d20250901_t1917390_e1919032_b71752_c20250901204547765000_oeac_ops.h5,GDNBO_npp_d20250901_t1917390_e1919032_b71752_c20250901204324159000_oeac_ops.h5,SVI04_npp_d20250901_t1917390_e1919032_b71752_c20250901204601183000_oeac_ops.dspace_rad,,eez_v11.shp,WPP_BFAR_merge.shp,vbd_mpa_r20170830.shp,VNF-VBD_npp_20120301-20151231_global_asia-enhanced_c201607211230.bitmask,vbd_landsea_r20220824.mask,timezone.shp,VBD_platforms-recurring_2015_r20170330.shp,999999,VBD_bridges_c20160811.shp,14.355770;12.550855;10.047329;5.199992;7.537566;9.452507,80.383789;94.474220;108.227211;106.936050;93.332306;79.482437,npp_d20250901_t1916136_e1917378_b71752;npp_d20250901_t1917390_e1919032_b71752;npp_d20250901_t1919044_e1920286_b71752;npp_d20250901_t1920298_e1921540_b71752,146.102,59.4247,40.1277,-79.4985,107.692,-117.105
115,VBD_npp_d20250901_t1917589_x0996031E_y104952N_l0178_s2830_v23,2025-09-01 21:28:11,10.495248,99.603111,4.50762,2025-09-01 19:17:58,2025-09-02 02:17:58,178,2830,0.213138,2,2337,0.22764,0.055,0.825084,0.4,0.679155,0.75,1.78214e-12,0.0001,1.4773e-123,999999,2.144515e-01,3,Thailand Exclusive Economic Zone,,,SVDNB_npp_d20250901_t1917390_e1919032_b71752_c20250901204547765000_oeac_ops.h5,GDNBO_npp_d20250901_t1917390_e1919032_b71752_c20250901204324159000_oeac_ops.h5,SVI04_npp_d20250901_t1917390_e1919032_b71752_c20250901204601183000_oeac_ops.dspace_rad,,eez_v11.shp,WPP_BFAR_merge.shp,vbd_mpa_r20170830.shp,VNF-VBD_npp_20120301-20151231_global_asia-enhanced_c201607211230.bitmask,vbd_landsea_r20220824.mask,timezone.shp,VBD_platforms-recurring_2015_r20170330.shp,999999,VBD_bridges_c20160811.shp,14.355770;12.550855;10.047329;5.199992;7.537566;9.452507,80.383789;94.474220;108.227211;106.936050;93.332306;79.482437,npp_d20250901_t1916136_e1917378_b71752;npp_d20250901_t1917390_e1919032_b71752;npp_d20250901_t1919044_e1920286_b71752;npp_d20250901_t1920298_e1921540_b71752,145.621,58.6435,40.1703,-80.4304,108.134,-116.904
116,VBD_npp_d20250901_t1918042_x0995245E_y101774N_l0227_s2830_v23,2025-09-01 21:28:11,10.177440,99.524467,10.258,2025-09-01 19:18:04,2025-09-02 02:18:04,227,2830,0.351559,1,2401,0.50457,0.055,0.918267,0.4,0.907885,0.75,2.26094e-12,0.0001,6.61862e-122,999999,5.068134e-02,3,Thailand Exclusive Economic Zone,,,SVDNB_npp_d20250901_t1917390_e1919032_b71752_c20250901204547765000_oeac_ops.h5,GDNBO_npp_d20250901_t1917390_e1919032_b71752_c20250901204324159000_oeac_ops.h5,SVI04_npp_d20250901_t1917390_e1919032_b71752_c20250901204601183000_oeac_ops.dspace_rad,,eez_v11.shp,WPP_BFAR_merge.shp,vbd_mpa_r20170830.shp,VNF-VBD_npp_20120301-20151231_global_asia-enhanced_c201607211230.bitmask,vbd_landsea_r20220824.mask,timezone.shp,VBD_platforms-recurring_2015_r20170330.shp,999999,VBD_bridges_c20160811.shp,14.355770;12.550855;10.047329;5.199992;7.537566;9.452507,80.383789;94.474220;108.227211;106.936050;93.332306;79.482437,npp_d20250901_t1916136_e1917378_b71752;npp_d20250901_t1917390_e1919032_b71752;npp_d20250901_t1919044_e1920286_b71752;npp_d20250901_t1920298_e1921540_b71752,145.833,58.9902,40.1691,-80.4004,107.941,-116.994
117,VBD_npp_d20250901_t1918042_x0995172E_y101371N_l0233_s2830_v23,2025-09-01 21:28:11,10.137092,99.517227,10.5139,2025-09-01 19:18:04,2025-09-02 02:18:04,233,2830,0.29124,1,2401,0.491036,0.055,0.930405,0.4,0.860884,0.75,2.32683e-12,0.0001,2.11472e-121,999999,-2.642045e-01,3,Thailand Exclusive Economic Zone,,,SVDNB_npp_d20250901_t1917390_e1919032_b71752_c20250901204547765000_oeac_ops.h5,GDNBO_npp_d20250901_t1917390_e1919032_b71752_c20250901204324159000_oeac_ops.h5,SVI04_npp_d20250901_t1917390_e1919032_b71752_c20250901204601183000_oeac_ops.dspace_rad,,eez_v11.shp,WPP_BFAR_merge.shp,vbd_mpa_r20170830.shp,VNF-VBD_npp_20120301-20151231_global_asia-enhanced_c201607211230.bitmask,vbd_landsea_r20220824.mask,timezone.shp,VBD_platforms-recurring_2015_r20170330.shp,999999,VBD_bridges_c20160811.shp,14.355770;12.550855;10.047329;5.199992;7.537566;9.452507,80.383789;94.474220;108.227211;106.936050;93.332306;79.482437,npp_d20250901_t1916136_e1917378_b71752;npp_d20250901_t1917390_e1919032_b71752;npp_d20250901_t1919044_e1920286_b71752;npp_d20250901_t1920298_e1921540_b71752,145.86,59.0345,40.1681,-79.9674,107.916,-117.006
118,VBD_npp_d20250901_t1918042_x0995112E_y101035N_l0238_s2830_v23,2025-09-01 21:28:11,10.103466,99.511215,23.1472,2025-09-01 19:18:04,2025-09-02 02:18:04,238,2830,0.332069,1,2401,0.810965,0.055,0.934184,0.4,0.960582,0.75,2.38174e-12,0.0001,5.437e-121,999999,-8.214286e-02,3,Thailand Exclusive Economic Zone,,,SVDNB_npp_d20250901_t1917390_e1919032_b71752_c20250901204547765000_oeac_ops.h5,GDNBO_npp_d20250901_t1917390_e1919032_b71752_c20250901204324159000_oeac_ops.h5,SVI04_npp_d20250901_t1917390_e1919032_b71752_c20250901204601183000_oeac_ops.dspace_rad,,eez_v11.shp,WPP_BFAR_merge.shp,vbd_mpa_r20170830.shp,VNF-VBD_npp_20120301-20151231_global_asia-enhanced_c201607211230.bitmask,vbd_landsea_r20220824.mask,timezone.shp,VBD_platforms-recurring_2015_r20170330.shp,999999,VBD_bridges_c20160811.shp,14.355770;12.550855;10.047329;5.199992;7.537566;9.452507,80.383789;94.474220;108.227211;106.936050;93.332306;79.482437,npp_d20250901_t1916136_e1917378_b71752;npp_d20250901_t1917390_e1919032_b71752;npp_d20250901_t1919044_e1920286_b71752;npp_d20250901_t1920298_e1921540_b71752,145.882,59.0715,40.1687,-79.6066,107.896,-117.015
119,VBD_npp_d20250901_t1918113_x0994238E_y097758N_l0289_s2830_v23,2025-09-01 21:28:11,9.775784,99.423767,27.0783,2025-09-01 19:18:11,2025-09-02 02:18:11,289,2830,0.389472,1,2401,0.854107,0.055,0.917506,0.4,0.95749,0.75,2.94181e-12,0.0001,5.17062e-120,999999,1.211441e-01,3,Thailand Exclusive Economic Zone,,,SVDNB_npp_d20250901_t1917390_e1919032_b71752_c20250901204547765000_oeac_ops.h5,GDNBO_npp_d20250901_t1917390_e1919032_b71752_c20250901204324159000_oeac_ops.h5,SVI04_npp_d20250901_t1917390_e1919032_b71752_c20250901204601183000_oeac_ops.dspace_rad,,eez_v11.shp,WPP_BFAR_merge.shp,vbd_mpa_r20170830.shp,VNF-VBD_npp_20120301-20151231_global_asia-enhanced_c201607211230.bitmask,vbd_landsea_r20220824.mask,timezone.shp,VBD_platforms-recurring_2015_r20170330.shp,999999,VBD_bridges_c20160811.shp,14.355770;12.550855;10.047329;5.199992;7.537566;9.452507,80.383789;94.474220;108.227211;106.936050;93.332306;79.482437,npp_d20250901_t1916136_e1917378_b71752;npp_d20250901_t1917390_e1919032_b71752;npp_d20250901_t1919044_e1920286_b71752;npp_d20250901_t1920298_e1921540_b71752,146.098,59.4358,40.1674,-80.5974,107.696,-117.106
120,VBD_npp_d20250901_t1918113_x0994214E_y097623N_l0291_s2830_v23,2025-09-01 21:28:11,9.762333,99.421364,8.78595,2025-09-01 19:18:11,2025-09-02 02:18:11,291,2830,0.352341,1,2401,0.483275,0.055,0.901545,0.4,0.904874,0.75,2.9569e-12,0.0001,7.61166e-120,999999,1.586852e-01,3,Thailand Exclusive Economic Zone,,,SVDNB_npp_d20250901_t1917390_e1919032_b71752_c20250901204547765000_oeac_ops.h5,GDNBO_npp_d20250901_t1917390_e1919032_b71752_c20250901204324159000_oeac_ops.h5,SVI04_npp_d20250901_t1917390_e1919032_b71752_c20250901204601183000_oeac_ops.dspace_rad,,eez_v11.shp,WPP_BFAR_merge.shp,vbd_mpa_r20170830.shp,VNF-VBD_npp_20120301-20151231_global_asia-enhanced_c201607211230.bitmask,vbd_landsea_r20220824.mask,timezone.shp,VBD_platforms-recurring_2015_r20170330.shp,999999,VBD_bridges_c20160811.shp,14.355770;12.550855;10.047329;5.199992;7.537566;9.452507,80.383789;94.474220;108.227211;106.936050;93.332306;79.482437,npp_d20250901_t1916136_e1917378_b71752;npp_d20250901_t1917390_e1919032_b71752;npp_d20250901_t1919044_e1920286_b71752;npp_d20250901_t1920298_e1921540_b71752,146.107,59.4508,40.1666,-80.453,107.688,-117.11
121,VBD_npp_d20250901_t1918149_x0993614E_y095007N_l0331_s2830_v23,2025-09-01 21:28:11,9.500704,99.361382,1.84076,2025-09-01 19:18:14,2025-09-02 02:18:14,331,2830,0.334487,1,2401,0.124039,0.055,0.438436,0.4,0.790728,0.75,3.25851e-12,0.0001,3.14803e-118,999999,-5.524497e-02,3,Thailand Exclusive Economic Zone,,,SVDNB_npp_d20250901_t1917390_e1919032_b71752_c20250901204547765000_oeac_ops.h5,GDNBO_npp_d20250901_t1917390_e1919032_b71752_c20250901204324159000_oeac_ops.h5,SVI04_npp_d20250901_t1917390_e1919032_b71752_c20250901204601183000_oeac_ops.dspace_rad,,eez_v11.shp,WPP_BFAR_merge.shp,vbd_mpa_r20170830.shp,VNF-VBD_npp_20120301-20151231_global_asia-enhanced_c201607211230.bitmask,vbd_landsea_r20220824.mask,timezone.shp,VBD_platforms-recurring_2015_r20170330.shp,999999,VBD_bridges_c20160811.shp,14.355770;12.550855;10.047329;5.199992;7.537566;9.452507,80.383789;94.474220;108.227211;106.936050;93.332306;79.482437,npp_d20250901_t1916136_e1917378_b71752;npp_d20250901_t1917390_e1919032_b71752;npp_d20250901_t1919044_e1920286_b71752;npp_d20250901_t1920298_e1921540_b71752,146.278,59.7466,40.1699,-79.9006,107.529,-117.181
122,VBD_npp_d20250901_t1917571_x0996183E_y105040N_l0176_s2831_v23,2025-09-01 21:28:11,10.504025,99.618286,8.74719,2025-09-01 19:17:57,2025-09-02 02:17:57,176,2831,0.235473,1,2401,0.427277,0.055,0.858857,0.4,0.854104,0.75,1.75819e-12,0.0001,3.1321e-123,999999,1.881356e-01,3,Thailand Exclusive Economic Zone,,,SVDNB_npp_d20250901_t1917390_e1919032_b71752_c20250901204547765000_oeac_ops.h5,GDNBO_npp_d20250901_t1917390_e1919032_b71752_c20250901204324159000_oeac_ops.h5,SVI04_npp_d20250901_t1917390_e1919032_b71752_c20250901204601183000_oeac_ops.dspace_rad,,eez_v11.shp,WPP_BFAR_merge.shp,vbd_mpa_r20170830.shp,VNF-VBD_npp_20120301-20151231_global_asia-enhanced_c201607211230.bitmask,vbd_landsea_r20220824.mask,timezone.shp,VBD_platforms-recurring_2015_r20170330.shp,999999,VBD_bridges_c20160811.shp,14.355770;12.550855;10.047329;5.199992;7.537566;9.452507,80.383789;94.474220;108.227211;106.936050;93.332306;79.482437,npp_d20250901_t1916136_e1917378_b71752;npp_d20250901_t1917390_e1919032_b71752;npp_d20250901_t1919044_e1920286_b71752;npp_d20250901_t1920298_e1921540_b71752,145.61,58.6397,40.2057,-79.409,108.145,-116.902
123,VBD_npp_d20250901_t1917589_x0996061E_y104739N_l0181_s2831_v23,2025-09-01 21:28:11,10.473920,99.606125,2.40802,2025-09-01 19:17:58,2025-09-02 02:17:58,181,2831,0.23526,2,2337,0.0804649,0.055,0.872129,0.4,0.451327,0.75,1.79313e-12,0.0001,1.20234e-123,999999,2.636083e-01,3,Thailand Exclusive Economic Zone,,,SVDNB_npp_d20250901_t1917390_e1919032_b71752_c20250901204547765000_oeac_ops.h5,GDNBO_npp_d20250901_t1917390_e1919032_b71752_c20250901204324159000_oeac_ops.h5,SVI04_npp_d20250901_t1917390_e1919032_b71752_c20250901204601183000_oeac_ops.dspace_rad,,eez_v11.shp,WPP_BFAR_merge.shp,vbd_mpa_r20170830.shp,VNF-VBD_npp_20120301-20151231_global_asia-enhanced_c201607211230.bitmask,vbd_landsea_r20220824.mask,timezone.shp,VBD_platforms-recurring_2015_r20170330.shp,999999,VBD_bridges_c20160811.shp,14.355770;12.550855;10.047329;5.199992;7.537566;9.452507,80.383789;94.474220;108.227211;106.936050;93.332306;79.482437,npp_d20250901_t1916136_e1917378_b71752;npp_d20250901_t1917390_e1919032_b71752;npp_d20250901_t1919044_e1920286_b71752;npp_d20250901_t1920298_e1921540_b71752,145.629,58.6729,40.2071,-80.2126,108.127,-116.91
124,VBD_npp_d20250901_t1918078_x0994634E_y098813N_l0272_s2831_v23,2025-09-01 21:28:11,9.881334,99.463356,2.11851,2025-09-01 19:18:07,2025-09-02 02:18:07,272,2831,0.396087,7,18721,0.120325,0.055,0.873575,0.4,0.725508,0.75,2.7397e-12,0.0001,4.12122e-120,999999,6.830554e-02,3,,,,SVDNB_npp_d20250901_t1917390_e1919032_b71752_c20250901204547765000_oeac_ops.h5,GDNBO_npp_d20250901_t1917390_e1919032_b71752_c20250901204324159000_oeac_ops.h5,SVI04_npp_d20250901_t1917390_e1919032_b71752_c20250901204601183000_oeac_ops.dspace_rad,,eez_v11.shp,WPP_BFAR_merge.shp,vbd_mpa_r20170830.shp,VNF-VBD_npp_20120301-20151231_global_asia-enhanced_c201607211230.bitmask,vbd_landsea_r20220824.mask,timezone.shp,VBD_platforms-recurring_2015_r20170330.shp,0.593166,VBD_bridges_c20160811.shp,14.355770;12.550855;10.047329;5.199992;7.537566;9.452507,80.383789;94.474220;108.227211;106.936050;93.332306;79.482437,npp_d20250901_t1916136_e1917378_b71752;npp_d20250901_t1917390_e1919032_b71752;npp_d20250901_t1919044_e1920286_b71752;npp_d20250901_t1920298_e1921540_b71752,146.024,59.3235,40.2028,-79.4875,107.766,-117.077
125,VBD_npp_d20250901_t1918095_x0994401E_y097907N_l0286_s2831_v23,2025-09-01 21:28:11,9.790677,99.440125,31.2647,2025-09-01 19:18:09,2025-09-02 02:18:09,286,2831,0.391677,1,2401,0.957713,0.055,0.911174,0.4,0.973652,0.75,2.89258e-12,0.0001,9.14984e-120,999999,1.707601e-01,3,Thailand Exclusive Economic Zone,,,SVDNB_npp_d20250901_t1917390_e1919032_b71752_c20250901204547765000_oeac_ops.h5,GDNBO_npp_d20250901_t1917390_e1919032_b71752_c20250901204324159000_oeac_ops.h5,SVI04_npp_d20250901_t1917390_e1919032_b71752_c20250901204601183000_oeac_ops.dspace_rad,,eez_v11.shp,WPP_BFAR_merge.shp,vbd_mpa_r20170830.shp,VNF-VBD_npp_20120301-20151231_global_asia-enhanced_c201607211230.bitmask,vbd_landsea_r20220824.mask,timezone.shp,VBD_platforms-recurring_2015_r20170330.shp,999999,VBD_bridges_c20160811.shp,14.355770;12.550855;10.047329;5.199992;7.537566;9.452507,80.383789;94.474220;108.227211;106.936050;93.332306;79.482437,npp_d20250901_t1916136_e1917378_b71752;npp_d20250901_t1917390_e1919032_b71752;npp_d20250901_t1919044_e1920286_b71752;npp_d20250901_t1920298_e1921540_b71752,146.083,59.4249,40.2025,-79.6415,107.711,-117.102
126,VBD_npp_d20250901_t1917589_x0996177E_y104997N_l0177_s2832_v23,2025-09-01 21:28:11,10.499679,99.617661,4.38644,2025-09-01 19:17:58,2025-09-02 02:17:58,177,2832,0.262076,2,2337,0.225547,0.055,0.858857,0.4,0.703529,0.75,1.75525e-12,0.0001,2.41365e-124,999999,2.263169e-02,3,Thailand Exclusive Economic Zone,,,SVDNB_npp_d20250901_t1917390_e1919032_b71752_c20250901204547765000_oeac_ops.h5,GDNBO_npp_d20250901_t1917390_e1919032_b71752_c20250901204324159000_oeac_ops.h5,SVI04_npp_d20250901_t1917390_e1919032_b71752_c20250901204601183000_oeac_ops.dspace_rad,,eez_v11.shp,WPP_BFAR_merge.shp,vbd_mpa_r20170830.shp,VNF-VBD_npp_20120301-20151231_global_asia-enhanced_c201607211230.bitmask,vbd_landsea_r20220824.mask,timezone.shp,VBD_platforms-recurring_2015_r20170330.shp,999999,VBD_bridges_c20160811.shp,14.355770;12.550855;10.047329;5.199992;7.537566;9.452507,80.383789;94.474220;108.227211;106.936050;93.332306;79.482437,npp_d20250901_t1916136_e1917378_b71752;npp_d20250901_t1917390_e1919032_b71752;npp_d20250901_t1919044_e1920286_b71752;npp_d20250901_t1920298_e1921540_b71752,145.606,58.6515,40.2461,-80.4994,108.149,-116.903
127,VBD_npp_d20250901_t1918024_x0995559E_y102383N_l0217_s2832_v23,2025-09-01 21:28:11,10.238317,99.555923,18.5005,2025-09-01 19:18:02,2025-09-02 02:18:02,217,2832,0.395873,1,2401,0.757526,0.055,0.882883,0.4,0.95808,0.75,2.12704e-12,0.0001,1.38935e-122,999999,2.819388e-01,3,Thailand Exclusive Economic Zone,,,SVDNB_npp_d20250901_t1917390_e1919032_b71752_c20250901204547765000_oeac_ops.h5,GDNBO_npp_d20250901_t1917390_e1919032_b71752_c20250901204324159000_oeac_ops.h5,SVI04_npp_d20250901_t1917390_e1919032_b71752_c20250901204601183000_oeac_ops.dspace_rad,,eez_v11.shp,WPP_BFAR_merge.shp,vbd_mpa_r20170830.shp,VNF-VBD_npp_20120301-20151231_global_asia-enhanced_c201607211230.bitmask,vbd_landsea_r20220824.mask,timezone.shp,VBD_platforms-recurring_2015_r20170330.shp,999999,VBD_bridges_c20160811.shp,14.355770;12.550855;10.047329;5.199992;7.537566;9.452507,80.383789;94.474220;108.227211;106.936050;93.332306;79.482437,npp_d20250901_t1916136_e1917378_b71752;npp_d20250901_t1917390_e1919032_b71752;npp_d20250901_t1919044_e1920286_b71752;npp_d20250901_t1920298_e1921540_b71752,145.781,58.9356,40.2418,-79.9491,107.99,-116.977
128,VBD_npp_d20250901_t1917589_x0996219E_y104851N_l0179_s2833_v23,2025-09-01 21:28:11,10.485066,99.621895,5.32451,2025-09-01 19:17:58,2025-09-02 02:17:58,179,2833,0.299989,1,2401,0.273625,0.055,0.872129,0.4,0.781078,0.75,1.75914e-12,0.0001,1.60681e-124,999999,-1.475491e-01,3,Thailand Exclusive Economic Zone,,,SVDNB_npp_d20250901_t1917390_e1919032_b71752_c20250901204547765000_oeac_ops.h5,GDNBO_npp_d20250901_t1917390_e1919032_b71752_c20250901204324159000_oeac_ops.h5,SVI04_npp_d20250901_t1917390_e1919032_b71752_c20250901204601183000_oeac_ops.dspace_rad,,eez_v11.shp,WPP_BFAR_merge.shp,vbd_mpa_r20170830.shp,VNF-VBD_npp_20120301-20151231_global_asia-enhanced_c201607211230.bitmask,vbd_landsea_r20220824.mask,timezone.shp,VBD_platforms-recurring_2015_r20170330.shp,999999,VBD_bridges_c20160811.shp,14.355770;12.550855;10.047329;5.199992;7.537566;9.452507,80.383789;94.474220;108.227211;106.936050;93.332306;79.482437,npp_d20250901_t1916136_e1917378_b71752;npp_d20250901_t1917390_e1919032_b71752;npp_d20250901_t1919044_e1920286_b71752;npp_d20250901_t1920298_e1921540_b71752,145.61,58.6736,40.2831,-80.3539,108.146,-116.906
129,VBD_npp_d20250901_t1917589_x0996182E_y104649N_l0182_s2833_v23,2025-09-01 21:28:11,10.464869,99.618248,4.89949,2025-09-01 19:17:58,2025-09-02 02:17:58,182,2833,0.302834,1,2401,0.268706,0.055,0.872129,0.4,0.760814,0.75,1.77987e-12,0.0001,2.92383e-124,999999,2.690148e-02,3,Thailand Exclusive Economic Zone,,,SVDNB_npp_d20250901_t1917390_e1919032_b71752_c20250901204547765000_oeac_ops.h5,GDNBO_npp_d20250901_t1917390_e1919032_b71752_c20250901204324159000_oeac_ops.h5,SVI04_npp_d20250901_t1917390_e1919032_b71752_c20250901204601183000_oeac_ops.dspace_rad,,eez_v11.shp,WPP_BFAR_merge.shp,vbd_mpa_r20170830.shp,VNF-VBD_npp_20120301-20151231_global_asia-enhanced_c201607211230.bitmask,vbd_landsea_r20220824.mask,timezone.shp,VBD_platforms-recurring_2015_r20170330.shp,999999,VBD_bridges_c20160811.shp,14.355770;12.550855;10.047329;5.199992;7.537566;9.452507,80.383789;94.474220;108.227211;106.936050;93.332306;79.482437,npp_d20250901_t1916136_e1917378_b71752;npp_d20250901_t1917390_e1919032_b71752;npp_d20250901_t1919044_e1920286_b71752;npp_d20250901_t1920298_e1921540_b71752,145.624,58.6955,40.2823,-80.1379,108.134,-116.912
130,VBD_npp_d20250901_t1917589_x0996158E_y104514N_l0184_s2833_v23,2025-09-01 21:28:11,10.451403,99.615814,7.23038,2025-09-01 19:17:58,2025-09-02 02:17:58,184,2833,0.334558,1,2401,0.407884,0.055,0.865386,0.4,0.880822,0.75,1.79369e-12,0.0001,4.33859e-124,999999,8.605862e-02,3,Thailand Exclusive Economic Zone,,,SVDNB_npp_d20250901_t1917390_e1919032_b71752_c20250901204547765000_oeac_ops.h5,GDNBO_npp_d20250901_t1917390_e1919032_b71752_c20250901204324159000_oeac_ops.h5,SVI04_npp_d20250901_t1917390_e1919032_b71752_c20250901204601183000_oeac_ops.dspace_rad,,eez_v11.shp,WPP_BFAR_merge.shp,vbd_mpa_r20170830.shp,VNF-VBD_npp_20120301-20151231_global_asia-enhanced_c201607211230.bitmask,vbd_landsea_r20220824.mask,timezone.shp,VBD_platforms-recurring_2015_r20170330.shp,999999,VBD_bridges_c20160811.shp,14.355770;12.550855;10.047329;5.199992;7.537566;9.452507,80.383789;94.474220;108.227211;106.936050;93.332306;79.482437,npp_d20250901_t1916136_e1917378_b71752;npp_d20250901_t1917390_e1919032_b71752;npp_d20250901_t1919044_e1920286_b71752;npp_d20250901_t1920298_e1921540_b71752,145.633,58.71,40.2821,-79.9939,108.125,-116.916
131,VBD_npp_d20250901_t1918042_x0995396E_y101471N_l0231_s2833_v23,2025-09-01 21:28:11,10.147060,99.539619,9.69008,2025-09-01 19:18:04,2025-09-02 02:18:04,231,2833,0.290031,1,2401,0.451098,0.055,0.920185,0.4,0.846822,0.75,2.26616e-12,0.0001,1.3509e-122,999999,-2.474843e-02,3,Thailand Exclusive Economic Zone,,,SVDNB_npp_d20250901_t1917390_e1919032_b71752_c20250901204547765000_oeac_ops.h5,GDNBO_npp_d20250901_t1917390_e1919032_b71752_c20250901204324159000_oeac_ops.h5,SVI04_npp_d20250901_t1917390_e1919032_b71752_c20250901204601183000_oeac_ops.dspace_rad,,eez_v11.shp,WPP_BFAR_merge.shp,vbd_mpa_r20170830.shp,VNF-VBD_npp_20120301-20151231_global_asia-enhanced_c201607211230.bitmask,vbd_landsea_r20220824.mask,timezone.shp,VBD_platforms-recurring_2015_r20170330.shp,999999,VBD_bridges_c20160811.shp,14.355770;12.550855;10.047329;5.199992;7.537566;9.452507,80.383789;94.474220;108.227211;106.936050;93.332306;79.482437,npp_d20250901_t1916136_e1917378_b71752;npp_d20250901_t1917390_e1919032_b71752;npp_d20250901_t1919044_e1920286_b71752;npp_d20250901_t1920298_e1921540_b71752,145.836,59.0425,40.2814,-80.1082,107.94,-117.002
132,VBD_npp_d20250901_t1918113_x0994305E_y096983N_l0300_s2833_v23,2025-09-01 21:28:11,9.698290,99.430527,2.75619,2025-09-01 19:18:11,2025-09-02 02:18:11,300,2833,0.383852,1,2401,0.191689,0.055,0.792362,0.4,0.777313,0.75,2.97394e-12,0.0001,4.16983e-120,999999,1.032940e-01,3,Thailand Exclusive Economic Zone,,,SVDNB_npp_d20250901_t1917390_e1919032_b71752_c20250901204547765000_oeac_ops.h5,GDNBO_npp_d20250901_t1917390_e1919032_b71752_c20250901204324159000_oeac_ops.h5,SVI04_npp_d20250901_t1917390_e1919032_b71752_c20250901204601183000_oeac_ops.dspace_rad,,eez_v11.shp,WPP_BFAR_merge.shp,vbd_mpa_r20170830.shp,VNF-VBD_npp_20120301-20151231_global_asia-enhanced_c201607211230.bitmask,vbd_landsea_r20220824.mask,timezone.shp,VBD_platforms-recurring_2015_r20170330.shp,999999,VBD_bridges_c20160811.shp,14.355770;12.550855;10.047329;5.199992;7.537566;9.452507,80.383789;94.474220;108.227211;106.936050;93.332306;79.482437,npp_d20250901_t1916136_e1917378_b71752;npp_d20250901_t1917390_e1919032_b71752;npp_d20250901_t1919044_e1920286_b71752;npp_d20250901_t1920298_e1921540_b71752,146.132,59.5414,40.2789,-79.8008,107.667,-117.127
133,VBD_npp_d20250901_t1918024_x0995693E_y102360N_l0217_s2834_v23,2025-09-01 21:28:11,10.235977,99.569260,5.75728,2025-09-01 19:18:02,2025-09-02 02:18:02,217,2834,0.397011,1,2401,0.358228,0.055,0.882883,0.4,0.867511,0.75,2.10297e-12,0.0001,2.8178e-123,999999,2.555449e-01,3,Thailand Exclusive Economic Zone,,,SVDNB_npp_d20250901_t1917390_e1919032_b71752_c20250901204547765000_oeac_ops.h5,GDNBO_npp_d20250901_t1917390_e1919032_b71752_c20250901204324159000_oeac_ops.h5,SVI04_npp_d20250901_t1917390_e1919032_b71752_c20250901204601183000_oeac_ops.dspace_rad,,eez_v11.shp,WPP_BFAR_merge.shp,vbd_mpa_r20170830.shp,VNF-VBD_npp_20120301-20151231_global_asia-enhanced_c201607211230.bitmask,vbd_landsea_r20220824.mask,timezone.shp,VBD_platforms-recurring_2015_r20170330.shp,999999,VBD_bridges_c20160811.shp,14.355770;12.550855;10.047329;5.199992;7.537566;9.452507,80.383789;94.474220;108.227211;106.936050;93.332306;79.482437,npp_d20250901_t1916136_e1917378_b71752;npp_d20250901_t1917390_e1919032_b71752;npp_d20250901_t1919044_e1920286_b71752;npp_d20250901_t1920298_e1921540_b71752,145.771,58.9509,40.3172,-79.9469,108,-116.977
134,VBD_npp_d20250901_t1918042_x0995415E_y101189N_l0235_s2834_v23,2025-09-01 21:28:11,10.118947,99.541466,11.0468,2025-09-01 19:18:04,2025-09-02 02:18:04,235,2834,0.257666,1,2401,0.518543,0.055,0.922819,0.4,0.892884,0.75,2.29621e-12,0.0001,1.32032e-122,999999,-2.594248e-01,3,Thailand Exclusive Economic Zone,,,SVDNB_npp_d20250901_t1917390_e1919032_b71752_c20250901204547765000_oeac_ops.h5,GDNBO_npp_d20250901_t1917390_e1919032_b71752_c20250901204324159000_oeac_ops.h5,SVI04_npp_d20250901_t1917390_e1919032_b71752_c20250901204601183000_oeac_ops.dspace_rad,,eez_v11.shp,WPP_BFAR_merge.shp,vbd_mpa_r20170830.shp,VNF-VBD_npp_20120301-20151231_global_asia-enhanced_c201607211230.bitmask,vbd_landsea_r20220824.mask,timezone.shp,VBD_platforms-recurring_2015_r20170330.shp,999999,VBD_bridges_c20160811.shp,14.355770;12.550855;10.047329;5.199992;7.537566;9.452507,80.383789;94.474220;108.227211;106.936050;93.332306;79.482437,npp_d20250901_t1916136_e1917378_b71752;npp_d20250901_t1917390_e1919032_b71752;npp_d20250901_t1919044_e1920286_b71752;npp_d20250901_t1920298_e1921540_b71752,145.848,59.0798,40.3191,-79.8192,107.929,-117.01
135,VBD_npp_d20250901_t1918167_x0993712E_y094460N_l0339_s2834_v23,2025-09-01 21:28:11,9.446016,99.371178,1.58728,2025-09-01 19:18:16,2025-09-02 02:18:16,339,2834,0.248277,10,2305,0.0843779,0.055,0.296975,0.4,0.607769,0.75,3.24449e-12,0.0001,1.16338e-119,999999,-2.060462e-01,3,Thailand Exclusive Economic Zone,,,SVDNB_npp_d20250901_t1917390_e1919032_b71752_c20250901204547765000_oeac_ops.h5,GDNBO_npp_d20250901_t1917390_e1919032_b71752_c20250901204324159000_oeac_ops.h5,SVI04_npp_d20250901_t1917390_e1919032_b71752_c20250901204601183000_oeac_ops.dspace_rad,,eez_v11.shp,WPP_BFAR_merge.shp,vbd_mpa_r20170830.shp,VNF-VBD_npp_20120301-20151231_global_asia-enhanced_c201607211230.bitmask,vbd_landsea_r20220824.mask,timezone.shp,VBD_platforms-recurring_2015_r20170330.shp,999999,VBD_bridges_c20160811.shp,14.355770;12.550855;10.047329;5.199992;7.537566;9.452507,80.383789;94.474220;108.227211;106.936050;93.332306;79.482437,npp_d20250901_t1916136_e1917378_b71752;npp_d20250901_t1917390_e1919032_b71752;npp_d20250901_t1919044_e1920286_b71752;npp_d20250901_t1920298_e1921540_b71752,146.291,59.8331,40.3172,-80.483,107.519,-117.195
136,VBD_npp_d20250901_t1917589_x0996329E_y104693N_l0181_s2835_v23,2025-09-01 21:28:11,10.469273,99.632851,7.58132,2025-09-01 19:17:58,2025-09-02 02:17:58,181,2835,0.286972,1,2401,0.395828,0.055,0.875353,0.4,0.823631,0.75,1.75278e-12,0.0001,4.69832e-125,999999,-3.394779e-02,3,Thailand Exclusive Economic Zone,,,SVDNB_npp_d20250901_t1917390_e1919032_b71752_c20250901204547765000_oeac_ops.h5,GDNBO_npp_d20250901_t1917390_e1919032_b71752_c20250901204324159000_oeac_ops.h5,SVI04_npp_d20250901_t1917390_e1919032_b71752_c20250901204601183000_oeac_ops.dspace_rad,,eez_v11.shp,WPP_BFAR_merge.shp,vbd_mpa_r20170830.shp,VNF-VBD_npp_20120301-20151231_global_asia-enhanced_c201607211230.bitmask,vbd_landsea_r20220824.mask,timezone.shp,VBD_platforms-recurring_2015_r20170330.shp,999999,VBD_bridges_c20160811.shp,14.355770;12.550855;10.047329;5.199992;7.537566;9.452507,80.383789;94.474220;108.227211;106.936050;93.332306;79.482437,npp_d20250901_t1916136_e1917378_b71752;npp_d20250901_t1917390_e1919032_b71752;npp_d20250901_t1919044_e1920286_b71752;npp_d20250901_t1920298_e1921540_b71752,145.609,58.7035,40.358,-80.2072,108.148,-116.91
137,VBD_npp_d20250901_t1917589_x0996335E_y104344N_l0186_s2836_v23,2025-09-01 21:28:11,10.434398,99.633469,10.582,2025-09-01 19:17:58,2025-09-02 02:17:58,186,2836,0.382501,1,2401,0.539372,0.055,0.870558,0.4,0.922497,0.75,1.77665e-12,0.0001,5.5913e-125,999999,-4.966864e-02,3,Thailand Exclusive Economic Zone,,,SVDNB_npp_d20250901_t1917390_e1919032_b71752_c20250901204547765000_oeac_ops.h5,GDNBO_npp_d20250901_t1917390_e1919032_b71752_c20250901204324159000_oeac_ops.h5,SVI04_npp_d20250901_t1917390_e1919032_b71752_c20250901204601183000_oeac_ops.dspace_rad,,eez_v11.shp,WPP_BFAR_merge.shp,vbd_mpa_r20170830.shp,VNF-VBD_npp_20120301-20151231_global_asia-enhanced_c201607211230.bitmask,vbd_landsea_r20220824.mask,timezone.shp,VBD_platforms-recurring_2015_r20170330.shp,999999,VBD_bridges_c20160811.shp,14.355770;12.550855;10.047329;5.199992;7.537566;9.452507,80.383789;94.474220;108.227211;106.936050;93.332306;79.482437,npp_d20250901_t1916136_e1917378_b71752;npp_d20250901_t1917390_e1919032_b71752;npp_d20250901_t1919044_e1920286_b71752;npp_d20250901_t1920298_e1921540_b71752,145.627,58.7476,40.3953,-79.8468,108.133,-116.92
138,VBD_npp_d20250901_t1917589_x0996499E_y104872N_l0178_s2837_v23,2025-09-01 21:28:11,10.487176,99.649910,10.2116,2025-09-01 19:17:58,2025-09-02 02:17:58,178,2837,0.324031,1,2401,0.491981,0.055,0.862877,0.4,0.856955,0.75,1.71235e-12,0.0001,4.93851e-126,999999,2.098697e-01,3,Thailand Exclusive Economic Zone,,,SVDNB_npp_d20250901_t1917390_e1919032_b71752_c20250901204547765000_oeac_ops.h5,GDNBO_npp_d20250901_t1917390_e1919032_b71752_c20250901204324159000_oeac_ops.h5,SVI04_npp_d20250901_t1917390_e1919032_b71752_c20250901204601183000_oeac_ops.dspace_rad,,eez_v11.shp,WPP_BFAR_merge.shp,vbd_mpa_r20170830.shp,VNF-VBD_npp_20120301-20151231_global_asia-enhanced_c201607211230.bitmask,vbd_landsea_r20220824.mask,timezone.shp,VBD_platforms-recurring_2015_r20170330.shp,999999,VBD_bridges_c20160811.shp,14.355770;12.550855;10.047329;5.199992;7.537566;9.452507,80.383789;94.474220;108.227211;106.936050;93.332306;79.482437,npp_d20250901_t1916136_e1917378_b71752;npp_d20250901_t1917390_e1919032_b71752;npp_d20250901_t1919044_e1920286_b71752;npp_d20250901_t1920298_e1921540_b71752,145.586,58.697,40.4345,-80.4198,108.171,-116.905
139,VBD_npp_d20250901_t1918042_x0995719E_y101345N_l0232_s2838_v23,2025-09-01 21:28:11,10.134476,99.571877,8.17755,2025-09-01 19:18:04,2025-09-02 02:18:04,232,2838,0.334914,1,2401,0.442656,0.055,0.898711,0.4,0.88507,0.75,2.21215e-12,0.0001,2.95826e-124,999999,6.004592e-03,3,Thailand Exclusive Economic Zone,,,SVDNB_npp_d20250901_t1917390_e1919032_b71752_c20250901204547765000_oeac_ops.h5,GDNBO_npp_d20250901_t1917390_e1919032_b71752_c20250901204324159000_oeac_ops.h5,SVI04_npp_d20250901_t1917390_e1919032_b71752_c20250901204601183000_oeac_ops.dspace_rad,,eez_v11.shp,WPP_BFAR_merge.shp,vbd_mpa_r20170830.shp,VNF-VBD_npp_20120301-20151231_global_asia-enhanced_c201607211230.bitmask,vbd_landsea_r20220824.mask,timezone.shp,VBD_platforms-recurring_2015_r20170330.shp,999999,VBD_bridges_c20160811.shp,14.355770;12.550855;10.047329;5.199992;7.537566;9.452507,80.383789;94.474220;108.227211;106.936050;93.332306;79.482437,npp_d20250901_t1916136_e1917378_b71752;npp_d20250901_t1917390_e1919032_b71752;npp_d20250901_t1919044_e1920286_b71752;npp_d20250901_t1920298_e1921540_b71752,145.815,59.0882,40.4701,-80.0305,107.963,-117.004
140,VBD_npp_d20250901_t1917589_x0996676E_y104702N_l0180_s2840_v23,2025-09-01 21:28:11,10.470192,99.667618,10.2691,2025-09-01 19:17:58,2025-09-02 02:17:58,180,2840,0.322537,1,2401,0.481115,0.055,0.85447,0.4,0.891657,0.75,1.69571e-12,0.0001,6.13321e-127,999999,-1.148020e-01,3,Thailand Exclusive Economic Zone,,,SVDNB_npp_d20250901_t1917390_e1919032_b71752_c20250901204547765000_oeac_ops.h5,GDNBO_npp_d20250901_t1917390_e1919032_b71752_c20250901204324159000_oeac_ops.h5,SVI04_npp_d20250901_t1917390_e1919032_b71752_c20250901204601183000_oeac_ops.dspace_rad,,eez_v11.shp,WPP_BFAR_merge.shp,vbd_mpa_r20170830.shp,VNF-VBD_npp_20120301-20151231_global_asia-enhanced_c201607211230.bitmask,vbd_landsea_r20220824.mask,timezone.shp,VBD_platforms-recurring_2015_r20170330.shp,999999,VBD_bridges_c20160811.shp,14.355770;12.550855;10.047329;5.199992;7.537566;9.452507,80.383789;94.474220;108.227211;106.936050;93.332306;79.482437,npp_d20250901_t1916136_e1917378_b71752;npp_d20250901_t1917390_e1919032_b71752;npp_d20250901_t1919044_e1920286_b71752;npp_d20250901_t1920298_e1921540_b71752,145.579,58.7346,40.5471,-80.2721,108.179,-116.909
141,VBD_npp_d20250901_t1918042_x0995865E_y101389N_l0231_s2840_v23,2025-09-01 21:28:11,10.138882,99.586525,13.6724,2025-09-01 19:18:04,2025-09-02 02:18:04,231,2840,0.333705,1,2401,0.571721,0.055,0.861313,0.4,0.907013,0.75,2.17586e-12,0.0001,4.74668e-125,999999,-1.203079e-01,3,Thailand Exclusive Economic Zone,,,SVDNB_npp_d20250901_t1917390_e1919032_b71752_c20250901204547765000_oeac_ops.h5,GDNBO_npp_d20250901_t1917390_e1919032_b71752_c20250901204324159000_oeac_ops.h5,SVI04_npp_d20250901_t1917390_e1919032_b71752_c20250901204601183000_oeac_ops.dspace_rad,,eez_v11.shp,WPP_BFAR_merge.shp,vbd_mpa_r20170830.shp,VNF-VBD_npp_20120301-20151231_global_asia-enhanced_c201607211230.bitmask,vbd_landsea_r20220824.mask,timezone.shp,VBD_platforms-recurring_2015_r20170330.shp,999999,VBD_bridges_c20160811.shp,14.355770;12.550855;10.047329;5.199992;7.537566;9.452507,80.383789;94.474220;108.227211;106.936050;93.332306;79.482437,npp_d20250901_t1916136_e1917378_b71752;npp_d20250901_t1917390_e1919032_b71752;npp_d20250901_t1919044_e1920286_b71752;npp_d20250901_t1920298_e1921540_b71752,145.8,59.0961,40.5458,-80.0998,107.978,-117.003
142,VBD_npp_d20250901_t1917571_x0996901E_y105190N_l0172_s2841_v23,2025-09-01 21:28:11,10.519049,99.690117,2.95531,2025-09-01 19:17:57,2025-09-02 02:17:57,172,2841,0.169392,2,2337,0.140225,0.055,0.790154,0.4,0.494995,0.75,1.63291e-12,0.0001,3.93333e-127,999999,3.020728e-02,3,Thailand Exclusive Economic Zone,,,SVDNB_npp_d20250901_t1917390_e1919032_b71752_c20250901204547765000_oeac_ops.h5,GDNBO_npp_d20250901_t1917390_e1919032_b71752_c20250901204324159000_oeac_ops.h5,SVI04_npp_d20250901_t1917390_e1919032_b71752_c20250901204601183000_oeac_ops.dspace_rad,,eez_v11.shp,WPP_BFAR_merge.shp,vbd_mpa_r20170830.shp,VNF-VBD_npp_20120301-20151231_global_asia-enhanced_c201607211230.bitmask,vbd_landsea_r20220824.mask,timezone.shp,VBD_platforms-recurring_2015_r20170330.shp,999999,VBD_bridges_c20160811.shp,14.355770;12.550855;10.047329;5.199992;7.537566;9.452507,80.383789;94.474220;108.227211;106.936050;93.332306;79.482437,npp_d20250901_t1916136_e1917378_b71752;npp_d20250901_t1917390_e1919032_b71752;npp_d20250901_t1919044_e1920286_b71752;npp_d20250901_t1920298_e1921540_b71752,145.541,58.6877,40.5822,-79.6878,108.215,-116.894
143,VBD_npp_d20250901_t1918149_x0994456E_y095487N_l0322_s2841_v23,2025-09-01 21:28:11,9.548685,99.445648,1.29894,2025-09-01 19:18:14,2025-09-02 02:18:14,322,2841,0.388689,2,2337,0.0758002,0.055,0.404391,0.4,0.720647,0.75,2.9941e-12,0.0001,1.11843e-122,999999,-7.905833e-02,3,Thailand Exclusive Economic Zone,,,SVDNB_npp_d20250901_t1917390_e1919032_b71752_c20250901204547765000_oeac_ops.h5,GDNBO_npp_d20250901_t1917390_e1919032_b71752_c20250901204324159000_oeac_ops.h5,SVI04_npp_d20250901_t1917390_e1919032_b71752_c20250901204601183000_oeac_ops.dspace_rad,,eez_v11.shp,WPP_BFAR_merge.shp,vbd_mpa_r20170830.shp,VNF-VBD_npp_20120301-20151231_global_asia-enhanced_c201607211230.bitmask,vbd_landsea_r20220824.mask,timezone.shp,VBD_platforms-recurring_2015_r20170330.shp,999999,VBD_bridges_c20160811.shp,14.355770;12.550855;10.047329;5.199992;7.537566;9.452507,80.383789;94.474220;108.227211;106.936050;93.332306;79.482437,npp_d20250901_t1916136_e1917378_b71752;npp_d20250901_t1917390_e1919032_b71752;npp_d20250901_t1919044_e1920286_b71752;npp_d20250901_t1920298_e1921540_b71752,146.182,59.7612,40.5864,-80.5349,107.625,-117.166
144,VBD_npp_d20250901_t1917553_x0997187E_y106011N_l0159_s2842_v23,2025-09-01 21:28:11,10.601053,99.718689,1.95055,2025-09-01 19:17:55,2025-09-02 02:17:55,159,2842,0.192581,10,2305,0.0776109,0.055,0.317243,0.4,0.566879,0.75,1.53795e-12,0.0001,9.07835e-128,999999,2.958308e-01,3,Thailand Exclusive Economic Zone,,,SVDNB_npp_d20250901_t1917390_e1919032_b71752_c20250901204547765000_oeac_ops.h5,GDNBO_npp_d20250901_t1917390_e1919032_b71752_c20250901204324159000_oeac_ops.h5,SVI04_npp_d20250901_t1917390_e1919032_b71752_c20250901204601183000_oeac_ops.dspace_rad,,eez_v11.shp,WPP_BFAR_merge.shp,vbd_mpa_r20170830.shp,VNF-VBD_npp_20120301-20151231_global_asia-enhanced_c201607211230.bitmask,vbd_landsea_r20220824.mask,timezone.shp,VBD_platforms-recurring_2015_r20170330.shp,999999,VBD_bridges_c20160811.shp,14.355770;12.550855;10.047329;5.199992;7.537566;9.452507,80.383789;94.474220;108.227211;106.936050;93.332306;79.482437,npp_d20250901_t1916136_e1917378_b71752;npp_d20250901_t1917390_e1919032_b71752;npp_d20250901_t1919044_e1920286_b71752;npp_d20250901_t1920298_e1921540_b71752,145.481,58.6054,40.6189,-79.4555,108.27,-116.871
145,VBD_npp_d20250901_t1917589_x0996848E_y104881N_l0177_s2842_v23,2025-09-01 21:28:11,10.488134,99.684769,6.59281,2025-09-01 19:17:58,2025-09-02 02:17:58,177,2842,0.265704,1,2401,0.319934,0.055,0.839797,0.4,0.792287,0.75,1.65595e-12,0.0001,6.13335e-128,999999,2.036449e-01,3,Thailand Exclusive Economic Zone,,,SVDNB_npp_d20250901_t1917390_e1919032_b71752_c20250901204547765000_oeac_ops.h5,GDNBO_npp_d20250901_t1917390_e1919032_b71752_c20250901204324159000_oeac_ops.h5,SVI04_npp_d20250901_t1917390_e1919032_b71752_c20250901204601183000_oeac_ops.dspace_rad,,eez_v11.shp,WPP_BFAR_merge.shp,vbd_mpa_r20170830.shp,VNF-VBD_npp_20120301-20151231_global_asia-enhanced_c201607211230.bitmask,vbd_landsea_r20220824.mask,timezone.shp,VBD_platforms-recurring_2015_r20170330.shp,999999,VBD_bridges_c20160811.shp,14.355770;12.550855;10.047329;5.199992;7.537566;9.452507,80.383789;94.474220;108.227211;106.936050;93.332306;79.482437,npp_d20250901_t1916136_e1917378_b71752;npp_d20250901_t1917390_e1919032_b71752;npp_d20250901_t1919044_e1920286_b71752;npp_d20250901_t1920298_e1921540_b71752,145.556,58.7281,40.6237,-80.4837,108.202,-116.903
146,VBD_npp_d20250901_t1917589_x0996878E_y104667N_l0180_s2843_v23,2025-09-01 21:28:11,10.466682,99.687843,3.88712,2025-09-01 19:17:58,2025-09-02 02:17:58,180,2843,0.30198,1,2401,0.207405,0.055,0.799104,0.4,0.756406,0.75,1.66557e-12,0.0001,4.90146e-128,999999,-4.566386e-02,3,Thailand Exclusive Economic Zone,,,SVDNB_npp_d20250901_t1917390_e1919032_b71752_c20250901204547765000_oeac_ops.h5,GDNBO_npp_d20250901_t1917390_e1919032_b71752_c20250901204324159000_oeac_ops.h5,SVI04_npp_d20250901_t1917390_e1919032_b71752_c20250901204601183000_oeac_ops.dspace_rad,,eez_v11.shp,WPP_BFAR_merge.shp,vbd_mpa_r20170830.shp,VNF-VBD_npp_20120301-20151231_global_asia-enhanced_c201607211230.bitmask,vbd_landsea_r20220824.mask,timezone.shp,VBD_platforms-recurring_2015_r20170330.shp,999999,VBD_bridges_c20160811.shp,14.355770;12.550855;10.047329;5.199992;7.537566;9.452507,80.383789;94.474220;108.227211;106.936050;93.332306;79.482437,npp_d20250901_t1916136_e1917378_b71752;npp_d20250901_t1917390_e1919032_b71752;npp_d20250901_t1919044_e1920286_b71752;npp_d20250901_t1920298_e1921540_b71752,145.564,58.7577,40.6605,-80.2679,108.195,-116.909
147,VBD_npp_d20250901_t1918078_x0995485E_y098941N_l0268_s2843_v23,2025-09-01 21:28:11,9.894083,99.548470,19.742,2025-09-01 19:18:07,2025-09-02 02:18:07,268,2843,0.358387,1,2401,0.742365,0.055,0.923266,0.4,0.934183,0.75,2.51386e-12,0.0001,1.40424e-124,999999,4.804273e-02,3,Thailand Exclusive Economic Zone,,,SVDNB_npp_d20250901_t1917390_e1919032_b71752_c20250901204547765000_oeac_ops.h5,GDNBO_npp_d20250901_t1917390_e1919032_b71752_c20250901204324159000_oeac_ops.h5,SVI04_npp_d20250901_t1917390_e1919032_b71752_c20250901204601183000_oeac_ops.dspace_rad,,eez_v11.shp,WPP_BFAR_merge.shp,vbd_mpa_r20170830.shp,VNF-VBD_npp_20120301-20151231_global_asia-enhanced_c201607211230.bitmask,vbd_landsea_r20220824.mask,timezone.shp,VBD_platforms-recurring_2015_r20170330.shp,999999,VBD_bridges_c20160811.shp,14.355770;12.550855;10.047329;5.199992;7.537566;9.452507,80.383789;94.474220;108.227211;106.936050;93.332306;79.482437,npp_d20250901_t1916136_e1917378_b71752;npp_d20250901_t1917390_e1919032_b71752;npp_d20250901_t1919044_e1920286_b71752;npp_d20250901_t1920298_e1921540_b71752,145.945,59.3852,40.6549,-79.7654,107.846,-117.07
148,VBD_npp_d20250901_t1918095_x0995404E_y098497N_l0275_s2844_v23,2025-09-01 21:28:11,9.849718,99.540428,10.5105,2025-09-01 19:18:09,2025-09-02 02:18:09,275,2844,0.311583,1,2401,0.52274,0.055,0.894221,0.4,0.892381,0.75,2.56951e-12,0.0001,3.5688e-125,999999,2.157287e-01,3,Thailand Exclusive Economic Zone,,,SVDNB_npp_d20250901_t1917390_e1919032_b71752_c20250901204547765000_oeac_ops.h5,GDNBO_npp_d20250901_t1917390_e1919032_b71752_c20250901204324159000_oeac_ops.h5,SVI04_npp_d20250901_t1917390_e1919032_b71752_c20250901204601183000_oeac_ops.dspace_rad,,eez_v11.shp,WPP_BFAR_merge.shp,vbd_mpa_r20170830.shp,VNF-VBD_npp_20120301-20151231_global_asia-enhanced_c201607211230.bitmask,vbd_landsea_r20220824.mask,timezone.shp,VBD_platforms-recurring_2015_r20170330.shp,999999,VBD_bridges_c20160811.shp,14.355770;12.550855;10.047329;5.199992;7.537566;9.452507,80.383789;94.474220;108.227211;106.936050;93.332306;79.482437,npp_d20250901_t1916136_e1917378_b71752;npp_d20250901_t1917390_e1919032_b71752;npp_d20250901_t1919044_e1920286_b71752;npp_d20250901_t1920298_e1921540_b71752,145.968,59.4412,40.6938,-80.417,107.825,-117.082
149,VBD_npp_d20250901_t1918060_x0995848E_y099748N_l0255_s2845_v23,2025-09-01 21:28:11,9.974763,99.584763,18.3782,2025-09-01 19:18:06,2025-09-02 02:18:06,255,2845,0.40256,1,2401,0.761003,0.055,0.898256,0.4,0.97132,0.75,2.35274e-12,0.0001,1.2908e-125,999999,4.751407e-02,3,Thailand Exclusive Economic Zone,,,SVDNB_npp_d20250901_t1917390_e1919032_b71752_c20250901204547765000_oeac_ops.h5,GDNBO_npp_d20250901_t1917390_e1919032_b71752_c20250901204324159000_oeac_ops.h5,SVI04_npp_d20250901_t1917390_e1919032_b71752_c20250901204601183000_oeac_ops.dspace_rad,,eez_v11.shp,WPP_BFAR_merge.shp,vbd_mpa_r20170830.shp,VNF-VBD_npp_20120301-20151231_global_asia-enhanced_c201607211230.bitmask,vbd_landsea_r20220824.mask,timezone.shp,VBD_platforms-recurring_2015_r20170330.shp,999999,VBD_bridges_c20160811.shp,14.355770;12.550855;10.047329;5.199992;7.537566;9.452507,80.383789;94.474220;108.227211;106.936050;93.332306;79.482437,npp_d20250901_t1916136_e1917378_b71752;npp_d20250901_t1917390_e1919032_b71752;npp_d20250901_t1919044_e1920286_b71752;npp_d20250901_t1920298_e1921540_b71752,145.879,59.309,40.7357,-79.5335,107.908,-117.047
150,VBD_npp_d20250901_t1918078_x0995692E_y099323N_l0262_s2845_v23,2025-09-01 21:28:11,9.932334,99.569221,8.63588,2025-09-01 19:18:07,2025-09-02 02:18:07,262,2845,0.32837,1,2401,0.473494,0.055,0.903703,0.4,0.90156,0.75,2.42315e-12,0.0001,8.27406e-126,999999,-1.751901e-01,3,Thailand Exclusive Economic Zone,,,SVDNB_npp_d20250901_t1917390_e1919032_b71752_c20250901204547765000_oeac_ops.h5,GDNBO_npp_d20250901_t1917390_e1919032_b71752_c20250901204324159000_oeac_ops.h5,SVI04_npp_d20250901_t1917390_e1919032_b71752_c20250901204601183000_oeac_ops.dspace_rad,,eez_v11.shp,WPP_BFAR_merge.shp,vbd_mpa_r20170830.shp,VNF-VBD_npp_20120301-20151231_global_asia-enhanced_c201607211230.bitmask,vbd_landsea_r20220824.mask,timezone.shp,VBD_platforms-recurring_2015_r20170330.shp,999999,VBD_bridges_c20160811.shp,14.355770;12.550855;10.047329;5.199992;7.537566;9.452507,80.383789;94.474220;108.227211;106.936050;93.332306;79.482437,npp_d20250901_t1916136_e1917378_b71752;npp_d20250901_t1917390_e1919032_b71752;npp_d20250901_t1919044_e1920286_b71752;npp_d20250901_t1920298_e1921540_b71752,145.908,59.3555,40.7306,-80.1916,107.882,-117.059
151,VBD_npp_d20250901_t1918078_x0995571E_y098646N_l0272_s2845_v23,2025-09-01 21:28:11,9.864614,99.557121,5.09075,2025-09-01 19:18:07,2025-09-02 02:18:07,272,2845,0.388974,1,2401,0.319444,0.055,0.913906,0.4,0.870211,0.75,2.52373e-12,0.0001,5.9144e-125,999999,1.077068e-01,3,Thailand Exclusive Economic Zone,,,SVDNB_npp_d20250901_t1917390_e1919032_b71752_c20250901204547765000_oeac_ops.h5,GDNBO_npp_d20250901_t1917390_e1919032_b71752_c20250901204324159000_oeac_ops.h5,SVI04_npp_d20250901_t1917390_e1919032_b71752_c20250901204601183000_oeac_ops.dspace_rad,,eez_v11.shp,WPP_BFAR_merge.shp,vbd_mpa_r20170830.shp,VNF-VBD_npp_20120301-20151231_global_asia-enhanced_c201607211230.bitmask,vbd_landsea_r20220824.mask,timezone.shp,VBD_platforms-recurring_2015_r20170330.shp,999999,VBD_bridges_c20160811.shp,14.355770;12.550855;10.047329;5.199992;7.537566;9.452507,80.383789;94.474220;108.227211;106.936050;93.332306;79.482437,npp_d20250901_t1916136_e1917378_b71752;npp_d20250901_t1917390_e1919032_b71752;npp_d20250901_t1919044_e1920286_b71752;npp_d20250901_t1920298_e1921540_b71752,145.953,59.4306,40.7315,-79.4782,107.84,-117.078
152,VBD_npp_d20250901_t1918095_x0995399E_y098079N_l0281_s2845_v23,2025-09-01 21:28:11,9.807926,99.539909,4.15509,2025-09-01 19:18:09,2025-09-02 02:18:09,281,2845,0.380367,1,2401,0.272994,0.055,0.870259,0.4,0.811349,0.75,2.61425e-12,0.0001,5.21113e-125,999999,7.461849e-02,3,Thailand Exclusive Economic Zone,,,SVDNB_npp_d20250901_t1917390_e1919032_b71752_c20250901204547765000_oeac_ops.h5,GDNBO_npp_d20250901_t1917390_e1919032_b71752_c20250901204324159000_oeac_ops.h5,SVI04_npp_d20250901_t1917390_e1919032_b71752_c20250901204601183000_oeac_ops.dspace_rad,,eez_v11.shp,WPP_BFAR_merge.shp,vbd_mpa_r20170830.shp,VNF-VBD_npp_20120301-20151231_global_asia-enhanced_c201607211230.bitmask,vbd_landsea_r20220824.mask,timezone.shp,VBD_platforms-recurring_2015_r20170330.shp,999999,VBD_bridges_c20160811.shp,14.355770;12.550855;10.047329;5.199992;7.537566;9.452507,80.383789;94.474220;108.227211;106.936050;93.332306;79.482437,npp_d20250901_t1916136_e1917378_b71752;npp_d20250901_t1917390_e1919032_b71752;npp_d20250901_t1919044_e1920286_b71752;npp_d20250901_t1920298_e1921540_b71752,145.99,59.494,40.7306,-79.9876,107.806,-117.094
153,VBD_npp_d20250901_t1918095_x0995564E_y098609N_l0273_s2846_v23,2025-09-01 21:28:11,9.860942,99.556374,5.29719,2025-09-01 19:18:09,2025-09-02 02:18:09,273,2846,0.380011,2,2337,0.31808,0.055,0.913906,0.4,0.577309,0.75,2.5183e-12,0.0001,4.55681e-126,999999,5.405276e-02,3,Thailand Exclusive Economic Zone,,,SVDNB_npp_d20250901_t1917390_e1919032_b71752_c20250901204547765000_oeac_ops.h5,GDNBO_npp_d20250901_t1917390_e1919032_b71752_c20250901204324159000_oeac_ops.h5,SVI04_npp_d20250901_t1917390_e1919032_b71752_c20250901204601183000_oeac_ops.dspace_rad,,eez_v11.shp,WPP_BFAR_merge.shp,vbd_mpa_r20170830.shp,VNF-VBD_npp_20120301-20151231_global_asia-enhanced_c201607211230.bitmask,vbd_landsea_r20220824.mask,timezone.shp,VBD_platforms-recurring_2015_r20170330.shp,999999,VBD_bridges_c20160811.shp,14.355770;12.550855;10.047329;5.199992;7.537566;9.452507,80.383789;94.474220;108.227211;106.936050;93.332306;79.482437,npp_d20250901_t1916136_e1917378_b71752;npp_d20250901_t1917390_e1919032_b71752;npp_d20250901_t1919044_e1920286_b71752;npp_d20250901_t1920298_e1921540_b71752,145.949,59.4414,40.7702,-80.5568,107.844,-117.079
154,VBD_npp_d20250901_t1917571_x0997318E_y105186N_l0171_s2847_v23,2025-09-01 21:28:11,10.518632,99.731834,3.26331,2025-09-01 19:17:57,2025-09-02 02:17:57,171,2847,0.218046,2,2337,0.17983,0.055,0.647316,0.4,0.691904,0.75,1.56815e-12,0.0001,1.94196e-129,999999,-2.543665e-03,3,Thailand Exclusive Economic Zone,,,SVDNB_npp_d20250901_t1917390_e1919032_b71752_c20250901204547765000_oeac_ops.h5,GDNBO_npp_d20250901_t1917390_e1919032_b71752_c20250901204324159000_oeac_ops.h5,SVI04_npp_d20250901_t1917390_e1919032_b71752_c20250901204601183000_oeac_ops.dspace_rad,,eez_v11.shp,WPP_BFAR_merge.shp,vbd_mpa_r20170830.shp,VNF-VBD_npp_20120301-20151231_global_asia-enhanced_c201607211230.bitmask,vbd_landsea_r20220824.mask,timezone.shp,VBD_platforms-recurring_2015_r20170330.shp,999999,VBD_bridges_c20160811.shp,14.355770;12.550855;10.047329;5.199992;7.537566;9.452507,80.383789;94.474220;108.227211;106.936050;93.332306;79.482437,npp_d20250901_t1916136_e1917378_b71752;npp_d20250901_t1917390_e1919032_b71752;npp_d20250901_t1919044_e1920286_b71752;npp_d20250901_t1920298_e1921540_b71752,145.507,58.7269,40.8089,-79.7532,108.251,-116.893
155,VBD_npp_d20250901_t1918078_x0995730E_y098758N_l0270_s2847_v23,2025-09-01 21:28:11,9.875760,99.573044,10.6767,2025-09-01 19:18:07,2025-09-02 02:18:07,270,2847,0.390112,1,2401,0.564586,0.055,0.92606,0.4,0.90437,0.75,2.47301e-12,0.0001,7.70099e-126,999999,9.427644e-02,3,Thailand Exclusive Economic Zone,,,SVDNB_npp_d20250901_t1917390_e1919032_b71752_c20250901204547765000_oeac_ops.h5,GDNBO_npp_d20250901_t1917390_e1919032_b71752_c20250901204324159000_oeac_ops.h5,SVI04_npp_d20250901_t1917390_e1919032_b71752_c20250901204601183000_oeac_ops.dspace_rad,,eez_v11.shp,WPP_BFAR_merge.shp,vbd_mpa_r20170830.shp,VNF-VBD_npp_20120301-20151231_global_asia-enhanced_c201607211230.bitmask,vbd_landsea_r20220824.mask,timezone.shp,VBD_platforms-recurring_2015_r20170330.shp,999999,VBD_bridges_c20160811.shp,14.355770;12.550855;10.047329;5.199992;7.537566;9.452507,80.383789;94.474220;108.227211;106.936050;93.332306;79.482437,npp_d20250901_t1916136_e1917378_b71752;npp_d20250901_t1917390_e1919032_b71752;npp_d20250901_t1919044_e1920286_b71752;npp_d20250901_t1920298_e1921540_b71752,145.933,59.431,40.8066,-79.6193,107.859,-117.074
156,VBD_npp_d20250901_t1918024_x0996659E_y102330N_l0215_s2848_v23,2025-09-01 21:28:11,10.232996,99.665909,5.0669,2025-09-01 19:18:02,2025-09-02 02:18:02,215,2848,0.39253,1,2401,0.347896,0.055,0.800536,0.4,0.891008,0.75,1.91468e-12,0.0001,1.76061e-128,999999,5.999411e-02,3,Thailand Exclusive Economic Zone,,,SVDNB_npp_d20250901_t1917390_e1919032_b71752_c20250901204547765000_oeac_ops.h5,GDNBO_npp_d20250901_t1917390_e1919032_b71752_c20250901204324159000_oeac_ops.h5,SVI04_npp_d20250901_t1917390_e1919032_b71752_c20250901204601183000_oeac_ops.dspace_rad,,eez_v11.shp,WPP_BFAR_merge.shp,vbd_mpa_r20170830.shp,VNF-VBD_npp_20120301-20151231_global_asia-enhanced_c201607211230.bitmask,vbd_landsea_r20220824.mask,timezone.shp,VBD_platforms-recurring_2015_r20170330.shp,999999,VBD_bridges_c20160811.shp,14.355770;12.550855;10.047329;5.199992;7.537566;9.452507,80.383789;94.474220;108.227211;106.936050;93.332306;79.482437,npp_d20250901_t1916136_e1917378_b71752;npp_d20250901_t1917390_e1919032_b71752;npp_d20250901_t1919044_e1920286_b71752;npp_d20250901_t1920298_e1921540_b71752,145.691,59.0437,40.8464,-80.0739,108.083,-116.974
157,VBD_npp_d20250901_t1918078_x0995835E_y098949N_l0267_s2848_v23,2025-09-01 21:28:11,9.894904,99.583450,16.9657,2025-09-01 19:18:07,2025-09-02 02:18:07,267,2848,0.395233,1,2401,0.714588,0.055,0.92606,0.4,0.95894,0.75,2.42808e-12,0.0001,1.85534e-126,999999,1.726258e-01,3,Thailand Exclusive Economic Zone,,,SVDNB_npp_d20250901_t1917390_e1919032_b71752_c20250901204547765000_oeac_ops.h5,GDNBO_npp_d20250901_t1917390_e1919032_b71752_c20250901204324159000_oeac_ops.h5,SVI04_npp_d20250901_t1917390_e1919032_b71752_c20250901204601183000_oeac_ops.dspace_rad,,eez_v11.shp,WPP_BFAR_merge.shp,vbd_mpa_r20170830.shp,VNF-VBD_npp_20120301-20151231_global_asia-enhanced_c201607211230.bitmask,vbd_landsea_r20220824.mask,timezone.shp,VBD_platforms-recurring_2015_r20170330.shp,999999,VBD_bridges_c20160811.shp,14.355770;12.550855;10.047329;5.199992;7.537566;9.452507,80.383789;94.474220;108.227211;106.936050;93.332306;79.482437,npp_d20250901_t1916136_e1917378_b71752;npp_d20250901_t1917390_e1919032_b71752;npp_d20250901_t1919044_e1920286_b71752;npp_d20250901_t1920298_e1921540_b71752,145.915,59.4161,40.8439,-79.832,107.877,-117.069
158,VBD_npp_d20250901_t1918024_x0996832E_y102510N_l0212_s2850_v23,2025-09-01 21:28:11,10.250982,99.683151,4.32335,2025-09-01 19:18:02,2025-09-02 02:18:02,212,2850,0.389898,1,2401,0.30975,0.055,0.794616,0.4,0.885855,0.75,1.8616e-12,0.0001,1.69582e-129,999999,1.064236e-01,3,Thailand Exclusive Economic Zone,,,SVDNB_npp_d20250901_t1917390_e1919032_b71752_c20250901204547765000_oeac_ops.h5,GDNBO_npp_d20250901_t1917390_e1919032_b71752_c20250901204324159000_oeac_ops.h5,SVI04_npp_d20250901_t1917390_e1919032_b71752_c20250901204601183000_oeac_ops.dspace_rad,,eez_v11.shp,WPP_BFAR_merge.shp,vbd_mpa_r20170830.shp,VNF-VBD_npp_20120301-20151231_global_asia-enhanced_c201607211230.bitmask,vbd_landsea_r20220824.mask,timezone.shp,VBD_platforms-recurring_2015_r20170330.shp,999999,VBD_bridges_c20160811.shp,14.355770;12.550855;10.047329;5.199992;7.537566;9.452507,80.383789;94.474220;108.227211;106.936050;93.332306;79.482437,npp_d20250901_t1916136_e1917378_b71752;npp_d20250901_t1917390_e1919032_b71752;npp_d20250901_t1919044_e1920286_b71752;npp_d20250901_t1920298_e1921540_b71752,145.667,59.037,40.9227,-80.2846,108.106,-116.968
159,VBD_npp_d20250901_t1918024_x0996734E_y101967N_l0220_s2850_v23,2025-09-01 21:28:11,10.196690,99.673370,2.11724,2025-09-01 19:18:02,2025-09-02 02:18:02,220,2850,0.354404,2,2337,0.132124,0.055,0.729185,0.4,0.730861,0.75,1.9396e-12,0.0001,8.78693e-129,999999,-1.958255e-02,3,Thailand Exclusive Economic Zone,,,SVDNB_npp_d20250901_t1917390_e1919032_b71752_c20250901204547765000_oeac_ops.h5,GDNBO_npp_d20250901_t1917390_e1919032_b71752_c20250901204324159000_oeac_ops.h5,SVI04_npp_d20250901_t1917390_e1919032_b71752_c20250901204601183000_oeac_ops.dspace_rad,,eez_v11.shp,WPP_BFAR_merge.shp,vbd_mpa_r20170830.shp,VNF-VBD_npp_20120301-20151231_global_asia-enhanced_c201607211230.bitmask,vbd_landsea_r20220824.mask,timezone.shp,VBD_platforms-recurring_2015_r20170330.shp,999999,VBD_bridges_c20160811.shp,14.355770;12.550855;10.047329;5.199992;7.537566;9.452507,80.383789;94.474220;108.227211;106.936050;93.332306;79.482437,npp_d20250901_t1916136_e1917378_b71752;npp_d20250901_t1917390_e1919032_b71752;npp_d20250901_t1919044_e1920286_b71752;npp_d20250901_t1920298_e1921540_b71752,145.703,59.0962,40.9222,-79.7162,108.073,-116.984
160,VBD_npp_d20250901_t1918095_x0995873E_y097996N_l0281_s2852_v23,2025-09-01 21:28:11,9.799627,99.587334,28.4581,2025-09-01 19:18:09,2025-09-02 02:18:09,281,2852,0.384919,1,2401,0.920158,0.055,0.926056,0.4,0.974058,0.75,2.50238e-12,0.0001,1.52224e-127,999999,7.194480e-02,3,Thailand Exclusive Economic Zone,,,SVDNB_npp_d20250901_t1917390_e1919032_b71752_c20250901204547765000_oeac_ops.h5,GDNBO_npp_d20250901_t1917390_e1919032_b71752_c20250901204324159000_oeac_ops.h5,SVI04_npp_d20250901_t1917390_e1919032_b71752_c20250901204601183000_oeac_ops.dspace_rad,,eez_v11.shp,WPP_BFAR_merge.shp,vbd_mpa_r20170830.shp,VNF-VBD_npp_20120301-20151231_global_asia-enhanced_c201607211230.bitmask,vbd_landsea_r20220824.mask,timezone.shp,VBD_platforms-recurring_2015_r20170330.shp,999999,VBD_bridges_c20160811.shp,14.355770;12.550855;10.047329;5.199992;7.537566;9.452507,80.383789;94.474220;108.227211;106.936050;93.332306;79.482437,npp_d20250901_t1916136_e1917378_b71752;npp_d20250901_t1917390_e1919032_b71752;npp_d20250901_t1919044_e1920286_b71752;npp_d20250901_t1920298_e1921540_b71752,145.954,59.5478,40.9956,-79.9802,107.844,-117.094
161,VBD_npp_d20250901_t1918078_x0996162E_y098821N_l0268_s2853_v23,2025-09-01 21:28:11,9.882128,99.616173,10.8264,2025-09-01 19:18:07,2025-09-02 02:18:07,268,2853,0.395731,1,2401,0.520083,0.055,0.912171,0.4,0.753709,0.75,2.36206e-12,0.0001,3.32013e-128,999999,1.595434e-01,3,Thailand Exclusive Economic Zone,,,SVDNB_npp_d20250901_t1917390_e1919032_b71752_c20250901204547765000_oeac_ops.h5,GDNBO_npp_d20250901_t1917390_e1919032_b71752_c20250901204324159000_oeac_ops.h5,SVI04_npp_d20250901_t1917390_e1919032_b71752_c20250901204601183000_oeac_ops.dspace_rad,,eez_v11.shp,WPP_BFAR_merge.shp,vbd_mpa_r20170830.shp,VNF-VBD_npp_20120301-20151231_global_asia-enhanced_c201607211230.bitmask,vbd_landsea_r20220824.mask,timezone.shp,VBD_platforms-recurring_2015_r20170330.shp,999999,VBD_bridges_c20160811.shp,14.355770;12.550855;10.047329;5.199992;7.537566;9.452507,80.383789;94.474220;108.227211;106.936050;93.332306;79.482437,npp_d20250901_t1916136_e1917378_b71752;npp_d20250901_t1917390_e1919032_b71752;npp_d20250901_t1919044_e1920286_b71752;npp_d20250901_t1920298_e1921540_b71752,145.894,59.4622,41.0333,-79.7563,107.9,-117.071
162,VBD_npp_d20250901_t1918095_x0996027E_y098460N_l0274_s2853_v23,2025-09-01 21:28:11,9.846016,99.602654,14.075,2025-09-01 19:18:09,2025-09-02 02:18:09,274,2853,0.390112,1,2401,0.659464,0.055,0.920981,0.4,0.947924,0.75,2.41945e-12,0.0001,1.54103e-128,999999,1.830190e-02,3,Thailand Exclusive Economic Zone,,,SVDNB_npp_d20250901_t1917390_e1919032_b71752_c20250901204547765000_oeac_ops.h5,GDNBO_npp_d20250901_t1917390_e1919032_b71752_c20250901204324159000_oeac_ops.h5,SVI04_npp_d20250901_t1917390_e1919032_b71752_c20250901204601183000_oeac_ops.dspace_rad,,eez_v11.shp,WPP_BFAR_merge.shp,vbd_mpa_r20170830.shp,VNF-VBD_npp_20120301-20151231_global_asia-enhanced_c201607211230.bitmask,vbd_landsea_r20220824.mask,timezone.shp,VBD_platforms-recurring_2015_r20170330.shp,999999,VBD_bridges_c20160811.shp,14.355770;12.550855;10.047329;5.199992;7.537566;9.452507,80.383789;94.474220;108.227211;106.936050;93.332306;79.482437,npp_d20250901_t1916136_e1917378_b71752;npp_d20250901_t1917390_e1919032_b71752;npp_d20250901_t1919044_e1920286_b71752;npp_d20250901_t1920298_e1921540_b71752,145.917,59.5026,41.0348,-80.4754,107.878,-117.081
163,VBD_npp_d20250901_t1918095_x0996354E_y097981N_l0280_s2859_v23,2025-09-01 21:28:11,9.798128,99.635437,26.3069,2025-09-01 19:18:09,2025-09-02 02:18:09,280,2859,0.380936,1,2401,0.862875,0.055,0.925197,0.4,0.96034,0.75,2.38132e-12,0.0001,3.36177e-130,999999,9.726275e-02,3,Thailand Exclusive Economic Zone,,,SVDNB_npp_d20250901_t1917390_e1919032_b71752_c20250901204547765000_oeac_ops.h5,GDNBO_npp_d20250901_t1917390_e1919032_b71752_c20250901204324159000_oeac_ops.h5,SVI04_npp_d20250901_t1917390_e1919032_b71752_c20250901204601183000_oeac_ops.dspace_rad,,eez_v11.shp,WPP_BFAR_merge.shp,vbd_mpa_r20170830.shp,VNF-VBD_npp_20120301-20151231_global_asia-enhanced_c201607211230.bitmask,vbd_landsea_r20220824.mask,timezone.shp,VBD_platforms-recurring_2015_r20170330.shp,999999,VBD_bridges_c20160811.shp,14.355770;12.550855;10.047329;5.199992;7.537566;9.452507,80.383789;94.474220;108.227211;106.936050;93.332306;79.482437,npp_d20250901_t1916136_e1917378_b71752;npp_d20250901_t1917390_e1919032_b71752;npp_d20250901_t1919044_e1920286_b71752;npp_d20250901_t1920298_e1921540_b71752,145.914,59.5934,41.2561,-80.0424,107.885,-117.093
164,VBD_npp_d20250901_t1918042_x0997359E_y100851N_l0235_s2863_v23,2025-09-01 21:28:11,10.085144,99.735901,14.7406,2025-09-01 19:18:04,2025-09-02 02:18:04,235,2863,0.38684,1,2401,0.632451,0.055,0.89772,0.4,0.940104,0.75,1.91494e-12,0.0001,3.52395e-133,999999,5.110293e-02,3,Thailand Exclusive Economic Zone,,,SVDNB_npp_d20250901_t1917390_e1919032_b71752_c20250901204547765000_oeac_ops.h5,GDNBO_npp_d20250901_t1917390_e1919032_b71752_c20250901204324159000_oeac_ops.h5,SVI04_npp_d20250901_t1917390_e1919032_b71752_c20250901204601183000_oeac_ops.dspace_rad,,eez_v11.shp,WPP_BFAR_merge.shp,vbd_mpa_r20170830.shp,VNF-VBD_npp_20120301-20151231_global_asia-enhanced_c201607211230.bitmask,vbd_landsea_r20220824.mask,timezone.shp,VBD_platforms-recurring_2015_r20170330.shp,999999,VBD_bridges_c20160811.shp,14.355770;12.550855;10.047329;5.199992;7.537566;9.452507,80.383789;94.474220;108.227211;106.936050;93.332306;79.482437,npp_d20250901_t1916136_e1917378_b71752;npp_d20250901_t1917390_e1919032_b71752;npp_d20250901_t1919044_e1920286_b71752;npp_d20250901_t1920298_e1921540_b71752,145.701,59.3007,41.4042,-79.7962,108.084,-117.012
165,VBD_npp_d20250901_t1918095_x0996674E_y098267N_l0275_s2863_v23,2025-09-01 21:28:11,9.826707,99.667450,58.7374,2025-09-01 19:18:09,2025-09-02 02:18:09,275,2863,0.367919,1,2401,1.20177,0.055,0.926106,0.4,0.983898,0.75,2.2729e-12,0.0001,4.20264e-132,999999,-1.856165e-02,3,Thailand Exclusive Economic Zone,,,SVDNB_npp_d20250901_t1917390_e1919032_b71752_c20250901204547765000_oeac_ops.h5,GDNBO_npp_d20250901_t1917390_e1919032_b71752_c20250901204324159000_oeac_ops.h5,SVI04_npp_d20250901_t1917390_e1919032_b71752_c20250901204601183000_oeac_ops.dspace_rad,,eez_v11.shp,WPP_BFAR_merge.shp,vbd_mpa_r20170830.shp,VNF-VBD_npp_20120301-20151231_global_asia-enhanced_c201607211230.bitmask,vbd_landsea_r20220824.mask,timezone.shp,VBD_platforms-recurring_2015_r20170330.shp,999999,VBD_bridges_c20160811.shp,14.355770;12.550855;10.047329;5.199992;7.537566;9.452507,80.383789;94.474220;108.227211;106.936050;93.332306;79.482437,npp_d20250901_t1916136_e1917378_b71752;npp_d20250901_t1917390_e1919032_b71752;npp_d20250901_t1919044_e1920286_b71752;npp_d20250901_t1920298_e1921540_b71752,145.872,59.586,41.4011,-80.3796,107.926,-117.084
166,VBD_npp_d20250901_t1918095_x0996680E_y097924N_l0280_s2864_v23,2025-09-01 21:28:11,9.792429,99.668037,3.79207,2025-09-01 19:18:09,2025-09-02 02:18:09,280,2864,0.355542,1,2401,0.23795,0.055,0.91294,0.4,0.76324,0.75,2.30173e-12,0.0001,5.05873e-132,999999,-2.631505e-02,3,Thailand Exclusive Economic Zone,,,SVDNB_npp_d20250901_t1917390_e1919032_b71752_c20250901204547765000_oeac_ops.h5,GDNBO_npp_d20250901_t1917390_e1919032_b71752_c20250901204324159000_oeac_ops.h5,SVI04_npp_d20250901_t1917390_e1919032_b71752_c20250901204601183000_oeac_ops.dspace_rad,,eez_v11.shp,WPP_BFAR_merge.shp,vbd_mpa_r20170830.shp,VNF-VBD_npp_20120301-20151231_global_asia-enhanced_c201607211230.bitmask,vbd_landsea_r20220824.mask,timezone.shp,VBD_platforms-recurring_2015_r20170330.shp,999999,VBD_bridges_c20160811.shp,14.355770;12.550855;10.047329;5.199992;7.537566;9.452507,80.383789;94.474220;108.227211;106.936050;93.332306;79.482437,npp_d20250901_t1916136_e1917378_b71752;npp_d20250901_t1917390_e1919032_b71752;npp_d20250901_t1919044_e1920286_b71752;npp_d20250901_t1920298_e1921540_b71752,145.889,59.6302,41.4363,-80.0371,107.911,-117.094
167,VBD_npp_d20250901_t1918042_x0997561E_y101226N_l0229_s2865_v23,2025-09-01 21:28:11,10.122630,99.756142,66.544,2025-09-01 19:18:04,2025-09-02 02:18:04,229,2865,0.385133,1,2401,1.24195,0.055,0.922289,0.4,0.984875,0.75,1.83569e-12,0.0001,1.79578e-134,999999,1.144168e-01,3,Thailand Exclusive Economic Zone,,,SVDNB_npp_d20250901_t1917390_e1919032_b71752_c20250901204547765000_oeac_ops.h5,GDNBO_npp_d20250901_t1917390_e1919032_b71752_c20250901204324159000_oeac_ops.h5,SVI04_npp_d20250901_t1917390_e1919032_b71752_c20250901204601183000_oeac_ops.dspace_rad,,eez_v11.shp,WPP_BFAR_merge.shp,vbd_mpa_r20170830.shp,VNF-VBD_npp_20120301-20151231_global_asia-enhanced_c201607211230.bitmask,vbd_landsea_r20220824.mask,timezone.shp,VBD_platforms-recurring_2015_r20170330.shp,999999,VBD_bridges_c20160811.shp,14.355770;12.550855;10.047329;5.199992;7.537566;9.452507,80.383789;94.474220;108.227211;106.936050;93.332306;79.482437,npp_d20250901_t1916136_e1917378_b71752;npp_d20250901_t1917390_e1919032_b71752;npp_d20250901_t1919044_e1920286_b71752;npp_d20250901_t1920298_e1921540_b71752,145.665,59.2719,41.4766,-80.2034,108.118,-117.001
168,VBD_npp_d20250901_t1918540_x0990502E_y071606N_l0685_s2867_v23,2025-09-01 21:28:11,7.160603,99.050232,6.49241,2025-09-01 19:18:54,2025-09-02 02:18:54,685,2867,0.171811,1,2401,0.402279,0.055,0.883382,0.4,0.887084,0.75,1.11547e-11,0.0001,3.49978e-119,999999,2.059571e-01,3,Thailand Exclusive Economic Zone,,,SVDNB_npp_d20250901_t1917390_e1919032_b71752_c20250901204547765000_oeac_ops.h5,GDNBO_npp_d20250901_t1917390_e1919032_b71752_c20250901204324159000_oeac_ops.h5,SVI04_npp_d20250901_t1917390_e1919032_b71752_c20250901204601183000_oeac_ops.dspace_rad,,eez_v11.shp,WPP_BFAR_merge.shp,vbd_mpa_r20170830.shp,VNF-VBD_npp_20120301-20151231_global_asia-enhanced_c201607211230.bitmask,vbd_landsea_r20220824.mask,timezone.shp,VBD_platforms-recurring_2015_r20170330.shp,999999,VBD_bridges_c20160811.shp,14.355770;12.550855;10.047329;5.199992;7.537566;9.452507,80.383789;94.474220;108.227211;106.936050;93.332306;79.482437,npp_d20250901_t1916136_e1917378_b71752;npp_d20250901_t1917390_e1919032_b71752;npp_d20250901_t1919044_e1920286_b71752;npp_d20250901_t1920298_e1921540_b71752,147.532,62.7661,41.5516,-80.0203,106.32,-117.781
169,VBD_npp_d20250901_t1918540_x0990724E_y072116N_l0677_s2869_v23,2025-09-01 21:28:11,7.211587,99.072433,1.39989,2025-09-01 19:18:54,2025-09-02 02:18:54,677,2869,0.291809,2,2337,0.0602971,0.055,0.846693,0.4,0.363852,0.75,1.09966e-11,0.0001,1.84296e-120,999999,-1.671691e-01,3,Thailand Exclusive Economic Zone,,,SVDNB_npp_d20250901_t1917390_e1919032_b71752_c20250901204547765000_oeac_ops.h5,GDNBO_npp_d20250901_t1917390_e1919032_b71752_c20250901204324159000_oeac_ops.h5,SVI04_npp_d20250901_t1917390_e1919032_b71752_c20250901204601183000_oeac_ops.dspace_rad,,eez_v11.shp,WPP_BFAR_merge.shp,vbd_mpa_r20170830.shp,VNF-VBD_npp_20120301-20151231_global_asia-enhanced_c201607211230.bitmask,vbd_landsea_r20220824.mask,timezone.shp,VBD_platforms-recurring_2015_r20170330.shp,999999,VBD_bridges_c20160811.shp,14.355770;12.550855;10.047329;5.199992;7.537566;9.452507,80.383789;94.474220;108.227211;106.936050;93.332306;79.482437,npp_d20250901_t1916136_e1917378_b71752;npp_d20250901_t1917390_e1919032_b71752;npp_d20250901_t1919044_e1920286_b71752;npp_d20250901_t1920298_e1921540_b71752,147.489,62.7135,41.6238,-80.5637,106.363,-117.768
170,VBD_npp_d20250901_t1918540_x0990698E_y071572N_l0685_s2870_v23,2025-09-01 21:28:11,7.157221,99.069817,8.05972,2025-09-01 19:18:54,2025-09-02 02:18:54,685,2870,0.32147,1,2401,0.471375,0.055,0.883382,0.4,0.925171,0.75,1.09175e-11,0.0001,3.82261e-120,999999,1.552984e-01,3,Thailand Exclusive Economic Zone,,,SVDNB_npp_d20250901_t1917390_e1919032_b71752_c20250901204547765000_oeac_ops.h5,GDNBO_npp_d20250901_t1917390_e1919032_b71752_c20250901204324159000_oeac_ops.h5,SVI04_npp_d20250901_t1917390_e1919032_b71752_c20250901204601183000_oeac_ops.dspace_rad,,eez_v11.shp,WPP_BFAR_merge.shp,vbd_mpa_r20170830.shp,VNF-VBD_npp_20120301-20151231_global_asia-enhanced_c201607211230.bitmask,vbd_landsea_r20220824.mask,timezone.shp,VBD_platforms-recurring_2015_r20170330.shp,999999,VBD_bridges_c20160811.shp,14.355770;12.550855;10.047329;5.199992;7.537566;9.452507,80.383789;94.474220;108.227211;106.936050;93.332306;79.482437,npp_d20250901_t1916136_e1917378_b71752;npp_d20250901_t1917390_e1919032_b71752;npp_d20250901_t1919044_e1920286_b71752;npp_d20250901_t1920298_e1921540_b71752,147.517,62.7872,41.6598,-80.0187,106.335,-117.782
171,VBD_npp_d20250901_t1918060_x0997722E_y100250N_l0243_s2871_v23,2025-09-01 21:28:11,10.025039,99.772179,15.4988,2025-09-01 19:18:06,2025-09-02 02:18:06,243,2871,0.397225,1,2401,0.693016,0.055,0.873018,0.4,0.941265,0.75,1.87741e-12,0.0001,2.37409e-136,999999,1.814943e-01,3,Thailand Exclusive Economic Zone,,,SVDNB_npp_d20250901_t1917390_e1919032_b71752_c20250901204547765000_oeac_ops.h5,GDNBO_npp_d20250901_t1917390_e1919032_b71752_c20250901204324159000_oeac_ops.h5,SVI04_npp_d20250901_t1917390_e1919032_b71752_c20250901204601183000_oeac_ops.dspace_rad,,eez_v11.shp,WPP_BFAR_merge.shp,vbd_mpa_r20170830.shp,VNF-VBD_npp_20120301-20151231_global_asia-enhanced_c201607211230.bitmask,vbd_landsea_r20220824.mask,timezone.shp,VBD_platforms-recurring_2015_r20170330.shp,999999,VBD_bridges_c20160811.shp,14.355770;12.550855;10.047329;5.199992;7.537566;9.452507,80.383789;94.474220;108.227211;106.936050;93.332306;79.482437,npp_d20250901_t1916136_e1917378_b71752;npp_d20250901_t1917390_e1919032_b71752;npp_d20250901_t1919044_e1920286_b71752;npp_d20250901_t1920298_e1921540_b71752,145.695,59.4163,41.6939,-80.3423,108.094,-117.027
172,VBD_npp_d20250901_t1918540_x0990844E_y072027N_l0678_s2871_v23,2025-09-01 21:28:11,7.202715,99.084381,3.27636,2025-09-01 19:18:54,2025-09-02 02:18:54,678,2871,0.262858,7,2337,0.194512,0.055,0.865911,0.4,0.721446,0.75,1.08384e-11,0.0001,4.98584e-121,999999,1.133211e-01,3,,,,SVDNB_npp_d20250901_t1917390_e1919032_b71752_c20250901204547765000_oeac_ops.h5,GDNBO_npp_d20250901_t1917390_e1919032_b71752_c20250901204324159000_oeac_ops.h5,SVI04_npp_d20250901_t1917390_e1919032_b71752_c20250901204601183000_oeac_ops.dspace_rad,,eez_v11.shp,WPP_BFAR_merge.shp,vbd_mpa_r20170830.shp,VNF-VBD_npp_20120301-20151231_global_asia-enhanced_c201607211230.bitmask,vbd_landsea_r20220824.mask,timezone.shp,VBD_platforms-recurring_2015_r20170330.shp,999999,VBD_bridges_c20160811.shp,14.355770;12.550855;10.047329;5.199992;7.537566;9.452507,80.383789;94.474220;108.227211;106.936050;93.332306;79.482437,npp_d20250901_t1916136_e1917378_b71752;npp_d20250901_t1917390_e1919032_b71752;npp_d20250901_t1919044_e1920286_b71752;npp_d20250901_t1920298_e1921540_b71752,147.483,62.7359,41.6959,-80.4939,106.369,-117.771
173,VBD_npp_d20250901_t1918540_x0990841E_y071616N_l0684_s2872_v23,2025-09-01 21:28:11,7.161623,99.084061,13.0814,2025-09-01 19:18:54,2025-09-02 02:18:54,684,2872,0.353835,1,2401,0.605848,0.055,0.886796,0.4,0.922469,0.75,1.07594e-11,0.0001,7.15678e-121,999999,1.379520e-01,3,Thailand Exclusive Economic Zone,,,SVDNB_npp_d20250901_t1917390_e1919032_b71752_c20250901204547765000_oeac_ops.h5,GDNBO_npp_d20250901_t1917390_e1919032_b71752_c20250901204324159000_oeac_ops.h5,SVI04_npp_d20250901_t1917390_e1919032_b71752_c20250901204601183000_oeac_ops.dspace_rad,,eez_v11.shp,WPP_BFAR_merge.shp,vbd_mpa_r20170830.shp,VNF-VBD_npp_20120301-20151231_global_asia-enhanced_c201607211230.bitmask,vbd_landsea_r20220824.mask,timezone.shp,VBD_platforms-recurring_2015_r20170330.shp,999999,VBD_bridges_c20160811.shp,14.355770;12.550855;10.047329;5.199992;7.537566;9.452507,80.383789;94.474220;108.227211;106.936050;93.332306;79.482437,npp_d20250901_t1916136_e1917378_b71752;npp_d20250901_t1917390_e1919032_b71752;npp_d20250901_t1919044_e1920286_b71752;npp_d20250901_t1920298_e1921540_b71752,147.502,62.793,41.7319,-80.0856,106.35,-117.781
174,VBD_npp_d20250901_t1918060_x0997854E_y100228N_l0243_s2873_v23,2025-09-01 21:28:11,10.022757,99.785393,20.2661,2025-09-01 19:18:06,2025-09-02 02:18:06,243,2873,0.399074,1,2401,0.792667,0.055,0.873018,0.4,0.970168,0.75,1.85013e-12,0.0001,3.9716e-137,999999,1.312651e-01,3,Thailand Exclusive Economic Zone,,,SVDNB_npp_d20250901_t1917390_e1919032_b71752_c20250901204547765000_oeac_ops.h5,GDNBO_npp_d20250901_t1917390_e1919032_b71752_c20250901204324159000_oeac_ops.h5,SVI04_npp_d20250901_t1917390_e1919032_b71752_c20250901204601183000_oeac_ops.dspace_rad,,eez_v11.shp,WPP_BFAR_merge.shp,vbd_mpa_r20170830.shp,VNF-VBD_npp_20120301-20151231_global_asia-enhanced_c201607211230.bitmask,vbd_landsea_r20220824.mask,timezone.shp,VBD_platforms-recurring_2015_r20170330.shp,999999,VBD_bridges_c20160811.shp,14.355770;12.550855;10.047329;5.199992;7.537566;9.452507,80.383789;94.474220;108.227211;106.936050;93.332306;79.482437,npp_d20250901_t1916136_e1917378_b71752;npp_d20250901_t1917390_e1919032_b71752;npp_d20250901_t1919044_e1920286_b71752;npp_d20250901_t1920298_e1921540_b71752,145.685,59.4312,41.7661,-80.3396,108.105,-117.027
175,VBD_npp_d20250901_t1918540_x0990952E_y071872N_l0680_s2873_v23,2025-09-01 21:28:11,7.187160,99.095207,20.2555,2025-09-01 19:18:54,2025-09-02 02:18:54,680,2873,0.322253,1,2401,0.774552,0.055,0.886825,0.4,0.945472,0.75,1.06803e-11,0.0001,1.60814e-121,999999,4.856005e-02,3,Thailand Exclusive Economic Zone,,,SVDNB_npp_d20250901_t1917390_e1919032_b71752_c20250901204547765000_oeac_ops.h5,GDNBO_npp_d20250901_t1917390_e1919032_b71752_c20250901204324159000_oeac_ops.h5,SVI04_npp_d20250901_t1917390_e1919032_b71752_c20250901204601183000_oeac_ops.dspace_rad,,eez_v11.shp,WPP_BFAR_merge.shp,vbd_mpa_r20170830.shp,VNF-VBD_npp_20120301-20151231_global_asia-enhanced_c201607211230.bitmask,vbd_landsea_r20220824.mask,timezone.shp,VBD_platforms-recurring_2015_r20170330.shp,999999,VBD_bridges_c20160811.shp,14.355770;12.550855;10.047329;5.199992;7.537566;9.452507,80.383789;94.474220;108.227211;106.936050;93.332306;79.482437,npp_d20250901_t1916136_e1917378_b71752;npp_d20250901_t1917390_e1919032_b71752;npp_d20250901_t1919044_e1920286_b71752;npp_d20250901_t1920298_e1921540_b71752,147.481,62.7667,41.7679,-80.3564,106.371,-117.775
176,VBD_npp_d20250901_t1918540_x0991029E_y071927N_l0679_s2874_v23,2025-09-01 21:28:11,7.192713,99.102913,33.1391,2025-09-01 19:18:54,2025-09-02 02:18:54,679,2874,0.332709,1,2401,0.873894,0.055,0.886825,0.4,0.942744,0.75,1.06013e-11,0.0001,6.25897e-122,999999,-6.043305e-02,3,Thailand Exclusive Economic Zone,,,SVDNB_npp_d20250901_t1917390_e1919032_b71752_c20250901204547765000_oeac_ops.h5,GDNBO_npp_d20250901_t1917390_e1919032_b71752_c20250901204324159000_oeac_ops.h5,SVI04_npp_d20250901_t1917390_e1919032_b71752_c20250901204601183000_oeac_ops.dspace_rad,,eez_v11.shp,WPP_BFAR_merge.shp,vbd_mpa_r20170830.shp,VNF-VBD_npp_20120301-20151231_global_asia-enhanced_c201607211230.bitmask,vbd_landsea_r20220824.mask,timezone.shp,VBD_platforms-recurring_2015_r20170330.shp,999999,VBD_bridges_c20160811.shp,14.355770;12.550855;10.047329;5.199992;7.537566;9.452507,80.383789;94.474220;108.227211;106.936050;93.332306;79.482437,npp_d20250901_t1916136_e1917378_b71752;npp_d20250901_t1917390_e1919032_b71752;npp_d20250901_t1919044_e1920286_b71752;npp_d20250901_t1920298_e1921540_b71752,147.471,62.7654,41.8041,-80.4234,106.381,-117.773
177,VBD_npp_d20250901_t1918078_x0997847E_y098737N_l0265_s2878_v23,2025-09-01 21:28:11,9.873680,99.784729,1.14954,2025-09-01 19:18:07,2025-09-02 02:18:07,265,2878,0.389472,3,2369,0.0594247,0.055,0.299966,0.4,0.794064,0.75,1.97423e-12,0.0001,7.29112e-138,999999,1.120815e-01,3,Thailand Exclusive Economic Zone,,,SVDNB_npp_d20250901_t1917390_e1919032_b71752_c20250901204547765000_oeac_ops.h5,GDNBO_npp_d20250901_t1917390_e1919032_b71752_c20250901204324159000_oeac_ops.h5,SVI04_npp_d20250901_t1917390_e1919032_b71752_c20250901204601183000_oeac_ops.dspace_rad,,eez_v11.shp,WPP_BFAR_merge.shp,vbd_mpa_r20170830.shp,VNF-VBD_npp_20120301-20151231_global_asia-enhanced_c201607211230.bitmask,vbd_landsea_r20220824.mask,timezone.shp,VBD_platforms-recurring_2015_r20170330.shp,999999,VBD_bridges_c20160811.shp,14.355770;12.550855;10.047329;5.199992;7.537566;9.452507,80.383789;94.474220;108.227211;106.936050;93.332306;79.482437,npp_d20250901_t1916136_e1917378_b71752;npp_d20250901_t1917390_e1919032_b71752;npp_d20250901_t1919044_e1920286_b71752;npp_d20250901_t1920298_e1921540_b71752,145.755,59.6258,41.9412,-79.944,108.043,-117.068
178,VBD_npp_d20250901_t1917571_x0999657E_y104845N_l0170_s2882_v23,2025-09-01 21:28:11,10.484527,99.965675,11.2795,2025-09-01 19:17:57,2025-09-02 02:17:57,170,2882,0.369697,1,2401,0.603415,0.055,0.868503,0.4,0.969775,0.75,1.25048e-12,0.0001,3.18047e-143,999999,-9.054407e-02,3,Thailand Exclusive Economic Zone,,,SVDNB_npp_d20250901_t1917390_e1919032_b71752_c20250901204547765000_oeac_ops.h5,GDNBO_npp_d20250901_t1917390_e1919032_b71752_c20250901204324159000_oeac_ops.h5,SVI04_npp_d20250901_t1917390_e1919032_b71752_c20250901204601183000_oeac_ops.dspace_rad,,eez_v11.shp,WPP_BFAR_merge.shp,vbd_mpa_r20170830.shp,VNF-VBD_npp_20120301-20151231_global_asia-enhanced_c201607211230.bitmask,vbd_landsea_r20220824.mask,timezone.shp,VBD_platforms-recurring_2015_r20170330.shp,999999,VBD_bridges_c20160811.shp,14.355770;12.550855;10.047329;5.199992;7.537566;9.452507,80.383789;94.474220;108.227211;106.936050;93.332306;79.482437,npp_d20250901_t1916136_e1917378_b71752;npp_d20250901_t1917390_e1919032_b71752;npp_d20250901_t1919044_e1920286_b71752;npp_d20250901_t1920298_e1921540_b71752,145.327,58.9843,42.0887,-79.79,108.439,-116.892
179,VBD_npp_d20250901_t1918167_x0996807E_y093366N_l0347_s2882_v23,2025-09-01 21:28:11,9.336629,99.680740,4.2226,2025-09-01 19:18:16,2025-09-02 02:18:16,347,2882,0.293729,1,2401,0.253854,0.055,0.607973,0.4,0.759024,0.75,2.44729e-12,0.0001,3.42357e-136,999999,-5.665719e-01,1,Thailand Exclusive Economic Zone,,,SVDNB_npp_d20250901_t1917390_e1919032_b71752_c20250901204547765000_oeac_ops.h5,GDNBO_npp_d20250901_t1917390_e1919032_b71752_c20250901204324159000_oeac_ops.h5,SVI04_npp_d20250901_t1917390_e1919032_b71752_c20250901204601183000_oeac_ops.dspace_rad,,eez_v11.shp,WPP_BFAR_merge.shp,vbd_mpa_r20170830.shp,VNF-VBD_npp_20120301-20151231_global_asia-enhanced_c201607211230.bitmask,vbd_landsea_r20220824.mask,timezone.shp,VBD_platforms-recurring_2015_r20170330.shp,999999,VBD_bridges_c20160811.shp,14.355770;12.550855;10.047329;5.199992;7.537566;9.452507,80.383789;94.474220;108.227211;106.936050;93.332306;79.482437,npp_d20250901_t1916136_e1917378_b71752;npp_d20250901_t1917390_e1919032_b71752;npp_d20250901_t1919044_e1920286_b71752;npp_d20250901_t1920298_e1921540_b71752,146.081,60.2528,42.0872,-79.87,107.74,-117.216
180,VBD_npp_d20250901_t1917571_x0999827E_y105022N_l0167_s2884_v23,2025-09-01 21:28:11,10.502223,99.982681,8.68759,2025-09-01 19:17:57,2025-09-02 02:17:57,167,2884,0.360166,8,18785,0.521194,0.055,0.874683,0.4,0.942073,0.75,1.22427e-12,0.0001,2.34265e-144,999999,1.165891e-01,3,Thailand Exclusive Economic Zone,,,SVDNB_npp_d20250901_t1917390_e1919032_b71752_c20250901204547765000_oeac_ops.h5,GDNBO_npp_d20250901_t1917390_e1919032_b71752_c20250901204324159000_oeac_ops.h5,SVI04_npp_d20250901_t1917390_e1919032_b71752_c20250901204601183000_oeac_ops.dspace_rad,,eez_v11.shp,WPP_BFAR_merge.shp,vbd_mpa_r20170830.shp,VNF-VBD_npp_20120301-20151231_global_asia-enhanced_c201607211230.bitmask,vbd_landsea_r20220824.mask,timezone.shp,VBD_platforms-recurring_2015_r20170330.shp,0.2573,VBD_bridges_c20160811.shp,14.355770;12.550855;10.047329;5.199992;7.537566;9.452507,80.383789;94.474220;108.227211;106.936050;93.332306;79.482437,npp_d20250901_t1916136_e1917378_b71752;npp_d20250901_t1917390_e1919032_b71752;npp_d20250901_t1919044_e1920286_b71752;npp_d20250901_t1920298_e1921540_b71752,145.304,58.9779,42.1612,-79.9896,108.462,-116.887
181,VBD_npp_d20250901_t1918024_x0999487E_y102039N_l0212_s2890_v23,2025-09-01 21:28:11,10.203901,99.948708,3.09229,2025-09-01 19:18:02,2025-09-02 02:18:02,212,2890,0.296788,2,2337,0.207246,0.055,0.679929,0.4,0.74051,0.75,1.46471e-12,0.0001,3.29613e-145,999999,4.491656e-02,3,Thailand Exclusive Economic Zone,,,SVDNB_npp_d20250901_t1917390_e1919032_b71752_c20250901204547765000_oeac_ops.h5,GDNBO_npp_d20250901_t1917390_e1919032_b71752_c20250901204324159000_oeac_ops.h5,SVI04_npp_d20250901_t1917390_e1919032_b71752_c20250901204601183000_oeac_ops.dspace_rad,,eez_v11.shp,WPP_BFAR_merge.shp,vbd_mpa_r20170830.shp,VNF-VBD_npp_20120301-20151231_global_asia-enhanced_c201607211230.bitmask,vbd_landsea_r20220824.mask,timezone.shp,VBD_platforms-recurring_2015_r20170330.shp,999999,VBD_bridges_c20160811.shp,14.355770;12.550855;10.047329;5.199992;7.537566;9.452507,80.383789;94.474220;108.227211;106.936050;93.332306;79.482437,npp_d20250901_t1916136_e1917378_b71752;npp_d20250901_t1917390_e1919032_b71752;npp_d20250901_t1919044_e1920286_b71752;npp_d20250901_t1920298_e1921540_b71752,145.467,59.3384,42.3786,-80.2219,108.317,-116.971
182,VBD_npp_d20250901_t1918522_x0992661E_y073074N_l0658_s2894_v23,2025-09-01 21:28:11,7.307389,99.266106,2.06728,2025-09-01 19:18:52,2025-09-02 02:18:52,658,2894,0.343948,1,2401,0.144834,0.055,0.493417,0.4,0.766546,0.75,9.098e-12,0.0001,8.54931e-130,999999,-5.718470e-02,3,Thailand Exclusive Economic Zone,,,SVDNB_npp_d20250901_t1917390_e1919032_b71752_c20250901204547765000_oeac_ops.h5,GDNBO_npp_d20250901_t1917390_e1919032_b71752_c20250901204324159000_oeac_ops.h5,SVI04_npp_d20250901_t1917390_e1919032_b71752_c20250901204601183000_oeac_ops.dspace_rad,,eez_v11.shp,WPP_BFAR_merge.shp,vbd_mpa_r20170830.shp,VNF-VBD_npp_20120301-20151231_global_asia-enhanced_c201607211230.bitmask,vbd_landsea_r20220824.mask,timezone.shp,VBD_platforms-recurring_2015_r20170330.shp,999999,VBD_bridges_c20160811.shp,14.355770;12.550855;10.047329;5.199992;7.537566;9.452507,80.383789;94.474220;108.227211;106.936050;93.332306;79.482437,npp_d20250901_t1916136_e1917378_b71752;npp_d20250901_t1917390_e1919032_b71752;npp_d20250901_t1919044_e1920286_b71752;npp_d20250901_t1920298_e1921540_b71752,147.281,62.7363,42.5272,-80.7252,106.57,-117.745
183,VBD_npp_d20250901_t1918540_x0992379E_y071836N_l0677_s2894_v23,2025-09-01 21:28:11,7.183612,99.237946,21.8515,2025-09-01 19:18:54,2025-09-02 02:18:54,677,2894,0.376241,1,2401,0.825433,0.055,0.886691,0.4,0.963104,0.75,9.64353e-12,0.0001,5.5389e-129,999999,7.683161e-02,3,Thailand Exclusive Economic Zone,,,SVDNB_npp_d20250901_t1917390_e1919032_b71752_c20250901204547765000_oeac_ops.h5,GDNBO_npp_d20250901_t1917390_e1919032_b71752_c20250901204324159000_oeac_ops.h5,SVI04_npp_d20250901_t1917390_e1919032_b71752_c20250901204601183000_oeac_ops.dspace_rad,,eez_v11.shp,WPP_BFAR_merge.shp,vbd_mpa_r20170830.shp,VNF-VBD_npp_20120301-20151231_global_asia-enhanced_c201607211230.bitmask,vbd_landsea_r20220824.mask,timezone.shp,VBD_platforms-recurring_2015_r20170330.shp,999999,VBD_bridges_c20160811.shp,14.355770;12.550855;10.047329;5.199992;7.537566;9.452507,80.383789;94.474220;108.227211;106.936050;93.332306;79.482437,npp_d20250901_t1916136_e1917378_b71752;npp_d20250901_t1917390_e1919032_b71752;npp_d20250901_t1919044_e1920286_b71752;npp_d20250901_t1920298_e1921540_b71752,147.356,62.8907,42.528,-80.5404,106.495,-117.776
184,VBD_npp_d20250901_t1918024_x0999831E_y101632N_l0217_s2896_v23,2025-09-01 21:28:11,10.163214,99.983086,2.30973,2025-09-01 19:18:02,2025-09-02 02:18:02,217,2896,0.286403,2,2337,0.146554,0.055,0.677444,0.4,0.724826,0.75,1.4616e-12,0.0001,2.72564e-147,999999,2.591213e-02,3,Thailand Exclusive Economic Zone,,,SVDNB_npp_d20250901_t1917390_e1919032_b71752_c20250901204547765000_oeac_ops.h5,GDNBO_npp_d20250901_t1917390_e1919032_b71752_c20250901204324159000_oeac_ops.h5,SVI04_npp_d20250901_t1917390_e1919032_b71752_c20250901204601183000_oeac_ops.dspace_rad,,eez_v11.shp,WPP_BFAR_merge.shp,vbd_mpa_r20170830.shp,VNF-VBD_npp_20120301-20151231_global_asia-enhanced_c201607211230.bitmask,vbd_landsea_r20220824.mask,timezone.shp,VBD_platforms-recurring_2015_r20170330.shp,999999,VBD_bridges_c20160811.shp,14.355770;12.550855;10.047329;5.199992;7.537566;9.452507,80.383789;94.474220;108.227211;106.936050;93.332306;79.482437,npp_d20250901_t1916136_e1917378_b71752;npp_d20250901_t1917390_e1919032_b71752;npp_d20250901_t1919044_e1920286_b71752;npp_d20250901_t1920298_e1921540_b71752,145.458,59.4204,42.5954,-79.8804,108.329,-116.981
185,VBD_npp_d20250901_t1918024_x1000158E_y101505N_l0218_s2901_v23,2025-09-01 21:28:11,10.150477,100.015762,2.82505,2025-09-01 19:18:02,2025-09-02 02:18:02,218,2901,0.247992,1,2401,0.198954,0.055,0.663971,0.4,0.802646,0.75,1.43434e-12,0.0001,2.14573e-149,999999,-2.499888e-01,3,Thailand Exclusive Economic Zone,,,SVDNB_npp_d20250901_t1917390_e1919032_b71752_c20250901204547765000_oeac_ops.h5,GDNBO_npp_d20250901_t1917390_e1919032_b71752_c20250901204324159000_oeac_ops.h5,SVI04_npp_d20250901_t1917390_e1919032_b71752_c20250901204601183000_oeac_ops.dspace_rad,,eez_v11.shp,WPP_BFAR_merge.shp,vbd_mpa_r20170830.shp,VNF-VBD_npp_20120301-20151231_global_asia-enhanced_c201607211230.bitmask,vbd_landsea_r20220824.mask,timezone.shp,VBD_platforms-recurring_2015_r20170330.shp,999999,VBD_bridges_c20160811.shp,14.355770;12.550855;10.047329;5.199992;7.537566;9.452507,80.383789;94.474220;108.227211;106.936050;93.332306;79.482437,npp_d20250901_t1916136_e1917378_b71752;npp_d20250901_t1917390_e1919032_b71752;npp_d20250901_t1919044_e1920286_b71752;npp_d20250901_t1920298_e1921540_b71752,145.437,59.4658,42.7768,-79.8084,108.351,-116.984
186,VBD_npp_d20250901_t1918024_x1000362E_y101469N_l0218_s2904_v23,2025-09-01 21:28:11,10.146855,100.036186,1.92672,2025-09-01 19:18:02,2025-09-02 02:18:02,218,2904,0.262503,2,2337,0.0948671,0.055,0.625254,0.4,0.669773,0.75,1.41352e-12,0.0001,9.6457e-151,999999,5.021817e-02,3,Thailand Exclusive Economic Zone,,,SVDNB_npp_d20250901_t1917390_e1919032_b71752_c20250901204547765000_oeac_ops.h5,GDNBO_npp_d20250901_t1917390_e1919032_b71752_c20250901204324159000_oeac_ops.h5,SVI04_npp_d20250901_t1917390_e1919032_b71752_c20250901204601183000_oeac_ops.dspace_rad,,eez_v11.shp,WPP_BFAR_merge.shp,vbd_mpa_r20170830.shp,VNF-VBD_npp_20120301-20151231_global_asia-enhanced_c201607211230.bitmask,vbd_landsea_r20220824.mask,timezone.shp,VBD_platforms-recurring_2015_r20170330.shp,999999,VBD_bridges_c20160811.shp,14.355770;12.550855;10.047329;5.199992;7.537566;9.452507,80.383789;94.474220;108.227211;106.936050;93.332306;79.482437,npp_d20250901_t1916136_e1917378_b71752;npp_d20250901_t1917390_e1919032_b71752;npp_d20250901_t1919044_e1920286_b71752;npp_d20250901_t1920298_e1921540_b71752,145.422,59.4887,42.8858,-79.8052,108.367,-116.984
187,VBD_npp_d20250901_t1917535_x1001857E_y106200N_l0144_s2908_v23,2025-09-01 21:28:11,10.619997,100.185738,1.62224,2025-09-01 19:17:53,2025-09-02 02:17:53,144,2908,0.155664,2,2337,0.103367,0.055,0.639114,0.4,0.654547,0.75,9.89395e-13,0.0001,1.51705e-155,999999,1.564221e-01,3,Thailand Exclusive Economic Zone,,,SVDNB_npp_d20250901_t1917390_e1919032_b71752_c20250901204547765000_oeac_ops.h5,GDNBO_npp_d20250901_t1917390_e1919032_b71752_c20250901204324159000_oeac_ops.h5,SVI04_npp_d20250901_t1917390_e1919032_b71752_c20250901204601183000_oeac_ops.dspace_rad,,eez_v11.shp,WPP_BFAR_merge.shp,vbd_mpa_r20170830.shp,VNF-VBD_npp_20120301-20151231_global_asia-enhanced_c201607211230.bitmask,vbd_landsea_r20220824.mask,timezone.shp,VBD_platforms-recurring_2015_r20170330.shp,999999,VBD_bridges_c20160811.shp,14.355770;12.550855;10.047329;5.199992;7.537566;9.452507,80.383789;94.474220;108.227211;106.936050;93.332306;79.482437,npp_d20250901_t1916136_e1917378_b71752;npp_d20250901_t1917390_e1919032_b71752;npp_d20250901_t1919044_e1920286_b71752;npp_d20250901_t1920298_e1921540_b71752,145.085,59.0044,43.0307,-79.3356,108.68,-116.845
188,VBD_npp_d20250901_t1917553_x1001851E_y106163N_l0145_s2909_v23,2025-09-01 21:28:11,10.616333,100.185066,2.6555,2025-09-01 19:17:55,2025-09-02 02:17:55,145,2909,0.187388,2,2337,0.162288,0.055,0.639114,0.4,0.692318,0.75,9.88922e-13,0.0001,6.68289e-157,999999,1.186067e-01,3,Thailand Exclusive Economic Zone,,,SVDNB_npp_d20250901_t1917390_e1919032_b71752_c20250901204547765000_oeac_ops.h5,GDNBO_npp_d20250901_t1917390_e1919032_b71752_c20250901204324159000_oeac_ops.h5,SVI04_npp_d20250901_t1917390_e1919032_b71752_c20250901204601183000_oeac_ops.dspace_rad,,eez_v11.shp,WPP_BFAR_merge.shp,vbd_mpa_r20170830.shp,VNF-VBD_npp_20120301-20151231_global_asia-enhanced_c201607211230.bitmask,vbd_landsea_r20220824.mask,timezone.shp,VBD_platforms-recurring_2015_r20170330.shp,999999,VBD_bridges_c20160811.shp,14.355770;12.550855;10.047329;5.199992;7.537566;9.452507,80.383789;94.474220;108.227211;106.936050;93.332306;79.482437,npp_d20250901_t1916136_e1917378_b71752;npp_d20250901_t1917390_e1919032_b71752;npp_d20250901_t1919044_e1920286_b71752;npp_d20250901_t1920298_e1921540_b71752,145.081,59.015,43.0677,-80.3374,108.684,-116.846
189,VBD_npp_d20250901_t1917553_x1001826E_y106028N_l0147_s2909_v23,2025-09-01 21:28:11,10.602799,100.182587,3.71091,2025-09-01 19:17:55,2025-09-02 02:17:55,147,2909,0.26549,1,2401,0.23906,0.055,0.629486,0.4,0.760456,0.75,9.9788e-13,0.0001,1.11476e-156,999999,-1.624360e-01,3,Thailand Exclusive Economic Zone,,,SVDNB_npp_d20250901_t1917390_e1919032_b71752_c20250901204547765000_oeac_ops.h5,GDNBO_npp_d20250901_t1917390_e1919032_b71752_c20250901204324159000_oeac_ops.h5,SVI04_npp_d20250901_t1917390_e1919032_b71752_c20250901204601183000_oeac_ops.dspace_rad,,eez_v11.shp,WPP_BFAR_merge.shp,vbd_mpa_r20170830.shp,VNF-VBD_npp_20120301-20151231_global_asia-enhanced_c201607211230.bitmask,vbd_landsea_r20220824.mask,timezone.shp,VBD_platforms-recurring_2015_r20170330.shp,999999,VBD_bridges_c20160811.shp,14.355770;12.550855;10.047329;5.199992;7.537566;9.452507,80.383789;94.474220;108.227211;106.936050;93.332306;79.482437,npp_d20250901_t1916136_e1917378_b71752;npp_d20250901_t1917390_e1919032_b71752;npp_d20250901_t1919044_e1920286_b71752;npp_d20250901_t1920298_e1921540_b71752,145.09,59.0294,43.0671,-80.2053,108.676,-116.85
190,VBD_npp_d20250901_t1918131_x0999333E_y095785N_l0305_s2910_v23,2025-09-01 21:28:11,9.578502,99.933266,9.69382,2025-09-01 19:18:13,2025-09-02 02:18:13,305,2910,0.339751,2,2337,0.178695,0.055,0.776461,0.4,0.521463,0.75,1.94254e-12,0.0001,3.43302e-150,999999,4.581030e-02,1,Thailand Exclusive Economic Zone,,,SVDNB_npp_d20250901_t1917390_e1919032_b71752_c20250901204547765000_oeac_ops.h5,GDNBO_npp_d20250901_t1917390_e1919032_b71752_c20250901204324159000_oeac_ops.h5,SVI04_npp_d20250901_t1917390_e1919032_b71752_c20250901204601183000_oeac_ops.dspace_rad,,eez_v11.shp,WPP_BFAR_merge.shp,vbd_mpa_r20170830.shp,VNF-VBD_npp_20120301-20151231_global_asia-enhanced_c201607211230.bitmask,vbd_landsea_r20220824.mask,timezone.shp,VBD_platforms-recurring_2015_r20170330.shp,999999,VBD_bridges_c20160811.shp,14.355770;12.550855;10.047329;5.199992;7.537566;9.452507,80.383789;94.474220;108.227211;106.936050;93.332306;79.482437,npp_d20250901_t1916136_e1917378_b71752;npp_d20250901_t1917390_e1919032_b71752;npp_d20250901_t1919044_e1920286_b71752;npp_d20250901_t1920298_e1921540_b71752,145.757,60.1539,43.1053,-80.4774,108.058,-117.144
191,VBD_npp_d20250901_t1918522_x0993626E_y072214N_l0668_s2910_v23,2025-09-01 21:28:11,7.221371,99.362617,2.15723,2025-09-01 19:18:52,2025-09-02 02:18:52,668,2910,0.243013,2,2337,0.113304,0.055,0.438751,0.4,0.652705,0.75,8.75067e-12,0.0001,6.97953e-135,999999,-2.259077e-01,1,Thailand Exclusive Economic Zone,,,SVDNB_npp_d20250901_t1917390_e1919032_b71752_c20250901204547765000_oeac_ops.h5,GDNBO_npp_d20250901_t1917390_e1919032_b71752_c20250901204324159000_oeac_ops.h5,SVI04_npp_d20250901_t1917390_e1919032_b71752_c20250901204601183000_oeac_ops.dspace_rad,,eez_v11.shp,WPP_BFAR_merge.shp,vbd_mpa_r20170830.shp,VNF-VBD_npp_20120301-20151231_global_asia-enhanced_c201607211230.bitmask,vbd_landsea_r20220824.mask,timezone.shp,VBD_platforms-recurring_2015_r20170330.shp,999999,VBD_bridges_c20160811.shp,14.355770;12.550855;10.047329;5.199992;7.537566;9.452507,80.383789;94.474220;108.227211;106.936050;93.332306;79.482437,npp_d20250901_t1916136_e1917378_b71752;npp_d20250901_t1917390_e1919032_b71752;npp_d20250901_t1919044_e1920286_b71752;npp_d20250901_t1920298_e1921540_b71752,147.235,62.9355,43.1072,-80.0466,106.615,-117.767
192,VBD_npp_d20250901_t1918131_x0999329E_y095366N_l0311_s2911_v23,2025-09-01 21:28:11,9.536647,99.932877,29.9072,2025-09-01 19:18:13,2025-09-02 02:18:13,311,2911,0.347433,1,2401,0.616983,0.055,0.823974,0.4,0.847805,0.75,1.96125e-12,0.0001,5.19281e-150,999999,-2.344173e-01,1,Thailand Exclusive Economic Zone,,,SVDNB_npp_d20250901_t1917390_e1919032_b71752_c20250901204547765000_oeac_ops.h5,GDNBO_npp_d20250901_t1917390_e1919032_b71752_c20250901204324159000_oeac_ops.h5,SVI04_npp_d20250901_t1917390_e1919032_b71752_c20250901204601183000_oeac_ops.dspace_rad,,eez_v11.shp,WPP_BFAR_merge.shp,vbd_mpa_r20170830.shp,VNF-VBD_npp_20120301-20151231_global_asia-enhanced_c201607211230.bitmask,vbd_landsea_r20220824.mask,timezone.shp,VBD_platforms-recurring_2015_r20170330.shp,999999,VBD_bridges_c20160811.shp,14.355770;12.550855;10.047329;5.199992;7.537566;9.452507,80.383789;94.474220;108.227211;106.936050;93.332306;79.482437,npp_d20250901_t1916136_e1917378_b71752;npp_d20250901_t1917390_e1919032_b71752;npp_d20250901_t1919044_e1920286_b71752;npp_d20250901_t1920298_e1921540_b71752,145.778,60.2069,43.1402,-80.08,108.038,-117.155
193,VBD_npp_d20250901_t1917482_x1003055E_y110002N_l0085_s2912_v23,2025-09-01 21:28:11,11.000165,100.305450,3.65147,2025-09-01 19:17:48,2025-09-02 02:17:48,85,2912,0.157371,1,2401,0.258305,0.055,0.709154,0.4,0.859737,0.75,7.28394e-13,0.0001,5.87915e-161,999999,-2.921376e-01,3,Thailand Exclusive Economic Zone,,,SVDNB_npp_d20250901_t1917390_e1919032_b71752_c20250901204547765000_oeac_ops.h5,GDNBO_npp_d20250901_t1917390_e1919032_b71752_c20250901204324159000_oeac_ops.h5,SVI04_npp_d20250901_t1917390_e1919032_b71752_c20250901204601183000_oeac_ops.dspace_rad,,eez_v11.shp,WPP_BFAR_merge.shp,vbd_mpa_r20170830.shp,VNF-VBD_npp_20120301-20151231_global_asia-enhanced_c201607211230.bitmask,vbd_landsea_r20220824.mask,timezone.shp,VBD_platforms-recurring_2015_r20170330.shp,999999,VBD_bridges_c20160811.shp,14.355770;12.550855;10.047329;5.199992;7.537566;9.452507,80.383789;94.474220;108.227211;106.936050;93.332306;79.482437,npp_d20250901_t1916136_e1917378_b71752;npp_d20250901_t1917390_e1919032_b71752;npp_d20250901_t1919044_e1920286_b71752;npp_d20250901_t1920298_e1921540_b71752,144.806,58.6297,43.1772,-80.0119,108.936,-116.731
194,VBD_npp_d20250901_t1918078_x1000054E_y097859N_l0272_s2912_v23,2025-09-01 21:28:11,9.785851,100.005440,12.7499,2025-09-01 19:18:07,2025-09-02 02:18:07,272,2912,0.289106,1,2401,0.496997,0.055,0.740161,0.4,0.879994,0.75,1.73001e-12,0.0001,1.26098e-151,999999,-7.880452e-02,1,,,,SVDNB_npp_d20250901_t1917390_e1919032_b71752_c20250901204547765000_oeac_ops.h5,GDNBO_npp_d20250901_t1917390_e1919032_b71752_c20250901204324159000_oeac_ops.h5,SVI04_npp_d20250901_t1917390_e1919032_b71752_c20250901204601183000_oeac_ops.dspace_rad,,eez_v11.shp,WPP_BFAR_merge.shp,vbd_mpa_r20170830.shp,VNF-VBD_npp_20120301-20151231_global_asia-enhanced_c201607211230.bitmask,vbd_landsea_r20220824.mask,timezone.shp,VBD_platforms-recurring_2015_r20170330.shp,999999,VBD_bridges_c20160811.shp,14.355770;12.550855;10.047329;5.199992;7.537566;9.452507,80.383789;94.474220;108.227211;106.936050;93.332306;79.482437,npp_d20250901_t1916136_e1917378_b71752;npp_d20250901_t1917390_e1919032_b71752;npp_d20250901_t1919044_e1920286_b71752;npp_d20250901_t1920298_e1921540_b71752,145.611,59.9353,43.1751,-79.4458,108.196,-117.085
195,VBD_npp_d20250901_t1918095_x0999848E_y097089N_l0284_s2912_v23,2025-09-01 21:28:11,9.708931,99.984756,32.4014,2025-09-01 19:18:09,2025-09-02 02:18:09,284,2912,0.333847,1,2401,0.852957,0.055,0.773197,0.4,0.756057,0.75,1.81268e-12,0.0001,2.51719e-151,999999,-2.937792e-01,1,Thailand Exclusive Economic Zone,,,SVDNB_npp_d20250901_t1917390_e1919032_b71752_c20250901204547765000_oeac_ops.h5,GDNBO_npp_d20250901_t1917390_e1919032_b71752_c20250901204324159000_oeac_ops.h5,SVI04_npp_d20250901_t1917390_e1919032_b71752_c20250901204601183000_oeac_ops.dspace_rad,,eez_v11.shp,WPP_BFAR_merge.shp,vbd_mpa_r20170830.shp,VNF-VBD_npp_20120301-20151231_global_asia-enhanced_c201607211230.bitmask,vbd_landsea_r20220824.mask,timezone.shp,VBD_platforms-recurring_2015_r20170330.shp,999999,VBD_bridges_c20160811.shp,14.355770;12.550855;10.047329;5.199992;7.537566;9.452507,80.383789;94.474220;108.227211;106.936050;93.332306;79.482437,npp_d20250901_t1916136_e1917378_b71752;npp_d20250901_t1917390_e1919032_b71752;npp_d20250901_t1919044_e1920286_b71752;npp_d20250901_t1920298_e1921540_b71752,145.661,60.0206,43.1745,-79.7206,108.149,-117.107
196,VBD_npp_d20250901_t1918131_x0999337E_y095015N_l0316_s2912_v23,2025-09-01 21:28:11,9.501540,99.933670,6.17537,2025-09-01 19:18:13,2025-09-02 02:18:13,316,2912,0.355684,2,2337,0.274157,0.055,0.830536,0.4,0.644636,0.75,1.97494e-12,0.0001,6.01061e-150,999999,-5.422581e-01,1,Thailand Exclusive Economic Zone,,,SVDNB_npp_d20250901_t1917390_e1919032_b71752_c20250901204547765000_oeac_ops.h5,GDNBO_npp_d20250901_t1917390_e1919032_b71752_c20250901204324159000_oeac_ops.h5,SVI04_npp_d20250901_t1917390_e1919032_b71752_c20250901204601183000_oeac_ops.dspace_rad,,eez_v11.shp,WPP_BFAR_merge.shp,vbd_mpa_r20170830.shp,VNF-VBD_npp_20120301-20151231_global_asia-enhanced_c201607211230.bitmask,vbd_landsea_r20220824.mask,timezone.shp,VBD_platforms-recurring_2015_r20170330.shp,999999,VBD_bridges_c20160811.shp,14.355770;12.550855;10.047329;5.199992;7.537566;9.452507,80.383789;94.474220;108.227211;106.936050;93.332306;79.482437,npp_d20250901_t1916136_e1917378_b71752;npp_d20250901_t1917390_e1919032_b71752;npp_d20250901_t1919044_e1920286_b71752;npp_d20250901_t1920298_e1921540_b71752,145.795,60.2524,43.1766,-79.749,108.023,-117.165
197,VBD_npp_d20250901_t1918184_x0998654E_y092381N_l0357_s2912_v23,2025-09-01 21:28:11,9.238146,99.865448,44.1606,2025-09-01 19:18:18,2025-09-02 02:18:18,357,2912,0.355044,1,2401,0.724576,0.055,0.805799,0.4,0.758251,0.75,2.16902e-12,0.0001,1.29104e-148,999999,1.960759e-02,1,Thailand Exclusive Economic Zone,,,SVDNB_npp_d20250901_t1917390_e1919032_b71752_c20250901204547765000_oeac_ops.h5,GDNBO_npp_d20250901_t1917390_e1919032_b71752_c20250901204324159000_oeac_ops.h5,SVI04_npp_d20250901_t1917390_e1919032_b71752_c20250901204601183000_oeac_ops.dspace_rad,,eez_v11.shp,WPP_BFAR_merge.shp,vbd_mpa_r20170830.shp,VNF-VBD_npp_20120301-20151231_global_asia-enhanced_c201607211230.bitmask,vbd_landsea_r20220824.mask,timezone.shp,VBD_platforms-recurring_2015_r20170330.shp,999999,VBD_bridges_c20160811.shp,14.355770;12.550855;10.047329;5.199992;7.537566;9.452507,80.383789;94.474220;108.227211;106.936050;93.332306;79.482437,npp_d20250901_t1916136_e1917378_b71752;npp_d20250901_t1917390_e1919032_b71752;npp_d20250901_t1919044_e1920286_b71752;npp_d20250901_t1920298_e1921540_b71752,145.965,60.55,43.1789,-80.2549,107.863,-117.238
198,VBD_npp_d20250901_t1917553_x1002021E_y105154N_l0159_s2914_v23,2025-09-01 21:28:11,10.515376,100.202141,1.63418,2025-09-01 19:17:55,2025-09-02 02:17:55,159,2914,0.171313,10,2305,0.0797519,0.055,0.362085,0.4,0.583102,0.75,1.02517e-12,0.0001,8.74756e-158,999999,-2.026149e-01,3,Thailand Exclusive Economic Zone,,,SVDNB_npp_d20250901_t1917390_e1919032_b71752_c20250901204547765000_oeac_ops.h5,GDNBO_npp_d20250901_t1917390_e1919032_b71752_c20250901204324159000_oeac_ops.h5,SVI04_npp_d20250901_t1917390_e1919032_b71752_c20250901204601183000_oeac_ops.dspace_rad,,eez_v11.shp,WPP_BFAR_merge.shp,vbd_mpa_r20170830.shp,VNF-VBD_npp_20120301-20151231_global_asia-enhanced_c201607211230.bitmask,vbd_landsea_r20220824.mask,timezone.shp,VBD_platforms-recurring_2015_r20170330.shp,999999,VBD_bridges_c20160811.shp,14.355770;12.550855;10.047329;5.199992;7.537566;9.452507,80.383789;94.474220;108.227211;106.936050;93.332306;79.482437,npp_d20250901_t1916136_e1917378_b71752;npp_d20250901_t1917390_e1919032_b71752;npp_d20250901_t1919044_e1920286_b71752;npp_d20250901_t1920298_e1921540_b71752,145.118,59.1546,43.2487,-79.4078,108.653,-116.874
199,VBD_npp_d20250901_t1917553_x1002197E_y105333N_l0156_s2916_v23,2025-09-01 21:28:11,10.533252,100.219650,1.61753,2025-09-01 19:17:55,2025-09-02 02:17:55,156,2916,0.223808,2,2337,0.0747136,0.055,0.50001,0.4,0.62794,0.75,1.00162e-12,0.0001,4.39013e-159,999999,-2.691153e-01,3,Thailand Exclusive Economic Zone,,,SVDNB_npp_d20250901_t1917390_e1919032_b71752_c20250901204547765000_oeac_ops.h5,GDNBO_npp_d20250901_t1917390_e1919032_b71752_c20250901204324159000_oeac_ops.h5,SVI04_npp_d20250901_t1917390_e1919032_b71752_c20250901204601183000_oeac_ops.dspace_rad,,eez_v11.shp,WPP_BFAR_merge.shp,vbd_mpa_r20170830.shp,VNF-VBD_npp_20120301-20151231_global_asia-enhanced_c201607211230.bitmask,vbd_landsea_r20220824.mask,timezone.shp,VBD_platforms-recurring_2015_r20170330.shp,999999,VBD_bridges_c20160811.shp,14.355770;12.550855;10.047329;5.199992;7.537566;9.452507,80.383789;94.474220;108.227211;106.936050;93.332306;79.482437,npp_d20250901_t1916136_e1917378_b71752;npp_d20250901_t1917390_e1919032_b71752;npp_d20250901_t1919044_e1920286_b71752;npp_d20250901_t1920298_e1921540_b71752,145.094,59.1485,43.3209,-79.6033,108.677,-116.868
200,VBD_npp_d20250901_t1918024_x1001353E_y101854N_l0210_s2917_v23,2025-09-01 21:28:11,10.185370,100.135315,18.6845,2025-09-01 19:18:02,2025-09-02 02:18:02,210,2917,0.365927,1,2401,0.772161,0.055,0.907564,0.4,0.972277,0.75,1.26956e-12,0.0001,1.09896e-157,999999,1.709605e-01,3,Thailand Exclusive Economic Zone,,,SVDNB_npp_d20250901_t1917390_e1919032_b71752_c20250901204547765000_oeac_ops.h5,GDNBO_npp_d20250901_t1917390_e1919032_b71752_c20250901204324159000_oeac_ops.h5,SVI04_npp_d20250901_t1917390_e1919032_b71752_c20250901204601183000_oeac_ops.dspace_rad,,eez_v11.shp,WPP_BFAR_merge.shp,vbd_mpa_r20170830.shp,VNF-VBD_npp_20120301-20151231_global_asia-enhanced_c201607211230.bitmask,vbd_landsea_r20220824.mask,timezone.shp,VBD_platforms-recurring_2015_r20170330.shp,999999,VBD_bridges_c20160811.shp,14.355770;12.550855;10.047329;5.199992;7.537566;9.452507,80.383789;94.474220;108.227211;106.936050;93.332306;79.482437,npp_d20250901_t1916136_e1917378_b71752;npp_d20250901_t1917390_e1919032_b71752;npp_d20250901_t1919044_e1920286_b71752;npp_d20250901_t1920298_e1921540_b71752,145.318,59.5299,43.3599,-80.3169,108.471,-116.97
201,VBD_npp_d20250901_t1918006_x1001520E_y101998N_l0207_s2918_v23,2025-09-01 21:28:11,10.199764,100.151962,13.4089,2025-09-01 19:18:00,2025-09-02 02:18:00,207,2918,0.358743,1,2401,0.661994,0.055,0.907564,0.4,0.966103,0.75,1.24287e-12,0.0001,1.73061e-157,999999,1.871650e-01,3,Thailand Exclusive Economic Zone,,,SVDNB_npp_d20250901_t1917390_e1919032_b71752_c20250901204547765000_oeac_ops.h5,GDNBO_npp_d20250901_t1917390_e1919032_b71752_c20250901204324159000_oeac_ops.h5,SVI04_npp_d20250901_t1917390_e1919032_b71752_c20250901204601183000_oeac_ops.dspace_rad,,eez_v11.shp,WPP_BFAR_merge.shp,vbd_mpa_r20170830.shp,VNF-VBD_npp_20120301-20151231_global_asia-enhanced_c201607211230.bitmask,vbd_landsea_r20220824.mask,timezone.shp,VBD_platforms-recurring_2015_r20170330.shp,999999,VBD_bridges_c20160811.shp,14.355770;12.550855;10.047329;5.199992;7.537566;9.452507,80.383789;94.474220;108.227211;106.936050;93.332306;79.482437,npp_d20250901_t1916136_e1917378_b71752;npp_d20250901_t1917390_e1919032_b71752;npp_d20250901_t1919044_e1920286_b71752;npp_d20250901_t1920298_e1921540_b71752,145.303,59.5202,43.3947,-79.4502,108.486,-116.965
202,VBD_npp_d20250901_t1917464_x1004032E_y110361N_l0077_s2924_v23,2025-09-01 21:28:11,11.036087,100.403175,1.88068,2025-09-01 19:17:46,2025-09-02 02:17:46,77,2924,0.132049,2,2337,0.0646719,0.055,0.751916,0.4,0.44036,0.75,6.6259e-13,0.0001,7.25824e-167,999999,-4.692981e-02,3,Thailand Exclusive Economic Zone,,,SVDNB_npp_d20250901_t1917390_e1919032_b71752_c20250901204547765000_oeac_ops.h5,GDNBO_npp_d20250901_t1917390_e1919032_b71752_c20250901204324159000_oeac_ops.h5,SVI04_npp_d20250901_t1917390_e1919032_b71752_c20250901204601183000_oeac_ops.dspace_rad,,eez_v11.shp,WPP_BFAR_merge.shp,vbd_mpa_r20170830.shp,VNF-VBD_npp_20120301-20151231_global_asia-enhanced_c201607211230.bitmask,vbd_landsea_r20220824.mask,timezone.shp,VBD_platforms-recurring_2015_r20170330.shp,999999,VBD_bridges_c20160811.shp,14.355770;12.550855;10.047329;5.199992;7.537566;9.452507,80.383789;94.474220;108.227211;106.936050;93.332306;79.482437,npp_d20250901_t1916136_e1917378_b71752;npp_d20250901_t1917390_e1919032_b71752;npp_d20250901_t1919044_e1920286_b71752;npp_d20250901_t1920298_e1921540_b71752,144.712,58.6688,43.6039,-79.4692,109.031,-116.716
203,VBD_npp_d20250901_t1917464_x1003995E_y110163N_l0080_s2924_v23,2025-09-01 21:28:11,11.016264,100.399536,4.4664,2025-09-01 19:17:46,2025-09-02 02:17:46,80,2924,0.115048,2,2337,0.24294,0.055,0.68525,0.4,0.748791,0.75,6.70534e-13,0.0001,1.5571e-166,999999,-4.236556e-01,3,Thailand Exclusive Economic Zone,,,SVDNB_npp_d20250901_t1917390_e1919032_b71752_c20250901204547765000_oeac_ops.h5,GDNBO_npp_d20250901_t1917390_e1919032_b71752_c20250901204324159000_oeac_ops.h5,SVI04_npp_d20250901_t1917390_e1919032_b71752_c20250901204601183000_oeac_ops.dspace_rad,,eez_v11.shp,WPP_BFAR_merge.shp,vbd_mpa_r20170830.shp,VNF-VBD_npp_20120301-20151231_global_asia-enhanced_c201607211230.bitmask,vbd_landsea_r20220824.mask,timezone.shp,VBD_platforms-recurring_2015_r20170330.shp,999999,VBD_bridges_c20160811.shp,14.355770;12.550855;10.047329;5.199992;7.537566;9.452507,80.383789;94.474220;108.227211;106.936050;93.332306;79.482437,npp_d20250901_t1916136_e1917378_b71752;npp_d20250901_t1917390_e1919032_b71752;npp_d20250901_t1919044_e1920286_b71752;npp_d20250901_t1920298_e1921540_b71752,144.725,58.6894,43.6046,-79.2789,109.019,-116.722
204,VBD_npp_d20250901_t1918487_x0995031E_y073936N_l0639_s2924_v23,2025-09-01 21:28:11,7.393569,99.503082,2.24834,2025-09-01 19:18:48,2025-09-02 02:18:48,639,2924,0.268051,2,2337,0.0575016,0.055,0.513908,0.4,0.356507,0.75,7.22269e-12,0.0001,2.49501e-141,999999,-4.055814e-01,1,Thailand Exclusive Economic Zone,,,SVDNB_npp_d20250901_t1917390_e1919032_b71752_c20250901204547765000_oeac_ops.h5,GDNBO_npp_d20250901_t1917390_e1919032_b71752_c20250901204324159000_oeac_ops.h5,SVI04_npp_d20250901_t1917390_e1919032_b71752_c20250901204601183000_oeac_ops.dspace_rad,,eez_v11.shp,WPP_BFAR_merge.shp,vbd_mpa_r20170830.shp,VNF-VBD_npp_20120301-20151231_global_asia-enhanced_c201607211230.bitmask,vbd_landsea_r20220824.mask,timezone.shp,VBD_platforms-recurring_2015_r20170330.shp,999999,VBD_bridges_c20160811.shp,14.355770;12.550855;10.047329;5.199992;7.537566;9.452507,80.383789;94.474220;108.227211;106.936050;93.332306;79.482437,npp_d20250901_t1916136_e1917378_b71752;npp_d20250901_t1917390_e1919032_b71752;npp_d20250901_t1919044_e1920286_b71752;npp_d20250901_t1920298_e1921540_b71752,147.046,62.8023,43.6044,-79.8277,106.805,-117.724
205,VBD_npp_d20250901_t1917553_x1002762E_y105034N_l0159_s2925_v23,2025-09-01 21:28:11,10.503361,100.276215,2.95053,2025-09-01 19:17:55,2025-09-02 02:17:55,159,2925,0.225444,8,18785,0.184393,0.055,0.60281,0.4,0.806961,0.75,9.66963e-13,0.0001,4.1615e-163,999999,1.580917e-01,3,Thailand Exclusive Economic Zone,,,SVDNB_npp_d20250901_t1917390_e1919032_b71752_c20250901204547765000_oeac_ops.h5,GDNBO_npp_d20250901_t1917390_e1919032_b71752_c20250901204324159000_oeac_ops.h5,SVI04_npp_d20250901_t1917390_e1919032_b71752_c20250901204601183000_oeac_ops.dspace_rad,,eez_v11.shp,WPP_BFAR_merge.shp,vbd_mpa_r20170830.shp,VNF-VBD_npp_20120301-20151231_global_asia-enhanced_c201607211230.bitmask,vbd_landsea_r20220824.mask,timezone.shp,VBD_platforms-recurring_2015_r20170330.shp,0.595114,VBD_bridges_c20160811.shp,14.355770;12.550855;10.047329;5.199992;7.537566;9.452507,80.383789;94.474220;108.227211;106.936050;93.332306;79.482437,npp_d20250901_t1916136_e1917378_b71752;npp_d20250901_t1917390_e1919032_b71752;npp_d20250901_t1919044_e1920286_b71752;npp_d20250901_t1920298_e1921540_b71752,145.062,59.2364,43.6365,-79.411,108.713,-116.875
206,VBD_npp_d20250901_t1917464_x1004197E_y110536N_l0074_s2926_v23,2025-09-01 21:28:11,11.053599,100.419693,7.50913,2025-09-01 19:17:46,2025-09-02 02:17:46,74,2926,0.184188,1,2401,0.412306,0.055,0.761116,0.4,0.868925,0.75,6.47527e-13,0.0001,3.51569e-168,999999,-1.696605e-01,3,Thailand Exclusive Economic Zone,,,SVDNB_npp_d20250901_t1917390_e1919032_b71752_c20250901204547765000_oeac_ops.h5,GDNBO_npp_d20250901_t1917390_e1919032_b71752_c20250901204324159000_oeac_ops.h5,SVI04_npp_d20250901_t1917390_e1919032_b71752_c20250901204601183000_oeac_ops.dspace_rad,,eez_v11.shp,WPP_BFAR_merge.shp,vbd_mpa_r20170830.shp,VNF-VBD_npp_20120301-20151231_global_asia-enhanced_c201607211230.bitmask,vbd_landsea_r20220824.mask,timezone.shp,VBD_platforms-recurring_2015_r20170330.shp,999999,VBD_bridges_c20160811.shp,14.355770;12.550855;10.047329;5.199992;7.537566;9.452507,80.383789;94.474220;108.227211;106.936050;93.332306;79.482437,npp_d20250901_t1916136_e1917378_b71752;npp_d20250901_t1917390_e1919032_b71752;npp_d20250901_t1919044_e1920286_b71752;npp_d20250901_t1920298_e1921540_b71752,144.689,58.6628,43.6708,-79.6572,109.053,-116.71
207,VBD_npp_d20250901_t1918131_x1000669E_y095197N_l0310_s2931_v23,2025-09-01 21:28:11,9.519698,100.066948,4.67881,2025-09-01 19:18:13,2025-09-02 02:18:13,310,2931,0.253896,2,2337,0.110761,0.055,0.757934,0.4,0.296393,0.75,1.75735e-12,0.0001,3.82331e-159,999999,1.865441e-01,1,Thailand Exclusive Economic Zone,,,SVDNB_npp_d20250901_t1917390_e1919032_b71752_c20250901204547765000_oeac_ops.h5,GDNBO_npp_d20250901_t1917390_e1919032_b71752_c20250901204324159000_oeac_ops.h5,SVI04_npp_d20250901_t1917390_e1919032_b71752_c20250901204601183000_oeac_ops.dspace_rad,,eez_v11.shp,WPP_BFAR_merge.shp,vbd_mpa_r20170830.shp,VNF-VBD_npp_20120301-20151231_global_asia-enhanced_c201607211230.bitmask,vbd_landsea_r20220824.mask,timezone.shp,VBD_platforms-recurring_2015_r20170330.shp,999999,VBD_bridges_c20160811.shp,14.355770;12.550855;10.047329;5.199992;7.537566;9.452507,80.383789;94.474220;108.227211;106.936050;93.332306;79.482437,npp_d20250901_t1916136_e1917378_b71752;npp_d20250901_t1917390_e1919032_b71752;npp_d20250901_t1919044_e1920286_b71752;npp_d20250901_t1920298_e1921540_b71752,145.672,60.3468,43.8391,-80.1181,108.148,-117.157
208,VBD_npp_d20250901_t1918167_x1000213E_y093455N_l0337_s2931_v23,2025-09-01 21:28:11,9.345546,100.021255,3.03234,2025-09-01 19:18:16,2025-09-02 02:18:16,337,2931,0.364078,1,2401,0.209418,0.055,0.621454,0.4,0.796338,0.75,1.87273e-12,0.0001,3.68035e-158,999999,1.521138e-01,3,Thailand Exclusive Economic Zone,,,SVDNB_npp_d20250901_t1917390_e1919032_b71752_c20250901204547765000_oeac_ops.h5,GDNBO_npp_d20250901_t1917390_e1919032_b71752_c20250901204324159000_oeac_ops.h5,SVI04_npp_d20250901_t1917390_e1919032_b71752_c20250901204601183000_oeac_ops.dspace_rad,,eez_v11.shp,WPP_BFAR_merge.shp,vbd_mpa_r20170830.shp,VNF-VBD_npp_20120301-20151231_global_asia-enhanced_c201607211230.bitmask,vbd_landsea_r20220824.mask,timezone.shp,VBD_platforms-recurring_2015_r20170330.shp,999999,VBD_bridges_c20160811.shp,14.355770;12.550855;10.047329;5.199992;7.537566;9.452507,80.383789;94.474220;108.227211;106.936050;93.332306;79.482437,npp_d20250901_t1916136_e1917378_b71752;npp_d20250901_t1917390_e1919032_b71752;npp_d20250901_t1919044_e1920286_b71752;npp_d20250901_t1920298_e1921540_b71752,145.784,60.5421,43.8392,-80.4619,108.041,-117.205
209,VBD_npp_d20250901_t1918167_x1000058E_y092593N_l0350_s2931_v23,2025-09-01 21:28:11,9.259300,100.005791,13.1185,2025-09-01 19:18:16,2025-09-02 02:18:16,350,2931,0.375459,1,2401,0.642487,0.055,0.865253,0.4,0.948089,0.75,1.92828e-12,0.0001,8.90932e-157,999999,-1.792279e-02,3,Thailand Exclusive Economic Zone,,,SVDNB_npp_d20250901_t1917390_e1919032_b71752_c20250901204547765000_oeac_ops.h5,GDNBO_npp_d20250901_t1917390_e1919032_b71752_c20250901204324159000_oeac_ops.h5,SVI04_npp_d20250901_t1917390_e1919032_b71752_c20250901204601183000_oeac_ops.dspace_rad,,eez_v11.shp,WPP_BFAR_merge.shp,vbd_mpa_r20170830.shp,VNF-VBD_npp_20120301-20151231_global_asia-enhanced_c201607211230.bitmask,vbd_landsea_r20220824.mask,timezone.shp,VBD_platforms-recurring_2015_r20170330.shp,999999,VBD_bridges_c20160811.shp,14.355770;12.550855;10.047329;5.199992;7.537566;9.452507,80.383789;94.474220;108.227211;106.936050;93.332306;79.482437,npp_d20250901_t1916136_e1917378_b71752;npp_d20250901_t1917390_e1919032_b71752;npp_d20250901_t1919044_e1920286_b71752;npp_d20250901_t1920298_e1921540_b71752,145.84,60.6391,43.8382,-79.6406,107.988,-117.229
210,VBD_npp_d20250901_t1918149_x1000532E_y094416N_l0322_s2932_v23,2025-09-01 21:28:11,9.441575,100.053230,7.07929,2025-09-01 19:18:14,2025-09-02 02:18:14,322,2932,0.369057,1,2401,0.344489,0.055,0.734358,0.4,0.815532,0.75,1.79838e-12,0.0001,2.48563e-159,999999,-2.250528e-01,3,Thailand Exclusive Economic Zone,,,SVDNB_npp_d20250901_t1917390_e1919032_b71752_c20250901204547765000_oeac_ops.h5,GDNBO_npp_d20250901_t1917390_e1919032_b71752_c20250901204324159000_oeac_ops.h5,SVI04_npp_d20250901_t1917390_e1919032_b71752_c20250901204601183000_oeac_ops.dspace_rad,,eez_v11.shp,WPP_BFAR_merge.shp,vbd_mpa_r20170830.shp,VNF-VBD_npp_20120301-20151231_global_asia-enhanced_c201607211230.bitmask,vbd_landsea_r20220824.mask,timezone.shp,VBD_platforms-recurring_2015_r20170330.shp,999999,VBD_bridges_c20160811.shp,14.355770;12.550855;10.047329;5.199992;7.537566;9.452507,80.383789;94.474220;108.227211;106.936050;93.332306;79.482437,npp_d20250901_t1916136_e1917378_b71752;npp_d20250901_t1917390_e1919032_b71752;npp_d20250901_t1919044_e1920286_b71752;npp_d20250901_t1920298_e1921540_b71752,145.716,60.4408,43.8775,-80.3858,108.107,-117.178
211,VBD_npp_d20250901_t1918238_x0999191E_y088966N_l0406_s2932_v23,2025-09-01 21:28:11,8.896571,99.919052,2.9617,2025-09-01 19:18:23,2025-09-02 02:18:23,406,2932,0.393526,2,2337,0.120651,0.055,0.802726,0.4,0.595171,0.75,2.32075e-12,0.0001,4.40822e-155,999999,-6.557779e-01,3,Thailand Exclusive Economic Zone,,,SVDNB_npp_d20250901_t1917390_e1919032_b71752_c20250901204547765000_oeac_ops.h5,GDNBO_npp_d20250901_t1917390_e1919032_b71752_c20250901204324159000_oeac_ops.h5,SVI04_npp_d20250901_t1917390_e1919032_b71752_c20250901204601183000_oeac_ops.dspace_rad,,eez_v11.shp,WPP_BFAR_merge.shp,vbd_mpa_r20170830.shp,VNF-VBD_npp_20120301-20151231_global_asia-enhanced_c201607211230.bitmask,vbd_landsea_r20220824.mask,timezone.shp,VBD_platforms-recurring_2015_r20170330.shp,999999,VBD_bridges_c20160811.shp,14.355770;12.550855;10.047329;5.199992;7.537566;9.452507,80.383789;94.474220;108.227211;106.936050;93.332306;79.482437,npp_d20250901_t1916136_e1917378_b71752;npp_d20250901_t1917390_e1919032_b71752;npp_d20250901_t1919044_e1920286_b71752;npp_d20250901_t1920298_e1921540_b71752,146.066,61.0584,43.8705,-80.201,107.772,-117.329
212,VBD_npp_d20250901_t1917464_x1004678E_y110244N_l0077_s2934_v23,2025-09-01 21:28:11,11.024387,100.467781,6.03679,2025-09-01 19:17:46,2025-09-02 02:17:46,77,2934,0.174443,8,18785,0.368593,0.055,0.766509,0.4,0.878131,0.75,6.26561e-13,0.0001,7.69768e-172,999999,3.582340e-02,3,Thailand Exclusive Economic Zone,,,SVDNB_npp_d20250901_t1917390_e1919032_b71752_c20250901204547765000_oeac_ops.h5,GDNBO_npp_d20250901_t1917390_e1919032_b71752_c20250901204324159000_oeac_ops.h5,SVI04_npp_d20250901_t1917390_e1919032_b71752_c20250901204601183000_oeac_ops.dspace_rad,,eez_v11.shp,WPP_BFAR_merge.shp,vbd_mpa_r20170830.shp,VNF-VBD_npp_20120301-20151231_global_asia-enhanced_c201607211230.bitmask,vbd_landsea_r20220824.mask,timezone.shp,VBD_platforms-recurring_2015_r20170330.shp,0.580389,VBD_bridges_c20160811.shp,14.355770;12.550855;10.047329;5.199992;7.537566;9.452507,80.383789;94.474220;108.227211;106.936050;93.332306;79.482437,npp_d20250901_t1916136_e1917378_b71752;npp_d20250901_t1917390_e1919032_b71752;npp_d20250901_t1919044_e1920286_b71752;npp_d20250901_t1920298_e1921540_b71752,144.663,58.7418,43.9401,-79.4591,109.082,-116.717
213,VBD_npp_d20250901_t1918220_x1000030E_y089835N_l0391_s2941_v23,2025-09-01 21:28:11,8.983540,100.002968,9.83707,2025-09-01 19:18:22,2025-09-02 02:18:22,391,2941,0.379371,8,18785,0.531386,0.055,0.828906,0.4,0.946797,0.75,2.02913e-12,0.0001,7.6398e-160,999999,-1.226857e-01,3,Thailand Exclusive Economic Zone,,,SVDNB_npp_d20250901_t1917390_e1919032_b71752_c20250901204547765000_oeac_ops.h5,GDNBO_npp_d20250901_t1917390_e1919032_b71752_c20250901204324159000_oeac_ops.h5,SVI04_npp_d20250901_t1917390_e1919032_b71752_c20250901204601183000_oeac_ops.dspace_rad,,eez_v11.shp,WPP_BFAR_merge.shp,vbd_mpa_r20170830.shp,VNF-VBD_npp_20120301-20151231_global_asia-enhanced_c201607211230.bitmask,vbd_landsea_r20220824.mask,timezone.shp,VBD_platforms-recurring_2015_r20170330.shp,0.58542,VBD_bridges_c20160811.shp,14.355770;12.550855;10.047329;5.199992;7.537566;9.452507,80.383789;94.474220;108.227211;106.936050;93.332306;79.482437,npp_d20250901_t1916136_e1917378_b71752;npp_d20250901_t1917390_e1919032_b71752;npp_d20250901_t1919044_e1920286_b71752;npp_d20250901_t1920298_e1921540_b71752,145.958,61.0117,44.1795,-80.1173,107.879,-117.304
214,VBD_npp_d20250901_t1918184_x1000776E_y091730N_l0361_s2945_v23,2025-09-01 21:28:11,9.173021,100.077599,7.77778,2025-09-01 19:18:18,2025-09-02 02:18:18,361,2945,0.390396,1,2401,0.481983,0.055,0.854668,0.4,0.932692,0.75,1.81859e-12,0.0001,5.13203e-163,999999,4.361089e-02,3,Thailand Exclusive Economic Zone,,,SVDNB_npp_d20250901_t1917390_e1919032_b71752_c20250901204547765000_oeac_ops.h5,GDNBO_npp_d20250901_t1917390_e1919032_b71752_c20250901204324159000_oeac_ops.h5,SVI04_npp_d20250901_t1917390_e1919032_b71752_c20250901204601183000_oeac_ops.dspace_rad,,eez_v11.shp,WPP_BFAR_merge.shp,vbd_mpa_r20170830.shp,VNF-VBD_npp_20120301-20151231_global_asia-enhanced_c201607211230.bitmask,vbd_landsea_r20220824.mask,timezone.shp,VBD_platforms-recurring_2015_r20170330.shp,999999,VBD_bridges_c20160811.shp,14.355770;12.550855;10.047329;5.199992;7.537566;9.452507,80.383789;94.474220;108.227211;106.936050;93.332306;79.482437,npp_d20250901_t1916136_e1917378_b71752;npp_d20250901_t1917390_e1919032_b71752;npp_d20250901_t1919044_e1920286_b71752;npp_d20250901_t1920298_e1921540_b71752,145.814,60.819,44.3124,-79.9598,108.018,-117.251
215,VBD_npp_d20250901_t1918184_x1000704E_y091330N_l0367_s2945_v23,2025-09-01 21:28:11,9.132955,100.070442,5.53963,2025-09-01 19:18:18,2025-09-02 02:18:18,367,2945,0.36422,1,2401,0.363124,0.055,0.873119,0.4,0.885502,0.75,1.8422e-12,0.0001,2.31264e-162,999999,2.474104e-02,3,Thailand Exclusive Economic Zone,,,SVDNB_npp_d20250901_t1917390_e1919032_b71752_c20250901204547765000_oeac_ops.h5,GDNBO_npp_d20250901_t1917390_e1919032_b71752_c20250901204324159000_oeac_ops.h5,SVI04_npp_d20250901_t1917390_e1919032_b71752_c20250901204601183000_oeac_ops.dspace_rad,,eez_v11.shp,WPP_BFAR_merge.shp,vbd_mpa_r20170830.shp,VNF-VBD_npp_20120301-20151231_global_asia-enhanced_c201607211230.bitmask,vbd_landsea_r20220824.mask,timezone.shp,VBD_platforms-recurring_2015_r20170330.shp,999999,VBD_bridges_c20160811.shp,14.355770;12.550855;10.047329;5.199992;7.537566;9.452507,80.383789;94.474220;108.227211;106.936050;93.332306;79.482437,npp_d20250901_t1916136_e1917378_b71752;npp_d20250901_t1917390_e1919032_b71752;npp_d20250901_t1919044_e1920286_b71752;npp_d20250901_t1920298_e1921540_b71752,145.84,60.8643,44.313,-79.584,107.994,-117.263
216,VBD_npp_d20250901_t1918149_x1001395E_y093991N_l0326_s2946_v23,2025-09-01 21:28:11,9.399123,100.139488,7.96036,2025-09-01 19:18:14,2025-09-02 02:18:14,326,2946,0.370337,1,2401,0.491275,0.055,0.834074,0.4,0.949538,0.75,1.67055e-12,0.0001,1.90652e-165,999999,1.263335e-02,3,Thailand Exclusive Economic Zone,,,SVDNB_npp_d20250901_t1917390_e1919032_b71752_c20250901204547765000_oeac_ops.h5,GDNBO_npp_d20250901_t1917390_e1919032_b71752_c20250901204324159000_oeac_ops.h5,SVI04_npp_d20250901_t1917390_e1919032_b71752_c20250901204601183000_oeac_ops.dspace_rad,,eez_v11.shp,WPP_BFAR_merge.shp,vbd_mpa_r20170830.shp,VNF-VBD_npp_20120301-20151231_global_asia-enhanced_c201607211230.bitmask,vbd_landsea_r20220824.mask,timezone.shp,VBD_platforms-recurring_2015_r20170330.shp,999999,VBD_bridges_c20160811.shp,14.355770;12.550855;10.047329;5.199992;7.537566;9.452507,80.383789;94.474220;108.227211;106.936050;93.332306;79.482437,npp_d20250901_t1916136_e1917378_b71752;npp_d20250901_t1917390_e1919032_b71752;npp_d20250901_t1919044_e1920286_b71752;npp_d20250901_t1920298_e1921540_b71752,145.663,60.5705,44.3481,-80.1178,108.163,-117.188
217,VBD_npp_d20250901_t1918202_x1000633E_y090946N_l0373_s2946_v23,2025-09-01 21:28:11,9.094633,100.063309,8.28754,2025-09-01 19:18:20,2025-09-02 02:18:20,373,2946,0.36735,1,2401,0.488783,0.055,0.862011,0.4,0.925892,0.75,1.85432e-12,0.0001,3.79124e-163,999999,-1.145700e-01,3,Thailand Exclusive Economic Zone,,,SVDNB_npp_d20250901_t1917390_e1919032_b71752_c20250901204547765000_oeac_ops.h5,GDNBO_npp_d20250901_t1917390_e1919032_b71752_c20250901204324159000_oeac_ops.h5,SVI04_npp_d20250901_t1917390_e1919032_b71752_c20250901204601183000_oeac_ops.dspace_rad,,eez_v11.shp,WPP_BFAR_merge.shp,vbd_mpa_r20170830.shp,VNF-VBD_npp_20120301-20151231_global_asia-enhanced_c201607211230.bitmask,vbd_landsea_r20220824.mask,timezone.shp,VBD_platforms-recurring_2015_r20170330.shp,999999,VBD_bridges_c20160811.shp,14.355770;12.550855;10.047329;5.199992;7.537566;9.452507,80.383789;94.474220;108.227211;106.936050;93.332306;79.482437,npp_d20250901_t1916136_e1917378_b71752;npp_d20250901_t1917390_e1919032_b71752;npp_d20250901_t1919044_e1920286_b71752;npp_d20250901_t1920298_e1921540_b71752,145.858,60.9139,44.347,-80.2206,107.976,-117.273
218,VBD_npp_d20250901_t1918149_x1001509E_y094247N_l0322_s2947_v23,2025-09-01 21:28:11,9.424707,100.150856,3.89449,2025-09-01 19:18:14,2025-09-02 02:18:14,322,2947,0.34473,1,2401,0.264799,0.055,0.808455,0.4,0.817853,0.75,1.64466e-12,0.0001,2.16897e-166,999999,-1.566367e-02,3,Thailand Exclusive Economic Zone,,,SVDNB_npp_d20250901_t1917390_e1919032_b71752_c20250901204547765000_oeac_ops.h5,GDNBO_npp_d20250901_t1917390_e1919032_b71752_c20250901204324159000_oeac_ops.h5,SVI04_npp_d20250901_t1917390_e1919032_b71752_c20250901204601183000_oeac_ops.dspace_rad,,eez_v11.shp,WPP_BFAR_merge.shp,vbd_mpa_r20170830.shp,VNF-VBD_npp_20120301-20151231_global_asia-enhanced_c201607211230.bitmask,vbd_landsea_r20220824.mask,timezone.shp,VBD_platforms-recurring_2015_r20170330.shp,999999,VBD_bridges_c20160811.shp,14.355770;12.550855;10.047329;5.199992;7.537566;9.452507,80.383789;94.474220;108.227211;106.936050;93.332306;79.482437,npp_d20250901_t1916136_e1917378_b71752;npp_d20250901_t1917390_e1919032_b71752;npp_d20250901_t1919044_e1920286_b71752;npp_d20250901_t1920298_e1921540_b71752,145.64,60.5478,44.3828,-80.3669,108.184,-117.181
219,VBD_npp_d20250901_t1918202_x1000877E_y090421N_l0380_s2951_v23,2025-09-01 21:28:11,9.042054,100.087738,5.48599,2025-09-01 19:18:20,2025-09-02 02:18:20,380,2951,0.36422,1,2401,0.369702,0.055,0.865092,0.4,0.892329,0.75,1.82343e-12,0.0001,9.36447e-165,999999,2.439391e-02,3,Thailand Exclusive Economic Zone,,,SVDNB_npp_d20250901_t1917390_e1919032_b71752_c20250901204547765000_oeac_ops.h5,GDNBO_npp_d20250901_t1917390_e1919032_b71752_c20250901204324159000_oeac_ops.h5,SVI04_npp_d20250901_t1917390_e1919032_b71752_c20250901204601183000_oeac_ops.dspace_rad,,eez_v11.shp,WPP_BFAR_merge.shp,vbd_mpa_r20170830.shp,VNF-VBD_npp_20120301-20151231_global_asia-enhanced_c201607211230.bitmask,vbd_landsea_r20220824.mask,timezone.shp,VBD_platforms-recurring_2015_r20170330.shp,999999,VBD_bridges_c20160811.shp,14.355770;12.550855;10.047329;5.199992;7.537566;9.452507,80.383789;94.474220;108.227211;106.936050;93.332306;79.482437,npp_d20250901_t1916136_e1917378_b71752;npp_d20250901_t1917390_e1919032_b71752;npp_d20250901_t1919044_e1920286_b71752;npp_d20250901_t1920298_e1921540_b71752,145.862,61.0029,44.5155,-79.7783,107.974,-117.287
220,VBD_npp_d20250901_t1918202_x1001267E_y090698N_l0375_s2956_v23,2025-09-01 21:28:11,9.069769,100.126709,28.4693,2025-09-01 19:18:20,2025-09-02 02:18:20,375,2956,0.336266,1,2401,0.901364,0.055,0.895636,0.4,0.97104,0.75,1.74682e-12,0.0001,9.27149e-168,999999,-1.130097e-01,3,Thailand Exclusive Economic Zone,,,SVDNB_npp_d20250901_t1917390_e1919032_b71752_c20250901204547765000_oeac_ops.h5,GDNBO_npp_d20250901_t1917390_e1919032_b71752_c20250901204324159000_oeac_ops.h5,SVI04_npp_d20250901_t1917390_e1919032_b71752_c20250901204601183000_oeac_ops.dspace_rad,,eez_v11.shp,WPP_BFAR_merge.shp,vbd_mpa_r20170830.shp,VNF-VBD_npp_20120301-20151231_global_asia-enhanced_c201607211230.bitmask,vbd_landsea_r20220824.mask,timezone.shp,VBD_platforms-recurring_2015_r20170330.shp,999999,VBD_bridges_c20160811.shp,14.355770;12.550855;10.047329;5.199992;7.537566;9.452507,80.383789;94.474220;108.227211;106.936050;93.332306;79.482437,npp_d20250901_t1916136_e1917378_b71752;npp_d20250901_t1917390_e1919032_b71752;npp_d20250901_t1919044_e1920286_b71752;npp_d20250901_t1920298_e1921540_b71752,145.815,61.0008,44.6844,-80.085,108.02,-117.279
221,VBD_npp_d20250901_t1918131_x1002526E_y094248N_l0319_s2961_v23,2025-09-01 21:28:11,9.424754,100.252609,3.36559,2025-09-01 19:18:13,2025-09-02 02:18:13,319,2961,0.197062,2,2337,0.199917,0.055,0.564722,0.4,0.73134,0.75,1.49055e-12,0.0001,1.09951e-172,999999,2.535113e-02,3,Thailand Exclusive Economic Zone,,,SVDNB_npp_d20250901_t1917390_e1919032_b71752_c20250901204547765000_oeac_ops.h5,GDNBO_npp_d20250901_t1917390_e1919032_b71752_c20250901204324159000_oeac_ops.h5,SVI04_npp_d20250901_t1917390_e1919032_b71752_c20250901204601183000_oeac_ops.dspace_rad,,eez_v11.shp,WPP_BFAR_merge.shp,vbd_mpa_r20170830.shp,VNF-VBD_npp_20120301-20151231_global_asia-enhanced_c201607211230.bitmask,vbd_landsea_r20220824.mask,timezone.shp,VBD_platforms-recurring_2015_r20170330.shp,999999,VBD_bridges_c20160811.shp,14.355770;12.550855;10.047329;5.199992;7.537566;9.452507,80.383789;94.474220;108.227211;106.936050;93.332306;79.482437,npp_d20250901_t1916136_e1917378_b71752;npp_d20250901_t1917390_e1919032_b71752;npp_d20250901_t1919044_e1920286_b71752;npp_d20250901_t1920298_e1921540_b71752,145.559,60.63,44.8516,-79.5263,108.267,-117.179
222,VBD_npp_d20250901_t1918167_x1002081E_y092579N_l0345_s2961_v23,2025-09-01 21:28:11,9.257880,100.208145,1.75092,2025-09-01 19:18:16,2025-09-02 02:18:16,345,2961,0.368701,1,2401,0.130054,0.055,0.53457,0.4,0.785441,0.75,1.58276e-12,0.0001,1.16046e-171,999999,2.620012e-02,3,Thailand Exclusive Economic Zone,,,SVDNB_npp_d20250901_t1917390_e1919032_b71752_c20250901204547765000_oeac_ops.h5,GDNBO_npp_d20250901_t1917390_e1919032_b71752_c20250901204324159000_oeac_ops.h5,SVI04_npp_d20250901_t1917390_e1919032_b71752_c20250901204601183000_oeac_ops.dspace_rad,,eez_v11.shp,WPP_BFAR_merge.shp,vbd_mpa_r20170830.shp,VNF-VBD_npp_20120301-20151231_global_asia-enhanced_c201607211230.bitmask,vbd_landsea_r20220824.mask,timezone.shp,VBD_platforms-recurring_2015_r20170330.shp,999999,VBD_bridges_c20160811.shp,14.355770;12.550855;10.047329;5.199992;7.537566;9.452507,80.383789;94.474220;108.227211;106.936050;93.332306;79.482437,npp_d20250901_t1916136_e1917378_b71752;npp_d20250901_t1917390_e1919032_b71752;npp_d20250901_t1919044_e1920286_b71752;npp_d20250901_t1920298_e1921540_b71752,145.666,60.8169,44.8499,-79.927,108.165,-117.226
223,VBD_npp_d20250901_t1918184_x1002438E_y091856N_l0355_s2969_v23,2025-09-01 21:28:11,9.185551,100.243782,1.98977,2025-09-01 19:18:18,2025-09-02 02:18:18,355,2969,0.362157,1,2401,0.138791,0.055,0.608363,0.4,0.82817,0.75,1.52985e-12,0.0001,9.49101e-176,999999,6.831173e-02,3,Thailand Exclusive Economic Zone,,,SVDNB_npp_d20250901_t1917390_e1919032_b71752_c20250901204547765000_oeac_ops.h5,GDNBO_npp_d20250901_t1917390_e1919032_b71752_c20250901204324159000_oeac_ops.h5,SVI04_npp_d20250901_t1917390_e1919032_b71752_c20250901204601183000_oeac_ops.dspace_rad,,eez_v11.shp,WPP_BFAR_merge.shp,vbd_mpa_r20170830.shp,VNF-VBD_npp_20120301-20151231_global_asia-enhanced_c201607211230.bitmask,vbd_landsea_r20220824.mask,timezone.shp,VBD_platforms-recurring_2015_r20170330.shp,999999,VBD_bridges_c20160811.shp,14.355770;12.550855;10.047329;5.199992;7.537566;9.452507,80.383789;94.474220;108.227211;106.936050;93.332306;79.482437,npp_d20250901_t1916136_e1917378_b71752;npp_d20250901_t1917390_e1919032_b71752;npp_d20250901_t1919044_e1920286_b71752;npp_d20250901_t1920298_e1921540_b71752,145.664,60.9467,45.1248,-80.3064,108.169,-117.245
224,VBD_npp_d20250901_t1918184_x1002652E_y091120N_l0365_s2974_v23,2025-09-01 21:28:11,9.112036,100.265236,8.03811,2025-09-01 19:18:18,2025-09-02 02:18:18,365,2974,0.300344,1,2401,0.469556,0.055,0.787125,0.4,0.801725,0.75,1.50693e-12,0.0001,3.32956e-177,999999,-1.097048e-01,3,Thailand Exclusive Economic Zone,,,SVDNB_npp_d20250901_t1917390_e1919032_b71752_c20250901204547765000_oeac_ops.h5,GDNBO_npp_d20250901_t1917390_e1919032_b71752_c20250901204324159000_oeac_ops.h5,SVI04_npp_d20250901_t1917390_e1919032_b71752_c20250901204601183000_oeac_ops.dspace_rad,,eez_v11.shp,WPP_BFAR_merge.shp,vbd_mpa_r20170830.shp,VNF-VBD_npp_20120301-20151231_global_asia-enhanced_c201607211230.bitmask,vbd_landsea_r20220824.mask,timezone.shp,VBD_platforms-recurring_2015_r20170330.shp,999999,VBD_bridges_c20160811.shp,14.355770;12.550855;10.047329;5.199992;7.537566;9.452507,80.383789;94.474220;108.227211;106.936050;93.332306;79.482437,npp_d20250901_t1916136_e1917378_b71752;npp_d20250901_t1917390_e1919032_b71752;npp_d20250901_t1919044_e1920286_b71752;npp_d20250901_t1920298_e1921540_b71752,145.682,61.0593,45.2936,-79.685,108.154,-117.265
225,VBD_npp_d20250901_t1918167_x1003135E_y092672N_l0341_s2976_v23,2025-09-01 21:28:11,9.267230,100.313545,5.17025,2025-09-01 19:18:16,2025-09-02 02:18:16,341,2976,0.357036,1,2401,0.331036,0.055,0.756397,0.4,0.774751,0.75,1.41407e-12,0.0001,3.95067e-180,999999,8.955530e-02,3,Thailand Exclusive Economic Zone,,,SVDNB_npp_d20250901_t1917390_e1919032_b71752_c20250901204547765000_oeac_ops.h5,GDNBO_npp_d20250901_t1917390_e1919032_b71752_c20250901204324159000_oeac_ops.h5,SVI04_npp_d20250901_t1917390_e1919032_b71752_c20250901204601183000_oeac_ops.dspace_rad,,eez_v11.shp,WPP_BFAR_merge.shp,vbd_mpa_r20170830.shp,VNF-VBD_npp_20120301-20151231_global_asia-enhanced_c201607211230.bitmask,vbd_landsea_r20220824.mask,timezone.shp,VBD_platforms-recurring_2015_r20170330.shp,999999,VBD_bridges_c20160811.shp,14.355770;12.550855;10.047329;5.199992;7.537566;9.452507,80.383789;94.474220;108.227211;106.936050;93.332306;79.482437,npp_d20250901_t1916136_e1917378_b71752;npp_d20250901_t1917390_e1919032_b71752;npp_d20250901_t1919044_e1920286_b71752;npp_d20250901_t1920298_e1921540_b71752,145.571,60.896,45.3587,-80.1577,108.261,-117.221
226,VBD_npp_d20250901_t1918184_x1003316E_y091703N_l0355_s2982_v23,2025-09-01 21:28:11,9.170316,100.331604,12.1026,2025-09-01 19:18:18,2025-09-02 02:18:18,355,2982,0.349283,1,2401,0.623019,0.055,0.855304,0.4,0.955139,0.75,1.4208e-12,0.0001,7.1014e-183,999999,7.433649e-02,3,Thailand Exclusive Economic Zone,,,SVDNB_npp_d20250901_t1917390_e1919032_b71752_c20250901204547765000_oeac_ops.h5,GDNBO_npp_d20250901_t1917390_e1919032_b71752_c20250901204324159000_oeac_ops.h5,SVI04_npp_d20250901_t1917390_e1919032_b71752_c20250901204601183000_oeac_ops.dspace_rad,,eez_v11.shp,WPP_BFAR_merge.shp,vbd_mpa_r20170830.shp,VNF-VBD_npp_20120301-20151231_global_asia-enhanced_c201607211230.bitmask,vbd_landsea_r20220824.mask,timezone.shp,VBD_platforms-recurring_2015_r20170330.shp,999999,VBD_bridges_c20160811.shp,14.355770;12.550855;10.047329;5.199992;7.537566;9.452507,80.383789;94.474220;108.227211;106.936050;93.332306;79.482437,npp_d20250901_t1916136_e1917378_b71752;npp_d20250901_t1917390_e1919032_b71752;npp_d20250901_t1919044_e1920286_b71752;npp_d20250901_t1920298_e1921540_b71752,145.596,61.0416,45.566,-80.2905,108.239,-117.247
227,VBD_npp_d20250901_t1918220_x1003102E_y089720N_l0385_s2986_v23,2025-09-01 21:28:11,8.971952,100.310226,6.46427,2025-09-01 19:18:22,2025-09-02 02:18:22,385,2986,0.27616,1,2401,0.393367,0.055,0.768973,0.4,0.859894,0.75,1.48718e-12,0.0001,1.44053e-183,999999,1.491976e-01,3,Thailand Exclusive Economic Zone,,,SVDNB_npp_d20250901_t1917390_e1919032_b71752_c20250901204547765000_oeac_ops.h5,GDNBO_npp_d20250901_t1917390_e1919032_b71752_c20250901204324159000_oeac_ops.h5,SVI04_npp_d20250901_t1917390_e1919032_b71752_c20250901204601183000_oeac_ops.dspace_rad,,eez_v11.shp,WPP_BFAR_merge.shp,vbd_mpa_r20170830.shp,VNF-VBD_npp_20120301-20151231_global_asia-enhanced_c201607211230.bitmask,vbd_landsea_r20220824.mask,timezone.shp,VBD_platforms-recurring_2015_r20170330.shp,999999,VBD_bridges_c20160811.shp,14.355770;12.550855;10.047329;5.199992;7.537566;9.452507,80.383789;94.474220;108.227211;106.936050;93.332306;79.482437,npp_d20250901_t1916136_e1917378_b71752;npp_d20250901_t1917390_e1919032_b71752;npp_d20250901_t1919044_e1920286_b71752;npp_d20250901_t1920298_e1921540_b71752,145.697,61.2903,45.7043,-80.4369,108.142,-117.303
228,VBD_npp_d20250901_t1918167_x1003749E_y091792N_l0352_s2987_v23,2025-09-01 21:28:11,9.179241,100.374855,10.0591,2025-09-01 19:18:16,2025-09-02 02:18:16,352,2987,0.207163,1,2401,0.455578,0.055,0.848665,0.4,0.860028,0.75,1.37997e-12,0.0001,5.93341e-185,999999,-2.308843e-01,3,Thailand Exclusive Economic Zone,,,SVDNB_npp_d20250901_t1917390_e1919032_b71752_c20250901204547765000_oeac_ops.h5,GDNBO_npp_d20250901_t1917390_e1919032_b71752_c20250901204324159000_oeac_ops.h5,SVI04_npp_d20250901_t1917390_e1919032_b71752_c20250901204601183000_oeac_ops.dspace_rad,,eez_v11.shp,WPP_BFAR_merge.shp,vbd_mpa_r20170830.shp,VNF-VBD_npp_20120301-20151231_global_asia-enhanced_c201607211230.bitmask,vbd_landsea_r20220824.mask,timezone.shp,VBD_platforms-recurring_2015_r20170330.shp,999999,VBD_bridges_c20160811.shp,14.355770;12.550855;10.047329;5.199992;7.537566;9.452507,80.383789;94.474220;108.227211;106.936050;93.332306;79.482437,npp_d20250901_t1916136_e1917378_b71752;npp_d20250901_t1917390_e1919032_b71752;npp_d20250901_t1919044_e1920286_b71752;npp_d20250901_t1920298_e1921540_b71752,145.561,61.0609,45.7329,-79.4733,108.274,-117.244
229,VBD_npp_d20250901_t1918184_x1003750E_y091768N_l0353_s2988_v23,2025-09-01 21:28:11,9.176833,100.375015,3.26723,2025-09-01 19:18:18,2025-09-02 02:18:18,353,2988,0.207163,2,2337,0.186929,0.055,0.848665,0.4,0.650962,0.75,1.3767e-12,0.0001,1.38817e-186,999999,-1.547235e-01,3,Thailand Exclusive Economic Zone,,,SVDNB_npp_d20250901_t1917390_e1919032_b71752_c20250901204547765000_oeac_ops.h5,GDNBO_npp_d20250901_t1917390_e1919032_b71752_c20250901204324159000_oeac_ops.h5,SVI04_npp_d20250901_t1917390_e1919032_b71752_c20250901204601183000_oeac_ops.dspace_rad,,eez_v11.shp,WPP_BFAR_merge.shp,vbd_mpa_r20170830.shp,VNF-VBD_npp_20120301-20151231_global_asia-enhanced_c201607211230.bitmask,vbd_landsea_r20220824.mask,timezone.shp,VBD_platforms-recurring_2015_r20170330.shp,999999,VBD_bridges_c20160811.shp,14.355770;12.550855;10.047329;5.199992;7.537566;9.452507,80.383789;94.474220;108.227211;106.936050;93.332306;79.482437,npp_d20250901_t1916136_e1917378_b71752;npp_d20250901_t1917390_e1919032_b71752;npp_d20250901_t1919044_e1920286_b71752;npp_d20250901_t1920298_e1921540_b71752,145.555,61.0705,45.7707,-80.4051,108.28,-117.245
230,VBD_npp_d20250901_t1918167_x1004045E_y092654N_l0339_s2989_v23,2025-09-01 21:28:11,9.265395,100.404495,16.5732,2025-09-01 19:18:16,2025-09-02 02:18:16,339,2989,0.299918,1,2401,0.685153,0.055,0.897007,0.4,0.948821,0.75,1.32816e-12,0.0001,8.32678e-188,999999,-1.694054e-01,3,Thailand Exclusive Economic Zone,,,SVDNB_npp_d20250901_t1917390_e1919032_b71752_c20250901204547765000_oeac_ops.h5,GDNBO_npp_d20250901_t1917390_e1919032_b71752_c20250901204324159000_oeac_ops.h5,SVI04_npp_d20250901_t1917390_e1919032_b71752_c20250901204601183000_oeac_ops.dspace_rad,,eez_v11.shp,WPP_BFAR_merge.shp,vbd_mpa_r20170830.shp,VNF-VBD_npp_20120301-20151231_global_asia-enhanced_c201607211230.bitmask,vbd_landsea_r20220824.mask,timezone.shp,VBD_platforms-recurring_2015_r20170330.shp,999999,VBD_bridges_c20160811.shp,14.355770;12.550855;10.047329;5.199992;7.537566;9.452507,80.383789;94.474220;108.227211;106.936050;93.332306;79.482437,npp_d20250901_t1916136_e1917378_b71752;npp_d20250901_t1917390_e1919032_b71752;npp_d20250901_t1919044_e1920286_b71752;npp_d20250901_t1920298_e1921540_b71752,145.493,60.9765,45.801,-80.2645,108.339,-117.22
231,VBD_npp_d20250901_t1918202_x1003618E_y090638N_l0370_s2990_v23,2025-09-01 21:28:11,9.063753,100.361794,5.94148,2025-09-01 19:18:20,2025-09-02 02:18:20,370,2990,0.210577,1,2401,0.362698,0.055,0.819799,0.4,0.780654,0.75,1.41512e-12,0.0001,1.15948e-186,999999,-1.066120e-03,3,Thailand Exclusive Economic Zone,,,SVDNB_npp_d20250901_t1917390_e1919032_b71752_c20250901204547765000_oeac_ops.h5,GDNBO_npp_d20250901_t1917390_e1919032_b71752_c20250901204324159000_oeac_ops.h5,SVI04_npp_d20250901_t1917390_e1919032_b71752_c20250901204601183000_oeac_ops.dspace_rad,,eez_v11.shp,WPP_BFAR_merge.shp,vbd_mpa_r20170830.shp,VNF-VBD_npp_20120301-20151231_global_asia-enhanced_c201607211230.bitmask,vbd_landsea_r20220824.mask,timezone.shp,VBD_platforms-recurring_2015_r20170330.shp,999999,VBD_bridges_c20160811.shp,14.355770;12.550855;10.047329;5.199992;7.537566;9.452507,80.383789;94.474220;108.227211;106.936050;93.332306;79.482437,npp_d20250901_t1916136_e1917378_b71752;npp_d20250901_t1917390_e1919032_b71752;npp_d20250901_t1919044_e1920286_b71752;npp_d20250901_t1920298_e1921540_b71752,145.615,61.2101,45.8389,-80.3536,108.223,-117.276
232,VBD_npp_d20250901_t1918167_x1004133E_y092357N_l0343_s2991_v23,2025-09-01 21:28:11,9.235716,100.413292,17.8506,2025-09-01 19:18:16,2025-09-02 02:18:16,343,2991,0.26044,1,2401,0.728602,0.055,0.881321,0.4,0.904518,0.75,1.32788e-12,0.0001,1.87101e-188,999999,-7.887988e-02,3,Thailand Exclusive Economic Zone,,,SVDNB_npp_d20250901_t1917390_e1919032_b71752_c20250901204547765000_oeac_ops.h5,GDNBO_npp_d20250901_t1917390_e1919032_b71752_c20250901204324159000_oeac_ops.h5,SVI04_npp_d20250901_t1917390_e1919032_b71752_c20250901204601183000_oeac_ops.dspace_rad,,eez_v11.shp,WPP_BFAR_merge.shp,vbd_mpa_r20170830.shp,VNF-VBD_npp_20120301-20151231_global_asia-enhanced_c201607211230.bitmask,vbd_landsea_r20220824.mask,timezone.shp,VBD_platforms-recurring_2015_r20170330.shp,999999,VBD_bridges_c20160811.shp,14.355770;12.550855;10.047329;5.199992;7.537566;9.452507,80.383789;94.474220;108.227211;106.936050;93.332306;79.482437,npp_d20250901_t1916136_e1917378_b71752;npp_d20250901_t1917390_e1919032_b71752;npp_d20250901_t1919044_e1920286_b71752;npp_d20250901_t1920298_e1921540_b71752,145.5,61.0218,45.8684,-80.0184,108.334,-117.228
233,VBD_npp_d20250901_t1918184_x1004150E_y091629N_l0354_s2994_v23,2025-09-01 21:28:11,9.162875,100.415024,5.49054,2025-09-01 19:18:18,2025-09-02 02:18:18,354,2994,0.187033,1,2401,0.33343,0.055,0.823658,0.4,0.821514,0.75,1.34178e-12,0.0001,5.30978e-190,999999,-1.432684e-01,3,Thailand Exclusive Economic Zone,,,SVDNB_npp_d20250901_t1917390_e1919032_b71752_c20250901204547765000_oeac_ops.h5,GDNBO_npp_d20250901_t1917390_e1919032_b71752_c20250901204324159000_oeac_ops.h5,SVI04_npp_d20250901_t1917390_e1919032_b71752_c20250901204601183000_oeac_ops.dspace_rad,,eez_v11.shp,WPP_BFAR_merge.shp,vbd_mpa_r20170830.shp,VNF-VBD_npp_20120301-20151231_global_asia-enhanced_c201607211230.bitmask,vbd_landsea_r20220824.mask,timezone.shp,VBD_platforms-recurring_2015_r20170330.shp,999999,VBD_bridges_c20160811.shp,14.355770;12.550855;10.047329;5.199992;7.537566;9.452507,80.383789;94.474220;108.227211;106.936050;93.332306;79.482437,npp_d20250901_t1916136_e1917378_b71752;npp_d20250901_t1917390_e1919032_b71752;npp_d20250901_t1919044_e1920286_b71752;npp_d20250901_t1920298_e1921540_b71752,145.528,61.1225,45.9748,-80.3365,108.308,-117.248
234,VBD_npp_d20250901_t1918184_x1004084E_y090865N_l0365_s2995_v23,2025-09-01 21:28:11,9.086469,100.408371,10.4848,2025-09-01 19:18:18,2025-09-02 02:18:18,365,2995,0.172166,1,2401,0.527455,0.055,0.846816,0.4,0.90367,0.75,1.36772e-12,0.0001,3.93001e-189,999999,3.228802e-02,3,Thailand Exclusive Economic Zone,,,SVDNB_npp_d20250901_t1917390_e1919032_b71752_c20250901204547765000_oeac_ops.h5,GDNBO_npp_d20250901_t1917390_e1919032_b71752_c20250901204324159000_oeac_ops.h5,SVI04_npp_d20250901_t1917390_e1919032_b71752_c20250901204601183000_oeac_ops.dspace_rad,,eez_v11.shp,WPP_BFAR_merge.shp,vbd_mpa_r20170830.shp,VNF-VBD_npp_20120301-20151231_global_asia-enhanced_c201607211230.bitmask,vbd_landsea_r20220824.mask,timezone.shp,VBD_platforms-recurring_2015_r20170330.shp,999999,VBD_bridges_c20160811.shp,14.355770;12.550855;10.047329;5.199992;7.537566;9.452507,80.383789;94.474220;108.227211;106.936050;93.332306;79.482437,npp_d20250901_t1916136_e1917378_b71752;npp_d20250901_t1917390_e1919032_b71752;npp_d20250901_t1919044_e1920286_b71752;npp_d20250901_t1920298_e1921540_b71752,145.57,61.2144,46.0079,-79.6668,108.268,-117.269
235,VBD_npp_d20250901_t1918184_x1004047E_y090660N_l0368_s2995_v23,2025-09-01 21:28:11,9.065953,100.404686,8.97822,2025-09-01 19:18:18,2025-09-02 02:18:18,368,2995,0.198841,1,2401,0.458145,0.055,0.849037,0.4,0.887122,0.75,1.37651e-12,0.0001,9.62015e-189,999999,-2.125237e-01,3,Thailand Exclusive Economic Zone,,,SVDNB_npp_d20250901_t1917390_e1919032_b71752_c20250901204547765000_oeac_ops.h5,GDNBO_npp_d20250901_t1917390_e1919032_b71752_c20250901204324159000_oeac_ops.h5,SVI04_npp_d20250901_t1917390_e1919032_b71752_c20250901204601183000_oeac_ops.dspace_rad,,eez_v11.shp,WPP_BFAR_merge.shp,vbd_mpa_r20170830.shp,VNF-VBD_npp_20120301-20151231_global_asia-enhanced_c201607211230.bitmask,vbd_landsea_r20220824.mask,timezone.shp,VBD_platforms-recurring_2015_r20170330.shp,999999,VBD_bridges_c20160811.shp,14.355770;12.550855;10.047329;5.199992;7.537566;9.452507,80.383789;94.474220;108.227211;106.936050;93.332306;79.482437,npp_d20250901_t1916136_e1917378_b71752;npp_d20250901_t1917390_e1919032_b71752;npp_d20250901_t1919044_e1920286_b71752;npp_d20250901_t1920298_e1921540_b71752,145.583,61.2375,46.0085,-79.4845,108.255,-117.275
236,VBD_npp_d20250901_t1918202_x1004043E_y090634N_l0369_s2996_v23,2025-09-01 21:28:11,9.063447,100.404320,1.77769,2025-09-01 19:18:20,2025-09-02 02:18:20,369,2996,0.206238,2,2337,0.0962764,0.055,0.849037,0.4,0.572928,0.75,1.37291e-12,0.0001,2.34705e-190,999999,-5.335667e-02,3,Thailand Exclusive Economic Zone,,,SVDNB_npp_d20250901_t1917390_e1919032_b71752_c20250901204547765000_oeac_ops.h5,GDNBO_npp_d20250901_t1917390_e1919032_b71752_c20250901204324159000_oeac_ops.h5,SVI04_npp_d20250901_t1917390_e1919032_b71752_c20250901204601183000_oeac_ops.dspace_rad,,eez_v11.shp,WPP_BFAR_merge.shp,vbd_mpa_r20170830.shp,VNF-VBD_npp_20120301-20151231_global_asia-enhanced_c201607211230.bitmask,vbd_landsea_r20220824.mask,timezone.shp,VBD_platforms-recurring_2015_r20170330.shp,999999,VBD_bridges_c20160811.shp,14.355770;12.550855;10.047329;5.199992;7.537566;9.452507,80.383789;94.474220;108.227211;106.936050;93.332306;79.482437,npp_d20250901_t1916136_e1917378_b71752;npp_d20250901_t1917390_e1919032_b71752;npp_d20250901_t1919044_e1920286_b71752;npp_d20250901_t1920298_e1921540_b71752,145.578,61.2467,46.0435,-80.4068,108.26,-117.276
237,VBD_npp_d20250901_t1918184_x1004357E_y091593N_l0354_s2997_v23,2025-09-01 21:28:11,9.159285,100.435738,1.97343,2025-09-01 19:18:18,2025-09-02 02:18:18,354,2997,0.176221,2,2337,0.103517,0.055,0.774461,0.4,0.634264,0.75,1.3228e-12,0.0001,8.12674e-192,999999,1.453512e-01,3,Thailand Exclusive Economic Zone,,,SVDNB_npp_d20250901_t1917390_e1919032_b71752_c20250901204547765000_oeac_ops.h5,GDNBO_npp_d20250901_t1917390_e1919032_b71752_c20250901204324159000_oeac_ops.h5,SVI04_npp_d20250901_t1917390_e1919032_b71752_c20250901204601183000_oeac_ops.dspace_rad,,eez_v11.shp,WPP_BFAR_merge.shp,vbd_mpa_r20170830.shp,VNF-VBD_npp_20120301-20151231_global_asia-enhanced_c201607211230.bitmask,vbd_landsea_r20220824.mask,timezone.shp,VBD_platforms-recurring_2015_r20170330.shp,999999,VBD_bridges_c20160811.shp,14.355770;12.550855;10.047329;5.199992;7.537566;9.452507,80.383789;94.474220;108.227211;106.936050;93.332306;79.482437,npp_d20250901_t1916136_e1917378_b71752;npp_d20250901_t1917390_e1919032_b71752;npp_d20250901_t1919044_e1920286_b71752;npp_d20250901_t1920298_e1921540_b71752,145.511,61.1447,46.0771,-80.3326,108.325,-117.249
238,VBD_npp_d20250901_t1918078_x1006700E_y097653N_l0258_s3009_v23,2025-09-01 21:28:11,9.765328,100.669991,14.2569,2025-09-01 19:18:07,2025-09-02 02:18:07,258,3009,0.29252,1,2401,0.640165,0.055,0.857048,0.4,0.924023,0.75,9.45461e-13,0.0001,2.25473e-205,999999,-3.803482e-02,3,Thailand Exclusive Economic Zone,,,SVDNB_npp_d20250901_t1917390_e1919032_b71752_c20250901204547765000_oeac_ops.h5,GDNBO_npp_d20250901_t1917390_e1919032_b71752_c20250901204324159000_oeac_ops.h5,SVI04_npp_d20250901_t1917390_e1919032_b71752_c20250901204601183000_oeac_ops.dspace_rad,,eez_v11.shp,WPP_BFAR_merge.shp,vbd_mpa_r20170830.shp,VNF-VBD_npp_20120301-20151231_global_asia-enhanced_c201607211230.bitmask,vbd_landsea_r20220824.mask,timezone.shp,VBD_platforms-recurring_2015_r20170330.shp,999999,VBD_bridges_c20160811.shp,14.355770;12.550855;10.047329;5.199992;7.537566;9.452507,80.383789;94.474220;108.227211;106.936050;93.332306;79.482437,npp_d20250901_t1916136_e1917378_b71752;npp_d20250901_t1917390_e1919032_b71752;npp_d20250901_t1919044_e1920286_b71752;npp_d20250901_t1920298_e1921540_b71752,145.053,60.5436,46.4656,-80.2152,108.767,-117.073
239,VBD_npp_d20250901_t1918095_x1007875E_y096155N_l0277_s3031_v23,2025-09-01 21:28:11,9.615522,100.787521,1.95569,2025-09-01 19:18:09,2025-09-02 02:18:09,277,3031,0.213636,2,2337,0.129709,0.055,0.73319,0.4,0.73282,0.75,9.072e-13,0.0001,1.64368e-218,999999,9.577098e-03,3,Thailand Exclusive Economic Zone,,,SVDNB_npp_d20250901_t1917390_e1919032_b71752_c20250901204547765000_oeac_ops.h5,GDNBO_npp_d20250901_t1917390_e1919032_b71752_c20250901204324159000_oeac_ops.h5,SVI04_npp_d20250901_t1917390_e1919032_b71752_c20250901204601183000_oeac_ops.dspace_rad,,eez_v11.shp,WPP_BFAR_merge.shp,vbd_mpa_r20170830.shp,VNF-VBD_npp_20120301-20151231_global_asia-enhanced_c201607211230.bitmask,vbd_landsea_r20220824.mask,timezone.shp,VBD_platforms-recurring_2015_r20170330.shp,999999,VBD_bridges_c20160811.shp,14.355770;12.550855;10.047329;5.199992;7.537566;9.452507,80.383789;94.474220;108.227211;106.936050;93.332306;79.482437,npp_d20250901_t1916136_e1917378_b71752;npp_d20250901_t1917390_e1919032_b71752;npp_d20250901_t1919044_e1920286_b71752;npp_d20250901_t1920298_e1921540_b71752,145.019,60.8377,47.1762,-80.0264,108.808,-117.113
240,VBD_npp_d20250901_t1918095_x1008011E_y096131N_l0277_s3033_v23,2025-09-01 21:28:11,9.613128,100.801079,3.15202,2025-09-01 19:18:09,2025-09-02 02:18:09,277,3033,0.251335,2,2337,0.203538,0.055,0.73319,0.4,0.731452,0.75,8.96844e-13,0.0001,6.31083e-220,999999,-2.378424e-02,3,Thailand Exclusive Economic Zone,,,SVDNB_npp_d20250901_t1917390_e1919032_b71752_c20250901204547765000_oeac_ops.h5,GDNBO_npp_d20250901_t1917390_e1919032_b71752_c20250901204324159000_oeac_ops.h5,SVI04_npp_d20250901_t1917390_e1919032_b71752_c20250901204601183000_oeac_ops.dspace_rad,,eez_v11.shp,WPP_BFAR_merge.shp,vbd_mpa_r20170830.shp,VNF-VBD_npp_20120301-20151231_global_asia-enhanced_c201607211230.bitmask,vbd_landsea_r20220824.mask,timezone.shp,VBD_platforms-recurring_2015_r20170330.shp,999999,VBD_bridges_c20160811.shp,14.355770;12.550855;10.047329;5.199992;7.537566;9.452507,80.383789;94.474220;108.227211;106.936050;93.332306;79.482437,npp_d20250901_t1916136_e1917378_b71752;npp_d20250901_t1917390_e1919032_b71752;npp_d20250901_t1919044_e1920286_b71752;npp_d20250901_t1920298_e1921540_b71752,145.008,60.8523,47.2411,-80.024,108.819,-117.113
241,VBD_npp_d20250901_t1918362_x1004159E_y080188N_l0523_s3034_v23,2025-09-01 21:28:11,8.018782,100.415901,2.45691,2025-09-01 19:18:36,2025-09-02 02:18:36,523,3034,0.114266,10,2305,0.076048,0.055,0.237936,0.4,0.481263,0.75,2.26528e-12,0.0001,1.31997e-202,999999,3.055408e-01,3,Thailand Exclusive Economic Zone,,,SVDNB_npp_d20250901_t1917390_e1919032_b71752_c20250901204547765000_oeac_ops.h5,GDNBO_npp_d20250901_t1917390_e1919032_b71752_c20250901204324159000_oeac_ops.h5,SVI04_npp_d20250901_t1917390_e1919032_b71752_c20250901204601183000_oeac_ops.dspace_rad,,eez_v11.shp,WPP_BFAR_merge.shp,vbd_mpa_r20170830.shp,VNF-VBD_npp_20120301-20151231_global_asia-enhanced_c201607211230.bitmask,vbd_landsea_r20220824.mask,timezone.shp,VBD_platforms-recurring_2015_r20170330.shp,999999,VBD_bridges_c20160811.shp,14.355770;12.550855;10.047329;5.199992;7.537566;9.452507,80.383789;94.474220;108.227211;106.936050;93.332306;79.482437,npp_d20250901_t1916136_e1917378_b71752;npp_d20250901_t1917390_e1919032_b71752;npp_d20250901_t1919044_e1920286_b71752;npp_d20250901_t1920298_e1921540_b71752,146.001,62.6682,47.2788,-79.9072,107.847,-117.562
242,VBD_npp_d20250901_t1918309_x1004932E_y082942N_l0480_s3035_v23,2025-09-01 21:28:11,8.294169,100.493202,2.00187,2025-09-01 19:18:30,2025-09-02 02:18:30,480,3035,0.220749,7,2337,0.0907807,0.055,0.850967,0.4,0.493086,0.75,1.7997e-12,0.0001,7.75683e-206,999999,2.025785e-01,3,,,,SVDNB_npp_d20250901_t1917390_e1919032_b71752_c20250901204547765000_oeac_ops.h5,GDNBO_npp_d20250901_t1917390_e1919032_b71752_c20250901204324159000_oeac_ops.h5,SVI04_npp_d20250901_t1917390_e1919032_b71752_c20250901204601183000_oeac_ops.dspace_rad,,eez_v11.shp,WPP_BFAR_merge.shp,vbd_mpa_r20170830.shp,VNF-VBD_npp_20120301-20151231_global_asia-enhanced_c201607211230.bitmask,vbd_landsea_r20220824.mask,timezone.shp,VBD_platforms-recurring_2015_r20170330.shp,999999,VBD_bridges_c20160811.shp,14.355770;12.550855;10.047329;5.199992;7.537566;9.452507,80.383789;94.474220;108.227211;106.936050;93.332306;79.482437,npp_d20250901_t1916136_e1917378_b71752;npp_d20250901_t1917390_e1919032_b71752;npp_d20250901_t1919044_e1920286_b71752;npp_d20250901_t1920298_e1921540_b71752,145.826,62.3522,47.3121,-79.5711,108.023,-117.487
243,VBD_npp_d20250901_t1918327_x1004919E_y082912N_l0481_s3036_v23,2025-09-01 21:28:11,8.291183,100.491867,18.5966,2025-09-01 19:18:32,2025-09-02 02:18:32,481,3036,0.240523,1,2401,0.700322,0.055,0.850967,0.4,0.929393,0.75,1.79591e-12,0.0001,1.8011e-207,999999,2.168459e-01,3,Thailand Exclusive Economic Zone,,,SVDNB_npp_d20250901_t1917390_e1919032_b71752_c20250901204547765000_oeac_ops.h5,GDNBO_npp_d20250901_t1917390_e1919032_b71752_c20250901204324159000_oeac_ops.h5,SVI04_npp_d20250901_t1917390_e1919032_b71752_c20250901204601183000_oeac_ops.dspace_rad,,eez_v11.shp,WPP_BFAR_merge.shp,vbd_mpa_r20170830.shp,VNF-VBD_npp_20120301-20151231_global_asia-enhanced_c201607211230.bitmask,vbd_landsea_r20220824.mask,timezone.shp,VBD_platforms-recurring_2015_r20170330.shp,999999,VBD_bridges_c20160811.shp,14.355770;12.550855;10.047329;5.199992;7.537566;9.452507,80.383789;94.474220;108.227211;106.936050;93.332306;79.482437,npp_d20250901_t1916136_e1917378_b71752;npp_d20250901_t1917390_e1919032_b71752;npp_d20250901_t1919044_e1920286_b71752;npp_d20250901_t1920298_e1921540_b71752,145.822,62.3611,47.3419,-80.4515,108.027,-117.488
244,VBD_npp_d20250901_t1918238_x1006470E_y087270N_l0412_s3042_v23,2025-09-01 21:28:11,8.727020,100.647003,2.61947,2025-09-01 19:18:23,2025-09-02 02:18:23,412,3042,0.0903658,2,2337,0.123154,0.055,0.592795,0.4,0.600668,0.75,1.28423e-12,0.0001,1.41814e-215,999999,5.063346e-02,3,Thailand Exclusive Economic Zone,,,SVDNB_npp_d20250901_t1917390_e1919032_b71752_c20250901204547765000_oeac_ops.h5,GDNBO_npp_d20250901_t1917390_e1919032_b71752_c20250901204324159000_oeac_ops.h5,SVI04_npp_d20250901_t1917390_e1919032_b71752_c20250901204601183000_oeac_ops.dspace_rad,,eez_v11.shp,WPP_BFAR_merge.shp,vbd_mpa_r20170830.shp,VNF-VBD_npp_20120301-20151231_global_asia-enhanced_c201607211230.bitmask,vbd_landsea_r20220824.mask,timezone.shp,VBD_platforms-recurring_2015_r20170330.shp,999999,VBD_bridges_c20160811.shp,14.355770;12.550855;10.047329;5.199992;7.537566;9.452507,80.383789;94.474220;108.227211;106.936050;93.332306;79.482437,npp_d20250901_t1916136_e1917378_b71752;npp_d20250901_t1917390_e1919032_b71752;npp_d20250901_t1919044_e1920286_b71752;npp_d20250901_t1920298_e1921540_b71752,145.515,61.8943,47.533,-79.7352,108.331,-117.366
245,VBD_npp_d20250901_t1918238_x1006490E_y086987N_l0416_s3043_v23,2025-09-01 21:28:11,8.698688,100.648979,4.65006,2025-09-01 19:18:23,2025-09-02 02:18:23,416,3043,0.100395,1,2401,0.263766,0.055,0.630772,0.4,0.820527,0.75,1.30223e-12,0.0001,1.12766e-215,999999,-8.405842e-02,3,Thailand Exclusive Economic Zone,,,SVDNB_npp_d20250901_t1917390_e1919032_b71752_c20250901204547765000_oeac_ops.h5,GDNBO_npp_d20250901_t1917390_e1919032_b71752_c20250901204324159000_oeac_ops.h5,SVI04_npp_d20250901_t1917390_e1919032_b71752_c20250901204601183000_oeac_ops.dspace_rad,,eez_v11.shp,WPP_BFAR_merge.shp,vbd_mpa_r20170830.shp,VNF-VBD_npp_20120301-20151231_global_asia-enhanced_c201607211230.bitmask,vbd_landsea_r20220824.mask,timezone.shp,VBD_platforms-recurring_2015_r20170330.shp,999999,VBD_bridges_c20160811.shp,14.355770;12.550855;10.047329;5.199992;7.537566;9.452507,80.383789;94.474220;108.227211;106.936050;93.332306;79.482437,npp_d20250901_t1916136_e1917378_b71752;npp_d20250901_t1917390_e1919032_b71752;npp_d20250901_t1919044_e1920286_b71752;npp_d20250901_t1920298_e1921540_b71752,145.526,61.9323,47.5661,-79.5049,108.319,-117.374
246,VBD_npp_d20250901_t1918309_x1005621E_y083658N_l0468_s3043_v23,2025-09-01 21:28:11,8.365757,100.562141,1.49024,2025-09-01 19:18:30,2025-09-02 02:18:30,468,3043,0.107224,8,18721,0.0660292,0.055,0.476667,0.4,0.550282,0.75,1.63799e-12,0.0001,6.85286e-213,999999,-1.548287e-01,3,Thailand Exclusive Economic Zone,,,SVDNB_npp_d20250901_t1917390_e1919032_b71752_c20250901204547765000_oeac_ops.h5,GDNBO_npp_d20250901_t1917390_e1919032_b71752_c20250901204324159000_oeac_ops.h5,SVI04_npp_d20250901_t1917390_e1919032_b71752_c20250901204601183000_oeac_ops.dspace_rad,,eez_v11.shp,WPP_BFAR_merge.shp,vbd_mpa_r20170830.shp,VNF-VBD_npp_20120301-20151231_global_asia-enhanced_c201607211230.bitmask,vbd_landsea_r20220824.mask,timezone.shp,VBD_platforms-recurring_2015_r20170330.shp,0.10854,VBD_bridges_c20160811.shp,14.355770;12.550855;10.047329;5.199992;7.537566;9.452507,80.383789;94.474220;108.227211;106.936050;93.332306;79.482437,npp_d20250901_t1916136_e1917378_b71752;npp_d20250901_t1917390_e1919032_b71752;npp_d20250901_t1919044_e1920286_b71752;npp_d20250901_t1920298_e1921540_b71752,145.732,62.3155,47.5716,-80.2536,108.116,-117.467
247,VBD_npp_d20250901_t1918345_x1004962E_y080774N_l0512_s3043_v23,2025-09-01 21:28:11,8.077383,100.496155,3.65938,2025-09-01 19:18:34,2025-09-02 02:18:34,512,3043,0.179137,2,2337,0.203444,0.055,0.584827,0.4,0.703839,0.75,2.03539e-12,0.0001,8.56385e-209,999999,2.185729e-01,3,Thailand Exclusive Economic Zone,,,SVDNB_npp_d20250901_t1917390_e1919032_b71752_c20250901204547765000_oeac_ops.h5,GDNBO_npp_d20250901_t1917390_e1919032_b71752_c20250901204324159000_oeac_ops.h5,SVI04_npp_d20250901_t1917390_e1919032_b71752_c20250901204601183000_oeac_ops.dspace_rad,,eez_v11.shp,WPP_BFAR_merge.shp,vbd_mpa_r20170830.shp,VNF-VBD_npp_20120301-20151231_global_asia-enhanced_c201607211230.bitmask,vbd_landsea_r20220824.mask,timezone.shp,VBD_platforms-recurring_2015_r20170330.shp,999999,VBD_bridges_c20160811.shp,14.355770;12.550855;10.047329;5.199992;7.537566;9.452507,80.383789;94.474220;108.227211;106.936050;93.332306;79.482437,npp_d20250901_t1916136_e1917378_b71752;npp_d20250901_t1917390_e1919032_b71752;npp_d20250901_t1919044_e1920286_b71752;npp_d20250901_t1920298_e1921540_b71752,145.91,62.6504,47.57,-79.5954,107.938,-117.546
248,VBD_npp_d20250901_t1918327_x1005307E_y081936N_l0494_s3044_v23,2025-09-01 21:28:11,8.193631,100.530670,1.72895,2025-09-01 19:18:32,2025-09-02 02:18:32,494,3044,0.0590682,10,2305,0.0714821,0.055,0.362583,0.4,0.585339,0.75,1.842e-12,0.0001,7.22348e-211,999999,-9.934879e-02,3,Thailand Exclusive Economic Zone,,,SVDNB_npp_d20250901_t1917390_e1919032_b71752_c20250901204547765000_oeac_ops.h5,GDNBO_npp_d20250901_t1917390_e1919032_b71752_c20250901204324159000_oeac_ops.h5,SVI04_npp_d20250901_t1917390_e1919032_b71752_c20250901204601183000_oeac_ops.dspace_rad,,eez_v11.shp,WPP_BFAR_merge.shp,vbd_mpa_r20170830.shp,VNF-VBD_npp_20120301-20151231_global_asia-enhanced_c201607211230.bitmask,vbd_landsea_r20220824.mask,timezone.shp,VBD_platforms-recurring_2015_r20170330.shp,999999,VBD_bridges_c20160811.shp,14.355770;12.550855;10.047329;5.199992;7.537566;9.452507,80.383789;94.474220;108.227211;106.936050;93.332306;79.482437,npp_d20250901_t1916136_e1917378_b71752;npp_d20250901_t1917390_e1919032_b71752;npp_d20250901_t1919044_e1920286_b71752;npp_d20250901_t1920298_e1921540_b71752,145.833,62.5202,47.6006,-79.697,108.016,-117.514
249,VBD_npp_d20250901_t1918362_x1004960E_y080746N_l0513_s3044_v23,2025-09-01 21:28:11,8.074622,100.495995,2.66939,2025-09-01 19:18:36,2025-09-02 02:18:36,513,3044,0.19315,2,2337,0.143118,0.055,0.584827,0.4,0.627192,0.75,2.03294e-12,0.0001,1.45828e-210,999999,1.110212e-01,3,Thailand Exclusive Economic Zone,,,SVDNB_npp_d20250901_t1917390_e1919032_b71752_c20250901204547765000_oeac_ops.h5,GDNBO_npp_d20250901_t1917390_e1919032_b71752_c20250901204324159000_oeac_ops.h5,SVI04_npp_d20250901_t1917390_e1919032_b71752_c20250901204601183000_oeac_ops.dspace_rad,,eez_v11.shp,WPP_BFAR_merge.shp,vbd_mpa_r20170830.shp,VNF-VBD_npp_20120301-20151231_global_asia-enhanced_c201607211230.bitmask,vbd_landsea_r20220824.mask,timezone.shp,VBD_platforms-recurring_2015_r20170330.shp,999999,VBD_bridges_c20160811.shp,14.355770;12.550855;10.047329;5.199992;7.537566;9.452507,80.383789;94.474220;108.227211;106.936050;93.332306;79.482437,npp_d20250901_t1916136_e1917378_b71752;npp_d20250901_t1917390_e1919032_b71752;npp_d20250901_t1919044_e1920286_b71752;npp_d20250901_t1920298_e1921540_b71752,145.905,62.6599,47.6048,-80.4721,107.943,-117.547
250,VBD_npp_d20250901_t1918362_x1004980E_y080463N_l0517_s3045_v23,2025-09-01 21:28:11,8.046302,100.497993,2.78601,2025-09-01 19:18:36,2025-09-02 02:18:36,517,3045,0.111349,8,18721,0.129542,0.055,0.584058,0.4,0.659476,0.75,2.06033e-12,0.0001,1.24626e-210,999999,-2.178773e-01,3,Thailand Exclusive Economic Zone,,,SVDNB_npp_d20250901_t1917390_e1919032_b71752_c20250901204547765000_oeac_ops.h5,GDNBO_npp_d20250901_t1917390_e1919032_b71752_c20250901204324159000_oeac_ops.h5,SVI04_npp_d20250901_t1917390_e1919032_b71752_c20250901204601183000_oeac_ops.dspace_rad,,eez_v11.shp,WPP_BFAR_merge.shp,vbd_mpa_r20170830.shp,VNF-VBD_npp_20120301-20151231_global_asia-enhanced_c201607211230.bitmask,vbd_landsea_r20220824.mask,timezone.shp,VBD_platforms-recurring_2015_r20170330.shp,0.901966,VBD_bridges_c20160811.shp,14.355770;12.550855;10.047329;5.199992;7.537566;9.452507,80.383789;94.474220;108.227211;106.936050;93.332306;79.482437,npp_d20250901_t1916136_e1917378_b71752;npp_d20250901_t1917390_e1919032_b71752;npp_d20250901_t1919044_e1920286_b71752;npp_d20250901_t1920298_e1921540_b71752,145.916,62.6987,47.6363,-80.2418,107.932,-117.555
251,VBD_npp_d20250901_t1918309_x1006033E_y083586N_l0468_s3049_v23,2025-09-01 21:28:11,8.358602,100.603333,2.61628,2025-09-01 19:18:30,2025-09-02 02:18:30,468,3049,0.0919307,2,2337,0.152061,0.055,0.507526,0.4,0.715619,0.75,1.57767e-12,0.0001,4.87503e-217,999999,-6.221456e-02,3,Thailand Exclusive Economic Zone,,,SVDNB_npp_d20250901_t1917390_e1919032_b71752_c20250901204547765000_oeac_ops.h5,GDNBO_npp_d20250901_t1917390_e1919032_b71752_c20250901204324159000_oeac_ops.h5,SVI04_npp_d20250901_t1917390_e1919032_b71752_c20250901204601183000_oeac_ops.dspace_rad,,eez_v11.shp,WPP_BFAR_merge.shp,vbd_mpa_r20170830.shp,VNF-VBD_npp_20120301-20151231_global_asia-enhanced_c201607211230.bitmask,vbd_landsea_r20220824.mask,timezone.shp,VBD_platforms-recurring_2015_r20170330.shp,999999,VBD_bridges_c20160811.shp,14.355770;12.550855;10.047329;5.199992;7.537566;9.452507,80.383789;94.474220;108.227211;106.936050;93.332306;79.482437,npp_d20250901_t1916136_e1917378_b71752;npp_d20250901_t1917390_e1919032_b71752;npp_d20250901_t1919044_e1920286_b71752;npp_d20250901_t1920298_e1921540_b71752,145.699,62.3585,47.7668,-80.247,108.149,-117.469
252,VBD_npp_d20250901_t1918060_x1009881E_y098173N_l0242_s3052_v23,2025-09-01 21:28:11,9.817261,100.988091,26.0253,2025-09-01 19:18:06,2025-09-02 02:18:06,242,3052,0.32332,1,2401,0.777539,0.055,0.815069,0.4,0.913987,0.75,6.89527e-13,0.0001,1.96815e-237,999999,3.534130e-01,3,Thailand Exclusive Economic Zone,,,SVDNB_npp_d20250901_t1917390_e1919032_b71752_c20250901204547765000_oeac_ops.h5,GDNBO_npp_d20250901_t1917390_e1919032_b71752_c20250901204324159000_oeac_ops.h5,SVI04_npp_d20250901_t1917390_e1919032_b71752_c20250901204601183000_oeac_ops.dspace_rad,,eez_v11.shp,WPP_BFAR_merge.shp,vbd_mpa_r20170830.shp,VNF-VBD_npp_20120301-20151231_global_asia-enhanced_c201607211230.bitmask,vbd_landsea_r20220824.mask,timezone.shp,VBD_platforms-recurring_2015_r20170330.shp,999999,VBD_bridges_c20160811.shp,14.355770;12.550855;10.047329;5.199992;7.537566;9.452507,80.383789;94.474220;108.227211;106.936050;93.332306;79.482437,npp_d20250901_t1916136_e1917378_b71752;npp_d20250901_t1917390_e1919032_b71752;npp_d20250901_t1919044_e1920286_b71752;npp_d20250901_t1920298_e1921540_b71752,144.76,60.7457,47.8633,-80.141,109.062,-117.05
253,VBD_npp_d20250901_t1918060_x1009925E_y098024N_l0244_s3053_v23,2025-09-01 21:28:11,9.802428,100.992516,28.0222,2025-09-01 19:18:06,2025-09-02 02:18:06,244,3053,0.292378,1,2401,0.644378,0.055,0.807593,0.4,0.891647,0.75,6.91241e-13,0.0001,6.91563e-238,999999,1.449683e-01,3,Thailand Exclusive Economic Zone,,,SVDNB_npp_d20250901_t1917390_e1919032_b71752_c20250901204547765000_oeac_ops.h5,GDNBO_npp_d20250901_t1917390_e1919032_b71752_c20250901204324159000_oeac_ops.h5,SVI04_npp_d20250901_t1917390_e1919032_b71752_c20250901204601183000_oeac_ops.dspace_rad,,eez_v11.shp,WPP_BFAR_merge.shp,vbd_mpa_r20170830.shp,VNF-VBD_npp_20120301-20151231_global_asia-enhanced_c201607211230.bitmask,vbd_landsea_r20220824.mask,timezone.shp,VBD_platforms-recurring_2015_r20170330.shp,999999,VBD_bridges_c20160811.shp,14.355770;12.550855;10.047329;5.199992;7.537566;9.452507,80.383789;94.474220;108.227211;106.936050;93.332306;79.482437,npp_d20250901_t1916136_e1917378_b71752;npp_d20250901_t1917390_e1919032_b71752;npp_d20250901_t1919044_e1920286_b71752;npp_d20250901_t1920298_e1921540_b71752,144.764,60.7678,47.8954,-80.0256,109.059,-117.054
254,VBD_npp_d20250901_t1918042_x1010106E_y098232N_l0240_s3054_v23,2025-09-01 21:28:11,9.823204,101.010590,10.6292,2025-09-01 19:18:04,2025-09-02 02:18:04,240,3054,0.220678,7,2337,0.359503,0.055,0.815069,0.4,0.594765,0.75,6.74444e-13,0.0001,5.07614e-238,999999,1.998577e-01,3,,,,SVDNB_npp_d20250901_t1917390_e1919032_b71752_c20250901204547765000_oeac_ops.h5,GDNBO_npp_d20250901_t1917390_e1919032_b71752_c20250901204324159000_oeac_ops.h5,SVI04_npp_d20250901_t1917390_e1919032_b71752_c20250901204601183000_oeac_ops.dspace_rad,,eez_v11.shp,WPP_BFAR_merge.shp,vbd_mpa_r20170830.shp,VNF-VBD_npp_20120301-20151231_global_asia-enhanced_c201607211230.bitmask,vbd_landsea_r20220824.mask,timezone.shp,VBD_platforms-recurring_2015_r20170330.shp,999999,VBD_bridges_c20160811.shp,14.355770;12.550855;10.047329;5.199992;7.537566;9.452507,80.383789;94.474220;108.227211;106.936050;93.332306;79.482437,npp_d20250901_t1916136_e1917378_b71752;npp_d20250901_t1917390_e1919032_b71752;npp_d20250901_t1919044_e1920286_b71752;npp_d20250901_t1920298_e1921540_b71752,144.744,60.7512,47.9279,-79.3274,109.078,-117.048
255,VBD_npp_d20250901_t1918060_x1010007E_y098080N_l0243_s3054_v23,2025-09-01 21:28:11,9.808008,101.000717,46.7461,2025-09-01 19:18:06,2025-09-02 02:18:06,243,3054,0.284909,1,2401,0.657078,0.055,0.807593,0.4,0.872632,0.75,6.83659e-13,0.0001,7.22703e-239,999999,-7.065675e-02,3,Thailand Exclusive Economic Zone,,,SVDNB_npp_d20250901_t1917390_e1919032_b71752_c20250901204547765000_oeac_ops.h5,GDNBO_npp_d20250901_t1917390_e1919032_b71752_c20250901204324159000_oeac_ops.h5,SVI04_npp_d20250901_t1917390_e1919032_b71752_c20250901204601183000_oeac_ops.dspace_rad,,eez_v11.shp,WPP_BFAR_merge.shp,vbd_mpa_r20170830.shp,VNF-VBD_npp_20120301-20151231_global_asia-enhanced_c201607211230.bitmask,vbd_landsea_r20220824.mask,timezone.shp,VBD_platforms-recurring_2015_r20170330.shp,999999,VBD_bridges_c20160811.shp,14.355770;12.550855;10.047329;5.199992;7.537566;9.452507,80.383789;94.474220;108.227211;106.936050;93.332306;79.482437,npp_d20250901_t1916136_e1917378_b71752;npp_d20250901_t1917390_e1919032_b71752;npp_d20250901_t1919044_e1920286_b71752;npp_d20250901_t1920298_e1921540_b71752,144.754,60.7678,47.9282,-80.0814,109.069,-117.053
256,VBD_npp_d20250901_t1918060_x1010102E_y098204N_l0241_s3055_v23,2025-09-01 21:28:11,9.820406,101.010185,15.2184,2025-09-01 19:18:06,2025-09-02 02:18:06,241,3055,0.224234,1,2401,0.451388,0.055,0.79867,0.4,0.793316,0.75,6.73065e-13,0.0001,4.94908e-240,999999,2.199353e-02,3,Thailand Exclusive Economic Zone,,,SVDNB_npp_d20250901_t1917390_e1919032_b71752_c20250901204547765000_oeac_ops.h5,GDNBO_npp_d20250901_t1917390_e1919032_b71752_c20250901204324159000_oeac_ops.h5,SVI04_npp_d20250901_t1917390_e1919032_b71752_c20250901204601183000_oeac_ops.dspace_rad,,eez_v11.shp,WPP_BFAR_merge.shp,vbd_mpa_r20170830.shp,VNF-VBD_npp_20120301-20151231_global_asia-enhanced_c201607211230.bitmask,vbd_landsea_r20220824.mask,timezone.shp,VBD_platforms-recurring_2015_r20170330.shp,999999,VBD_bridges_c20160811.shp,14.355770;12.550855;10.047329;5.199992;7.537566;9.452507,80.383789;94.474220;108.227211;106.936050;93.332306;79.482437,npp_d20250901_t1916136_e1917378_b71752;npp_d20250901_t1917390_e1919032_b71752;npp_d20250901_t1919044_e1920286_b71752;npp_d20250901_t1920298_e1921540_b71752,144.74,60.7606,47.9613,-80.1939,109.083,-117.049
257,VBD_npp_d20250901_t1918060_x1010064E_y098000N_l0244_s3055_v23,2025-09-01 21:28:11,9.799968,101.006416,32.7577,2025-09-01 19:18:06,2025-09-02 02:18:06,244,3055,0.307671,7,2337,0.448216,0.055,0.790863,0.4,0.731086,0.75,6.8222e-13,0.0001,1.67343e-239,999999,-2.324968e-01,3,,,,SVDNB_npp_d20250901_t1917390_e1919032_b71752_c20250901204547765000_oeac_ops.h5,GDNBO_npp_d20250901_t1917390_e1919032_b71752_c20250901204324159000_oeac_ops.h5,SVI04_npp_d20250901_t1917390_e1919032_b71752_c20250901204601183000_oeac_ops.dspace_rad,,eez_v11.shp,WPP_BFAR_merge.shp,vbd_mpa_r20170830.shp,VNF-VBD_npp_20120301-20151231_global_asia-enhanced_c201607211230.bitmask,vbd_landsea_r20220824.mask,timezone.shp,VBD_platforms-recurring_2015_r20170330.shp,999999,VBD_bridges_c20160811.shp,14.355770;12.550855;10.047329;5.199992;7.537566;9.452507,80.383789;94.474220;108.227211;106.936050;93.332306;79.482437,npp_d20250901_t1916136_e1917378_b71752;npp_d20250901_t1917390_e1919032_b71752;npp_d20250901_t1919044_e1920286_b71752;npp_d20250901_t1920298_e1921540_b71752,144.753,60.7826,47.9605,-80.0231,109.07,-117.055
258,VBD_npp_d20250901_t1917553_x1012005E_y104059N_l0149_s3061_v23,2025-09-01 21:28:11,10.405909,101.200539,1.5969,2025-09-01 19:17:55,2025-09-02 02:17:55,149,3061,0.118676,8,18689,0.0632259,0.055,0.245106,0.4,0.597011,0.75,4.23085e-13,0.0001,1.64354e-252,999999,3.581297e-01,3,Thailand Exclusive Economic Zone,,,SVDNB_npp_d20250901_t1917390_e1919032_b71752_c20250901204547765000_oeac_ops.h5,GDNBO_npp_d20250901_t1917390_e1919032_b71752_c20250901204324159000_oeac_ops.h5,SVI04_npp_d20250901_t1917390_e1919032_b71752_c20250901204601183000_oeac_ops.dspace_rad,,eez_v11.shp,WPP_BFAR_merge.shp,vbd_mpa_r20170830.shp,VNF-VBD_npp_20120301-20151231_global_asia-enhanced_c201607211230.bitmask,vbd_landsea_r20220824.mask,timezone.shp,VBD_platforms-recurring_2015_r20170330.shp,0.275943,VBD_bridges_c20160811.shp,14.355770;12.550855;10.047329;5.199992;7.537566;9.452507,80.383789;94.474220;108.227211;106.936050;93.332306;79.482437,npp_d20250901_t1916136_e1917378_b71752;npp_d20250901_t1917390_e1919032_b71752;npp_d20250901_t1919044_e1920286_b71752;npp_d20250901_t1920298_e1921540_b71752,144.326,60.1705,48.1391,-79.8563,109.475,-116.871
259,VBD_npp_d20250901_t1917535_x1012818E_y105203N_l0130_s3069_v23,2025-09-01 21:28:11,10.520317,101.281769,4.36674,2025-09-01 19:17:53,2025-09-02 02:17:53,130,3069,0.0701646,4,35109,0.231792,0.055,0.542648,0.4,0.700283,0.75,3.66099e-13,0.0001,3.76225e-261,999999,1.988519e-01,3,Thailand Exclusive Economic Zone,,,SVDNB_npp_d20250901_t1917390_e1919032_b71752_c20250901204547765000_oeac_ops.h5,GDNBO_npp_d20250901_t1917390_e1919032_b71752_c20250901204324159000_oeac_ops.h5,SVI04_npp_d20250901_t1917390_e1919032_b71752_c20250901204601183000_oeac_ops.dspace_rad,,eez_v11.shp,WPP_BFAR_merge.shp,vbd_mpa_r20170830.shp,VNF-VBD_npp_20120301-20151231_global_asia-enhanced_c201607211230.bitmask,vbd_landsea_r20220824.mask,timezone.shp,VBD_platforms-recurring_2015_r20170330.shp,999999,VBD_bridges_c20160811.shp,14.355770;12.550855;10.047329;5.199992;7.537566;9.452507,80.383789;94.474220;108.227211;106.936050;93.332306;79.482437,npp_d20250901_t1916136_e1917378_b71752;npp_d20250901_t1917390_e1919032_b71752;npp_d20250901_t1919044_e1920286_b71752;npp_d20250901_t1920298_e1921540_b71752,144.206,60.0962,48.3769,-79.9971,109.592,-116.834
260,VBD_npp_d20250901_t1918024_x1011540E_y099133N_l0223_s3072_v23,2025-09-01 21:28:11,9.913347,101.153954,39.4443,2025-09-01 19:18:02,2025-09-02 02:18:02,223,3072,0.385346,1,2401,0.972243,0.055,0.898779,0.4,0.895196,0.75,5.48684e-13,0.0001,1.19142e-253,999999,3.650640e-02,3,Thailand Exclusive Economic Zone,,,SVDNB_npp_d20250901_t1917390_e1919032_b71752_c20250901204547765000_oeac_ops.h5,GDNBO_npp_d20250901_t1917390_e1919032_b71752_c20250901204324159000_oeac_ops.h5,SVI04_npp_d20250901_t1917390_e1919032_b71752_c20250901204601183000_oeac_ops.dspace_rad,,eez_v11.shp,WPP_BFAR_merge.shp,vbd_mpa_r20170830.shp,VNF-VBD_npp_20120301-20151231_global_asia-enhanced_c201607211230.bitmask,vbd_landsea_r20220824.mask,timezone.shp,VBD_platforms-recurring_2015_r20170330.shp,999999,VBD_bridges_c20160811.shp,14.355770;12.550855;10.047329;5.199992;7.537566;9.452507,80.383789;94.474220;108.227211;106.936050;93.332306;79.482437,npp_d20250901_t1916136_e1917378_b71752;npp_d20250901_t1917390_e1919032_b71752;npp_d20250901_t1919044_e1920286_b71752;npp_d20250901_t1920298_e1921540_b71752,144.584,60.7558,48.467,-79.3615,109.238,-117.018
261,VBD_npp_d20250901_t1918042_x1011356E_y098501N_l0233_s3072_v23,2025-09-01 21:28:11,9.850069,101.135635,49.7534,2025-09-01 19:18:04,2025-09-02 02:18:04,233,3072,0.394451,1,2401,1.10931,0.055,0.906377,0.4,0.978959,0.75,5.75758e-13,0.0001,2.79636e-253,999999,2.272819e-01,3,Thailand Exclusive Economic Zone,,,SVDNB_npp_d20250901_t1917390_e1919032_b71752_c20250901204547765000_oeac_ops.h5,GDNBO_npp_d20250901_t1917390_e1919032_b71752_c20250901204324159000_oeac_ops.h5,SVI04_npp_d20250901_t1917390_e1919032_b71752_c20250901204601183000_oeac_ops.dspace_rad,,eez_v11.shp,WPP_BFAR_merge.shp,vbd_mpa_r20170830.shp,VNF-VBD_npp_20120301-20151231_global_asia-enhanced_c201607211230.bitmask,vbd_landsea_r20220824.mask,timezone.shp,VBD_platforms-recurring_2015_r20170330.shp,999999,VBD_bridges_c20160811.shp,14.355770;12.550855;10.047329;5.199992;7.537566;9.452507,80.383789;94.474220;108.227211;106.936050;93.332306;79.482437,npp_d20250901_t1916136_e1917378_b71752;npp_d20250901_t1917390_e1919032_b71752;npp_d20250901_t1919044_e1920286_b71752;npp_d20250901_t1920298_e1921540_b71752,144.624,60.8243,48.4687,-79.7081,109.199,-117.037
262,VBD_npp_d20250901_t1918113_x1010820E_y094619N_l0292_s3079_v23,2025-09-01 21:28:11,9.461866,101.081955,8.92692,2025-09-01 19:18:11,2025-09-02 02:18:11,292,3079,0.194715,2,2337,0.36651,0.055,0.685939,0.4,0.730116,0.75,7.07125e-13,0.0001,8.8522e-254,999999,-2.474786e-01,3,Thailand Exclusive Economic Zone,,,SVDNB_npp_d20250901_t1917390_e1919032_b71752_c20250901204547765000_oeac_ops.h5,GDNBO_npp_d20250901_t1917390_e1919032_b71752_c20250901204324159000_oeac_ops.h5,SVI04_npp_d20250901_t1917390_e1919032_b71752_c20250901204601183000_oeac_ops.dspace_rad,,eez_v11.shp,WPP_BFAR_merge.shp,vbd_mpa_r20170830.shp,VNF-VBD_npp_20120301-20151231_global_asia-enhanced_c201607211230.bitmask,vbd_landsea_r20220824.mask,timezone.shp,VBD_platforms-recurring_2015_r20170330.shp,999999,VBD_bridges_c20160811.shp,14.355770;12.550855;10.047329;5.199992;7.537566;9.452507,80.383789;94.474220;108.227211;106.936050;93.332306;79.482437,npp_d20250901_t1916136_e1917378_b71752;npp_d20250901_t1917390_e1919032_b71752;npp_d20250901_t1919044_e1920286_b71752;npp_d20250901_t1920298_e1921540_b71752,144.832,61.2844,48.6746,-80.0379,109.002,-117.152
263,VBD_npp_d20250901_t1917553_x1013091E_y103107N_l0160_s3080_v23,2025-09-01 21:28:11,10.310665,101.309120,2.40472,2025-09-01 19:17:55,2025-09-02 02:17:55,160,3080,0.163275,2,2337,0.141861,0.055,0.526829,0.4,0.73622,0.75,3.94023e-13,0.0001,2.29983e-266,999999,-8.937797e-02,3,Thailand Exclusive Economic Zone,,,SVDNB_npp_d20250901_t1917390_e1919032_b71752_c20250901204547765000_oeac_ops.h5,GDNBO_npp_d20250901_t1917390_e1919032_b71752_c20250901204324159000_oeac_ops.h5,SVI04_npp_d20250901_t1917390_e1919032_b71752_c20250901204601183000_oeac_ops.dspace_rad,,eez_v11.shp,WPP_BFAR_merge.shp,vbd_mpa_r20170830.shp,VNF-VBD_npp_20120301-20151231_global_asia-enhanced_c201607211230.bitmask,vbd_landsea_r20220824.mask,timezone.shp,VBD_platforms-recurring_2015_r20170330.shp,999999,VBD_bridges_c20160811.shp,14.355770;12.550855;10.047329;5.199992;7.537566;9.452507,80.383789;94.474220;108.227211;106.936050;93.332306;79.482437,npp_d20250901_t1916136_e1917378_b71752;npp_d20250901_t1917390_e1919032_b71752;npp_d20250901_t1919044_e1920286_b71752;npp_d20250901_t1920298_e1921540_b71752,144.281,60.3788,48.704,-79.2346,109.527,-116.896
264,VBD_npp_d20250901_t1918095_x1011348E_y095670N_l0275_s3083_v23,2025-09-01 21:28:11,9.567008,101.134842,14.7653,2025-09-01 19:18:09,2025-09-02 02:18:09,275,3083,0.272532,1,2401,0.681101,0.055,0.890621,0.4,0.958107,0.75,6.53561e-13,0.0001,9.94463e-259,999999,9.622430e-02,3,Thailand Exclusive Economic Zone,,,SVDNB_npp_d20250901_t1917390_e1919032_b71752_c20250901204547765000_oeac_ops.h5,GDNBO_npp_d20250901_t1917390_e1919032_b71752_c20250901204324159000_oeac_ops.h5,SVI04_npp_d20250901_t1917390_e1919032_b71752_c20250901204601183000_oeac_ops.dspace_rad,,eez_v11.shp,WPP_BFAR_merge.shp,vbd_mpa_r20170830.shp,VNF-VBD_npp_20120301-20151231_global_asia-enhanced_c201607211230.bitmask,vbd_landsea_r20220824.mask,timezone.shp,VBD_platforms-recurring_2015_r20170330.shp,999999,VBD_bridges_c20160811.shp,14.355770;12.550855;10.047329;5.199992;7.537566;9.452507,80.383789;94.474220;108.227211;106.936050;93.332306;79.482437,npp_d20250901_t1916136_e1917378_b71752;npp_d20250901_t1917390_e1919032_b71752;npp_d20250901_t1919044_e1920286_b71752;npp_d20250901_t1920298_e1921540_b71752,144.743,61.1919,48.7927,-80.0685,109.089,-117.12
265,VBD_npp_d20250901_t1917589_x1012871E_y101191N_l0189_s3084_v23,2025-09-01 21:28:11,10.119117,101.287109,2.48138,2025-09-01 19:17:58,2025-09-02 02:17:58,189,3084,0.0594238,2,2337,0.136183,0.055,0.763569,0.4,0.673021,0.75,4.34623e-13,0.0001,2.56539e-267,999999,-1.054018e-01,3,Thailand Exclusive Economic Zone,,,SVDNB_npp_d20250901_t1917390_e1919032_b71752_c20250901204547765000_oeac_ops.h5,GDNBO_npp_d20250901_t1917390_e1919032_b71752_c20250901204324159000_oeac_ops.h5,SVI04_npp_d20250901_t1917390_e1919032_b71752_c20250901204601183000_oeac_ops.dspace_rad,,eez_v11.shp,WPP_BFAR_merge.shp,vbd_mpa_r20170830.shp,VNF-VBD_npp_20120301-20151231_global_asia-enhanced_c201607211230.bitmask,vbd_landsea_r20220824.mask,timezone.shp,VBD_platforms-recurring_2015_r20170330.shp,999999,VBD_bridges_c20160811.shp,14.355770;12.550855;10.047329;5.199992;7.537566;9.452507,80.383789;94.474220;108.227211;106.936050;93.332306;79.482437,npp_d20250901_t1916136_e1917378_b71752;npp_d20250901_t1917390_e1919032_b71752;npp_d20250901_t1919044_e1920286_b71752;npp_d20250901_t1920298_e1921540_b71752,144.381,60.605,48.8267,-79.427,109.434,-116.954
266,VBD_npp_d20250901_t1918078_x1011514E_y095827N_l0272_s3084_v23,2025-09-01 21:28:11,9.582738,101.151436,11.9501,2025-09-01 19:18:07,2025-09-02 02:18:07,272,3084,0.28811,1,2401,0.591835,0.055,0.901696,0.4,0.937948,0.75,6.42995e-13,0.0001,1.02085e-258,999999,1.453578e-01,3,Thailand Exclusive Economic Zone,,,SVDNB_npp_d20250901_t1917390_e1919032_b71752_c20250901204547765000_oeac_ops.h5,GDNBO_npp_d20250901_t1917390_e1919032_b71752_c20250901204324159000_oeac_ops.h5,SVI04_npp_d20250901_t1917390_e1919032_b71752_c20250901204601183000_oeac_ops.dspace_rad,,eez_v11.shp,WPP_BFAR_merge.shp,vbd_mpa_r20170830.shp,VNF-VBD_npp_20120301-20151231_global_asia-enhanced_c201607211230.bitmask,vbd_landsea_r20220824.mask,timezone.shp,VBD_platforms-recurring_2015_r20170330.shp,999999,VBD_bridges_c20160811.shp,14.355770;12.550855;10.047329;5.199992;7.537566;9.452507,80.383789;94.474220;108.227211;106.936050;93.332306;79.482437,npp_d20250901_t1916136_e1917378_b71752;npp_d20250901_t1917390_e1919032_b71752;npp_d20250901_t1919044_e1920286_b71752;npp_d20250901_t1920298_e1921540_b71752,144.727,61.1801,48.8219,-79.3475,109.105,-117.115
267,VBD_npp_d20250901_t1918113_x1011034E_y093960N_l0301_s3084_v23,2025-09-01 21:28:11,9.395980,101.103409,15.0155,2025-09-01 19:18:11,2025-09-02 02:18:11,301,3084,0.311868,1,2401,0.643226,0.055,0.839059,0.4,0.932352,0.75,7.07509e-13,0.0001,3.07599e-256,999999,-6.856768e-02,3,Thailand Exclusive Economic Zone,,,SVDNB_npp_d20250901_t1917390_e1919032_b71752_c20250901204547765000_oeac_ops.h5,GDNBO_npp_d20250901_t1917390_e1919032_b71752_c20250901204324159000_oeac_ops.h5,SVI04_npp_d20250901_t1917390_e1919032_b71752_c20250901204601183000_oeac_ops.dspace_rad,,eez_v11.shp,WPP_BFAR_merge.shp,vbd_mpa_r20170830.shp,VNF-VBD_npp_20120301-20151231_global_asia-enhanced_c201607211230.bitmask,vbd_landsea_r20220824.mask,timezone.shp,VBD_platforms-recurring_2015_r20170330.shp,999999,VBD_bridges_c20160811.shp,14.355770;12.550855;10.047329;5.199992;7.537566;9.452507,80.383789;94.474220;108.227211;106.936050;93.332306;79.482437,npp_d20250901_t1916136_e1917378_b71752;npp_d20250901_t1917390_e1919032_b71752;npp_d20250901_t1919044_e1920286_b71752;npp_d20250901_t1920298_e1921540_b71752,144.845,61.3844,48.8232,-79.543,108.99,-117.171
268,VBD_npp_d20250901_t1918078_x1011657E_y095870N_l0271_s3086_v23,2025-09-01 21:28:11,9.587040,101.165688,21.0591,2025-09-01 19:18:07,2025-09-02 02:18:07,271,3086,0.328655,1,2401,0.746928,0.055,0.901696,0.4,0.934991,0.75,6.34726e-13,0.0001,1.39908e-260,999999,6.163163e-02,3,Thailand Exclusive Economic Zone,,,SVDNB_npp_d20250901_t1917390_e1919032_b71752_c20250901204547765000_oeac_ops.h5,GDNBO_npp_d20250901_t1917390_e1919032_b71752_c20250901204324159000_oeac_ops.h5,SVI04_npp_d20250901_t1917390_e1919032_b71752_c20250901204601183000_oeac_ops.dspace_rad,,eez_v11.shp,WPP_BFAR_merge.shp,vbd_mpa_r20170830.shp,VNF-VBD_npp_20120301-20151231_global_asia-enhanced_c201607211230.bitmask,vbd_landsea_r20220824.mask,timezone.shp,VBD_platforms-recurring_2015_r20170330.shp,999999,VBD_bridges_c20160811.shp,14.355770;12.550855;10.047329;5.199992;7.537566;9.452507,80.383789;94.474220;108.227211;106.936050;93.332306;79.482437,npp_d20250901_t1916136_e1917378_b71752;npp_d20250901_t1917390_e1919032_b71752;npp_d20250901_t1919044_e1920286_b71752;npp_d20250901_t1920298_e1921540_b71752,144.713,61.1867,48.8813,-79.4001,109.119,-117.114
269,VBD_npp_d20250901_t1918006_x1012999E_y100850N_l0194_s3088_v23,2025-09-01 21:28:11,10.085028,101.299850,9.79163,2025-09-01 19:18:00,2025-09-02 02:18:00,194,3088,0.150329,1,2401,0.524284,0.055,0.829783,0.4,0.933025,0.75,4.35819e-13,0.0001,2.9006e-271,999999,-1.885652e-02,3,Thailand Exclusive Economic Zone,,,SVDNB_npp_d20250901_t1917390_e1919032_b71752_c20250901204547765000_oeac_ops.h5,GDNBO_npp_d20250901_t1917390_e1919032_b71752_c20250901204324159000_oeac_ops.h5,SVI04_npp_d20250901_t1917390_e1919032_b71752_c20250901204601183000_oeac_ops.dspace_rad,,eez_v11.shp,WPP_BFAR_merge.shp,vbd_mpa_r20170830.shp,VNF-VBD_npp_20120301-20151231_global_asia-enhanced_c201607211230.bitmask,vbd_landsea_r20220824.mask,timezone.shp,VBD_platforms-recurring_2015_r20170330.shp,999999,VBD_bridges_c20160811.shp,14.355770;12.550855;10.047329;5.199992;7.537566;9.452507,80.383789;94.474220;108.227211;106.936050;93.332306;79.482437,npp_d20250901_t1916136_e1917378_b71752;npp_d20250901_t1917390_e1919032_b71752;npp_d20250901_t1919044_e1920286_b71752;npp_d20250901_t1920298_e1921540_b71752,144.381,60.6636,48.9431,-80.0382,109.436,-116.964
270,VBD_npp_d20250901_t1918006_x1013859E_y100350N_l0199_s3102_v23,2025-09-01 21:28:11,10.034953,101.385948,4.57866,2025-09-01 19:18:00,2025-09-02 02:18:00,199,3102,0.252402,1,2401,0.290189,0.055,0.682011,0.4,0.825319,0.75,4.19879e-13,0.0001,3.07922e-283,999999,-3.503464e-01,3,Thailand Exclusive Economic Zone,,,SVDNB_npp_d20250901_t1917390_e1919032_b71752_c20250901204547765000_oeac_ops.h5,GDNBO_npp_d20250901_t1917390_e1919032_b71752_c20250901204324159000_oeac_ops.h5,SVI04_npp_d20250901_t1917390_e1919032_b71752_c20250901204601183000_oeac_ops.dspace_rad,,eez_v11.shp,WPP_BFAR_merge.shp,vbd_mpa_r20170830.shp,VNF-VBD_npp_20120301-20151231_global_asia-enhanced_c201607211230.bitmask,vbd_landsea_r20220824.mask,timezone.shp,VBD_platforms-recurring_2015_r20170330.shp,999999,VBD_bridges_c20160811.shp,14.355770;12.550855;10.047329;5.199992;7.537566;9.452507,80.383789;94.474220;108.227211;106.936050;93.332306;79.482437,npp_d20250901_t1916136_e1917378_b71752;npp_d20250901_t1917390_e1919032_b71752;npp_d20250901_t1919044_e1920286_b71752;npp_d20250901_t1920298_e1921540_b71752,144.331,60.7973,49.3607,-79.751,109.489,-116.977
271,VBD_npp_d20250901_t1917446_x1016307E_y109283N_l0060_s3104_v23,2025-09-01 21:28:11,10.928271,101.630669,3.08116,2025-09-01 19:17:44,2025-09-02 02:17:44,60,3104,0.122233,1,2401,0.208736,0.055,0.643943,0.4,0.809396,0.75,2.23324e-13,0.0001,1.14838e-300,999999,1.382976e-02,3,Thailand Exclusive Economic Zone,,,SVDNB_npp_d20250901_t1917390_e1919032_b71752_c20250901204547765000_oeac_ops.h5,GDNBO_npp_d20250901_t1917390_e1919032_b71752_c20250901204324159000_oeac_ops.h5,SVI04_npp_d20250901_t1917390_e1919032_b71752_c20250901204601183000_oeac_ops.dspace_rad,,eez_v11.shp,WPP_BFAR_merge.shp,vbd_mpa_r20170830.shp,VNF-VBD_npp_20120301-20151231_global_asia-enhanced_c201607211230.bitmask,vbd_landsea_r20220824.mask,timezone.shp,VBD_platforms-recurring_2015_r20170330.shp,999999,VBD_bridges_c20160811.shp,14.355770;12.550855;10.047329;5.199992;7.537566;9.452507,80.383789;94.474220;108.227211;106.936050;93.332306;79.482437,npp_d20250901_t1916136_e1917378_b71752;npp_d20250901_t1917390_e1919032_b71752;npp_d20250901_t1919044_e1920286_b71752;npp_d20250901_t1920298_e1921540_b71752,143.737,59.8792,49.4196,-79.3272,110.048,-116.698
272,VBD_npp_d20250901_t1918060_x1013777E_y096910N_l0250_s3113_v23,2025-09-01 21:28:11,9.691032,101.377686,2.67698,2025-09-01 19:18:06,2025-09-02 02:18:06,250,3113,0.338826,7,35105,0.124709,0.055,0.881919,0.4,0.52427,0.75,5.10896e-13,0.0001,4.31713e-288,999999,2.954265e-01,3,,,,SVDNB_npp_d20250901_t1917390_e1919032_b71752_c20250901204547765000_oeac_ops.h5,GDNBO_npp_d20250901_t1917390_e1919032_b71752_c20250901204324159000_oeac_ops.h5,SVI04_npp_d20250901_t1917390_e1919032_b71752_c20250901204601183000_oeac_ops.dspace_rad,,eez_v11.shp,WPP_BFAR_merge.shp,vbd_mpa_r20170830.shp,VNF-VBD_npp_20120301-20151231_global_asia-enhanced_c201607211230.bitmask,vbd_landsea_r20220824.mask,timezone.shp,VBD_platforms-recurring_2015_r20170330.shp,999999,VBD_bridges_c20160811.shp,14.355770;12.550855;10.047329;5.199992;7.537566;9.452507,80.383789;94.474220;108.227211;106.936050;93.332306;79.482437,npp_d20250901_t1916136_e1917378_b71752;npp_d20250901_t1917390_e1919032_b71752;npp_d20250901_t1919044_e1920286_b71752;npp_d20250901_t1920298_e1921540_b71752,144.486,61.2294,49.6937,-79.6247,109.345,-117.079
273,VBD_npp_d20250901_t1918006_x1014549E_y099595N_l0208_s3114_v23,2025-09-01 21:28:11,9.959511,101.454895,2.7952,2025-09-01 19:18:00,2025-09-02 02:18:00,208,3114,0.236113,2,2337,0.175618,0.055,0.682711,0.4,0.70068,0.75,4.15372e-13,0.0001,3.20526e-293,999999,-6.391417e-02,3,Thailand Exclusive Economic Zone,,,SVDNB_npp_d20250901_t1917390_e1919032_b71752_c20250901204547765000_oeac_ops.h5,GDNBO_npp_d20250901_t1917390_e1919032_b71752_c20250901204324159000_oeac_ops.h5,SVI04_npp_d20250901_t1917390_e1919032_b71752_c20250901204601183000_oeac_ops.dspace_rad,,eez_v11.shp,WPP_BFAR_merge.shp,vbd_mpa_r20170830.shp,VNF-VBD_npp_20120301-20151231_global_asia-enhanced_c201607211230.bitmask,vbd_landsea_r20220824.mask,timezone.shp,VBD_platforms-recurring_2015_r20170330.shp,999999,VBD_bridges_c20160811.shp,14.355770;12.550855;10.047329;5.199992;7.537566;9.452507,80.383789;94.474220;108.227211;106.936050;93.332306;79.482437,npp_d20250901_t1916136_e1917378_b71752;npp_d20250901_t1917390_e1919032_b71752;npp_d20250901_t1919044_e1920286_b71752;npp_d20250901_t1920298_e1921540_b71752,144.309,60.9471,49.721,-79.2548,109.515,-116.998
274,VBD_npp_d20250901_t1918024_x1014544E_y099563N_l0209_s3115_v23,2025-09-01 21:28:11,9.956288,101.454384,4.01182,2025-09-01 19:18:02,2025-09-02 02:18:02,209,3115,0.236113,8,18785,0.248079,0.055,0.713482,0.4,0.827616,0.75,4.15435e-13,0.0001,1.15463e-295,999999,8.262421e-02,3,Thailand Exclusive Economic Zone,,,SVDNB_npp_d20250901_t1917390_e1919032_b71752_c20250901204547765000_oeac_ops.h5,GDNBO_npp_d20250901_t1917390_e1919032_b71752_c20250901204324159000_oeac_ops.h5,SVI04_npp_d20250901_t1917390_e1919032_b71752_c20250901204601183000_oeac_ops.dspace_rad,,eez_v11.shp,WPP_BFAR_merge.shp,vbd_mpa_r20170830.shp,VNF-VBD_npp_20120301-20151231_global_asia-enhanced_c201607211230.bitmask,vbd_landsea_r20220824.mask,timezone.shp,VBD_platforms-recurring_2015_r20170330.shp,0.963647,VBD_bridges_c20160811.shp,14.355770;12.550855;10.047329;5.199992;7.537566;9.452507,80.383789;94.474220;108.227211;106.936050;93.332306;79.482437,npp_d20250901_t1916136_e1917378_b71752;npp_d20250901_t1917390_e1919032_b71752;npp_d20250901_t1919044_e1920286_b71752;npp_d20250901_t1920298_e1921540_b71752,144.304,60.9568,49.7527,-80.0713,109.519,-116.999
275,VBD_npp_d20250901_t1918095_x1013446E_y094809N_l0282_s3116_v23,2025-09-01 21:28:11,9.480872,101.344574,77.9637,2025-09-01 19:18:09,2025-09-02 02:18:09,282,3116,0.295579,1,2401,1.28561,0.055,0.912746,0.4,0.982929,0.75,5.731e-13,0.0001,2.64662e-287,999999,9.877986e-02,3,Thailand Exclusive Economic Zone,,,SVDNB_npp_d20250901_t1917390_e1919032_b71752_c20250901204547765000_oeac_ops.h5,GDNBO_npp_d20250901_t1917390_e1919032_b71752_c20250901204324159000_oeac_ops.h5,SVI04_npp_d20250901_t1917390_e1919032_b71752_c20250901204601183000_oeac_ops.dspace_rad,,eez_v11.shp,WPP_BFAR_merge.shp,vbd_mpa_r20170830.shp,VNF-VBD_npp_20120301-20151231_global_asia-enhanced_c201607211230.bitmask,vbd_landsea_r20220824.mask,timezone.shp,VBD_platforms-recurring_2015_r20170330.shp,999999,VBD_bridges_c20160811.shp,14.355770;12.550855;10.047329;5.199992;7.537566;9.452507,80.383789;94.474220;108.227211;106.936050;93.332306;79.482437,npp_d20250901_t1916136_e1917378_b71752;npp_d20250901_t1917390_e1919032_b71752;npp_d20250901_t1919044_e1920286_b71752;npp_d20250901_t1920298_e1921540_b71752,144.602,61.4732,49.7794,-79.6544,109.233,-117.142
276,VBD_npp_d20250901_t1918024_x1014616E_y099200N_l0214_s3117_v23,2025-09-01 21:28:11,9.919978,101.461555,3.30212,2025-09-01 19:18:02,2025-09-02 02:18:02,214,3117,0.207163,8,18785,0.229568,0.055,0.726678,0.4,0.840022,0.75,4.22026e-13,0.0001,1.30962e-296,999999,-1.403482e-01,3,Thailand Exclusive Economic Zone,,,SVDNB_npp_d20250901_t1917390_e1919032_b71752_c20250901204547765000_oeac_ops.h5,GDNBO_npp_d20250901_t1917390_e1919032_b71752_c20250901204324159000_oeac_ops.h5,SVI04_npp_d20250901_t1917390_e1919032_b71752_c20250901204601183000_oeac_ops.dspace_rad,,eez_v11.shp,WPP_BFAR_merge.shp,vbd_mpa_r20170830.shp,VNF-VBD_npp_20120301-20151231_global_asia-enhanced_c201607211230.bitmask,vbd_landsea_r20220824.mask,timezone.shp,VBD_platforms-recurring_2015_r20170330.shp,0.365496,VBD_bridges_c20160811.shp,14.355770;12.550855;10.047329;5.199992;7.537566;9.452507,80.383789;94.474220;108.227211;106.936050;93.332306;79.482437,npp_d20250901_t1916136_e1917378_b71752;npp_d20250901_t1917390_e1919032_b71752;npp_d20250901_t1919044_e1920286_b71752;npp_d20250901_t1920298_e1921540_b71752,144.316,61.007,49.8117,-79.8012,109.509,-117.009
277,VBD_npp_d20250901_t1918060_x1014059E_y096929N_l0249_s3117_v23,2025-09-01 21:28:11,9.692938,101.405884,68.2997,2025-09-01 19:18:06,2025-09-02 02:18:06,249,3117,0.327659,4,100709,1.18772,0.055,0.896958,0.4,0.974311,0.75,4.9825e-13,0.0001,2.60234e-292,999999,8.099916e-02,3,Thailand Exclusive Economic Zone,,,SVDNB_npp_d20250901_t1917390_e1919032_b71752_c20250901204547765000_oeac_ops.h5,GDNBO_npp_d20250901_t1917390_e1919032_b71752_c20250901204324159000_oeac_ops.h5,SVI04_npp_d20250901_t1917390_e1919032_b71752_c20250901204601183000_oeac_ops.dspace_rad,,eez_v11.shp,WPP_BFAR_merge.shp,vbd_mpa_r20170830.shp,VNF-VBD_npp_20120301-20151231_global_asia-enhanced_c201607211230.bitmask,vbd_landsea_r20220824.mask,timezone.shp,VBD_platforms-recurring_2015_r20170330.shp,999999,VBD_bridges_c20160811.shp,14.355770;12.550855;10.047329;5.199992;7.537566;9.452507,80.383789;94.474220;108.227211;106.936050;93.332306;79.482437,npp_d20250901_t1916136_e1917378_b71752;npp_d20250901_t1917390_e1919032_b71752;npp_d20250901_t1919044_e1920286_b71752;npp_d20250901_t1920298_e1921540_b71752,144.46,61.2505,49.8139,-79.674,109.37,-117.078
278,VBD_npp_d20250901_t1917589_x1015317E_y100672N_l0190_s3121_v23,2025-09-01 21:28:11,10.067230,101.531723,5.74962,2025-09-01 19:17:58,2025-09-02 02:17:58,190,3121,0.24785,1,2401,0.372848,0.055,0.769565,0.4,0.909566,0.75,3.64326e-13,0.0001,5.7532e-303,999999,8.827182e-03,3,Cambodian Exclusive Economic Zone,,,SVDNB_npp_d20250901_t1917390_e1919032_b71752_c20250901204547765000_oeac_ops.h5,GDNBO_npp_d20250901_t1917390_e1919032_b71752_c20250901204324159000_oeac_ops.h5,SVI04_npp_d20250901_t1917390_e1919032_b71752_c20250901204601183000_oeac_ops.dspace_rad,,eez_v11.shp,WPP_BFAR_merge.shp,vbd_mpa_r20170830.shp,VNF-VBD_npp_20120301-20151231_global_asia-enhanced_c201607211230.bitmask,vbd_landsea_r20220824.mask,timezone.shp,VBD_platforms-recurring_2015_r20170330.shp,999999,VBD_bridges_c20160811.shp,14.355770;12.550855;10.047329;5.199992;7.537566;9.452507,80.383789;94.474220;108.227211;106.936050;93.332306;79.482437,npp_d20250901_t1916136_e1917378_b71752;npp_d20250901_t1917390_e1919032_b71752;npp_d20250901_t1919044_e1920286_b71752;npp_d20250901_t1920298_e1921540_b71752,144.196,60.8746,49.9347,-79.3359,109.625,-116.964
279,VBD_npp_d20250901_t1918060_x1014279E_y096609N_l0253_s3121_v23,2025-09-01 21:28:11,9.660856,101.427887,2.71427,2025-09-01 19:18:06,2025-09-02 02:18:06,253,3121,0.247423,7,35105,0.138997,0.055,0.873521,0.4,0.60313,0.75,4.96355e-13,0.0001,1.55966e-295,999999,-3.999396e-01,3,,,,SVDNB_npp_d20250901_t1917390_e1919032_b71752_c20250901204547765000_oeac_ops.h5,GDNBO_npp_d20250901_t1917390_e1919032_b71752_c20250901204324159000_oeac_ops.h5,SVI04_npp_d20250901_t1917390_e1919032_b71752_c20250901204601183000_oeac_ops.dspace_rad,,eez_v11.shp,WPP_BFAR_merge.shp,vbd_mpa_r20170830.shp,VNF-VBD_npp_20120301-20151231_global_asia-enhanced_c201607211230.bitmask,vbd_landsea_r20220824.mask,timezone.shp,VBD_platforms-recurring_2015_r20170330.shp,999999,VBD_bridges_c20160811.shp,14.355770;12.550855;10.047329;5.199992;7.537566;9.452507,80.383789;94.474220;108.227211;106.936050;93.332306;79.482437,npp_d20250901_t1916136_e1917378_b71752;npp_d20250901_t1917390_e1919032_b71752;npp_d20250901_t1919044_e1920286_b71752;npp_d20250901_t1920298_e1921540_b71752,144.457,61.3082,49.9342,-79.456,109.375,-117.087
280,VBD_npp_d20250901_t1917589_x1015534E_y100703N_l0189_s3124_v23,2025-09-01 21:28:11,10.070281,101.553368,2.75615,2025-09-01 19:17:58,2025-09-02 02:17:58,189,3124,0.215201,2,2337,0.14154,0.055,0.758677,0.4,0.662154,0.75,3.57148e-13,0.0001,1.9875e-306,999999,9.332238e-02,3,Cambodian Exclusive Economic Zone,,,SVDNB_npp_d20250901_t1917390_e1919032_b71752_c20250901204547765000_oeac_ops.h5,GDNBO_npp_d20250901_t1917390_e1919032_b71752_c20250901204324159000_oeac_ops.h5,SVI04_npp_d20250901_t1917390_e1919032_b71752_c20250901204601183000_oeac_ops.dspace_rad,,eez_v11.shp,WPP_BFAR_merge.shp,vbd_mpa_r20170830.shp,VNF-VBD_npp_20120301-20151231_global_asia-enhanced_c201607211230.bitmask,vbd_landsea_r20220824.mask,timezone.shp,VBD_platforms-recurring_2015_r20170330.shp,999999,VBD_bridges_c20160811.shp,14.355770;12.550855;10.047329;5.199992;7.537566;9.452507,80.383789;94.474220;108.227211;106.936050;93.332306;79.482437,npp_d20250901_t1916136_e1917378_b71752;npp_d20250901_t1917390_e1919032_b71752;npp_d20250901_t1919044_e1920286_b71752;npp_d20250901_t1920298_e1921540_b71752,144.176,60.889,50.0248,-79.3862,109.645,-116.962
281,VBD_npp_d20250901_t1918131_x1014148E_y092875N_l0309_s3133_v23,2025-09-01 21:28:11,9.287522,101.414780,4.7783,2025-09-01 19:18:13,2025-09-02 02:18:13,309,3133,0.0547292,4,100709,0.296096,0.055,0.737231,0.4,0.834955,0.75,5.63811e-13,0.0001,3.26766e-302,999999,5.933430e-02,3,Thailand Exclusive Economic Zone,,,SVDNB_npp_d20250901_t1917390_e1919032_b71752_c20250901204547765000_oeac_ops.h5,GDNBO_npp_d20250901_t1917390_e1919032_b71752_c20250901204324159000_oeac_ops.h5,SVI04_npp_d20250901_t1917390_e1919032_b71752_c20250901204601183000_oeac_ops.dspace_rad,,eez_v11.shp,WPP_BFAR_merge.shp,vbd_mpa_r20170830.shp,VNF-VBD_npp_20120301-20151231_global_asia-enhanced_c201607211230.bitmask,vbd_landsea_r20220824.mask,timezone.shp,VBD_platforms-recurring_2015_r20170330.shp,999999,VBD_bridges_c20160811.shp,14.355770;12.550855;10.047329;5.199992;7.537566;9.452507,80.383789;94.474220;108.227211;106.936050;93.332306;79.482437,npp_d20250901_t1916136_e1917378_b71752;npp_d20250901_t1917390_e1919032_b71752;npp_d20250901_t1919044_e1920286_b71752;npp_d20250901_t1920298_e1921540_b71752,144.62,61.7827,50.2939,-79.9359,109.219,-117.198
282,VBD_npp_d20250901_t1918095_x1015194E_y094839N_l0277_s3141_v23,2025-09-01 21:28:11,9.483873,101.519424,3.26412,2025-09-01 19:18:09,2025-09-02 02:18:09,277,3141,0.308027,1,2401,0.231888,0.055,0.681612,0.4,0.857033,0.75,4.89018e-13,0.0001,1.37179e-314,999999,6.773926e-02,3,Thailand Exclusive Economic Zone,,,SVDNB_npp_d20250901_t1917390_e1919032_b71752_c20250901204547765000_oeac_ops.h5,GDNBO_npp_d20250901_t1917390_e1919032_b71752_c20250901204324159000_oeac_ops.h5,SVI04_npp_d20250901_t1917390_e1919032_b71752_c20250901204601183000_oeac_ops.dspace_rad,,eez_v11.shp,WPP_BFAR_merge.shp,vbd_mpa_r20170830.shp,VNF-VBD_npp_20120301-20151231_global_asia-enhanced_c201607211230.bitmask,vbd_landsea_r20220824.mask,timezone.shp,VBD_platforms-recurring_2015_r20170330.shp,999999,VBD_bridges_c20160811.shp,14.355770;12.550855;10.047329;5.199992;7.537566;9.452507,80.383789;94.474220;108.227211;106.936050;93.332306;79.482437,npp_d20250901_t1916136_e1917378_b71752;npp_d20250901_t1917390_e1919032_b71752;npp_d20250901_t1919044_e1920286_b71752;npp_d20250901_t1920298_e1921540_b71752,144.449,61.6136,50.5242,-79.887,109.387,-117.139
283,VBD_npp_d20250901_t1917517_x1018083E_y105392N_l0113_s3144_v23,2025-09-01 21:28:11,10.539207,101.808250,1.71694,2025-09-01 19:17:51,2025-09-02 02:17:51,113,3144,0.096981,2,2337,0.0814869,0.055,0.437409,0.4,0.681438,0.75,2.27275e-13,0.0001,0,999999,1.760453e-01,3,Cambodian Exclusive Economic Zone,,,SVDNB_npp_d20250901_t1917390_e1919032_b71752_c20250901204547765000_oeac_ops.h5,GDNBO_npp_d20250901_t1917390_e1919032_b71752_c20250901204324159000_oeac_ops.h5,SVI04_npp_d20250901_t1917390_e1919032_b71752_c20250901204601183000_oeac_ops.dspace_rad,,eez_v11.shp,WPP_BFAR_merge.shp,vbd_mpa_r20170830.shp,VNF-VBD_npp_20120301-20151231_global_asia-enhanced_c201607211230.bitmask,vbd_landsea_r20220824.mask,timezone.shp,VBD_platforms-recurring_2015_r20170330.shp,999999,VBD_bridges_c20160811.shp,14.355770;12.550855;10.047329;5.199992;7.537566;9.452507,80.383789;94.474220;108.227211;106.936050;93.332306;79.482437,npp_d20250901_t1916136_e1917378_b71752;npp_d20250901_t1917390_e1919032_b71752;npp_d20250901_t1919044_e1920286_b71752;npp_d20250901_t1920298_e1921540_b71752,143.754,60.5162,50.6132,-79.9176,110.053,-116.813
284,VBD_npp_d20250901_t1917535_x1017760E_y104099N_l0133_s3144_v23,2025-09-01 21:28:11,10.409864,101.776039,4.04159,2025-09-01 19:17:53,2025-09-02 02:17:53,133,3144,0.150969,2,2337,0.225055,0.055,0.663376,0.4,0.739117,0.75,2.51258e-13,0.0001,0,999999,1.332836e-01,3,Cambodian Exclusive Economic Zone,,,SVDNB_npp_d20250901_t1917390_e1919032_b71752_c20250901204547765000_oeac_ops.h5,GDNBO_npp_d20250901_t1917390_e1919032_b71752_c20250901204324159000_oeac_ops.h5,SVI04_npp_d20250901_t1917390_e1919032_b71752_c20250901204601183000_oeac_ops.dspace_rad,,eez_v11.shp,WPP_BFAR_merge.shp,vbd_mpa_r20170830.shp,VNF-VBD_npp_20120301-20151231_global_asia-enhanced_c201607211230.bitmask,vbd_landsea_r20220824.mask,timezone.shp,VBD_platforms-recurring_2015_r20170330.shp,999999,VBD_bridges_c20160811.shp,14.355770;12.550855;10.047329;5.199992;7.537566;9.452507,80.383789;94.474220;108.227211;106.936050;93.332306;79.482437,npp_d20250901_t1916136_e1917378_b71752;npp_d20250901_t1917390_e1919032_b71752;npp_d20250901_t1919044_e1920286_b71752;npp_d20250901_t1920298_e1921540_b71752,143.838,60.6492,50.6093,-79.7329,109.973,-116.853
285,VBD_npp_d20250901_t1918095_x1015872E_y094511N_l0280_s3152_v23,2025-09-01 21:28:11,9.451077,101.587234,1.38226,2025-09-01 19:18:09,2025-09-02 02:18:09,280,3152,0.0856712,3,2369,0.0687231,0.055,0.379502,0.4,0.813522,0.75,4.62172e-13,0.0001,0,999999,-1.809447e-01,3,Thailand Exclusive Economic Zone,,,SVDNB_npp_d20250901_t1917390_e1919032_b71752_c20250901204547765000_oeac_ops.h5,GDNBO_npp_d20250901_t1917390_e1919032_b71752_c20250901204324159000_oeac_ops.h5,SVI04_npp_d20250901_t1917390_e1919032_b71752_c20250901204601183000_oeac_ops.dspace_rad,,eez_v11.shp,WPP_BFAR_merge.shp,vbd_mpa_r20170830.shp,VNF-VBD_npp_20120301-20151231_global_asia-enhanced_c201607211230.bitmask,vbd_landsea_r20220824.mask,timezone.shp,VBD_platforms-recurring_2015_r20170330.shp,999999,VBD_bridges_c20160811.shp,14.355770;12.550855;10.047329;5.199992;7.537566;9.452507,80.383789;94.474220;108.227211;106.936050;93.332306;79.482437,npp_d20250901_t1916136_e1917378_b71752;npp_d20250901_t1917390_e1919032_b71752;npp_d20250901_t1919044_e1920286_b71752;npp_d20250901_t1920298_e1921540_b71752,144.406,61.7096,50.8347,-79.722,109.432,-117.147
286,VBD_npp_d20250901_t1918095_x1016365E_y093868N_l0288_s3161_v23,2025-09-01 21:28:11,9.386820,101.636482,1.22782,2025-09-01 19:18:09,2025-09-02 02:18:09,288,3161,0.0380845,8,18689,0.0573492,0.055,0.353826,0.4,0.598388,0.75,4.48937e-13,0.0001,0,999999,8.761204e-03,3,Thailand Exclusive Economic Zone,,,SVDNB_npp_d20250901_t1917390_e1919032_b71752_c20250901204547765000_oeac_ops.h5,GDNBO_npp_d20250901_t1917390_e1919032_b71752_c20250901204324159000_oeac_ops.h5,SVI04_npp_d20250901_t1917390_e1919032_b71752_c20250901204601183000_oeac_ops.dspace_rad,,eez_v11.shp,WPP_BFAR_merge.shp,vbd_mpa_r20170830.shp,VNF-VBD_npp_20120301-20151231_global_asia-enhanced_c201607211230.bitmask,vbd_landsea_r20220824.mask,timezone.shp,VBD_platforms-recurring_2015_r20170330.shp,0.783529,VBD_bridges_c20160811.shp,14.355770;12.550855;10.047329;5.199992;7.537566;9.452507,80.383789;94.474220;108.227211;106.936050;93.332306;79.482437,npp_d20250901_t1916136_e1917378_b71752;npp_d20250901_t1917390_e1919032_b71752;npp_d20250901_t1919044_e1920286_b71752;npp_d20250901_t1920298_e1921540_b71752,144.394,61.8288,51.0902,-79.3065,109.446,-117.166
287,VBD_npp_d20250901_t1917589_x1018157E_y100785N_l0181_s3162_v23,2025-09-01 21:28:11,10.078467,101.815666,6.14141,2025-09-01 19:17:58,2025-09-02 02:17:58,181,3162,0.175438,1,2401,0.334257,0.055,0.694689,0.4,0.803953,0.75,2.75006e-13,0.0001,0,999999,2.939478e-01,3,Cambodian Exclusive Economic Zone,,,SVDNB_npp_d20250901_t1917390_e1919032_b71752_c20250901204547765000_oeac_ops.h5,GDNBO_npp_d20250901_t1917390_e1919032_b71752_c20250901204324159000_oeac_ops.h5,SVI04_npp_d20250901_t1917390_e1919032_b71752_c20250901204601183000_oeac_ops.dspace_rad,,eez_v11.shp,WPP_BFAR_merge.shp,vbd_mpa_r20170830.shp,VNF-VBD_npp_20120301-20151231_global_asia-enhanced_c201607211230.bitmask,vbd_landsea_r20220824.mask,timezone.shp,VBD_platforms-recurring_2015_r20170330.shp,999999,VBD_bridges_c20160811.shp,14.355770;12.550855;10.047329;5.199992;7.537566;9.452507,80.383789;94.474220;108.227211;106.936050;93.332306;79.482437,npp_d20250901_t1916136_e1917378_b71752;npp_d20250901_t1917390_e1919032_b71752;npp_d20250901_t1919044_e1920286_b71752;npp_d20250901_t1920298_e1921540_b71752,143.947,61.0978,51.123,-79.7609,109.877,-116.954
288,VBD_npp_d20250901_t1918113_x1016358E_y093832N_l0289_s3162_v23,2025-09-01 21:28:11,9.383224,101.635803,1.49074,2025-09-01 19:18:11,2025-09-02 02:18:11,289,3162,0.0330342,10,2305,0.0739426,0.055,0.353826,0.4,0.683895,0.75,4.4755e-13,0.0001,0,999999,8.876723e-02,3,Thailand Exclusive Economic Zone,,,SVDNB_npp_d20250901_t1917390_e1919032_b71752_c20250901204547765000_oeac_ops.h5,GDNBO_npp_d20250901_t1917390_e1919032_b71752_c20250901204324159000_oeac_ops.h5,SVI04_npp_d20250901_t1917390_e1919032_b71752_c20250901204601183000_oeac_ops.dspace_rad,,eez_v11.shp,WPP_BFAR_merge.shp,vbd_mpa_r20170830.shp,VNF-VBD_npp_20120301-20151231_global_asia-enhanced_c201607211230.bitmask,vbd_landsea_r20220824.mask,timezone.shp,VBD_platforms-recurring_2015_r20170330.shp,999999,VBD_bridges_c20160811.shp,14.355770;12.550855;10.047329;5.199992;7.537566;9.452507,80.383789;94.474220;108.227211;106.936050;93.332306;79.482437,npp_d20250901_t1916136_e1917378_b71752;npp_d20250901_t1917390_e1919032_b71752;npp_d20250901_t1919044_e1920286_b71752;npp_d20250901_t1920298_e1921540_b71752,144.389,61.8387,51.1202,-80.0865,109.45,-117.167
289,VBD_npp_d20250901_t1918380_x1014238E_y077328N_l0539_s3190_v23,2025-09-01 21:28:11,7.732828,101.423790,1.6882,2025-09-01 19:18:38,2025-09-02 02:18:38,539,3190,0.04157,10,2305,0.062131,0.055,0.281149,0.4,0.597182,0.75,9.9844e-13,0.0001,0,999999,-1.881833e-01,3,Thailand Exclusive Economic Zone,,,SVDNB_npp_d20250901_t1917390_e1919032_b71752_c20250901204547765000_oeac_ops.h5,GDNBO_npp_d20250901_t1917390_e1919032_b71752_c20250901204324159000_oeac_ops.h5,SVI04_npp_d20250901_t1917390_e1919032_b71752_c20250901204601183000_oeac_ops.dspace_rad,,eez_v11.shp,WPP_BFAR_merge.shp,vbd_mpa_r20170830.shp,VNF-VBD_npp_20120301-20151231_global_asia-enhanced_c201607211230.bitmask,vbd_landsea_r20220824.mask,timezone.shp,VBD_platforms-recurring_2015_r20170330.shp,999999,VBD_bridges_c20160811.shp,14.355770;12.550855;10.047329;5.199992;7.537566;9.452507,80.383789;94.474220;108.227211;106.936050;93.332306;79.482437,npp_d20250901_t1916136_e1917378_b71752;npp_d20250901_t1917390_e1919032_b71752;npp_d20250901_t1919044_e1920286_b71752;npp_d20250901_t1920298_e1921540_b71752,145.232,63.842,51.9219,-79.8032,108.602,-117.648
290,VBD_npp_d20250901_t1918451_x1013413E_y073163N_l0603_s3193_v23,2025-09-01 21:28:11,7.316299,101.341316,2.85512,2025-09-01 19:18:45,2025-09-02 02:18:45,603,3193,0.0533777,8,18721,0.156742,0.055,0.521677,0.4,0.705578,0.75,1.32314e-12,0.0001,0,999999,1.673541e-01,3,Thailand Exclusive Economic Zone,,,SVDNB_npp_d20250901_t1917390_e1919032_b71752_c20250901204547765000_oeac_ops.h5,GDNBO_npp_d20250901_t1917390_e1919032_b71752_c20250901204324159000_oeac_ops.h5,SVI04_npp_d20250901_t1917390_e1919032_b71752_c20250901204601183000_oeac_ops.dspace_rad,,eez_v11.shp,WPP_BFAR_merge.shp,vbd_mpa_r20170830.shp,VNF-VBD_npp_20120301-20151231_global_asia-enhanced_c201607211230.bitmask,vbd_landsea_r20220824.mask,timezone.shp,VBD_platforms-recurring_2015_r20170330.shp,0.424229,VBD_bridges_c20160811.shp,14.355770;12.550855;10.047329;5.199992;7.537566;9.452507,80.383789;94.474220;108.227211;106.936050;93.332306;79.482437,npp_d20250901_t1916136_e1917378_b71752;npp_d20250901_t1917390_e1919032_b71752;npp_d20250901_t1919044_e1920286_b71752;npp_d20250901_t1920298_e1921540_b71752,145.461,64.344,52.005,-79.8686,108.362,-117.764
291,VBD_npp_d20250901_t1918451_x1013674E_y073046N_l0604_s3197_v23,2025-09-01 21:28:11,7.304632,101.367371,2.42914,2025-09-01 19:18:45,2025-09-02 02:18:45,604,3197,0.0724408,2,2337,0.106433,0.055,0.556958,0.4,0.595008,0.75,1.3045e-12,0.0001,0,999999,1.486148e-01,3,Thailand Exclusive Economic Zone,,,SVDNB_npp_d20250901_t1917390_e1919032_b71752_c20250901204547765000_oeac_ops.h5,GDNBO_npp_d20250901_t1917390_e1919032_b71752_c20250901204324159000_oeac_ops.h5,SVI04_npp_d20250901_t1917390_e1919032_b71752_c20250901204601183000_oeac_ops.dspace_rad,,eez_v11.shp,WPP_BFAR_merge.shp,vbd_mpa_r20170830.shp,VNF-VBD_npp_20120301-20151231_global_asia-enhanced_c201607211230.bitmask,vbd_landsea_r20220824.mask,timezone.shp,VBD_platforms-recurring_2015_r20170330.shp,999999,VBD_bridges_c20160811.shp,14.355770;12.550855;10.047329;5.199992;7.537566;9.452507,80.383789;94.474220;108.227211;106.936050;93.332306;79.482437,npp_d20250901_t1916136_e1917378_b71752;npp_d20250901_t1917390_e1919032_b71752;npp_d20250901_t1919044_e1920286_b71752;npp_d20250901_t1920298_e1921540_b71752,145.442,64.3789,52.1195,-79.8154,108.38,-117.768
292,VBD_npp_d20250901_t1918469_x1013662E_y072536N_l0612_s3199_v23,2025-09-01 21:28:11,7.253616,101.366158,3.66437,2025-09-01 19:18:46,2025-09-02 02:18:46,612,3199,0.0943492,2,2337,0.20541,0.055,0.671249,0.4,0.73573,0.75,1.34421e-12,0.0001,0,999999,3.000131e-01,3,Thailand Exclusive Economic Zone,,,SVDNB_npp_d20250901_t1917390_e1919032_b71752_c20250901204547765000_oeac_ops.h5,GDNBO_npp_d20250901_t1917390_e1919032_b71752_c20250901204324159000_oeac_ops.h5,SVI04_npp_d20250901_t1917390_e1919032_b71752_c20250901204601183000_oeac_ops.dspace_rad,,eez_v11.shp,WPP_BFAR_merge.shp,vbd_mpa_r20170830.shp,VNF-VBD_npp_20120301-20151231_global_asia-enhanced_c201607211230.bitmask,vbd_landsea_r20220824.mask,timezone.shp,VBD_platforms-recurring_2015_r20170330.shp,999999,VBD_bridges_c20160811.shp,14.355770;12.550855;10.047329;5.199992;7.537566;9.452507,80.383789;94.474220;108.227211;106.936050;93.332306;79.482437,npp_d20250901_t1916136_e1917378_b71752;npp_d20250901_t1917390_e1919032_b71752;npp_d20250901_t1919044_e1920286_b71752;npp_d20250901_t1920298_e1921540_b71752,145.459,64.4503,52.1805,-80.232,108.361,-117.782
293,VBD_npp_d20250901_t1918469_x1013900E_y072283N_l0615_s3203_v23,2025-09-01 21:28:11,7.228308,101.389969,3.30557,2025-09-01 19:18:46,2025-09-02 02:18:46,615,3203,0.102885,2,2337,0.170133,0.055,0.626895,0.4,0.674909,0.75,1.33706e-12,0.0001,0,999999,2.002038e-01,3,Thailand Exclusive Economic Zone,,,SVDNB_npp_d20250901_t1917390_e1919032_b71752_c20250901204547765000_oeac_ops.h5,GDNBO_npp_d20250901_t1917390_e1919032_b71752_c20250901204324159000_oeac_ops.h5,SVI04_npp_d20250901_t1917390_e1919032_b71752_c20250901204601183000_oeac_ops.dspace_rad,,eez_v11.shp,WPP_BFAR_merge.shp,vbd_mpa_r20170830.shp,VNF-VBD_npp_20120301-20151231_global_asia-enhanced_c201607211230.bitmask,vbd_landsea_r20220824.mask,timezone.shp,VBD_platforms-recurring_2015_r20170330.shp,999999,VBD_bridges_c20160811.shp,14.355770;12.550855;10.047329;5.199992;7.537566;9.452507,80.383789;94.474220;108.227211;106.936050;93.332306;79.482437,npp_d20250901_t1916136_e1917378_b71752;npp_d20250901_t1917390_e1919032_b71752;npp_d20250901_t1919044_e1920286_b71752;npp_d20250901_t1920298_e1921540_b71752,145.449,64.5013,52.2947,-80.0786,108.37,-117.79
294,VBD_npp_d20250901_t1918469_x1014359E_y072472N_l0611_s3209_v23,2025-09-01 21:28:11,7.247225,101.435860,2.82718,2025-09-01 19:18:46,2025-09-02 02:18:46,611,3209,0.0752149,2,2337,0.108274,0.06875,0.571839,0.4,0.530432,0.75,1.27195e-12,0.0001,0,999999,2.239129e-01,3,Thailand Exclusive Economic Zone,,,SVDNB_npp_d20250901_t1917390_e1919032_b71752_c20250901204547765000_oeac_ops.h5,GDNBO_npp_d20250901_t1917390_e1919032_b71752_c20250901204324159000_oeac_ops.h5,SVI04_npp_d20250901_t1917390_e1919032_b71752_c20250901204601183000_oeac_ops.dspace_rad,,eez_v11.shp,WPP_BFAR_merge.shp,vbd_mpa_r20170830.shp,VNF-VBD_npp_20120301-20151231_global_asia-enhanced_c201607211230.bitmask,vbd_landsea_r20220824.mask,timezone.shp,VBD_platforms-recurring_2015_r20170330.shp,999999,VBD_bridges_c20160811.shp,14.355770;12.550855;10.047329;5.199992;7.537566;9.452507,80.383789;94.474220;108.227211;106.936050;93.332306;79.482437,npp_d20250901_t1916136_e1917378_b71752;npp_d20250901_t1917390_e1919032_b71752;npp_d20250901_t1919044_e1920286_b71752;npp_d20250901_t1920298_e1921540_b71752,145.399,64.5107,52.4664,-80.2632,108.419,-117.785
295,VBD_npp_d20250901_t1918469_x1014505E_y072173N_l0615_s3212_v23,2025-09-01 21:28:11,7.217325,101.450462,2.20651,2025-09-01 19:18:46,2025-09-02 02:18:46,615,3212,0.0804075,10,2305,0.0688116,0.06875,0.383757,0.4,0.474332,0.75,1.27676e-12,0.0001,0,999999,-2.201857e-01,3,Thailand Exclusive Economic Zone,,,SVDNB_npp_d20250901_t1917390_e1919032_b71752_c20250901204547765000_oeac_ops.h5,GDNBO_npp_d20250901_t1917390_e1919032_b71752_c20250901204324159000_oeac_ops.h5,SVI04_npp_d20250901_t1917390_e1919032_b71752_c20250901204601183000_oeac_ops.dspace_rad,,eez_v11.shp,WPP_BFAR_merge.shp,vbd_mpa_r20170830.shp,VNF-VBD_npp_20120301-20151231_global_asia-enhanced_c201607211230.bitmask,vbd_landsea_r20220824.mask,timezone.shp,VBD_platforms-recurring_2015_r20170330.shp,999999,VBD_bridges_c20160811.shp,14.355770;12.550855;10.047329;5.199992;7.537566;9.452507,80.383789;94.474220;108.227211;106.936050;93.332306;79.482437,npp_d20250901_t1916136_e1917378_b71752;npp_d20250901_t1917390_e1919032_b71752;npp_d20250901_t1919044_e1920286_b71752;npp_d20250901_t1920298_e1921540_b71752,145.399,64.5607,52.5459,-80.0684,108.418,-117.794
296,VBD_npp_d20250901_t1918433_x1015106E_y073674N_l0591_s3215_v23,2025-09-01 21:28:11,7.367425,101.510635,5.37046,2025-09-01 19:18:43,2025-09-02 02:18:43,591,3215,0.109785,1,2401,0.301041,0.06875,0.663399,0.4,0.823954,0.75,1.11185e-12,0.0001,0,999999,4.002029e-01,3,Thailand Exclusive Economic Zone,,,SVDNB_npp_d20250901_t1917390_e1919032_b71752_c20250901204547765000_oeac_ops.h5,GDNBO_npp_d20250901_t1917390_e1919032_b71752_c20250901204324159000_oeac_ops.h5,SVI04_npp_d20250901_t1917390_e1919032_b71752_c20250901204601183000_oeac_ops.dspace_rad,,eez_v11.shp,WPP_BFAR_merge.shp,vbd_mpa_r20170830.shp,VNF-VBD_npp_20120301-20151231_global_asia-enhanced_c201607211230.bitmask,vbd_landsea_r20220824.mask,timezone.shp,VBD_platforms-recurring_2015_r20170330.shp,999999,VBD_bridges_c20160811.shp,14.355770;12.550855;10.047329;5.199992;7.537566;9.452507,80.383789;94.474220;108.227211;106.936050;93.332306;79.482437,npp_d20250901_t1916136_e1917378_b71752;npp_d20250901_t1917390_e1919032_b71752;npp_d20250901_t1919044_e1920286_b71752;npp_d20250901_t1920298_e1921540_b71752,145.294,64.3985,52.6228,-79.6486,108.528,-117.753
297,VBD_npp_d20250901_t1918433_x1015366E_y073627N_l0591_s3219_v23,2025-09-01 21:28:11,7.362749,101.536591,5.17283,2025-09-01 19:18:43,2025-09-02 02:18:43,591,3219,0.107082,2,2337,0.224872,0.06875,0.618784,0.4,0.696972,0.75,1.08815e-12,0.0001,0,999999,4.174589e-01,3,Thailand Exclusive Economic Zone,,,SVDNB_npp_d20250901_t1917390_e1919032_b71752_c20250901204547765000_oeac_ops.h5,GDNBO_npp_d20250901_t1917390_e1919032_b71752_c20250901204324159000_oeac_ops.h5,SVI04_npp_d20250901_t1917390_e1919032_b71752_c20250901204601183000_oeac_ops.dspace_rad,,eez_v11.shp,WPP_BFAR_merge.shp,vbd_mpa_r20170830.shp,VNF-VBD_npp_20120301-20151231_global_asia-enhanced_c201607211230.bitmask,vbd_landsea_r20220824.mask,timezone.shp,VBD_platforms-recurring_2015_r20170330.shp,999999,VBD_bridges_c20160811.shp,14.355770;12.550855;10.047329;5.199992;7.537566;9.452507,80.383789;94.474220;108.227211;106.936050;93.332306;79.482437,npp_d20250901_t1916136_e1917378_b71752;npp_d20250901_t1917390_e1919032_b71752;npp_d20250901_t1919044_e1920286_b71752;npp_d20250901_t1920298_e1921540_b71752,145.273,64.424,52.7298,-79.6458,108.548,-117.755
298,VBD_npp_d20250901_t1918433_x1015479E_y073882N_l0587_s3220_v23,2025-09-01 21:28:11,7.388215,101.547859,2.7701,2025-09-01 19:18:43,2025-09-02 02:18:43,587,3220,0.091575,2,2337,0.103517,0.06875,0.616085,0.4,0.56909,0.75,1.05873e-12,0.0001,0,999999,1.603226e-01,3,Thailand Exclusive Economic Zone,,,SVDNB_npp_d20250901_t1917390_e1919032_b71752_c20250901204547765000_oeac_ops.h5,GDNBO_npp_d20250901_t1917390_e1919032_b71752_c20250901204324159000_oeac_ops.h5,SVI04_npp_d20250901_t1917390_e1919032_b71752_c20250901204601183000_oeac_ops.dspace_rad,,eez_v11.shp,WPP_BFAR_merge.shp,vbd_mpa_r20170830.shp,VNF-VBD_npp_20120301-20151231_global_asia-enhanced_c201607211230.bitmask,vbd_landsea_r20220824.mask,timezone.shp,VBD_platforms-recurring_2015_r20170330.shp,999999,VBD_bridges_c20160811.shp,14.355770;12.550855;10.047329;5.199992;7.537566;9.452507,80.383789;94.474220;108.227211;106.936050;93.332306;79.482437,npp_d20250901_t1916136_e1917378_b71752;npp_d20250901_t1917390_e1919032_b71752;npp_d20250901_t1919044_e1920286_b71752;npp_d20250901_t1920298_e1921540_b71752,145.252,64.3993,52.7562,-79.8367,108.57,-117.748
299,VBD_npp_d20250901_t1918362_x1016985E_y078407N_l0516_s3226_v23,2025-09-01 21:28:11,7.840697,101.698502,6.59164,2025-09-01 19:18:36,2025-09-02 02:18:36,516,3226,0.180916,1,2401,0.36796,0.06875,0.698526,0.4,0.839277,0.75,7.46186e-13,0.0001,0,999999,-1.017547e-01,3,Thailand Exclusive Economic Zone,,,SVDNB_npp_d20250901_t1917390_e1919032_b71752_c20250901204547765000_oeac_ops.h5,GDNBO_npp_d20250901_t1917390_e1919032_b71752_c20250901204324159000_oeac_ops.h5,SVI04_npp_d20250901_t1917390_e1919032_b71752_c20250901204601183000_oeac_ops.dspace_rad,,eez_v11.shp,WPP_BFAR_merge.shp,vbd_mpa_r20170830.shp,VNF-VBD_npp_20120301-20151231_global_asia-enhanced_c201607211230.bitmask,vbd_landsea_r20220824.mask,timezone.shp,VBD_platforms-recurring_2015_r20170330.shp,999999,VBD_bridges_c20160811.shp,14.355770;12.550855;10.047329;5.199992;7.537566;9.452507,80.383789;94.474220;108.227211;106.936050;93.332306;79.482437,npp_d20250901_t1916136_e1917378_b71752;npp_d20250901_t1917390_e1919032_b71752;npp_d20250901_t1919044_e1920286_b71752;npp_d20250901_t1920298_e1921540_b71752,144.946,63.9065,52.9189,-80.0976,108.886,-117.62
300,VBD_npp_d20250901_t1918362_x1017224E_y078227N_l0518_s3230_v23,2025-09-01 21:28:11,7.822692,101.722389,2.31038,2025-09-01 19:18:36,2025-09-02 02:18:36,518,3230,0.259017,2,2337,0.103094,0.06875,0.702785,0.4,0.450946,0.75,7.36389e-13,0.0001,0,999999,3.375833e-01,3,Thailand Exclusive Economic Zone,,,SVDNB_npp_d20250901_t1917390_e1919032_b71752_c20250901204547765000_oeac_ops.h5,GDNBO_npp_d20250901_t1917390_e1919032_b71752_c20250901204324159000_oeac_ops.h5,SVI04_npp_d20250901_t1917390_e1919032_b71752_c20250901204601183000_oeac_ops.dspace_rad,,eez_v11.shp,WPP_BFAR_merge.shp,vbd_mpa_r20170830.shp,VNF-VBD_npp_20120301-20151231_global_asia-enhanced_c201607211230.bitmask,vbd_landsea_r20220824.mask,timezone.shp,VBD_platforms-recurring_2015_r20170330.shp,999999,VBD_bridges_c20160811.shp,14.355770;12.550855;10.047329;5.199992;7.537566;9.452507,80.383789;94.474220;108.227211;106.936050;93.332306;79.482437,npp_d20250901_t1916136_e1917378_b71752;npp_d20250901_t1917390_e1919032_b71752;npp_d20250901_t1919044_e1920286_b71752;npp_d20250901_t1920298_e1921540_b71752,144.933,63.9476,53.0258,-79.9984,108.898,-117.626
301,VBD_npp_d20250901_t1918345_x1018031E_y079296N_l0500_s3238_v23,2025-09-01 21:28:11,7.929645,101.803123,3.8428,2025-09-01 19:18:34,2025-09-02 02:18:34,500,3238,0.105303,1,2401,0.238305,0.06875,0.718703,0.4,0.789622,0.75,6.41535e-13,0.0001,0,999999,1.647964e-01,3,Thailand Exclusive Economic Zone,,,SVDNB_npp_d20250901_t1917390_e1919032_b71752_c20250901204547765000_oeac_ops.h5,GDNBO_npp_d20250901_t1917390_e1919032_b71752_c20250901204324159000_oeac_ops.h5,SVI04_npp_d20250901_t1917390_e1919032_b71752_c20250901204601183000_oeac_ops.dspace_rad,,eez_v11.shp,WPP_BFAR_merge.shp,vbd_mpa_r20170830.shp,VNF-VBD_npp_20120301-20151231_global_asia-enhanced_c201607211230.bitmask,vbd_landsea_r20220824.mask,timezone.shp,VBD_platforms-recurring_2015_r20170330.shp,999999,VBD_bridges_c20160811.shp,14.355770;12.550855;10.047329;5.199992;7.537566;9.452507,80.383789;94.474220;108.227211;106.936050;93.332306;79.482437,npp_d20250901_t1916136_e1917378_b71752;npp_d20250901_t1917390_e1919032_b71752;npp_d20250901_t1919044_e1920286_b71752;npp_d20250901_t1920298_e1921540_b71752,144.821,63.8665,53.2393,-80.0665,109.012,-117.596
302,VBD_npp_d20250901_t1918327_x1018284E_y079570N_l0495_s3240_v23,2025-09-01 21:28:11,7.956993,101.828430,6.39546,2025-09-01 19:18:32,2025-09-02 02:18:32,495,3240,0.124082,1,2401,0.373975,0.06875,0.785111,0.4,0.837255,0.75,6.17079e-13,0.0001,0,999999,9.947913e-02,3,Thailand Exclusive Economic Zone,,,SVDNB_npp_d20250901_t1917390_e1919032_b71752_c20250901204547765000_oeac_ops.h5,GDNBO_npp_d20250901_t1917390_e1919032_b71752_c20250901204324159000_oeac_ops.h5,SVI04_npp_d20250901_t1917390_e1919032_b71752_c20250901204601183000_oeac_ops.dspace_rad,,eez_v11.shp,WPP_BFAR_merge.shp,vbd_mpa_r20170830.shp,VNF-VBD_npp_20120301-20151231_global_asia-enhanced_c201607211230.bitmask,vbd_landsea_r20220824.mask,timezone.shp,VBD_platforms-recurring_2015_r20170330.shp,999999,VBD_bridges_c20160811.shp,14.355770;12.550855;10.047329;5.199992;7.537566;9.452507,80.383789;94.474220;108.227211;106.936050;93.332306;79.482437,npp_d20250901_t1916136_e1917378_b71752;npp_d20250901_t1917390_e1919032_b71752;npp_d20250901_t1919044_e1920286_b71752;npp_d20250901_t1920298_e1921540_b71752,144.793,63.8453,53.2911,-79.527,109.04,-117.588
303,VBD_npp_d20250901_t1918416_x1020255E_y073903N_l0574_s3288_v23,2025-09-01 21:28:11,7.390259,102.025490,102.735,2025-09-01 19:18:41,2025-09-02 02:18:41,574,3288,0.353977,1,2401,1.33606,0.06875,0.914645,0.4,0.969379,0.75,6.58506e-13,0.0001,0,999999,1.111786e-01,3,Thailand Exclusive Economic Zone,,,SVDNB_npp_d20250901_t1917390_e1919032_b71752_c20250901204547765000_oeac_ops.h5,GDNBO_npp_d20250901_t1917390_e1919032_b71752_c20250901204324159000_oeac_ops.h5,SVI04_npp_d20250901_t1917390_e1919032_b71752_c20250901204601183000_oeac_ops.dspace_rad,,eez_v11.shp,WPP_BFAR_merge.shp,vbd_mpa_r20170830.shp,VNF-VBD_npp_20120301-20151231_global_asia-enhanced_c201607211230.bitmask,vbd_landsea_r20220824.mask,timezone.shp,VBD_platforms-recurring_2015_r20170330.shp,999999,VBD_bridges_c20160811.shp,14.355770;12.550855;10.047329;5.199992;7.537566;9.452507,80.383789;94.474220;108.227211;106.936050;93.332306;79.482437,npp_d20250901_t1916136_e1917378_b71752;npp_d20250901_t1917390_e1919032_b71752;npp_d20250901_t1919044_e1920286_b71752;npp_d20250901_t1920298_e1921540_b71752,144.829,64.7435,54.5753,-79.6318,108.982,-117.757
304,VBD_npp_d20250901_t1918451_x1020024E_y072271N_l0599_s3291_v23,2025-09-01 21:28:11,7.227087,102.002449,2.66041,2025-09-01 19:18:45,2025-09-02 02:18:45,599,3291,0.122588,8,18721,0.117371,0.06875,0.730184,0.4,0.614477,0.75,7.41401e-13,0.0001,0,999999,-3.100064e-02,3,Thailand Exclusive Economic Zone,,,SVDNB_npp_d20250901_t1917390_e1919032_b71752_c20250901204547765000_oeac_ops.h5,GDNBO_npp_d20250901_t1917390_e1919032_b71752_c20250901204324159000_oeac_ops.h5,SVI04_npp_d20250901_t1917390_e1919032_b71752_c20250901204601183000_oeac_ops.dspace_rad,,eez_v11.shp,WPP_BFAR_merge.shp,vbd_mpa_r20170830.shp,VNF-VBD_npp_20120301-20151231_global_asia-enhanced_c201607211230.bitmask,vbd_landsea_r20220824.mask,timezone.shp,VBD_platforms-recurring_2015_r20170330.shp,0.356162,VBD_bridges_c20160811.shp,14.355770;12.550855;10.047329;5.199992;7.537566;9.452507,80.383789;94.474220;108.227211;106.936050;93.332306;79.482437,npp_d20250901_t1916136_e1917378_b71752;npp_d20250901_t1917390_e1919032_b71752;npp_d20250901_t1919044_e1920286_b71752;npp_d20250901_t1920298_e1921540_b71752,144.906,64.9475,54.6523,-79.9812,108.898,-117.804
305,VBD_npp_d20250901_t1918451_x1019989E_y072072N_l0602_s3291_v23,2025-09-01 21:28:11,7.207170,101.998863,4.94437,2025-09-01 19:18:45,2025-09-02 02:18:45,602,3291,0.111847,2,2337,0.255381,0.06875,0.730184,0.4,0.723569,0.75,7.52947e-13,0.0001,0,999999,-1.197531e-01,3,Thailand Exclusive Economic Zone,,,SVDNB_npp_d20250901_t1917390_e1919032_b71752_c20250901204547765000_oeac_ops.h5,GDNBO_npp_d20250901_t1917390_e1919032_b71752_c20250901204324159000_oeac_ops.h5,SVI04_npp_d20250901_t1917390_e1919032_b71752_c20250901204601183000_oeac_ops.dspace_rad,,eez_v11.shp,WPP_BFAR_merge.shp,vbd_mpa_r20170830.shp,VNF-VBD_npp_20120301-20151231_global_asia-enhanced_c201607211230.bitmask,vbd_landsea_r20220824.mask,timezone.shp,VBD_platforms-recurring_2015_r20170330.shp,999999,VBD_bridges_c20160811.shp,14.355770;12.550855;10.047329;5.199992;7.537566;9.452507,80.383789;94.474220;108.227211;106.936050;93.332306;79.482437,npp_d20250901_t1916136_e1917378_b71752;npp_d20250901_t1917390_e1919032_b71752;npp_d20250901_t1919044_e1920286_b71752;npp_d20250901_t1920298_e1921540_b71752,144.918,64.9706,54.6522,-79.8462,108.886,-117.809
306,VBD_npp_d20250901_t1918558_x1018393E_y065553N_l0703_s3291_v23,2025-09-01 21:28:11,6.555252,101.839310,2.69798,2025-09-01 19:18:55,2025-09-02 02:18:55,703,3291,0.0702358,2,2337,0.123806,0.06875,0.702374,0.4,0.603627,0.75,1.0262e-12,0.0001,0,999999,2.213132e-01,3,Thailand Exclusive Economic Zone,,,SVDNB_npp_d20250901_t1917390_e1919032_b71752_c20250901204547765000_oeac_ops.h5,GDNBO_npp_d20250901_t1917390_e1919032_b71752_c20250901204324159000_oeac_ops.h5,SVI04_npp_d20250901_t1917390_e1919032_b71752_c20250901204601183000_oeac_ops.dspace_rad,,eez_v11.shp,WPP_BFAR_merge.shp,vbd_mpa_r20170830.shp,VNF-VBD_npp_20120301-20151231_global_asia-enhanced_c201607211230.bitmask,vbd_landsea_r20220824.mask,timezone.shp,VBD_platforms-recurring_2015_r20170330.shp,999999,VBD_bridges_c20160811.shp,14.355770;12.550855;10.047329;5.199992;7.537566;9.452507,80.383789;94.474220;108.227211;106.936050;93.332306;79.482437,npp_d20250901_t1916136_e1917378_b71752;npp_d20250901_t1917390_e1919032_b71752;npp_d20250901_t1919044_e1920286_b71752;npp_d20250901_t1920298_e1921540_b71752,145.294,65.7381,54.6501,-79.7266,108.481,-117.991
307,VBD_npp_d20250901_t1918451_x1020148E_y071837N_l0605_s3294_v23,2025-09-01 21:28:11,7.183734,102.014809,4.2341,2025-09-01 19:18:45,2025-09-02 02:18:45,605,3294,0.108149,1,2401,0.219928,0.06875,0.732034,0.4,0.767259,0.75,7.53718e-13,0.0001,0,999999,-1.982968e-01,3,Thailand Exclusive Economic Zone,,,SVDNB_npp_d20250901_t1917390_e1919032_b71752_c20250901204547765000_oeac_ops.h5,GDNBO_npp_d20250901_t1917390_e1919032_b71752_c20250901204324159000_oeac_ops.h5,SVI04_npp_d20250901_t1917390_e1919032_b71752_c20250901204601183000_oeac_ops.dspace_rad,,eez_v11.shp,WPP_BFAR_merge.shp,vbd_mpa_r20170830.shp,VNF-VBD_npp_20120301-20151231_global_asia-enhanced_c201607211230.bitmask,vbd_landsea_r20220824.mask,timezone.shp,VBD_platforms-recurring_2015_r20170330.shp,999999,VBD_bridges_c20160811.shp,14.355770;12.550855;10.047329;5.199992;7.537566;9.452507,80.383789;94.474220;108.227211;106.936050;93.332306;79.482437,npp_d20250901_t1916136_e1917378_b71752;npp_d20250901_t1917390_e1919032_b71752;npp_d20250901_t1919044_e1920286_b71752;npp_d20250901_t1920298_e1921540_b71752,144.913,65.0123,54.7278,-79.709,108.889,-117.816
308,VBD_npp_d20250901_t1918576_x1018743E_y065242N_l0707_s3298_v23,2025-09-01 21:28:11,6.524171,101.874283,8.11474,2025-09-01 19:18:57,2025-09-02 02:18:57,707,3298,0.119316,1,2401,0.407477,0.06875,0.732094,0.4,0.8511,0.75,9.92424e-13,0.0001,0,999999,7.225684e-02,3,Thailand Exclusive Economic Zone,,,SVDNB_npp_d20250901_t1917390_e1919032_b71752_c20250901204547765000_oeac_ops.h5,GDNBO_npp_d20250901_t1917390_e1919032_b71752_c20250901204324159000_oeac_ops.h5,SVI04_npp_d20250901_t1917390_e1919032_b71752_c20250901204601183000_oeac_ops.dspace_rad,,eez_v11.shp,WPP_BFAR_merge.shp,vbd_mpa_r20170830.shp,VNF-VBD_npp_20120301-20151231_global_asia-enhanced_c201607211230.bitmask,vbd_landsea_r20220824.mask,timezone.shp,VBD_platforms-recurring_2015_r20170330.shp,999999,VBD_bridges_c20160811.shp,14.355770;12.550855;10.047329;5.199992;7.537566;9.452507,80.383789;94.474220;108.227211;106.936050;93.332306;79.482437,npp_d20250901_t1916136_e1917378_b71752;npp_d20250901_t1917390_e1919032_b71752;npp_d20250901_t1919044_e1920286_b71752;npp_d20250901_t1920298_e1921540_b71752,145.268,65.8088,54.8287,-80.2811,108.503,-118.001
309,VBD_npp_d20250901_t1918451_x1020589E_y072033N_l0601_s3300_v23,2025-09-01 21:28:11,7.203337,102.058861,4.46993,2025-09-01 19:18:45,2025-09-02 02:18:45,601,3300,0.144568,2,2337,0.198741,0.06875,0.666659,0.4,0.691727,0.75,7.17428e-13,0.0001,0,999999,-2.736238e-01,3,Thailand Exclusive Economic Zone,,,SVDNB_npp_d20250901_t1917390_e1919032_b71752_c20250901204547765000_oeac_ops.h5,GDNBO_npp_d20250901_t1917390_e1919032_b71752_c20250901204324159000_oeac_ops.h5,SVI04_npp_d20250901_t1917390_e1919032_b71752_c20250901204601183000_oeac_ops.dspace_rad,,eez_v11.shp,WPP_BFAR_merge.shp,vbd_mpa_r20170830.shp,VNF-VBD_npp_20120301-20151231_global_asia-enhanced_c201607211230.bitmask,vbd_landsea_r20220824.mask,timezone.shp,VBD_platforms-recurring_2015_r20170330.shp,999999,VBD_bridges_c20160811.shp,14.355770;12.550855;10.047329;5.199992;7.537566;9.452507,80.383789;94.474220;108.227211;106.936050;93.332306;79.482437,npp_d20250901_t1916136_e1917378_b71752;npp_d20250901_t1917390_e1919032_b71752;npp_d20250901_t1919044_e1920286_b71752;npp_d20250901_t1920298_e1921540_b71752,144.866,65.0188,54.8791,-79.8841,108.937,-117.812
310,VBD_npp_d20250901_t1918451_x1020553E_y071833N_l0604_s3300_v23,2025-09-01 21:28:11,7.183336,102.055260,4.70712,2025-09-01 19:18:45,2025-09-02 02:18:45,604,3300,0.127496,2,2337,0.232371,0.06875,0.6814,0.4,0.701314,0.75,7.28484e-13,0.0001,0,999999,1.139188e-01,3,Thailand Exclusive Economic Zone,,,SVDNB_npp_d20250901_t1917390_e1919032_b71752_c20250901204547765000_oeac_ops.h5,GDNBO_npp_d20250901_t1917390_e1919032_b71752_c20250901204324159000_oeac_ops.h5,SVI04_npp_d20250901_t1917390_e1919032_b71752_c20250901204601183000_oeac_ops.dspace_rad,,eez_v11.shp,WPP_BFAR_merge.shp,vbd_mpa_r20170830.shp,VNF-VBD_npp_20120301-20151231_global_asia-enhanced_c201607211230.bitmask,vbd_landsea_r20220824.mask,timezone.shp,VBD_platforms-recurring_2015_r20170330.shp,999999,VBD_bridges_c20160811.shp,14.355770;12.550855;10.047329;5.199992;7.537566;9.452507,80.383789;94.474220;108.227211;106.936050;93.332306;79.482437,npp_d20250901_t1916136_e1917378_b71752;npp_d20250901_t1917390_e1919032_b71752;npp_d20250901_t1919044_e1920286_b71752;npp_d20250901_t1920298_e1921540_b71752,144.877,65.042,54.8791,-79.7495,108.924,-117.818
311,VBD_npp_d20250901_t1918469_x1021371E_y071028N_l0614_s3315_v23,2025-09-01 21:28:11,7.102792,102.137108,17.2154,2025-09-01 19:18:46,2025-09-02 02:18:46,614,3315,0.215841,8,18785,0.68739,0.06875,0.850814,0.4,0.929688,0.75,7.09016e-13,0.0001,0,999999,1.391234e-01,3,Thailand Exclusive Economic Zone,,,SVDNB_npp_d20250901_t1917390_e1919032_b71752_c20250901204547765000_oeac_ops.h5,GDNBO_npp_d20250901_t1917390_e1919032_b71752_c20250901204324159000_oeac_ops.h5,SVI04_npp_d20250901_t1917390_e1919032_b71752_c20250901204601183000_oeac_ops.dspace_rad,,eez_v11.shp,WPP_BFAR_merge.shp,vbd_mpa_r20170830.shp,VNF-VBD_npp_20120301-20151231_global_asia-enhanced_c201607211230.bitmask,vbd_landsea_r20220824.mask,timezone.shp,VBD_platforms-recurring_2015_r20170330.shp,0.313526,VBD_bridges_c20160811.shp,14.355770;12.550855;10.047329;5.199992;7.537566;9.452507,80.383789;94.474220;108.227211;106.936050;93.332306;79.482437,npp_d20250901_t1916136_e1917378_b71752;npp_d20250901_t1917390_e1919032_b71752;npp_d20250901_t1919044_e1920286_b71752;npp_d20250901_t1920298_e1921540_b71752,144.831,65.2098,55.2623,-80.0256,108.965,-117.843
312,VBD_npp_d20250901_t1918327_x1023692E_y078876N_l0491_s3320_v23,2025-09-01 21:28:11,7.887641,102.369186,4.73997,2025-09-01 19:18:32,2025-09-02 02:18:32,491,3320,0.237963,1,2401,0.268373,0.06875,0.617211,0.4,0.755834,0.75,3.84856e-13,0.0001,0,999999,2.044340e-01,3,Thailand Exclusive Economic Zone,,,SVDNB_npp_d20250901_t1917390_e1919032_b71752_c20250901204547765000_oeac_ops.h5,GDNBO_npp_d20250901_t1917390_e1919032_b71752_c20250901204324159000_oeac_ops.h5,SVI04_npp_d20250901_t1917390_e1919032_b71752_c20250901204601183000_oeac_ops.dspace_rad,,eez_v11.shp,WPP_BFAR_merge.shp,vbd_mpa_r20170830.shp,VNF-VBD_npp_20120301-20151231_global_asia-enhanced_c201607211230.bitmask,vbd_landsea_r20220824.mask,timezone.shp,VBD_platforms-recurring_2015_r20170330.shp,999999,VBD_bridges_c20160811.shp,14.355770;12.550855;10.047329;5.199992;7.537566;9.452507,80.383789;94.474220;108.227211;106.936050;93.332306;79.482437,npp_d20250901_t1916136_e1917378_b71752;npp_d20250901_t1917390_e1919032_b71752;npp_d20250901_t1919044_e1920286_b71752;npp_d20250901_t1920298_e1921540_b71752,144.341,64.3364,55.3837,-79.6525,109.48,-117.617
313,VBD_npp_d20250901_t1918416_x1025984E_y073716N_l0562_s3371_v23,2025-09-01 21:28:11,7.371648,102.598419,11.9034,2025-09-01 19:18:41,2025-09-02 02:18:41,562,3371,0.35668,1,2401,0.576276,0.06875,0.855038,0.4,0.924888,0.75,3.87079e-13,0.0001,0,999999,1.238489e-01,3,Thailand Exclusive Economic Zone,,,SVDNB_npp_d20250901_t1917390_e1919032_b71752_c20250901204547765000_oeac_ops.h5,GDNBO_npp_d20250901_t1917390_e1919032_b71752_c20250901204324159000_oeac_ops.h5,SVI04_npp_d20250901_t1917390_e1919032_b71752_c20250901204601183000_oeac_ops.dspace_rad,,eez_v11.shp,WPP_BFAR_merge.shp,vbd_mpa_r20170830.shp,VNF-VBD_npp_20120301-20151231_global_asia-enhanced_c201607211230.bitmask,vbd_landsea_r20220824.mask,timezone.shp,VBD_platforms-recurring_2015_r20170330.shp,999999,VBD_bridges_c20160811.shp,14.355770;12.550855;10.047329;5.199992;7.537566;9.452507,80.383789;94.474220;108.227211;106.936050;93.332306;79.482437,npp_d20250901_t1916136_e1917378_b71752;npp_d20250901_t1917390_e1919032_b71752;npp_d20250901_t1919044_e1920286_b71752;npp_d20250901_t1920298_e1921540_b71752,144.323,65.1789,56.6707,-80.0952,109.473,-117.776
314,VBD_npp_d20250901_t1918576_x1024217E_y063505N_l0718_s3381_v23,2025-09-01 21:28:11,6.350469,102.421700,3.07508,2025-09-01 19:18:57,2025-09-02 02:18:57,718,3381,0.0878051,2,2337,0.193713,0.06875,0.562448,0.4,0.737629,0.75,6.12206e-13,0.0001,0,999999,-1.447665e-01,3,Malaysian Exclusive Economic Zone,,,SVDNB_npp_d20250901_t1917390_e1919032_b71752_c20250901204547765000_oeac_ops.h5,GDNBO_npp_d20250901_t1917390_e1919032_b71752_c20250901204324159000_oeac_ops.h5,SVI04_npp_d20250901_t1917390_e1919032_b71752_c20250901204601183000_oeac_ops.dspace_rad,,eez_v11.shp,WPP_BFAR_merge.shp,vbd_mpa_r20170830.shp,VNF-VBD_npp_20120301-20151231_global_asia-enhanced_c201607211230.bitmask,vbd_landsea_r20220824.mask,timezone.shp,VBD_platforms-recurring_2015_r20170330.shp,999999,VBD_bridges_c20160811.shp,14.355770;12.550855;10.047329;5.199992;7.537566;9.452507,80.383789;94.474220;108.227211;106.936050;93.332306;79.482437,npp_d20250901_t1916136_e1917378_b71752;npp_d20250901_t1917390_e1919032_b71752;npp_d20250901_t1919044_e1920286_b71752;npp_d20250901_t1920298_e1921540_b71752,144.841,66.4127,56.9186,-79.7326,108.899,-118.071
315,VBD_npp_d20250901_t1918433_x1027875E_y071808N_l0585_s3404_v23,2025-09-01 21:28:11,7.180828,102.787483,1.73225,2025-09-01 19:18:43,2025-09-02 02:18:43,585,3404,0.131195,8,18689,0.0916734,0.06875,0.359242,0.4,0.69146,0.75,3.67868e-13,0.0001,0,999999,1.163753e-02,3,Malaysian Exclusive Economic Zone,,,SVDNB_npp_d20250901_t1917390_e1919032_b71752_c20250901204547765000_oeac_ops.h5,GDNBO_npp_d20250901_t1917390_e1919032_b71752_c20250901204324159000_oeac_ops.h5,SVI04_npp_d20250901_t1917390_e1919032_b71752_c20250901204601183000_oeac_ops.dspace_rad,,eez_v11.shp,WPP_BFAR_merge.shp,vbd_mpa_r20170830.shp,VNF-VBD_npp_20120301-20151231_global_asia-enhanced_c201607211230.bitmask,vbd_landsea_r20220824.mask,timezone.shp,VBD_platforms-recurring_2015_r20170330.shp,0.493699,VBD_bridges_c20160811.shp,14.355770;12.550855;10.047329;5.199992;7.537566;9.452507,80.383789;94.474220;108.227211;106.936050;93.332306;79.482437,npp_d20250901_t1916136_e1917378_b71752;npp_d20250901_t1917390_e1919032_b71752;npp_d20250901_t1919044_e1920286_b71752;npp_d20250901_t1920298_e1921540_b71752,144.225,65.5579,57.4705,-79.7832,109.556,-117.839
316,VBD_npp_d20250901_t1919011_x1026463E_y060828N_l0752_s3422_v23,2025-09-01 21:28:11,6.082784,102.646347,14.0916,2025-09-01 19:19:01,2025-09-02 03:19:01,752,3422,0.362442,1,2401,0.653069,0.06875,0.826778,0.4,0.950633,0.75,4.98731e-13,0.0001,0,999999,-1.179028e-03,3,Malaysian Exclusive Economic Zone,,,SVDNB_npp_d20250901_t1917390_e1919032_b71752_c20250901204547765000_oeac_ops.h5,GDNBO_npp_d20250901_t1917390_e1919032_b71752_c20250901204324159000_oeac_ops.h5,SVI04_npp_d20250901_t1917390_e1919032_b71752_c20250901204601183000_oeac_ops.dspace_rad,,eez_v11.shp,WPP_BFAR_merge.shp,vbd_mpa_r20170830.shp,VNF-VBD_npp_20120301-20151231_global_asia-enhanced_c201607211230.bitmask,vbd_landsea_r20220824.mask,timezone.shp,VBD_platforms-recurring_2015_r20170330.shp,999999,VBD_bridges_c20160811.shp,14.355770;12.550855;10.047329;5.199992;7.537566;9.452507,80.383789;94.474220;108.227211;106.936050;93.332306;79.482437,npp_d20250901_t1916136_e1917378_b71752;npp_d20250901_t1917390_e1919032_b71752;npp_d20250901_t1919044_e1920286_b71752;npp_d20250901_t1920298_e1921540_b71752,144.728,66.9205,57.9036,-79.6705,108.982,-118.159
317,VBD_npp_d20250901_t1919029_x1026447E_y060806N_l0753_s3423_v23,2025-09-01 21:28:11,6.080550,102.644714,13.0283,2025-09-01 19:19:02,2025-09-02 03:19:02,753,3423,0.362442,1,2401,0.59078,0.06875,0.857126,0.4,0.929296,0.75,4.95963e-13,0.0001,0,999999,8.247832e-02,3,Malaysian Exclusive Economic Zone,,,SVDNB_npp_d20250901_t1917390_e1919032_b71752_c20250901204547765000_oeac_ops.h5,GDNBO_npp_d20250901_t1917390_e1919032_b71752_c20250901204324159000_oeac_ops.h5,SVI04_npp_d20250901_t1917390_e1919032_b71752_c20250901204601183000_oeac_ops.dspace_rad,,eez_v11.shp,WPP_BFAR_merge.shp,vbd_mpa_r20170830.shp,VNF-VBD_npp_20120301-20151231_global_asia-enhanced_c201607211230.bitmask,vbd_landsea_r20220824.mask,timezone.shp,VBD_platforms-recurring_2015_r20170330.shp,999999,VBD_bridges_c20160811.shp,14.355770;12.550855;10.047329;5.199992;7.537566;9.452507,80.383789;94.474220;108.227211;106.936050;93.332306;79.482437,npp_d20250901_t1916136_e1917378_b71752;npp_d20250901_t1917390_e1919032_b71752;npp_d20250901_t1919044_e1920286_b71752;npp_d20250901_t1920298_e1921540_b71752,144.724,66.9272,57.9239,-80.3108,108.986,-118.16
318,VBD_npp_d20250901_t1918594_x1027312E_y062800N_l0721_s3428_v23,2025-09-01 21:28:11,6.280031,102.731155,1.56459,2025-09-01 19:18:59,2025-09-02 02:18:59,721,3428,0.385417,2,2337,0.08197,0.06875,0.536487,0.4,0.743641,0.75,4.82125e-13,0.0001,0,999999,7.552688e-02,3,Malaysian Exclusive Economic Zone,,,SVDNB_npp_d20250901_t1917390_e1919032_b71752_c20250901204547765000_oeac_ops.h5,GDNBO_npp_d20250901_t1917390_e1919032_b71752_c20250901204324159000_oeac_ops.h5,SVI04_npp_d20250901_t1917390_e1919032_b71752_c20250901204601183000_oeac_ops.dspace_rad,,eez_v11.shp,WPP_BFAR_merge.shp,vbd_mpa_r20170830.shp,VNF-VBD_npp_20120301-20151231_global_asia-enhanced_c201607211230.bitmask,vbd_landsea_r20220824.mask,timezone.shp,VBD_platforms-recurring_2015_r20170330.shp,999999,VBD_bridges_c20160811.shp,14.355770;12.550855;10.047329;5.199992;7.537566;9.452507,80.383789;94.474220;108.227211;106.936050;93.332306;79.482437,npp_d20250901_t1916136_e1917378_b71752;npp_d20250901_t1917390_e1919032_b71752;npp_d20250901_t1919044_e1920286_b71752;npp_d20250901_t1920298_e1921540_b71752,144.58,66.7159,58.0475,-80.268,109.143,-118.106
319,VBD_npp_d20250901_t1919011_x1027066E_y061001N_l0748_s3430_v23,2025-09-01 21:28:11,6.100106,102.706589,6.39954,2025-09-01 19:19:01,2025-09-02 03:19:01,748,3430,0.368132,1,2401,0.400036,0.06875,0.884583,0.4,0.921877,0.75,4.76589e-13,0.0001,0,999999,-1.157026e-01,3,Malaysian Exclusive Economic Zone,,,SVDNB_npp_d20250901_t1917390_e1919032_b71752_c20250901204547765000_oeac_ops.h5,GDNBO_npp_d20250901_t1917390_e1919032_b71752_c20250901204324159000_oeac_ops.h5,SVI04_npp_d20250901_t1917390_e1919032_b71752_c20250901204601183000_oeac_ops.dspace_rad,,eez_v11.shp,WPP_BFAR_merge.shp,vbd_mpa_r20170830.shp,VNF-VBD_npp_20120301-20151231_global_asia-enhanced_c201607211230.bitmask,vbd_landsea_r20220824.mask,timezone.shp,VBD_platforms-recurring_2015_r20170330.shp,999999,VBD_bridges_c20160811.shp,14.355770;12.550855;10.047329;5.199992;7.537566;9.452507,80.383789;94.474220;108.227211;106.936050;93.332306;79.482437,npp_d20250901_t1916136_e1917378_b71752;npp_d20250901_t1917390_e1919032_b71752;npp_d20250901_t1919044_e1920286_b71752;npp_d20250901_t1920298_e1921540_b71752,144.666,66.9375,58.096,-79.8317,109.043,-118.157
320,VBD_npp_d20250901_t1917482_x1038086E_y103766N_l0082_s3432_v23,2025-09-01 21:28:11,10.376571,103.808609,4.03467,2025-09-01 19:17:48,2025-09-02 02:17:48,82,3432,0.133187,8,18785,0.247639,0.06875,0.626,0.4,0.75963,0.75,3.92836e-14,0.0001,0,999999,-1.445280e-02,3,Cambodian Exclusive Economic Zone,,,SVDNB_npp_d20250901_t1917390_e1919032_b71752_c20250901204547765000_oeac_ops.h5,GDNBO_npp_d20250901_t1917390_e1919032_b71752_c20250901204324159000_oeac_ops.h5,SVI04_npp_d20250901_t1917390_e1919032_b71752_c20250901204601183000_oeac_ops.dspace_rad,,eez_v11.shp,WPP_BFAR_merge.shp,vbd_mpa_r20170830.shp,VNF-VBD_npp_20120301-20151231_global_asia-enhanced_c201607211230.bitmask,vbd_landsea_r20220824.mask,timezone.shp,VBD_platforms-recurring_2015_r20170330.shp,0.565133,VBD_bridges_c20160811.shp,14.355770;12.550855;10.047329;5.199992;7.537566;9.452507,80.383789;94.474220;108.227211;106.936050;93.332306;79.482437,npp_d20250901_t1916136_e1917378_b71752;npp_d20250901_t1917390_e1919032_b71752;npp_d20250901_t1919044_e1920286_b71752;npp_d20250901_t1920298_e1921540_b71752,142.117,62.3029,58.1409,-79.4221,111.714,-116.826
321,VBD_npp_d20250901_t1919011_x1027205E_y060976N_l0748_s3432_v23,2025-09-01 21:28:11,6.097620,102.720497,24.9611,2025-09-01 19:19:01,2025-09-02 03:19:01,748,3432,0.354475,1,2401,0.862137,0.06875,0.896735,0.4,0.966943,0.75,4.71054e-13,0.0001,0,999999,-6.835082e-02,3,Malaysian Exclusive Economic Zone,,,SVDNB_npp_d20250901_t1917390_e1919032_b71752_c20250901204547765000_oeac_ops.h5,GDNBO_npp_d20250901_t1917390_e1919032_b71752_c20250901204324159000_oeac_ops.h5,SVI04_npp_d20250901_t1917390_e1919032_b71752_c20250901204601183000_oeac_ops.dspace_rad,,eez_v11.shp,WPP_BFAR_merge.shp,vbd_mpa_r20170830.shp,VNF-VBD_npp_20120301-20151231_global_asia-enhanced_c201607211230.bitmask,vbd_landsea_r20220824.mask,timezone.shp,VBD_platforms-recurring_2015_r20170330.shp,999999,VBD_bridges_c20160811.shp,14.355770;12.550855;10.047329;5.199992;7.537566;9.452507,80.383789;94.474220;108.227211;106.936050;93.332306;79.482437,npp_d20250901_t1916136_e1917378_b71752;npp_d20250901_t1917390_e1919032_b71752;npp_d20250901_t1919044_e1920286_b71752;npp_d20250901_t1920298_e1921540_b71752,144.655,66.9499,58.1442,-79.8303,109.054,-118.158
322,VBD_npp_d20250901_t1918594_x1027755E_y062512N_l0724_s3435_v23,2025-09-01 21:28:11,6.251160,102.775459,3.91216,2025-09-01 19:18:59,2025-09-02 02:18:59,724,3435,0.14784,1,2401,0.241907,0.0825,0.689619,0.4,0.812946,0.75,4.62751e-13,0.0001,0,999999,-1.346845e-01,3,Malaysian Exclusive Economic Zone,,,SVDNB_npp_d20250901_t1917390_e1919032_b71752_c20250901204547765000_oeac_ops.h5,GDNBO_npp_d20250901_t1917390_e1919032_b71752_c20250901204324159000_oeac_ops.h5,SVI04_npp_d20250901_t1917390_e1919032_b71752_c20250901204601183000_oeac_ops.dspace_rad,,eez_v11.shp,WPP_BFAR_merge.shp,vbd_mpa_r20170830.shp,VNF-VBD_npp_20120301-20151231_global_asia-enhanced_c201607211230.bitmask,vbd_landsea_r20220824.mask,timezone.shp,VBD_platforms-recurring_2015_r20170330.shp,999999,VBD_bridges_c20160811.shp,14.355770;12.550855;10.047329;5.199992;7.537566;9.452507,80.383789;94.474220;108.227211;106.936050;93.332306;79.482437,npp_d20250901_t1916136_e1917378_b71752;npp_d20250901_t1917390_e1919032_b71752;npp_d20250901_t1919044_e1920286_b71752;npp_d20250901_t1920298_e1921540_b71752,144.551,66.7824,58.2131,-80.1379,109.168,-118.116
323,VBD_npp_d20250901_t1919011_x1027522E_y061202N_l0744_s3436_v23,2025-09-01 21:28:11,6.120221,102.752213,3.75497,2025-09-01 19:19:01,2025-09-02 03:19:01,744,3436,0.222172,1,2401,0.21675,0.0825,0.895165,0.4,0.773936,0.75,4.59983e-13,0.0001,0,999999,-2.411804e-01,3,Malaysian Exclusive Economic Zone,,,SVDNB_npp_d20250901_t1917390_e1919032_b71752_c20250901204547765000_oeac_ops.h5,GDNBO_npp_d20250901_t1917390_e1919032_b71752_c20250901204324159000_oeac_ops.h5,SVI04_npp_d20250901_t1917390_e1919032_b71752_c20250901204601183000_oeac_ops.dspace_rad,,eez_v11.shp,WPP_BFAR_merge.shp,vbd_mpa_r20170830.shp,VNF-VBD_npp_20120301-20151231_global_asia-enhanced_c201607211230.bitmask,vbd_landsea_r20220824.mask,timezone.shp,VBD_platforms-recurring_2015_r20170330.shp,999999,VBD_bridges_c20160811.shp,14.355770;12.550855;10.047329;5.199992;7.537566;9.452507,80.383789;94.474220;108.227211;106.936050;93.332306;79.482437,npp_d20250901_t1916136_e1917378_b71752;npp_d20250901_t1917390_e1919032_b71752;npp_d20250901_t1919044_e1920286_b71752;npp_d20250901_t1920298_e1921540_b71752,144.617,66.9413,58.237,-79.9936,109.092,-118.153
324,VBD_npp_d20250901_t1918594_x1027753E_y061735N_l0735_s3437_v23,2025-09-01 21:28:11,6.173459,102.775307,2.14801,2025-09-01 19:18:59,2025-09-02 03:18:59,735,3437,0.0847465,2,2337,0.114695,0.0825,0.820922,0.4,0.656991,0.75,4.57216e-13,0.0001,0,999999,-3.099917e-01,3,Malaysian Exclusive Economic Zone,,,SVDNB_npp_d20250901_t1917390_e1919032_b71752_c20250901204547765000_oeac_ops.h5,GDNBO_npp_d20250901_t1917390_e1919032_b71752_c20250901204324159000_oeac_ops.h5,SVI04_npp_d20250901_t1917390_e1919032_b71752_c20250901204601183000_oeac_ops.dspace_rad,,eez_v11.shp,WPP_BFAR_merge.shp,vbd_mpa_r20170830.shp,VNF-VBD_npp_20120301-20151231_global_asia-enhanced_c201607211230.bitmask,vbd_landsea_r20220824.mask,timezone.shp,VBD_platforms-recurring_2015_r20170330.shp,999999,VBD_bridges_c20160811.shp,14.355770;12.550855;10.047329;5.199992;7.537566;9.452507,80.383789;94.474220;108.227211;106.936050;93.332306;79.482437,npp_d20250901_t1916136_e1917378_b71752;npp_d20250901_t1917390_e1919032_b71752;npp_d20250901_t1919044_e1920286_b71752;npp_d20250901_t1920298_e1921540_b71752,144.581,66.8827,58.2589,-79.6803,109.131,-118.139
325,VBD_npp_d20250901_t1919011_x1027681E_y061316N_l0742_s3438_v23,2025-09-01 21:28:11,6.131563,102.768059,15.1558,2025-09-01 19:19:01,2025-09-02 03:19:01,742,3438,0.138237,1,2401,0.655254,0.0825,0.870356,0.4,0.929127,0.75,4.54448e-13,0.0001,0,999999,6.834177e-02,3,Malaysian Exclusive Economic Zone,,,SVDNB_npp_d20250901_t1917390_e1919032_b71752_c20250901204547765000_oeac_ops.h5,GDNBO_npp_d20250901_t1917390_e1919032_b71752_c20250901204324159000_oeac_ops.h5,SVI04_npp_d20250901_t1917390_e1919032_b71752_c20250901204601183000_oeac_ops.dspace_rad,,eez_v11.shp,WPP_BFAR_merge.shp,vbd_mpa_r20170830.shp,VNF-VBD_npp_20120301-20151231_global_asia-enhanced_c201607211230.bitmask,vbd_landsea_r20220824.mask,timezone.shp,VBD_platforms-recurring_2015_r20170330.shp,999999,VBD_bridges_c20160811.shp,14.355770;12.550855;10.047329;5.199992;7.537566;9.452507,80.383789;94.474220;108.227211;106.936050;93.332306;79.482437,npp_d20250901_t1916136_e1917378_b71752;npp_d20250901_t1917390_e1919032_b71752;npp_d20250901_t1919044_e1920286_b71752;npp_d20250901_t1920298_e1921540_b71752,144.598,66.937,58.2832,-80.0751,109.111,-118.151
326,VBD_npp_d20250901_t1918594_x1028035E_y062533N_l0723_s3439_v23,2025-09-01 21:28:11,6.253324,102.803474,2.40647,2025-09-01 19:18:59,2025-09-02 02:18:59,723,3439,0.151254,2,2337,0.146823,0.0825,0.656864,0.4,0.748049,0.75,4.5168e-13,0.0001,0,999999,8.264173e-03,3,Malaysian Exclusive Economic Zone,,,SVDNB_npp_d20250901_t1917390_e1919032_b71752_c20250901204547765000_oeac_ops.h5,GDNBO_npp_d20250901_t1917390_e1919032_b71752_c20250901204324159000_oeac_ops.h5,SVI04_npp_d20250901_t1917390_e1919032_b71752_c20250901204601183000_oeac_ops.dspace_rad,,eez_v11.shp,WPP_BFAR_merge.shp,vbd_mpa_r20170830.shp,VNF-VBD_npp_20120301-20151231_global_asia-enhanced_c201607211230.bitmask,vbd_landsea_r20220824.mask,timezone.shp,VBD_platforms-recurring_2015_r20170330.shp,999999,VBD_bridges_c20160811.shp,14.355770;12.550855;10.047329;5.199992;7.537566;9.452507,80.383789;94.474220;108.227211;106.936050;93.332306;79.482437,npp_d20250901_t1916136_e1917378_b71752;npp_d20250901_t1917390_e1919032_b71752;npp_d20250901_t1919044_e1920286_b71752;npp_d20250901_t1920298_e1921540_b71752,144.524,66.7981,58.3055,-80.1763,109.193,-118.117
327,VBD_npp_d20250901_t1919011_x1027637E_y060687N_l0751_s3439_v23,2025-09-01 21:28:11,6.068660,102.763733,4.69412,2025-09-01 19:19:01,2025-09-02 03:19:01,751,3439,0.365358,2,2337,0.260394,0.0825,0.861045,0.4,0.609721,0.75,4.5168e-13,0.0001,0,999999,-5.193551e-02,3,Malaysian Exclusive Economic Zone,,,SVDNB_npp_d20250901_t1917390_e1919032_b71752_c20250901204547765000_oeac_ops.h5,GDNBO_npp_d20250901_t1917390_e1919032_b71752_c20250901204324159000_oeac_ops.h5,SVI04_npp_d20250901_t1917390_e1919032_b71752_c20250901204601183000_oeac_ops.dspace_rad,,eez_v11.shp,WPP_BFAR_merge.shp,vbd_mpa_r20170830.shp,VNF-VBD_npp_20120301-20151231_global_asia-enhanced_c201607211230.bitmask,vbd_landsea_r20220824.mask,timezone.shp,VBD_platforms-recurring_2015_r20170330.shp,999999,VBD_bridges_c20160811.shp,14.355770;12.550855;10.047329;5.199992;7.537566;9.452507,80.383789;94.474220;108.227211;106.936050;93.332306;79.482437,npp_d20250901_t1916136_e1917378_b71752;npp_d20250901_t1917390_e1919032_b71752;npp_d20250901_t1919044_e1920286_b71752;npp_d20250901_t1920298_e1921540_b71752,144.626,67.0157,58.3063,-79.7014,109.078,-118.169
328,VBD_npp_d20250901_t1919011_x1027729E_y060812N_l0749_s3440_v23,2025-09-01 21:28:11,6.081176,102.772881,4.59317,2025-09-01 19:19:01,2025-09-02 03:19:01,749,3440,0.304186,1,2401,0.271892,0.0825,0.878955,0.4,0.852927,0.75,4.48912e-13,0.0001,0,999999,2.518716e-01,3,Malaysian Exclusive Economic Zone,,,SVDNB_npp_d20250901_t1917390_e1919032_b71752_c20250901204547765000_oeac_ops.h5,GDNBO_npp_d20250901_t1917390_e1919032_b71752_c20250901204324159000_oeac_ops.h5,SVI04_npp_d20250901_t1917390_e1919032_b71752_c20250901204601183000_oeac_ops.dspace_rad,,eez_v11.shp,WPP_BFAR_merge.shp,vbd_mpa_r20170830.shp,VNF-VBD_npp_20120301-20151231_global_asia-enhanced_c201607211230.bitmask,vbd_landsea_r20220824.mask,timezone.shp,VBD_platforms-recurring_2015_r20170330.shp,999999,VBD_bridges_c20160811.shp,14.355770;12.550855;10.047329;5.199992;7.537566;9.452507,80.383789;94.474220;108.227211;106.936050;93.332306;79.482437,npp_d20250901_t1916136_e1917378_b71752;npp_d20250901_t1917390_e1919032_b71752;npp_d20250901_t1919044_e1920286_b71752;npp_d20250901_t1920298_e1921540_b71752,144.613,67.0054,58.3292,-79.7837,109.092,-118.166
329,VBD_npp_d20250901_t1919029_x1027608E_y060605N_l0753_s3440_v23,2025-09-01 21:28:11,6.060454,102.760826,1.80765,2025-09-01 19:19:02,2025-09-02 03:19:02,753,3440,0.367848,2,2337,0.0947253,0.0825,0.861045,0.4,0.656211,0.75,4.48912e-13,0.0001,0,999999,3.330036e-02,3,Malaysian Exclusive Economic Zone,,,SVDNB_npp_d20250901_t1917390_e1919032_b71752_c20250901204547765000_oeac_ops.h5,GDNBO_npp_d20250901_t1917390_e1919032_b71752_c20250901204324159000_oeac_ops.h5,SVI04_npp_d20250901_t1917390_e1919032_b71752_c20250901204601183000_oeac_ops.dspace_rad,,eez_v11.shp,WPP_BFAR_merge.shp,vbd_mpa_r20170830.shp,VNF-VBD_npp_20120301-20151231_global_asia-enhanced_c201607211230.bitmask,vbd_landsea_r20220824.mask,timezone.shp,VBD_platforms-recurring_2015_r20170330.shp,999999,VBD_bridges_c20160811.shp,14.355770;12.550855;10.047329;5.199992;7.537566;9.452507,80.383789;94.474220;108.227211;106.936050;93.332306;79.482437,npp_d20250901_t1916136_e1917378_b71752;npp_d20250901_t1917390_e1919032_b71752;npp_d20250901_t1919044_e1920286_b71752;npp_d20250901_t1920298_e1921540_b71752,144.625,67.0293,58.3256,-80.2976,109.078,-118.172
330,VBD_npp_d20250901_t1919029_x1027718E_y060444N_l0755_s3442_v23,2025-09-01 21:28:11,6.044394,102.771797,8.95314,2025-09-01 19:19:02,2025-09-02 03:19:02,755,3442,0.321328,1,2401,0.488365,0.0825,0.83527,0.4,0.911722,0.75,4.43377e-13,0.0001,0,999999,1.621870e-01,3,Malaysian Exclusive Economic Zone,,,SVDNB_npp_d20250901_t1917390_e1919032_b71752_c20250901204547765000_oeac_ops.h5,GDNBO_npp_d20250901_t1917390_e1919032_b71752_c20250901204324159000_oeac_ops.h5,SVI04_npp_d20250901_t1917390_e1919032_b71752_c20250901204601183000_oeac_ops.dspace_rad,,eez_v11.shp,WPP_BFAR_merge.shp,vbd_mpa_r20170830.shp,VNF-VBD_npp_20120301-20151231_global_asia-enhanced_c201607211230.bitmask,vbd_landsea_r20220824.mask,timezone.shp,VBD_platforms-recurring_2015_r20170330.shp,999999,VBD_bridges_c20160811.shp,14.355770;12.550855;10.047329;5.199992;7.537566;9.452507,80.383789;94.474220;108.227211;106.936050;93.332306;79.482437,npp_d20250901_t1916136_e1917378_b71752;npp_d20250901_t1917390_e1919032_b71752;npp_d20250901_t1919044_e1920286_b71752;npp_d20250901_t1920298_e1921540_b71752,144.622,67.0573,58.3714,-80.2132,109.08,-118.177
331,VBD_npp_d20250901_t1918594_x1028248E_y061787N_l0733_s3444_v23,2025-09-01 21:28:11,6.178717,102.824760,5.33188,2025-09-01 19:18:59,2025-09-02 03:18:59,733,3444,0.143927,1,2401,0.320516,0.0825,0.754479,0.4,0.836977,0.75,4.37842e-13,0.0001,0,999999,1.016293e-01,3,Malaysian Exclusive Economic Zone,,,SVDNB_npp_d20250901_t1917390_e1919032_b71752_c20250901204547765000_oeac_ops.h5,GDNBO_npp_d20250901_t1917390_e1919032_b71752_c20250901204324159000_oeac_ops.h5,SVI04_npp_d20250901_t1917390_e1919032_b71752_c20250901204601183000_oeac_ops.dspace_rad,,eez_v11.shp,WPP_BFAR_merge.shp,vbd_mpa_r20170830.shp,VNF-VBD_npp_20120301-20151231_global_asia-enhanced_c201607211230.bitmask,vbd_landsea_r20220824.mask,timezone.shp,VBD_platforms-recurring_2015_r20170330.shp,999999,VBD_bridges_c20160811.shp,14.355770;12.550855;10.047329;5.199992;7.537566;9.452507,80.383789;94.474220;108.227211;106.936050;93.332306;79.482437,npp_d20250901_t1916136_e1917378_b71752;npp_d20250901_t1917390_e1919032_b71752;npp_d20250901_t1919044_e1920286_b71752;npp_d20250901_t1920298_e1921540_b71752,144.534,66.9083,58.4204,-79.7586,109.177,-118.139
332,VBD_npp_d20250901_t1919011_x1027973E_y060626N_l0751_s3444_v23,2025-09-01 21:28:11,6.062604,102.797325,1.91108,2025-09-01 19:19:01,2025-09-02 03:19:01,751,3444,0.280712,2,2337,0.0831953,0.0825,0.83311,0.4,0.68366,0.75,4.37842e-13,0.0001,0,999999,-1.401652e-01,3,Malaysian Exclusive Economic Zone,,,SVDNB_npp_d20250901_t1917390_e1919032_b71752_c20250901204547765000_oeac_ops.h5,GDNBO_npp_d20250901_t1917390_e1919032_b71752_c20250901204324159000_oeac_ops.h5,SVI04_npp_d20250901_t1917390_e1919032_b71752_c20250901204601183000_oeac_ops.dspace_rad,,eez_v11.shp,WPP_BFAR_merge.shp,vbd_mpa_r20170830.shp,VNF-VBD_npp_20120301-20151231_global_asia-enhanced_c201607211230.bitmask,vbd_landsea_r20220824.mask,timezone.shp,VBD_platforms-recurring_2015_r20170330.shp,999999,VBD_bridges_c20160811.shp,14.355770;12.550855;10.047329;5.199992;7.537566;9.452507,80.383789;94.474220;108.227211;106.936050;93.332306;79.482437,npp_d20250901_t1916136_e1917378_b71752;npp_d20250901_t1917390_e1919032_b71752;npp_d20250901_t1919044_e1920286_b71752;npp_d20250901_t1920298_e1921540_b71752,144.598,67.0454,58.4217,-79.6983,109.105,-118.172
333,VBD_npp_d20250901_t1919029_x1028037E_y059891N_l0762_s3448_v23,2025-09-01 21:28:11,5.989136,102.803673,5.74495,2025-09-01 19:19:02,2025-09-02 03:19:02,762,3448,0.302763,1,2401,0.33699,0.0825,0.87499,0.4,0.877079,0.75,4.26771e-13,0.0001,0,999999,1.475141e-01,3,Malaysian Exclusive Economic Zone,,,SVDNB_npp_d20250901_t1917390_e1919032_b71752_c20250901204547765000_oeac_ops.h5,GDNBO_npp_d20250901_t1917390_e1919032_b71752_c20250901204324159000_oeac_ops.h5,SVI04_npp_d20250901_t1917390_e1919032_b71752_c20250901204601183000_oeac_ops.dspace_rad,,eez_v11.shp,WPP_BFAR_merge.shp,vbd_mpa_r20170830.shp,VNF-VBD_npp_20120301-20151231_global_asia-enhanced_c201607211230.bitmask,vbd_landsea_r20220824.mask,timezone.shp,VBD_platforms-recurring_2015_r20170330.shp,999999,VBD_bridges_c20160811.shp,14.355770;12.550855;10.047329;5.199992;7.537566;9.452507,80.383789;94.474220;108.227211;106.936050;93.332306;79.482437,npp_d20250901_t1916136_e1917378_b71752;npp_d20250901_t1917390_e1919032_b71752;npp_d20250901_t1919044_e1920286_b71752;npp_d20250901_t1920298_e1921540_b71752,144.614,67.1496,58.5095,-79.9193,109.082,-118.194
334,VBD_npp_d20250901_t1918433_x1031019E_y071668N_l0579_s3449_v23,2025-09-01 21:28:11,7.166804,103.101913,344.915,2025-09-01 19:18:43,2025-09-02 02:18:43,579,3449,0.375957,4,100709,1.50199,0.0825,0.850952,0.4,0.974997,0.75,2.74951e-13,0.0001,0,999999,3.067485e-01,3,Malaysian Exclusive Economic Zone,,,SVDNB_npp_d20250901_t1917390_e1919032_b71752_c20250901204547765000_oeac_ops.h5,GDNBO_npp_d20250901_t1917390_e1919032_b71752_c20250901204324159000_oeac_ops.h5,SVI04_npp_d20250901_t1917390_e1919032_b71752_c20250901204601183000_oeac_ops.dspace_rad,,eez_v11.shp,WPP_BFAR_merge.shp,vbd_mpa_r20170830.shp,VNF-VBD_npp_20120301-20151231_global_asia-enhanced_c201607211230.bitmask,vbd_landsea_r20220824.mask,timezone.shp,VBD_platforms-recurring_2015_r20170330.shp,999999,VBD_bridges_c20160811.shp,14.355770;12.550855;10.047329;5.199992;7.537566;9.452507,80.383789;94.474220;108.227211;106.936050;93.332306;79.482437,npp_d20250901_t1916136_e1917378_b71752;npp_d20250901_t1917390_e1919032_b71752;npp_d20250901_t1919044_e1920286_b71752;npp_d20250901_t1920298_e1921540_b71752,143.946,65.7923,58.5364,-79.9941,109.824,-117.854
335,VBD_npp_d20250901_t1918433_x1031062E_y071518N_l0581_s3450_v23,2025-09-01 21:28:11,7.151824,103.106163,8.92258,2025-09-01 19:18:43,2025-09-02 02:18:43,581,3450,0.295223,7,51489,0.368037,0.0825,0.850952,0.4,0.716427,0.75,2.76311e-13,0.0001,0,999999,2.886784e-01,3,,,,SVDNB_npp_d20250901_t1917390_e1919032_b71752_c20250901204547765000_oeac_ops.h5,GDNBO_npp_d20250901_t1917390_e1919032_b71752_c20250901204324159000_oeac_ops.h5,SVI04_npp_d20250901_t1917390_e1919032_b71752_c20250901204601183000_oeac_ops.dspace_rad,,eez_v11.shp,WPP_BFAR_merge.shp,vbd_mpa_r20170830.shp,VNF-VBD_npp_20120301-20151231_global_asia-enhanced_c201607211230.bitmask,vbd_landsea_r20220824.mask,timezone.shp,VBD_platforms-recurring_2015_r20170330.shp,0.313871,VBD_bridges_c20160811.shp,14.355770;12.550855;10.047329;5.199992;7.537566;9.452507,80.383789;94.474220;108.227211;106.936050;93.332306;79.482437,npp_d20250901_t1916136_e1917378_b71752;npp_d20250901_t1917390_e1919032_b71752;npp_d20250901_t1919044_e1920286_b71752;npp_d20250901_t1920298_e1921540_b71752,143.949,65.8139,58.5593,-79.9106,109.821,-117.859
336,VBD_npp_d20250901_t1919029_x1028160E_y059798N_l0763_s3450_v23,2025-09-01 21:28:11,5.979839,102.815971,22.935,2025-09-01 19:19:02,2025-09-02 03:19:02,763,3450,0.31706,8,18785,0.808878,0.0825,0.876454,0.4,0.961461,0.75,4.21236e-13,0.0001,0,999999,1.867783e-01,3,Malaysian Exclusive Economic Zone,,,SVDNB_npp_d20250901_t1917390_e1919032_b71752_c20250901204547765000_oeac_ops.h5,GDNBO_npp_d20250901_t1917390_e1919032_b71752_c20250901204324159000_oeac_ops.h5,SVI04_npp_d20250901_t1917390_e1919032_b71752_c20250901204601183000_oeac_ops.dspace_rad,,eez_v11.shp,WPP_BFAR_merge.shp,vbd_mpa_r20170830.shp,VNF-VBD_npp_20120301-20151231_global_asia-enhanced_c201607211230.bitmask,vbd_landsea_r20220824.mask,timezone.shp,VBD_platforms-recurring_2015_r20170330.shp,0.760738,VBD_bridges_c20160811.shp,14.355770;12.550855;10.047329;5.199992;7.537566;9.452507,80.383789;94.474220;108.227211;106.936050;93.332306;79.482437,npp_d20250901_t1916136_e1917378_b71752;npp_d20250901_t1917390_e1919032_b71752;npp_d20250901_t1919044_e1920286_b71752;npp_d20250901_t1920298_e1921540_b71752,144.606,67.1697,58.5558,-79.8766,109.088,-118.198
337,VBD_npp_d20250901_t1918594_x1029330E_y061950N_l0728_s3459_v23,2025-09-01 21:28:11,6.194984,102.932953,6.45772,2025-09-01 19:18:59,2025-09-02 03:18:59,728,3459,0.193861,1,2401,0.385587,0.0825,0.775119,0.4,0.919101,0.75,3.96326e-13,0.0001,0,999999,-2.864110e-02,3,Malaysian Exclusive Economic Zone,,,SVDNB_npp_d20250901_t1917390_e1919032_b71752_c20250901204547765000_oeac_ops.h5,GDNBO_npp_d20250901_t1917390_e1919032_b71752_c20250901204324159000_oeac_ops.h5,SVI04_npp_d20250901_t1917390_e1919032_b71752_c20250901204601183000_oeac_ops.dspace_rad,,eez_v11.shp,WPP_BFAR_merge.shp,vbd_mpa_r20170830.shp,VNF-VBD_npp_20120301-20151231_global_asia-enhanced_c201607211230.bitmask,vbd_landsea_r20220824.mask,timezone.shp,VBD_platforms-recurring_2015_r20170330.shp,999999,VBD_bridges_c20160811.shp,14.355770;12.550855;10.047329;5.199992;7.537566;9.452507,80.383789;94.474220;108.227211;106.936050;93.332306;79.482437,npp_d20250901_t1916136_e1917378_b71752;npp_d20250901_t1917390_e1919032_b71752;npp_d20250901_t1919044_e1920286_b71752;npp_d20250901_t1920298_e1921540_b71752,144.429,66.9581,58.7681,-79.9548,109.279,-118.14
338,VBD_npp_d20250901_t1919029_x1029148E_y060195N_l0755_s3463_v23,2025-09-01 21:28:11,6.019472,102.914764,12.4089,2025-09-01 19:19:02,2025-09-02 03:19:02,755,3463,0.177003,1,2401,0.592374,0.0825,0.844883,0.4,0.939489,0.75,3.85256e-13,0.0001,0,999999,-8.078900e-02,3,Malaysian Exclusive Economic Zone,,,SVDNB_npp_d20250901_t1917390_e1919032_b71752_c20250901204547765000_oeac_ops.h5,GDNBO_npp_d20250901_t1917390_e1919032_b71752_c20250901204324159000_oeac_ops.h5,SVI04_npp_d20250901_t1917390_e1919032_b71752_c20250901204601183000_oeac_ops.dspace_rad,,eez_v11.shp,WPP_BFAR_merge.shp,vbd_mpa_r20170830.shp,VNF-VBD_npp_20120301-20151231_global_asia-enhanced_c201607211230.bitmask,vbd_landsea_r20220824.mask,timezone.shp,VBD_platforms-recurring_2015_r20170330.shp,999999,VBD_bridges_c20160811.shp,14.355770;12.550855;10.047329;5.199992;7.537566;9.452507,80.383789;94.474220;108.227211;106.936050;93.332306;79.482437,npp_d20250901_t1916136_e1917378_b71752;npp_d20250901_t1917390_e1919032_b71752;npp_d20250901_t1919044_e1920286_b71752;npp_d20250901_t1920298_e1921540_b71752,144.5,67.1822,58.8581,-80.1975,109.193,-118.191
339,VBD_npp_d20250901_t1919011_x1029374E_y060588N_l0748_s3464_v23,2025-09-01 21:28:11,6.058817,102.937355,12.1208,2025-09-01 19:19:01,2025-09-02 03:19:01,748,3464,0.20951,1,2401,0.569493,0.0825,0.866614,0.4,0.928901,0.75,3.82488e-13,0.0001,0,999999,-8.155300e-02,3,Malaysian Exclusive Economic Zone,,,SVDNB_npp_d20250901_t1917390_e1919032_b71752_c20250901204547765000_oeac_ops.h5,GDNBO_npp_d20250901_t1917390_e1919032_b71752_c20250901204324159000_oeac_ops.h5,SVI04_npp_d20250901_t1917390_e1919032_b71752_c20250901204601183000_oeac_ops.dspace_rad,,eez_v11.shp,WPP_BFAR_merge.shp,vbd_mpa_r20170830.shp,VNF-VBD_npp_20120301-20151231_global_asia-enhanced_c201607211230.bitmask,vbd_landsea_r20220824.mask,timezone.shp,VBD_platforms-recurring_2015_r20170330.shp,999999,VBD_bridges_c20160811.shp,14.355770;12.550855;10.047329;5.199992;7.537566;9.452507,80.383789;94.474220;108.227211;106.936050;93.332306;79.482437,npp_d20250901_t1916136_e1917378_b71752;npp_d20250901_t1917390_e1919032_b71752;npp_d20250901_t1919044_e1920286_b71752;npp_d20250901_t1920298_e1921540_b71752,144.471,67.1412,58.8854,-79.8092,109.225,-118.18
340,VBD_npp_d20250901_t1918594_x1031003E_y061651N_l0728_s3484_v23,2025-09-01 21:28:11,6.165113,103.100327,3.88281,2025-09-01 19:18:59,2025-09-02 03:18:59,728,3484,0.330362,1,2401,0.258132,0.0825,0.753809,0.4,0.828695,0.75,3.43619e-13,0.0001,0,999999,7.413318e-02,3,Malaysian Exclusive Economic Zone,,,SVDNB_npp_d20250901_t1917390_e1919032_b71752_c20250901204547765000_oeac_ops.h5,GDNBO_npp_d20250901_t1917390_e1919032_b71752_c20250901204324159000_oeac_ops.h5,SVI04_npp_d20250901_t1917390_e1919032_b71752_c20250901204601183000_oeac_ops.dspace_rad,,eez_v11.shp,WPP_BFAR_merge.shp,vbd_mpa_r20170830.shp,VNF-VBD_npp_20120301-20151231_global_asia-enhanced_c201607211230.bitmask,vbd_landsea_r20220824.mask,timezone.shp,VBD_platforms-recurring_2015_r20170330.shp,999999,VBD_bridges_c20160811.shp,14.355770;12.550855;10.047329;5.199992;7.537566;9.452507,80.383789;94.474220;108.227211;106.936050;93.332306;79.482437,npp_d20250901_t1916136_e1917378_b71752;npp_d20250901_t1917390_e1919032_b71752;npp_d20250901_t1919044_e1920286_b71752;npp_d20250901_t1920298_e1921540_b71752,144.287,67.105,59.3296,-79.9364,109.411,-118.157
341,VBD_npp_d20250901_t1918558_x1031622E_y063964N_l0692_s3485_v23,2025-09-01 21:28:11,6.396377,103.162163,35.9887,2025-09-01 19:18:55,2025-09-02 02:18:55,692,3485,0.378162,1,2401,1.03952,0.0825,0.922976,0.4,0.985949,0.75,3.42052e-13,0.0001,0,999999,8.573816e-02,3,Malaysian Exclusive Economic Zone,,,SVDNB_npp_d20250901_t1917390_e1919032_b71752_c20250901204547765000_oeac_ops.h5,GDNBO_npp_d20250901_t1917390_e1919032_b71752_c20250901204324159000_oeac_ops.h5,SVI04_npp_d20250901_t1917390_e1919032_b71752_c20250901204601183000_oeac_ops.dspace_rad,,eez_v11.shp,WPP_BFAR_merge.shp,vbd_mpa_r20170830.shp,VNF-VBD_npp_20120301-20151231_global_asia-enhanced_c201607211230.bitmask,vbd_landsea_r20220824.mask,timezone.shp,VBD_platforms-recurring_2015_r20170330.shp,999999,VBD_bridges_c20160811.shp,14.355770;12.550855;10.047329;5.199992;7.537566;9.452507,80.383789;94.474220;108.227211;106.936050;93.332306;79.482437,npp_d20250901_t1916136_e1917378_b71752;npp_d20250901_t1917390_e1919032_b71752;npp_d20250901_t1919044_e1920286_b71752;npp_d20250901_t1920298_e1921540_b71752,144.154,66.8402,59.3495,-80.0531,109.561,-118.09
342,VBD_npp_d20250901_t1918576_x1031496E_y062082N_l0720_s3489_v23,2025-09-01 21:28:11,6.208230,103.149620,4.20812,2025-09-01 19:18:57,2025-09-02 03:18:57,720,3489,0.351132,1,2401,0.29543,0.0825,0.859339,0.4,0.869702,0.75,3.35783e-13,0.0001,0,999999,1.758262e-01,3,Malaysian Exclusive Economic Zone,,,SVDNB_npp_d20250901_t1917390_e1919032_b71752_c20250901204547765000_oeac_ops.h5,GDNBO_npp_d20250901_t1917390_e1919032_b71752_c20250901204324159000_oeac_ops.h5,SVI04_npp_d20250901_t1917390_e1919032_b71752_c20250901204601183000_oeac_ops.dspace_rad,,eez_v11.shp,WPP_BFAR_merge.shp,vbd_mpa_r20170830.shp,VNF-VBD_npp_20120301-20151231_global_asia-enhanced_c201607211230.bitmask,vbd_landsea_r20220824.mask,timezone.shp,VBD_platforms-recurring_2015_r20170330.shp,999999,VBD_bridges_c20160811.shp,14.355770;12.550855;10.047329;5.199992;7.537566;9.452507,80.383789;94.474220;108.227211;106.936050;93.332306;79.482437,npp_d20250901_t1916136_e1917378_b71752;npp_d20250901_t1917390_e1919032_b71752;npp_d20250901_t1919044_e1920286_b71752;npp_d20250901_t1920298_e1921540_b71752,144.232,67.0768,59.4406,-79.6002,109.468,-118.146
343,VBD_npp_d20250901_t1918594_x1031493E_y062052N_l0721_s3490_v23,2025-09-01 21:28:11,6.205157,103.149323,11.6269,2025-09-01 19:18:59,2025-09-02 03:18:59,721,3490,0.358814,1,2401,0.617253,0.0825,0.859339,0.4,0.953899,0.75,3.34216e-13,0.0001,0,999999,2.257034e-01,3,Malaysian Exclusive Economic Zone,,,SVDNB_npp_d20250901_t1917390_e1919032_b71752_c20250901204547765000_oeac_ops.h5,GDNBO_npp_d20250901_t1917390_e1919032_b71752_c20250901204324159000_oeac_ops.h5,SVI04_npp_d20250901_t1917390_e1919032_b71752_c20250901204601183000_oeac_ops.dspace_rad,,eez_v11.shp,WPP_BFAR_merge.shp,vbd_mpa_r20170830.shp,VNF-VBD_npp_20120301-20151231_global_asia-enhanced_c201607211230.bitmask,vbd_landsea_r20220824.mask,timezone.shp,VBD_platforms-recurring_2015_r20170330.shp,999999,VBD_bridges_c20160811.shp,14.355770;12.550855;10.047329;5.199992;7.537566;9.452507,80.383789;94.474220;108.227211;106.936050;93.332306;79.482437,npp_d20250901_t1916136_e1917378_b71752;npp_d20250901_t1917390_e1919032_b71752;npp_d20250901_t1919044_e1920286_b71752;npp_d20250901_t1920298_e1921540_b71752,144.227,67.0854,59.4645,-80.2074,109.472,-118.147
344,VBD_npp_d20250901_t1918416_x1034225E_y071312N_l0575_s3495_v23,2025-09-01 21:28:11,7.131243,103.422455,6.42452,2025-09-01 19:18:41,2025-09-02 02:18:41,575,3495,0.249557,1,2401,0.352547,0.0825,0.701007,0.4,0.850411,0.75,2.07757e-13,0.0001,0,999999,4.613380e-01,3,Malaysian Exclusive Economic Zone,,,SVDNB_npp_d20250901_t1917390_e1919032_b71752_c20250901204547765000_oeac_ops.h5,GDNBO_npp_d20250901_t1917390_e1919032_b71752_c20250901204324159000_oeac_ops.h5,SVI04_npp_d20250901_t1917390_e1919032_b71752_c20250901204601183000_oeac_ops.dspace_rad,,eez_v11.shp,WPP_BFAR_merge.shp,vbd_mpa_r20170830.shp,VNF-VBD_npp_20120301-20151231_global_asia-enhanced_c201607211230.bitmask,vbd_landsea_r20220824.mask,timezone.shp,VBD_platforms-recurring_2015_r20170330.shp,999999,VBD_bridges_c20160811.shp,14.355770;12.550855;10.047329;5.199992;7.537566;9.452507,80.383789;94.474220;108.227211;106.936050;93.332306;79.482437,npp_d20250901_t1916136_e1917378_b71752;npp_d20250901_t1917390_e1919032_b71752;npp_d20250901_t1919044_e1920286_b71752;npp_d20250901_t1920298_e1921540_b71752,143.677,66.0489,59.5735,-79.4517,110.081,-117.876
345,VBD_npp_d20250901_t1918522_x1033528E_y065490N_l0664_s3506_v23,2025-09-01 21:28:11,6.548972,103.352821,5.55097,2025-09-01 19:18:52,2025-09-02 02:18:52,664,3506,0.138095,8,18785,0.330637,0.0825,0.720759,0.4,0.874435,0.75,2.98748e-13,0.0001,0,999999,-1.727111e-01,3,Malaysian Exclusive Economic Zone,,,SVDNB_npp_d20250901_t1917390_e1919032_b71752_c20250901204547765000_oeac_ops.h5,GDNBO_npp_d20250901_t1917390_e1919032_b71752_c20250901204324159000_oeac_ops.h5,SVI04_npp_d20250901_t1917390_e1919032_b71752_c20250901204601183000_oeac_ops.dspace_rad,,eez_v11.shp,WPP_BFAR_merge.shp,vbd_mpa_r20170830.shp,VNF-VBD_npp_20120301-20151231_global_asia-enhanced_c201607211230.bitmask,vbd_landsea_r20220824.mask,timezone.shp,VBD_platforms-recurring_2015_r20170330.shp,0.331943,VBD_bridges_c20160811.shp,14.355770;12.550855;10.047329;5.199992;7.537566;9.452507,80.383789;94.474220;108.227211;106.936050;93.332306;79.482437,npp_d20250901_t1916136_e1917378_b71752;npp_d20250901_t1917390_e1919032_b71752;npp_d20250901_t1919044_e1920286_b71752;npp_d20250901_t1920298_e1921540_b71752,143.933,66.7615,59.8241,-79.8395,109.786,-118.053
346,VBD_npp_d20250901_t1918131_x1040602E_y088092N_l0308_s3525_v23,2025-09-01 21:28:11,8.809182,104.060165,6.85991,2025-09-01 19:18:13,2025-09-02 02:18:13,308,3525,0.224946,2,2337,0.104329,0.0825,0.475796,0.4,0.454871,0.75,6.23248e-14,0.0001,0,999999,4.372170e-01,3,Vietnamese Exclusive Economic Zone,,,SVDNB_npp_d20250901_t1917390_e1919032_b71752_c20250901204547765000_oeac_ops.h5,GDNBO_npp_d20250901_t1917390_e1919032_b71752_c20250901204324159000_oeac_ops.h5,SVI04_npp_d20250901_t1917390_e1919032_b71752_c20250901204601183000_oeac_ops.dspace_rad,,eez_v11.shp,WPP_BFAR_merge.shp,vbd_mpa_r20170830.shp,VNF-VBD_npp_20120301-20151231_global_asia-enhanced_c201607211230.bitmask,vbd_landsea_r20220824.mask,timezone.shp,VBD_platforms-recurring_2015_r20170330.shp,999999,VBD_bridges_c20160811.shp,14.355770;12.550855;10.047329;5.199992;7.537566;9.452507,80.383789;94.474220;108.227211;106.936050;93.332306;79.482437,npp_d20250901_t1916136_e1917378_b71752;npp_d20250901_t1917390_e1919032_b71752;npp_d20250901_t1919044_e1920286_b71752;npp_d20250901_t1920298_e1921540_b71752,142.507,64.3792,60.234,-79.5209,111.311,-117.353
347,VBD_npp_d20250901_t1918131_x1040682E_y088148N_l0307_s3526_v23,2025-09-01 21:28:11,8.814784,104.068199,7.05588,2025-09-01 19:18:13,2025-09-02 02:18:13,307,3526,0.266913,2,2337,0.210287,0.0825,0.475796,0.4,0.486636,0.75,6.1827e-14,0.0001,0,999999,9.451301e-02,3,Vietnamese Exclusive Economic Zone,,,SVDNB_npp_d20250901_t1917390_e1919032_b71752_c20250901204547765000_oeac_ops.h5,GDNBO_npp_d20250901_t1917390_e1919032_b71752_c20250901204324159000_oeac_ops.h5,SVI04_npp_d20250901_t1917390_e1919032_b71752_c20250901204601183000_oeac_ops.dspace_rad,,eez_v11.shp,WPP_BFAR_merge.shp,vbd_mpa_r20170830.shp,VNF-VBD_npp_20120301-20151231_global_asia-enhanced_c201607211230.bitmask,vbd_landsea_r20220824.mask,timezone.shp,VBD_platforms-recurring_2015_r20170330.shp,999999,VBD_bridges_c20160811.shp,14.355770;12.550855;10.047329;5.199992;7.537566;9.452507,80.383789;94.474220;108.227211;106.936050;93.332306;79.482437,npp_d20250901_t1916136_e1917378_b71752;npp_d20250901_t1917390_e1919032_b71752;npp_d20250901_t1919044_e1920286_b71752;npp_d20250901_t1920298_e1921540_b71752,142.497,64.3783,60.2557,-79.5588,111.32,-117.352
348,VBD_npp_d20250901_t1918006_x1042623E_y094953N_l0200_s3528_v23,2025-09-01 21:28:11,9.495256,104.262329,2.54001,2025-09-01 19:18:00,2025-09-02 02:18:00,200,3528,0.163915,1,2401,0.145382,0.0825,0.536706,0.4,0.808416,0.75,3.92408e-14,0.0001,0,999999,1.692015e-01,3,Vietnamese Exclusive Economic Zone,,,SVDNB_npp_d20250901_t1917390_e1919032_b71752_c20250901204547765000_oeac_ops.h5,GDNBO_npp_d20250901_t1917390_e1919032_b71752_c20250901204324159000_oeac_ops.h5,SVI04_npp_d20250901_t1917390_e1919032_b71752_c20250901204601183000_oeac_ops.dspace_rad,,eez_v11.shp,WPP_BFAR_merge.shp,vbd_mpa_r20170830.shp,VNF-VBD_npp_20120301-20151231_global_asia-enhanced_c201607211230.bitmask,vbd_landsea_r20220824.mask,timezone.shp,VBD_platforms-recurring_2015_r20170330.shp,999999,VBD_bridges_c20160811.shp,14.355770;12.550855;10.047329;5.199992;7.537566;9.452507,80.383789;94.474220;108.227211;106.936050;93.332306;79.482437,npp_d20250901_t1916136_e1917378_b71752;npp_d20250901_t1917390_e1919032_b71752;npp_d20250901_t1919044_e1920286_b71752;npp_d20250901_t1920298_e1921540_b71752,142.073,63.6892,60.2967,-79.2131,111.756,-117.125
349,VBD_npp_d20250901_t1918398_x1037344E_y072311N_l0552_s3536_v23,2025-09-01 21:28:11,7.231140,103.734406,3.58547,2025-09-01 19:18:39,2025-09-02 02:18:39,552,3536,0.270185,1,35169,0.229432,0.0825,0.748033,0.4,0.842283,0.75,1.52527e-13,0.0001,0,999999,6.471566e-02,3,Malaysian Exclusive Economic Zone,,,SVDNB_npp_d20250901_t1917390_e1919032_b71752_c20250901204547765000_oeac_ops.h5,GDNBO_npp_d20250901_t1917390_e1919032_b71752_c20250901204324159000_oeac_ops.h5,SVI04_npp_d20250901_t1917390_e1919032_b71752_c20250901204601183000_oeac_ops.dspace_rad,,eez_v11.shp,WPP_BFAR_merge.shp,vbd_mpa_r20170830.shp,VNF-VBD_npp_20120301-20151231_global_asia-enhanced_c201607211230.bitmask,vbd_landsea_r20220824.mask,timezone.shp,VBD_platforms-recurring_2015_r20170330.shp,999999,VBD_bridges_c20160811.shp,14.355770;12.550855;10.047329;5.199992;7.537566;9.452507,80.383789;94.474220;108.227211;106.936050;93.332306;79.482437,npp_d20250901_t1916136_e1917378_b71752;npp_d20250901_t1917390_e1919032_b71752;npp_d20250901_t1919044_e1920286_b71752;npp_d20250901_t1920298_e1921540_b71752,143.361,66.1291,60.4713,-79.6737,110.393,-117.857
350,VBD_npp_d20250901_t1918398_x1038067E_y072037N_l0554_s3547_v23,2025-09-01 21:28:11,7.203654,103.806740,25.3669,2025-09-01 19:18:39,2025-09-02 02:18:39,554,3547,0.343023,4,100709,0.882711,0.0825,0.885129,0.4,0.975917,0.75,1.43693e-13,0.0001,0,999999,2.605271e-01,3,Vietnamese Exclusive Economic Zone,,,SVDNB_npp_d20250901_t1917390_e1919032_b71752_c20250901204547765000_oeac_ops.h5,GDNBO_npp_d20250901_t1917390_e1919032_b71752_c20250901204324159000_oeac_ops.h5,SVI04_npp_d20250901_t1917390_e1919032_b71752_c20250901204601183000_oeac_ops.dspace_rad,,eez_v11.shp,WPP_BFAR_merge.shp,vbd_mpa_r20170830.shp,VNF-VBD_npp_20120301-20151231_global_asia-enhanced_c201607211230.bitmask,vbd_landsea_r20220824.mask,timezone.shp,VBD_platforms-recurring_2015_r20170330.shp,999999,VBD_bridges_c20160811.shp,14.355770;12.550855;10.047329;5.199992;7.537566;9.452507,80.383789;94.474220;108.227211;106.936050;93.332306;79.482437,npp_d20250901_t1916136_e1917378_b71752;npp_d20250901_t1917390_e1919032_b71752;npp_d20250901_t1919044_e1920286_b71752;npp_d20250901_t1920298_e1921540_b71752,143.306,66.2109,60.709,-79.5869,110.443,-117.868
351,VBD_npp_d20250901_t1918398_x1038166E_y071804N_l0557_s3549_v23,2025-09-01 21:28:11,7.180359,103.816605,2.27396,2025-09-01 19:18:39,2025-09-02 02:18:39,557,3549,0.215058,7,117025,0.106055,0.0825,0.879223,0.4,0.490665,0.75,1.43592e-13,0.0001,0,999999,3.249919e-01,3,,,,SVDNB_npp_d20250901_t1917390_e1919032_b71752_c20250901204547765000_oeac_ops.h5,GDNBO_npp_d20250901_t1917390_e1919032_b71752_c20250901204324159000_oeac_ops.h5,SVI04_npp_d20250901_t1917390_e1919032_b71752_c20250901204601183000_oeac_ops.dspace_rad,,eez_v11.shp,WPP_BFAR_merge.shp,vbd_mpa_r20170830.shp,VNF-VBD_npp_20120301-20151231_global_asia-enhanced_c201607211230.bitmask,vbd_landsea_r20220824.mask,timezone.shp,VBD_platforms-recurring_2015_r20170330.shp,0.970325,VBD_bridges_c20160811.shp,14.355770;12.550855;10.047329;5.199992;7.537566;9.452507,80.383789;94.474220;108.227211;106.936050;93.332306;79.482437,npp_d20250901_t1916136_e1917378_b71752;npp_d20250901_t1917390_e1919032_b71752;npp_d20250901_t1919044_e1920286_b71752;npp_d20250901_t1920298_e1921540_b71752,143.306,66.246,60.7523,-79.469,110.441,-117.876
352,VBD_npp_d20250901_t1918131_x1042992E_y087774N_l0306_s3560_v23,2025-09-01 21:28:11,8.777397,104.299225,17.1165,2025-09-01 19:18:13,2025-09-02 02:18:13,306,3560,0.343592,1,2401,0.722323,0.0825,0.88164,0.4,0.964976,0.75,4.99237e-14,0.0001,0,999999,7.909464e-02,3,Vietnamese Exclusive Economic Zone,,,SVDNB_npp_d20250901_t1917390_e1919032_b71752_c20250901204547765000_oeac_ops.h5,GDNBO_npp_d20250901_t1917390_e1919032_b71752_c20250901204324159000_oeac_ops.h5,SVI04_npp_d20250901_t1917390_e1919032_b71752_c20250901204601183000_oeac_ops.dspace_rad,,eez_v11.shp,WPP_BFAR_merge.shp,vbd_mpa_r20170830.shp,VNF-VBD_npp_20120301-20151231_global_asia-enhanced_c201607211230.bitmask,vbd_landsea_r20220824.mask,timezone.shp,VBD_platforms-recurring_2015_r20170330.shp,999999,VBD_bridges_c20160811.shp,14.355770;12.550855;10.047329;5.199992;7.537566;9.452507,80.383789;94.474220;108.227211;106.936050;93.332306;79.482437,npp_d20250901_t1916136_e1917378_b71752;npp_d20250901_t1917390_e1919032_b71752;npp_d20250901_t1919044_e1920286_b71752;npp_d20250901_t1920298_e1921540_b71752,142.307,64.5852,60.9829,-79.5513,111.505,-117.368
353,VBD_npp_d20250901_t1918505_x1037462E_y065718N_l0650_s3561_v23,2025-09-01 21:28:11,6.571826,103.746178,12.4982,2025-09-01 19:18:50,2025-09-02 02:18:50,650,3561,0.268193,8,18785,0.591539,0.0825,0.837982,0.4,0.947256,0.75,2.03818e-13,0.0001,0,999999,2.702648e-01,3,Malaysian Exclusive Economic Zone,,,SVDNB_npp_d20250901_t1917390_e1919032_b71752_c20250901204547765000_oeac_ops.h5,GDNBO_npp_d20250901_t1917390_e1919032_b71752_c20250901204324159000_oeac_ops.h5,SVI04_npp_d20250901_t1917390_e1919032_b71752_c20250901204601183000_oeac_ops.dspace_rad,,eez_v11.shp,WPP_BFAR_merge.shp,vbd_mpa_r20170830.shp,VNF-VBD_npp_20120301-20151231_global_asia-enhanced_c201607211230.bitmask,vbd_landsea_r20220824.mask,timezone.shp,VBD_platforms-recurring_2015_r20170330.shp,0.510369,VBD_bridges_c20160811.shp,14.355770;12.550855;10.047329;5.199992;7.537566;9.452507,80.383789;94.474220;108.227211;106.936050;93.332306;79.482437,npp_d20250901_t1916136_e1917378_b71752;npp_d20250901_t1917390_e1919032_b71752;npp_d20250901_t1919044_e1920286_b71752;npp_d20250901_t1920298_e1921540_b71752,143.572,66.9823,61.0069,-79.7045,110.133,-118.064
354,VBD_npp_d20250901_t1918060_x1044726E_y091327N_l0248_s3571_v23,2025-09-01 21:28:11,9.132720,104.472557,3.09069,2025-09-01 19:18:06,2025-09-02 02:18:06,248,3571,0.11704,2,2337,0.156395,0.0825,0.579463,0.4,0.717645,0.75,3.77174e-14,0.0001,0,999999,2.147109e-01,3,Vietnamese Exclusive Economic Zone,,,SVDNB_npp_d20250901_t1917390_e1919032_b71752_c20250901204547765000_oeac_ops.h5,GDNBO_npp_d20250901_t1917390_e1919032_b71752_c20250901204324159000_oeac_ops.h5,SVI04_npp_d20250901_t1917390_e1919032_b71752_c20250901204601183000_oeac_ops.dspace_rad,,eez_v11.shp,WPP_BFAR_merge.shp,vbd_mpa_r20170830.shp,VNF-VBD_npp_20120301-20151231_global_asia-enhanced_c201607211230.bitmask,vbd_landsea_r20220824.mask,timezone.shp,VBD_platforms-recurring_2015_r20170330.shp,999999,VBD_bridges_c20160811.shp,14.355770;12.550855;10.047329;5.199992;7.537566;9.452507,80.383789;94.474220;108.227211;106.936050;93.332306;79.482437,npp_d20250901_t1916136_e1917378_b71752;npp_d20250901_t1917390_e1919032_b71752;npp_d20250901_t1919044_e1920286_b71752;npp_d20250901_t1920298_e1921540_b71752,142.026,64.2737,61.212,-79.2298,111.793,-117.251
355,VBD_npp_d20250901_t1917589_x1046033E_y095861N_l0177_s3573_v23,2025-09-01 21:28:11,9.586144,104.603294,3.38856,2025-09-01 19:17:58,2025-09-02 02:17:58,177,3573,0.0957718,1,2401,0.182747,0.0825,0.540687,0.4,0.78594,0.75,2.67784e-14,0.0001,0,999999,3.344004e-01,3,Vietnamese Exclusive Economic Zone,,,SVDNB_npp_d20250901_t1917390_e1919032_b71752_c20250901204547765000_oeac_ops.h5,GDNBO_npp_d20250901_t1917390_e1919032_b71752_c20250901204324159000_oeac_ops.h5,SVI04_npp_d20250901_t1917390_e1919032_b71752_c20250901204601183000_oeac_ops.dspace_rad,,eez_v11.shp,WPP_BFAR_merge.shp,vbd_mpa_r20170830.shp,VNF-VBD_npp_20120301-20151231_global_asia-enhanced_c201607211230.bitmask,vbd_landsea_r20220824.mask,timezone.shp,VBD_platforms-recurring_2015_r20170330.shp,999999,VBD_bridges_c20160811.shp,14.355770;12.550855;10.047329;5.199992;7.537566;9.452507,80.383789;94.474220;108.227211;106.936050;93.332306;79.482437,npp_d20250901_t1916136_e1917378_b71752;npp_d20250901_t1917390_e1919032_b71752;npp_d20250901_t1919044_e1920286_b71752;npp_d20250901_t1920298_e1921540_b71752,141.738,63.826,61.2546,-79.3971,112.088,-117.096
356,VBD_npp_d20250901_t1918167_x1043366E_y084724N_l0350_s3576_v23,2025-09-01 21:28:11,8.472364,104.336563,9.31803,2025-09-01 19:18:16,2025-09-02 02:18:16,350,3576,0.181342,1,2401,0.502748,0.0825,0.804959,0.4,0.940166,0.75,5.02317e-14,0.0001,0,999999,1.290781e-02,3,Vietnamese Exclusive Economic Zone,,,SVDNB_npp_d20250901_t1917390_e1919032_b71752_c20250901204547765000_oeac_ops.h5,GDNBO_npp_d20250901_t1917390_e1919032_b71752_c20250901204324159000_oeac_ops.h5,SVI04_npp_d20250901_t1917390_e1919032_b71752_c20250901204601183000_oeac_ops.dspace_rad,,eez_v11.shp,WPP_BFAR_merge.shp,vbd_mpa_r20170830.shp,VNF-VBD_npp_20120301-20151231_global_asia-enhanced_c201607211230.bitmask,vbd_landsea_r20220824.mask,timezone.shp,VBD_platforms-recurring_2015_r20170330.shp,999999,VBD_bridges_c20160811.shp,14.355770;12.550855;10.047329;5.199992;7.537566;9.452507,80.383789;94.474220;108.227211;106.936050;93.332306;79.482437,npp_d20250901_t1916136_e1917378_b71752;npp_d20250901_t1917390_e1919032_b71752;npp_d20250901_t1919044_e1920286_b71752;npp_d20250901_t1920298_e1921540_b71752,142.391,64.9792,61.3118,-79.1349,111.41,-117.471
357,VBD_npp_d20250901_t1918433_x1041414E_y069777N_l0579_s3603_v23,2025-09-01 21:28:11,6.977706,104.141373,17.2854,2025-09-01 19:18:43,2025-09-02 02:18:43,579,3603,0.301483,1,35169,0.697371,0.0825,0.807288,0.4,0.945171,0.75,1.16757e-13,0.0001,0,999999,7.329908e-03,3,Vietnamese Exclusive Economic Zone,,,SVDNB_npp_d20250901_t1917390_e1919032_b71752_c20250901204547765000_oeac_ops.h5,GDNBO_npp_d20250901_t1917390_e1919032_b71752_c20250901204324159000_oeac_ops.h5,SVI04_npp_d20250901_t1917390_e1919032_b71752_c20250901204601183000_oeac_ops.dspace_rad,,eez_v11.shp,WPP_BFAR_merge.shp,vbd_mpa_r20170830.shp,VNF-VBD_npp_20120301-20151231_global_asia-enhanced_c201607211230.bitmask,vbd_landsea_r20220824.mask,timezone.shp,VBD_platforms-recurring_2015_r20170330.shp,999999,VBD_bridges_c20160811.shp,14.355770;12.550855;10.047329;5.199992;7.537566;9.452507,80.383789;94.474220;108.227211;106.936050;93.332306;79.482437,npp_d20250901_t1916136_e1917378_b71752;npp_d20250901_t1917390_e1919032_b71752;npp_d20250901_t1919044_e1920286_b71752;npp_d20250901_t1920298_e1921540_b71752,143.078,66.7159,61.8791,-79.8445,110.642,-117.954
358,VBD_npp_d20250901_t1918433_x1041841E_y069771N_l0578_s3609_v23,2025-09-01 21:28:11,6.977068,104.184097,25.9038,2025-09-01 19:18:43,2025-09-02 02:18:43,578,3609,0.192297,4,100709,0.575662,0.0825,0.779324,0.4,0.870553,0.75,1.12627e-13,0.0001,0,999999,2.657512e-02,3,Vietnamese Exclusive Economic Zone,,,SVDNB_npp_d20250901_t1917390_e1919032_b71752_c20250901204547765000_oeac_ops.h5,GDNBO_npp_d20250901_t1917390_e1919032_b71752_c20250901204324159000_oeac_ops.h5,SVI04_npp_d20250901_t1917390_e1919032_b71752_c20250901204601183000_oeac_ops.dspace_rad,,eez_v11.shp,WPP_BFAR_merge.shp,vbd_mpa_r20170830.shp,VNF-VBD_npp_20120301-20151231_global_asia-enhanced_c201607211230.bitmask,vbd_landsea_r20220824.mask,timezone.shp,VBD_platforms-recurring_2015_r20170330.shp,999999,VBD_bridges_c20160811.shp,14.355770;12.550855;10.047329;5.199992;7.537566;9.452507,80.383789;94.474220;108.227211;106.936050;93.332306;79.482437,npp_d20250901_t1916136_e1917378_b71752;npp_d20250901_t1917390_e1919032_b71752;npp_d20250901_t1919044_e1920286_b71752;npp_d20250901_t1920298_e1921540_b71752,143.04,66.7442,62.0046,-79.876,110.679,-117.957
359,VBD_npp_d20250901_t1918416_x1042840E_y070018N_l0571_s3622_v23,2025-09-01 21:28:11,7.001772,104.283974,1.91684,2025-09-01 19:18:41,2025-09-02 02:18:41,571,3622,0.227933,10,2305,0.0933129,0.0825,0.374876,0.4,0.603549,0.75,1.02192e-13,0.0001,0,999999,1.502484e-01,3,Vietnamese Exclusive Economic Zone,,,SVDNB_npp_d20250901_t1917390_e1919032_b71752_c20250901204547765000_oeac_ops.h5,GDNBO_npp_d20250901_t1917390_e1919032_b71752_c20250901204324159000_oeac_ops.h5,SVI04_npp_d20250901_t1917390_e1919032_b71752_c20250901204601183000_oeac_ops.dspace_rad,,eez_v11.shp,WPP_BFAR_merge.shp,vbd_mpa_r20170830.shp,VNF-VBD_npp_20120301-20151231_global_asia-enhanced_c201607211230.bitmask,vbd_landsea_r20220824.mask,timezone.shp,VBD_platforms-recurring_2015_r20170330.shp,999999,VBD_bridges_c20160811.shp,14.355770;12.550855;10.047329;5.199992;7.537566;9.452507,80.383789;94.474220;108.227211;106.936050;93.332306;79.482437,npp_d20250901_t1916136_e1917378_b71752;npp_d20250901_t1917390_e1919032_b71752;npp_d20250901_t1919044_e1920286_b71752;npp_d20250901_t1920298_e1921540_b71752,142.945,66.7734,62.2606,-79.5117,110.772,-117.953
360,VBD_npp_d20250901_t1918149_x1047803E_y085098N_l0332_s3637_v23,2025-09-01 21:28:11,8.509797,104.780334,2.28076,2025-09-01 19:18:14,2025-09-02 02:18:14,332,3637,0.0983325,2,2337,0.108783,0.0825,0.450143,0.4,0.651327,0.75,3.53986e-14,0.0001,0,999999,1.811053e-02,3,Vietnamese Exclusive Economic Zone,,,SVDNB_npp_d20250901_t1917390_e1919032_b71752_c20250901204547765000_oeac_ops.h5,GDNBO_npp_d20250901_t1917390_e1919032_b71752_c20250901204324159000_oeac_ops.h5,SVI04_npp_d20250901_t1917390_e1919032_b71752_c20250901204601183000_oeac_ops.dspace_rad,,eez_v11.shp,WPP_BFAR_merge.shp,vbd_mpa_r20170830.shp,VNF-VBD_npp_20120301-20151231_global_asia-enhanced_c201607211230.bitmask,vbd_landsea_r20220824.mask,timezone.shp,VBD_platforms-recurring_2015_r20170330.shp,999999,VBD_bridges_c20160811.shp,14.355770;12.550855;10.047329;5.199992;7.537566;9.452507,80.383789;94.474220;108.227211;106.936050;93.332306;79.482437,npp_d20250901_t1916136_e1917378_b71752;npp_d20250901_t1917390_e1919032_b71752;npp_d20250901_t1919044_e1920286_b71752;npp_d20250901_t1920298_e1921540_b71752,141.983,65.2339,62.5631,-79.1299,111.808,-117.47
361,VBD_npp_d20250901_t1918362_x1045116E_y073172N_l0518_s3643_v23,2025-09-01 21:28:11,7.317241,104.511581,20.8834,2025-09-01 19:18:36,2025-09-02 02:18:36,518,3643,0.307813,1,2401,0.809634,0.0825,0.893222,0.4,0.971895,0.75,7.22113e-14,0.0001,0,999999,1.263494e-01,3,Vietnamese Exclusive Economic Zone,,,SVDNB_npp_d20250901_t1917390_e1919032_b71752_c20250901204547765000_oeac_ops.h5,GDNBO_npp_d20250901_t1917390_e1919032_b71752_c20250901204324159000_oeac_ops.h5,SVI04_npp_d20250901_t1917390_e1919032_b71752_c20250901204601183000_oeac_ops.dspace_rad,,eez_v11.shp,WPP_BFAR_merge.shp,vbd_mpa_r20170830.shp,VNF-VBD_npp_20120301-20151231_global_asia-enhanced_c201607211230.bitmask,vbd_landsea_r20220824.mask,timezone.shp,VBD_platforms-recurring_2015_r20170330.shp,999999,VBD_bridges_c20160811.shp,14.355770;12.550855;10.047329;5.199992;7.537566;9.452507,80.383789;94.474220;108.227211;106.936050;93.332306;79.482437,npp_d20250901_t1916136_e1917378_b71752;npp_d20250901_t1917390_e1919032_b71752;npp_d20250901_t1919044_e1920286_b71752;npp_d20250901_t1920298_e1921540_b71752,142.633,66.5239,62.6842,-79.6127,111.098,-117.86
362,VBD_npp_d20250901_t1918362_x1046224E_y073238N_l0514_s3659_v23,2025-09-01 21:28:11,7.323817,104.622375,4.24426,2025-09-01 19:18:36,2025-09-02 02:18:36,514,3659,0.205029,1,2401,0.249927,0.1375,0.695681,0.4,0.771219,0.75,6.382e-14,0.0001,0,999999,-1.964296e-01,3,Vietnamese Exclusive Economic Zone,,,SVDNB_npp_d20250901_t1917390_e1919032_b71752_c20250901204547765000_oeac_ops.h5,GDNBO_npp_d20250901_t1917390_e1919032_b71752_c20250901204324159000_oeac_ops.h5,SVI04_npp_d20250901_t1917390_e1919032_b71752_c20250901204601183000_oeac_ops.dspace_rad,,eez_v11.shp,WPP_BFAR_merge.shp,vbd_mpa_r20170830.shp,VNF-VBD_npp_20120301-20151231_global_asia-enhanced_c201607211230.bitmask,vbd_landsea_r20220824.mask,timezone.shp,VBD_platforms-recurring_2015_r20170330.shp,999999,VBD_bridges_c20160811.shp,14.355770;12.550855;10.047329;5.199992;7.537566;9.452507,80.383789;94.474220;108.227211;106.936050;93.332306;79.482437,npp_d20250901_t1916136_e1917378_b71752;npp_d20250901_t1917390_e1919032_b71752;npp_d20250901_t1919044_e1920286_b71752;npp_d20250901_t1920298_e1921540_b71752,142.53,66.5873,62.9945,-79.7346,111.198,-117.863
363,VBD_npp_d20250901_t1918345_x1048539E_y073881N_l0498_s3690_v23,2025-09-01 21:28:11,7.388088,104.853928,3.95222,2025-09-01 19:18:34,2025-09-02 02:18:34,498,3690,0.247779,1,2401,0.24487,0.1375,0.721199,0.4,0.810439,0.75,4.99909e-14,0.0001,0,999999,-3.476830e-03,3,Vietnamese Exclusive Economic Zone,,,SVDNB_npp_d20250901_t1917390_e1919032_b71752_c20250901204547765000_oeac_ops.h5,GDNBO_npp_d20250901_t1917390_e1919032_b71752_c20250901204324159000_oeac_ops.h5,SVI04_npp_d20250901_t1917390_e1919032_b71752_c20250901204601183000_oeac_ops.dspace_rad,,eez_v11.shp,WPP_BFAR_merge.shp,vbd_mpa_r20170830.shp,VNF-VBD_npp_20120301-20151231_global_asia-enhanced_c201607211230.bitmask,vbd_landsea_r20220824.mask,timezone.shp,VBD_platforms-recurring_2015_r20170330.shp,999999,VBD_bridges_c20160811.shp,14.355770;12.550855;10.047329;5.199992;7.537566;9.452507,80.383789;94.474220;108.227211;106.936050;93.332306;79.482437,npp_d20250901_t1916136_e1917378_b71752;npp_d20250901_t1917390_e1919032_b71752;npp_d20250901_t1919044_e1920286_b71752;npp_d20250901_t1920298_e1921540_b71752,142.3,66.6539,63.5853,-79.6827,111.424,-117.852
364,VBD_npp_d20250901_t1918576_x1046260E_y059703N_l0716_s3708_v23,2025-09-01 21:28:11,5.970279,104.625999,8.3366,2025-09-01 19:18:57,2025-09-02 03:18:57,716,3708,0.238034,1,2401,0.418305,0.1375,0.745264,0.4,0.84414,0.75,1.00689e-13,0.0001,0,999999,1.520150e-01,3,Malaysian Exclusive Economic Zone,,,SVDNB_npp_d20250901_t1917390_e1919032_b71752_c20250901204547765000_oeac_ops.h5,GDNBO_npp_d20250901_t1917390_e1919032_b71752_c20250901204324159000_oeac_ops.h5,SVI04_npp_d20250901_t1917390_e1919032_b71752_c20250901204601183000_oeac_ops.dspace_rad,,eez_v11.shp,WPP_BFAR_merge.shp,vbd_mpa_r20170830.shp,VNF-VBD_npp_20120301-20151231_global_asia-enhanced_c201607211230.bitmask,vbd_landsea_r20220824.mask,timezone.shp,VBD_platforms-recurring_2015_r20170330.shp,999999,VBD_bridges_c20160811.shp,14.355770;12.550855;10.047329;5.199992;7.537566;9.452507,80.383789;94.474220;108.227211;106.936050;93.332306;79.482437,npp_d20250901_t1916136_e1917378_b71752;npp_d20250901_t1917390_e1919032_b71752;npp_d20250901_t1919044_e1920286_b71752;npp_d20250901_t1920298_e1921540_b71752,142.964,68.2882,63.9323,-79.6209,110.642,-118.304
367,VBD_npp_d20250901_t1918576_x1047117E_y059688N_l0714_s3720_v23,2025-09-01 21:28:11,5.968812,104.711708,14.4811,2025-09-01 19:18:57,2025-09-02 03:18:57,714,3720,0.353906,1,2401,0.628087,0.1375,0.83061,0.4,0.951181,0.75,9.44817e-14,0.0001,0,999999,1.958940e-01,3,Malaysian Exclusive Economic Zone,,,SVDNB_npp_d20250901_t1917390_e1919032_b71752_c20250901204547765000_oeac_ops.h5,GDNBO_npp_d20250901_t1917390_e1919032_b71752_c20250901204324159000_oeac_ops.h5,SVI04_npp_d20250901_t1917390_e1919032_b71752_c20250901204601183000_oeac_ops.dspace_rad,,eez_v11.shp,WPP_BFAR_merge.shp,vbd_mpa_r20170830.shp,VNF-VBD_npp_20120301-20151231_global_asia-enhanced_c201607211230.bitmask,vbd_landsea_r20220824.mask,timezone.shp,VBD_platforms-recurring_2015_r20170330.shp,999999,VBD_bridges_c20160811.shp,14.355770;12.550855;10.047329;5.199992;7.537566;9.452507,80.383789;94.474220;108.227211;106.936050;93.332306;79.482437,npp_d20250901_t1916136_e1917378_b71752;npp_d20250901_t1917390_e1919032_b71752;npp_d20250901_t1919044_e1920286_b71752;npp_d20250901_t1920298_e1921540_b71752,142.886,68.3406,64.1656,-79.6816,110.716,-118.31
376,VBD_npp_d20250901_t1918576_x1049214E_y059104N_l0717_s3752_v23,2025-09-01 21:28:11,5.910413,104.921356,23.568,2025-09-01 19:18:57,2025-09-02 03:18:57,717,3752,0.357107,1,2401,0.807751,0.1375,0.866336,0.4,0.938088,0.75,7.79277e-14,0.0001,0,999999,2.836883e-01,3,Malaysian Exclusive Economic Zone,,,SVDNB_npp_d20250901_t1917390_e1919032_b71752_c20250901204547765000_oeac_ops.h5,GDNBO_npp_d20250901_t1917390_e1919032_b71752_c20250901204324159000_oeac_ops.h5,SVI04_npp_d20250901_t1917390_e1919032_b71752_c20250901204601183000_oeac_ops.dspace_rad,,eez_v11.shp,WPP_BFAR_merge.shp,vbd_mpa_r20170830.shp,VNF-VBD_npp_20120301-20151231_global_asia-enhanced_c201607211230.bitmask,vbd_landsea_r20220824.mask,timezone.shp,VBD_platforms-recurring_2015_r20170330.shp,999999,VBD_bridges_c20160811.shp,14.355770;12.550855;10.047329;5.199992;7.537566;9.452507,80.383789;94.474220;108.227211;106.936050;93.332306;79.482437,npp_d20250901_t1916136_e1917378_b71752;npp_d20250901_t1917390_e1919032_b71752;npp_d20250901_t1919044_e1920286_b71752;npp_d20250901_t1920298_e1921540_b71752,142.713,68.5348,64.7543,-79.5642,110.871,-118.343
378,VBD_npp_d20250901_t1918576_x1049417E_y059825N_l0706_s3753_v23,2025-09-01 21:28:11,5.982498,104.941673,4.36236,2025-09-01 19:18:57,2025-09-02 03:18:57,706,3753,0.286118,1,2401,0.225946,0.1375,0.609983,0.4,0.805929,0.75,7.74104e-14,0.0001,0,999999,1.927885e-01,3,Malaysian Exclusive Economic Zone,,,SVDNB_npp_d20250901_t1917390_e1919032_b71752_c20250901204547765000_oeac_ops.h5,GDNBO_npp_d20250901_t1917390_e1919032_b71752_c20250901204324159000_oeac_ops.h5,SVI04_npp_d20250901_t1917390_e1919032_b71752_c20250901204601183000_oeac_ops.dspace_rad,,eez_v11.shp,WPP_BFAR_merge.shp,vbd_mpa_r20170830.shp,VNF-VBD_npp_20120301-20151231_global_asia-enhanced_c201607211230.bitmask,vbd_landsea_r20220824.mask,timezone.shp,VBD_platforms-recurring_2015_r20170330.shp,999999,VBD_bridges_c20160811.shp,14.355770;12.550855;10.047329;5.199992;7.537566;9.452507,80.383789;94.474220;108.227211;106.936050;93.332306;79.482437,npp_d20250901_t1916136_e1917378_b71752;npp_d20250901_t1917390_e1919032_b71752;npp_d20250901_t1919044_e1920286_b71752;npp_d20250901_t1920298_e1921540_b71752,142.668,68.4586,64.7735,-79.9235,110.923,-118.322
14,VBD_npp_d20250901_t1919189_x0993251E_y056149N_l0139_s2961_v23,2025-09-01 21:28:11,5.614922,99.325127,5.95757,2025-09-01 19:19:18,2025-09-02 02:19:18,139,2961,0.118391,8,18785,0.344254,0.055,0.821663,0.4,0.823537,0.75,1.81361e-11,0.0001,4.70258e-145,999999,3.229717e-01,3,Malaysian Exclusive Economic Zone,,,SVDNB_npp_d20250901_t1919044_e1920286_b71752_c20250901204700419000_oeac_ops.h5,GDNBO_npp_d20250901_t1919044_e1920286_b71752_c20250901204438526000_oeac_ops.h5,SVI04_npp_d20250901_t1919044_e1920286_b71752_c20250901204707940000_oeac_ops.dspace_rad,,eez_v11.shp,WPP_BFAR_merge.shp,vbd_mpa_r20170830.shp,VNF-VBD_npp_20120301-20151231_global_asia-enhanced_c201607211230.bitmask,vbd_landsea_r20220824.mask,timezone.shp,VBD_platforms-recurring_2015_r20170330.shp,0.26967,VBD_bridges_c20160811.shp,9.455585;7.532456;5.202197;0.333479;2.517127;4.563143,79.477501;93.324600;106.931038;105.765770;92.201302;78.485680,npp_d20250901_t1916136_e1917378_b71752;npp_d20250901_t1917390_e1919032_b71752;npp_d20250901_t1919044_e1920286_b71752;npp_d20250901_t1920298_e1921540_b71752,147.871,65.2676,44.8533,-80.2881,105.926,-118.159
15,VBD_npp_d20250901_t1919189_x0993283E_y055936N_l0142_s2962_v23,2025-09-01 21:28:11,5.593566,99.328323,5.80614,2025-09-01 19:19:18,2025-09-02 02:19:18,142,2962,0.121521,1,2401,0.328714,0.055,0.821663,0.4,0.833509,0.75,1.81405e-11,0.0001,3.60579e-145,999999,1.475604e-01,3,Malaysian Exclusive Economic Zone,,,SVDNB_npp_d20250901_t1919044_e1920286_b71752_c20250901204700419000_oeac_ops.h5,GDNBO_npp_d20250901_t1919044_e1920286_b71752_c20250901204438526000_oeac_ops.h5,SVI04_npp_d20250901_t1919044_e1920286_b71752_c20250901204707940000_oeac_ops.dspace_rad,,eez_v11.shp,WPP_BFAR_merge.shp,vbd_mpa_r20170830.shp,VNF-VBD_npp_20120301-20151231_global_asia-enhanced_c201607211230.bitmask,vbd_landsea_r20220824.mask,timezone.shp,VBD_platforms-recurring_2015_r20170330.shp,999999,VBD_bridges_c20160811.shp,9.455585;7.532456;5.202197;0.333479;2.517127;4.563143,79.477501;93.324600;106.931038;105.765770;92.201302;78.485680,npp_d20250901_t1916136_e1917378_b71752;npp_d20250901_t1917390_e1919032_b71752;npp_d20250901_t1919044_e1920286_b71752;npp_d20250901_t1920298_e1921540_b71752,147.877,65.3009,44.8876,-80.1014,105.919,-118.164
16,VBD_npp_d20250901_t1919207_x0993306E_y055682N_l0146_s2964_v23,2025-09-01 21:28:11,5.568226,99.330620,4.35935,2025-09-01 19:19:20,2025-09-02 02:19:20,146,2964,0.118249,1,2401,0.261287,0.055,0.827555,0.4,0.826129,0.75,1.80592e-11,0.0001,1.78612e-146,999999,3.662245e-01,3,Malaysian Exclusive Economic Zone,,,SVDNB_npp_d20250901_t1919044_e1920286_b71752_c20250901204700419000_oeac_ops.h5,GDNBO_npp_d20250901_t1919044_e1920286_b71752_c20250901204438526000_oeac_ops.h5,SVI04_npp_d20250901_t1919044_e1920286_b71752_c20250901204707940000_oeac_ops.dspace_rad,,eez_v11.shp,WPP_BFAR_merge.shp,vbd_mpa_r20170830.shp,VNF-VBD_npp_20120301-20151231_global_asia-enhanced_c201607211230.bitmask,vbd_landsea_r20220824.mask,timezone.shp,VBD_platforms-recurring_2015_r20170330.shp,999999,VBD_bridges_c20160811.shp,9.455585;7.532456;5.202197;0.333479;2.517127;4.563143,79.477501;93.324600;106.931038;105.765770;92.201302;78.485680,npp_d20250901_t1916136_e1917378_b71752;npp_d20250901_t1917390_e1919032_b71752;npp_d20250901_t1919044_e1920286_b71752;npp_d20250901_t1920298_e1921540_b71752,147.879,65.3449,44.9562,-80.8551,105.915,-118.17
18,VBD_npp_d20250901_t1919189_x0993537E_y055823N_l0143_s2966_v23,2025-09-01 21:28:11,5.582258,99.353691,12.3114,2025-09-01 19:19:18,2025-09-02 02:19:18,143,2966,0.17615,8,18785,0.541072,0.055,0.827555,0.4,0.894,0.75,1.76804e-11,0.0001,1.06913e-146,999999,2.593222e-01,3,Malaysian Exclusive Economic Zone,,,SVDNB_npp_d20250901_t1919044_e1920286_b71752_c20250901204700419000_oeac_ops.h5,GDNBO_npp_d20250901_t1919044_e1920286_b71752_c20250901204438526000_oeac_ops.h5,SVI04_npp_d20250901_t1919044_e1920286_b71752_c20250901204707940000_oeac_ops.dspace_rad,,eez_v11.shp,WPP_BFAR_merge.shp,vbd_mpa_r20170830.shp,VNF-VBD_npp_20120301-20151231_global_asia-enhanced_c201607211230.bitmask,vbd_landsea_r20220824.mask,timezone.shp,VBD_platforms-recurring_2015_r20170330.shp,0.533907,VBD_bridges_c20160811.shp,9.455585;7.532456;5.202197;0.333479;2.517127;4.563143,79.477501;93.324600;106.931038;105.765770;92.201302;78.485680,npp_d20250901_t1916136_e1917378_b71752;npp_d20250901_t1917390_e1919032_b71752;npp_d20250901_t1919044_e1920286_b71752;npp_d20250901_t1920298_e1921540_b71752,147.859,65.3365,45.0233,-80.0379,105.935,-118.168
19,VBD_npp_d20250901_t1919189_x0994294E_y055832N_l0141_s2977_v23,2025-09-01 21:28:11,5.583192,99.429413,4.97561,2025-09-01 19:19:18,2025-09-02 02:19:18,141,2977,0.121308,8,18721,0.254808,0.055,0.693252,0.4,0.661408,0.75,1.63451e-11,0.0001,1.65113e-151,999999,-1.688915e-01,3,Malaysian Exclusive Economic Zone,,,SVDNB_npp_d20250901_t1919044_e1920286_b71752_c20250901204700419000_oeac_ops.h5,GDNBO_npp_d20250901_t1919044_e1920286_b71752_c20250901204438526000_oeac_ops.h5,SVI04_npp_d20250901_t1919044_e1920286_b71752_c20250901204707940000_oeac_ops.dspace_rad,,eez_v11.shp,WPP_BFAR_merge.shp,vbd_mpa_r20170830.shp,VNF-VBD_npp_20120301-20151231_global_asia-enhanced_c201607211230.bitmask,vbd_landsea_r20220824.mask,timezone.shp,VBD_platforms-recurring_2015_r20170330.shp,0.448503,VBD_bridges_c20160811.shp,9.455585;7.532456;5.202197;0.333479;2.517127;4.563143,79.477501;93.324600;106.931038;105.765770;92.201302;78.485680,npp_d20250901_t1916136_e1917378_b71752;npp_d20250901_t1917390_e1919032_b71752;npp_d20250901_t1919044_e1920286_b71752;npp_d20250901_t1920298_e1921540_b71752,147.79,65.3924,45.3959,-80.157,106.002,-118.17
21,VBD_npp_d20250901_t1919189_x0994429E_y055809N_l0141_s2979_v23,2025-09-01 21:28:11,5.580885,99.442879,2.72096,2025-09-01 19:19:18,2025-09-02 02:19:18,141,2979,0.0989015,2,2337,0.110168,0.055,0.689461,0.4,0.538424,0.75,1.62018e-11,0.0001,2.25209e-152,999999,-1.516055e-03,3,Malaysian Exclusive Economic Zone,,,SVDNB_npp_d20250901_t1919044_e1920286_b71752_c20250901204700419000_oeac_ops.h5,GDNBO_npp_d20250901_t1919044_e1920286_b71752_c20250901204438526000_oeac_ops.h5,SVI04_npp_d20250901_t1919044_e1920286_b71752_c20250901204707940000_oeac_ops.dspace_rad,,eez_v11.shp,WPP_BFAR_merge.shp,vbd_mpa_r20170830.shp,VNF-VBD_npp_20120301-20151231_global_asia-enhanced_c201607211230.bitmask,vbd_landsea_r20220824.mask,timezone.shp,VBD_platforms-recurring_2015_r20170330.shp,999999,VBD_bridges_c20160811.shp,9.455585;7.532456;5.202197;0.333479;2.517127;4.563143,79.477501;93.324600;106.931038;105.765770;92.201302;78.485680,npp_d20250901_t1916136_e1917378_b71752;npp_d20250901_t1917390_e1919032_b71752;npp_d20250901_t1919044_e1920286_b71752;npp_d20250901_t1920298_e1921540_b71752,147.779,65.4059,45.4639,-80.1561,106.013,-118.17
22,VBD_npp_d20250901_t1919207_x0994388E_y055573N_l0145_s2980_v23,2025-09-01 21:28:11,5.557304,99.438774,3.39859,2025-09-01 19:19:20,2025-09-02 02:19:20,145,2980,0.0948471,2,2337,0.160145,0.055,0.768788,0.4,0.672703,0.75,1.62835e-11,0.0001,2.49176e-153,999999,1.975273e-02,3,Malaysian Exclusive Economic Zone,,,SVDNB_npp_d20250901_t1919044_e1920286_b71752_c20250901204700419000_oeac_ops.h5,GDNBO_npp_d20250901_t1919044_e1920286_b71752_c20250901204438526000_oeac_ops.h5,SVI04_npp_d20250901_t1919044_e1920286_b71752_c20250901204707940000_oeac_ops.dspace_rad,,eez_v11.shp,WPP_BFAR_merge.shp,vbd_mpa_r20170830.shp,VNF-VBD_npp_20120301-20151231_global_asia-enhanced_c201607211230.bitmask,vbd_landsea_r20220824.mask,timezone.shp,VBD_platforms-recurring_2015_r20170330.shp,999999,VBD_bridges_c20160811.shp,9.455585;7.532456;5.202197;0.333479;2.517127;4.563143,79.477501;93.324600;106.931038;105.765770;92.201302;78.485680,npp_d20250901_t1916136_e1917378_b71752;npp_d20250901_t1917390_e1919032_b71752;npp_d20250901_t1919044_e1920286_b71752;npp_d20250901_t1920298_e1921540_b71752,147.786,65.4425,45.4993,-80.9032,106.004,-118.176
23,VBD_npp_d20250901_t1919207_x0994600E_y055188N_l0150_s2984_v23,2025-09-01 21:28:11,5.518766,99.460030,13.0275,2025-09-01 19:19:20,2025-09-02 02:19:20,150,2984,0.183974,1,2401,0.5848,0.055,0.835822,0.4,0.925435,0.75,1.61823e-11,0.0001,1.45851e-154,999999,1.649721e-01,3,Malaysian Exclusive Economic Zone,,,SVDNB_npp_d20250901_t1919044_e1920286_b71752_c20250901204700419000_oeac_ops.h5,GDNBO_npp_d20250901_t1919044_e1920286_b71752_c20250901204438526000_oeac_ops.h5,SVI04_npp_d20250901_t1919044_e1920286_b71752_c20250901204707940000_oeac_ops.dspace_rad,,eez_v11.shp,WPP_BFAR_merge.shp,vbd_mpa_r20170830.shp,VNF-VBD_npp_20120301-20151231_global_asia-enhanced_c201607211230.bitmask,vbd_landsea_r20220824.mask,timezone.shp,VBD_platforms-recurring_2015_r20170330.shp,999999,VBD_bridges_c20160811.shp,9.455585;7.532456;5.202197;0.333479;2.517127;4.563143,79.477501;93.324600;106.931038;105.765770;92.201302;78.485680,npp_d20250901_t1916136_e1917378_b71752;npp_d20250901_t1917390_e1919032_b71752;npp_d20250901_t1919044_e1920286_b71752;npp_d20250901_t1920298_e1921540_b71752,147.783,65.5141,45.634,-80.5935,106.005,-118.186
31,VBD_npp_d20250901_t1919136_x0998056E_y059260N_l0081_s3020_v23,2025-09-01 21:28:11,5.925966,99.805611,1.49315,2025-09-01 19:19:13,2025-09-02 02:19:13,81,3020,0.0195194,10,2305,0.070771,0.055,0.322685,0.4,0.595515,0.75,1.11578e-11,0.0001,2.10883e-175,999999,-2.031124e-02,3,Malaysian Exclusive Economic Zone,,,SVDNB_npp_d20250901_t1919044_e1920286_b71752_c20250901204700419000_oeac_ops.h5,GDNBO_npp_d20250901_t1919044_e1920286_b71752_c20250901204438526000_oeac_ops.h5,SVI04_npp_d20250901_t1919044_e1920286_b71752_c20250901204707940000_oeac_ops.dspace_rad,,eez_v11.shp,WPP_BFAR_merge.shp,vbd_mpa_r20170830.shp,VNF-VBD_npp_20120301-20151231_global_asia-enhanced_c201607211230.bitmask,vbd_landsea_r20220824.mask,timezone.shp,VBD_platforms-recurring_2015_r20170330.shp,999999,VBD_bridges_c20160811.shp,9.455585;7.532456;5.202197;0.333479;2.517127;4.563143,79.477501;93.324600;106.931038;105.765770;92.201302;78.485680,npp_d20250901_t1916136_e1917378_b71752;npp_d20250901_t1917390_e1919032_b71752;npp_d20250901_t1919044_e1920286_b71752;npp_d20250901_t1920298_e1921540_b71752,147.327,65.1698,46.8264,-80.7984,106.473,-118.097
35,VBD_npp_d20250901_t1919189_x0997552E_y055144N_l0143_s3026_v23,2025-09-01 21:28:11,5.514419,99.755165,4.67104,2025-09-01 19:19:18,2025-09-02 02:19:18,143,3026,0.209155,8,18785,0.291229,0.055,0.649162,0.4,0.766797,0.75,1.28948e-11,0.0001,3.7073e-174,999999,-1.083503e-01,3,Malaysian Exclusive Economic Zone,,,SVDNB_npp_d20250901_t1919044_e1920286_b71752_c20250901204700419000_oeac_ops.h5,GDNBO_npp_d20250901_t1919044_e1920286_b71752_c20250901204438526000_oeac_ops.h5,SVI04_npp_d20250901_t1919044_e1920286_b71752_c20250901204707940000_oeac_ops.dspace_rad,,eez_v11.shp,WPP_BFAR_merge.shp,vbd_mpa_r20170830.shp,VNF-VBD_npp_20120301-20151231_global_asia-enhanced_c201607211230.bitmask,vbd_landsea_r20220824.mask,timezone.shp,VBD_platforms-recurring_2015_r20170330.shp,0.240292,VBD_bridges_c20160811.shp,9.455585;7.532456;5.202197;0.333479;2.517127;4.563143,79.477501;93.324600;106.931038;105.765770;92.201302;78.485680,npp_d20250901_t1916136_e1917378_b71752;npp_d20250901_t1917390_e1919032_b71752;npp_d20250901_t1919044_e1920286_b71752;npp_d20250901_t1920298_e1921540_b71752,147.523,65.7346,47.0191,-80.0275,106.254,-118.196
42,VBD_npp_d20250901_t1919189_x0998996E_y055874N_l0129_s3045_v23,2025-09-01 21:28:11,5.587397,99.899590,1.43811,2025-09-01 19:19:18,2025-09-02 02:19:18,129,3045,0.105446,10,2305,0.0657055,0.055,0.26497,0.4,0.596748,0.75,1.11453e-11,0.0001,5.65247e-186,999999,-9.179491e-02,3,Malaysian Exclusive Economic Zone,,,SVDNB_npp_d20250901_t1919044_e1920286_b71752_c20250901204700419000_oeac_ops.h5,GDNBO_npp_d20250901_t1919044_e1920286_b71752_c20250901204438526000_oeac_ops.h5,SVI04_npp_d20250901_t1919044_e1920286_b71752_c20250901204707940000_oeac_ops.dspace_rad,,eez_v11.shp,WPP_BFAR_merge.shp,vbd_mpa_r20170830.shp,VNF-VBD_npp_20120301-20151231_global_asia-enhanced_c201607211230.bitmask,vbd_landsea_r20220824.mask,timezone.shp,VBD_platforms-recurring_2015_r20170330.shp,999999,VBD_bridges_c20160811.shp,9.455585;7.532456;5.202197;0.333479;2.517127;4.563143,79.477501;93.324600;106.931038;105.765770;92.201302;78.485680,npp_d20250901_t1916136_e1917378_b71752;npp_d20250901_t1917390_e1919032_b71752;npp_d20250901_t1919044_e1920286_b71752;npp_d20250901_t1920298_e1921540_b71752,147.362,65.737,47.6363,-80.8227,106.415,-118.183
45,VBD_npp_d20250901_t1919154_x0999906E_y057457N_l0103_s3052_v23,2025-09-01 21:28:11,5.745658,99.990631,5.11086,2025-09-01 19:19:15,2025-09-02 03:19:15,103,3052,0.0634072,1,2401,0.321842,0.055,0.779275,0.4,0.84274,0.75,9.98037e-12,0.0001,3.45281e-191,999999,9.210683e-02,3,Malaysian Exclusive Economic Zone,,,SVDNB_npp_d20250901_t1919044_e1920286_b71752_c20250901204700419000_oeac_ops.h5,GDNBO_npp_d20250901_t1919044_e1920286_b71752_c20250901204438526000_oeac_ops.h5,SVI04_npp_d20250901_t1919044_e1920286_b71752_c20250901204707940000_oeac_ops.dspace_rad,,eez_v11.shp,WPP_BFAR_merge.shp,vbd_mpa_r20170830.shp,VNF-VBD_npp_20120301-20151231_global_asia-enhanced_c201607211230.bitmask,vbd_landsea_r20220824.mask,timezone.shp,VBD_platforms-recurring_2015_r20170330.shp,999999,VBD_bridges_c20160811.shp,9.455585;7.532456;5.202197;0.333479;2.517127;4.563143,79.477501;93.324600;106.931038;105.765770;92.201302;78.485680,npp_d20250901_t1916136_e1917378_b71752;npp_d20250901_t1917390_e1919032_b71752;npp_d20250901_t1919044_e1920286_b71752;npp_d20250901_t1920298_e1921540_b71752,147.228,65.5686,47.8652,-80.445,106.556,-118.147
49,VBD_npp_d20250901_t1919172_x1001451E_y056042N_l0120_s3080_v23,2025-09-01 21:28:11,5.604163,100.145050,1.91336,2025-09-01 19:19:17,2025-09-02 03:19:17,120,3080,0.317985,10,2305,0.0858473,0.055,0.333597,0.4,0.574382,0.75,8.70204e-12,0.0001,5.09303e-206,999999,-8.318489e-02,3,Malaysian Exclusive Economic Zone,,,SVDNB_npp_d20250901_t1919044_e1920286_b71752_c20250901204700419000_oeac_ops.h5,GDNBO_npp_d20250901_t1919044_e1920286_b71752_c20250901204438526000_oeac_ops.h5,SVI04_npp_d20250901_t1919044_e1920286_b71752_c20250901204707940000_oeac_ops.dspace_rad,,eez_v11.shp,WPP_BFAR_merge.shp,vbd_mpa_r20170830.shp,VNF-VBD_npp_20120301-20151231_global_asia-enhanced_c201607211230.bitmask,vbd_landsea_r20220824.mask,timezone.shp,VBD_platforms-recurring_2015_r20170330.shp,999999,VBD_bridges_c20160811.shp,9.455585;7.532456;5.202197;0.333479;2.517127;4.563143,79.477501;93.324600;106.931038;105.765770;92.201302;78.485680,npp_d20250901_t1916136_e1917378_b71752;npp_d20250901_t1917390_e1919032_b71752;npp_d20250901_t1919044_e1920286_b71752;npp_d20250901_t1920298_e1921540_b71752,147.139,65.8873,48.7099,-80.3823,106.631,-118.187
63,VBD_npp_d20250901_t1919047_x1027382E_y058938N_l0010_s3442_v23,2025-09-01 21:28:11,5.893762,102.738182,2.24898,2025-09-01 19:19:04,2025-09-02 03:19:04,10,3442,0.261009,2,2337,0.0880737,0.0825,0.665309,0.4,0.519836,0.75,7.31017e-13,0.0001,0,999999,-1.195979e-01,1,Malaysian Exclusive Economic Zone,,,SVDNB_npp_d20250901_t1919044_e1920286_b71752_c20250901204700419000_oeac_ops.h5,GDNBO_npp_d20250901_t1919044_e1920286_b71752_c20250901204438526000_oeac_ops.h5,SVI04_npp_d20250901_t1919044_e1920286_b71752_c20250901204707940000_oeac_ops.dspace_rad,,eez_v11.shp,WPP_BFAR_merge.shp,vbd_mpa_r20170830.shp,VNF-VBD_npp_20120301-20151231_global_asia-enhanced_c201607211230.bitmask,vbd_landsea_r20220824.mask,timezone.shp,VBD_platforms-recurring_2015_r20170330.shp,999999,VBD_bridges_c20160811.shp,9.455585;7.532456;5.202197;0.333479;2.517127;4.563143,79.477501;93.324600;106.931038;105.765770;92.201302;78.485680,npp_d20250901_t1916136_e1917378_b71752;npp_d20250901_t1917390_e1919032_b71752;npp_d20250901_t1919044_e1920286_b71752;npp_d20250901_t1920298_e1921540_b71752,144.704,67.2364,58.3732,-79.9445,108.986,-118.219
64,VBD_npp_d20250901_t1919047_x1027939E_y058910N_l0009_s3450_v23,2025-09-01 21:28:11,5.891000,102.793861,3.30524,2025-09-01 19:19:04,2025-09-02 03:19:04,9,3450,0.290884,1,2401,0.220553,0.0825,0.769158,0.4,0.836483,0.75,6.90554e-13,0.0001,0,999999,-4.575961e-02,3,Malaysian Exclusive Economic Zone,,,SVDNB_npp_d20250901_t1919044_e1920286_b71752_c20250901204700419000_oeac_ops.h5,GDNBO_npp_d20250901_t1919044_e1920286_b71752_c20250901204438526000_oeac_ops.h5,SVI04_npp_d20250901_t1919044_e1920286_b71752_c20250901204707940000_oeac_ops.dspace_rad,,eez_v11.shp,WPP_BFAR_merge.shp,vbd_mpa_r20170830.shp,VNF-VBD_npp_20120301-20151231_global_asia-enhanced_c201607211230.bitmask,vbd_landsea_r20220824.mask,timezone.shp,VBD_platforms-recurring_2015_r20170330.shp,999999,VBD_bridges_c20160811.shp,9.455585;7.532456;5.202197;0.333479;2.517127;4.563143,79.477501;93.324600;106.931038;105.765770;92.201302;78.485680,npp_d20250901_t1916136_e1917378_b71752;npp_d20250901_t1917390_e1919032_b71752;npp_d20250901_t1919044_e1920286_b71752;npp_d20250901_t1920298_e1921540_b71752,144.654,67.2756,58.5583,-79.9805,109.033,-118.223
65,VBD_npp_d20250901_t1919047_x1028081E_y058529N_l0014_s3453_v23,2025-09-01 21:28:11,5.852872,102.808128,10.354,2025-09-01 19:19:04,2025-09-02 03:19:04,14,3453,0.255888,1,2401,0.547665,0.0825,0.856709,0.4,0.933101,0.75,6.95933e-13,0.0001,0,999999,2.552864e-02,3,Malaysian Exclusive Economic Zone,,,SVDNB_npp_d20250901_t1919044_e1920286_b71752_c20250901204700419000_oeac_ops.h5,GDNBO_npp_d20250901_t1919044_e1920286_b71752_c20250901204438526000_oeac_ops.h5,SVI04_npp_d20250901_t1919044_e1920286_b71752_c20250901204707940000_oeac_ops.dspace_rad,,eez_v11.shp,WPP_BFAR_merge.shp,vbd_mpa_r20170830.shp,VNF-VBD_npp_20120301-20151231_global_asia-enhanced_c201607211230.bitmask,vbd_landsea_r20220824.mask,timezone.shp,VBD_platforms-recurring_2015_r20170330.shp,999999,VBD_bridges_c20160811.shp,9.455585;7.532456;5.202197;0.333479;2.517127;4.563143,79.477501;93.324600;106.931038;105.765770;92.201302;78.485680,npp_d20250901_t1916136_e1917378_b71752;npp_d20250901_t1917390_e1919032_b71752;npp_d20250901_t1919044_e1920286_b71752;npp_d20250901_t1920298_e1921540_b71752,144.656,67.3344,58.628,-79.772,109.028,-118.234
66,VBD_npp_d20250901_t1919047_x1028627E_y059217N_l0003_s3459_v23,2025-09-01 21:28:11,5.921665,102.862709,4.83916,2025-09-01 19:19:04,2025-09-02 03:19:04,3,3459,0.248917,8,18785,0.28611,0.0825,0.775292,0.4,0.821858,0.75,6.27734e-13,0.0001,0,999999,-3.371166e-02,3,Malaysian Exclusive Economic Zone,,,SVDNB_npp_d20250901_t1919044_e1920286_b71752_c20250901204700419000_oeac_ops.h5,GDNBO_npp_d20250901_t1919044_e1920286_b71752_c20250901204438526000_oeac_ops.h5,SVI04_npp_d20250901_t1919044_e1920286_b71752_c20250901204707940000_oeac_ops.dspace_rad,,eez_v11.shp,WPP_BFAR_merge.shp,vbd_mpa_r20170830.shp,VNF-VBD_npp_20120301-20151231_global_asia-enhanced_c201607211230.bitmask,vbd_landsea_r20220824.mask,timezone.shp,VBD_platforms-recurring_2015_r20170330.shp,0.556277,VBD_bridges_c20160811.shp,9.455585;7.532456;5.202197;0.333479;2.517127;4.563143,79.477501;93.324600;106.931038;105.765770;92.201302;78.485680,npp_d20250901_t1916136_e1917378_b71752;npp_d20250901_t1917390_e1919032_b71752;npp_d20250901_t1919044_e1920286_b71752;npp_d20250901_t1920298_e1921540_b71752,144.579,67.2801,58.7678,-80.2218,109.108,-118.217
67,VBD_npp_d20250901_t1919047_x1028777E_y059262N_l0002_s3461_v23,2025-09-01 21:28:11,5.926202,102.877686,2.76575,2025-09-01 19:19:04,2025-09-02 03:19:04,2,3461,0.23654,1,2401,0.152801,0.0825,0.754779,0.4,0.752359,0.75,6.1535e-13,0.0001,0,999999,1.495571e-01,3,Malaysian Exclusive Economic Zone,,,SVDNB_npp_d20250901_t1919044_e1920286_b71752_c20250901204700419000_oeac_ops.h5,GDNBO_npp_d20250901_t1919044_e1920286_b71752_c20250901204438526000_oeac_ops.h5,SVI04_npp_d20250901_t1919044_e1920286_b71752_c20250901204707940000_oeac_ops.dspace_rad,,eez_v11.shp,WPP_BFAR_merge.shp,vbd_mpa_r20170830.shp,VNF-VBD_npp_20120301-20151231_global_asia-enhanced_c201607211230.bitmask,vbd_landsea_r20220824.mask,timezone.shp,VBD_platforms-recurring_2015_r20170330.shp,999999,VBD_bridges_c20160811.shp,9.455585;7.532456;5.202197;0.333479;2.517127;4.563143,79.477501;93.324600;106.931038;105.765770;92.201302;78.485680,npp_d20250901_t1916136_e1917378_b71752;npp_d20250901_t1917390_e1919032_b71752;npp_d20250901_t1919044_e1920286_b71752;npp_d20250901_t1920298_e1921540_b71752,144.564,67.2838,58.8144,-80.2615,109.123,-118.217
68,VBD_npp_d20250901_t1919047_x1029221E_y059029N_l0004_s3468_v23,2025-09-01 21:28:11,5.902909,102.922142,2.92756,2025-09-01 19:19:04,2025-09-02 03:19:04,4,3468,0.184259,8,18785,0.187481,0.0825,0.77285,0.4,0.779566,0.75,5.91617e-13,0.0001,0,999999,-2.115081e-01,3,Malaysian Exclusive Economic Zone,,,SVDNB_npp_d20250901_t1919044_e1920286_b71752_c20250901204700419000_oeac_ops.h5,GDNBO_npp_d20250901_t1919044_e1920286_b71752_c20250901204438526000_oeac_ops.h5,SVI04_npp_d20250901_t1919044_e1920286_b71752_c20250901204707940000_oeac_ops.dspace_rad,,eez_v11.shp,WPP_BFAR_merge.shp,vbd_mpa_r20170830.shp,VNF-VBD_npp_20120301-20151231_global_asia-enhanced_c201607211230.bitmask,vbd_landsea_r20220824.mask,timezone.shp,VBD_platforms-recurring_2015_r20170330.shp,0.452298,VBD_bridges_c20160811.shp,9.455585;7.532456;5.202197;0.333479;2.517127;4.563143,79.477501;93.324600;106.931038;105.765770;92.201302;78.485680,npp_d20250901_t1916136_e1917378_b71752;npp_d20250901_t1917390_e1919032_b71752;npp_d20250901_t1919044_e1920286_b71752;npp_d20250901_t1920298_e1921540_b71752,144.532,67.3426,58.9731,-80.167,109.151,-118.226
69,VBD_npp_d20250901_t1919047_x1029348E_y058593N_l0010_s3471_v23,2025-09-01 21:28:11,5.859293,102.934769,6.44655,2025-09-01 19:19:04,2025-09-02 03:19:04,10,3471,0.213351,1,2401,0.383982,0.0825,0.840445,0.4,0.869379,0.75,5.99863e-13,0.0001,0,999999,-1.362064e-02,3,Malaysian Exclusive Economic Zone,,,SVDNB_npp_d20250901_t1919044_e1920286_b71752_c20250901204700419000_oeac_ops.h5,GDNBO_npp_d20250901_t1919044_e1920286_b71752_c20250901204438526000_oeac_ops.h5,SVI04_npp_d20250901_t1919044_e1920286_b71752_c20250901204707940000_oeac_ops.dspace_rad,,eez_v11.shp,WPP_BFAR_merge.shp,vbd_mpa_r20170830.shp,VNF-VBD_npp_20120301-20151231_global_asia-enhanced_c201607211230.bitmask,vbd_landsea_r20220824.mask,timezone.shp,VBD_platforms-recurring_2015_r20170330.shp,999999,VBD_bridges_c20160811.shp,9.455585;7.532456;5.202197;0.333479;2.517127;4.563143,79.477501;93.324600;106.931038;105.765770;92.201302;78.485680,npp_d20250901_t1916136_e1917378_b71752;npp_d20250901_t1917390_e1919032_b71752;npp_d20250901_t1919044_e1920286_b71752;npp_d20250901_t1920298_e1921540_b71752,144.537,67.4071,59.0392,-79.9278,109.141,-118.239
70,VBD_npp_d20250901_t1919047_x1029438E_y058715N_l0008_s3472_v23,2025-09-01 21:28:11,5.871510,102.943779,3.23659,2025-09-01 19:19:04,2025-09-02 03:19:04,8,3472,0.218686,1,2401,0.178795,0.0825,0.840445,0.4,0.750361,0.75,5.90607e-13,0.0001,0,999999,8.147883e-02,3,Malaysian Exclusive Economic Zone,,,SVDNB_npp_d20250901_t1919044_e1920286_b71752_c20250901204700419000_oeac_ops.h5,GDNBO_npp_d20250901_t1919044_e1920286_b71752_c20250901204438526000_oeac_ops.h5,SVI04_npp_d20250901_t1919044_e1920286_b71752_c20250901204707940000_oeac_ops.dspace_rad,,eez_v11.shp,WPP_BFAR_merge.shp,vbd_mpa_r20170830.shp,VNF-VBD_npp_20120301-20151231_global_asia-enhanced_c201607211230.bitmask,vbd_landsea_r20220824.mask,timezone.shp,VBD_platforms-recurring_2015_r20170330.shp,999999,VBD_bridges_c20160811.shp,9.455585;7.532456;5.202197;0.333479;2.517127;4.563143,79.477501;93.324600;106.931038;105.765770;92.201302;78.485680,npp_d20250901_t1916136_e1917378_b71752;npp_d20250901_t1917390_e1919032_b71752;npp_d20250901_t1919044_e1920286_b71752;npp_d20250901_t1920298_e1921540_b71752,144.524,67.3971,59.0615,-80.0062,109.155,-118.236
71,VBD_npp_d20250901_t1919047_x1029655E_y058400N_l0012_s3476_v23,2025-09-01 21:28:11,5.839990,102.965515,10.5728,2025-09-01 19:19:04,2025-09-02 03:19:04,12,3476,0.190376,1,2401,0.531405,0.0825,0.84895,0.4,0.921442,0.75,5.93484e-13,0.0001,0,999999,-1.331470e-01,3,Malaysian Exclusive Economic Zone,,,SVDNB_npp_d20250901_t1919044_e1920286_b71752_c20250901204700419000_oeac_ops.h5,GDNBO_npp_d20250901_t1919044_e1920286_b71752_c20250901204438526000_oeac_ops.h5,SVI04_npp_d20250901_t1919044_e1920286_b71752_c20250901204707940000_oeac_ops.dspace_rad,,eez_v11.shp,WPP_BFAR_merge.shp,vbd_mpa_r20170830.shp,VNF-VBD_npp_20120301-20151231_global_asia-enhanced_c201607211230.bitmask,vbd_landsea_r20220824.mask,timezone.shp,VBD_platforms-recurring_2015_r20170330.shp,999999,VBD_bridges_c20160811.shp,9.455585;7.532456;5.202197;0.333479;2.517127;4.563143,79.477501;93.324600;106.931038;105.765770;92.201302;78.485680,npp_d20250901_t1916136_e1917378_b71752;npp_d20250901_t1917390_e1919032_b71752;npp_d20250901_t1919044_e1920286_b71752;npp_d20250901_t1920298_e1921540_b71752,144.516,67.4518,59.1503,-79.8456,109.159,-118.246
72,VBD_npp_d20250901_t1919065_x1029381E_y057234N_l0030_s3476_v23,2025-09-01 21:28:11,5.723374,102.938126,3.38419,2025-09-01 19:19:06,2025-09-02 03:19:06,30,3476,0.17871,1,2401,0.203762,0.0825,0.677828,0.4,0.751353,0.75,6.52469e-13,0.0001,0,999999,1.196468e-01,3,Malaysian Exclusive Economic Zone,,,SVDNB_npp_d20250901_t1919044_e1920286_b71752_c20250901204700419000_oeac_ops.h5,GDNBO_npp_d20250901_t1919044_e1920286_b71752_c20250901204438526000_oeac_ops.h5,SVI04_npp_d20250901_t1919044_e1920286_b71752_c20250901204707940000_oeac_ops.dspace_rad,,eez_v11.shp,WPP_BFAR_merge.shp,vbd_mpa_r20170830.shp,VNF-VBD_npp_20120301-20151231_global_asia-enhanced_c201607211230.bitmask,vbd_landsea_r20220824.mask,timezone.shp,VBD_platforms-recurring_2015_r20170330.shp,999999,VBD_bridges_c20160811.shp,9.455585;7.532456;5.202197;0.333479;2.517127;4.563143,79.477501;93.324600;106.931038;105.765770;92.201302;78.485680,npp_d20250901_t1916136_e1917378_b71752;npp_d20250901_t1917390_e1919032_b71752;npp_d20250901_t1919044_e1920286_b71752;npp_d20250901_t1920298_e1921540_b71752,144.579,67.5904,59.1518,-79.7842,109.086,-118.279
73,VBD_npp_d20250901_t1919083_x1029346E_y057001N_l0034_s3477_v23,2025-09-01 21:28:11,5.700143,102.934631,3.65321,2025-09-01 19:19:08,2025-09-02 03:19:08,34,3477,0.123442,8,18785,0.206192,0.0825,0.719393,0.4,0.774865,0.75,6.62642e-13,0.0001,0,999999,2.444394e-01,3,Malaysian Exclusive Economic Zone,,,SVDNB_npp_d20250901_t1919044_e1920286_b71752_c20250901204700419000_oeac_ops.h5,GDNBO_npp_d20250901_t1919044_e1920286_b71752_c20250901204438526000_oeac_ops.h5,SVI04_npp_d20250901_t1919044_e1920286_b71752_c20250901204707940000_oeac_ops.dspace_rad,,eez_v11.shp,WPP_BFAR_merge.shp,vbd_mpa_r20170830.shp,VNF-VBD_npp_20120301-20151231_global_asia-enhanced_c201607211230.bitmask,vbd_landsea_r20220824.mask,timezone.shp,VBD_platforms-recurring_2015_r20170330.shp,0.144493,VBD_bridges_c20160811.shp,9.455585;7.532456;5.202197;0.333479;2.517127;4.563143,79.477501;93.324600;106.931038;105.765770;92.201302;78.485680,npp_d20250901_t1916136_e1917378_b71752;npp_d20250901_t1917390_e1919032_b71752;npp_d20250901_t1919044_e1920286_b71752;npp_d20250901_t1920298_e1921540_b71752,144.584,67.6231,59.1771,-80.2785,109.079,-118.286
74,VBD_npp_d20250901_t1919047_x1029812E_y058510N_l0010_s3478_v23,2025-09-01 21:28:11,5.851040,102.981224,2.32644,2025-09-01 19:19:04,2025-09-02 03:19:04,10,3478,0.18184,2,2337,0.117228,0.0825,0.836831,0.4,0.579407,0.75,5.81758e-13,0.0001,0,999999,6.581331e-02,3,Malaysian Exclusive Economic Zone,,,SVDNB_npp_d20250901_t1919044_e1920286_b71752_c20250901204700419000_oeac_ops.h5,GDNBO_npp_d20250901_t1919044_e1920286_b71752_c20250901204438526000_oeac_ops.h5,SVI04_npp_d20250901_t1919044_e1920286_b71752_c20250901204707940000_oeac_ops.dspace_rad,,eez_v11.shp,WPP_BFAR_merge.shp,vbd_mpa_r20170830.shp,VNF-VBD_npp_20120301-20151231_global_asia-enhanced_c201607211230.bitmask,vbd_landsea_r20220824.mask,timezone.shp,VBD_platforms-recurring_2015_r20170330.shp,999999,VBD_bridges_c20160811.shp,9.455585;7.532456;5.202197;0.333479;2.517127;4.563143,79.477501;93.324600;106.931038;105.765770;92.201302;78.485680,npp_d20250901_t1916136_e1917378_b71752;npp_d20250901_t1917390_e1919032_b71752;npp_d20250901_t1919044_e1920286_b71752;npp_d20250901_t1920298_e1921540_b71752,144.497,67.4475,59.1948,-79.9233,109.178,-118.244
75,VBD_npp_d20250901_t1919065_x1029904E_y057071N_l0031_s3484_v23,2025-09-01 21:28:11,5.707059,102.990372,3.95059,2025-09-01 19:19:06,2025-09-02 03:19:06,31,3484,0.120027,1,2401,0.250907,0.0825,0.683509,0.4,0.819406,0.75,6.32618e-13,0.0001,0,999999,-2.535258e-01,3,Malaysian Exclusive Economic Zone,,,SVDNB_npp_d20250901_t1919044_e1920286_b71752_c20250901204700419000_oeac_ops.h5,GDNBO_npp_d20250901_t1919044_e1920286_b71752_c20250901204438526000_oeac_ops.h5,SVI04_npp_d20250901_t1919044_e1920286_b71752_c20250901204707940000_oeac_ops.dspace_rad,,eez_v11.shp,WPP_BFAR_merge.shp,vbd_mpa_r20170830.shp,VNF-VBD_npp_20120301-20151231_global_asia-enhanced_c201607211230.bitmask,vbd_landsea_r20220824.mask,timezone.shp,VBD_platforms-recurring_2015_r20170330.shp,999999,VBD_bridges_c20160811.shp,9.455585;7.532456;5.202197;0.333479;2.517127;4.563143,79.477501;93.324600;106.931038;105.765770;92.201302;78.485680,npp_d20250901_t1916136_e1917378_b71752;npp_d20250901_t1917390_e1919032_b71752;npp_d20250901_t1919044_e1920286_b71752;npp_d20250901_t1920298_e1921540_b71752,144.537,67.6446,59.3301,-79.74,109.124,-118.287
170,VBD_npp_d20250901_t1919047_x1048002E_y055538N_l0006_s3748_v23,2025-09-01 21:28:11,5.553772,104.800247,7.5188,2025-09-01 19:19:04,2025-09-02 03:19:04,6,3748,0.181983,7,35073,0.215994,0.1375,0.349355,0.4,0.460936,0.75,1.2852e-13,0.0001,0,999999,3.853199e-01,3,,,,SVDNB_npp_d20250901_t1919044_e1920286_b71752_c20250901204700419000_oeac_ops.h5,GDNBO_npp_d20250901_t1919044_e1920286_b71752_c20250901204438526000_oeac_ops.h5,SVI04_npp_d20250901_t1919044_e1920286_b71752_c20250901204707940000_oeac_ops.dspace_rad,,eez_v11.shp,WPP_BFAR_merge.shp,vbd_mpa_r20170830.shp,VNF-VBD_npp_20120301-20151231_global_asia-enhanced_c201607211230.bitmask,vbd_landsea_r20220824.mask,timezone.shp,VBD_platforms-recurring_2015_r20170330.shp,999999,VBD_bridges_c20160811.shp,9.455585;7.532456;5.202197;0.333479;2.517127;4.563143,79.477501;93.324600;106.931038;105.765770;92.201302;78.485680,npp_d20250901_t1916136_e1917378_b71752;npp_d20250901_t1917390_e1919032_b71752;npp_d20250901_t1919044_e1920286_b71752;npp_d20250901_t1920298_e1921540_b71752,142.927,68.9204,64.6806,-79.8886,110.622,-118.45
172,VBD_npp_d20250901_t1919047_x1048058E_y055459N_l0007_s3749_v23,2025-09-01 21:28:11,5.545906,104.805786,11.3346,2025-09-01 19:19:04,2025-09-02 03:19:04,7,3749,0.175438,7,35073,0.145194,0.1375,0.3462,0.4,0.447454,0.75,1.28409e-13,0.0001,0,999999,1.260828e-01,3,,,,SVDNB_npp_d20250901_t1919044_e1920286_b71752_c20250901204700419000_oeac_ops.h5,GDNBO_npp_d20250901_t1919044_e1920286_b71752_c20250901204438526000_oeac_ops.h5,SVI04_npp_d20250901_t1919044_e1920286_b71752_c20250901204707940000_oeac_ops.dspace_rad,,eez_v11.shp,WPP_BFAR_merge.shp,vbd_mpa_r20170830.shp,VNF-VBD_npp_20120301-20151231_global_asia-enhanced_c201607211230.bitmask,vbd_landsea_r20220824.mask,timezone.shp,VBD_platforms-recurring_2015_r20170330.shp,999999,VBD_bridges_c20160811.shp,9.455585;7.532456;5.202197;0.333479;2.517127;4.563143,79.477501;93.324600;106.931038;105.765770;92.201302;78.485680,npp_d20250901_t1916136_e1917378_b71752;npp_d20250901_t1917390_e1919032_b71752;npp_d20250901_t1919044_e1920286_b71752;npp_d20250901_t1920298_e1921540_b71752,142.925,68.9332,64.699,-79.8552,110.623,-118.453
194,VBD_npp_d20250901_t1919047_x1049946E_y055329N_l0004_s3776_v23,2025-09-01 21:28:11,5.532851,104.994598,20.6117,2025-09-01 19:19:04,2025-09-02 03:19:04,4,3776,0.228289,4,100645,0.441534,0.1375,0.582928,0.4,0.733787,0.75,1.06963e-13,0.0001,0,999999,1.052020e-01,3,Malaysian Exclusive Economic Zone,,,SVDNB_npp_d20250901_t1919044_e1920286_b71752_c20250901204700419000_oeac_ops.h5,GDNBO_npp_d20250901_t1919044_e1920286_b71752_c20250901204438526000_oeac_ops.h5,SVI04_npp_d20250901_t1919044_e1920286_b71752_c20250901204707940000_oeac_ops.dspace_rad,,eez_v11.shp,WPP_BFAR_merge.shp,vbd_mpa_r20170830.shp,VNF-VBD_npp_20120301-20151231_global_asia-enhanced_c201607211230.bitmask,vbd_landsea_r20220824.mask,timezone.shp,VBD_platforms-recurring_2015_r20170330.shp,999999,VBD_bridges_c20160811.shp,9.455585;7.532456;5.202197;0.333479;2.517127;4.563143,79.477501;93.324600;106.931038;105.765770;92.201302;78.485680,npp_d20250901_t1916136_e1917378_b71752;npp_d20250901_t1917390_e1919032_b71752;npp_d20250901_t1919044_e1920286_b71752;npp_d20250901_t1920298_e1921540_b71752,142.754,69.0564,65.201,-79.9353,110.781,-118.471
0,,,999999.000000,999999.000000,999999,,,999999,999999,999999,999999,999999,999999,999999,999999,999999,999999,999999,999999,999999,999999,999999,999999,999999,,,,SVDNB_npp_d20250901_t1736388_e1738030_b71751_c20250901190354399000_oeac_ops.h5,GDNBO_npp_d20250901_t1736388_e1738030_b71751_c20250901190128326000_oeac_ops.h5,SVI04_npp_d20250901_t1736388_e1738030_b71751_c20250901190402681000_oeac_ops.dspace_rad,,eez_v11.shp,WPP_BFAR_merge.shp,vbd_mpa_r20170830.shp,VNF-VBD_npp_20120301-20151231_global_asia-enhanced_c201607211230.bitmask,vbd_landsea_r20220824.mask,timezone.shp,VBD_platforms-recurring_2015_r20170330.shp,999999,VBD_bridges_c20160811.shp,12.642063;10.797746;8.357713;3.501153;5.783193;7.741658,105.458496;119.443741;133.129227;131.887268;118.310135;104.527565,npp_d20250901_t1733480_e1735122_b71751;npp_d20250901_t1735134_e1736376_b71751;npp_d20250901_t1736388_e1738030_b71751;npp_d20250901_t1738042_e1739284_b71751,999999,999999,999999,999999,999999,999999
