id,id_Key,Date_Proc,Lat_DNB,Lon_DNB,Rad_DNB,Date_Mscan,Date_LTZ,Line_DNB,Sample_DNB,Rad_I04,QF_Detect,QF_Bitflag,SMI,Thr_SMI,SI,Thr_SI,SHI,Thr_SHI,LI,Thr_LI,Glint,Thr_Gl_SMI,Xcorr,Land_Mask,EEZ,FMZ,MPA,File_DNB,File_GDNB,File_I04,File_VNF,File_EEZ,File_FMZ,File_MPA,File_FLM,File_LSM,File_LTZ,File_RLP,Dist_RLP,File_RLV,Lat_Gring,Lon_Gring,Gran_List,SOLZ_GDNBO,SOLA_GDNBO,SATZ_GDNBO,SATA_GDNBO,LUNZ_GDNBO,LUNA_GDNBO
13,VBD_npp_d20251028_t1809557_x1001288E_y119054N_l0484_s0400_v23,2025-10-28 20:29:00,11.905442,100.128830,3.29964,2025-10-28 18:09:55,2025-10-29 01:09:55,484,400,0.0520262,2,2337,0.172554,0.1375,0.547234,0.4,0.653784,0.75,2.53637e-16,0.0001,1.86418e-07,999999,999999,3,Thailand Exclusive Economic Zone,,,SVDNB_npp_d20251028_t1809021_e1810263_b72560_c20251028193157903000_oebc_ops.h5,GDNBO_npp_d20251028_t1809021_e1810263_b72560_c20251028192922477000_oebc_ops.h5,SVI04_npp_d20251028_t1809021_e1810263_b72560_c20251028193206099000_oebc_ops.dspace_rad,,eez_v11.shp,WPP_BFAR_merge.shp,vbd_mpa_r20170830.shp,VNF-VBD_npp_20120301-20151231_global_asia-enhanced_c201607211230.bitmask,vbd_landsea_r20220824.mask,timezone.shp,VBD_platforms-recurring_2015_r20170330.shp,999999,VBD_bridges_c20160811.shp,15.307434;13.520258;10.975376;6.136586;8.507884;10.401595,97.868515;112.019043;125.821213;124.490211;110.871841;96.991982,npp_d20251028_t1806113_e1807355_b72560;npp_d20251028_t1807367_e1809009_b72560;npp_d20251028_t1809021_e1810263_b72560;npp_d20251028_t1810275_e1811517_b72560,163.67,96.9873,63.3351,96.9075,115.867,-112.36
14,VBD_npp_d20251028_t1809593_x1001296E_y116461N_l0523_s0407_v23,2025-10-28 20:29:00,11.646115,100.129616,4.0741,2025-10-28 18:09:59,2025-10-29 01:09:59,523,407,0.0964831,2,2337,0.151868,0.1375,0.803392,0.4,0.593368,0.75,2.8629e-16,0.0001,7.09751e-08,999999,999999,3,Thailand Exclusive Economic Zone,,,SVDNB_npp_d20251028_t1809021_e1810263_b72560_c20251028193157903000_oebc_ops.h5,GDNBO_npp_d20251028_t1809021_e1810263_b72560_c20251028192922477000_oebc_ops.h5,SVI04_npp_d20251028_t1809021_e1810263_b72560_c20251028193206099000_oebc_ops.dspace_rad,,eez_v11.shp,WPP_BFAR_merge.shp,vbd_mpa_r20170830.shp,VNF-VBD_npp_20120301-20151231_global_asia-enhanced_c201607211230.bitmask,vbd_landsea_r20220824.mask,timezone.shp,VBD_platforms-recurring_2015_r20170330.shp,999999,VBD_bridges_c20160811.shp,15.307434;13.520258;10.975376;6.136586;8.507884;10.401595,97.868515;112.019043;125.821213;124.490211;110.871841;96.991982,npp_d20251028_t1806113_e1807355_b72560;npp_d20251028_t1807367_e1809009_b72560;npp_d20251028_t1809021_e1810263_b72560;npp_d20251028_t1810275_e1811517_b72560,163.622,97.8601,63.2048,96.7069,115.782,-112.471
15,VBD_npp_d20251028_t1809593_x1001466E_y116716N_l0519_s0409_v23,2025-10-28 20:29:00,11.671639,100.146591,8.59762,2025-10-28 18:09:59,2025-10-29 01:09:59,519,409,0.0998262,7,2337,0.29718,0.1375,0.808946,0.4,0.723107,0.75,2.79454e-16,0.0001,6.79916e-08,999999,999999,3,,,,SVDNB_npp_d20251028_t1809021_e1810263_b72560_c20251028193157903000_oebc_ops.h5,GDNBO_npp_d20251028_t1809021_e1810263_b72560_c20251028192922477000_oebc_ops.h5,SVI04_npp_d20251028_t1809021_e1810263_b72560_c20251028193206099000_oebc_ops.dspace_rad,,eez_v11.shp,WPP_BFAR_merge.shp,vbd_mpa_r20170830.shp,VNF-VBD_npp_20120301-20151231_global_asia-enhanced_c201607211230.bitmask,vbd_landsea_r20220824.mask,timezone.shp,VBD_platforms-recurring_2015_r20170330.shp,999999,VBD_bridges_c20160811.shp,15.307434;13.520258;10.975376;6.136586;8.507884;10.401595,97.868515;112.019043;125.821213;124.490211;110.871841;96.991982,npp_d20251028_t1806113_e1807355_b72560;npp_d20251028_t1807367_e1809009_b72560;npp_d20251028_t1809021_e1810263_b72560;npp_d20251028_t1810275_e1811517_b72560,163.609,97.7699,63.1661,96.8499,115.807,-112.459
16,VBD_npp_d20251028_t1809593_x1001576E_y117047N_l0514_s0410_v23,2025-10-28 20:29:00,11.704711,100.157623,3.97713,2025-10-28 18:09:59,2025-10-29 01:09:59,514,410,0.0726542,2,2337,0.137555,0.1375,0.687869,0.4,0.648022,0.75,2.72975e-16,0.0001,6.97941e-08,999999,999999,3,Thailand Exclusive Economic Zone,,,SVDNB_npp_d20251028_t1809021_e1810263_b72560_c20251028193157903000_oebc_ops.h5,GDNBO_npp_d20251028_t1809021_e1810263_b72560_c20251028192922477000_oebc_ops.h5,SVI04_npp_d20251028_t1809021_e1810263_b72560_c20251028193206099000_oebc_ops.dspace_rad,,eez_v11.shp,WPP_BFAR_merge.shp,vbd_mpa_r20170830.shp,VNF-VBD_npp_20120301-20151231_global_asia-enhanced_c201607211230.bitmask,vbd_landsea_r20220824.mask,timezone.shp,VBD_platforms-recurring_2015_r20170330.shp,999999,VBD_bridges_c20160811.shp,15.307434;13.520258;10.975376;6.136586;8.507884;10.401595,97.868515;112.019043;125.821213;124.490211;110.871841;96.991982,npp_d20251028_t1806113_e1807355_b72560;npp_d20251028_t1807367_e1809009_b72560;npp_d20251028_t1809021_e1810263_b72560;npp_d20251028_t1810275_e1811517_b72560,163.602,97.6558,63.1467,97.0266,115.829,-112.445
17,VBD_npp_d20251028_t1809593_x1001525E_y116641N_l0520_s0410_v23,2025-10-28 20:29:00,11.664064,100.152466,16.8716,2025-10-28 18:09:59,2025-10-29 01:09:59,520,410,0.103027,1,2401,0.49696,0.1375,0.808946,0.4,0.83352,0.75,2.79156e-16,0.0001,6.35764e-08,999999,999999,3,Thailand Exclusive Economic Zone,,,SVDNB_npp_d20251028_t1809021_e1810263_b72560_c20251028193157903000_oebc_ops.h5,GDNBO_npp_d20251028_t1809021_e1810263_b72560_c20251028192922477000_oebc_ops.h5,SVI04_npp_d20251028_t1809021_e1810263_b72560_c20251028193206099000_oebc_ops.dspace_rad,,eez_v11.shp,WPP_BFAR_merge.shp,vbd_mpa_r20170830.shp,VNF-VBD_npp_20120301-20151231_global_asia-enhanced_c201607211230.bitmask,vbd_landsea_r20220824.mask,timezone.shp,VBD_platforms-recurring_2015_r20170330.shp,999999,VBD_bridges_c20160811.shp,15.307434;13.520258;10.975376;6.136586;8.507884;10.401595,97.868515;112.019043;125.821213;124.490211;110.871841;96.991982,npp_d20251028_t1806113_e1807355_b72560;npp_d20251028_t1807367_e1809009_b72560;npp_d20251028_t1809021_e1810263_b72560;npp_d20251028_t1810275_e1811517_b72560,163.602,97.7939,63.1471,96.8162,115.809,-112.463
18,VBD_npp_d20251028_t1809593_x1001473E_y116234N_l0526_s0410_v23,2025-10-28 20:29:00,11.623423,100.147255,7.96811,2025-10-28 18:09:59,2025-10-29 01:09:59,526,410,0.111776,1,2401,0.383199,0.1375,0.803392,0.4,0.866606,0.75,2.85336e-16,0.0001,5.80995e-08,999999,999999,3,Thailand Exclusive Economic Zone,,,SVDNB_npp_d20251028_t1809021_e1810263_b72560_c20251028193157903000_oebc_ops.h5,GDNBO_npp_d20251028_t1809021_e1810263_b72560_c20251028192922477000_oebc_ops.h5,SVI04_npp_d20251028_t1809021_e1810263_b72560_c20251028193206099000_oebc_ops.dspace_rad,,eez_v11.shp,WPP_BFAR_merge.shp,vbd_mpa_r20170830.shp,VNF-VBD_npp_20120301-20151231_global_asia-enhanced_c201607211230.bitmask,vbd_landsea_r20220824.mask,timezone.shp,VBD_platforms-recurring_2015_r20170330.shp,999999,VBD_bridges_c20160811.shp,15.307434;13.520258;10.975376;6.136586;8.507884;10.401595,97.868515;112.019043;125.821213;124.490211;110.871841;96.991982,npp_d20251028_t1806113_e1807355_b72560;npp_d20251028_t1807367_e1809009_b72560;npp_d20251028_t1809021_e1810263_b72560;npp_d20251028_t1810275_e1811517_b72560,163.601,97.932,63.1481,96.6057,115.789,-112.48
19,VBD_npp_d20251028_t1809593_x1001575E_y116497N_l0522_s0411_v23,2025-10-28 20:29:00,11.649724,100.157463,22.9807,2025-10-28 18:09:59,2025-10-29 01:09:59,522,411,0.127212,1,2401,0.656328,0.1375,0.825015,0.4,0.891099,0.75,2.79872e-16,0.0001,5.86253e-08,999999,999999,3,Thailand Exclusive Economic Zone,,,SVDNB_npp_d20251028_t1809021_e1810263_b72560_c20251028193157903000_oebc_ops.h5,GDNBO_npp_d20251028_t1809021_e1810263_b72560_c20251028192922477000_oebc_ops.h5,SVI04_npp_d20251028_t1809021_e1810263_b72560_c20251028193206099000_oebc_ops.dspace_rad,,eez_v11.shp,WPP_BFAR_merge.shp,vbd_mpa_r20170830.shp,VNF-VBD_npp_20120301-20151231_global_asia-enhanced_c201607211230.bitmask,vbd_landsea_r20220824.mask,timezone.shp,VBD_platforms-recurring_2015_r20170330.shp,999999,VBD_bridges_c20160811.shp,15.307434;13.520258;10.975376;6.136586;8.507884;10.401595,97.868515;112.019043;125.821213;124.490211;110.871841;96.991982,npp_d20251028_t1806113_e1807355_b72560;npp_d20251028_t1807367_e1809009_b72560;npp_d20251028_t1809021_e1810263_b72560;npp_d20251028_t1810275_e1811517_b72560,163.595,97.8409,63.1283,96.7474,115.808,-112.469
20,VBD_npp_d20251028_t1809593_x1001861E_y116601N_l0520_s0415_v23,2025-10-28 20:29:00,11.660076,100.186073,13.8603,2025-10-28 18:09:59,2025-10-29 01:09:59,520,415,0.126785,2,2337,0.435242,0.1375,0.809165,0.4,0.729648,0.75,2.72489e-16,0.0001,4.95632e-08,999999,999999,3,Thailand Exclusive Economic Zone,,,SVDNB_npp_d20251028_t1809021_e1810263_b72560_c20251028193157903000_oebc_ops.h5,GDNBO_npp_d20251028_t1809021_e1810263_b72560_c20251028192922477000_oebc_ops.h5,SVI04_npp_d20251028_t1809021_e1810263_b72560_c20251028193206099000_oebc_ops.dspace_rad,,eez_v11.shp,WPP_BFAR_merge.shp,vbd_mpa_r20170830.shp,VNF-VBD_npp_20120301-20151231_global_asia-enhanced_c201607211230.bitmask,vbd_landsea_r20220824.mask,timezone.shp,VBD_platforms-recurring_2015_r20170330.shp,999999,VBD_bridges_c20160811.shp,15.307434;13.520258;10.975376;6.136586;8.507884;10.401595,97.868515;112.019043;125.821213;124.490211;110.871841;96.991982,npp_d20251028_t1806113_e1807355_b72560;npp_d20251028_t1807367_e1809009_b72560;npp_d20251028_t1809021_e1810263_b72560;npp_d20251028_t1810275_e1811517_b72560,163.569,97.799,63.0519,96.8229,115.838,-112.463
21,VBD_npp_d20251028_t1810082_x1001393E_y111670N_l0596_s0422_v23,2025-10-28 20:29:00,11.166999,100.139267,4.21154,2025-10-28 18:10:08,2025-10-29 01:10:08,596,422,0.106939,2,2337,0.199196,0.0825,0.495336,0.4,0.719664,0.75,3.44867e-16,0.0001,1.76876e-08,999999,999999,3,Thailand Exclusive Economic Zone,,,SVDNB_npp_d20251028_t1809021_e1810263_b72560_c20251028193157903000_oebc_ops.h5,GDNBO_npp_d20251028_t1809021_e1810263_b72560_c20251028192922477000_oebc_ops.h5,SVI04_npp_d20251028_t1809021_e1810263_b72560_c20251028193206099000_oebc_ops.dspace_rad,,eez_v11.shp,WPP_BFAR_merge.shp,vbd_mpa_r20170830.shp,VNF-VBD_npp_20120301-20151231_global_asia-enhanced_c201607211230.bitmask,vbd_landsea_r20220824.mask,timezone.shp,VBD_platforms-recurring_2015_r20170330.shp,999999,VBD_bridges_c20160811.shp,15.307434;13.520258;10.975376;6.136586;8.507884;10.401595,97.868515;112.019043;125.821213;124.490211;110.871841;96.991982,npp_d20251028_t1806113_e1807355_b72560;npp_d20251028_t1807367_e1809009_b72560;npp_d20251028_t1809021_e1810263_b72560;npp_d20251028_t1810275_e1811517_b72560,163.504,99.4516,62.9102,97.0695,115.64,-112.675
22,VBD_npp_d20251028_t1809362_x1005015E_y129520N_l0318_s0424_v23,2025-10-28 20:29:00,12.951975,100.501503,2.8733,2025-10-28 18:09:36,2025-10-29 01:09:36,318,424,0.117538,2,2337,0.100463,0.0825,0.476624,0.4,0.455835,0.75,1.27165e-16,0.0001,5.06451e-07,999999,999999,3,Thailand Exclusive Economic Zone,,,SVDNB_npp_d20251028_t1809021_e1810263_b72560_c20251028193157903000_oebc_ops.h5,GDNBO_npp_d20251028_t1809021_e1810263_b72560_c20251028192922477000_oebc_ops.h5,SVI04_npp_d20251028_t1809021_e1810263_b72560_c20251028193206099000_oebc_ops.dspace_rad,,eez_v11.shp,WPP_BFAR_merge.shp,vbd_mpa_r20170830.shp,VNF-VBD_npp_20120301-20151231_global_asia-enhanced_c201607211230.bitmask,vbd_landsea_r20220824.mask,timezone.shp,VBD_platforms-recurring_2015_r20170330.shp,999999,VBD_bridges_c20160811.shp,15.307434;13.520258;10.975376;6.136586;8.507884;10.401595,97.868515;112.019043;125.821213;124.490211;110.871841;96.991982,npp_d20251028_t1806113_e1807355_b72560;npp_d20251028_t1807367_e1809009_b72560;npp_d20251028_t1809021_e1810263_b72560;npp_d20251028_t1810275_e1811517_b72560,163.482,93.4259,62.8717,96.3911,116.522,-111.889
23,VBD_npp_d20251028_t1809344_x1005889E_y130333N_l0304_s0434_v23,2025-10-28 20:29:00,13.033254,100.588943,5.53314,2025-10-28 18:09:34,2025-10-29 01:09:34,304,434,0.123442,2,2337,0.231046,0.0825,0.528893,0.4,0.666028,0.75,1.14406e-16,0.0001,2.76963e-07,999999,999999,3,Thailand Exclusive Economic Zone,,,SVDNB_npp_d20251028_t1809021_e1810263_b72560_c20251028193157903000_oebc_ops.h5,GDNBO_npp_d20251028_t1809021_e1810263_b72560_c20251028192922477000_oebc_ops.h5,SVI04_npp_d20251028_t1809021_e1810263_b72560_c20251028193206099000_oebc_ops.dspace_rad,,eez_v11.shp,WPP_BFAR_merge.shp,vbd_mpa_r20170830.shp,VNF-VBD_npp_20120301-20151231_global_asia-enhanced_c201607211230.bitmask,vbd_landsea_r20220824.mask,timezone.shp,VBD_platforms-recurring_2015_r20170330.shp,999999,VBD_bridges_c20160811.shp,15.307434;13.520258;10.975376;6.136586;8.507884;10.401595,97.868515;112.019043;125.821213;124.490211;110.871841;96.991982,npp_d20251028_t1806113_e1807355_b72560;npp_d20251028_t1807367_e1809009_b72560;npp_d20251028_t1809021_e1810263_b72560;npp_d20251028_t1810275_e1811517_b72560,163.409,93.1559,62.6737,96.3146,116.624,-111.848
24,VBD_npp_d20251028_t1809362_x1005904E_y130342N_l0305_s0435_v23,2025-10-28 20:29:00,13.034210,100.590355,7.08613,2025-10-28 18:09:36,2025-10-29 01:09:36,305,435,0.0919307,2,2337,0.256275,0.0825,0.542023,0.4,0.672833,0.75,1.14232e-16,0.0001,2.66055e-07,999999,999999,3,Thailand Exclusive Economic Zone,,,SVDNB_npp_d20251028_t1809021_e1810263_b72560_c20251028193157903000_oebc_ops.h5,GDNBO_npp_d20251028_t1809021_e1810263_b72560_c20251028192922477000_oebc_ops.h5,SVI04_npp_d20251028_t1809021_e1810263_b72560_c20251028193206099000_oebc_ops.dspace_rad,,eez_v11.shp,WPP_BFAR_merge.shp,vbd_mpa_r20170830.shp,VNF-VBD_npp_20120301-20151231_global_asia-enhanced_c201607211230.bitmask,vbd_landsea_r20220824.mask,timezone.shp,VBD_platforms-recurring_2015_r20170330.shp,999999,VBD_bridges_c20160811.shp,15.307434;13.520258;10.975376;6.136586;8.507884;10.401595,97.868515;112.019043;125.821213;124.490211;110.871841;96.991982,npp_d20251028_t1806113_e1807355_b72560;npp_d20251028_t1807367_e1809009_b72560;npp_d20251028_t1809021_e1810263_b72560;npp_d20251028_t1810275_e1811517_b72560,163.4,93.1531,62.6491,96.8864,116.632,-111.847
25,VBD_npp_d20251028_t1809326_x1007340E_y132215N_l0274_s0450_v23,2025-10-28 20:29:00,13.221451,100.734032,9.39209,2025-10-28 18:09:32,2025-10-29 01:09:32,274,450,0.0785581,2,2337,0.20855,0.0825,0.404739,0.4,0.547072,0.75,9.40576e-17,0.0001,1.41845e-07,999999,999999,3,Thailand Exclusive Economic Zone,,,SVDNB_npp_d20251028_t1809021_e1810263_b72560_c20251028193157903000_oebc_ops.h5,GDNBO_npp_d20251028_t1809021_e1810263_b72560_c20251028192922477000_oebc_ops.h5,SVI04_npp_d20251028_t1809021_e1810263_b72560_c20251028193206099000_oebc_ops.dspace_rad,,eez_v11.shp,WPP_BFAR_merge.shp,vbd_mpa_r20170830.shp,VNF-VBD_npp_20120301-20151231_global_asia-enhanced_c201607211230.bitmask,vbd_landsea_r20220824.mask,timezone.shp,VBD_platforms-recurring_2015_r20170330.shp,999999,VBD_bridges_c20160811.shp,15.307434;13.520258;10.975376;6.136586;8.507884;10.401595,97.868515;112.019043;125.821213;124.490211;110.871841;96.991982,npp_d20251028_t1806113_e1807355_b72560;npp_d20251028_t1807367_e1809009_b72560;npp_d20251028_t1809021_e1810263_b72560;npp_d20251028_t1810275_e1811517_b72560,163.284,92.5365,62.3457,96.8405,116.817,-111.756
26,VBD_npp_d20251028_t1810046_x1004594E_y113041N_l0569_s0463_v23,2025-10-28 20:29:00,11.304061,100.459351,4.15269,2025-10-28 18:10:04,2025-10-29 01:10:04,569,463,0.16356,1,2401,0.270216,0.0825,0.714307,0.4,0.864629,0.75,2.46188e-16,0.0001,5.23029e-09,999999,999999,3,Thailand Exclusive Economic Zone,,,SVDNB_npp_d20251028_t1809021_e1810263_b72560_c20251028193157903000_oebc_ops.h5,GDNBO_npp_d20251028_t1809021_e1810263_b72560_c20251028192922477000_oebc_ops.h5,SVI04_npp_d20251028_t1809021_e1810263_b72560_c20251028193206099000_oebc_ops.dspace_rad,,eez_v11.shp,WPP_BFAR_merge.shp,vbd_mpa_r20170830.shp,VNF-VBD_npp_20120301-20151231_global_asia-enhanced_c201607211230.bitmask,vbd_landsea_r20220824.mask,timezone.shp,VBD_platforms-recurring_2015_r20170330.shp,999999,VBD_bridges_c20160811.shp,15.307434;13.520258;10.975376;6.136586;8.507884;10.401595,97.868515;112.019043;125.821213;124.490211;110.871841;96.991982,npp_d20251028_t1806113_e1807355_b72560;npp_d20251028_t1807367_e1809009_b72560;npp_d20251028_t1809021_e1810263_b72560;npp_d20251028_t1810275_e1811517_b72560,163.231,98.8983,62.0853,96.9065,115.967,-112.61
27,VBD_npp_d20251028_t1809397_x1007580E_y127680N_l0342_s0465_v23,2025-10-28 20:29:00,12.768000,100.758003,5.78626,2025-10-28 18:09:39,2025-10-29 01:09:39,342,465,0.153032,10,2305,0.12659,0.0825,0.269626,0.4,0.519985,0.75,1.09372e-16,0.0001,2.71859e-08,999999,999999,3,Thailand Exclusive Economic Zone,,,SVDNB_npp_d20251028_t1809021_e1810263_b72560_c20251028193157903000_oebc_ops.h5,GDNBO_npp_d20251028_t1809021_e1810263_b72560_c20251028192922477000_oebc_ops.h5,SVI04_npp_d20251028_t1809021_e1810263_b72560_c20251028193206099000_oebc_ops.dspace_rad,,eez_v11.shp,WPP_BFAR_merge.shp,vbd_mpa_r20170830.shp,VNF-VBD_npp_20120301-20151231_global_asia-enhanced_c201607211230.bitmask,vbd_landsea_r20220824.mask,timezone.shp,VBD_platforms-recurring_2015_r20170330.shp,999999,VBD_bridges_c20160811.shp,15.307434;13.520258;10.975376;6.136586;8.507884;10.401595,97.868515;112.019043;125.821213;124.490211;110.871841;96.991982,npp_d20251028_t1806113_e1807355_b72560;npp_d20251028_t1807367_e1809009_b72560;npp_d20251028_t1809021_e1810263_b72560;npp_d20251028_t1810275_e1811517_b72560,163.206,94.0424,62.0362,96.7827,116.697,-111.958
28,VBD_npp_d20251028_t1809557_x1023140E_y115984N_l0490_s0714_v23,2025-10-28 20:29:00,11.598382,102.313972,2.46893,2025-10-28 18:09:55,2025-10-29 01:09:55,490,714,0.054089,10,2305,0.0852371,0.06875,0.326514,0.4,0.539218,0.75,4.10072e-17,0.0001,5.87088e-11,999999,999999,3,Thailand Exclusive Economic Zone,,,SVDNB_npp_d20251028_t1809021_e1810263_b72560_c20251028193157903000_oebc_ops.h5,GDNBO_npp_d20251028_t1809021_e1810263_b72560_c20251028192922477000_oebc_ops.h5,SVI04_npp_d20251028_t1809021_e1810263_b72560_c20251028193206099000_oebc_ops.dspace_rad,,eez_v11.shp,WPP_BFAR_merge.shp,vbd_mpa_r20170830.shp,VNF-VBD_npp_20120301-20151231_global_asia-enhanced_c201607211230.bitmask,vbd_landsea_r20220824.mask,timezone.shp,VBD_platforms-recurring_2015_r20170330.shp,999999,VBD_bridges_c20160811.shp,15.307434;13.520258;10.975376;6.136586;8.507884;10.401595,97.868515;112.019043;125.821213;124.490211;110.871841;96.991982,npp_d20251028_t1806113_e1807355_b72560;npp_d20251028_t1807367_e1809009_b72560;npp_d20251028_t1809021_e1810263_b72560;npp_d20251028_t1810275_e1811517_b72560,161.51,97.541,56.3834,97.1242,117.714,-112.45
29,VBD_npp_d20251028_t1809593_x1025021E_y114035N_l0516_s0746_v23,2025-10-28 20:29:00,11.403545,102.502121,1.84403,2025-10-28 18:09:59,2025-10-29 01:09:59,516,746,0.0400762,8,18721,0.0835867,0.06875,0.63911,0.4,0.674976,0.75,3.84098e-17,0.0001,3.87696e-11,999999,999999,3,Thailand Exclusive Economic Zone,,,SVDNB_npp_d20251028_t1809021_e1810263_b72560_c20251028193157903000_oebc_ops.h5,GDNBO_npp_d20251028_t1809021_e1810263_b72560_c20251028192922477000_oebc_ops.h5,SVI04_npp_d20251028_t1809021_e1810263_b72560_c20251028193206099000_oebc_ops.dspace_rad,,eez_v11.shp,WPP_BFAR_merge.shp,vbd_mpa_r20170830.shp,VNF-VBD_npp_20120301-20151231_global_asia-enhanced_c201607211230.bitmask,vbd_landsea_r20220824.mask,timezone.shp,VBD_platforms-recurring_2015_r20170330.shp,0.241266,VBD_bridges_c20160811.shp,15.307434;13.520258;10.975376;6.136586;8.507884;10.401595,97.868515;112.019043;125.821213;124.490211;110.871841;96.991982,npp_d20251028_t1806113_e1807355_b72560;npp_d20251028_t1807367_e1809009_b72560;npp_d20251028_t1809021_e1810263_b72560;npp_d20251028_t1810275_e1811517_b72560,161.286,98.0747,55.5669,97.4632,117.822,-112.54
30,VBD_npp_d20251028_t1809593_x1025329E_y113720N_l0520_s0751_v23,2025-10-28 20:29:00,11.371966,102.532875,6.15836,2025-10-28 18:09:59,2025-10-29 01:09:59,520,751,0.146132,1,2401,0.343354,0.06875,0.754659,0.4,0.829127,0.75,3.78715e-17,0.0001,3.5823e-11,999999,999999,3,Thailand Exclusive Economic Zone,,,SVDNB_npp_d20251028_t1809021_e1810263_b72560_c20251028193157903000_oebc_ops.h5,GDNBO_npp_d20251028_t1809021_e1810263_b72560_c20251028192922477000_oebc_ops.h5,SVI04_npp_d20251028_t1809021_e1810263_b72560_c20251028193206099000_oebc_ops.dspace_rad,,eez_v11.shp,WPP_BFAR_merge.shp,vbd_mpa_r20170830.shp,VNF-VBD_npp_20120301-20151231_global_asia-enhanced_c201607211230.bitmask,vbd_landsea_r20220824.mask,timezone.shp,VBD_platforms-recurring_2015_r20170330.shp,999999,VBD_bridges_c20160811.shp,15.307434;13.520258;10.975376;6.136586;8.507884;10.401595,97.868515;112.019043;125.821213;124.490211;110.871841;96.991982,npp_d20251028_t1806113_e1807355_b72560;npp_d20251028_t1807367_e1809009_b72560;npp_d20251028_t1809021_e1810263_b72560;npp_d20251028_t1810275_e1811517_b72560,161.252,98.1604,55.44,97.2906,117.838,-112.554
31,VBD_npp_d20251028_t1809593_x1025616E_y113270N_l0526_s0756_v23,2025-10-28 20:29:00,11.327005,102.561577,2.54931,2025-10-28 18:09:59,2025-10-29 01:09:59,526,756,0.10509,8,18721,0.150022,0.06875,0.67789,0.4,0.749331,0.75,3.75718e-17,0.0001,3.2801e-11,999999,999999,3,Thailand Exclusive Economic Zone,,,SVDNB_npp_d20251028_t1809021_e1810263_b72560_c20251028193157903000_oebc_ops.h5,GDNBO_npp_d20251028_t1809021_e1810263_b72560_c20251028192922477000_oebc_ops.h5,SVI04_npp_d20251028_t1809021_e1810263_b72560_c20251028193206099000_oebc_ops.dspace_rad,,eez_v11.shp,WPP_BFAR_merge.shp,vbd_mpa_r20170830.shp,VNF-VBD_npp_20120301-20151231_global_asia-enhanced_c201607211230.bitmask,vbd_landsea_r20220824.mask,timezone.shp,VBD_platforms-recurring_2015_r20170330.shp,0.260521,VBD_bridges_c20160811.shp,15.307434;13.520258;10.975376;6.136586;8.507884;10.401595,97.868515;112.019043;125.821213;124.490211;110.871841;96.991982,npp_d20251028_t1806113_e1807355_b72560;npp_d20251028_t1807367_e1809009_b72560;npp_d20251028_t1809021_e1810263_b72560;npp_d20251028_t1810275_e1811517_b72560,161.217,98.2852,55.3142,97.0276,117.846,-112.575
32,VBD_npp_d20251028_t1810011_x1025902E_y112790N_l0533_s0762_v23,2025-10-28 20:29:00,11.279033,102.590248,2.2608,2025-10-28 18:10:01,2025-10-29 01:10:01,533,762,0.128421,2,2337,0.110522,0.06875,0.546145,0.4,0.630915,0.75,3.71208e-17,0.0001,3.13896e-11,999999,999999,3,Cambodian Exclusive Economic Zone,,,SVDNB_npp_d20251028_t1809021_e1810263_b72560_c20251028193157903000_oebc_ops.h5,GDNBO_npp_d20251028_t1809021_e1810263_b72560_c20251028192922477000_oebc_ops.h5,SVI04_npp_d20251028_t1809021_e1810263_b72560_c20251028193206099000_oebc_ops.dspace_rad,,eez_v11.shp,WPP_BFAR_merge.shp,vbd_mpa_r20170830.shp,VNF-VBD_npp_20120301-20151231_global_asia-enhanced_c201607211230.bitmask,vbd_landsea_r20220824.mask,timezone.shp,VBD_platforms-recurring_2015_r20170330.shp,999999,VBD_bridges_c20160811.shp,15.307434;13.520258;10.975376;6.136586;8.507884;10.401595,97.868515;112.019043;125.821213;124.490211;110.871841;96.991982,npp_d20251028_t1806113_e1807355_b72560;npp_d20251028_t1807367_e1809009_b72560;npp_d20251028_t1809021_e1810263_b72560;npp_d20251028_t1810275_e1811517_b72560,161.175,98.4165,55.1587,97.4551,117.86,-112.598
33,VBD_npp_d20251028_t1810011_x1026069E_y112495N_l0537_s0765_v23,2025-10-28 20:29:00,11.249454,102.606888,2.98409,2025-10-28 18:10:01,2025-10-29 01:10:01,537,765,0.111776,8,18721,0.148169,0.06875,0.565068,0.4,0.661564,0.75,3.69336e-17,0.0001,2.97534e-11,999999,999999,3,Cambodian Exclusive Economic Zone,,,SVDNB_npp_d20251028_t1809021_e1810263_b72560_c20251028193157903000_oebc_ops.h5,GDNBO_npp_d20251028_t1809021_e1810263_b72560_c20251028192922477000_oebc_ops.h5,SVI04_npp_d20251028_t1809021_e1810263_b72560_c20251028193206099000_oebc_ops.dspace_rad,,eez_v11.shp,WPP_BFAR_merge.shp,vbd_mpa_r20170830.shp,VNF-VBD_npp_20120301-20151231_global_asia-enhanced_c201607211230.bitmask,vbd_landsea_r20220824.mask,timezone.shp,VBD_platforms-recurring_2015_r20170330.shp,0.168911,VBD_bridges_c20160811.shp,15.307434;13.520258;10.975376;6.136586;8.507884;10.401595,97.868515;112.019043;125.821213;124.490211;110.871841;96.991982,npp_d20251028_t1806113_e1807355_b72560;npp_d20251028_t1807367_e1809009_b72560;npp_d20251028_t1809021_e1810263_b72560;npp_d20251028_t1810275_e1811517_b72560,161.155,98.4985,55.0832,97.2788,117.864,-112.612
34,VBD_npp_d20251028_t1809593_x1026814E_y112984N_l0528_s0774_v23,2025-10-28 20:29:00,11.298405,102.681358,3.97465,2025-10-28 18:09:59,2025-10-29 01:09:59,528,774,0.183263,2,2337,0.222354,0.06875,0.629189,0.4,0.634019,0.75,3.37135e-17,0.0001,2.66929e-11,999999,999999,3,Cambodian Exclusive Economic Zone,,,SVDNB_npp_d20251028_t1809021_e1810263_b72560_c20251028193157903000_oebc_ops.h5,GDNBO_npp_d20251028_t1809021_e1810263_b72560_c20251028192922477000_oebc_ops.h5,SVI04_npp_d20251028_t1809021_e1810263_b72560_c20251028193206099000_oebc_ops.dspace_rad,,eez_v11.shp,WPP_BFAR_merge.shp,vbd_mpa_r20170830.shp,VNF-VBD_npp_20120301-20151231_global_asia-enhanced_c201607211230.bitmask,vbd_landsea_r20220824.mask,timezone.shp,VBD_platforms-recurring_2015_r20170330.shp,999999,VBD_bridges_c20160811.shp,15.307434;13.520258;10.975376;6.136586;8.507884;10.401595,97.868515;112.019043;125.821213;124.490211;110.871841;96.991982,npp_d20251028_t1806113_e1807355_b72560;npp_d20251028_t1807367_e1809009_b72560;npp_d20251028_t1809021_e1810263_b72560;npp_d20251028_t1810275_e1811517_b72560,161.097,98.3418,54.8593,96.9593,117.943,-112.588
35,VBD_npp_d20251028_t1810011_x1026813E_y112946N_l0529_s0775_v23,2025-10-28 20:29:00,11.294551,102.681267,4.8799,2025-10-28 18:10:01,2025-10-29 01:10:01,529,775,0.181271,1,2401,0.26666,0.06875,0.617788,0.4,0.764507,0.75,3.36042e-17,0.0001,2.78702e-11,999999,999999,3,Cambodian Exclusive Economic Zone,,,SVDNB_npp_d20251028_t1809021_e1810263_b72560_c20251028193157903000_oebc_ops.h5,GDNBO_npp_d20251028_t1809021_e1810263_b72560_c20251028192922477000_oebc_ops.h5,SVI04_npp_d20251028_t1809021_e1810263_b72560_c20251028193206099000_oebc_ops.dspace_rad,,eez_v11.shp,WPP_BFAR_merge.shp,vbd_mpa_r20170830.shp,VNF-VBD_npp_20120301-20151231_global_asia-enhanced_c201607211230.bitmask,vbd_landsea_r20220824.mask,timezone.shp,VBD_platforms-recurring_2015_r20170330.shp,999999,VBD_bridges_c20160811.shp,15.307434;13.520258;10.975376;6.136586;8.507884;10.401595,97.868515;112.019043;125.821213;124.490211;110.871841;96.991982,npp_d20251028_t1806113_e1807355_b72560;npp_d20251028_t1807367_e1809009_b72560;npp_d20251028_t1809021_e1810263_b72560;npp_d20251028_t1810275_e1811517_b72560,161.089,98.3514,54.8301,97.6534,117.948,-112.59
36,VBD_npp_d20251028_t1809593_x1028408E_y112837N_l0527_s0797_v23,2025-10-28 20:29:00,11.283694,102.840790,1.9124,2025-10-28 18:09:59,2025-10-29 01:09:59,527,797,0.0735078,10,2305,0.0880189,0.06875,0.38633,0.4,0.621271,0.75,2.86379e-17,0.0001,2.09681e-11,999999,999999,3,Cambodian Exclusive Economic Zone,,,SVDNB_npp_d20251028_t1809021_e1810263_b72560_c20251028193157903000_oebc_ops.h5,GDNBO_npp_d20251028_t1809021_e1810263_b72560_c20251028192922477000_oebc_ops.h5,SVI04_npp_d20251028_t1809021_e1810263_b72560_c20251028193206099000_oebc_ops.dspace_rad,,eez_v11.shp,WPP_BFAR_merge.shp,vbd_mpa_r20170830.shp,VNF-VBD_npp_20120301-20151231_global_asia-enhanced_c201607211230.bitmask,vbd_landsea_r20220824.mask,timezone.shp,VBD_platforms-recurring_2015_r20170330.shp,999999,VBD_bridges_c20160811.shp,15.307434;13.520258;10.975376;6.136586;8.507884;10.401595,97.868515;112.019043;125.821213;124.490211;110.871841;96.991982,npp_d20251028_t1806113_e1807355_b72560;npp_d20251028_t1807367_e1809009_b72560;npp_d20251028_t1809021_e1810263_b72560;npp_d20251028_t1810275_e1811517_b72560,160.94,98.3494,54.2543,97.0218,118.081,-112.595
1,VBD_npp_d20251028_t1811336_x0970230E_y064575N_l0603_s0115_v23,2025-10-28 20:29:00,6.457537,97.022987,3.77849,2025-10-28 18:11:33,2025-10-29 01:11:33,603,115,0.270469,1,2401,0.161992,0.1375,0.517945,0.4,0.776484,0.75,2.69352e-14,0.0001,1.17571e-05,999999,999999,3,Indonesian Exclusive Economic Zone,WPP571,,SVDNB_npp_d20251028_t1810275_e1811517_b72560_c20251028193205056000_oebc_ops.h5,GDNBO_npp_d20251028_t1810275_e1811517_b72560_c20251028192939737000_oebc_ops.h5,SVI04_npp_d20251028_t1810275_e1811517_b72560_c20251028193214149000_oebc_ops.dspace_rad,,eez_v11.shp,WPP_BFAR_merge.shp,vbd_mpa_r20170830.shp,VNF-VBD_npp_20120301-20151231_global_asia-enhanced_c201607211230.bitmask,vbd_landsea_r20220824.mask,timezone.shp,VBD_platforms-recurring_2015_r20170330.shp,999999,VBD_bridges_c20160811.shp,10.404151;8.502419;6.138182;1.273068;3.487974;5.509554,96.985527;110.863861;124.483452;123.301933;109.736603;96.013321,npp_d20251028_t1806113_e1807355_b72560;npp_d20251028_t1807367_e1809009_b72560;npp_d20251028_t1809021_e1810263_b72560;npp_d20251028_t1810275_e1811517_b72560,164.602,117.791,68.4168,97.4651,111.273,-114.44
2,VBD_npp_d20251028_t1810491_x0977813E_y089484N_l0208_s0151_v23,2025-10-28 20:29:00,8.948366,97.781288,42.6605,2025-10-28 18:10:49,2025-10-29 01:10:49,208,151,0.154028,1,2401,0.947918,0.1375,0.832237,0.4,0.95888,0.75,5.94425e-15,0.0001,5.91258e-07,999999,999999,3,Thailand Exclusive Economic Zone,,,SVDNB_npp_d20251028_t1810275_e1811517_b72560_c20251028193205056000_oebc_ops.h5,GDNBO_npp_d20251028_t1810275_e1811517_b72560_c20251028192939737000_oebc_ops.h5,SVI04_npp_d20251028_t1810275_e1811517_b72560_c20251028193214149000_oebc_ops.dspace_rad,,eez_v11.shp,WPP_BFAR_merge.shp,vbd_mpa_r20170830.shp,VNF-VBD_npp_20120301-20151231_global_asia-enhanced_c201607211230.bitmask,vbd_landsea_r20220824.mask,timezone.shp,VBD_platforms-recurring_2015_r20170330.shp,999999,VBD_bridges_c20160811.shp,10.404151;8.502419;6.138182;1.273068;3.487974;5.509554,96.985527;110.863861;124.483452;123.301933;109.736603;96.013321,npp_d20251028_t1806113_e1807355_b72560;npp_d20251028_t1807367_e1809009_b72560;npp_d20251028_t1809021_e1810263_b72560;npp_d20251028_t1810275_e1811517_b72560,165.062,108.585,67.8317,96.7954,112.802,-113.572
3,VBD_npp_d20251028_t1810509_x0977829E_y089489N_l0209_s0152_v23,2025-10-28 20:29:00,8.948912,97.782867,34.1875,2025-10-28 18:10:50,2025-10-29 01:10:50,209,152,0.154028,1,2401,0.809316,0.1375,0.832237,0.4,0.815031,0.75,5.93453e-15,0.0001,6.68179e-07,999999,999999,3,Thailand Exclusive Economic Zone,,,SVDNB_npp_d20251028_t1810275_e1811517_b72560_c20251028193205056000_oebc_ops.h5,GDNBO_npp_d20251028_t1810275_e1811517_b72560_c20251028192939737000_oebc_ops.h5,SVI04_npp_d20251028_t1810275_e1811517_b72560_c20251028193214149000_oebc_ops.dspace_rad,,eez_v11.shp,WPP_BFAR_merge.shp,vbd_mpa_r20170830.shp,VNF-VBD_npp_20120301-20151231_global_asia-enhanced_c201607211230.bitmask,vbd_landsea_r20220824.mask,timezone.shp,VBD_platforms-recurring_2015_r20170330.shp,999999,VBD_bridges_c20160811.shp,10.404151;8.502419;6.138182;1.273068;3.487974;5.509554,96.985527;110.863861;124.483452;123.301933;109.736603;96.013321,npp_d20251028_t1806113_e1807355_b72560;npp_d20251028_t1807367_e1809009_b72560;npp_d20251028_t1809021_e1810263_b72560;npp_d20251028_t1810275_e1811517_b72560,165.054,108.574,67.8106,97.2793,112.81,-113.572
4,VBD_npp_d20251028_t1811034_x0976670E_y081937N_l0326_s0157_v23,2025-10-28 20:29:00,8.193698,97.666954,4.86381,2025-10-28 18:11:03,2025-10-29 01:11:03,326,157,0.251478,1,2401,0.244902,0.1375,0.665043,0.4,0.836177,0.75,9.07863e-15,0.0001,8.53512e-05,999999,999999,3,Thailand Exclusive Economic Zone,,,SVDNB_npp_d20251028_t1810275_e1811517_b72560_c20251028193205056000_oebc_ops.h5,GDNBO_npp_d20251028_t1810275_e1811517_b72560_c20251028192939737000_oebc_ops.h5,SVI04_npp_d20251028_t1810275_e1811517_b72560_c20251028193214149000_oebc_ops.dspace_rad,,eez_v11.shp,WPP_BFAR_merge.shp,vbd_mpa_r20170830.shp,VNF-VBD_npp_20120301-20151231_global_asia-enhanced_c201607211230.bitmask,vbd_landsea_r20220824.mask,timezone.shp,VBD_platforms-recurring_2015_r20170330.shp,999999,VBD_bridges_c20160811.shp,10.404151;8.502419;6.138182;1.273068;3.487974;5.509554,96.985527;110.863861;124.483452;123.301933;109.736603;96.013321,npp_d20251028_t1806113_e1807355_b72560;npp_d20251028_t1807367_e1809009_b72560;npp_d20251028_t1809021_e1810263_b72560;npp_d20251028_t1810275_e1811517_b72560,164.856,111.287,67.7367,97.2807,112.449,-113.847
5,VBD_npp_d20251028_t1810438_x0979827E_y092390N_l0160_s0171_v23,2025-10-28 20:29:00,9.239020,97.982750,12.3219,2025-10-28 18:10:43,2025-10-29 01:10:43,160,171,0.12899,8,18785,0.474936,0.1375,0.781181,0.4,0.868012,0.75,4.38563e-15,0.0001,8.65625e-07,999999,999999,3,Thailand Exclusive Economic Zone,,,SVDNB_npp_d20251028_t1810275_e1811517_b72560_c20251028193205056000_oebc_ops.h5,GDNBO_npp_d20251028_t1810275_e1811517_b72560_c20251028192939737000_oebc_ops.h5,SVI04_npp_d20251028_t1810275_e1811517_b72560_c20251028193214149000_oebc_ops.dspace_rad,,eez_v11.shp,WPP_BFAR_merge.shp,vbd_mpa_r20170830.shp,VNF-VBD_npp_20120301-20151231_global_asia-enhanced_c201607211230.bitmask,vbd_landsea_r20220824.mask,timezone.shp,VBD_platforms-recurring_2015_r20170330.shp,0.491144,VBD_bridges_c20160811.shp,10.404151;8.502419;6.138182;1.273068;3.487974;5.509554,96.985527;110.863861;124.483452;123.301933;109.736603;96.013321,npp_d20251028_t1806113_e1807355_b72560;npp_d20251028_t1807367_e1809009_b72560;npp_d20251028_t1809021_e1810263_b72560;npp_d20251028_t1810275_e1811517_b72560,164.984,107.376,67.4935,96.7541,113.079,-113.464
6,VBD_npp_d20251028_t1810456_x0979797E_y092386N_l0161_s0172_v23,2025-10-28 20:29:00,9.238605,97.979698,14.5303,2025-10-28 18:10:45,2025-10-29 01:10:45,161,172,0.12899,8,18785,0.582275,0.1375,0.781181,0.4,0.907933,0.75,4.37135e-15,0.0001,9.4656e-07,999999,999999,3,Thailand Exclusive Economic Zone,,,SVDNB_npp_d20251028_t1810275_e1811517_b72560_c20251028193205056000_oebc_ops.h5,GDNBO_npp_d20251028_t1810275_e1811517_b72560_c20251028192939737000_oebc_ops.h5,SVI04_npp_d20251028_t1810275_e1811517_b72560_c20251028193214149000_oebc_ops.dspace_rad,,eez_v11.shp,WPP_BFAR_merge.shp,vbd_mpa_r20170830.shp,VNF-VBD_npp_20120301-20151231_global_asia-enhanced_c201607211230.bitmask,vbd_landsea_r20220824.mask,timezone.shp,VBD_platforms-recurring_2015_r20170330.shp,0.345416,VBD_bridges_c20160811.shp,10.404151;8.502419;6.138182;1.273068;3.487974;5.509554,96.985527;110.863861;124.483452;123.301933;109.736603;96.013321,npp_d20251028_t1806113_e1807355_b72560;npp_d20251028_t1807367_e1809009_b72560;npp_d20251028_t1809021_e1810263_b72560;npp_d20251028_t1810275_e1811517_b72560,164.979,107.374,67.4829,97.2357,113.082,-113.464
7,VBD_npp_d20251028_t1810527_x0979370E_y087478N_l0236_s0179_v23,2025-10-28 20:29:00,8.747786,97.936989,19.3218,2025-10-28 18:10:52,2025-10-29 01:10:52,236,179,0.288039,1,2401,0.751739,0.1375,0.894031,0.4,0.950055,0.75,5.55624e-15,0.0001,2.77985e-05,999999,999999,3,Thailand Exclusive Economic Zone,,,SVDNB_npp_d20251028_t1810275_e1811517_b72560_c20251028193205056000_oebc_ops.h5,GDNBO_npp_d20251028_t1810275_e1811517_b72560_c20251028192939737000_oebc_ops.h5,SVI04_npp_d20251028_t1810275_e1811517_b72560_c20251028193214149000_oebc_ops.dspace_rad,,eez_v11.shp,WPP_BFAR_merge.shp,vbd_mpa_r20170830.shp,VNF-VBD_npp_20120301-20151231_global_asia-enhanced_c201607211230.bitmask,vbd_landsea_r20220824.mask,timezone.shp,VBD_platforms-recurring_2015_r20170330.shp,999999,VBD_bridges_c20160811.shp,10.404151;8.502419;6.138182;1.273068;3.487974;5.509554,96.985527;110.863861;124.483452;123.301933;109.736603;96.013321,npp_d20251028_t1806113_e1807355_b72560;npp_d20251028_t1807367_e1809009_b72560;npp_d20251028_t1809021_e1810263_b72560;npp_d20251028_t1810275_e1811517_b72560,164.838,109.115,67.3675,96.9905,112.875,-113.647
8,VBD_npp_d20251028_t1810527_x0979757E_y087707N_l0232_s0184_v23,2025-10-28 20:29:00,8.770718,97.975731,16.6984,2025-10-28 18:10:52,2025-10-29 01:10:52,232,184,0.273599,1,2401,0.693777,0.1375,0.887005,0.4,0.963587,0.75,5.27493e-15,0.0001,6.00146e-05,999999,999999,3,Thailand Exclusive Economic Zone,,,SVDNB_npp_d20251028_t1810275_e1811517_b72560_c20251028193205056000_oebc_ops.h5,GDNBO_npp_d20251028_t1810275_e1811517_b72560_c20251028192939737000_oebc_ops.h5,SVI04_npp_d20251028_t1810275_e1811517_b72560_c20251028193214149000_oebc_ops.dspace_rad,,eez_v11.shp,WPP_BFAR_merge.shp,vbd_mpa_r20170830.shp,VNF-VBD_npp_20120301-20151231_global_asia-enhanced_c201607211230.bitmask,vbd_landsea_r20220824.mask,timezone.shp,VBD_platforms-recurring_2015_r20170330.shp,999999,VBD_bridges_c20160811.shp,10.404151;8.502419;6.138182;1.273068;3.487974;5.509554,96.985527;110.863861;124.483452;123.301933;109.736603;96.013321,npp_d20251028_t1806113_e1807355_b72560;npp_d20251028_t1807367_e1809009_b72560;npp_d20251028_t1809021_e1810263_b72560;npp_d20251028_t1810275_e1811517_b72560,164.809,108.995,67.2815,97.1189,112.919,-113.639
9,VBD_npp_d20251028_t1810562_x0979487E_y086056N_l0258_s0185_v23,2025-10-28 20:29:00,8.605555,97.948730,27.6921,2025-10-28 18:10:56,2025-10-29 01:10:56,258,185,0.290102,1,2401,0.852775,0.1375,0.912405,0.4,0.982273,0.75,5.77126e-15,0.0001,0.000905158,999999,999999,3,Thailand Exclusive Economic Zone,,,SVDNB_npp_d20251028_t1810275_e1811517_b72560_c20251028193205056000_oebc_ops.h5,GDNBO_npp_d20251028_t1810275_e1811517_b72560_c20251028192939737000_oebc_ops.h5,SVI04_npp_d20251028_t1810275_e1811517_b72560_c20251028193214149000_oebc_ops.dspace_rad,,eez_v11.shp,WPP_BFAR_merge.shp,vbd_mpa_r20170830.shp,VNF-VBD_npp_20120301-20151231_global_asia-enhanced_c201607211230.bitmask,vbd_landsea_r20220824.mask,timezone.shp,VBD_platforms-recurring_2015_r20170330.shp,999999,VBD_bridges_c20160811.shp,10.404151;8.502419;6.138182;1.273068;3.487974;5.509554,96.985527;110.863861;124.483452;123.301933;109.736603;96.013321,npp_d20251028_t1806113_e1807355_b72560;npp_d20251028_t1807367_e1809009_b72560;npp_d20251028_t1809021_e1810263_b72560;npp_d20251028_t1810275_e1811517_b72560,164.766,109.581,67.2608,97.3468,112.841,-113.7
10,VBD_npp_d20251028_t1810562_x0979442E_y085715N_l0263_s0185_v23,2025-10-28 20:29:00,8.571500,97.944229,58.0836,2025-10-28 18:10:56,2025-10-29 01:10:56,263,185,0.280286,1,2401,1.08286,0.1375,0.918874,0.4,0.95584,0.75,5.87422e-15,0.0001,0.00188369,999999,999999,3,Thailand Exclusive Economic Zone,,,SVDNB_npp_d20251028_t1810275_e1811517_b72560_c20251028193205056000_oebc_ops.h5,GDNBO_npp_d20251028_t1810275_e1811517_b72560_c20251028192939737000_oebc_ops.h5,SVI04_npp_d20251028_t1810275_e1811517_b72560_c20251028193214149000_oebc_ops.dspace_rad,,eez_v11.shp,WPP_BFAR_merge.shp,vbd_mpa_r20170830.shp,VNF-VBD_npp_20120301-20151231_global_asia-enhanced_c201607211230.bitmask,vbd_landsea_r20220824.mask,timezone.shp,VBD_platforms-recurring_2015_r20170330.shp,999999,VBD_bridges_c20160811.shp,10.404151;8.502419;6.138182;1.273068;3.487974;5.509554,96.985527;110.863861;124.483452;123.301933;109.736603;96.013321,npp_d20251028_t1806113_e1807355_b72560;npp_d20251028_t1807367_e1809009_b72560;npp_d20251028_t1809021_e1810263_b72560;npp_d20251028_t1810275_e1811517_b72560,164.759,109.704,67.2611,97.1929,112.824,-113.712
11,VBD_npp_d20251028_t1810562_x0979600E_y085833N_l0261_s0187_v23,2025-10-28 20:29:00,8.583349,97.959999,12.5438,2025-10-28 18:10:56,2025-10-29 01:10:56,261,187,0.304683,1,2401,0.481469,0.1375,0.92269,0.4,0.811323,0.75,5.74603e-15,0.0001,0.00420579,999999,999999,3,Thailand Exclusive Economic Zone,,,SVDNB_npp_d20251028_t1810275_e1811517_b72560_c20251028193205056000_oebc_ops.h5,GDNBO_npp_d20251028_t1810275_e1811517_b72560_c20251028192939737000_oebc_ops.h5,SVI04_npp_d20251028_t1810275_e1811517_b72560_c20251028193214149000_oebc_ops.dspace_rad,,eez_v11.shp,WPP_BFAR_merge.shp,vbd_mpa_r20170830.shp,VNF-VBD_npp_20120301-20151231_global_asia-enhanced_c201607211230.bitmask,vbd_landsea_r20220824.mask,timezone.shp,VBD_platforms-recurring_2015_r20170330.shp,999999,VBD_bridges_c20160811.shp,10.404151;8.502419;6.138182;1.273068;3.487974;5.509554,96.985527;110.863861;124.483452;123.301933;109.736603;96.013321,npp_d20251028_t1806113_e1807355_b72560;npp_d20251028_t1807367_e1809009_b72560;npp_d20251028_t1809021_e1810263_b72560;npp_d20251028_t1810275_e1811517_b72560,164.748,109.646,67.2268,97.2565,112.843,-113.708
12,VBD_npp_d20251028_t1810545_x0979867E_y086784N_l0246_s0188_v23,2025-10-28 20:29:00,8.678445,97.986694,5.18336,2025-10-28 18:10:54,2025-10-29 01:10:54,246,188,0.243511,8,18721,0.184507,0.1375,0.69763,0.4,0.716426,0.75,5.40056e-15,0.0001,0.000727503,999999,999999,3,Thailand Exclusive Economic Zone,,,SVDNB_npp_d20251028_t1810275_e1811517_b72560_c20251028193205056000_oebc_ops.h5,GDNBO_npp_d20251028_t1810275_e1811517_b72560_c20251028192939737000_oebc_ops.h5,SVI04_npp_d20251028_t1810275_e1811517_b72560_c20251028193214149000_oebc_ops.dspace_rad,,eez_v11.shp,WPP_BFAR_merge.shp,vbd_mpa_r20170830.shp,VNF-VBD_npp_20120301-20151231_global_asia-enhanced_c201607211230.bitmask,vbd_landsea_r20220824.mask,timezone.shp,VBD_platforms-recurring_2015_r20170330.shp,0.119499,VBD_bridges_c20160811.shp,10.404151;8.502419;6.138182;1.273068;3.487974;5.509554,96.985527;110.863861;124.483452;123.301933;109.736603;96.013321,npp_d20251028_t1806113_e1807355_b72560;npp_d20251028_t1807367_e1809009_b72560;npp_d20251028_t1809021_e1810263_b72560;npp_d20251028_t1810275_e1811517_b72560,164.762,109.297,67.2093,97.2073,112.898,-113.673
13,VBD_npp_d20251028_t1810562_x0979688E_y085961N_l0259_s0188_v23,2025-10-28 20:29:00,8.596068,97.968765,53.1917,2025-10-28 18:10:56,2025-10-29 01:10:56,259,188,0.295436,1,2401,1.05239,0.1375,0.92269,0.4,0.967003,0.75,5.66227e-15,0.0001,0.0054173,999999,999999,3,Thailand Exclusive Economic Zone,,,SVDNB_npp_d20251028_t1810275_e1811517_b72560_c20251028193205056000_oebc_ops.h5,GDNBO_npp_d20251028_t1810275_e1811517_b72560_c20251028192939737000_oebc_ops.h5,SVI04_npp_d20251028_t1810275_e1811517_b72560_c20251028193214149000_oebc_ops.dspace_rad,,eez_v11.shp,WPP_BFAR_merge.shp,vbd_mpa_r20170830.shp,VNF-VBD_npp_20120301-20151231_global_asia-enhanced_c201607211230.bitmask,vbd_landsea_r20220824.mask,timezone.shp,VBD_platforms-recurring_2015_r20170330.shp,999999,VBD_bridges_c20160811.shp,10.404151;8.502419;6.138182;1.273068;3.487974;5.509554,96.985527;110.863861;124.483452;123.301933;109.736603;96.013321,npp_d20251028_t1806113_e1807355_b72560;npp_d20251028_t1807367_e1809009_b72560;npp_d20251028_t1809021_e1810263_b72560;npp_d20251028_t1810275_e1811517_b72560,164.744,109.593,67.2097,97.3192,112.856,-113.704
14,VBD_npp_d20251028_t1811194_x0977069E_y072569N_l0468_s0189_v23,2025-10-28 20:29:00,7.256852,97.706924,8.05186,2025-10-28 18:11:19,2025-10-29 01:11:19,468,189,0.346864,1,2401,0.408134,0.1375,0.778157,0.4,0.947553,0.75,1.25369e-14,0.0001,6.00444e-07,999999,999999,3,Thailand Exclusive Economic Zone,,,SVDNB_npp_d20251028_t1810275_e1811517_b72560_c20251028193205056000_oebc_ops.h5,GDNBO_npp_d20251028_t1810275_e1811517_b72560_c20251028192939737000_oebc_ops.h5,SVI04_npp_d20251028_t1810275_e1811517_b72560_c20251028193214149000_oebc_ops.dspace_rad,,eez_v11.shp,WPP_BFAR_merge.shp,vbd_mpa_r20170830.shp,VNF-VBD_npp_20120301-20151231_global_asia-enhanced_c201607211230.bitmask,vbd_landsea_r20220824.mask,timezone.shp,VBD_platforms-recurring_2015_r20170330.shp,999999,VBD_bridges_c20160811.shp,10.404151;8.502419;6.138182;1.273068;3.487974;5.509554,96.985527;110.863861;124.483452;123.301933;109.736603;96.013321,npp_d20251028_t1806113_e1807355_b72560;npp_d20251028_t1807367_e1809009_b72560;npp_d20251028_t1809021_e1810263_b72560;npp_d20251028_t1810275_e1811517_b72560,164.395,114.294,67.1921,97.5657,112.163,-114.185
15,VBD_npp_d20251028_t1810562_x0979790E_y085671N_l0263_s0190_v23,2025-10-28 20:29:00,8.567110,97.979042,24.6306,2025-10-28 18:10:56,2025-10-29 01:10:56,263,190,0.313077,1,2401,0.784663,0.1375,0.918678,0.4,0.945782,0.75,5.65518e-15,0.0001,0.134365,999999,999999,3,Thailand Exclusive Economic Zone,,,SVDNB_npp_d20251028_t1810275_e1811517_b72560_c20251028193205056000_oebc_ops.h5,GDNBO_npp_d20251028_t1810275_e1811517_b72560_c20251028192939737000_oebc_ops.h5,SVI04_npp_d20251028_t1810275_e1811517_b72560_c20251028193214149000_oebc_ops.dspace_rad,,eez_v11.shp,WPP_BFAR_merge.shp,vbd_mpa_r20170830.shp,VNF-VBD_npp_20120301-20151231_global_asia-enhanced_c201607211230.bitmask,vbd_landsea_r20220824.mask,timezone.shp,VBD_platforms-recurring_2015_r20170330.shp,999999,VBD_bridges_c20160811.shp,10.404151;8.502419;6.138182;1.273068;3.487974;5.509554,96.985527;110.863861;124.483452;123.301933;109.736603;96.013321,npp_d20251028_t1806113_e1807355_b72560;npp_d20251028_t1807367_e1809009_b72560;npp_d20251028_t1809021_e1810263_b72560;npp_d20251028_t1810275_e1811517_b72560,164.725,109.682,67.1759,97.198,112.853,-113.714
16,VBD_npp_d20251028_t1810562_x0979814E_y085323N_l0268_s0191_v23,2025-10-28 20:29:00,8.532273,97.981430,16.7928,2025-10-28 18:10:56,2025-10-29 01:10:56,268,191,0.287185,1,2401,0.565517,0.1375,0.87241,0.4,0.764535,0.75,5.70972e-15,0.0001,80320.9,999999,999999,3,Thailand Exclusive Economic Zone,,,SVDNB_npp_d20251028_t1810275_e1811517_b72560_c20251028193205056000_oebc_ops.h5,GDNBO_npp_d20251028_t1810275_e1811517_b72560_c20251028192939737000_oebc_ops.h5,SVI04_npp_d20251028_t1810275_e1811517_b72560_c20251028193214149000_oebc_ops.dspace_rad,,eez_v11.shp,WPP_BFAR_merge.shp,vbd_mpa_r20170830.shp,VNF-VBD_npp_20120301-20151231_global_asia-enhanced_c201607211230.bitmask,vbd_landsea_r20220824.mask,timezone.shp,VBD_platforms-recurring_2015_r20170330.shp,999999,VBD_bridges_c20160811.shp,10.404151;8.502419;6.138182;1.273068;3.487974;5.509554,96.985527;110.863861;124.483452;123.301933;109.736603;96.013321,npp_d20251028_t1806113_e1807355_b72560;npp_d20251028_t1807367_e1809009_b72560;npp_d20251028_t1809021_e1810263_b72560;npp_d20251028_t1810275_e1811517_b72560,164.711,109.799,67.1596,97.045,112.841,-113.727
17,VBD_npp_d20251028_t1810545_x0980261E_y086045N_l0256_s0195_v23,2025-10-28 20:29:00,8.604510,98.026138,25.8337,2025-10-28 18:10:54,2025-10-29 01:10:54,256,195,0.337688,1,2401,0.756119,0.1375,0.865466,0.4,0.946791,0.75,5.30274e-15,0.0001,332.449,999999,999999,3,Thailand Exclusive Economic Zone,,,SVDNB_npp_d20251028_t1810275_e1811517_b72560_c20251028193205056000_oebc_ops.h5,GDNBO_npp_d20251028_t1810275_e1811517_b72560_c20251028192939737000_oebc_ops.h5,SVI04_npp_d20251028_t1810275_e1811517_b72560_c20251028193214149000_oebc_ops.dspace_rad,,eez_v11.shp,WPP_BFAR_merge.shp,vbd_mpa_r20170830.shp,VNF-VBD_npp_20120301-20151231_global_asia-enhanced_c201607211230.bitmask,vbd_landsea_r20220824.mask,timezone.shp,VBD_platforms-recurring_2015_r20170330.shp,999999,VBD_bridges_c20160811.shp,10.404151;8.502419;6.138182;1.273068;3.487974;5.509554,96.985527;110.863861;124.483452;123.301933;109.736603;96.013321,npp_d20251028_t1806113_e1807355_b72560;npp_d20251028_t1807367_e1809009_b72560;npp_d20251028_t1809021_e1810263_b72560;npp_d20251028_t1810275_e1811517_b72560,164.7,109.51,67.0918,96.9062,112.904,-113.701
18,VBD_npp_d20251028_t1810491_x0981056E_y089919N_l0196_s0196_v23,2025-10-28 20:29:00,8.991940,98.105598,48.0672,2025-10-28 18:10:49,2025-10-29 01:10:49,196,196,0.29878,1,2401,1.0408,0.1375,0.894522,0.4,0.975041,0.75,4.12577e-15,0.0001,8.75416e-05,999999,999999,3,Thailand Exclusive Economic Zone,,,SVDNB_npp_d20251028_t1810275_e1811517_b72560_c20251028193205056000_oebc_ops.h5,GDNBO_npp_d20251028_t1810275_e1811517_b72560_c20251028192939737000_oebc_ops.h5,SVI04_npp_d20251028_t1810275_e1811517_b72560_c20251028193214149000_oebc_ops.dspace_rad,,eez_v11.shp,WPP_BFAR_merge.shp,vbd_mpa_r20170830.shp,VNF-VBD_npp_20120301-20151231_global_asia-enhanced_c201607211230.bitmask,vbd_landsea_r20220824.mask,timezone.shp,VBD_platforms-recurring_2015_r20170330.shp,999999,VBD_bridges_c20160811.shp,10.404151;8.502419;6.138182;1.273068;3.487974;5.509554,96.985527;110.863861;124.483452;123.301933;109.736603;96.013321,npp_d20251028_t1806113_e1807355_b72560;npp_d20251028_t1807367_e1809009_b72560;npp_d20251028_t1809021_e1810263_b72560;npp_d20251028_t1810275_e1811517_b72560,164.772,108.108,67.0712,97.2125,113.111,-113.557
19,VBD_npp_d20251028_t1810491_x0981098E_y089707N_l0199_s0197_v23,2025-10-28 20:29:00,8.970741,98.109818,28.6558,2025-10-28 18:10:49,2025-10-29 01:10:49,199,197,0.313646,1,2401,0.836962,0.1375,0.883013,0.4,0.957546,0.75,4.1485e-15,0.0001,0.000143157,999999,999999,3,Thailand Exclusive Economic Zone,,,SVDNB_npp_d20251028_t1810275_e1811517_b72560_c20251028193205056000_oebc_ops.h5,GDNBO_npp_d20251028_t1810275_e1811517_b72560_c20251028192939737000_oebc_ops.h5,SVI04_npp_d20251028_t1810275_e1811517_b72560_c20251028193214149000_oebc_ops.dspace_rad,,eez_v11.shp,WPP_BFAR_merge.shp,vbd_mpa_r20170830.shp,VNF-VBD_npp_20120301-20151231_global_asia-enhanced_c201607211230.bitmask,vbd_landsea_r20220824.mask,timezone.shp,VBD_platforms-recurring_2015_r20170330.shp,999999,VBD_bridges_c20160811.shp,10.404151;8.502419;6.138182;1.273068;3.487974;5.509554,96.985527;110.863861;124.483452;123.301933;109.736603;96.013321,npp_d20251028_t1806113_e1807355_b72560;npp_d20251028_t1807367_e1809009_b72560;npp_d20251028_t1809021_e1810263_b72560;npp_d20251028_t1810275_e1811517_b72560,164.761,108.178,67.0545,97.1211,113.106,-113.565
20,VBD_npp_d20251028_t1810545_x0980508E_y086841N_l0244_s0197_v23,2025-10-28 20:29:00,8.684125,98.050850,7.8675,2025-10-28 18:10:54,2025-10-29 01:10:54,244,197,0.183334,7,2337,0.373648,0.1375,0.798063,0.4,0.748547,0.75,4.99226e-15,0.0001,2.3506,999999,999999,3,,,,SVDNB_npp_d20251028_t1810275_e1811517_b72560_c20251028193205056000_oebc_ops.h5,GDNBO_npp_d20251028_t1810275_e1811517_b72560_c20251028192939737000_oebc_ops.h5,SVI04_npp_d20251028_t1810275_e1811517_b72560_c20251028193214149000_oebc_ops.dspace_rad,,eez_v11.shp,WPP_BFAR_merge.shp,vbd_mpa_r20170830.shp,VNF-VBD_npp_20120301-20151231_global_asia-enhanced_c201607211230.bitmask,vbd_landsea_r20220824.mask,timezone.shp,VBD_platforms-recurring_2015_r20170330.shp,999999,VBD_bridges_c20160811.shp,10.404151;8.502419;6.138182;1.273068;3.487974;5.509554,96.985527;110.863861;124.483452;123.301933;109.736603;96.013321,npp_d20251028_t1806113_e1807355_b72560;npp_d20251028_t1807367_e1809009_b72560;npp_d20251028_t1809021_e1810263_b72560;npp_d20251028_t1810275_e1811517_b72560,164.704,109.21,67.0561,97.2784,112.958,-113.672
21,VBD_npp_d20251028_t1810598_x0979875E_y083766N_l0292_s0197_v23,2025-10-28 20:29:00,8.376607,97.987473,21.4197,2025-10-28 18:10:59,2025-10-29 01:10:59,292,197,0.202753,8,18785,0.750704,0.1375,0.89021,0.4,0.962955,0.75,5.91742e-15,0.0001,0.000245761,999999,999999,3,Thailand Exclusive Economic Zone,,,SVDNB_npp_d20251028_t1810275_e1811517_b72560_c20251028193205056000_oebc_ops.h5,GDNBO_npp_d20251028_t1810275_e1811517_b72560_c20251028192939737000_oebc_ops.h5,SVI04_npp_d20251028_t1810275_e1811517_b72560_c20251028193214149000_oebc_ops.dspace_rad,,eez_v11.shp,WPP_BFAR_merge.shp,vbd_mpa_r20170830.shp,VNF-VBD_npp_20120301-20151231_global_asia-enhanced_c201607211230.bitmask,vbd_landsea_r20220824.mask,timezone.shp,VBD_platforms-recurring_2015_r20170330.shp,0.542106,VBD_bridges_c20160811.shp,10.404151;8.502419;6.138182;1.273068;3.487974;5.509554,96.985527;110.863861;124.483452;123.301933;109.736603;96.013321,npp_d20251028_t1806113_e1807355_b72560;npp_d20251028_t1807367_e1809009_b72560;npp_d20251028_t1809021_e1810263_b72560;npp_d20251028_t1810275_e1811517_b72560,164.638,110.31,67.0611,97.3395,112.797,-113.785
22,VBD_npp_d20251028_t1810527_x0980735E_y087103N_l0239_s0199_v23,2025-10-28 20:29:00,8.710320,98.073456,25.3125,2025-10-28 18:10:52,2025-10-29 01:10:52,239,199,0.267553,8,18721,0.683732,0.1375,0.815874,0.4,0.637473,0.75,4.81826e-15,0.0001,9.59303,999999,999999,3,Thailand Exclusive Economic Zone,,,SVDNB_npp_d20251028_t1810275_e1811517_b72560_c20251028193205056000_oebc_ops.h5,GDNBO_npp_d20251028_t1810275_e1811517_b72560_c20251028192939737000_oebc_ops.h5,SVI04_npp_d20251028_t1810275_e1811517_b72560_c20251028193214149000_oebc_ops.dspace_rad,,eez_v11.shp,WPP_BFAR_merge.shp,vbd_mpa_r20170830.shp,VNF-VBD_npp_20120301-20151231_global_asia-enhanced_c201607211230.bitmask,vbd_landsea_r20220824.mask,timezone.shp,VBD_platforms-recurring_2015_r20170330.shp,0.742438,VBD_bridges_c20160811.shp,10.404151;8.502419;6.138182;1.273068;3.487974;5.509554,96.985527;110.863861;124.483452;123.301933;109.736603;96.013321,npp_d20251028_t1806113_e1807355_b72560;npp_d20251028_t1807367_e1809009_b72560;npp_d20251028_t1809021_e1810263_b72560;npp_d20251028_t1810275_e1811517_b72560,164.698,109.104,67.0275,96.9187,112.982,-113.662
23,VBD_npp_d20251028_t1810580_x0980177E_y084230N_l0284_s0199_v23,2025-10-28 20:29:00,8.423025,98.017746,30.5439,2025-10-28 18:10:58,2025-10-29 01:10:58,284,199,0.294512,1,2401,0.783874,0.1375,0.89117,0.4,0.906927,0.75,5.64822e-15,0.0001,0.000228929,999999,999999,3,Thailand Exclusive Economic Zone,,,SVDNB_npp_d20251028_t1810275_e1811517_b72560_c20251028193205056000_oebc_ops.h5,GDNBO_npp_d20251028_t1810275_e1811517_b72560_c20251028192939737000_oebc_ops.h5,SVI04_npp_d20251028_t1810275_e1811517_b72560_c20251028193214149000_oebc_ops.dspace_rad,,eez_v11.shp,WPP_BFAR_merge.shp,vbd_mpa_r20170830.shp,VNF-VBD_npp_20120301-20151231_global_asia-enhanced_c201607211230.bitmask,vbd_landsea_r20220824.mask,timezone.shp,VBD_platforms-recurring_2015_r20170330.shp,999999,VBD_bridges_c20160811.shp,10.404151;8.502419;6.138182;1.273068;3.487974;5.509554,96.985527;110.863861;124.483452;123.301933;109.736603;96.013321,npp_d20251028_t1806113_e1807355_b72560;npp_d20251028_t1807367_e1809009_b72560;npp_d20251028_t1809021_e1810263_b72560;npp_d20251028_t1810275_e1811517_b72560,164.633,110.126,67.0201,97.0755,112.837,-113.768
24,VBD_npp_d20251028_t1810580_x0980414E_y084957N_l0273_s0201_v23,2025-10-28 20:29:00,8.495714,98.041405,13.6433,2025-10-28 18:10:58,2025-10-29 01:10:58,273,201,0.305324,1,2401,0.556547,0.1375,0.818115,0.4,0.876969,0.75,5.39084e-15,0.0001,0.000371314,999999,999999,3,Thailand Exclusive Economic Zone,,,SVDNB_npp_d20251028_t1810275_e1811517_b72560_c20251028193205056000_oebc_ops.h5,GDNBO_npp_d20251028_t1810275_e1811517_b72560_c20251028192939737000_oebc_ops.h5,SVI04_npp_d20251028_t1810275_e1811517_b72560_c20251028193214149000_oebc_ops.dspace_rad,,eez_v11.shp,WPP_BFAR_merge.shp,vbd_mpa_r20170830.shp,VNF-VBD_npp_20120301-20151231_global_asia-enhanced_c201607211230.bitmask,vbd_landsea_r20220824.mask,timezone.shp,VBD_platforms-recurring_2015_r20170330.shp,999999,VBD_bridges_c20160811.shp,10.404151;8.502419;6.138182;1.273068;3.487974;5.509554,96.985527;110.863861;124.483452;123.301933;109.736603;96.013321,npp_d20251028_t1806113_e1807355_b72560;npp_d20251028_t1807367_e1809009_b72560;npp_d20251028_t1809021_e1810263_b72560;npp_d20251028_t1810275_e1811517_b72560,164.636,109.852,66.9852,97.4169,112.887,-113.742
25,VBD_npp_d20251028_t1810384_x0982733E_y095945N_l0101_s0203_v23,2025-10-28 20:29:00,9.594532,98.273254,4.28604,2025-10-28 18:10:38,2025-10-29 01:10:38,101,203,0.0670349,1,2401,0.207685,0.1375,0.573349,0.4,0.915344,0.75,2.76197e-15,0.0001,3.10776e-06,999999,999999,3,Thailand Exclusive Economic Zone,,,SVDNB_npp_d20251028_t1810275_e1811517_b72560_c20251028193205056000_oebc_ops.h5,GDNBO_npp_d20251028_t1810275_e1811517_b72560_c20251028192939737000_oebc_ops.h5,SVI04_npp_d20251028_t1810275_e1811517_b72560_c20251028193214149000_oebc_ops.dspace_rad,,eez_v11.shp,WPP_BFAR_merge.shp,vbd_mpa_r20170830.shp,VNF-VBD_npp_20120301-20151231_global_asia-enhanced_c201607211230.bitmask,vbd_landsea_r20220824.mask,timezone.shp,VBD_platforms-recurring_2015_r20170330.shp,999999,VBD_bridges_c20160811.shp,10.404151;8.502419;6.138182;1.273068;3.487974;5.509554,96.985527;110.863861;124.483452;123.301933;109.736603;96.013321,npp_d20251028_t1806113_e1807355_b72560;npp_d20251028_t1807367_e1809009_b72560;npp_d20251028_t1809021_e1810263_b72560;npp_d20251028_t1810275_e1811517_b72560,164.832,105.876,66.9544,97.065,113.461,-113.329
26,VBD_npp_d20251028_t1810562_x0980668E_y085423N_l0265_s0203_v23,2025-10-28 20:29:00,8.542281,98.066795,23.8932,2025-10-28 18:10:56,2025-10-29 01:10:56,265,203,0.32019,1,2401,0.788782,0.1375,0.865811,0.4,0.931798,0.75,5.19662e-15,0.0001,0.000432385,999999,999999,3,Thailand Exclusive Economic Zone,,,SVDNB_npp_d20251028_t1810275_e1811517_b72560_c20251028193205056000_oebc_ops.h5,GDNBO_npp_d20251028_t1810275_e1811517_b72560_c20251028192939737000_oebc_ops.h5,SVI04_npp_d20251028_t1810275_e1811517_b72560_c20251028193214149000_oebc_ops.dspace_rad,,eez_v11.shp,WPP_BFAR_merge.shp,vbd_mpa_r20170830.shp,VNF-VBD_npp_20120301-20151231_global_asia-enhanced_c201607211230.bitmask,vbd_landsea_r20220824.mask,timezone.shp,VBD_platforms-recurring_2015_r20170330.shp,999999,VBD_bridges_c20160811.shp,10.404151;8.502419;6.138182;1.273068;3.487974;5.509554,96.985527;110.863861;124.483452;123.301933;109.736603;96.013321,npp_d20251028_t1806113_e1807355_b72560;npp_d20251028_t1807367_e1809009_b72560;npp_d20251028_t1809021_e1810263_b72560;npp_d20251028_t1810275_e1811517_b72560,164.635,109.673,66.9557,97.1496,112.922,-113.725
27,VBD_npp_d20251028_t1810598_x0980391E_y082944N_l0303_s0206_v23,2025-10-28 20:29:00,8.294442,98.039070,14.036,2025-10-28 18:10:59,2025-10-29 01:10:59,303,206,0.161852,8,18785,0.543248,0.1375,0.784976,0.4,0.864591,0.75,5.914e-15,0.0001,1.58033e-05,999999,999999,3,Thailand Exclusive Economic Zone,,,SVDNB_npp_d20251028_t1810275_e1811517_b72560_c20251028193205056000_oebc_ops.h5,GDNBO_npp_d20251028_t1810275_e1811517_b72560_c20251028192939737000_oebc_ops.h5,SVI04_npp_d20251028_t1810275_e1811517_b72560_c20251028193214149000_oebc_ops.dspace_rad,,eez_v11.shp,WPP_BFAR_merge.shp,vbd_mpa_r20170830.shp,VNF-VBD_npp_20120301-20151231_global_asia-enhanced_c201607211230.bitmask,vbd_landsea_r20220824.mask,timezone.shp,VBD_platforms-recurring_2015_r20170330.shp,0.420596,VBD_bridges_c20160811.shp,10.404151;8.502419;6.138182;1.273068;3.487974;5.509554,96.985527;110.863861;124.483452;123.301933;109.736603;96.013321,npp_d20251028_t1806113_e1807355_b72560;npp_d20251028_t1807367_e1809009_b72560;npp_d20251028_t1809021_e1810263_b72560;npp_d20251028_t1810275_e1811517_b72560,164.562,110.532,66.9103,97.0089,112.811,-113.816
28,VBD_npp_d20251028_t1811016_x0980246E_y082259N_l0314_s0206_v23,2025-10-28 20:29:00,8.225862,98.024559,11.4345,2025-10-28 18:11:01,2025-10-29 01:11:01,314,206,0.122588,1,2401,0.454581,0.1375,0.767623,0.4,0.867225,0.75,6.19798e-15,0.0001,9.58276e-06,999999,999999,3,Thailand Exclusive Economic Zone,,,SVDNB_npp_d20251028_t1810275_e1811517_b72560_c20251028193205056000_oebc_ops.h5,GDNBO_npp_d20251028_t1810275_e1811517_b72560_c20251028192939737000_oebc_ops.h5,SVI04_npp_d20251028_t1810275_e1811517_b72560_c20251028193214149000_oebc_ops.dspace_rad,,eez_v11.shp,WPP_BFAR_merge.shp,vbd_mpa_r20170830.shp,VNF-VBD_npp_20120301-20151231_global_asia-enhanced_c201607211230.bitmask,vbd_landsea_r20220824.mask,timezone.shp,VBD_platforms-recurring_2015_r20170330.shp,999999,VBD_bridges_c20160811.shp,10.404151;8.502419;6.138182;1.273068;3.487974;5.509554,96.985527;110.863861;124.483452;123.301933;109.736603;96.013321,npp_d20251028_t1806113_e1807355_b72560;npp_d20251028_t1807367_e1809009_b72560;npp_d20251028_t1809021_e1810263_b72560;npp_d20251028_t1810275_e1811517_b72560,164.544,110.772,66.9061,97.186,112.777,-113.841
29,VBD_npp_d20251028_t1810598_x0981106E_y083129N_l0299_s0216_v23,2025-10-28 20:29:00,8.312912,98.110580,5.05183,2025-10-28 18:10:59,2025-10-29 01:10:59,299,216,0.179066,8,18721,0.212543,0.1375,0.66384,0.4,0.541048,0.75,5.53785e-15,0.0001,4.77738e-06,999999,999999,3,Thailand Exclusive Economic Zone,,,SVDNB_npp_d20251028_t1810275_e1811517_b72560_c20251028193205056000_oebc_ops.h5,GDNBO_npp_d20251028_t1810275_e1811517_b72560_c20251028192939737000_oebc_ops.h5,SVI04_npp_d20251028_t1810275_e1811517_b72560_c20251028193214149000_oebc_ops.dspace_rad,,eez_v11.shp,WPP_BFAR_merge.shp,vbd_mpa_r20170830.shp,VNF-VBD_npp_20120301-20151231_global_asia-enhanced_c201607211230.bitmask,vbd_landsea_r20220824.mask,timezone.shp,VBD_platforms-recurring_2015_r20170330.shp,0.55123,VBD_bridges_c20160811.shp,10.404151;8.502419;6.138182;1.273068;3.487974;5.509554,96.985527;110.863861;124.483452;123.301933;109.736603;96.013321,npp_d20251028_t1806113_e1807355_b72560;npp_d20251028_t1807367_e1809009_b72560;npp_d20251028_t1809021_e1810263_b72560;npp_d20251028_t1810275_e1811517_b72560,164.502,110.391,66.741,97.1421,112.883,-113.811
30,VBD_npp_d20251028_t1811016_x0981112E_y082559N_l0308_s0218_v23,2025-10-28 20:29:00,8.255879,98.111214,9.20314,2025-10-28 18:11:01,2025-10-29 01:11:01,308,218,0.2051,8,18785,0.420648,0.1375,0.745059,0.4,0.87896,0.75,5.70256e-15,0.0001,2.86248e-06,999999,999999,3,Thailand Exclusive Economic Zone,,,SVDNB_npp_d20251028_t1810275_e1811517_b72560_c20251028193205056000_oebc_ops.h5,GDNBO_npp_d20251028_t1810275_e1811517_b72560_c20251028192939737000_oebc_ops.h5,SVI04_npp_d20251028_t1810275_e1811517_b72560_c20251028193214149000_oebc_ops.dspace_rad,,eez_v11.shp,WPP_BFAR_merge.shp,vbd_mpa_r20170830.shp,VNF-VBD_npp_20120301-20151231_global_asia-enhanced_c201607211230.bitmask,vbd_landsea_r20220824.mask,timezone.shp,VBD_platforms-recurring_2015_r20170330.shp,0.418203,VBD_bridges_c20160811.shp,10.404151;8.502419;6.138182;1.273068;3.487974;5.509554,96.985527;110.863861;124.483452;123.301933;109.736603;96.013321,npp_d20251028_t1806113_e1807355_b72560;npp_d20251028_t1807367_e1809009_b72560;npp_d20251028_t1809021_e1810263_b72560;npp_d20251028_t1810275_e1811517_b72560,164.474,110.574,66.7033,97.383,112.867,-113.832
31,VBD_npp_d20251028_t1811034_x0980883E_y081329N_l0327_s0218_v23,2025-10-28 20:29:00,8.132858,98.088341,8.48874,2025-10-28 18:11:03,2025-10-29 01:11:03,327,218,0.13276,2,2337,0.295661,0.1375,0.674331,0.4,0.651577,0.75,6.1655e-15,0.0001,1.63258e-06,999999,999999,3,Thailand Exclusive Economic Zone,,,SVDNB_npp_d20251028_t1810275_e1811517_b72560_c20251028193205056000_oebc_ops.h5,GDNBO_npp_d20251028_t1810275_e1811517_b72560_c20251028192939737000_oebc_ops.h5,SVI04_npp_d20251028_t1810275_e1811517_b72560_c20251028193214149000_oebc_ops.dspace_rad,,eez_v11.shp,WPP_BFAR_merge.shp,vbd_mpa_r20170830.shp,VNF-VBD_npp_20120301-20151231_global_asia-enhanced_c201607211230.bitmask,vbd_landsea_r20220824.mask,timezone.shp,VBD_platforms-recurring_2015_r20170330.shp,999999,VBD_bridges_c20160811.shp,10.404151;8.502419;6.138182;1.273068;3.487974;5.509554,96.985527;110.863861;124.483452;123.301933;109.736603;96.013321,npp_d20251028_t1806113_e1807355_b72560;npp_d20251028_t1807367_e1809009_b72560;npp_d20251028_t1809021_e1810263_b72560;npp_d20251028_t1810275_e1811517_b72560,164.445,111.005,66.7024,97.3098,112.803,-113.877
32,VBD_npp_d20251028_t1811051_x0980985E_y080472N_l0340_s0222_v23,2025-10-28 20:29:00,8.047164,98.098511,10.5801,2025-10-28 18:11:05,2025-10-29 01:11:05,340,222,0.166476,1,2401,0.416428,0.1375,0.732779,0.4,0.771662,0.75,6.35327e-15,0.0001,8.48213e-07,999999,999999,3,Thailand Exclusive Economic Zone,,,SVDNB_npp_d20251028_t1810275_e1811517_b72560_c20251028193205056000_oebc_ops.h5,GDNBO_npp_d20251028_t1810275_e1811517_b72560_c20251028192939737000_oebc_ops.h5,SVI04_npp_d20251028_t1810275_e1811517_b72560_c20251028193214149000_oebc_ops.dspace_rad,,eez_v11.shp,WPP_BFAR_merge.shp,vbd_mpa_r20170830.shp,VNF-VBD_npp_20120301-20151231_global_asia-enhanced_c201607211230.bitmask,vbd_landsea_r20220824.mask,timezone.shp,VBD_platforms-recurring_2015_r20170330.shp,999999,VBD_bridges_c20160811.shp,10.404151;8.502419;6.138182;1.273068;3.487974;5.509554,96.985527;110.863861;124.483452;123.301933;109.736603;96.013321,npp_d20251028_t1806113_e1807355_b72560;npp_d20251028_t1807367_e1809009_b72560;npp_d20251028_t1809021_e1810263_b72560;npp_d20251028_t1810275_e1811517_b72560,164.398,111.272,66.6319,97.4288,112.784,-113.909
33,VBD_npp_d20251028_t1810562_x0982214E_y085655N_l0259_s0225_v23,2025-10-28 20:29:00,8.565482,98.221375,7.36732,2025-10-28 18:10:56,2025-10-29 01:10:56,259,225,0.305608,2,2337,0.326202,0.1375,0.672547,0.4,0.657838,0.75,4.56959e-15,0.0001,6.79186e-06,999999,999999,1,Thailand Exclusive Economic Zone,,,SVDNB_npp_d20251028_t1810275_e1811517_b72560_c20251028193205056000_oebc_ops.h5,GDNBO_npp_d20251028_t1810275_e1811517_b72560_c20251028192939737000_oebc_ops.h5,SVI04_npp_d20251028_t1810275_e1811517_b72560_c20251028193214149000_oebc_ops.dspace_rad,,eez_v11.shp,WPP_BFAR_merge.shp,vbd_mpa_r20170830.shp,VNF-VBD_npp_20120301-20151231_global_asia-enhanced_c201607211230.bitmask,vbd_landsea_r20220824.mask,timezone.shp,VBD_platforms-recurring_2015_r20170330.shp,999999,VBD_bridges_c20160811.shp,10.404151;8.502419;6.138182;1.273068;3.487974;5.509554,96.985527;110.863861;124.483452;123.301933;109.736603;96.013321,npp_d20251028_t1806113_e1807355_b72560;npp_d20251028_t1807367_e1809009_b72560;npp_d20251028_t1809021_e1810263_b72560;npp_d20251028_t1810275_e1811517_b72560,164.499,109.432,66.5842,97.3654,113.071,-113.718
34,VBD_npp_d20251028_t1811051_x0981267E_y079950N_l0347_s0227_v23,2025-10-28 20:29:00,7.995035,98.126671,17.4712,2025-10-28 18:11:05,2025-10-29 01:11:05,347,227,0.156873,1,2401,0.487578,0.1375,0.779965,0.4,0.841567,0.75,6.35499e-15,0.0001,4.92397e-07,999999,999999,3,Thailand Exclusive Economic Zone,,,SVDNB_npp_d20251028_t1810275_e1811517_b72560_c20251028193205056000_oebc_ops.h5,GDNBO_npp_d20251028_t1810275_e1811517_b72560_c20251028192939737000_oebc_ops.h5,SVI04_npp_d20251028_t1810275_e1811517_b72560_c20251028193214149000_oebc_ops.dspace_rad,,eez_v11.shp,WPP_BFAR_merge.shp,vbd_mpa_r20170830.shp,VNF-VBD_npp_20120301-20151231_global_asia-enhanced_c201607211230.bitmask,vbd_landsea_r20220824.mask,timezone.shp,VBD_platforms-recurring_2015_r20170330.shp,999999,VBD_bridges_c20160811.shp,10.404151;8.502419;6.138182;1.273068;3.487974;5.509554,96.985527;110.863861;124.483452;123.301933;109.736603;96.013321,npp_d20251028_t1806113_e1807355_b72560;npp_d20251028_t1807367_e1809009_b72560;npp_d20251028_t1809021_e1810263_b72560;npp_d20251028_t1810275_e1811517_b72560,164.353,111.413,66.5457,97.2132,112.789,-113.928
35,VBD_npp_d20251028_t1810580_x0982126E_y083762N_l0287_s0228_v23,2025-10-28 20:29:00,8.376173,98.212578,5.41208,2025-10-28 18:10:58,2025-10-29 01:10:58,287,228,0.202326,2,2337,0.176472,0.1375,0.696074,0.4,0.608506,0.75,4.94683e-15,0.0001,1.79017e-06,999999,999999,3,Thailand Exclusive Economic Zone,,,SVDNB_npp_d20251028_t1810275_e1811517_b72560_c20251028193205056000_oebc_ops.h5,GDNBO_npp_d20251028_t1810275_e1811517_b72560_c20251028192939737000_oebc_ops.h5,SVI04_npp_d20251028_t1810275_e1811517_b72560_c20251028193214149000_oebc_ops.dspace_rad,,eez_v11.shp,WPP_BFAR_merge.shp,vbd_mpa_r20170830.shp,VNF-VBD_npp_20120301-20151231_global_asia-enhanced_c201607211230.bitmask,vbd_landsea_r20220824.mask,timezone.shp,VBD_platforms-recurring_2015_r20170330.shp,999999,VBD_bridges_c20160811.shp,10.404151;8.502419;6.138182;1.273068;3.487974;5.509554,96.985527;110.863861;124.483452;123.301933;109.736603;96.013321,npp_d20251028_t1806113_e1807355_b72560;npp_d20251028_t1807367_e1809009_b72560;npp_d20251028_t1809021_e1810263_b72560;npp_d20251028_t1810275_e1811517_b72560,164.436,110.074,66.528,97.0012,112.993,-113.789
36,VBD_npp_d20251028_t1810598_x0982093E_y083709N_l0289_s0229_v23,2025-10-28 20:29:00,8.370909,98.209251,11.4206,2025-10-28 18:10:59,2025-10-29 01:10:59,289,229,0.222598,1,2401,0.418882,0.1375,0.696074,0.4,0.861401,0.75,4.95274e-15,0.0001,1.70577e-06,999999,999999,3,Thailand Exclusive Economic Zone,,,SVDNB_npp_d20251028_t1810275_e1811517_b72560_c20251028193205056000_oebc_ops.h5,GDNBO_npp_d20251028_t1810275_e1811517_b72560_c20251028192939737000_oebc_ops.h5,SVI04_npp_d20251028_t1810275_e1811517_b72560_c20251028193214149000_oebc_ops.dspace_rad,,eez_v11.shp,WPP_BFAR_merge.shp,vbd_mpa_r20170830.shp,VNF-VBD_npp_20120301-20151231_global_asia-enhanced_c201607211230.bitmask,vbd_landsea_r20220824.mask,timezone.shp,VBD_platforms-recurring_2015_r20170330.shp,999999,VBD_bridges_c20160811.shp,10.404151;8.502419;6.138182;1.273068;3.487974;5.509554,96.985527;110.863861;124.483452;123.301933;109.736603;96.013321,npp_d20251028_t1806113_e1807355_b72560;npp_d20251028_t1807367_e1809009_b72560;npp_d20251028_t1809021_e1810263_b72560;npp_d20251028_t1810275_e1811517_b72560,164.43,110.088,66.5162,97.4757,112.995,-113.791
37,VBD_npp_d20251028_t1811016_x0981862E_y082405N_l0309_s0229_v23,2025-10-28 20:29:00,8.240513,98.186249,5.29294,2025-10-28 18:11:01,2025-10-29 01:11:01,309,229,0.223238,8,18721,0.204254,0.1375,0.574154,0.4,0.72698,0.75,5.41346e-15,0.0001,9.97021e-07,999999,999999,3,Thailand Exclusive Economic Zone,,,SVDNB_npp_d20251028_t1810275_e1811517_b72560_c20251028193205056000_oebc_ops.h5,GDNBO_npp_d20251028_t1810275_e1811517_b72560_c20251028192939737000_oebc_ops.h5,SVI04_npp_d20251028_t1810275_e1811517_b72560_c20251028193214149000_oebc_ops.dspace_rad,,eez_v11.shp,WPP_BFAR_merge.shp,vbd_mpa_r20170830.shp,VNF-VBD_npp_20120301-20151231_global_asia-enhanced_c201607211230.bitmask,vbd_landsea_r20220824.mask,timezone.shp,VBD_platforms-recurring_2015_r20170330.shp,0.839907,VBD_bridges_c20160811.shp,10.404151;8.502419;6.138182;1.273068;3.487974;5.509554,96.985527;110.863861;124.483452;123.301933;109.736603;96.013321,npp_d20251028_t1806113_e1807355_b72560;npp_d20251028_t1807367_e1809009_b72560;npp_d20251028_t1809021_e1810263_b72560;npp_d20251028_t1810275_e1811517_b72560,164.399,110.543,66.5132,97.3682,112.928,-113.839
38,VBD_npp_d20251028_t1811051_x0981362E_y079582N_l0352_s0229_v23,2025-10-28 20:29:00,7.958209,98.136177,5.90727,2025-10-28 18:11:05,2025-10-29 01:11:05,352,229,0.152463,2,2337,0.181834,0.1375,0.757677,0.4,0.613089,0.75,6.40399e-15,0.0001,3.81947e-07,999999,999999,3,Thailand Exclusive Economic Zone,,,SVDNB_npp_d20251028_t1810275_e1811517_b72560_c20251028193205056000_oebc_ops.h5,GDNBO_npp_d20251028_t1810275_e1811517_b72560_c20251028192939737000_oebc_ops.h5,SVI04_npp_d20251028_t1810275_e1811517_b72560_c20251028193214149000_oebc_ops.dspace_rad,,eez_v11.shp,WPP_BFAR_merge.shp,vbd_mpa_r20170830.shp,VNF-VBD_npp_20120301-20151231_global_asia-enhanced_c201607211230.bitmask,vbd_landsea_r20220824.mask,timezone.shp,VBD_platforms-recurring_2015_r20170330.shp,999999,VBD_bridges_c20160811.shp,10.404151;8.502419;6.138182;1.273068;3.487974;5.509554,96.985527;110.863861;124.483452;123.301933;109.736603;96.013321,npp_d20251028_t1806113_e1807355_b72560;npp_d20251028_t1807367_e1809009_b72560;npp_d20251028_t1809021_e1810263_b72560;npp_d20251028_t1810275_e1811517_b72560,164.331,111.524,66.5106,97.0528,112.782,-113.942
40,VBD_npp_d20251028_t1811069_x0981344E_y079384N_l0356_s0230_v23,2025-10-28 20:29:00,7.938381,98.134422,19.5126,2025-10-28 18:11:06,2025-10-29 01:11:06,356,230,0.239172,2,2337,0.532876,0.1375,0.731086,0.4,0.664905,0.75,6.46195e-15,0.0001,3.45712e-07,999999,999999,3,Thailand Exclusive Economic Zone,,,SVDNB_npp_d20251028_t1810275_e1811517_b72560_c20251028193205056000_oebc_ops.h5,GDNBO_npp_d20251028_t1810275_e1811517_b72560_c20251028192939737000_oebc_ops.h5,SVI04_npp_d20251028_t1810275_e1811517_b72560_c20251028193214149000_oebc_ops.dspace_rad,,eez_v11.shp,WPP_BFAR_merge.shp,vbd_mpa_r20170830.shp,VNF-VBD_npp_20120301-20151231_global_asia-enhanced_c201607211230.bitmask,vbd_landsea_r20220824.mask,timezone.shp,VBD_platforms-recurring_2015_r20170330.shp,999999,VBD_bridges_c20160811.shp,10.404151;8.502419;6.138182;1.273068;3.487974;5.509554,96.985527;110.863861;124.483452;123.301933;109.736603;96.013321,npp_d20251028_t1806113_e1807355_b72560;npp_d20251028_t1807367_e1809009_b72560;npp_d20251028_t1809021_e1810263_b72560;npp_d20251028_t1810275_e1811517_b72560,164.318,111.584,66.4899,97.4625,112.779,-113.95
44,VBD_npp_d20251028_t1811034_x0981922E_y080631N_l0335_s0234_v23,2025-10-28 20:29:00,8.063128,98.192177,25.1458,2025-10-28 18:11:03,2025-10-29 01:11:03,335,234,0.217335,1,2401,0.676462,0.1375,0.849768,0.4,0.911996,0.75,5.85418e-15,0.0001,3.78497e-07,999999,999999,3,Thailand Exclusive Economic Zone,,,SVDNB_npp_d20251028_t1810275_e1811517_b72560_c20251028193205056000_oebc_ops.h5,GDNBO_npp_d20251028_t1810275_e1811517_b72560_c20251028192939737000_oebc_ops.h5,SVI04_npp_d20251028_t1810275_e1811517_b72560_c20251028193214149000_oebc_ops.dspace_rad,,eez_v11.shp,WPP_BFAR_merge.shp,vbd_mpa_r20170830.shp,VNF-VBD_npp_20120301-20151231_global_asia-enhanced_c201607211230.bitmask,vbd_landsea_r20220824.mask,timezone.shp,VBD_platforms-recurring_2015_r20170330.shp,999999,VBD_bridges_c20160811.shp,10.404151;8.502419;6.138182;1.273068;3.487974;5.509554,96.985527;110.863861;124.483452;123.301933;109.736603;96.013321,npp_d20251028_t1806113_e1807355_b72560;npp_d20251028_t1807367_e1809009_b72560;npp_d20251028_t1809021_e1810263_b72560;npp_d20251028_t1810275_e1811517_b72560,164.324,111.12,66.4236,97.0677,112.869,-113.905
45,VBD_npp_d20251028_t1811051_x0981842E_y080446N_l0339_s0234_v23,2025-10-28 20:29:00,8.044578,98.184204,19.7127,2025-10-28 18:11:05,2025-10-29 01:11:05,339,234,0.239456,1,2401,0.561471,0.1375,0.858101,0.4,0.812245,0.75,5.94391e-15,0.0001,3.64146e-07,999999,999999,3,Thailand Exclusive Economic Zone,,,SVDNB_npp_d20251028_t1810275_e1811517_b72560_c20251028193205056000_oebc_ops.h5,GDNBO_npp_d20251028_t1810275_e1811517_b72560_c20251028192939737000_oebc_ops.h5,SVI04_npp_d20251028_t1810275_e1811517_b72560_c20251028193214149000_oebc_ops.dspace_rad,,eez_v11.shp,WPP_BFAR_merge.shp,vbd_mpa_r20170830.shp,VNF-VBD_npp_20120301-20151231_global_asia-enhanced_c201607211230.bitmask,vbd_landsea_r20220824.mask,timezone.shp,VBD_platforms-recurring_2015_r20170330.shp,999999,VBD_bridges_c20160811.shp,10.404151;8.502419;6.138182;1.273068;3.487974;5.509554,96.985527;110.863861;124.483452;123.301933;109.736603;96.013321,npp_d20251028_t1806113_e1807355_b72560;npp_d20251028_t1807367_e1809009_b72560;npp_d20251028_t1809021_e1810263_b72560;npp_d20251028_t1810275_e1811517_b72560,164.318,111.183,66.4189,97.4799,112.86,-113.911
46,VBD_npp_d20251028_t1811051_x0981932E_y080576N_l0337_s0235_v23,2025-10-28 20:29:00,8.057620,98.193169,5.92871,2025-10-28 18:11:05,2025-10-29 01:11:05,337,235,0.21577,7,2337,0.147189,0.1375,0.856743,0.4,0.560434,0.75,5.86716e-15,0.0001,3.56381e-07,999999,999999,3,,,,SVDNB_npp_d20251028_t1810275_e1811517_b72560_c20251028193205056000_oebc_ops.h5,GDNBO_npp_d20251028_t1810275_e1811517_b72560_c20251028192939737000_oebc_ops.h5,SVI04_npp_d20251028_t1810275_e1811517_b72560_c20251028193214149000_oebc_ops.dspace_rad,,eez_v11.shp,WPP_BFAR_merge.shp,vbd_mpa_r20170830.shp,VNF-VBD_npp_20120301-20151231_global_asia-enhanced_c201607211230.bitmask,vbd_landsea_r20220824.mask,timezone.shp,VBD_platforms-recurring_2015_r20170330.shp,999999,VBD_bridges_c20160811.shp,10.404151;8.502419;6.138182;1.273068;3.487974;5.509554,96.985527;110.863861;124.483452;123.301933;109.736603;96.013321,npp_d20251028_t1806113_e1807355_b72560;npp_d20251028_t1807367_e1809009_b72560;npp_d20251028_t1809021_e1810263_b72560;npp_d20251028_t1810275_e1811517_b72560,164.314,111.129,66.4009,97.5459,112.874,-113.907
48,VBD_npp_d20251028_t1811051_x0982036E_y080278N_l0341_s0237_v23,2025-10-28 20:29:00,8.027841,98.203575,35.9684,2025-10-28 18:11:05,2025-10-29 01:11:05,341,237,0.244293,1,2401,0.754815,0.1375,0.870298,0.4,0.858184,0.75,5.89167e-15,0.0001,2.8701e-07,999999,999999,3,Thailand Exclusive Economic Zone,,,SVDNB_npp_d20251028_t1810275_e1811517_b72560_c20251028193205056000_oebc_ops.h5,GDNBO_npp_d20251028_t1810275_e1811517_b72560_c20251028192939737000_oebc_ops.h5,SVI04_npp_d20251028_t1810275_e1811517_b72560_c20251028193214149000_oebc_ops.dspace_rad,,eez_v11.shp,WPP_BFAR_merge.shp,vbd_mpa_r20170830.shp,VNF-VBD_npp_20120301-20151231_global_asia-enhanced_c201607211230.bitmask,vbd_landsea_r20220824.mask,timezone.shp,VBD_platforms-recurring_2015_r20170330.shp,999999,VBD_bridges_c20160811.shp,10.404151;8.502419;6.138182;1.273068;3.487974;5.509554,96.985527;110.863861;124.483452;123.301933;109.736603;96.013321,npp_d20251028_t1806113_e1807355_b72560;npp_d20251028_t1807367_e1809009_b72560;npp_d20251028_t1809021_e1810263_b72560;npp_d20251028_t1810275_e1811517_b72560,164.294,111.216,66.3652,97.4179,112.871,-113.918
50,VBD_npp_d20251028_t1811051_x0982125E_y080409N_l0339_s0238_v23,2025-10-28 20:29:00,8.040873,98.212517,12.2268,2025-10-28 18:11:05,2025-10-29 01:11:05,339,238,0.239456,7,2337,0.301778,0.1375,0.870298,0.4,0.645601,0.75,5.81541e-15,0.0001,2.81225e-07,999999,999999,3,,,,SVDNB_npp_d20251028_t1810275_e1811517_b72560_c20251028193205056000_oebc_ops.h5,GDNBO_npp_d20251028_t1810275_e1811517_b72560_c20251028192939737000_oebc_ops.h5,SVI04_npp_d20251028_t1810275_e1811517_b72560_c20251028193214149000_oebc_ops.dspace_rad,,eez_v11.shp,WPP_BFAR_merge.shp,vbd_mpa_r20170830.shp,VNF-VBD_npp_20120301-20151231_global_asia-enhanced_c201607211230.bitmask,vbd_landsea_r20220824.mask,timezone.shp,VBD_platforms-recurring_2015_r20170330.shp,999999,VBD_bridges_c20160811.shp,10.404151;8.502419;6.138182;1.273068;3.487974;5.509554,96.985527;110.863861;124.483452;123.301933;109.736603;96.013321,npp_d20251028_t1806113_e1807355_b72560;npp_d20251028_t1807367_e1809009_b72560;npp_d20251028_t1809021_e1810263_b72560;npp_d20251028_t1810275_e1811517_b72560,164.29,111.163,66.3472,97.4839,112.884,-113.913
51,VBD_npp_d20251028_t1811051_x0982200E_y079902N_l0346_s0240_v23,2025-10-28 20:29:00,7.990243,98.220024,35.7066,2025-10-28 18:11:05,2025-10-29 01:11:05,346,240,0.263499,1,2401,0.68131,0.1375,0.825501,0.4,0.88441,0.75,5.90311e-15,0.0001,2.15936e-07,999999,999999,3,Thailand Exclusive Economic Zone,,,SVDNB_npp_d20251028_t1810275_e1811517_b72560_c20251028193205056000_oebc_ops.h5,GDNBO_npp_d20251028_t1810275_e1811517_b72560_c20251028192939737000_oebc_ops.h5,SVI04_npp_d20251028_t1810275_e1811517_b72560_c20251028193214149000_oebc_ops.dspace_rad,,eez_v11.shp,WPP_BFAR_merge.shp,vbd_mpa_r20170830.shp,VNF-VBD_npp_20120301-20151231_global_asia-enhanced_c201607211230.bitmask,vbd_landsea_r20220824.mask,timezone.shp,VBD_platforms-recurring_2015_r20170330.shp,999999,VBD_bridges_c20160811.shp,10.404151;8.502419;6.138182;1.273068;3.487974;5.509554,96.985527;110.863861;124.483452;123.301933;109.736603;96.013321,npp_d20251028_t1806113_e1807355_b72560;npp_d20251028_t1807367_e1809009_b72560;npp_d20251028_t1809021_e1810263_b72560;npp_d20251028_t1810275_e1811517_b72560,164.265,111.322,66.312,97.2583,112.871,-113.932
53,VBD_npp_d20251028_t1811069_x0982265E_y079263N_l0356_s0243_v23,2025-10-28 20:29:00,7.926339,98.226517,95.8543,2025-10-28 18:11:06,2025-10-29 01:11:06,356,243,0.27367,8,18785,1.09236,0.1375,0.817948,0.4,0.930662,0.75,6.01763e-15,0.0001,1.58986e-07,999999,999999,3,Thailand Exclusive Economic Zone,,,SVDNB_npp_d20251028_t1810275_e1811517_b72560_c20251028193205056000_oebc_ops.h5,GDNBO_npp_d20251028_t1810275_e1811517_b72560_c20251028192939737000_oebc_ops.h5,SVI04_npp_d20251028_t1810275_e1811517_b72560_c20251028193214149000_oebc_ops.dspace_rad,,eez_v11.shp,WPP_BFAR_merge.shp,vbd_mpa_r20170830.shp,VNF-VBD_npp_20120301-20151231_global_asia-enhanced_c201607211230.bitmask,vbd_landsea_r20220824.mask,timezone.shp,VBD_platforms-recurring_2015_r20170330.shp,0.83069,VBD_bridges_c20160811.shp,10.404151;8.502419;6.138182;1.273068;3.487974;5.509554,96.985527;110.863861;124.483452;123.301933;109.736603;96.013321,npp_d20251028_t1806113_e1807355_b72560;npp_d20251028_t1807367_e1809009_b72560;npp_d20251028_t1809021_e1810263_b72560;npp_d20251028_t1810275_e1811517_b72560,164.229,111.517,66.2566,97.4754,112.857,-113.956
54,VBD_npp_d20251028_t1811087_x0982083E_y078025N_l0375_s0244_v23,2025-10-28 20:29:00,7.802503,98.208328,6.16848,2025-10-28 18:11:08,2025-10-29 01:11:08,375,244,0.0754283,2,2337,0.175916,0.1375,0.642118,0.4,0.542587,0.75,6.38668e-15,0.0001,1.15347e-07,999999,999999,3,Thailand Exclusive Economic Zone,,,SVDNB_npp_d20251028_t1810275_e1811517_b72560_c20251028193205056000_oebc_ops.h5,GDNBO_npp_d20251028_t1810275_e1811517_b72560_c20251028192939737000_oebc_ops.h5,SVI04_npp_d20251028_t1810275_e1811517_b72560_c20251028193214149000_oebc_ops.dspace_rad,,eez_v11.shp,WPP_BFAR_merge.shp,vbd_mpa_r20170830.shp,VNF-VBD_npp_20120301-20151231_global_asia-enhanced_c201607211230.bitmask,vbd_landsea_r20220824.mask,timezone.shp,VBD_platforms-recurring_2015_r20170330.shp,999999,VBD_bridges_c20160811.shp,10.404151;8.502419;6.138182;1.273068;3.487974;5.509554,96.985527;110.863861;124.483452;123.301933;109.736603;96.013321,npp_d20251028_t1806113_e1807355_b72560;npp_d20251028_t1807367_e1809009_b72560;npp_d20251028_t1809021_e1810263_b72560;npp_d20251028_t1810275_e1811517_b72560,164.193,111.937,66.2432,97.4005,112.797,-114.002
55,VBD_npp_d20251028_t1811016_x0982959E_y081980N_l0313_s0245_v23,2025-10-28 20:29:00,8.198040,98.295944,9.66139,2025-10-28 18:11:01,2025-10-29 01:11:01,313,245,0.253327,1,2401,0.388943,0.1375,0.734396,0.4,0.826576,0.75,5.0419e-15,0.0001,2.80613e-07,999999,999999,1,,,,SVDNB_npp_d20251028_t1810275_e1811517_b72560_c20251028193205056000_oebc_ops.h5,GDNBO_npp_d20251028_t1810275_e1811517_b72560_c20251028192939737000_oebc_ops.h5,SVI04_npp_d20251028_t1810275_e1811517_b72560_c20251028193214149000_oebc_ops.dspace_rad,,eez_v11.shp,WPP_BFAR_merge.shp,vbd_mpa_r20170830.shp,VNF-VBD_npp_20120301-20151231_global_asia-enhanced_c201607211230.bitmask,vbd_landsea_r20220824.mask,timezone.shp,VBD_platforms-recurring_2015_r20170330.shp,999999,VBD_bridges_c20160811.shp,10.404151;8.502419;6.138182;1.273068;3.487974;5.509554,96.985527;110.863861;124.483452;123.301933;109.736603;96.013321,npp_d20251028_t1806113_e1807355_b72560;npp_d20251028_t1807367_e1809009_b72560;npp_d20251028_t1809021_e1810263_b72560;npp_d20251028_t1810275_e1811517_b72560,164.283,110.565,66.2265,97.2543,113.01,-113.857
56,VBD_npp_d20251028_t1811087_x0982242E_y078146N_l0373_s0246_v23,2025-10-28 20:29:00,7.814583,98.224228,9.63185,2025-10-28 18:11:08,2025-10-29 01:11:08,373,246,0.0726542,7,2337,0.312502,0.1375,0.727291,0.4,0.556254,0.75,6.27177e-15,0.0001,1.08074e-07,999999,999999,3,,,,SVDNB_npp_d20251028_t1810275_e1811517_b72560_c20251028193205056000_oebc_ops.h5,GDNBO_npp_d20251028_t1810275_e1811517_b72560_c20251028192939737000_oebc_ops.h5,SVI04_npp_d20251028_t1810275_e1811517_b72560_c20251028193214149000_oebc_ops.dspace_rad,,eez_v11.shp,WPP_BFAR_merge.shp,vbd_mpa_r20170830.shp,VNF-VBD_npp_20120301-20151231_global_asia-enhanced_c201607211230.bitmask,vbd_landsea_r20220824.mask,timezone.shp,VBD_platforms-recurring_2015_r20170330.shp,999999,VBD_bridges_c20160811.shp,10.404151;8.502419;6.138182;1.273068;3.487974;5.509554,96.985527;110.863861;124.483452;123.301933;109.736603;96.013321,npp_d20251028_t1806113_e1807355_b72560;npp_d20251028_t1807367_e1809009_b72560;npp_d20251028_t1809021_e1810263_b72560;npp_d20251028_t1810275_e1811517_b72560,164.183,111.878,66.2073,97.4675,112.816,-113.998
57,VBD_npp_d20251028_t1811069_x0982502E_y078384N_l0368_s0248_v23,2025-10-28 20:29:00,7.838422,98.250160,21.7,2025-10-28 18:11:06,2025-10-29 01:11:06,368,248,0.0931399,1,2401,0.605221,0.1375,0.723571,0.4,0.906048,0.75,6.09561e-15,0.0001,9.97197e-08,999999,999999,3,Thailand Exclusive Economic Zone,,,SVDNB_npp_d20251028_t1810275_e1811517_b72560_c20251028193205056000_oebc_ops.h5,GDNBO_npp_d20251028_t1810275_e1811517_b72560_c20251028192939737000_oebc_ops.h5,SVI04_npp_d20251028_t1810275_e1811517_b72560_c20251028193214149000_oebc_ops.dspace_rad,,eez_v11.shp,WPP_BFAR_merge.shp,vbd_mpa_r20170830.shp,VNF-VBD_npp_20120301-20151231_global_asia-enhanced_c201607211230.bitmask,vbd_landsea_r20220824.mask,timezone.shp,VBD_platforms-recurring_2015_r20170330.shp,999999,VBD_bridges_c20160811.shp,10.404151;8.502419;6.138182;1.273068;3.487974;5.509554,96.985527;110.863861;124.483452;123.301933;109.736603;96.013321,npp_d20251028_t1806113_e1807355_b72560;npp_d20251028_t1807367_e1809009_b72560;npp_d20251028_t1809021_e1810263_b72560;npp_d20251028_t1810275_e1811517_b72560,164.175,111.779,66.1689,97.0895,112.843,-113.989
58,VBD_npp_d20251028_t1811069_x0982759E_y079199N_l0356_s0250_v23,2025-10-28 20:29:00,7.919868,98.275932,8.76294,2025-10-28 18:11:06,2025-10-29 01:11:06,356,250,0.281068,2,2337,0.232473,0.1375,0.733109,0.4,0.445613,0.75,5.77838e-15,0.0001,1.10534e-07,999999,999999,1,Thailand Exclusive Economic Zone,,,SVDNB_npp_d20251028_t1810275_e1811517_b72560_c20251028193205056000_oebc_ops.h5,GDNBO_npp_d20251028_t1810275_e1811517_b72560_c20251028192939737000_oebc_ops.h5,SVI04_npp_d20251028_t1810275_e1811517_b72560_c20251028193214149000_oebc_ops.dspace_rad,,eez_v11.shp,WPP_BFAR_merge.shp,vbd_mpa_r20170830.shp,VNF-VBD_npp_20120301-20151231_global_asia-enhanced_c201607211230.bitmask,vbd_landsea_r20220824.mask,timezone.shp,VBD_platforms-recurring_2015_r20170330.shp,999999,VBD_bridges_c20160811.shp,10.404151;8.502419;6.138182;1.273068;3.487974;5.509554,96.985527;110.863861;124.483452;123.301933;109.736603;96.013321,npp_d20251028_t1806113_e1807355_b72560;npp_d20251028_t1807367_e1809009_b72560;npp_d20251028_t1809021_e1810263_b72560;npp_d20251028_t1810275_e1811517_b72560,164.181,111.482,66.1315,97.4822,112.899,-113.96
59,VBD_npp_d20251028_t1811087_x0982559E_y078387N_l0369_s0250_v23,2025-10-28 20:29:00,7.838683,98.255936,15.3496,2025-10-28 18:11:08,2025-10-29 01:11:08,369,250,0.119245,1,2401,0.429772,0.1375,0.723571,0.4,0.771703,0.75,6.04485e-15,0.0001,9.52487e-08,999999,999999,3,Thailand Exclusive Economic Zone,,,SVDNB_npp_d20251028_t1810275_e1811517_b72560_c20251028193205056000_oebc_ops.h5,GDNBO_npp_d20251028_t1810275_e1811517_b72560_c20251028192939737000_oebc_ops.h5,SVI04_npp_d20251028_t1810275_e1811517_b72560_c20251028193214149000_oebc_ops.dspace_rad,,eez_v11.shp,WPP_BFAR_merge.shp,vbd_mpa_r20170830.shp,VNF-VBD_npp_20120301-20151231_global_asia-enhanced_c201607211230.bitmask,vbd_landsea_r20220824.mask,timezone.shp,VBD_platforms-recurring_2015_r20170330.shp,999999,VBD_bridges_c20160811.shp,10.404151;8.502419;6.138182;1.273068;3.487974;5.509554,96.985527;110.863861;124.483452;123.301933;109.736603;96.013321,npp_d20251028_t1806113_e1807355_b72560;npp_d20251028_t1807367_e1809009_b72560;npp_d20251028_t1809021_e1810263_b72560;npp_d20251028_t1810275_e1811517_b72560,164.163,111.763,66.1357,97.6016,112.855,-113.99
60,VBD_npp_d20251028_t1811051_x0984108E_y079378N_l0350_s0268_v23,2025-10-28 20:29:00,7.937789,98.410751,7.0747,2025-10-28 18:11:05,2025-10-29 01:11:05,350,268,0.299135,2,2337,0.153655,0.1375,0.545353,0.4,0.532425,0.75,5.05324e-15,0.0001,5.12282e-08,999999,999999,1,Thailand Exclusive Economic Zone,,,SVDNB_npp_d20251028_t1810275_e1811517_b72560_c20251028193205056000_oebc_ops.h5,GDNBO_npp_d20251028_t1810275_e1811517_b72560_c20251028192939737000_oebc_ops.h5,SVI04_npp_d20251028_t1810275_e1811517_b72560_c20251028193214149000_oebc_ops.dspace_rad,,eez_v11.shp,WPP_BFAR_merge.shp,vbd_mpa_r20170830.shp,VNF-VBD_npp_20120301-20151231_global_asia-enhanced_c201607211230.bitmask,vbd_landsea_r20220824.mask,timezone.shp,VBD_platforms-recurring_2015_r20170330.shp,999999,VBD_bridges_c20160811.shp,10.404151;8.502419;6.138182;1.273068;3.487974;5.509554,96.985527;110.863861;124.483452;123.301933;109.736603;96.013321,npp_d20251028_t1806113_e1807355_b72560;npp_d20251028_t1807367_e1809009_b72560;npp_d20251028_t1809021_e1810263_b72560;npp_d20251028_t1810275_e1811517_b72560,164.07,111.279,65.8141,97.1541,113.021,-113.957
61,VBD_npp_d20251028_t1811176_x0983121E_y072827N_l0452_s0274_v23,2025-10-28 20:29:00,7.282672,98.312119,15.3088,2025-10-28 18:11:17,2025-10-29 01:11:17,452,274,0.336266,1,2401,0.675856,0.1375,0.834342,0.4,0.820265,0.75,7.21026e-15,0.0001,1.61976e-08,999999,999999,3,Thailand Exclusive Economic Zone,,,SVDNB_npp_d20251028_t1810275_e1811517_b72560_c20251028193205056000_oebc_ops.h5,GDNBO_npp_d20251028_t1810275_e1811517_b72560_c20251028192939737000_oebc_ops.h5,SVI04_npp_d20251028_t1810275_e1811517_b72560_c20251028193214149000_oebc_ops.dspace_rad,,eez_v11.shp,WPP_BFAR_merge.shp,vbd_mpa_r20170830.shp,VNF-VBD_npp_20120301-20151231_global_asia-enhanced_c201607211230.bitmask,vbd_landsea_r20220824.mask,timezone.shp,VBD_platforms-recurring_2015_r20170330.shp,999999,VBD_bridges_c20160811.shp,10.404151;8.502419;6.138182;1.273068;3.487974;5.509554,96.985527;110.863861;124.483452;123.301933;109.736603;96.013321,npp_d20251028_t1806113_e1807355_b72560;npp_d20251028_t1807367_e1809009_b72560;npp_d20251028_t1809021_e1810263_b72560;npp_d20251028_t1810275_e1811517_b72560,163.864,113.443,65.7139,97.6249,112.712,-114.196
62,VBD_npp_d20251028_t1811016_x0985369E_y081672N_l0313_s0280_v23,2025-10-28 20:29:00,8.167225,98.536896,9.2166,2025-10-28 18:11:01,2025-10-29 01:11:01,313,280,0.302976,1,2401,0.450604,0.1375,0.773307,0.4,0.865473,0.75,4.02757e-15,0.0001,4.85047e-08,999999,999999,3,Thailand Exclusive Economic Zone,,,SVDNB_npp_d20251028_t1810275_e1811517_b72560_c20251028193205056000_oebc_ops.h5,GDNBO_npp_d20251028_t1810275_e1811517_b72560_c20251028192939737000_oebc_ops.h5,SVI04_npp_d20251028_t1810275_e1811517_b72560_c20251028193214149000_oebc_ops.dspace_rad,,eez_v11.shp,WPP_BFAR_merge.shp,vbd_mpa_r20170830.shp,VNF-VBD_npp_20120301-20151231_global_asia-enhanced_c201607211230.bitmask,vbd_landsea_r20220824.mask,timezone.shp,VBD_platforms-recurring_2015_r20170330.shp,999999,VBD_bridges_c20160811.shp,10.404151;8.502419;6.138182;1.273068;3.487974;5.509554,96.985527;110.863861;124.483452;123.301933;109.736603;96.013321,npp_d20251028_t1806113_e1807355_b72560;npp_d20251028_t1807367_e1809009_b72560;npp_d20251028_t1809021_e1810263_b72560;npp_d20251028_t1810275_e1811517_b72560,164.049,110.407,65.6057,97.2882,113.214,-113.873
63,VBD_npp_d20251028_t1811051_x0985687E_y079802N_l0341_s0290_v23,2025-10-28 20:29:00,7.980219,98.568695,4.28844,2025-10-28 18:11:05,2025-10-29 01:11:05,341,290,0.294583,2,2337,0.183355,0.1375,0.488337,0.4,0.663878,0.75,4.1763e-15,0.0001,2.51293e-08,999999,999999,1,Thailand Exclusive Economic Zone,,,SVDNB_npp_d20251028_t1810275_e1811517_b72560_c20251028193205056000_oebc_ops.h5,GDNBO_npp_d20251028_t1810275_e1811517_b72560_c20251028192939737000_oebc_ops.h5,SVI04_npp_d20251028_t1810275_e1811517_b72560_c20251028193214149000_oebc_ops.dspace_rad,,eez_v11.shp,WPP_BFAR_merge.shp,vbd_mpa_r20170830.shp,VNF-VBD_npp_20120301-20151231_global_asia-enhanced_c201607211230.bitmask,vbd_landsea_r20220824.mask,timezone.shp,VBD_platforms-recurring_2015_r20170330.shp,999999,VBD_bridges_c20160811.shp,10.404151;8.502419;6.138182;1.273068;3.487974;5.509554,96.985527;110.863861;124.483452;123.301933;109.736603;96.013321,npp_d20251028_t1806113_e1807355_b72560;npp_d20251028_t1807367_e1809009_b72560;npp_d20251028_t1809021_e1810263_b72560;npp_d20251028_t1810275_e1811517_b72560,163.94,110.966,65.4235,97.469,113.18,-113.945
64,VBD_npp_d20251028_t1811051_x0986536E_y079691N_l0341_s0302_v23,2025-10-28 20:29:00,7.969096,98.653595,9.59968,2025-10-28 18:11:05,2025-10-29 01:11:05,341,302,0.278721,1,2401,0.357678,0.1375,0.876644,0.4,0.773578,0.75,3.84108e-15,0.0001,1.6513e-08,999999,999999,3,Thailand Exclusive Economic Zone,,,SVDNB_npp_d20251028_t1810275_e1811517_b72560_c20251028193205056000_oebc_ops.h5,GDNBO_npp_d20251028_t1810275_e1811517_b72560_c20251028192939737000_oebc_ops.h5,SVI04_npp_d20251028_t1810275_e1811517_b72560_c20251028193214149000_oebc_ops.dspace_rad,,eez_v11.shp,WPP_BFAR_merge.shp,vbd_mpa_r20170830.shp,VNF-VBD_npp_20120301-20151231_global_asia-enhanced_c201607211230.bitmask,vbd_landsea_r20220824.mask,timezone.shp,VBD_platforms-recurring_2015_r20170330.shp,999999,VBD_bridges_c20160811.shp,10.404151;8.502419;6.138182;1.273068;3.487974;5.509554,96.985527;110.863861;124.483452;123.301933;109.736603;96.013321,npp_d20251028_t1806113_e1807355_b72560;npp_d20251028_t1807367_e1809009_b72560;npp_d20251028_t1809021_e1810263_b72560;npp_d20251028_t1810275_e1811517_b72560,163.857,110.91,65.1987,97.4809,113.252,-113.951
65,VBD_npp_d20251028_t1811051_x0986695E_y079808N_l0339_s0304_v23,2025-10-28 20:29:00,7.980813,98.669502,35.9027,2025-10-28 18:11:05,2025-10-29 01:11:05,339,304,0.32524,1,2401,0.92466,0.1375,0.890438,0.4,0.964529,0.75,3.77705e-15,0.0001,1.58155e-08,999999,999999,3,Thailand Exclusive Economic Zone,,,SVDNB_npp_d20251028_t1810275_e1811517_b72560_c20251028193205056000_oebc_ops.h5,GDNBO_npp_d20251028_t1810275_e1811517_b72560_c20251028192939737000_oebc_ops.h5,SVI04_npp_d20251028_t1810275_e1811517_b72560_c20251028193214149000_oebc_ops.dspace_rad,,eez_v11.shp,WPP_BFAR_merge.shp,vbd_mpa_r20170830.shp,VNF-VBD_npp_20120301-20151231_global_asia-enhanced_c201607211230.bitmask,vbd_landsea_r20220824.mask,timezone.shp,VBD_platforms-recurring_2015_r20170330.shp,999999,VBD_bridges_c20160811.shp,10.404151;8.502419;6.138182;1.273068;3.487974;5.509554,96.985527;110.863861;124.483452;123.301933;109.736603;96.013321,npp_d20251028_t1806113_e1807355_b72560;npp_d20251028_t1807367_e1809009_b72560;npp_d20251028_t1809021_e1810263_b72560;npp_d20251028_t1810275_e1811517_b72560,163.846,110.855,65.1612,97.5486,113.271,-113.947
66,VBD_npp_d20251028_t1811034_x0987089E_y080188N_l0332_s0308_v23,2025-10-28 20:29:00,8.018761,98.708939,17.0127,2025-10-28 18:11:03,2025-10-29 01:11:03,332,308,0.291169,1,2401,0.633979,0.1375,0.843197,0.4,0.899926,0.75,3.60855e-15,0.0001,1.43818e-08,999999,999999,3,Thailand Exclusive Economic Zone,,,SVDNB_npp_d20251028_t1810275_e1811517_b72560_c20251028193205056000_oebc_ops.h5,GDNBO_npp_d20251028_t1810275_e1811517_b72560_c20251028192939737000_oebc_ops.h5,SVI04_npp_d20251028_t1810275_e1811517_b72560_c20251028193214149000_oebc_ops.dspace_rad,,eez_v11.shp,WPP_BFAR_merge.shp,vbd_mpa_r20170830.shp,VNF-VBD_npp_20120301-20151231_global_asia-enhanced_c201607211230.bitmask,vbd_landsea_r20220824.mask,timezone.shp,VBD_platforms-recurring_2015_r20170330.shp,999999,VBD_bridges_c20160811.shp,10.404151;8.502419;6.138182;1.273068;3.487974;5.509554,96.985527;110.863861;124.483452;123.301933;109.736603;96.013321,npp_d20251028_t1806113_e1807355_b72560;npp_d20251028_t1807367_e1809009_b72560;npp_d20251028_t1809021_e1810263_b72560;npp_d20251028_t1810275_e1811517_b72560,163.83,110.698,65.0905,97.2353,113.315,-113.934
67,VBD_npp_d20251028_t1811051_x0986929E_y079433N_l0344_s0308_v23,2025-10-28 20:29:00,7.943269,98.692940,41.6267,2025-10-28 18:11:05,2025-10-29 01:11:05,344,308,0.330789,1,2401,0.96808,0.1375,0.863375,0.4,0.968222,0.75,3.77668e-15,0.0001,1.31562e-08,999999,999999,3,Thailand Exclusive Economic Zone,,,SVDNB_npp_d20251028_t1810275_e1811517_b72560_c20251028193205056000_oebc_ops.h5,GDNBO_npp_d20251028_t1810275_e1811517_b72560_c20251028192939737000_oebc_ops.h5,SVI04_npp_d20251028_t1810275_e1811517_b72560_c20251028193214149000_oebc_ops.dspace_rad,,eez_v11.shp,WPP_BFAR_merge.shp,vbd_mpa_r20170830.shp,VNF-VBD_npp_20120301-20151231_global_asia-enhanced_c201607211230.bitmask,vbd_landsea_r20220824.mask,timezone.shp,VBD_platforms-recurring_2015_r20170330.shp,999999,VBD_bridges_c20160811.shp,10.404151;8.502419;6.138182;1.273068;3.487974;5.509554,96.985527;110.863861;124.483452;123.301933;109.736603;96.013321,npp_d20251028_t1806113_e1807355_b72560;npp_d20251028_t1807367_e1809009_b72560;npp_d20251028_t1809021_e1810263_b72560;npp_d20251028_t1810275_e1811517_b72560,163.811,110.95,65.0871,97.3881,113.277,-113.962
68,VBD_npp_d20251028_t1811105_x0986707E_y075744N_l0400_s0315_v23,2025-10-28 20:29:00,7.574398,98.670685,6.53052,2025-10-28 18:11:10,2025-10-29 01:11:10,400,315,0.205669,1,2401,0.267104,0.1375,0.619721,0.4,0.754067,0.75,4.50668e-15,0.0001,6.9846e-09,999999,999999,3,Thailand Exclusive Economic Zone,,,SVDNB_npp_d20251028_t1810275_e1811517_b72560_c20251028193205056000_oebc_ops.h5,GDNBO_npp_d20251028_t1810275_e1811517_b72560_c20251028192939737000_oebc_ops.h5,SVI04_npp_d20251028_t1810275_e1811517_b72560_c20251028193214149000_oebc_ops.dspace_rad,,eez_v11.shp,WPP_BFAR_merge.shp,vbd_mpa_r20170830.shp,VNF-VBD_npp_20120301-20151231_global_asia-enhanced_c201607211230.bitmask,vbd_landsea_r20220824.mask,timezone.shp,VBD_platforms-recurring_2015_r20170330.shp,999999,VBD_bridges_c20160811.shp,10.404151;8.502419;6.138182;1.273068;3.487974;5.509554,96.985527;110.863861;124.483452;123.301933;109.736603;96.013321,npp_d20251028_t1806113_e1807355_b72560;npp_d20251028_t1807367_e1809009_b72560;npp_d20251028_t1809021_e1810263_b72560;npp_d20251028_t1810275_e1811517_b72560,163.676,112.127,64.9604,97.1881,113.127,-114.1
69,VBD_npp_d20251028_t1811123_x0986715E_y075720N_l0401_s0316_v23,2025-10-28 20:29:00,7.571967,98.671516,7.62802,2025-10-28 18:11:12,2025-10-29 01:11:12,401,316,0.192297,1,2401,0.316326,0.1375,0.619721,0.4,0.814432,0.75,4.50446e-15,0.0001,7.02698e-09,999999,999999,3,Thailand Exclusive Economic Zone,,,SVDNB_npp_d20251028_t1810275_e1811517_b72560_c20251028193205056000_oebc_ops.h5,GDNBO_npp_d20251028_t1810275_e1811517_b72560_c20251028192939737000_oebc_ops.h5,SVI04_npp_d20251028_t1810275_e1811517_b72560_c20251028193214149000_oebc_ops.dspace_rad,,eez_v11.shp,WPP_BFAR_merge.shp,vbd_mpa_r20170830.shp,VNF-VBD_npp_20120301-20151231_global_asia-enhanced_c201607211230.bitmask,vbd_landsea_r20220824.mask,timezone.shp,VBD_platforms-recurring_2015_r20170330.shp,999999,VBD_bridges_c20160811.shp,10.404151;8.502419;6.138182;1.273068;3.487974;5.509554,96.985527;110.863861;124.483452;123.301933;109.736603;96.013321,npp_d20251028_t1806113_e1807355_b72560;npp_d20251028_t1807367_e1809009_b72560;npp_d20251028_t1809021_e1810263_b72560;npp_d20251028_t1810275_e1811517_b72560,163.668,112.126,64.9378,97.7034,113.133,-114.102
70,VBD_npp_d20251028_t1811051_x0988451E_y079236N_l0344_s0330_v23,2025-10-28 20:29:00,7.923629,98.845062,26.9044,2025-10-28 18:11:05,2025-10-29 01:11:05,344,330,0.316633,1,2401,0.881155,0.1375,0.883717,0.4,0.963005,0.75,3.38207e-15,0.0001,6.94703e-09,999999,999999,3,Thailand Exclusive Economic Zone,,,SVDNB_npp_d20251028_t1810275_e1811517_b72560_c20251028193205056000_oebc_ops.h5,GDNBO_npp_d20251028_t1810275_e1811517_b72560_c20251028192939737000_oebc_ops.h5,SVI04_npp_d20251028_t1810275_e1811517_b72560_c20251028193214149000_oebc_ops.dspace_rad,,eez_v11.shp,WPP_BFAR_merge.shp,vbd_mpa_r20170830.shp,VNF-VBD_npp_20120301-20151231_global_asia-enhanced_c201607211230.bitmask,vbd_landsea_r20220824.mask,timezone.shp,VBD_platforms-recurring_2015_r20170330.shp,999999,VBD_bridges_c20160811.shp,10.404151;8.502419;6.138182;1.273068;3.487974;5.509554,96.985527;110.863861;124.483452;123.301933;109.736603;96.013321,npp_d20251028_t1806113_e1807355_b72560;npp_d20251028_t1807367_e1809009_b72560;npp_d20251028_t1809021_e1810263_b72560;npp_d20251028_t1810275_e1811517_b72560,163.664,110.85,64.6789,97.4097,113.406,-113.974
71,VBD_npp_d20251028_t1811069_x0988197E_y077854N_l0365_s0330_v23,2025-10-28 20:29:00,7.785441,98.819672,17.6707,2025-10-28 18:11:06,2025-10-29 01:11:06,365,330,0.313361,8,18785,0.696695,0.1375,0.906792,0.4,0.949185,0.75,3.64562e-15,0.0001,5.93957e-09,999999,999999,3,Thailand Exclusive Economic Zone,,,SVDNB_npp_d20251028_t1810275_e1811517_b72560_c20251028193205056000_oebc_ops.h5,GDNBO_npp_d20251028_t1810275_e1811517_b72560_c20251028192939737000_oebc_ops.h5,SVI04_npp_d20251028_t1810275_e1811517_b72560_c20251028193214149000_oebc_ops.dspace_rad,,eez_v11.shp,WPP_BFAR_merge.shp,vbd_mpa_r20170830.shp,VNF-VBD_npp_20120301-20151231_global_asia-enhanced_c201607211230.bitmask,vbd_landsea_r20220824.mask,timezone.shp,VBD_platforms-recurring_2015_r20170330.shp,0.262226,VBD_bridges_c20160811.shp,10.404151;8.502419;6.138182;1.273068;3.487974;5.509554,96.985527;110.863861;124.483452;123.301933;109.736603;96.013321,npp_d20251028_t1806113_e1807355_b72560;npp_d20251028_t1807367_e1809009_b72560;npp_d20251028_t1809021_e1810263_b72560;npp_d20251028_t1810275_e1811517_b72560,163.631,111.309,64.6787,97.255,113.334,-114.026
72,VBD_npp_d20251028_t1811069_x0988304E_y078126N_l0361_s0331_v23,2025-10-28 20:29:00,7.812581,98.830368,13.4971,2025-10-28 18:11:06,2025-10-29 01:11:06,361,331,0.314357,1,2401,0.567274,0.1375,0.913844,0.4,0.900541,0.75,3.57635e-15,0.0001,6.01586e-09,999999,999999,3,Thailand Exclusive Economic Zone,,,SVDNB_npp_d20251028_t1810275_e1811517_b72560_c20251028193205056000_oebc_ops.h5,GDNBO_npp_d20251028_t1810275_e1811517_b72560_c20251028192939737000_oebc_ops.h5,SVI04_npp_d20251028_t1810275_e1811517_b72560_c20251028193214149000_oebc_ops.dspace_rad,,eez_v11.shp,WPP_BFAR_merge.shp,vbd_mpa_r20170830.shp,VNF-VBD_npp_20120301-20151231_global_asia-enhanced_c201607211230.bitmask,vbd_landsea_r20220824.mask,timezone.shp,VBD_platforms-recurring_2015_r20170330.shp,999999,VBD_bridges_c20160811.shp,10.404151;8.502419;6.138182;1.273068;3.487974;5.509554,96.985527;110.863861;124.483452;123.301933;109.736603;96.013321,npp_d20251028_t1806113_e1807355_b72560;npp_d20251028_t1807367_e1809009_b72560;npp_d20251028_t1809021_e1810263_b72560;npp_d20251028_t1810275_e1811517_b72560,163.631,111.211,64.6596,97.394,113.354,-114.016
73,VBD_npp_d20251028_t1811069_x0988381E_y078187N_l0360_s0332_v23,2025-10-28 20:29:00,7.818694,98.838142,16.0497,2025-10-28 18:11:06,2025-10-29 01:11:06,360,332,0.28306,1,2401,0.52649,0.1375,0.913844,0.4,0.869746,0.75,3.54487e-15,0.0001,5.91961e-09,999999,999999,3,Thailand Exclusive Economic Zone,,,SVDNB_npp_d20251028_t1810275_e1811517_b72560_c20251028193205056000_oebc_ops.h5,GDNBO_npp_d20251028_t1810275_e1811517_b72560_c20251028192939737000_oebc_ops.h5,SVI04_npp_d20251028_t1810275_e1811517_b72560_c20251028193214149000_oebc_ops.dspace_rad,,eez_v11.shp,WPP_BFAR_merge.shp,vbd_mpa_r20170830.shp,VNF-VBD_npp_20120301-20151231_global_asia-enhanced_c201607211230.bitmask,vbd_landsea_r20220824.mask,timezone.shp,VBD_platforms-recurring_2015_r20170330.shp,999999,VBD_bridges_c20160811.shp,10.404151;8.502419;6.138182;1.273068;3.487974;5.509554,96.985527;110.863861;124.483452;123.301933;109.736603;96.013321,npp_d20251028_t1806113_e1807355_b72560;npp_d20251028_t1807367_e1809009_b72560;npp_d20251028_t1809021_e1810263_b72560;npp_d20251028_t1810275_e1811517_b72560,163.626,111.183,64.641,97.4294,113.364,-114.014
74,VBD_npp_d20251028_t1811069_x0988343E_y077907N_l0364_s0332_v23,2025-10-28 20:29:00,7.790689,98.834290,53.9725,2025-10-28 18:11:06,2025-10-29 01:11:06,364,332,0.34409,1,2401,1.06812,0.1375,0.919515,0.4,0.9608,0.75,3.59454e-15,0.0001,5.6958e-09,999999,999999,3,Thailand Exclusive Economic Zone,,,SVDNB_npp_d20251028_t1810275_e1811517_b72560_c20251028193205056000_oebc_ops.h5,GDNBO_npp_d20251028_t1810275_e1811517_b72560_c20251028192939737000_oebc_ops.h5,SVI04_npp_d20251028_t1810275_e1811517_b72560_c20251028193214149000_oebc_ops.dspace_rad,,eez_v11.shp,WPP_BFAR_merge.shp,vbd_mpa_r20170830.shp,VNF-VBD_npp_20120301-20151231_global_asia-enhanced_c201607211230.bitmask,vbd_landsea_r20220824.mask,timezone.shp,VBD_platforms-recurring_2015_r20170330.shp,999999,VBD_bridges_c20160811.shp,10.404151;8.502419;6.138182;1.273068;3.487974;5.509554,96.985527;110.863861;124.483452;123.301933;109.736603;96.013321,npp_d20251028_t1806113_e1807355_b72560;npp_d20251028_t1807367_e1809009_b72560;npp_d20251028_t1809021_e1810263_b72560;npp_d20251028_t1810275_e1811517_b72560,163.619,111.276,64.6416,97.2913,113.349,-114.024
75,VBD_npp_d20251028_t1811069_x0988508E_y078099N_l0361_s0334_v23,2025-10-28 20:29:00,7.809919,98.850792,51.6225,2025-10-28 18:11:06,2025-10-29 01:11:06,361,334,0.347149,1,2401,0.962247,0.1375,0.913844,0.4,0.935708,0.75,3.51915e-15,0.0001,5.57018e-09,999999,999999,3,Thailand Exclusive Economic Zone,,,SVDNB_npp_d20251028_t1810275_e1811517_b72560_c20251028193205056000_oebc_ops.h5,GDNBO_npp_d20251028_t1810275_e1811517_b72560_c20251028192939737000_oebc_ops.h5,SVI04_npp_d20251028_t1810275_e1811517_b72560_c20251028193214149000_oebc_ops.dspace_rad,,eez_v11.shp,WPP_BFAR_merge.shp,vbd_mpa_r20170830.shp,VNF-VBD_npp_20120301-20151231_global_asia-enhanced_c201607211230.bitmask,vbd_landsea_r20220824.mask,timezone.shp,VBD_platforms-recurring_2015_r20170330.shp,999999,VBD_bridges_c20160811.shp,10.404151;8.502419;6.138182;1.273068;3.487974;5.509554,96.985527;110.863861;124.483452;123.301933;109.736603;96.013321,npp_d20251028_t1806113_e1807355_b72560;npp_d20251028_t1807367_e1809009_b72560;npp_d20251028_t1809021_e1810263_b72560;npp_d20251028_t1810275_e1811517_b72560,163.611,111.198,64.6042,97.3967,113.371,-114.017
76,VBD_npp_d20251028_t1811069_x0988634E_y078012N_l0362_s0336_v23,2025-10-28 20:29:00,7.801161,98.863396,19.852,2025-10-28 18:11:06,2025-10-29 01:11:06,362,336,0.351843,1,2401,0.579426,0.1375,0.909838,0.4,0.883993,0.75,3.49317e-15,0.0001,5.24607e-09,999999,999999,3,Thailand Exclusive Economic Zone,,,SVDNB_npp_d20251028_t1810275_e1811517_b72560_c20251028193205056000_oebc_ops.h5,GDNBO_npp_d20251028_t1810275_e1811517_b72560_c20251028192939737000_oebc_ops.h5,SVI04_npp_d20251028_t1810275_e1811517_b72560_c20251028193214149000_oebc_ops.dspace_rad,,eez_v11.shp,WPP_BFAR_merge.shp,vbd_mpa_r20170830.shp,VNF-VBD_npp_20120301-20151231_global_asia-enhanced_c201607211230.bitmask,vbd_landsea_r20220824.mask,timezone.shp,VBD_platforms-recurring_2015_r20170330.shp,999999,VBD_bridges_c20160811.shp,10.404151;8.502419;6.138182;1.273068;3.487974;5.509554,96.985527;110.863861;124.483452;123.301933;109.736603;96.013321,npp_d20251028_t1806113_e1807355_b72560;npp_d20251028_t1807367_e1809009_b72560;npp_d20251028_t1809021_e1810263_b72560;npp_d20251028_t1810275_e1811517_b72560,163.596,111.212,64.5675,97.364,113.379,-114.021
77,VBD_npp_d20251028_t1811069_x0988653E_y077654N_l0367_s0337_v23,2025-10-28 20:29:00,7.765354,98.865326,15.6331,2025-10-28 18:11:06,2025-10-29 01:11:06,367,337,0.349283,1,2401,0.644923,0.1375,0.918108,0.4,0.906497,0.75,3.53447e-15,0.0001,4.884e-09,999999,999999,3,Thailand Exclusive Economic Zone,,,SVDNB_npp_d20251028_t1810275_e1811517_b72560_c20251028193205056000_oebc_ops.h5,GDNBO_npp_d20251028_t1810275_e1811517_b72560_c20251028192939737000_oebc_ops.h5,SVI04_npp_d20251028_t1810275_e1811517_b72560_c20251028193214149000_oebc_ops.dspace_rad,,eez_v11.shp,WPP_BFAR_merge.shp,vbd_mpa_r20170830.shp,VNF-VBD_npp_20120301-20151231_global_asia-enhanced_c201607211230.bitmask,vbd_landsea_r20220824.mask,timezone.shp,VBD_platforms-recurring_2015_r20170330.shp,999999,VBD_bridges_c20160811.shp,10.404151;8.502419;6.138182;1.273068;3.487974;5.509554,96.985527;110.863861;124.483452;123.301933;109.736603;96.013321,npp_d20251028_t1806113_e1807355_b72560;npp_d20251028_t1807367_e1809009_b72560;npp_d20251028_t1809021_e1810263_b72560;npp_d20251028_t1810275_e1811517_b72560,163.581,111.323,64.5501,97.1921,113.367,-114.035
78,VBD_npp_d20251028_t1811069_x0988760E_y077924N_l0363_s0338_v23,2025-10-28 20:29:00,7.792421,98.875961,18.0374,2025-10-28 18:11:06,2025-10-29 01:11:06,363,338,0.350776,1,2401,0.620403,0.1375,0.917734,0.4,0.898845,0.75,3.46693e-15,0.0001,4.94525e-09,999999,999999,3,Thailand Exclusive Economic Zone,,,SVDNB_npp_d20251028_t1810275_e1811517_b72560_c20251028193205056000_oebc_ops.h5,GDNBO_npp_d20251028_t1810275_e1811517_b72560_c20251028192939737000_oebc_ops.h5,SVI04_npp_d20251028_t1810275_e1811517_b72560_c20251028193214149000_oebc_ops.dspace_rad,,eez_v11.shp,WPP_BFAR_merge.shp,vbd_mpa_r20170830.shp,VNF-VBD_npp_20120301-20151231_global_asia-enhanced_c201607211230.bitmask,vbd_landsea_r20220824.mask,timezone.shp,VBD_platforms-recurring_2015_r20170330.shp,999999,VBD_bridges_c20160811.shp,10.404151;8.502419;6.138182;1.273068;3.487974;5.509554,96.985527;110.863861;124.483452;123.301933;109.736603;96.013321,npp_d20251028_t1806113_e1807355_b72560;npp_d20251028_t1807367_e1809009_b72560;npp_d20251028_t1809021_e1810263_b72560;npp_d20251028_t1810275_e1811517_b72560,163.581,111.226,64.5309,97.3312,113.387,-114.025
79,VBD_npp_d20251028_t1811087_x0988632E_y077600N_l0369_s0338_v23,2025-10-28 20:29:00,7.759960,98.863159,12.5133,2025-10-28 18:11:08,2025-10-29 01:11:08,369,338,0.29942,1,2401,0.565704,0.1375,0.918108,0.4,0.922759,0.75,3.53904e-15,0.0001,4.9519e-09,999999,999999,3,Thailand Exclusive Economic Zone,,,SVDNB_npp_d20251028_t1810275_e1811517_b72560_c20251028193205056000_oebc_ops.h5,GDNBO_npp_d20251028_t1810275_e1811517_b72560_c20251028192939737000_oebc_ops.h5,SVI04_npp_d20251028_t1810275_e1811517_b72560_c20251028193214149000_oebc_ops.dspace_rad,,eez_v11.shp,WPP_BFAR_merge.shp,vbd_mpa_r20170830.shp,VNF-VBD_npp_20120301-20151231_global_asia-enhanced_c201607211230.bitmask,vbd_landsea_r20220824.mask,timezone.shp,VBD_platforms-recurring_2015_r20170330.shp,999999,VBD_bridges_c20160811.shp,10.404151;8.502419;6.138182;1.273068;3.487974;5.509554,96.985527;110.863861;124.483452;123.301933;109.736603;96.013321,npp_d20251028_t1806113_e1807355_b72560;npp_d20251028_t1807367_e1809009_b72560;npp_d20251028_t1809021_e1810263_b72560;npp_d20251028_t1810275_e1811517_b72560,163.574,111.334,64.5341,97.6975,113.369,-114.037
80,VBD_npp_d20251028_t1811087_x0988584E_y077250N_l0374_s0338_v23,2025-10-28 20:29:00,7.725036,98.858391,47.1022,2025-10-28 18:11:08,2025-10-29 01:11:08,374,338,0.348287,1,2401,1.10182,0.1375,0.917682,0.4,0.985245,0.75,3.59913e-15,0.0001,4.72376e-09,999999,999999,3,Thailand Exclusive Economic Zone,,,SVDNB_npp_d20251028_t1810275_e1811517_b72560_c20251028193205056000_oebc_ops.h5,GDNBO_npp_d20251028_t1810275_e1811517_b72560_c20251028192939737000_oebc_ops.h5,SVI04_npp_d20251028_t1810275_e1811517_b72560_c20251028193214149000_oebc_ops.dspace_rad,,eez_v11.shp,WPP_BFAR_merge.shp,vbd_mpa_r20170830.shp,VNF-VBD_npp_20120301-20151231_global_asia-enhanced_c201607211230.bitmask,vbd_landsea_r20220824.mask,timezone.shp,VBD_platforms-recurring_2015_r20170330.shp,999999,VBD_bridges_c20160811.shp,10.404151;8.502419;6.138182;1.273068;3.487974;5.509554,96.985527;110.863861;124.483452;123.301933;109.736603;96.013321,npp_d20251028_t1806113_e1807355_b72560;npp_d20251028_t1807367_e1809009_b72560;npp_d20251028_t1809021_e1810263_b72560;npp_d20251028_t1810275_e1811517_b72560,163.566,111.45,64.5343,97.5247,113.35,-114.05
81,VBD_npp_d20251028_t1811123_x0988407E_y074876N_l0410_s0342_v23,2025-10-28 20:29:00,7.487574,98.840668,13.5272,2025-10-28 18:11:12,2025-10-29 01:11:12,410,342,0.20069,8,18785,0.597574,0.1375,0.829035,0.4,0.936219,0.75,4.08273e-15,0.0001,3.42558e-09,999999,999999,3,Thailand Exclusive Economic Zone,,,SVDNB_npp_d20251028_t1810275_e1811517_b72560_c20251028193205056000_oebc_ops.h5,GDNBO_npp_d20251028_t1810275_e1811517_b72560_c20251028192939737000_oebc_ops.h5,SVI04_npp_d20251028_t1810275_e1811517_b72560_c20251028193214149000_oebc_ops.dspace_rad,,eez_v11.shp,WPP_BFAR_merge.shp,vbd_mpa_r20170830.shp,VNF-VBD_npp_20120301-20151231_global_asia-enhanced_c201607211230.bitmask,vbd_landsea_r20220824.mask,timezone.shp,VBD_platforms-recurring_2015_r20170330.shp,0.34932,VBD_bridges_c20160811.shp,10.404151;8.502419;6.138182;1.273068;3.487974;5.509554,96.985527;110.863861;124.483452;123.301933;109.736603;96.013321,npp_d20251028_t1806113_e1807355_b72560;npp_d20251028_t1807367_e1809009_b72560;npp_d20251028_t1809021_e1810263_b72560;npp_d20251028_t1810275_e1811517_b72560,163.48,112.198,64.4581,97.4275,113.251,-114.139
82,VBD_npp_d20251028_t1811211_x0987857E_y069878N_l0487_s0349_v23,2025-10-28 20:29:00,6.987845,98.785706,21.3789,2025-10-28 18:11:21,2025-10-29 01:11:21,487,349,0.322039,1,2401,0.763784,0.1375,0.886631,0.4,0.94956,0.75,5.15902e-15,0.0001,1.98823e-09,999999,999999,3,Thailand Exclusive Economic Zone,,,SVDNB_npp_d20251028_t1810275_e1811517_b72560_c20251028193205056000_oebc_ops.h5,GDNBO_npp_d20251028_t1810275_e1811517_b72560_c20251028192939737000_oebc_ops.h5,SVI04_npp_d20251028_t1810275_e1811517_b72560_c20251028193214149000_oebc_ops.dspace_rad,,eez_v11.shp,WPP_BFAR_merge.shp,vbd_mpa_r20170830.shp,VNF-VBD_npp_20120301-20151231_global_asia-enhanced_c201607211230.bitmask,vbd_landsea_r20220824.mask,timezone.shp,VBD_platforms-recurring_2015_r20170330.shp,999999,VBD_bridges_c20160811.shp,10.404151;8.502419;6.138182;1.273068;3.487974;5.509554,96.985527;110.863861;124.483452;123.301933;109.736603;96.013321,npp_d20251028_t1806113_e1807355_b72560;npp_d20251028_t1807367_e1809009_b72560;npp_d20251028_t1809021_e1810263_b72560;npp_d20251028_t1810275_e1811517_b72560,163.302,113.762,64.327,97.6324,113.03,-114.325
83,VBD_npp_d20251028_t1811229_x0988047E_y068517N_l0507_s0355_v23,2025-10-28 20:29:00,6.851740,98.804703,65.7825,2025-10-28 18:11:22,2025-10-29 01:11:22,507,355,0.234762,1,2401,1.18222,0.1375,0.911432,0.4,0.977263,0.75,5.15108e-15,0.0001,1.57556e-09,999999,999999,3,Thailand Exclusive Economic Zone,,,SVDNB_npp_d20251028_t1810275_e1811517_b72560_c20251028193205056000_oebc_ops.h5,GDNBO_npp_d20251028_t1810275_e1811517_b72560_c20251028192939737000_oebc_ops.h5,SVI04_npp_d20251028_t1810275_e1811517_b72560_c20251028193214149000_oebc_ops.dspace_rad,,eez_v11.shp,WPP_BFAR_merge.shp,vbd_mpa_r20170830.shp,VNF-VBD_npp_20120301-20151231_global_asia-enhanced_c201607211230.bitmask,vbd_landsea_r20220824.mask,timezone.shp,VBD_platforms-recurring_2015_r20170330.shp,999999,VBD_bridges_c20160811.shp,10.404151;8.502419;6.138182;1.273068;3.487974;5.509554,96.985527;110.863861;124.483452;123.301933;109.736603;96.013321,npp_d20251028_t1806113_e1807355_b72560;npp_d20251028_t1807367_e1809009_b72560;npp_d20251028_t1809021_e1810263_b72560;npp_d20251028_t1810275_e1811517_b72560,163.222,114.143,64.2061,97.5201,112.998,-114.377
84,VBD_npp_d20251028_t1811211_x0988343E_y069743N_l0488_s0356_v23,2025-10-28 20:29:00,6.974253,98.834282,10.8824,2025-10-28 18:11:21,2025-10-29 01:11:21,488,356,0.320901,1,2401,0.505535,0.1375,0.919398,0.4,0.868821,0.75,4.95494e-15,0.0001,1.70968e-09,999999,999999,3,Thailand Exclusive Economic Zone,,,SVDNB_npp_d20251028_t1810275_e1811517_b72560_c20251028193205056000_oebc_ops.h5,GDNBO_npp_d20251028_t1810275_e1811517_b72560_c20251028192939737000_oebc_ops.h5,SVI04_npp_d20251028_t1810275_e1811517_b72560_c20251028193214149000_oebc_ops.dspace_rad,,eez_v11.shp,WPP_BFAR_merge.shp,vbd_mpa_r20170830.shp,VNF-VBD_npp_20120301-20151231_global_asia-enhanced_c201607211230.bitmask,vbd_landsea_r20220824.mask,timezone.shp,VBD_platforms-recurring_2015_r20170330.shp,999999,VBD_bridges_c20160811.shp,10.404151;8.502419;6.138182;1.273068;3.487974;5.509554,96.985527;110.863861;124.483452;123.301933;109.736603;96.013321,npp_d20251028_t1806113_e1807355_b72560;npp_d20251028_t1807367_e1809009_b72560;npp_d20251028_t1809021_e1810263_b72560;npp_d20251028_t1810275_e1811517_b72560,163.252,113.744,64.1906,97.6037,113.068,-114.332
85,VBD_npp_d20251028_t1811211_x0988365E_y069387N_l0493_s0357_v23,2025-10-28 20:29:00,6.938691,98.836464,24.6914,2025-10-28 18:11:21,2025-10-29 01:11:21,493,357,0.319834,1,2401,0.761269,0.1375,0.921657,0.4,0.954208,0.75,4.96757e-15,0.0001,1.61305e-09,999999,999999,3,Thailand Exclusive Economic Zone,,,SVDNB_npp_d20251028_t1810275_e1811517_b72560_c20251028193205056000_oebc_ops.h5,GDNBO_npp_d20251028_t1810275_e1811517_b72560_c20251028192939737000_oebc_ops.h5,SVI04_npp_d20251028_t1810275_e1811517_b72560_c20251028193214149000_oebc_ops.dspace_rad,,eez_v11.shp,WPP_BFAR_merge.shp,vbd_mpa_r20170830.shp,VNF-VBD_npp_20120301-20151231_global_asia-enhanced_c201607211230.bitmask,vbd_landsea_r20220824.mask,timezone.shp,VBD_platforms-recurring_2015_r20170330.shp,999999,VBD_bridges_c20160811.shp,10.404151;8.502419;6.138182;1.273068;3.487974;5.509554,96.985527;110.863861;124.483452;123.301933;109.736603;96.013321,npp_d20251028_t1806113_e1807355_b72560;npp_d20251028_t1807367_e1809009_b72560;npp_d20251028_t1809021_e1810263_b72560;npp_d20251028_t1810275_e1811517_b72560,163.236,113.85,64.1719,97.4312,113.055,-114.346
86,VBD_npp_d20251028_t1811158_x0989091E_y072674N_l0442_s0358_v23,2025-10-28 20:29:00,7.267430,98.909149,7.70528,2025-10-28 18:11:15,2025-10-29 01:11:15,442,358,0.135747,1,2401,0.348701,0.1375,0.792291,0.4,0.773634,0.75,4.21824e-15,0.0001,2.0413e-09,999999,999999,3,Thailand Exclusive Economic Zone,,,SVDNB_npp_d20251028_t1810275_e1811517_b72560_c20251028193205056000_oebc_ops.h5,GDNBO_npp_d20251028_t1810275_e1811517_b72560_c20251028192939737000_oebc_ops.h5,SVI04_npp_d20251028_t1810275_e1811517_b72560_c20251028193214149000_oebc_ops.dspace_rad,,eez_v11.shp,WPP_BFAR_merge.shp,vbd_mpa_r20170830.shp,VNF-VBD_npp_20120301-20151231_global_asia-enhanced_c201607211230.bitmask,vbd_landsea_r20220824.mask,timezone.shp,VBD_platforms-recurring_2015_r20170330.shp,999999,VBD_bridges_c20160811.shp,10.404151;8.502419;6.138182;1.273068;3.487974;5.509554,96.985527;110.863861;124.483452;123.301933;109.736603;96.013321,npp_d20251028_t1806113_e1807355_b72560;npp_d20251028_t1807367_e1809009_b72560;npp_d20251028_t1809021_e1810263_b72560;npp_d20251028_t1810275_e1811517_b72560,163.32,112.785,64.1542,97.4801,113.236,-114.225
87,VBD_npp_d20251028_t1811211_x0988406E_y069170N_l0496_s0358_v23,2025-10-28 20:29:00,6.917001,98.840591,26.2065,2025-10-28 18:11:21,2025-10-29 01:11:21,496,358,0.310801,1,2401,0.838607,0.1375,0.912962,0.4,0.959659,0.75,4.96255e-15,0.0001,1.54621e-09,999999,999999,3,Thailand Exclusive Economic Zone,,,SVDNB_npp_d20251028_t1810275_e1811517_b72560_c20251028193205056000_oebc_ops.h5,GDNBO_npp_d20251028_t1810275_e1811517_b72560_c20251028192939737000_oebc_ops.h5,SVI04_npp_d20251028_t1810275_e1811517_b72560_c20251028193214149000_oebc_ops.dspace_rad,,eez_v11.shp,WPP_BFAR_merge.shp,vbd_mpa_r20170830.shp,VNF-VBD_npp_20120301-20151231_global_asia-enhanced_c201607211230.bitmask,vbd_landsea_r20220824.mask,timezone.shp,VBD_platforms-recurring_2015_r20170330.shp,999999,VBD_bridges_c20160811.shp,10.404151;8.502419;6.138182;1.273068;3.487974;5.509554,96.985527;110.863861;124.483452;123.301933;109.736603;96.013321,npp_d20251028_t1806113_e1807355_b72560;npp_d20251028_t1807367_e1809009_b72560;npp_d20251028_t1809021_e1810263_b72560;npp_d20251028_t1810275_e1811517_b72560,163.223,113.911,64.1531,97.328,113.05,-114.354
88,VBD_npp_d20251028_t1811283_x0987680E_y065959N_l0547_s0358_v23,2025-10-28 20:29:00,6.595941,98.767960,4.50989,2025-10-28 18:11:28,2025-10-29 01:11:28,547,358,0.168966,2,2337,0.17185,0.1375,0.632077,0.4,0.640383,0.75,5.39929e-15,0.0001,1.27938e-09,999999,999999,3,Thailand Exclusive Economic Zone,,,SVDNB_npp_d20251028_t1810275_e1811517_b72560_c20251028193205056000_oebc_ops.h5,GDNBO_npp_d20251028_t1810275_e1811517_b72560_c20251028192939737000_oebc_ops.h5,SVI04_npp_d20251028_t1810275_e1811517_b72560_c20251028193214149000_oebc_ops.dspace_rad,,eez_v11.shp,WPP_BFAR_merge.shp,vbd_mpa_r20170830.shp,VNF-VBD_npp_20120301-20151231_global_asia-enhanced_c201607211230.bitmask,vbd_landsea_r20220824.mask,timezone.shp,VBD_platforms-recurring_2015_r20170330.shp,999999,VBD_bridges_c20160811.shp,10.404151;8.502419;6.138182;1.273068;3.487974;5.509554,96.985527;110.863861;124.483452;123.301933;109.736603;96.013321,npp_d20251028_t1806113_e1807355_b72560;npp_d20251028_t1807367_e1809009_b72560;npp_d20251028_t1809021_e1810263_b72560;npp_d20251028_t1810275_e1811517_b72560,163.129,114.931,64.1518,97.8567,112.879,-114.47
89,VBD_npp_d20251028_t1811211_x0988544E_y069645N_l0489_s0359_v23,2025-10-28 20:29:00,6.964501,98.854446,13.3551,2025-10-28 18:11:21,2025-10-29 01:11:21,489,359,0.320688,1,2401,0.559924,0.1375,0.927622,0.4,0.902925,0.75,4.87211e-15,0.0001,1.5982e-09,999999,999999,3,Thailand Exclusive Economic Zone,,,SVDNB_npp_d20251028_t1810275_e1811517_b72560_c20251028193205056000_oebc_ops.h5,GDNBO_npp_d20251028_t1810275_e1811517_b72560_c20251028192939737000_oebc_ops.h5,SVI04_npp_d20251028_t1810275_e1811517_b72560_c20251028193214149000_oebc_ops.dspace_rad,,eez_v11.shp,WPP_BFAR_merge.shp,vbd_mpa_r20170830.shp,VNF-VBD_npp_20120301-20151231_global_asia-enhanced_c201607211230.bitmask,vbd_landsea_r20220824.mask,timezone.shp,VBD_platforms-recurring_2015_r20170330.shp,999999,VBD_bridges_c20160811.shp,10.404151;8.502419;6.138182;1.273068;3.487974;5.509554,96.985527;110.863861;124.483452;123.301933;109.736603;96.013321,npp_d20251028_t1806113_e1807355_b72560;npp_d20251028_t1807367_e1809009_b72560;npp_d20251028_t1809021_e1810263_b72560;npp_d20251028_t1810275_e1811517_b72560,163.23,113.75,64.1323,97.5716,113.082,-114.337
90,VBD_npp_d20251028_t1811229_x0988426E_y069172N_l0497_s0359_v23,2025-10-28 20:29:00,6.917156,98.842560,28.4206,2025-10-28 18:11:22,2025-10-29 01:11:22,497,359,0.310801,1,2401,0.806286,0.1375,0.911868,0.4,0.938198,0.75,4.9402e-15,0.0001,1.5721e-09,999999,999999,3,Thailand Exclusive Economic Zone,,,SVDNB_npp_d20251028_t1810275_e1811517_b72560_c20251028193205056000_oebc_ops.h5,GDNBO_npp_d20251028_t1810275_e1811517_b72560_c20251028192939737000_oebc_ops.h5,SVI04_npp_d20251028_t1810275_e1811517_b72560_c20251028193214149000_oebc_ops.dspace_rad,,eez_v11.shp,WPP_BFAR_merge.shp,vbd_mpa_r20170830.shp,VNF-VBD_npp_20120301-20151231_global_asia-enhanced_c201607211230.bitmask,vbd_landsea_r20220824.mask,timezone.shp,VBD_platforms-recurring_2015_r20170330.shp,999999,VBD_bridges_c20160811.shp,10.404151;8.502419;6.138182;1.273068;3.487974;5.509554,96.985527;110.863861;124.483452;123.301933;109.736603;96.013321,npp_d20251028_t1806113_e1807355_b72560;npp_d20251028_t1807367_e1809009_b72560;npp_d20251028_t1809021_e1810263_b72560;npp_d20251028_t1810275_e1811517_b72560,163.215,113.899,64.1274,97.8702,113.059,-114.354
91,VBD_npp_d20251028_t1811211_x0988596E_y069497N_l0491_s0360_v23,2025-10-28 20:29:00,6.949730,98.859558,41.465,2025-10-28 18:11:21,2025-10-29 01:11:21,491,360,0.315567,8,18785,1.00717,0.1375,0.922443,0.4,0.969848,0.75,4.85853e-15,0.0001,1.54348e-09,999999,999999,3,Thailand Exclusive Economic Zone,,,SVDNB_npp_d20251028_t1810275_e1811517_b72560_c20251028193205056000_oebc_ops.h5,GDNBO_npp_d20251028_t1810275_e1811517_b72560_c20251028192939737000_oebc_ops.h5,SVI04_npp_d20251028_t1810275_e1811517_b72560_c20251028193214149000_oebc_ops.dspace_rad,,eez_v11.shp,WPP_BFAR_merge.shp,vbd_mpa_r20170830.shp,VNF-VBD_npp_20120301-20151231_global_asia-enhanced_c201607211230.bitmask,vbd_landsea_r20220824.mask,timezone.shp,VBD_platforms-recurring_2015_r20170330.shp,0.138455,VBD_bridges_c20160811.shp,10.404151;8.502419;6.138182;1.273068;3.487974;5.509554,96.985527;110.863861;124.483452;123.301933;109.736603;96.013321,npp_d20251028_t1806113_e1807355_b72560;npp_d20251028_t1807367_e1809009_b72560;npp_d20251028_t1809021_e1810263_b72560;npp_d20251028_t1810275_e1811517_b72560,163.219,113.788,64.1131,97.503,113.081,-114.342
92,VBD_npp_d20251028_t1811229_x0988379E_y068332N_l0509_s0360_v23,2025-10-28 20:29:00,6.833228,98.837936,27.1494,2025-10-28 18:11:22,2025-10-29 01:11:22,509,360,0.26108,1,2401,0.790414,0.1375,0.902201,0.4,0.935568,0.75,5.01078e-15,0.0001,1.40854e-09,999999,999999,3,Thailand Exclusive Economic Zone,,,SVDNB_npp_d20251028_t1810275_e1811517_b72560_c20251028193205056000_oebc_ops.h5,GDNBO_npp_d20251028_t1810275_e1811517_b72560_c20251028192939737000_oebc_ops.h5,SVI04_npp_d20251028_t1810275_e1811517_b72560_c20251028193214149000_oebc_ops.dspace_rad,,eez_v11.shp,WPP_BFAR_merge.shp,vbd_mpa_r20170830.shp,VNF-VBD_npp_20120301-20151231_global_asia-enhanced_c201607211230.bitmask,vbd_landsea_r20220824.mask,timezone.shp,VBD_platforms-recurring_2015_r20170330.shp,999999,VBD_bridges_c20160811.shp,10.404151;8.502419;6.138182;1.273068;3.487974;5.509554,96.985527;110.863861;124.483452;123.301933;109.736603;96.013321,npp_d20251028_t1806113_e1807355_b72560;npp_d20251028_t1807367_e1809009_b72560;npp_d20251028_t1809021_e1810263_b72560;npp_d20251028_t1810275_e1811517_b72560,163.185,114.158,64.1092,97.4548,113.02,-114.385
93,VBD_npp_d20251028_t1811211_x0988823E_y070100N_l0482_s0362_v23,2025-10-28 20:29:00,7.010044,98.882271,35.9275,2025-10-28 18:11:21,2025-10-29 01:11:21,482,362,0.298637,1,2401,0.898714,0.1375,0.922606,0.4,0.916865,0.75,4.72214e-15,0.0001,1.58935e-09,999999,999999,3,Thailand Exclusive Economic Zone,,,SVDNB_npp_d20251028_t1810275_e1811517_b72560_c20251028193205056000_oebc_ops.h5,GDNBO_npp_d20251028_t1810275_e1811517_b72560_c20251028192939737000_oebc_ops.h5,SVI04_npp_d20251028_t1810275_e1811517_b72560_c20251028193214149000_oebc_ops.dspace_rad,,eez_v11.shp,WPP_BFAR_merge.shp,vbd_mpa_r20170830.shp,VNF-VBD_npp_20120301-20151231_global_asia-enhanced_c201607211230.bitmask,vbd_landsea_r20220824.mask,timezone.shp,VBD_platforms-recurring_2015_r20170330.shp,999999,VBD_bridges_c20160811.shp,10.404151;8.502419;6.138182;1.273068;3.487974;5.509554,96.985527;110.863861;124.483452;123.301933;109.736603;96.013321,npp_d20251028_t1806113_e1807355_b72560;npp_d20251028_t1807367_e1809009_b72560;npp_d20251028_t1809021_e1810263_b72560;npp_d20251028_t1810275_e1811517_b72560,163.223,113.578,64.0733,97.817,113.126,-114.321
94,VBD_npp_d20251028_t1811229_x0988588E_y068797N_l0502_s0362_v23,2025-10-28 20:29:00,6.879721,98.858772,27.931,2025-10-28 18:11:22,2025-10-29 01:11:22,502,362,0.249344,1,2401,0.777383,0.1375,0.900934,0.4,0.908641,0.75,4.88921e-15,0.0001,1.4281e-09,999999,999999,3,Thailand Exclusive Economic Zone,,,SVDNB_npp_d20251028_t1810275_e1811517_b72560_c20251028193205056000_oebc_ops.h5,GDNBO_npp_d20251028_t1810275_e1811517_b72560_c20251028192939737000_oebc_ops.h5,SVI04_npp_d20251028_t1810275_e1811517_b72560_c20251028193214149000_oebc_ops.dspace_rad,,eez_v11.shp,WPP_BFAR_merge.shp,vbd_mpa_r20170830.shp,VNF-VBD_npp_20120301-20151231_global_asia-enhanced_c201607211230.bitmask,vbd_landsea_r20220824.mask,timezone.shp,VBD_platforms-recurring_2015_r20170330.shp,999999,VBD_bridges_c20160811.shp,10.404151;8.502419;6.138182;1.273068;3.487974;5.509554,96.985527;110.863861;124.483452;123.301933;109.736603;96.013321,npp_d20251028_t1806113_e1807355_b72560;npp_d20251028_t1807367_e1809009_b72560;npp_d20251028_t1809021_e1810263_b72560;npp_d20251028_t1810275_e1811517_b72560,163.185,113.992,64.0693,97.6993,113.058,-114.369
95,VBD_npp_d20251028_t1811229_x0988520E_y068314N_l0509_s0362_v23,2025-10-28 20:29:00,6.831373,98.851952,11.1442,2025-10-28 18:11:22,2025-10-29 01:11:22,509,362,0.201544,1,2401,0.451089,0.1375,0.902201,0.4,0.870326,0.75,4.94769e-15,0.0001,1.35583e-09,999999,999999,3,Thailand Exclusive Economic Zone,,,SVDNB_npp_d20251028_t1810275_e1811517_b72560_c20251028193205056000_oebc_ops.h5,GDNBO_npp_d20251028_t1810275_e1811517_b72560_c20251028192939737000_oebc_ops.h5,SVI04_npp_d20251028_t1810275_e1811517_b72560_c20251028193214149000_oebc_ops.dspace_rad,,eez_v11.shp,WPP_BFAR_merge.shp,vbd_mpa_r20170830.shp,VNF-VBD_npp_20120301-20151231_global_asia-enhanced_c201607211230.bitmask,vbd_landsea_r20220824.mask,timezone.shp,VBD_platforms-recurring_2015_r20170330.shp,999999,VBD_bridges_c20160811.shp,10.404151;8.502419;6.138182;1.273068;3.487974;5.509554,96.985527;110.863861;124.483452;123.301933;109.736603;96.013321,npp_d20251028_t1806113_e1807355_b72560;npp_d20251028_t1807367_e1809009_b72560;npp_d20251028_t1809021_e1810263_b72560;npp_d20251028_t1810275_e1811517_b72560,163.171,114.147,64.0703,97.4564,113.032,-114.386
96,VBD_npp_d20251028_t1811229_x0988500E_y068176N_l0511_s0362_v23,2025-10-28 20:29:00,6.817561,98.849998,20.0782,2025-10-28 18:11:22,2025-10-29 01:11:22,511,362,0.193435,1,2401,0.669389,0.1375,0.880846,0.4,0.901073,0.75,4.96439e-15,0.0001,1.33615e-09,999999,999999,3,Thailand Exclusive Economic Zone,,,SVDNB_npp_d20251028_t1810275_e1811517_b72560_c20251028193205056000_oebc_ops.h5,GDNBO_npp_d20251028_t1810275_e1811517_b72560_c20251028192939737000_oebc_ops.h5,SVI04_npp_d20251028_t1810275_e1811517_b72560_c20251028193214149000_oebc_ops.dspace_rad,,eez_v11.shp,WPP_BFAR_merge.shp,vbd_mpa_r20170830.shp,VNF-VBD_npp_20120301-20151231_global_asia-enhanced_c201607211230.bitmask,vbd_landsea_r20220824.mask,timezone.shp,VBD_platforms-recurring_2015_r20170330.shp,999999,VBD_bridges_c20160811.shp,10.404151;8.502419;6.138182;1.273068;3.487974;5.509554,96.985527;110.863861;124.483452;123.301933;109.736603;96.013321,npp_d20251028_t1806113_e1807355_b72560;npp_d20251028_t1807367_e1809009_b72560;npp_d20251028_t1809021_e1810263_b72560;npp_d20251028_t1810275_e1811517_b72560,163.167,114.191,64.0707,97.387,113.024,-114.391
97,VBD_npp_d20251028_t1811158_x0989452E_y072697N_l0441_s0363_v23,2025-10-28 20:29:00,7.269697,98.945221,11.8191,2025-10-28 18:11:15,2025-10-29 01:11:15,441,363,0.122588,1,2401,0.528309,0.1375,0.80473,0.4,0.90925,0.75,4.07167e-15,0.0001,1.85445e-09,999999,999999,3,Thailand Exclusive Economic Zone,,,SVDNB_npp_d20251028_t1810275_e1811517_b72560_c20251028193205056000_oebc_ops.h5,GDNBO_npp_d20251028_t1810275_e1811517_b72560_c20251028192939737000_oebc_ops.h5,SVI04_npp_d20251028_t1810275_e1811517_b72560_c20251028193214149000_oebc_ops.dspace_rad,,eez_v11.shp,WPP_BFAR_merge.shp,vbd_mpa_r20170830.shp,VNF-VBD_npp_20120301-20151231_global_asia-enhanced_c201607211230.bitmask,vbd_landsea_r20220824.mask,timezone.shp,VBD_platforms-recurring_2015_r20170330.shp,999999,VBD_bridges_c20160811.shp,10.404151;8.502419;6.138182;1.273068;3.487974;5.509554,96.985527;110.863861;124.483452;123.301933;109.736603;96.013321,npp_d20251028_t1806113_e1807355_b72560;npp_d20251028_t1807367_e1809009_b72560;npp_d20251028_t1809021_e1810263_b72560;npp_d20251028_t1810275_e1811517_b72560,163.288,112.737,64.0569,97.5191,113.269,-114.226
98,VBD_npp_d20251028_t1811158_x0989433E_y072559N_l0443_s0363_v23,2025-10-28 20:29:00,7.255885,98.943291,4.15828,2025-10-28 18:11:15,2025-10-29 01:11:15,443,363,0.101035,8,18721,0.202884,0.1375,0.790218,0.4,0.747864,0.75,4.10228e-15,0.0001,1.82578e-09,999999,999999,3,Thailand Exclusive Economic Zone,,,SVDNB_npp_d20251028_t1810275_e1811517_b72560_c20251028193205056000_oebc_ops.h5,GDNBO_npp_d20251028_t1810275_e1811517_b72560_c20251028192939737000_oebc_ops.h5,SVI04_npp_d20251028_t1810275_e1811517_b72560_c20251028193214149000_oebc_ops.dspace_rad,,eez_v11.shp,WPP_BFAR_merge.shp,vbd_mpa_r20170830.shp,VNF-VBD_npp_20120301-20151231_global_asia-enhanced_c201607211230.bitmask,vbd_landsea_r20220824.mask,timezone.shp,VBD_platforms-recurring_2015_r20170330.shp,0.261946,VBD_bridges_c20160811.shp,10.404151;8.502419;6.138182;1.273068;3.487974;5.509554,96.985527;110.863861;124.483452;123.301933;109.736603;96.013321,npp_d20251028_t1806113_e1807355_b72560;npp_d20251028_t1807367_e1809009_b72560;npp_d20251028_t1809021_e1810263_b72560;npp_d20251028_t1810275_e1811517_b72560,163.284,112.781,64.0572,97.4497,113.262,-114.231
99,VBD_npp_d20251028_t1811194_x0989011E_y070432N_l0476_s0363_v23,2025-10-28 20:29:00,7.043184,98.901138,18.0182,2025-10-28 18:11:19,2025-10-29 01:11:19,476,363,0.32332,1,2401,0.710679,0.1375,0.92447,0.4,0.951153,0.75,4.6072e-15,0.0001,1.55399e-09,999999,999999,3,Thailand Exclusive Economic Zone,,,SVDNB_npp_d20251028_t1810275_e1811517_b72560_c20251028193205056000_oebc_ops.h5,GDNBO_npp_d20251028_t1810275_e1811517_b72560_c20251028192939737000_oebc_ops.h5,SVI04_npp_d20251028_t1810275_e1811517_b72560_c20251028193214149000_oebc_ops.dspace_rad,,eez_v11.shp,WPP_BFAR_merge.shp,vbd_mpa_r20170830.shp,VNF-VBD_npp_20120301-20151231_global_asia-enhanced_c201607211230.bitmask,vbd_landsea_r20220824.mask,timezone.shp,VBD_platforms-recurring_2015_r20170330.shp,999999,VBD_bridges_c20160811.shp,10.404151;8.502419;6.138182;1.273068;3.487974;5.509554,96.985527;110.863861;124.483452;123.301933;109.736603;96.013321,npp_d20251028_t1806113_e1807355_b72560;npp_d20251028_t1807367_e1809009_b72560;npp_d20251028_t1809021_e1810263_b72560;npp_d20251028_t1810275_e1811517_b72560,163.226,113.463,64.0542,97.4535,113.15,-114.309
100,VBD_npp_d20251028_t1811176_x0989316E_y071726N_l0456_s0364_v23,2025-10-28 20:29:00,7.172617,98.931610,10.5601,2025-10-28 18:11:17,2025-10-29 01:11:17,456,364,0.138593,8,18785,0.522461,0.1375,0.894093,0.4,0.903599,0.75,4.27356e-15,0.0001,1.69871e-09,999999,999999,3,Thailand Exclusive Economic Zone,,,SVDNB_npp_d20251028_t1810275_e1811517_b72560_c20251028193205056000_oebc_ops.h5,GDNBO_npp_d20251028_t1810275_e1811517_b72560_c20251028192939737000_oebc_ops.h5,SVI04_npp_d20251028_t1810275_e1811517_b72560_c20251028193214149000_oebc_ops.dspace_rad,,eez_v11.shp,WPP_BFAR_merge.shp,vbd_mpa_r20170830.shp,VNF-VBD_npp_20120301-20151231_global_asia-enhanced_c201607211230.bitmask,vbd_landsea_r20220824.mask,timezone.shp,VBD_platforms-recurring_2015_r20170330.shp,0.752612,VBD_bridges_c20160811.shp,10.404151;8.502419;6.138182;1.273068;3.487974;5.509554,96.985527;110.863861;124.483452;123.301933;109.736603;96.013321,npp_d20251028_t1806113_e1807355_b72560;npp_d20251028_t1807367_e1809009_b72560;npp_d20251028_t1809021_e1810263_b72560;npp_d20251028_t1810275_e1811517_b72560,163.256,113.041,64.0384,97.5724,113.224,-114.262
101,VBD_npp_d20251028_t1811211_x0988924E_y069805N_l0486_s0364_v23,2025-10-28 20:29:00,6.980513,98.892441,19.769,2025-10-28 18:11:21,2025-10-29 01:11:21,486,364,0.321186,1,2401,0.716694,0.1375,0.931234,0.4,0.943003,0.75,4.69487e-15,0.0001,1.4826e-09,999999,999999,3,Thailand Exclusive Economic Zone,,,SVDNB_npp_d20251028_t1810275_e1811517_b72560_c20251028193205056000_oebc_ops.h5,GDNBO_npp_d20251028_t1810275_e1811517_b72560_c20251028192939737000_oebc_ops.h5,SVI04_npp_d20251028_t1810275_e1811517_b72560_c20251028193214149000_oebc_ops.dspace_rad,,eez_v11.shp,WPP_BFAR_merge.shp,vbd_mpa_r20170830.shp,VNF-VBD_npp_20120301-20151231_global_asia-enhanced_c201607211230.bitmask,vbd_landsea_r20220824.mask,timezone.shp,VBD_platforms-recurring_2015_r20170330.shp,999999,VBD_bridges_c20160811.shp,10.404151;8.502419;6.138182;1.273068;3.487974;5.509554,96.985527;110.863861;124.483452;123.301933;109.736603;96.013321,npp_d20251028_t1806113_e1807355_b72560;npp_d20251028_t1807367_e1809009_b72560;npp_d20251028_t1809021_e1810263_b72560;npp_d20251028_t1810275_e1811517_b72560,163.202,113.655,64.0347,97.6799,113.123,-114.333
102,VBD_npp_d20251028_t1811211_x0989045E_y069648N_l0488_s0366_v23,2025-10-28 20:29:00,6.964833,98.904488,41.5482,2025-10-28 18:11:21,2025-10-29 01:11:21,488,366,0.309236,1,2401,0.976009,0.1375,0.925817,0.4,0.954617,0.75,4.65047e-15,0.0001,1.40537e-09,999999,999999,3,Thailand Exclusive Economic Zone,,,SVDNB_npp_d20251028_t1810275_e1811517_b72560_c20251028193205056000_oebc_ops.h5,GDNBO_npp_d20251028_t1810275_e1811517_b72560_c20251028192939737000_oebc_ops.h5,SVI04_npp_d20251028_t1810275_e1811517_b72560_c20251028193214149000_oebc_ops.dspace_rad,,eez_v11.shp,WPP_BFAR_merge.shp,vbd_mpa_r20170830.shp,VNF-VBD_npp_20120301-20151231_global_asia-enhanced_c201607211230.bitmask,vbd_landsea_r20220824.mask,timezone.shp,VBD_platforms-recurring_2015_r20170330.shp,999999,VBD_bridges_c20160811.shp,10.404151;8.502419;6.138182;1.273068;3.487974;5.509554,96.985527;110.863861;124.483452;123.301933;109.736603;96.013321,npp_d20251028_t1806113_e1807355_b72560;npp_d20251028_t1807367_e1809009_b72560;npp_d20251028_t1809021_e1810263_b72560;npp_d20251028_t1810275_e1811517_b72560,163.184,113.689,63.996,97.6122,113.127,-114.339
103,VBD_npp_d20251028_t1811265_x0988330E_y066016N_l0544_s0366_v23,2025-10-28 20:29:00,6.601618,98.833000,25.1798,2025-10-28 18:11:26,2025-10-29 01:11:26,544,366,0.13845,1,2401,0.781307,0.1375,0.824443,0.4,0.956917,0.75,5.10654e-15,0.0001,1.07732e-09,999999,999999,3,Thailand Exclusive Economic Zone,,,SVDNB_npp_d20251028_t1810275_e1811517_b72560_c20251028193205056000_oebc_ops.h5,GDNBO_npp_d20251028_t1810275_e1811517_b72560_c20251028192939737000_oebc_ops.h5,SVI04_npp_d20251028_t1810275_e1811517_b72560_c20251028193214149000_oebc_ops.dspace_rad,,eez_v11.shp,WPP_BFAR_merge.shp,vbd_mpa_r20170830.shp,VNF-VBD_npp_20120301-20151231_global_asia-enhanced_c201607211230.bitmask,vbd_landsea_r20220824.mask,timezone.shp,VBD_platforms-recurring_2015_r20170330.shp,999999,VBD_bridges_c20160811.shp,10.404151;8.502419;6.138182;1.273068;3.487974;5.509554,96.985527;110.863861;124.483452;123.301933;109.736603;96.013321,npp_d20251028_t1806113_e1807355_b72560;npp_d20251028_t1807367_e1809009_b72560;npp_d20251028_t1809021_e1810263_b72560;npp_d20251028_t1810275_e1811517_b72560,163.08,114.841,63.997,97.394,112.933,-114.471
104,VBD_npp_d20251028_t1811176_x0989506E_y071560N_l0458_s0367_v23,2025-10-28 20:29:00,7.156034,98.950623,28.1421,2025-10-28 18:11:17,2025-10-29 01:11:17,458,367,0.192297,1,2401,0.847099,0.1375,0.898009,0.4,0.968643,0.75,4.2205e-15,0.0001,1.57607e-09,999999,999999,3,Thailand Exclusive Economic Zone,,,SVDNB_npp_d20251028_t1810275_e1811517_b72560_c20251028193205056000_oebc_ops.h5,GDNBO_npp_d20251028_t1810275_e1811517_b72560_c20251028192939737000_oebc_ops.h5,SVI04_npp_d20251028_t1810275_e1811517_b72560_c20251028193214149000_oebc_ops.dspace_rad,,eez_v11.shp,WPP_BFAR_merge.shp,vbd_mpa_r20170830.shp,VNF-VBD_npp_20120301-20151231_global_asia-enhanced_c201607211230.bitmask,vbd_landsea_r20220824.mask,timezone.shp,VBD_platforms-recurring_2015_r20170330.shp,999999,VBD_bridges_c20160811.shp,10.404151;8.502419;6.138182;1.273068;3.487974;5.509554,96.985527;110.863861;124.483452;123.301933;109.736603;96.013321,npp_d20251028_t1806113_e1807355_b72560;npp_d20251028_t1807367_e1809009_b72560;npp_d20251028_t1809021_e1810263_b72560;npp_d20251028_t1810275_e1811517_b72560,163.232,113.07,63.9805,97.5055,113.234,-114.269
105,VBD_npp_d20251028_t1811283_x0988328E_y066010N_l0545_s0367_v23,2025-10-28 20:29:00,6.601042,98.832848,27.8521,2025-10-28 18:11:28,2025-10-29 01:11:28,545,367,0.13845,1,2401,0.66919,0.1375,0.819978,0.4,0.888179,0.75,5.08125e-15,0.0001,1.10179e-09,999999,999999,3,Thailand Exclusive Economic Zone,,,SVDNB_npp_d20251028_t1810275_e1811517_b72560_c20251028193205056000_oebc_ops.h5,GDNBO_npp_d20251028_t1810275_e1811517_b72560_c20251028192939737000_oebc_ops.h5,SVI04_npp_d20251028_t1810275_e1811517_b72560_c20251028193214149000_oebc_ops.dspace_rad,,eez_v11.shp,WPP_BFAR_merge.shp,vbd_mpa_r20170830.shp,VNF-VBD_npp_20120301-20151231_global_asia-enhanced_c201607211230.bitmask,vbd_landsea_r20220824.mask,timezone.shp,VBD_platforms-recurring_2015_r20170330.shp,999999,VBD_bridges_c20160811.shp,10.404151;8.502419;6.138182;1.273068;3.487974;5.509554,96.985527;110.863861;124.483452;123.301933;109.736603;96.013321,npp_d20251028_t1806113_e1807355_b72560;npp_d20251028_t1807367_e1809009_b72560;npp_d20251028_t1809021_e1810263_b72560;npp_d20251028_t1810275_e1811517_b72560,163.073,114.834,63.9768,97.9335,112.939,-114.472
106,VBD_npp_d20251028_t1811176_x0989547E_y071344N_l0461_s0368_v23,2025-10-28 20:29:00,7.134439,98.954681,28.1374,2025-10-28 18:11:17,2025-10-29 01:11:17,461,368,0.247352,1,2401,0.818516,0.1375,0.901674,0.4,0.946661,0.75,4.2371e-15,0.0001,1.51093e-09,999999,999999,3,Thailand Exclusive Economic Zone,,,SVDNB_npp_d20251028_t1810275_e1811517_b72560_c20251028193205056000_oebc_ops.h5,GDNBO_npp_d20251028_t1810275_e1811517_b72560_c20251028192939737000_oebc_ops.h5,SVI04_npp_d20251028_t1810275_e1811517_b72560_c20251028193214149000_oebc_ops.dspace_rad,,eez_v11.shp,WPP_BFAR_merge.shp,vbd_mpa_r20170830.shp,VNF-VBD_npp_20120301-20151231_global_asia-enhanced_c201607211230.bitmask,vbd_landsea_r20220824.mask,timezone.shp,VBD_platforms-recurring_2015_r20170330.shp,999999,VBD_bridges_c20160811.shp,10.404151;8.502419;6.138182;1.273068;3.487974;5.509554,96.985527;110.863861;124.483452;123.301933;109.736603;96.013321,npp_d20251028_t1806113_e1807355_b72560;npp_d20251028_t1807367_e1809009_b72560;npp_d20251028_t1809021_e1810263_b72560;npp_d20251028_t1810275_e1811517_b72560,163.22,113.131,63.9616,97.4022,113.229,-114.277
107,VBD_npp_d20251028_t1811194_x0989341E_y070248N_l0478_s0368_v23,2025-10-28 20:29:00,7.024791,98.934128,35.1297,2025-10-28 18:11:19,2025-10-29 01:11:19,478,368,0.333136,1,2401,0.963169,0.1375,0.921293,0.4,0.976638,0.75,4.48888e-15,0.0001,1.38945e-09,999999,999999,3,Thailand Exclusive Economic Zone,,,SVDNB_npp_d20251028_t1810275_e1811517_b72560_c20251028193205056000_oebc_ops.h5,GDNBO_npp_d20251028_t1810275_e1811517_b72560_c20251028192939737000_oebc_ops.h5,SVI04_npp_d20251028_t1810275_e1811517_b72560_c20251028193214149000_oebc_ops.dspace_rad,,eez_v11.shp,WPP_BFAR_merge.shp,vbd_mpa_r20170830.shp,VNF-VBD_npp_20120301-20151231_global_asia-enhanced_c201607211230.bitmask,vbd_landsea_r20220824.mask,timezone.shp,VBD_platforms-recurring_2015_r20170330.shp,999999,VBD_bridges_c20160811.shp,10.404151;8.502419;6.138182;1.273068;3.487974;5.509554,96.985527;110.863861;124.483452;123.301933;109.736603;96.013321,npp_d20251028_t1806113_e1807355_b72560;npp_d20251028_t1807367_e1809009_b72560;npp_d20251028_t1809021_e1810263_b72560;npp_d20251028_t1810275_e1811517_b72560,163.188,113.48,63.9575,97.3881,113.172,-114.318
108,VBD_npp_d20251028_t1811211_x0989422E_y069808N_l0485_s0371_v23,2025-10-28 20:29:00,6.980803,98.942162,19.2655,2025-10-28 18:11:21,2025-10-29 01:11:21,485,371,0.30632,1,2401,0.683568,0.1375,0.899341,0.4,0.953027,0.75,4.4746e-15,0.0001,1.30719e-09,999999,999999,3,Thailand Exclusive Economic Zone,,,SVDNB_npp_d20251028_t1810275_e1811517_b72560_c20251028193205056000_oebc_ops.h5,GDNBO_npp_d20251028_t1810275_e1811517_b72560_c20251028192939737000_oebc_ops.h5,SVI04_npp_d20251028_t1810275_e1811517_b72560_c20251028193214149000_oebc_ops.dspace_rad,,eez_v11.shp,WPP_BFAR_merge.shp,vbd_mpa_r20170830.shp,VNF-VBD_npp_20120301-20151231_global_asia-enhanced_c201607211230.bitmask,vbd_landsea_r20220824.mask,timezone.shp,VBD_platforms-recurring_2015_r20170330.shp,999999,VBD_bridges_c20160811.shp,10.404151;8.502419;6.138182;1.273068;3.487974;5.509554,96.985527;110.863861;124.483452;123.301933;109.736603;96.013321,npp_d20251028_t1806113_e1807355_b72560;npp_d20251028_t1807367_e1809009_b72560;npp_d20251028_t1809021_e1810263_b72560;npp_d20251028_t1810275_e1811517_b72560,163.157,113.595,63.8988,97.7206,113.168,-114.335
109,VBD_npp_d20251028_t1811265_x0988874E_y066855N_l0531_s0372_v23,2025-10-28 20:29:00,6.685512,98.887360,12.5059,2025-10-28 18:11:26,2025-10-29 01:11:26,531,372,0.139944,1,2401,0.501946,0.1375,0.837328,0.4,0.777257,0.75,4.80446e-15,0.0001,1.06133e-09,999999,999999,3,Thailand Exclusive Economic Zone,,,SVDNB_npp_d20251028_t1810275_e1811517_b72560_c20251028193205056000_oebc_ops.h5,GDNBO_npp_d20251028_t1810275_e1811517_b72560_c20251028192939737000_oebc_ops.h5,SVI04_npp_d20251028_t1810275_e1811517_b72560_c20251028193214149000_oebc_ops.dspace_rad,,eez_v11.shp,WPP_BFAR_merge.shp,vbd_mpa_r20170830.shp,VNF-VBD_npp_20120301-20151231_global_asia-enhanced_c201607211230.bitmask,vbd_landsea_r20220824.mask,timezone.shp,VBD_platforms-recurring_2015_r20170330.shp,999999,VBD_bridges_c20160811.shp,10.404151;8.502419;6.138182;1.273068;3.487974;5.509554,96.985527;110.863861;124.483452;123.301933;109.736603;96.013321,npp_d20251028_t1806113_e1807355_b72560;npp_d20251028_t1807367_e1809009_b72560;npp_d20251028_t1809021_e1810263_b72560;npp_d20251028_t1810275_e1811517_b72560,163.066,114.523,63.8789,97.8504,113.017,-114.443
110,VBD_npp_d20251028_t1811194_x0989775E_y070821N_l0469_s0373_v23,2025-10-28 20:29:00,7.082101,98.977524,18.9607,2025-10-28 18:11:19,2025-10-29 01:11:19,469,373,0.291097,1,2401,0.714172,0.1375,0.871918,0.4,0.966597,0.75,4.21108e-15,0.0001,1.35038e-09,999999,999999,3,Thailand Exclusive Economic Zone,,,SVDNB_npp_d20251028_t1810275_e1811517_b72560_c20251028193205056000_oebc_ops.h5,GDNBO_npp_d20251028_t1810275_e1811517_b72560_c20251028192939737000_oebc_ops.h5,SVI04_npp_d20251028_t1810275_e1811517_b72560_c20251028193214149000_oebc_ops.dspace_rad,,eez_v11.shp,WPP_BFAR_merge.shp,vbd_mpa_r20170830.shp,VNF-VBD_npp_20120301-20151231_global_asia-enhanced_c201607211230.bitmask,vbd_landsea_r20220824.mask,timezone.shp,VBD_platforms-recurring_2015_r20170330.shp,999999,VBD_bridges_c20160811.shp,10.404151;8.502419;6.138182;1.273068;3.487974;5.509554,96.985527;110.863861;124.483452;123.301933;109.736603;96.013321,npp_d20251028_t1806113_e1807355_b72560;npp_d20251028_t1807367_e1809009_b72560;npp_d20251028_t1809021_e1810263_b72560;npp_d20251028_t1810275_e1811517_b72560,163.171,113.255,63.8594,97.7051,113.234,-114.298
111,VBD_npp_d20251028_t1811247_x0989017E_y066980N_l0528_s0373_v23,2025-10-28 20:29:00,6.697991,98.901711,20.1884,2025-10-28 18:11:24,2025-10-29 01:11:24,528,373,0.142078,1,2401,0.648968,0.1375,0.842153,0.4,0.808563,0.75,4.74843e-15,0.0001,1.01957e-09,999999,999999,3,Thailand Exclusive Economic Zone,,,SVDNB_npp_d20251028_t1810275_e1811517_b72560_c20251028193205056000_oebc_ops.h5,GDNBO_npp_d20251028_t1810275_e1811517_b72560_c20251028192939737000_oebc_ops.h5,SVI04_npp_d20251028_t1810275_e1811517_b72560_c20251028193214149000_oebc_ops.dspace_rad,,eez_v11.shp,WPP_BFAR_merge.shp,vbd_mpa_r20170830.shp,VNF-VBD_npp_20120301-20151231_global_asia-enhanced_c201607211230.bitmask,vbd_landsea_r20220824.mask,timezone.shp,VBD_platforms-recurring_2015_r20170330.shp,999999,VBD_bridges_c20160811.shp,10.404151;8.502419;6.138182;1.273068;3.487974;5.509554,96.985527;110.863861;124.483452;123.301933;109.736603;96.013321,npp_d20251028_t1806113_e1807355_b72560;npp_d20251028_t1807367_e1809009_b72560;npp_d20251028_t1809021_e1810263_b72560;npp_d20251028_t1810275_e1811517_b72560,163.065,114.477,63.8648,97.3789,113.028,-114.439
112,VBD_npp_d20251028_t1811176_x0990002E_y071565N_l0457_s0374_v23,2025-10-28 20:29:00,7.156453,99.000214,10.9416,2025-10-28 18:11:17,2025-10-29 01:11:17,457,374,0.132973,1,2401,0.498397,0.1375,0.882712,0.4,0.899333,0.75,4.01152e-15,0.0001,1.38628e-09,999999,999999,3,Thailand Exclusive Economic Zone,,,SVDNB_npp_d20251028_t1810275_e1811517_b72560_c20251028193205056000_oebc_ops.h5,GDNBO_npp_d20251028_t1810275_e1811517_b72560_c20251028192939737000_oebc_ops.h5,SVI04_npp_d20251028_t1810275_e1811517_b72560_c20251028193214149000_oebc_ops.dspace_rad,,eez_v11.shp,WPP_BFAR_merge.shp,vbd_mpa_r20170830.shp,VNF-VBD_npp_20120301-20151231_global_asia-enhanced_c201607211230.bitmask,vbd_landsea_r20220824.mask,timezone.shp,VBD_platforms-recurring_2015_r20170330.shp,999999,VBD_bridges_c20160811.shp,10.404151;8.502419;6.138182;1.273068;3.487974;5.509554,96.985527;110.863861;124.483452;123.301933;109.736603;96.013321,npp_d20251028_t1806113_e1807355_b72560;npp_d20251028_t1807367_e1809009_b72560;npp_d20251028_t1809021_e1810263_b72560;npp_d20251028_t1810275_e1811517_b72560,163.187,113.011,63.8447,97.5462,113.279,-114.271
113,VBD_npp_d20251028_t1811211_x0989562E_y069299N_l0492_s0374_v23,2025-10-28 20:29:00,6.929888,98.956169,23.3254,2025-10-28 18:11:21,2025-10-29 01:11:21,492,374,0.322111,1,2401,0.753925,0.1375,0.8804,0.4,0.920388,0.75,4.4378e-15,0.0001,1.17506e-09,999999,999999,3,Thailand Exclusive Economic Zone,,,SVDNB_npp_d20251028_t1810275_e1811517_b72560_c20251028193205056000_oebc_ops.h5,GDNBO_npp_d20251028_t1810275_e1811517_b72560_c20251028192939737000_oebc_ops.h5,SVI04_npp_d20251028_t1810275_e1811517_b72560_c20251028193214149000_oebc_ops.dspace_rad,,eez_v11.shp,WPP_BFAR_merge.shp,vbd_mpa_r20170830.shp,VNF-VBD_npp_20120301-20151231_global_asia-enhanced_c201607211230.bitmask,vbd_landsea_r20220824.mask,timezone.shp,VBD_platforms-recurring_2015_r20170330.shp,999999,VBD_bridges_c20160811.shp,10.404151;8.502419;6.138182;1.273068;3.487974;5.509554,96.985527;110.863861;124.483452;123.301933;109.736603;96.013321,npp_d20251028_t1806113_e1807355_b72560;npp_d20251028_t1807367_e1809009_b72560;npp_d20251028_t1809021_e1810263_b72560;npp_d20251028_t1810275_e1811517_b72560,163.123,113.732,63.8416,97.4797,113.159,-114.354
114,VBD_npp_d20251028_t1811265_x0989031E_y066974N_l0529_s0374_v23,2025-10-28 20:29:00,6.697351,98.903107,16.7655,2025-10-28 18:11:26,2025-10-29 01:11:26,529,374,0.154455,1,2401,0.580934,0.1375,0.842153,0.4,0.918894,0.75,4.72361e-15,0.0001,1.03922e-09,999999,999999,3,Thailand Exclusive Economic Zone,,,SVDNB_npp_d20251028_t1810275_e1811517_b72560_c20251028193205056000_oebc_ops.h5,GDNBO_npp_d20251028_t1810275_e1811517_b72560_c20251028192939737000_oebc_ops.h5,SVI04_npp_d20251028_t1810275_e1811517_b72560_c20251028193214149000_oebc_ops.dspace_rad,,eez_v11.shp,WPP_BFAR_merge.shp,vbd_mpa_r20170830.shp,VNF-VBD_npp_20120301-20151231_global_asia-enhanced_c201607211230.bitmask,vbd_landsea_r20220824.mask,timezone.shp,VBD_platforms-recurring_2015_r20170330.shp,999999,VBD_bridges_c20160811.shp,10.404151;8.502419;6.138182;1.273068;3.487974;5.509554,96.985527;110.863861;124.483452;123.301933;109.736603;96.013321,npp_d20251028_t1806113_e1807355_b72560;npp_d20251028_t1807367_e1809009_b72560;npp_d20251028_t1809021_e1810263_b72560;npp_d20251028_t1810275_e1811517_b72560,163.056,114.468,63.8402,97.9216,113.036,-114.439
115,VBD_npp_d20251028_t1811105_x0990954E_y075316N_l0398_s0376_v23,2025-10-28 20:29:00,7.531619,99.095436,12.4535,2025-10-28 18:11:10,2025-10-29 01:11:10,398,376,0.274097,2,2337,0.466707,0.1375,0.798483,0.4,0.736703,0.75,3.12858e-15,0.0001,1.71396e-09,999999,999999,1,Thailand Exclusive Economic Zone,,,SVDNB_npp_d20251028_t1810275_e1811517_b72560_c20251028193205056000_oebc_ops.h5,GDNBO_npp_d20251028_t1810275_e1811517_b72560_c20251028192939737000_oebc_ops.h5,SVI04_npp_d20251028_t1810275_e1811517_b72560_c20251028193214149000_oebc_ops.dspace_rad,,eez_v11.shp,WPP_BFAR_merge.shp,vbd_mpa_r20170830.shp,VNF-VBD_npp_20120301-20151231_global_asia-enhanced_c201607211230.bitmask,vbd_landsea_r20220824.mask,timezone.shp,VBD_platforms-recurring_2015_r20170330.shp,999999,VBD_bridges_c20160811.shp,10.404151;8.502419;6.138182;1.273068;3.487974;5.509554,96.985527;110.863861;124.483452;123.301933;109.736603;96.013321,npp_d20251028_t1806113_e1807355_b72560;npp_d20251028_t1807367_e1809009_b72560;npp_d20251028_t1809021_e1810263_b72560;npp_d20251028_t1810275_e1811517_b72560,163.27,111.786,63.8024,97.2988,113.491,-114.132
116,VBD_npp_d20251028_t1811176_x0990345E_y072008N_l0450_s0378_v23,2025-10-28 20:29:00,7.200799,99.034492,9.41647,2025-10-28 18:11:17,2025-10-29 01:11:17,450,378,0.108433,1,2401,0.478127,0.1375,0.784967,0.4,0.934639,0.75,3.80382e-15,0.0001,1.35364e-09,999999,999999,3,Thailand Exclusive Economic Zone,,,SVDNB_npp_d20251028_t1810275_e1811517_b72560_c20251028193205056000_oebc_ops.h5,GDNBO_npp_d20251028_t1810275_e1811517_b72560_c20251028192939737000_oebc_ops.h5,SVI04_npp_d20251028_t1810275_e1811517_b72560_c20251028193214149000_oebc_ops.dspace_rad,,eez_v11.shp,WPP_BFAR_merge.shp,vbd_mpa_r20170830.shp,VNF-VBD_npp_20120301-20151231_global_asia-enhanced_c201607211230.bitmask,vbd_landsea_r20220824.mask,timezone.shp,VBD_platforms-recurring_2015_r20170330.shp,999999,VBD_bridges_c20160811.shp,10.404151;8.502419;6.138182;1.273068;3.487974;5.509554,96.985527;110.863861;124.483452;123.301933;109.736603;96.013321,npp_d20251028_t1806113_e1807355_b72560;npp_d20251028_t1807367_e1809009_b72560;npp_d20251028_t1809021_e1810263_b72560;npp_d20251028_t1810275_e1811517_b72560,163.173,112.836,63.7669,97.7933,113.328,-114.256
117,VBD_npp_d20251028_t1811140_x0990781E_y073504N_l0426_s0379_v23,2025-10-28 20:29:00,7.350401,99.078140,14.0198,2025-10-28 18:11:14,2025-10-29 01:11:14,426,379,0.212711,1,2401,0.628879,0.1375,0.853159,0.4,0.953573,0.75,3.44724e-15,0.0001,1.43433e-09,999999,999999,3,Thailand Exclusive Economic Zone,,,SVDNB_npp_d20251028_t1810275_e1811517_b72560_c20251028193205056000_oebc_ops.h5,GDNBO_npp_d20251028_t1810275_e1811517_b72560_c20251028192939737000_oebc_ops.h5,SVI04_npp_d20251028_t1810275_e1811517_b72560_c20251028193214149000_oebc_ops.dspace_rad,,eez_v11.shp,WPP_BFAR_merge.shp,vbd_mpa_r20170830.shp,VNF-VBD_npp_20120301-20151231_global_asia-enhanced_c201607211230.bitmask,vbd_landsea_r20220824.mask,timezone.shp,VBD_platforms-recurring_2015_r20170330.shp,999999,VBD_bridges_c20160811.shp,10.404151;8.502419;6.138182;1.273068;3.487974;5.509554,96.985527;110.863861;124.483452;123.301933;109.736603;96.013321,npp_d20251028_t1806113_e1807355_b72560;npp_d20251028_t1807367_e1809009_b72560;npp_d20251028_t1809021_e1810263_b72560;npp_d20251028_t1810275_e1811517_b72560,163.204,112.347,63.7424,97.4777,113.415,-114.2
118,VBD_npp_d20251028_t1811140_x0990968E_y073340N_l0428_s0382_v23,2025-10-28 20:29:00,7.333983,99.096840,7.74618,2025-10-28 18:11:14,2025-10-29 01:11:14,428,382,0.194715,1,2401,0.440073,0.1375,0.850577,0.4,0.935488,0.75,3.40006e-15,0.0001,1.33442e-09,999999,999999,3,Thailand Exclusive Economic Zone,,,SVDNB_npp_d20251028_t1810275_e1811517_b72560_c20251028193205056000_oebc_ops.h5,GDNBO_npp_d20251028_t1810275_e1811517_b72560_c20251028192939737000_oebc_ops.h5,SVI04_npp_d20251028_t1810275_e1811517_b72560_c20251028193214149000_oebc_ops.dspace_rad,,eez_v11.shp,WPP_BFAR_merge.shp,vbd_mpa_r20170830.shp,VNF-VBD_npp_20120301-20151231_global_asia-enhanced_c201607211230.bitmask,vbd_landsea_r20220824.mask,timezone.shp,VBD_platforms-recurring_2015_r20170330.shp,999999,VBD_bridges_c20160811.shp,10.404151;8.502419;6.138182;1.273068;3.487974;5.509554,96.985527;110.863861;124.483452;123.301933;109.736603;96.013321,npp_d20251028_t1806113_e1807355_b72560;npp_d20251028_t1807367_e1809009_b72560;npp_d20251028_t1809021_e1810263_b72560;npp_d20251028_t1810275_e1811517_b72560,163.18,112.376,63.6848,97.4106,113.425,-114.207
119,VBD_npp_d20251028_t1811176_x0990631E_y071550N_l0456_s0383_v23,2025-10-28 20:29:00,7.155046,99.063080,4.05272,2025-10-28 18:11:17,2025-10-29 01:11:17,456,383,0.168183,2,2337,0.184977,0.1375,0.751409,0.4,0.655034,0.75,3.74866e-15,0.0001,1.1802e-09,999999,999999,3,Thailand Exclusive Economic Zone,,,SVDNB_npp_d20251028_t1810275_e1811517_b72560_c20251028193205056000_oebc_ops.h5,GDNBO_npp_d20251028_t1810275_e1811517_b72560_c20251028192939737000_oebc_ops.h5,SVI04_npp_d20251028_t1810275_e1811517_b72560_c20251028193214149000_oebc_ops.dspace_rad,,eez_v11.shp,WPP_BFAR_merge.shp,vbd_mpa_r20170830.shp,VNF-VBD_npp_20120301-20151231_global_asia-enhanced_c201607211230.bitmask,vbd_landsea_r20220824.mask,timezone.shp,VBD_platforms-recurring_2015_r20170330.shp,999999,VBD_bridges_c20160811.shp,10.404151;8.502419;6.138182;1.273068;3.487974;5.509554,96.985527;110.863861;124.483452;123.301933;109.736603;96.013321,npp_d20251028_t1806113_e1807355_b72560;npp_d20251028_t1807367_e1809009_b72560;npp_d20251028_t1809021_e1810263_b72560;npp_d20251028_t1810275_e1811517_b72560,163.129,112.943,63.6709,97.5887,113.335,-114.274
120,VBD_npp_d20251028_t1811194_x0990619E_y070846N_l0467_s0385_v23,2025-10-28 20:29:00,7.084607,99.061905,11.6737,2025-10-28 18:11:19,2025-10-29 01:11:19,467,385,0.205954,8,18785,0.537432,0.1375,0.81106,0.4,0.772962,0.75,3.83797e-15,0.0001,1.09855e-09,999999,999999,3,Thailand Exclusive Economic Zone,,,SVDNB_npp_d20251028_t1810275_e1811517_b72560_c20251028193205056000_oebc_ops.h5,GDNBO_npp_d20251028_t1810275_e1811517_b72560_c20251028192939737000_oebc_ops.h5,SVI04_npp_d20251028_t1810275_e1811517_b72560_c20251028193214149000_oebc_ops.dspace_rad,,eez_v11.shp,WPP_BFAR_merge.shp,vbd_mpa_r20170830.shp,VNF-VBD_npp_20120301-20151231_global_asia-enhanced_c201607211230.bitmask,vbd_landsea_r20220824.mask,timezone.shp,VBD_platforms-recurring_2015_r20170330.shp,0.944626,VBD_bridges_c20160811.shp,10.404151;8.502419;6.138182;1.273068;3.487974;5.509554,96.985527;110.863861;124.483452;123.301933;109.736603;96.013321,npp_d20251028_t1806113_e1807355_b72560;npp_d20251028_t1807367_e1809009_b72560;npp_d20251028_t1809021_e1810263_b72560;npp_d20251028_t1810275_e1811517_b72560,163.095,113.149,63.6276,97.7851,113.311,-114.301
121,VBD_npp_d20251028_t1811158_x0991170E_y072399N_l0442_s0388_v23,2025-10-28 20:29:00,7.239915,99.116997,8.62466,2025-10-28 18:11:15,2025-10-29 01:11:15,442,388,0.0982614,1,2401,0.417928,0.1375,0.85121,0.4,0.86527,0.75,3.43066e-15,0.0001,1.13558e-09,999999,999999,3,Thailand Exclusive Economic Zone,,,SVDNB_npp_d20251028_t1810275_e1811517_b72560_c20251028193205056000_oebc_ops.h5,GDNBO_npp_d20251028_t1810275_e1811517_b72560_c20251028192939737000_oebc_ops.h5,SVI04_npp_d20251028_t1810275_e1811517_b72560_c20251028193214149000_oebc_ops.dspace_rad,,eez_v11.shp,WPP_BFAR_merge.shp,vbd_mpa_r20170830.shp,VNF-VBD_npp_20120301-20151231_global_asia-enhanced_c201607211230.bitmask,vbd_landsea_r20220824.mask,timezone.shp,VBD_platforms-recurring_2015_r20170330.shp,999999,VBD_bridges_c20160811.shp,10.404151;8.502419;6.138182;1.273068;3.487974;5.509554,96.985527;110.863861;124.483452;123.301933;109.736603;96.013321,npp_d20251028_t1806113_e1807355_b72560;npp_d20251028_t1807367_e1809009_b72560;npp_d20251028_t1809021_e1810263_b72560;npp_d20251028_t1810275_e1811517_b72560,163.119,112.632,63.5735,97.5057,113.411,-114.244
122,VBD_npp_d20251028_t1811176_x0991029E_y071915N_l0450_s0388_v23,2025-10-28 20:29:00,7.191461,99.102913,4.98447,2025-10-28 18:11:17,2025-10-29 01:11:17,450,388,0.126856,1,2401,0.292482,0.1375,0.864918,0.4,0.889703,0.75,3.53344e-15,0.0001,1.12541e-09,999999,999999,3,Thailand Exclusive Economic Zone,,,SVDNB_npp_d20251028_t1810275_e1811517_b72560_c20251028193205056000_oebc_ops.h5,GDNBO_npp_d20251028_t1810275_e1811517_b72560_c20251028192939737000_oebc_ops.h5,SVI04_npp_d20251028_t1810275_e1811517_b72560_c20251028193214149000_oebc_ops.dspace_rad,,eez_v11.shp,WPP_BFAR_merge.shp,vbd_mpa_r20170830.shp,VNF-VBD_npp_20120301-20151231_global_asia-enhanced_c201607211230.bitmask,vbd_landsea_r20220824.mask,timezone.shp,VBD_platforms-recurring_2015_r20170330.shp,999999,VBD_bridges_c20160811.shp,10.404151;8.502419;6.138182;1.273068;3.487974;5.509554,96.985527;110.863861;124.483452;123.301933;109.736603;96.013321,npp_d20251028_t1806113_e1807355_b72560;npp_d20251028_t1807367_e1809009_b72560;npp_d20251028_t1809021_e1810263_b72560;npp_d20251028_t1810275_e1811517_b72560,163.106,112.787,63.5742,97.8021,113.385,-114.262
123,VBD_npp_d20251028_t1811158_x0991268E_y072108N_l0446_s0390_v23,2025-10-28 20:29:00,7.210817,99.126778,22.2936,2025-10-28 18:11:15,2025-10-29 01:11:15,446,390,0.143074,1,2401,0.706483,0.1375,0.876148,0.4,0.928591,0.75,3.42876e-15,0.0001,1.06469e-09,999999,999999,3,Thailand Exclusive Economic Zone,,,SVDNB_npp_d20251028_t1810275_e1811517_b72560_c20251028193205056000_oebc_ops.h5,GDNBO_npp_d20251028_t1810275_e1811517_b72560_c20251028192939737000_oebc_ops.h5,SVI04_npp_d20251028_t1810275_e1811517_b72560_c20251028193214149000_oebc_ops.dspace_rad,,eez_v11.shp,WPP_BFAR_merge.shp,vbd_mpa_r20170830.shp,VNF-VBD_npp_20120301-20151231_global_asia-enhanced_c201607211230.bitmask,vbd_landsea_r20220824.mask,timezone.shp,VBD_platforms-recurring_2015_r20170330.shp,999999,VBD_bridges_c20160811.shp,10.404151;8.502419;6.138182;1.273068;3.487974;5.509554,96.985527;110.863861;124.483452;123.301933;109.736603;96.013321,npp_d20251028_t1806113_e1807355_b72560;npp_d20251028_t1807367_e1809009_b72560;npp_d20251028_t1809021_e1810263_b72560;npp_d20251028_t1810275_e1811517_b72560,163.099,112.709,63.5358,97.3678,113.408,-114.256
124,VBD_npp_d20251028_t1811265_x0990078E_y065994N_l0541_s0391_v23,2025-10-28 20:29:00,6.599386,99.007790,44.6969,2025-10-28 18:11:26,2025-10-29 01:11:26,541,391,0.294014,1,2401,1.06075,0.1375,0.906579,0.4,0.972992,0.75,4.25147e-15,0.0001,7.18401e-10,999999,999999,3,Thailand Exclusive Economic Zone,,,SVDNB_npp_d20251028_t1810275_e1811517_b72560_c20251028193205056000_oebc_ops.h5,GDNBO_npp_d20251028_t1810275_e1811517_b72560_c20251028192939737000_oebc_ops.h5,SVI04_npp_d20251028_t1810275_e1811517_b72560_c20251028193214149000_oebc_ops.dspace_rad,,eez_v11.shp,WPP_BFAR_merge.shp,vbd_mpa_r20170830.shp,VNF-VBD_npp_20120301-20151231_global_asia-enhanced_c201607211230.bitmask,vbd_landsea_r20220824.mask,timezone.shp,VBD_platforms-recurring_2015_r20170330.shp,999999,VBD_bridges_c20160811.shp,10.404151;8.502419;6.138182;1.273068;3.487974;5.509554,96.985527;110.863861;124.483452;123.301933;109.736603;96.013321,npp_d20251028_t1806113_e1807355_b72560;npp_d20251028_t1807367_e1809009_b72560;npp_d20251028_t1809021_e1810263_b72560;npp_d20251028_t1810275_e1811517_b72560,162.921,114.63,63.5136,97.517,113.089,-114.481
125,VBD_npp_d20251028_t1811158_x0991462E_y072013N_l0447_s0393_v23,2025-10-28 20:29:00,7.201338,99.146164,7.67362,2025-10-28 18:11:15,2025-10-29 01:11:15,447,393,0.129844,1,2401,0.351223,0.1375,0.868542,0.4,0.808557,0.75,3.36118e-15,0.0001,1.00231e-09,999999,999999,3,Thailand Exclusive Economic Zone,,,SVDNB_npp_d20251028_t1810275_e1811517_b72560_c20251028193205056000_oebc_ops.h5,GDNBO_npp_d20251028_t1810275_e1811517_b72560_c20251028192939737000_oebc_ops.h5,SVI04_npp_d20251028_t1810275_e1811517_b72560_c20251028193214149000_oebc_ops.dspace_rad,,eez_v11.shp,WPP_BFAR_merge.shp,vbd_mpa_r20170830.shp,VNF-VBD_npp_20120301-20151231_global_asia-enhanced_c201607211230.bitmask,vbd_landsea_r20220824.mask,timezone.shp,VBD_platforms-recurring_2015_r20170330.shp,999999,VBD_bridges_c20160811.shp,10.404151;8.502419;6.138182;1.273068;3.487974;5.509554,96.985527;110.863861;124.483452;123.301933;109.736603;96.013321,npp_d20251028_t1806113_e1807355_b72560;npp_d20251028_t1807367_e1809009_b72560;npp_d20251028_t1809021_e1810263_b72560;npp_d20251028_t1810275_e1811517_b72560,163.078,112.716,63.4784,97.3354,113.422,-114.26
126,VBD_npp_d20251028_t1811283_x0990054E_y065354N_l0551_s0393_v23,2025-10-28 20:29:00,6.535359,99.005386,10.8699,2025-10-28 18:11:28,2025-10-29 01:11:28,551,393,0.228431,1,2401,0.517914,0.1375,0.844289,0.4,0.894431,0.75,4.2523e-15,0.0001,6.82025e-10,999999,999999,3,Thailand Exclusive Economic Zone,,,SVDNB_npp_d20251028_t1810275_e1811517_b72560_c20251028193205056000_oebc_ops.h5,GDNBO_npp_d20251028_t1810275_e1811517_b72560_c20251028192939737000_oebc_ops.h5,SVI04_npp_d20251028_t1810275_e1811517_b72560_c20251028193214149000_oebc_ops.dspace_rad,,eez_v11.shp,WPP_BFAR_merge.shp,vbd_mpa_r20170830.shp,VNF-VBD_npp_20120301-20151231_global_asia-enhanced_c201607211230.bitmask,vbd_landsea_r20220824.mask,timezone.shp,VBD_platforms-recurring_2015_r20170330.shp,999999,VBD_bridges_c20160811.shp,10.404151;8.502419;6.138182;1.273068;3.487974;5.509554,96.985527;110.863861;124.483452;123.301933;109.736603;96.013321,npp_d20251028_t1806113_e1807355_b72560;npp_d20251028_t1807367_e1809009_b72560;npp_d20251028_t1809021_e1810263_b72560;npp_d20251028_t1810275_e1811517_b72560,162.89,114.813,63.4753,97.7454,113.067,-114.505
127,VBD_npp_d20251028_t1811211_x0991082E_y069721N_l0483_s0395_v23,2025-10-28 20:29:00,6.972115,99.108238,2.83622,2025-10-28 18:11:21,2025-10-29 01:11:21,483,395,0.255888,1,2401,0.141749,0.1375,0.464162,0.4,0.779784,0.75,3.73441e-15,0.0001,8.65291e-10,999999,999999,3,Thailand Exclusive Economic Zone,,,SVDNB_npp_d20251028_t1810275_e1811517_b72560_c20251028193205056000_oebc_ops.h5,GDNBO_npp_d20251028_t1810275_e1811517_b72560_c20251028192939737000_oebc_ops.h5,SVI04_npp_d20251028_t1810275_e1811517_b72560_c20251028193214149000_oebc_ops.dspace_rad,,eez_v11.shp,WPP_BFAR_merge.shp,vbd_mpa_r20170830.shp,VNF-VBD_npp_20120301-20151231_global_asia-enhanced_c201607211230.bitmask,vbd_landsea_r20220824.mask,timezone.shp,VBD_platforms-recurring_2015_r20170330.shp,999999,VBD_bridges_c20160811.shp,10.404151;8.502419;6.138182;1.273068;3.487974;5.509554,96.985527;110.863861;124.483452;123.301933;109.736603;96.013321,npp_d20251028_t1806113_e1807355_b72560;npp_d20251028_t1807367_e1809009_b72560;npp_d20251028_t1809021_e1810263_b72560;npp_d20251028_t1810275_e1811517_b72560,163.002,113.425,63.436,97.8106,113.313,-114.346
128,VBD_npp_d20251028_t1811194_x0991471E_y070522N_l0470_s0398_v23,2025-10-28 20:29:00,7.052179,99.147141,8.60161,2025-10-28 18:11:19,2025-10-29 01:11:19,470,398,0.181698,1,2401,0.518402,0.1375,0.838143,0.4,0.987037,0.75,3.50717e-15,0.0001,8.5788e-10,999999,999999,3,Thailand Exclusive Economic Zone,,,SVDNB_npp_d20251028_t1810275_e1811517_b72560_c20251028193205056000_oebc_ops.h5,GDNBO_npp_d20251028_t1810275_e1811517_b72560_c20251028192939737000_oebc_ops.h5,SVI04_npp_d20251028_t1810275_e1811517_b72560_c20251028193214149000_oebc_ops.dspace_rad,,eez_v11.shp,WPP_BFAR_merge.shp,vbd_mpa_r20170830.shp,VNF-VBD_npp_20120301-20151231_global_asia-enhanced_c201607211230.bitmask,vbd_landsea_r20220824.mask,timezone.shp,VBD_platforms-recurring_2015_r20170330.shp,999999,VBD_bridges_c20160811.shp,10.404151;8.502419;6.138182;1.273068;3.487974;5.509554,96.985527;110.863861;124.483452;123.301933;109.736603;96.013321,npp_d20251028_t1806113_e1807355_b72560;npp_d20251028_t1807367_e1809009_b72560;npp_d20251028_t1809021_e1810263_b72560;npp_d20251028_t1810275_e1811517_b72560,163.005,113.148,63.3781,97.6914,113.375,-114.317
129,VBD_npp_d20251028_t1811158_x0991924E_y072368N_l0441_s0399_v23,2025-10-28 20:29:00,7.236834,99.192383,15.6093,2025-10-28 18:11:15,2025-10-29 01:11:15,441,399,0.192723,1,2401,0.551523,0.1375,0.881717,0.4,0.844008,0.75,3.14815e-15,0.0001,9.40804e-10,999999,999999,3,Thailand Exclusive Economic Zone,,,SVDNB_npp_d20251028_t1810275_e1811517_b72560_c20251028193205056000_oebc_ops.h5,GDNBO_npp_d20251028_t1810275_e1811517_b72560_c20251028192939737000_oebc_ops.h5,SVI04_npp_d20251028_t1810275_e1811517_b72560_c20251028193214149000_oebc_ops.dspace_rad,,eez_v11.shp,WPP_BFAR_merge.shp,vbd_mpa_r20170830.shp,VNF-VBD_npp_20120301-20151231_global_asia-enhanced_c201607211230.bitmask,vbd_landsea_r20220824.mask,timezone.shp,VBD_platforms-recurring_2015_r20170330.shp,999999,VBD_bridges_c20160811.shp,10.404151;8.502419;6.138182;1.273068;3.487974;5.509554,96.985527;110.863861;124.483452;123.301933;109.736603;96.013321,npp_d20251028_t1806113_e1807355_b72560;npp_d20251028_t1807367_e1809009_b72560;npp_d20251028_t1809021_e1810263_b72560;npp_d20251028_t1810275_e1811517_b72560,163.049,112.556,63.3623,97.5498,113.478,-114.249
130,VBD_npp_d20251028_t1811158_x0992039E_y072215N_l0443_s0401_v23,2025-10-28 20:29:00,7.221459,99.203926,12.8784,2025-10-28 18:11:15,2025-10-29 01:11:15,443,401,0.18625,1,2401,0.548031,0.1375,0.87268,0.4,0.887275,0.75,3.14316e-15,0.0001,8.96449e-10,999999,999999,3,Thailand Exclusive Economic Zone,,,SVDNB_npp_d20251028_t1810275_e1811517_b72560_c20251028193205056000_oebc_ops.h5,GDNBO_npp_d20251028_t1810275_e1811517_b72560_c20251028192939737000_oebc_ops.h5,SVI04_npp_d20251028_t1810275_e1811517_b72560_c20251028193214149000_oebc_ops.dspace_rad,,eez_v11.shp,WPP_BFAR_merge.shp,vbd_mpa_r20170830.shp,VNF-VBD_npp_20120301-20151231_global_asia-enhanced_c201607211230.bitmask,vbd_landsea_r20220824.mask,timezone.shp,VBD_platforms-recurring_2015_r20170330.shp,999999,VBD_bridges_c20160811.shp,10.404151;8.502419;6.138182;1.273068;3.487974;5.509554,96.985527;110.863861;124.483452;123.301933;109.736603;96.013321,npp_d20251028_t1806113_e1807355_b72560;npp_d20251028_t1807367_e1809009_b72560;npp_d20251028_t1809021_e1810263_b72560;npp_d20251028_t1810275_e1811517_b72560,163.032,112.59,63.3243,97.4816,113.482,-114.255
131,VBD_npp_d20251028_t1811283_x0990602E_y065348N_l0550_s0401_v23,2025-10-28 20:29:00,6.534792,99.060188,16.8611,2025-10-28 18:11:28,2025-10-29 01:11:28,550,401,0.221247,2,2337,0.616651,0.1375,0.849376,0.4,0.74156,0.75,4.0299e-15,0.0001,6.05632e-10,999999,999999,3,Thailand Exclusive Economic Zone,,,SVDNB_npp_d20251028_t1810275_e1811517_b72560_c20251028193205056000_oebc_ops.h5,GDNBO_npp_d20251028_t1810275_e1811517_b72560_c20251028192939737000_oebc_ops.h5,SVI04_npp_d20251028_t1810275_e1811517_b72560_c20251028193214149000_oebc_ops.dspace_rad,,eez_v11.shp,WPP_BFAR_merge.shp,vbd_mpa_r20170830.shp,VNF-VBD_npp_20120301-20151231_global_asia-enhanced_c201607211230.bitmask,vbd_landsea_r20220824.mask,timezone.shp,VBD_platforms-recurring_2015_r20170330.shp,999999,VBD_bridges_c20160811.shp,10.404151;8.502419;6.138182;1.273068;3.487974;5.509554,96.985527;110.863861;124.483452;123.301933;109.736603;96.013321,npp_d20251028_t1806113_e1807355_b72560;npp_d20251028_t1807367_e1809009_b72560;npp_d20251028_t1809021_e1810263_b72560;npp_d20251028_t1810275_e1811517_b72560,162.84,114.747,63.3218,97.7864,113.116,-114.508
132,VBD_npp_d20251028_t1811158_x0992135E_y072409N_l0440_s0402_v23,2025-10-28 20:29:00,7.240935,99.213501,27.6728,2025-10-28 18:11:15,2025-10-29 01:11:15,440,402,0.196635,1,2401,0.808895,0.1375,0.881717,0.4,0.948689,0.75,3.0938e-15,0.0001,8.99564e-10,999999,999999,3,Thailand Exclusive Economic Zone,,,SVDNB_npp_d20251028_t1810275_e1811517_b72560_c20251028193205056000_oebc_ops.h5,GDNBO_npp_d20251028_t1810275_e1811517_b72560_c20251028192939737000_oebc_ops.h5,SVI04_npp_d20251028_t1810275_e1811517_b72560_c20251028193214149000_oebc_ops.dspace_rad,,eez_v11.shp,WPP_BFAR_merge.shp,vbd_mpa_r20170830.shp,VNF-VBD_npp_20120301-20151231_global_asia-enhanced_c201607211230.bitmask,vbd_landsea_r20220824.mask,timezone.shp,VBD_platforms-recurring_2015_r20170330.shp,999999,VBD_bridges_c20160811.shp,10.404151;8.502419;6.138182;1.273068;3.487974;5.509554,96.985527;110.863861;124.483452;123.301933;109.736603;96.013321,npp_d20251028_t1806113_e1807355_b72560;npp_d20251028_t1807367_e1809009_b72560;npp_d20251028_t1809021_e1810263_b72560;npp_d20251028_t1810275_e1811517_b72560,163.031,112.52,63.3047,97.5873,113.499,-114.248
133,VBD_npp_d20251028_t1811211_x0992039E_y069245N_l0488_s0410_v23,2025-10-28 20:29:00,6.924529,99.203918,4.10583,2025-10-28 18:11:21,2025-10-29 01:11:21,488,410,0.252971,1,2401,0.206922,0.1375,0.849359,0.4,0.813658,0.75,3.48454e-15,0.0001,6.54977e-10,999999,999999,3,Thailand Exclusive Economic Zone,,,SVDNB_npp_d20251028_t1810275_e1811517_b72560_c20251028193205056000_oebc_ops.h5,GDNBO_npp_d20251028_t1810275_e1811517_b72560_c20251028192939737000_oebc_ops.h5,SVI04_npp_d20251028_t1810275_e1811517_b72560_c20251028193214149000_oebc_ops.dspace_rad,,eez_v11.shp,WPP_BFAR_merge.shp,vbd_mpa_r20170830.shp,VNF-VBD_npp_20120301-20151231_global_asia-enhanced_c201607211230.bitmask,vbd_landsea_r20220824.mask,timezone.shp,VBD_platforms-recurring_2015_r20170330.shp,999999,VBD_bridges_c20160811.shp,10.404151;8.502419;6.138182;1.273068;3.487974;5.509554,96.985527;110.863861;124.483452;123.301933;109.736603;96.013321,npp_d20251028_t1806113_e1807355_b72560;npp_d20251028_t1807367_e1809009_b72560;npp_d20251028_t1809021_e1810263_b72560;npp_d20251028_t1810275_e1811517_b72560,162.896,113.456,63.1495,97.648,113.38,-114.368
134,VBD_npp_d20251028_t1811211_x0992001E_y068975N_l0492_s0410_v23,2025-10-28 20:29:00,6.897473,99.200104,12.1735,2025-10-28 18:11:21,2025-10-29 01:11:21,492,410,0.190091,1,2401,0.526963,0.1375,0.867897,0.4,0.875804,0.75,3.50907e-15,0.0001,6.38184e-10,999999,999999,3,Thailand Exclusive Economic Zone,,,SVDNB_npp_d20251028_t1810275_e1811517_b72560_c20251028193205056000_oebc_ops.h5,GDNBO_npp_d20251028_t1810275_e1811517_b72560_c20251028192939737000_oebc_ops.h5,SVI04_npp_d20251028_t1810275_e1811517_b72560_c20251028193214149000_oebc_ops.dspace_rad,,eez_v11.shp,WPP_BFAR_merge.shp,vbd_mpa_r20170830.shp,VNF-VBD_npp_20120301-20151231_global_asia-enhanced_c201607211230.bitmask,vbd_landsea_r20220824.mask,timezone.shp,VBD_platforms-recurring_2015_r20170330.shp,999999,VBD_bridges_c20160811.shp,10.404151;8.502419;6.138182;1.273068;3.487974;5.509554,96.985527;110.863861;124.483452;123.301933;109.736603;96.013321,npp_d20251028_t1806113_e1807355_b72560;npp_d20251028_t1807367_e1809009_b72560;npp_d20251028_t1809021_e1810263_b72560;npp_d20251028_t1810275_e1811517_b72560,162.889,113.541,63.1501,97.5079,113.365,-114.378
135,VBD_npp_d20251028_t1811211_x0992257E_y068872N_l0493_s0414_v23,2025-10-28 20:29:00,6.887187,99.225677,59.0456,2025-10-28 18:11:21,2025-10-29 01:11:21,493,414,0.308738,1,2401,1.08573,0.1375,0.891282,0.4,0.967278,0.75,3.44838e-15,0.0001,5.95731e-10,999999,999999,3,Thailand Exclusive Economic Zone,,,SVDNB_npp_d20251028_t1810275_e1811517_b72560_c20251028193205056000_oebc_ops.h5,GDNBO_npp_d20251028_t1810275_e1811517_b72560_c20251028192939737000_oebc_ops.h5,SVI04_npp_d20251028_t1810275_e1811517_b72560_c20251028193214149000_oebc_ops.dspace_rad,,eez_v11.shp,WPP_BFAR_merge.shp,vbd_mpa_r20170830.shp,VNF-VBD_npp_20120301-20151231_global_asia-enhanced_c201607211230.bitmask,vbd_landsea_r20220824.mask,timezone.shp,VBD_platforms-recurring_2015_r20170330.shp,999999,VBD_bridges_c20160811.shp,10.404151;8.502419;6.138182;1.273068;3.487974;5.509554,96.985527;110.863861;124.483452;123.301933;109.736603;96.013321,npp_d20251028_t1806113_e1807355_b72560;npp_d20251028_t1807367_e1809009_b72560;npp_d20251028_t1809021_e1810263_b72560;npp_d20251028_t1810275_e1811517_b72560,162.861,113.542,63.0739,97.4759,113.384,-114.384
136,VBD_npp_d20251028_t1811300_x0992039E_y063744N_l0571_s0426_v23,2025-10-28 20:29:00,6.374397,99.203896,14.4212,2025-10-28 18:11:30,2025-10-29 01:11:30,571,426,0.14848,1,2401,0.595688,0.0825,0.807011,0.4,0.904955,0.75,3.69029e-15,0.0001,3.82122e-10,999999,999999,3,Thailand Exclusive Economic Zone,,,SVDNB_npp_d20251028_t1810275_e1811517_b72560_c20251028193205056000_oebc_ops.h5,GDNBO_npp_d20251028_t1810275_e1811517_b72560_c20251028192939737000_oebc_ops.h5,SVI04_npp_d20251028_t1810275_e1811517_b72560_c20251028193214149000_oebc_ops.dspace_rad,,eez_v11.shp,WPP_BFAR_merge.shp,vbd_mpa_r20170830.shp,VNF-VBD_npp_20120301-20151231_global_asia-enhanced_c201607211230.bitmask,vbd_landsea_r20220824.mask,timezone.shp,VBD_platforms-recurring_2015_r20170330.shp,999999,VBD_bridges_c20160811.shp,10.404151;8.502419;6.138182;1.273068;3.487974;5.509554,96.985527;110.863861;124.483452;123.301933;109.736603;96.013321,npp_d20251028_t1806113_e1807355_b72560;npp_d20251028_t1807367_e1809009_b72560;npp_d20251028_t1809021_e1810263_b72560;npp_d20251028_t1810275_e1811517_b72560,162.637,115.029,62.8321,97.646,113.186,-114.577
137,VBD_npp_d20251028_t1811140_x0994178E_y073049N_l0426_s0429_v23,2025-10-28 20:29:00,7.304939,99.417847,2.71965,2025-10-28 18:11:14,2025-10-29 01:11:14,426,429,0.178924,2,2337,0.100132,0.0825,0.571928,0.4,0.615699,0.75,2.56791e-15,0.0001,5.97079e-10,999999,999999,1,,,,SVDNB_npp_d20251028_t1810275_e1811517_b72560_c20251028193205056000_oebc_ops.h5,GDNBO_npp_d20251028_t1810275_e1811517_b72560_c20251028192939737000_oebc_ops.h5,SVI04_npp_d20251028_t1810275_e1811517_b72560_c20251028193214149000_oebc_ops.dspace_rad,,eez_v11.shp,WPP_BFAR_merge.shp,vbd_mpa_r20170830.shp,VNF-VBD_npp_20120301-20151231_global_asia-enhanced_c201607211230.bitmask,vbd_landsea_r20220824.mask,timezone.shp,VBD_platforms-recurring_2015_r20170330.shp,999999,VBD_bridges_c20160811.shp,10.404151;8.502419;6.138182;1.273068;3.487974;5.509554,96.985527;110.863861;124.483452;123.301933;109.736603;96.013321,npp_d20251028_t1806113_e1807355_b72560;npp_d20251028_t1807367_e1809009_b72560;npp_d20251028_t1809021_e1810263_b72560;npp_d20251028_t1810275_e1811517_b72560,162.875,112.11,62.7716,97.5177,113.702,-114.232
138,VBD_npp_d20251028_t1811283_x0993584E_y064379N_l0558_s0446_v23,2025-10-28 20:29:00,6.437882,99.358391,4.34752,2025-10-28 18:11:28,2025-10-29 01:11:28,558,446,0.0552982,2,2337,0.200666,0.0825,0.557829,0.4,0.714481,0.75,3.24497e-15,0.0001,2.97428e-10,999999,999999,3,Thailand Exclusive Economic Zone,,,SVDNB_npp_d20251028_t1810275_e1811517_b72560_c20251028193205056000_oebc_ops.h5,GDNBO_npp_d20251028_t1810275_e1811517_b72560_c20251028192939737000_oebc_ops.h5,SVI04_npp_d20251028_t1810275_e1811517_b72560_c20251028193214149000_oebc_ops.dspace_rad,,eez_v11.shp,WPP_BFAR_merge.shp,vbd_mpa_r20170830.shp,VNF-VBD_npp_20120301-20151231_global_asia-enhanced_c201607211230.bitmask,vbd_landsea_r20220824.mask,timezone.shp,VBD_platforms-recurring_2015_r20170330.shp,999999,VBD_bridges_c20160811.shp,10.404151;8.502419;6.138182;1.273068;3.487974;5.509554,96.985527;110.863861;124.483452;123.301933;109.736603;96.013321,npp_d20251028_t1806113_e1807355_b72560;npp_d20251028_t1807367_e1809009_b72560;npp_d20251028_t1809021_e1810263_b72560;npp_d20251028_t1810275_e1811517_b72560,162.531,114.666,62.4342,97.5307,113.344,-114.562
139,VBD_npp_d20251028_t1811300_x0993408E_y063558N_l0571_s0446_v23,2025-10-28 20:29:00,6.355810,99.340805,8.19389,2025-10-28 18:11:30,2025-10-29 01:11:30,571,446,0.0927843,1,2401,0.391554,0.0825,0.784379,0.4,0.83389,0.75,3.31122e-15,0.0001,2.88186e-10,999999,999999,3,Thailand Exclusive Economic Zone,,,SVDNB_npp_d20251028_t1810275_e1811517_b72560_c20251028193205056000_oebc_ops.h5,GDNBO_npp_d20251028_t1810275_e1811517_b72560_c20251028192939737000_oebc_ops.h5,SVI04_npp_d20251028_t1810275_e1811517_b72560_c20251028193214149000_oebc_ops.dspace_rad,,eez_v11.shp,WPP_BFAR_merge.shp,vbd_mpa_r20170830.shp,VNF-VBD_npp_20120301-20151231_global_asia-enhanced_c201607211230.bitmask,vbd_landsea_r20220824.mask,timezone.shp,VBD_platforms-recurring_2015_r20170330.shp,999999,VBD_bridges_c20160811.shp,10.404151;8.502419;6.138182;1.273068;3.487974;5.509554,96.985527;110.863861;124.483452;123.301933;109.736603;96.013321,npp_d20251028_t1806113_e1807355_b72560;npp_d20251028_t1807367_e1809009_b72560;npp_d20251028_t1809021_e1810263_b72560;npp_d20251028_t1810275_e1811517_b72560,162.505,114.915,62.4309,97.6606,113.301,-114.592
140,VBD_npp_d20251028_t1811300_x0993813E_y063503N_l0571_s0452_v23,2025-10-28 20:29:00,6.350311,99.381256,9.17424,2025-10-28 18:11:30,2025-10-29 01:11:30,571,452,0.156802,1,2401,0.472249,0.0825,0.825462,0.4,0.936995,0.75,3.19749e-15,0.0001,2.65817e-10,999999,999999,3,Thailand Exclusive Economic Zone,,,SVDNB_npp_d20251028_t1810275_e1811517_b72560_c20251028193205056000_oebc_ops.h5,GDNBO_npp_d20251028_t1810275_e1811517_b72560_c20251028192939737000_oebc_ops.h5,SVI04_npp_d20251028_t1810275_e1811517_b72560_c20251028193214149000_oebc_ops.dspace_rad,,eez_v11.shp,WPP_BFAR_merge.shp,vbd_mpa_r20170830.shp,VNF-VBD_npp_20120301-20151231_global_asia-enhanced_c201607211230.bitmask,vbd_landsea_r20220824.mask,timezone.shp,VBD_platforms-recurring_2015_r20170330.shp,999999,VBD_bridges_c20160811.shp,10.404151;8.502419;6.138182;1.273068;3.487974;5.509554,96.985527;110.863861;124.483452;123.301933;109.736603;96.013321,npp_d20251028_t1806113_e1807355_b72560;npp_d20251028_t1807367_e1809009_b72560;npp_d20251028_t1809021_e1810263_b72560;npp_d20251028_t1810275_e1811517_b72560,162.467,114.881,62.3111,97.6648,113.335,-114.596
141,VBD_npp_d20251028_t1811336_x0993357E_y061374N_l0604_s0452_v23,2025-10-28 20:29:00,6.137439,99.335655,2.31926,2025-10-28 18:11:33,2025-10-29 01:11:33,604,452,0.282846,1,2401,0.132739,0.0825,0.520525,0.4,0.808118,0.75,3.65115e-15,0.0001,2.41756e-10,999999,999999,3,Malaysian Exclusive Economic Zone,,,SVDNB_npp_d20251028_t1810275_e1811517_b72560_c20251028193205056000_oebc_ops.h5,GDNBO_npp_d20251028_t1810275_e1811517_b72560_c20251028192939737000_oebc_ops.h5,SVI04_npp_d20251028_t1810275_e1811517_b72560_c20251028193214149000_oebc_ops.dspace_rad,,eez_v11.shp,WPP_BFAR_merge.shp,vbd_mpa_r20170830.shp,VNF-VBD_npp_20120301-20151231_global_asia-enhanced_c201607211230.bitmask,vbd_landsea_r20220824.mask,timezone.shp,VBD_platforms-recurring_2015_r20170330.shp,999999,VBD_bridges_c20160811.shp,10.404151;8.502419;6.138182;1.273068;3.487974;5.509554,96.985527;110.863861;124.483452;123.301933;109.736603;96.013321,npp_d20251028_t1806113_e1807355_b72560;npp_d20251028_t1807367_e1809009_b72560;npp_d20251028_t1809021_e1810263_b72560;npp_d20251028_t1810275_e1811517_b72560,162.404,115.528,62.3156,97.6634,113.219,-114.674
147,VBD_npp_d20251028_t1811300_x0994712E_y063872N_l0564_s0464_v23,2025-10-28 20:29:00,6.387222,99.471245,38.2628,2025-10-28 18:11:30,2025-10-29 01:11:30,564,464,0.216979,1,2401,0.964191,0.0825,0.881695,0.4,0.964219,0.75,2.93801e-15,0.0001,2.35213e-10,999999,999999,3,Thailand Exclusive Economic Zone,,,SVDNB_npp_d20251028_t1810275_e1811517_b72560_c20251028193205056000_oebc_ops.h5,GDNBO_npp_d20251028_t1810275_e1811517_b72560_c20251028192939737000_oebc_ops.h5,SVI04_npp_d20251028_t1810275_e1811517_b72560_c20251028193214149000_oebc_ops.dspace_rad,,eez_v11.shp,WPP_BFAR_merge.shp,vbd_mpa_r20170830.shp,VNF-VBD_npp_20120301-20151231_global_asia-enhanced_c201607211230.bitmask,vbd_landsea_r20220824.mask,timezone.shp,VBD_platforms-recurring_2015_r20170330.shp,999999,VBD_bridges_c20160811.shp,10.404151;8.502419;6.138182;1.273068;3.487974;5.509554,96.985527;110.863861;124.483452;123.301933;109.736603;96.013321,npp_d20251028_t1806113_e1807355_b72560;npp_d20251028_t1807367_e1809009_b72560;npp_d20251028_t1809021_e1810263_b72560;npp_d20251028_t1810275_e1811517_b72560,162.401,114.667,62.0627,97.9322,113.431,-114.588
149,VBD_npp_d20251028_t1811372_x0994079E_y059858N_l0626_s0467_v23,2025-10-28 20:29:00,5.985814,99.407913,3.26102,2025-10-28 18:11:37,2025-10-29 01:11:37,626,467,0.049181,2,2337,0.15125,0.0825,0.500655,0.4,0.6615,0.75,3.64158e-15,0.0001,1.92004e-10,999999,999999,3,Malaysian Exclusive Economic Zone,,,SVDNB_npp_d20251028_t1810275_e1811517_b72560_c20251028193205056000_oebc_ops.h5,GDNBO_npp_d20251028_t1810275_e1811517_b72560_c20251028192939737000_oebc_ops.h5,SVI04_npp_d20251028_t1810275_e1811517_b72560_c20251028193214149000_oebc_ops.dspace_rad,,eez_v11.shp,WPP_BFAR_merge.shp,vbd_mpa_r20170830.shp,VNF-VBD_npp_20120301-20151231_global_asia-enhanced_c201607211230.bitmask,vbd_landsea_r20220824.mask,timezone.shp,VBD_platforms-recurring_2015_r20170330.shp,999999,VBD_bridges_c20160811.shp,10.404151;8.502419;6.138182;1.273068;3.487974;5.509554,96.985527;110.863861;124.483452;123.301933;109.736603;96.013321,npp_d20251028_t1806113_e1807355_b72560;npp_d20251028_t1807367_e1809009_b72560;npp_d20251028_t1809021_e1810263_b72560;npp_d20251028_t1810275_e1811517_b72560,162.26,115.848,61.9992,98.08,113.233,-114.736
153,VBD_npp_d20251028_t1811194_x0996703E_y070028N_l0467_s0474_v23,2025-10-28 20:29:00,7.002779,99.670311,6.80717,2025-10-28 18:11:19,2025-10-29 01:11:19,467,474,0.338755,1,2401,0.324824,0.0825,0.710682,0.4,0.828519,0.75,2.28486e-15,0.0001,2.70853e-10,999999,999999,1,Thailand Exclusive Economic Zone,,,SVDNB_npp_d20251028_t1810275_e1811517_b72560_c20251028193205056000_oebc_ops.h5,GDNBO_npp_d20251028_t1810275_e1811517_b72560_c20251028192939737000_oebc_ops.h5,SVI04_npp_d20251028_t1810275_e1811517_b72560_c20251028193214149000_oebc_ops.dspace_rad,,eez_v11.shp,WPP_BFAR_merge.shp,vbd_mpa_r20170830.shp,VNF-VBD_npp_20120301-20151231_global_asia-enhanced_c201607211230.bitmask,vbd_landsea_r20220824.mask,timezone.shp,VBD_platforms-recurring_2015_r20170330.shp,999999,VBD_bridges_c20160811.shp,10.404151;8.502419;6.138182;1.273068;3.487974;5.509554,96.985527;110.863861;124.483452;123.301933;109.736603;96.013321,npp_d20251028_t1806113_e1807355_b72560;npp_d20251028_t1807367_e1809009_b72560;npp_d20251028_t1809021_e1810263_b72560;npp_d20251028_t1810275_e1811517_b72560,162.508,112.707,61.8546,97.8701,113.824,-114.362
154,VBD_npp_d20251028_t1811407_x0994101E_y057103N_l0667_s0475_v23,2025-10-28 20:29:00,5.710277,99.410080,5.15142,2025-10-28 18:11:40,2025-10-29 01:11:40,667,475,0.0678884,1,2401,0.264569,0.0825,0.672135,0.4,0.799481,0.75,4.00863e-15,0.0001,1.52513e-10,999999,999999,3,Malaysian Exclusive Economic Zone,,,SVDNB_npp_d20251028_t1810275_e1811517_b72560_c20251028193205056000_oebc_ops.h5,GDNBO_npp_d20251028_t1810275_e1811517_b72560_c20251028192939737000_oebc_ops.h5,SVI04_npp_d20251028_t1810275_e1811517_b72560_c20251028193214149000_oebc_ops.dspace_rad,,eez_v11.shp,WPP_BFAR_merge.shp,vbd_mpa_r20170830.shp,VNF-VBD_npp_20120301-20151231_global_asia-enhanced_c201607211230.bitmask,vbd_landsea_r20220824.mask,timezone.shp,VBD_platforms-recurring_2015_r20170330.shp,999999,VBD_bridges_c20160811.shp,10.404151;8.502419;6.138182;1.273068;3.487974;5.509554,96.985527;110.863861;124.483452;123.301933;109.736603;96.013321,npp_d20251028_t1806113_e1807355_b72560;npp_d20251028_t1807367_e1809009_b72560;npp_d20251028_t1809021_e1810263_b72560;npp_d20251028_t1810275_e1811517_b72560,162.123,116.596,61.8358,97.7884,113.133,-114.84
156,VBD_npp_d20251028_t1811247_x0996955E_y066393N_l0521_s0488_v23,2025-10-28 20:29:00,6.639289,99.695534,10.5171,2025-10-28 18:11:24,2025-10-29 01:11:24,521,488,0.209866,1,2401,0.549657,0.0825,0.838287,0.4,0.936792,0.75,2.32085e-15,0.0001,1.89942e-10,999999,999999,3,Thailand Exclusive Economic Zone,,,SVDNB_npp_d20251028_t1810275_e1811517_b72560_c20251028193205056000_oebc_ops.h5,GDNBO_npp_d20251028_t1810275_e1811517_b72560_c20251028192939737000_oebc_ops.h5,SVI04_npp_d20251028_t1810275_e1811517_b72560_c20251028193214149000_oebc_ops.dspace_rad,,eez_v11.shp,WPP_BFAR_merge.shp,vbd_mpa_r20170830.shp,VNF-VBD_npp_20120301-20151231_global_asia-enhanced_c201607211230.bitmask,vbd_landsea_r20220824.mask,timezone.shp,VBD_platforms-recurring_2015_r20170330.shp,999999,VBD_bridges_c20160811.shp,10.404151;8.502419;6.138182;1.273068;3.487974;5.509554,96.985527;110.863861;124.483452;123.301933;109.736603;96.013321,npp_d20251028_t1806113_e1807355_b72560;npp_d20251028_t1807367_e1809009_b72560;npp_d20251028_t1809021_e1810263_b72560;npp_d20251028_t1810275_e1811517_b72560,162.321,113.708,61.5661,97.7114,113.717,-114.504
158,VBD_npp_d20251028_t1811247_x0997004E_y066247N_l0523_s0489_v23,2025-10-28 20:29:00,6.624733,99.700432,3.43912,2025-10-28 18:11:24,2025-10-29 01:11:24,523,489,0.174514,1,2401,0.195567,0.0825,0.814908,0.4,0.781949,0.75,2.31105e-15,0.0001,1.85425e-10,999999,999999,3,Thailand Exclusive Economic Zone,,,SVDNB_npp_d20251028_t1810275_e1811517_b72560_c20251028193205056000_oebc_ops.h5,GDNBO_npp_d20251028_t1810275_e1811517_b72560_c20251028192939737000_oebc_ops.h5,SVI04_npp_d20251028_t1810275_e1811517_b72560_c20251028193214149000_oebc_ops.dspace_rad,,eez_v11.shp,WPP_BFAR_merge.shp,vbd_mpa_r20170830.shp,VNF-VBD_npp_20120301-20151231_global_asia-enhanced_c201607211230.bitmask,vbd_landsea_r20220824.mask,timezone.shp,VBD_platforms-recurring_2015_r20170330.shp,999999,VBD_bridges_c20160811.shp,10.404151;8.502419;6.138182;1.273068;3.487974;5.509554,96.985527;110.863861;124.483452;123.301933;109.736603;96.013321,npp_d20251028_t1806113_e1807355_b72560;npp_d20251028_t1807367_e1809009_b72560;npp_d20251028_t1809021_e1810263_b72560;npp_d20251028_t1810275_e1811517_b72560,162.311,113.745,61.5455,97.6379,113.715,-114.51
159,VBD_npp_d20251028_t1811300_x0996404E_y063358N_l0568_s0489_v23,2025-10-28 20:29:00,6.335834,99.640358,5.19675,2025-10-28 18:11:30,2025-10-29 01:11:30,568,489,0.104592,2,2337,0.187517,0.0825,0.556908,0.4,0.710505,0.75,2.48464e-15,0.0001,1.65983e-10,999999,999999,3,Malaysian Exclusive Economic Zone,,,SVDNB_npp_d20251028_t1810275_e1811517_b72560_c20251028193205056000_oebc_ops.h5,GDNBO_npp_d20251028_t1810275_e1811517_b72560_c20251028192939737000_oebc_ops.h5,SVI04_npp_d20251028_t1810275_e1811517_b72560_c20251028193214149000_oebc_ops.dspace_rad,,eez_v11.shp,WPP_BFAR_merge.shp,vbd_mpa_r20170830.shp,VNF-VBD_npp_20120301-20151231_global_asia-enhanced_c201607211230.bitmask,vbd_landsea_r20220824.mask,timezone.shp,VBD_platforms-recurring_2015_r20170330.shp,999999,VBD_bridges_c20160811.shp,10.404151;8.502419;6.138182;1.273068;3.487974;5.509554,96.985527;110.863861;124.483452;123.301933;109.736603;96.013321,npp_d20251028_t1806113_e1807355_b72560;npp_d20251028_t1807367_e1809009_b72560;npp_d20251028_t1809021_e1810263_b72560;npp_d20251028_t1810275_e1811517_b72560,162.227,114.613,61.5401,97.8034,113.561,-114.618
160,VBD_npp_d20251028_t1811318_x0996233E_y062318N_l0584_s0490_v23,2025-10-28 20:29:00,6.231837,99.623268,6.13784,2025-10-28 18:11:31,2025-10-29 01:11:31,584,490,0.200334,1,2401,0.3157,0.0825,0.716956,0.4,0.77552,0.75,2.58548e-15,0.0001,1.58024e-10,999999,999999,3,Malaysian Exclusive Economic Zone,,,SVDNB_npp_d20251028_t1810275_e1811517_b72560_c20251028193205056000_oebc_ops.h5,GDNBO_npp_d20251028_t1810275_e1811517_b72560_c20251028192939737000_oebc_ops.h5,SVI04_npp_d20251028_t1810275_e1811517_b72560_c20251028193214149000_oebc_ops.dspace_rad,,eez_v11.shp,WPP_BFAR_merge.shp,vbd_mpa_r20170830.shp,VNF-VBD_npp_20120301-20151231_global_asia-enhanced_c201607211230.bitmask,vbd_landsea_r20220824.mask,timezone.shp,VBD_platforms-recurring_2015_r20170330.shp,999999,VBD_bridges_c20160811.shp,10.404151;8.502419;6.138182;1.273068;3.487974;5.509554,96.985527;110.863861;124.483452;123.301933;109.736603;96.013321,npp_d20251028_t1806113_e1807355_b72560;npp_d20251028_t1807367_e1809009_b72560;npp_d20251028_t1809021_e1810263_b72560;npp_d20251028_t1810275_e1811517_b72560,162.192,114.919,61.5261,97.82,113.509,-114.657
161,VBD_npp_d20251028_t1811300_x0996589E_y063194N_l0570_s0492_v23,2025-10-28 20:29:00,6.319411,99.658852,4.61089,2025-10-28 18:11:30,2025-10-29 01:11:30,570,492,0.120099,2,2337,0.18314,0.0825,0.589961,0.4,0.665648,0.75,2.43558e-15,0.0001,1.58178e-10,999999,999999,3,Malaysian Exclusive Economic Zone,,,SVDNB_npp_d20251028_t1810275_e1811517_b72560_c20251028193205056000_oebc_ops.h5,GDNBO_npp_d20251028_t1810275_e1811517_b72560_c20251028192939737000_oebc_ops.h5,SVI04_npp_d20251028_t1810275_e1811517_b72560_c20251028193214149000_oebc_ops.dspace_rad,,eez_v11.shp,WPP_BFAR_merge.shp,vbd_mpa_r20170830.shp,VNF-VBD_npp_20120301-20151231_global_asia-enhanced_c201607211230.bitmask,vbd_landsea_r20220824.mask,timezone.shp,VBD_platforms-recurring_2015_r20170330.shp,999999,VBD_bridges_c20160811.shp,10.404151;8.502419;6.138182;1.273068;3.487974;5.509554,96.985527;110.863861;124.483452;123.301933;109.736603;96.013321,npp_d20251028_t1806113_e1807355_b72560;npp_d20251028_t1807367_e1809009_b72560;npp_d20251028_t1809021_e1810263_b72560;npp_d20251028_t1810275_e1811517_b72560,162.203,114.637,61.4779,97.7313,113.571,-114.625
162,VBD_npp_d20251028_t1811318_x0996534E_y062485N_l0581_s0494_v23,2025-10-28 20:29:00,6.248466,99.653374,3.55393,2025-10-28 18:11:31,2025-10-29 01:11:31,581,494,0.182409,2,2337,0.167359,0.0825,0.737764,0.4,0.661129,0.75,2.47095e-15,0.0001,1.52928e-10,999999,999999,3,Malaysian Exclusive Economic Zone,,,SVDNB_npp_d20251028_t1810275_e1811517_b72560_c20251028193205056000_oebc_ops.h5,GDNBO_npp_d20251028_t1810275_e1811517_b72560_c20251028192939737000_oebc_ops.h5,SVI04_npp_d20251028_t1810275_e1811517_b72560_c20251028193214149000_oebc_ops.dspace_rad,,eez_v11.shp,WPP_BFAR_merge.shp,vbd_mpa_r20170830.shp,VNF-VBD_npp_20120301-20151231_global_asia-enhanced_c201607211230.bitmask,vbd_landsea_r20220824.mask,timezone.shp,VBD_platforms-recurring_2015_r20170330.shp,999999,VBD_bridges_c20160811.shp,10.404151;8.502419;6.138182;1.273068;3.487974;5.509554,96.985527;110.863861;124.483452;123.301933;109.736603;96.013321,npp_d20251028_t1806113_e1807355_b72560;npp_d20251028_t1807367_e1809009_b72560;npp_d20251028_t1809021_e1810263_b72560;npp_d20251028_t1810275_e1811517_b72560,162.172,114.836,61.4427,97.9344,113.543,-114.652
163,VBD_npp_d20251028_t1811318_x0996505E_y062281N_l0584_s0494_v23,2025-10-28 20:29:00,6.228076,99.650459,2.44923,2025-10-28 18:11:31,2025-10-29 01:11:31,584,494,0.202113,2,2337,0.0869918,0.0825,0.770591,0.4,0.664151,0.75,2.50638e-15,0.0001,1.50471e-10,999999,999999,3,Malaysian Exclusive Economic Zone,,,SVDNB_npp_d20251028_t1810275_e1811517_b72560_c20251028193205056000_oebc_ops.h5,GDNBO_npp_d20251028_t1810275_e1811517_b72560_c20251028192939737000_oebc_ops.h5,SVI04_npp_d20251028_t1810275_e1811517_b72560_c20251028193214149000_oebc_ops.dspace_rad,,eez_v11.shp,WPP_BFAR_merge.shp,vbd_mpa_r20170830.shp,VNF-VBD_npp_20120301-20151231_global_asia-enhanced_c201607211230.bitmask,vbd_landsea_r20220824.mask,timezone.shp,VBD_platforms-recurring_2015_r20170330.shp,999999,VBD_bridges_c20160811.shp,10.404151;8.502419;6.138182;1.273068;3.487974;5.509554,96.985527;110.863861;124.483452;123.301933;109.736603;96.013321,npp_d20251028_t1806113_e1807355_b72560;npp_d20251028_t1807367_e1809009_b72560;npp_d20251028_t1809021_e1810263_b72560;npp_d20251028_t1810275_e1811517_b72560,162.166,114.897,61.443,97.8229,113.532,-114.66
164,VBD_npp_d20251028_t1811318_x0996543E_y062068N_l0587_s0495_v23,2025-10-28 20:29:00,6.206760,99.654312,5.62264,2025-10-28 18:11:31,2025-10-29 01:11:31,587,495,0.226795,1,2401,0.277299,0.0825,0.782319,0.4,0.781804,0.75,2.52175e-15,0.0001,1.46286e-10,999999,999999,3,Malaysian Exclusive Economic Zone,,,SVDNB_npp_d20251028_t1810275_e1811517_b72560_c20251028193205056000_oebc_ops.h5,GDNBO_npp_d20251028_t1810275_e1811517_b72560_c20251028192939737000_oebc_ops.h5,SVI04_npp_d20251028_t1810275_e1811517_b72560_c20251028193214149000_oebc_ops.dspace_rad,,eez_v11.shp,WPP_BFAR_merge.shp,vbd_mpa_r20170830.shp,VNF-VBD_npp_20120301-20151231_global_asia-enhanced_c201607211230.bitmask,vbd_landsea_r20220824.mask,timezone.shp,VBD_platforms-recurring_2015_r20170330.shp,999999,VBD_bridges_c20160811.shp,10.404151;8.502419;6.138182;1.273068;3.487974;5.509554,96.985527;110.863861;124.483452;123.301933;109.736603;96.013321,npp_d20251028_t1806113_e1807355_b72560;npp_d20251028_t1807367_e1809009_b72560;npp_d20251028_t1809021_e1810263_b72560;npp_d20251028_t1810275_e1811517_b72560,162.153,114.952,61.4226,97.7121,113.527,-114.668
165,VBD_npp_d20251028_t1811318_x0996659E_y062398N_l0582_s0496_v23,2025-10-28 20:29:00,6.239783,99.665947,5.51482,2025-10-28 18:11:31,2025-10-29 01:11:31,582,496,0.17807,2,2337,0.204523,0.0825,0.743612,0.4,0.68793,0.75,2.44358e-15,0.0001,1.48454e-10,999999,999999,3,Malaysian Exclusive Economic Zone,,,SVDNB_npp_d20251028_t1810275_e1811517_b72560_c20251028193205056000_oebc_ops.h5,GDNBO_npp_d20251028_t1810275_e1811517_b72560_c20251028192939737000_oebc_ops.h5,SVI04_npp_d20251028_t1810275_e1811517_b72560_c20251028193214149000_oebc_ops.dspace_rad,,eez_v11.shp,WPP_BFAR_merge.shp,vbd_mpa_r20170830.shp,VNF-VBD_npp_20120301-20151231_global_asia-enhanced_c201607211230.bitmask,vbd_landsea_r20220824.mask,timezone.shp,VBD_platforms-recurring_2015_r20170330.shp,999999,VBD_bridges_c20160811.shp,10.404151;8.502419;6.138182;1.273068;3.487974;5.509554,96.985527;110.863861;124.483452;123.301933;109.736603;96.013321,npp_d20251028_t1806113_e1807355_b72560;npp_d20251028_t1807367_e1809009_b72560;npp_d20251028_t1809021_e1810263_b72560;npp_d20251028_t1810275_e1811517_b72560,162.157,114.845,61.4013,97.8987,113.551,-114.656
167,VBD_npp_d20251028_t1811318_x0996698E_y062185N_l0585_s0497_v23,2025-10-28 20:29:00,6.218481,99.669785,3.63348,2025-10-28 18:11:31,2025-10-29 01:11:31,585,497,0.256101,2,2337,0.141356,0.0825,0.786979,0.4,0.66941,0.75,2.46203e-15,0.0001,1.44331e-10,999999,999999,3,Malaysian Exclusive Economic Zone,,,SVDNB_npp_d20251028_t1810275_e1811517_b72560_c20251028193205056000_oebc_ops.h5,GDNBO_npp_d20251028_t1810275_e1811517_b72560_c20251028192939737000_oebc_ops.h5,SVI04_npp_d20251028_t1810275_e1811517_b72560_c20251028193214149000_oebc_ops.dspace_rad,,eez_v11.shp,WPP_BFAR_merge.shp,vbd_mpa_r20170830.shp,VNF-VBD_npp_20120301-20151231_global_asia-enhanced_c201607211230.bitmask,vbd_landsea_r20220824.mask,timezone.shp,VBD_platforms-recurring_2015_r20170330.shp,999999,VBD_bridges_c20160811.shp,10.404151;8.502419;6.138182;1.273068;3.487974;5.509554,96.985527;110.863861;124.483452;123.301933;109.736603;96.013321,npp_d20251028_t1806113_e1807355_b72560;npp_d20251028_t1807367_e1809009_b72560;npp_d20251028_t1809021_e1810263_b72560;npp_d20251028_t1810275_e1811517_b72560,162.144,114.901,61.3808,97.7879,113.546,-114.665
168,VBD_npp_d20251028_t1811318_x0996678E_y062049N_l0587_s0497_v23,2025-10-28 20:29:00,6.204906,99.667839,12.1423,2025-10-28 18:11:31,2025-10-29 01:11:31,587,497,0.239101,1,2401,0.483529,0.0825,0.782319,0.4,0.893212,0.75,2.48513e-15,0.0001,1.428e-10,999999,999999,3,Malaysian Exclusive Economic Zone,,,SVDNB_npp_d20251028_t1810275_e1811517_b72560_c20251028193205056000_oebc_ops.h5,GDNBO_npp_d20251028_t1810275_e1811517_b72560_c20251028192939737000_oebc_ops.h5,SVI04_npp_d20251028_t1810275_e1811517_b72560_c20251028193214149000_oebc_ops.dspace_rad,,eez_v11.shp,WPP_BFAR_merge.shp,vbd_mpa_r20170830.shp,VNF-VBD_npp_20120301-20151231_global_asia-enhanced_c201607211230.bitmask,vbd_landsea_r20220824.mask,timezone.shp,VBD_platforms-recurring_2015_r20170330.shp,999999,VBD_bridges_c20160811.shp,10.404151;8.502419;6.138182;1.273068;3.487974;5.509554,96.985527;110.863861;124.483452;123.301933;109.736603;96.013321,npp_d20251028_t1806113_e1807355_b72560;npp_d20251028_t1807367_e1809009_b72560;npp_d20251028_t1809021_e1810263_b72560;npp_d20251028_t1810275_e1811517_b72560,162.14,114.941,61.3811,97.7135,113.538,-114.67
169,VBD_npp_d20251028_t1811318_x0996727E_y061904N_l0589_s0498_v23,2025-10-28 20:29:00,6.190413,99.672653,6.17088,2025-10-28 18:11:31,2025-10-29 01:11:31,589,498,0.24344,2,2337,0.237641,0.0825,0.782319,0.4,0.717776,0.75,2.497e-15,0.0001,1.39606e-10,999999,999999,3,Malaysian Exclusive Economic Zone,,,SVDNB_npp_d20251028_t1810275_e1811517_b72560_c20251028193205056000_oebc_ops.h5,GDNBO_npp_d20251028_t1810275_e1811517_b72560_c20251028192939737000_oebc_ops.h5,SVI04_npp_d20251028_t1810275_e1811517_b72560_c20251028193214149000_oebc_ops.dspace_rad,,eez_v11.shp,WPP_BFAR_merge.shp,vbd_mpa_r20170830.shp,VNF-VBD_npp_20120301-20151231_global_asia-enhanced_c201607211230.bitmask,vbd_landsea_r20220824.mask,timezone.shp,VBD_platforms-recurring_2015_r20170330.shp,999999,VBD_bridges_c20160811.shp,10.404151;8.502419;6.138182;1.273068;3.487974;5.509554,96.985527;110.863861;124.483452;123.301933;109.736603;96.013321,npp_d20251028_t1806113_e1807355_b72560;npp_d20251028_t1807367_e1809009_b72560;npp_d20251028_t1809021_e1810263_b72560;npp_d20251028_t1810275_e1811517_b72560,162.13,114.976,61.3607,97.6398,113.537,-114.676
170,VBD_npp_d20251028_t1811318_x0996804E_y061963N_l0588_s0499_v23,2025-10-28 20:29:00,6.196274,99.680389,7.15313,2025-10-28 18:11:31,2025-10-29 01:11:31,588,499,0.236113,1,2401,0.2652,0.0825,0.788677,0.4,0.75248,0.75,2.47434e-15,0.0001,1.38677e-10,999999,999999,3,Malaysian Exclusive Economic Zone,,,SVDNB_npp_d20251028_t1810275_e1811517_b72560_c20251028193205056000_oebc_ops.h5,GDNBO_npp_d20251028_t1810275_e1811517_b72560_c20251028192939737000_oebc_ops.h5,SVI04_npp_d20251028_t1810275_e1811517_b72560_c20251028193214149000_oebc_ops.dspace_rad,,eez_v11.shp,WPP_BFAR_merge.shp,vbd_mpa_r20170830.shp,VNF-VBD_npp_20120301-20151231_global_asia-enhanced_c201607211230.bitmask,vbd_landsea_r20220824.mask,timezone.shp,VBD_platforms-recurring_2015_r20170330.shp,999999,VBD_bridges_c20160811.shp,10.404151;8.502419;6.138182;1.273068;3.487974;5.509554,96.985527;110.863861;124.483452;123.301933;109.736603;96.013321,npp_d20251028_t1806113_e1807355_b72560;npp_d20251028_t1807367_e1809009_b72560;npp_d20251028_t1809021_e1810263_b72560;npp_d20251028_t1810275_e1811517_b72560,162.125,114.951,61.3398,97.6777,113.546,-114.674
172,VBD_npp_d20251028_t1811318_x0996920E_y062292N_l0583_s0500_v23,2025-10-28 20:29:00,6.229240,99.692009,3.42928,2025-10-28 18:11:31,2025-10-29 01:11:31,583,500,0.181342,1,2401,0.13196,0.0825,0.778888,0.4,0.783901,0.75,2.40623e-15,0.0001,1.40717e-10,999999,999999,3,Malaysian Exclusive Economic Zone,,,SVDNB_npp_d20251028_t1810275_e1811517_b72560_c20251028193205056000_oebc_ops.h5,GDNBO_npp_d20251028_t1810275_e1811517_b72560_c20251028192939737000_oebc_ops.h5,SVI04_npp_d20251028_t1810275_e1811517_b72560_c20251028193214149000_oebc_ops.dspace_rad,,eez_v11.shp,WPP_BFAR_merge.shp,vbd_mpa_r20170830.shp,VNF-VBD_npp_20120301-20151231_global_asia-enhanced_c201607211230.bitmask,vbd_landsea_r20220824.mask,timezone.shp,VBD_platforms-recurring_2015_r20170330.shp,999999,VBD_bridges_c20160811.shp,10.404151;8.502419;6.138182;1.273068;3.487974;5.509554,96.985527;110.863861;124.483452;123.301933;109.736603;96.013321,npp_d20251028_t1806113_e1807355_b72560;npp_d20251028_t1807367_e1809009_b72560;npp_d20251028_t1809021_e1810263_b72560;npp_d20251028_t1810275_e1811517_b72560,162.129,114.844,61.3183,97.8644,113.57,-114.662
173,VBD_npp_d20251028_t1811318_x0996901E_y062157N_l0585_s0500_v23,2025-10-28 20:29:00,6.215684,99.690063,7.27039,2025-10-28 18:11:31,2025-10-29 01:11:31,585,500,0.250553,1,2401,0.357085,0.0825,0.778888,0.4,0.861599,0.75,2.42901e-15,0.0001,1.39226e-10,999999,999999,3,Malaysian Exclusive Economic Zone,,,SVDNB_npp_d20251028_t1810275_e1811517_b72560_c20251028193205056000_oebc_ops.h5,GDNBO_npp_d20251028_t1810275_e1811517_b72560_c20251028192939737000_oebc_ops.h5,SVI04_npp_d20251028_t1810275_e1811517_b72560_c20251028193214149000_oebc_ops.dspace_rad,,eez_v11.shp,WPP_BFAR_merge.shp,vbd_mpa_r20170830.shp,VNF-VBD_npp_20120301-20151231_global_asia-enhanced_c201607211230.bitmask,vbd_landsea_r20220824.mask,timezone.shp,VBD_platforms-recurring_2015_r20170330.shp,999999,VBD_bridges_c20160811.shp,10.404151;8.502419;6.138182;1.273068;3.487974;5.509554,96.985527;110.863861;124.483452;123.301933;109.736603;96.013321,npp_d20251028_t1806113_e1807355_b72560;npp_d20251028_t1807367_e1809009_b72560;npp_d20251028_t1809021_e1810263_b72560;npp_d20251028_t1810275_e1811517_b72560,162.125,114.884,61.3185,97.79,113.563,-114.667
174,VBD_npp_d20251028_t1811318_x0996852E_y061818N_l0590_s0500_v23,2025-10-28 20:29:00,6.181796,99.685204,4.39769,2025-10-28 18:11:31,2025-10-29 01:11:31,590,500,0.218757,2,2337,0.187724,0.0825,0.788677,0.4,0.657122,0.75,2.48596e-15,0.0001,1.35596e-10,999999,999999,3,Malaysian Exclusive Economic Zone,,,SVDNB_npp_d20251028_t1810275_e1811517_b72560_c20251028193205056000_oebc_ops.h5,GDNBO_npp_d20251028_t1810275_e1811517_b72560_c20251028192939737000_oebc_ops.h5,SVI04_npp_d20251028_t1810275_e1811517_b72560_c20251028193214149000_oebc_ops.dspace_rad,,eez_v11.shp,WPP_BFAR_merge.shp,vbd_mpa_r20170830.shp,VNF-VBD_npp_20120301-20151231_global_asia-enhanced_c201607211230.bitmask,vbd_landsea_r20220824.mask,timezone.shp,VBD_platforms-recurring_2015_r20170330.shp,999999,VBD_bridges_c20160811.shp,10.404151;8.502419;6.138182;1.273068;3.487974;5.509554,96.985527;110.863861;124.483452;123.301933;109.736603;96.013321,npp_d20251028_t1806113_e1807355_b72560;npp_d20251028_t1807367_e1809009_b72560;npp_d20251028_t1809021_e1810263_b72560;npp_d20251028_t1810275_e1811517_b72560,162.115,114.985,61.3194,97.6039,113.544,-114.68
176,VBD_npp_d20251028_t1811336_x0996819E_y061523N_l0595_s0501_v23,2025-10-28 20:29:00,6.152319,99.681854,3.15855,2025-10-28 18:11:33,2025-10-29 01:11:33,595,501,0.233197,1,2401,0.165751,0.0825,0.693088,0.4,0.805401,0.75,2.53139e-15,0.0001,1.36447e-10,999999,999999,3,Malaysian Exclusive Economic Zone,,,SVDNB_npp_d20251028_t1810275_e1811517_b72560_c20251028193205056000_oebc_ops.h5,GDNBO_npp_d20251028_t1810275_e1811517_b72560_c20251028192939737000_oebc_ops.h5,SVI04_npp_d20251028_t1810275_e1811517_b72560_c20251028193214149000_oebc_ops.dspace_rad,,eez_v11.shp,WPP_BFAR_merge.shp,vbd_mpa_r20170830.shp,VNF-VBD_npp_20120301-20151231_global_asia-enhanced_c201607211230.bitmask,vbd_landsea_r20220824.mask,timezone.shp,VBD_platforms-recurring_2015_r20170330.shp,999999,VBD_bridges_c20160811.shp,10.404151;8.502419;6.138182;1.273068;3.487974;5.509554,96.985527;110.863861;124.483452;123.301933;109.736603;96.013321,npp_d20251028_t1806113_e1807355_b72560;npp_d20251028_t1807367_e1809009_b72560;npp_d20251028_t1809021_e1810263_b72560;npp_d20251028_t1810275_e1811517_b72560,162.099,115.063,61.2947,98.0325,113.535,-114.691
177,VBD_npp_d20251028_t1811407_x0995963E_y057467N_l0658_s0501_v23,2025-10-28 20:29:00,5.746652,99.596306,3.13496,2025-10-28 18:11:40,2025-10-29 01:11:40,658,501,0.124366,2,2337,0.182745,0.0825,0.615162,0.4,0.749709,0.75,3.24579e-15,0.0001,1.17772e-10,999999,999999,3,Malaysian Exclusive Economic Zone,,,SVDNB_npp_d20251028_t1810275_e1811517_b72560_c20251028193205056000_oebc_ops.h5,GDNBO_npp_d20251028_t1810275_e1811517_b72560_c20251028192939737000_oebc_ops.h5,SVI04_npp_d20251028_t1810275_e1811517_b72560_c20251028193214149000_oebc_ops.dspace_rad,,eez_v11.shp,WPP_BFAR_merge.shp,vbd_mpa_r20170830.shp,VNF-VBD_npp_20120301-20151231_global_asia-enhanced_c201607211230.bitmask,vbd_landsea_r20220824.mask,timezone.shp,VBD_platforms-recurring_2015_r20170330.shp,999999,VBD_bridges_c20160811.shp,10.404151;8.502419;6.138182;1.273068;3.487974;5.509554,96.985527;110.863861;124.483452;123.301933;109.736603;96.013321,npp_d20251028_t1806113_e1807355_b72560;npp_d20251028_t1807367_e1809009_b72560;npp_d20251028_t1809021_e1810263_b72560;npp_d20251028_t1810275_e1811517_b72560,161.973,116.26,61.2934,98.1401,113.316,-114.84
178,VBD_npp_d20251028_t1811318_x0997065E_y062341N_l0582_s0502_v23,2025-10-28 20:29:00,6.234138,99.706467,3.17094,2025-10-28 18:11:31,2025-10-29 02:11:31,582,502,0.171384,2,2337,0.110963,0.0825,0.726399,0.4,0.524683,0.75,2.37313e-15,0.0001,1.38134e-10,999999,999999,3,Malaysian Exclusive Economic Zone,,,SVDNB_npp_d20251028_t1810275_e1811517_b72560_c20251028193205056000_oebc_ops.h5,GDNBO_npp_d20251028_t1810275_e1811517_b72560_c20251028192939737000_oebc_ops.h5,SVI04_npp_d20251028_t1810275_e1811517_b72560_c20251028193214149000_oebc_ops.dspace_rad,,eez_v11.shp,WPP_BFAR_merge.shp,vbd_mpa_r20170830.shp,VNF-VBD_npp_20120301-20151231_global_asia-enhanced_c201607211230.bitmask,vbd_landsea_r20220824.mask,timezone.shp,VBD_platforms-recurring_2015_r20170330.shp,999999,VBD_bridges_c20160811.shp,10.404151;8.502419;6.138182;1.273068;3.487974;5.509554,96.985527;110.863861;124.483452;123.301933;109.736603;96.013321,npp_d20251028_t1806113_e1807355_b72560;npp_d20251028_t1807367_e1809009_b72560;npp_d20251028_t1809021_e1810263_b72560;npp_d20251028_t1810275_e1811517_b72560,162.118,114.813,61.2767,97.9031,113.585,-114.661
179,VBD_npp_d20251028_t1811425_x0995740E_y055467N_l0688_s0503_v23,2025-10-28 20:29:00,5.546736,99.573952,42.0886,2025-10-28 18:11:42,2025-10-29 01:11:42,688,503,0.298851,1,2401,0.860895,0.0825,0.860286,0.4,0.931151,0.75,3.38479e-15,0.0001,1.0336e-10,999999,999999,3,Malaysian Exclusive Economic Zone,,,SVDNB_npp_d20251028_t1810275_e1811517_b72560_c20251028193205056000_oebc_ops.h5,GDNBO_npp_d20251028_t1810275_e1811517_b72560_c20251028192939737000_oebc_ops.h5,SVI04_npp_d20251028_t1810275_e1811517_b72560_c20251028193214149000_oebc_ops.dspace_rad,,eez_v11.shp,WPP_BFAR_merge.shp,vbd_mpa_r20170830.shp,VNF-VBD_npp_20120301-20151231_global_asia-enhanced_c201607211230.bitmask,vbd_landsea_r20220824.mask,timezone.shp,VBD_platforms-recurring_2015_r20170330.shp,999999,VBD_bridges_c20160811.shp,10.404151;8.502419;6.138182;1.273068;3.487974;5.509554,96.985527;110.863861;124.483452;123.301933;109.736603;96.013321,npp_d20251028_t1806113_e1807355_b72560;npp_d20251028_t1807367_e1809009_b72560;npp_d20251028_t1809021_e1810263_b72560;npp_d20251028_t1810275_e1811517_b72560,161.897,116.827,61.2545,97.6368,113.218,-114.914
180,VBD_npp_d20251028_t1811443_x0995741E_y055444N_l0689_s0504_v23,2025-10-28 20:29:00,5.544377,99.574104,56.7854,2025-10-28 18:11:44,2025-10-29 01:11:44,689,504,0.298851,1,2401,0.9824,0.0825,0.860286,0.4,0.953217,0.75,3.36925e-15,0.0001,1.06314e-10,999999,999999,3,Malaysian Exclusive Economic Zone,,,SVDNB_npp_d20251028_t1810275_e1811517_b72560_c20251028193205056000_oebc_ops.h5,GDNBO_npp_d20251028_t1810275_e1811517_b72560_c20251028192939737000_oebc_ops.h5,SVI04_npp_d20251028_t1810275_e1811517_b72560_c20251028193214149000_oebc_ops.dspace_rad,,eez_v11.shp,WPP_BFAR_merge.shp,vbd_mpa_r20170830.shp,VNF-VBD_npp_20120301-20151231_global_asia-enhanced_c201607211230.bitmask,vbd_landsea_r20220824.mask,timezone.shp,VBD_platforms-recurring_2015_r20170330.shp,999999,VBD_bridges_c20160811.shp,10.404151;8.502419;6.138182;1.273068;3.487974;5.509554,96.985527;110.863861;124.483452;123.301933;109.736603;96.013321,npp_d20251028_t1806113_e1807355_b72560;npp_d20251028_t1807367_e1809009_b72560;npp_d20251028_t1809021_e1810263_b72560;npp_d20251028_t1810275_e1811517_b72560,161.889,116.824,61.2303,98.2151,113.224,-114.915
181,VBD_npp_d20251028_t1811318_x0997372E_y062574N_l0578_s0506_v23,2025-10-28 20:29:00,6.257438,99.737167,2.9133,2025-10-28 18:11:31,2025-10-29 02:11:31,578,506,0.263499,2,2337,0.0866322,0.0825,0.667031,0.4,0.608494,0.75,2.28538e-15,0.0001,1.34586e-10,999999,999999,1,Malaysian Exclusive Economic Zone,,,SVDNB_npp_d20251028_t1810275_e1811517_b72560_c20251028193205056000_oebc_ops.h5,GDNBO_npp_d20251028_t1810275_e1811517_b72560_c20251028192939737000_oebc_ops.h5,SVI04_npp_d20251028_t1810275_e1811517_b72560_c20251028193214149000_oebc_ops.dspace_rad,,eez_v11.shp,WPP_BFAR_merge.shp,vbd_mpa_r20170830.shp,VNF-VBD_npp_20120301-20151231_global_asia-enhanced_c201607211230.bitmask,vbd_landsea_r20220824.mask,timezone.shp,VBD_platforms-recurring_2015_r20170330.shp,999999,VBD_bridges_c20160811.shp,10.404151;8.502419;6.138182;1.273068;3.487974;5.509554,96.985527;110.863861;124.483452;123.301933;109.736603;96.013321,npp_d20251028_t1806113_e1807355_b72560;npp_d20251028_t1807367_e1809009_b72560;npp_d20251028_t1809021_e1810263_b72560;npp_d20251028_t1810275_e1811517_b72560,162.1,114.711,61.1937,98.0551,113.622,-114.654
183,VBD_npp_d20251028_t1811318_x0997399E_y061813N_l0589_s0508_v23,2025-10-28 20:29:00,6.181259,99.739883,9.02723,2025-10-28 18:11:31,2025-10-29 02:11:31,589,508,0.237963,1,2401,0.340084,0.0825,0.787134,0.4,0.844574,0.75,2.38485e-15,0.0001,1.24079e-10,999999,999999,3,Malaysian Exclusive Economic Zone,,,SVDNB_npp_d20251028_t1810275_e1811517_b72560_c20251028193205056000_oebc_ops.h5,GDNBO_npp_d20251028_t1810275_e1811517_b72560_c20251028192939737000_oebc_ops.h5,SVI04_npp_d20251028_t1810275_e1811517_b72560_c20251028193214149000_oebc_ops.dspace_rad,,eez_v11.shp,WPP_BFAR_merge.shp,vbd_mpa_r20170830.shp,VNF-VBD_npp_20120301-20151231_global_asia-enhanced_c201607211230.bitmask,vbd_landsea_r20220824.mask,timezone.shp,VBD_platforms-recurring_2015_r20170330.shp,999999,VBD_bridges_c20160811.shp,10.404151;8.502419;6.138182;1.273068;3.487974;5.509554,96.985527;110.863861;124.483452;123.301933;109.736603;96.013321,npp_d20251028_t1806113_e1807355_b72560;npp_d20251028_t1807367_e1809009_b72560;npp_d20251028_t1809021_e1810263_b72560;npp_d20251028_t1810275_e1811517_b72560,162.065,114.922,61.1536,97.6465,113.593,-114.684
184,VBD_npp_d20251028_t1811300_x0997773E_y062825N_l0573_s0510_v23,2025-10-28 20:29:00,6.282526,99.777290,8.82849,2025-10-28 18:11:30,2025-10-29 02:11:30,573,510,0.215627,2,2337,0.290946,0.0825,0.708989,0.4,0.639076,0.75,2.21822e-15,0.0001,1.25447e-10,999999,999999,1,Malaysian Exclusive Economic Zone,,,SVDNB_npp_d20251028_t1810275_e1811517_b72560_c20251028193205056000_oebc_ops.h5,GDNBO_npp_d20251028_t1810275_e1811517_b72560_c20251028192939737000_oebc_ops.h5,SVI04_npp_d20251028_t1810275_e1811517_b72560_c20251028193214149000_oebc_ops.dspace_rad,,eez_v11.shp,WPP_BFAR_merge.shp,vbd_mpa_r20170830.shp,VNF-VBD_npp_20120301-20151231_global_asia-enhanced_c201607211230.bitmask,vbd_landsea_r20220824.mask,timezone.shp,VBD_platforms-recurring_2015_r20170330.shp,999999,VBD_bridges_c20160811.shp,10.404151;8.502419;6.138182;1.273068;3.487974;5.509554,96.985527;110.863861;124.483452;123.301933;109.736603;96.013321,npp_d20251028_t1806113_e1807355_b72560;npp_d20251028_t1807367_e1809009_b72560;npp_d20251028_t1809021_e1810263_b72560;npp_d20251028_t1810275_e1811517_b72560,162.081,114.602,61.1053,97.6322,113.662,-114.647
185,VBD_npp_d20251028_t1811318_x0997513E_y061659N_l0591_s0510_v23,2025-10-28 20:29:00,6.165948,99.751266,6.75066,2025-10-28 18:11:31,2025-10-29 02:11:31,591,510,0.228502,1,2401,0.298825,0.0825,0.789631,0.4,0.821146,0.75,2.38417e-15,0.0001,1.19992e-10,999999,999999,3,Malaysian Exclusive Economic Zone,,,SVDNB_npp_d20251028_t1810275_e1811517_b72560_c20251028193205056000_oebc_ops.h5,GDNBO_npp_d20251028_t1810275_e1811517_b72560_c20251028192939737000_oebc_ops.h5,SVI04_npp_d20251028_t1810275_e1811517_b72560_c20251028193214149000_oebc_ops.dspace_rad,,eez_v11.shp,WPP_BFAR_merge.shp,vbd_mpa_r20170830.shp,VNF-VBD_npp_20120301-20151231_global_asia-enhanced_c201607211230.bitmask,vbd_landsea_r20220824.mask,timezone.shp,VBD_platforms-recurring_2015_r20170330.shp,999999,VBD_bridges_c20160811.shp,10.404151;8.502419;6.138182;1.273068;3.487974;5.509554,96.985527;110.863861;124.483452;123.301933;109.736603;96.013321,npp_d20251028_t1806113_e1807355_b72560;npp_d20251028_t1807367_e1809009_b72560;npp_d20251028_t1809021_e1810263_b72560;npp_d20251028_t1810275_e1811517_b72560,162.049,114.951,61.1127,97.5733,113.597,-114.69
186,VBD_npp_d20251028_t1811425_x0996326E_y056213N_l0676_s0510_v23,2025-10-28 20:29:00,5.621277,99.632553,15.7791,2025-10-28 18:11:42,2025-10-29 01:11:42,676,510,0.251122,8,18785,0.69151,0.0825,0.853482,0.4,0.93463,0.75,3.27598e-15,0.0001,1.01675e-10,999999,999999,3,Malaysian Exclusive Economic Zone,,,SVDNB_npp_d20251028_t1810275_e1811517_b72560_c20251028193205056000_oebc_ops.h5,GDNBO_npp_d20251028_t1810275_e1811517_b72560_c20251028192939737000_oebc_ops.h5,SVI04_npp_d20251028_t1810275_e1811517_b72560_c20251028193214149000_oebc_ops.dspace_rad,,eez_v11.shp,WPP_BFAR_merge.shp,vbd_mpa_r20170830.shp,VNF-VBD_npp_20120301-20151231_global_asia-enhanced_c201607211230.bitmask,vbd_landsea_r20220824.mask,timezone.shp,VBD_platforms-recurring_2015_r20170330.shp,0.422865,VBD_bridges_c20160811.shp,10.404151;8.502419;6.138182;1.273068;3.487974;5.509554,96.985527;110.863861;124.483452;123.301933;109.736603;96.013321,npp_d20251028_t1806113_e1807355_b72560;npp_d20251028_t1807367_e1809009_b72560;npp_d20251028_t1809021_e1810263_b72560;npp_d20251028_t1810275_e1811517_b72560,161.879,116.549,61.1078,98.0883,113.302,-114.89
189,VBD_npp_d20251028_t1811300_x0997850E_y062884N_l0572_s0511_v23,2025-10-28 20:29:00,6.288359,99.784958,5.60003,2025-10-28 18:11:30,2025-10-29 02:11:30,572,511,0.219469,2,2337,0.15838,0.0825,0.715717,0.4,0.587194,0.75,2.20428e-15,0.0001,1.24643e-10,999999,999999,1,Malaysian Exclusive Economic Zone,,,SVDNB_npp_d20251028_t1810275_e1811517_b72560_c20251028193205056000_oebc_ops.h5,GDNBO_npp_d20251028_t1810275_e1811517_b72560_c20251028192939737000_oebc_ops.h5,SVI04_npp_d20251028_t1810275_e1811517_b72560_c20251028193214149000_oebc_ops.dspace_rad,,eez_v11.shp,WPP_BFAR_merge.shp,vbd_mpa_r20170830.shp,VNF-VBD_npp_20120301-20151231_global_asia-enhanced_c201607211230.bitmask,vbd_landsea_r20220824.mask,timezone.shp,VBD_platforms-recurring_2015_r20170330.shp,999999,VBD_bridges_c20160811.shp,10.404151;8.502419;6.138182;1.273068;3.487974;5.509554,96.985527;110.863861;124.483452;123.301933;109.736603;96.013321,npp_d20251028_t1806113_e1807355_b72560;npp_d20251028_t1807367_e1809009_b72560;npp_d20251028_t1809021_e1810263_b72560;npp_d20251028_t1810275_e1811517_b72560,162.076,114.577,61.0844,97.6702,113.671,-114.645
190,VBD_npp_d20251028_t1811318_x0997656E_y061709N_l0590_s0512_v23,2025-10-28 20:29:00,6.170886,99.765572,13.0001,2025-10-28 18:11:31,2025-10-29 02:11:31,590,512,0.227791,1,2401,0.418074,0.0825,0.806787,0.4,0.755553,0.75,2.35076e-15,0.0001,1.17871e-10,999999,999999,3,Malaysian Exclusive Economic Zone,,,SVDNB_npp_d20251028_t1810275_e1811517_b72560_c20251028193205056000_oebc_ops.h5,GDNBO_npp_d20251028_t1810275_e1811517_b72560_c20251028192939737000_oebc_ops.h5,SVI04_npp_d20251028_t1810275_e1811517_b72560_c20251028193214149000_oebc_ops.dspace_rad,,eez_v11.shp,WPP_BFAR_merge.shp,vbd_mpa_r20170830.shp,VNF-VBD_npp_20120301-20151231_global_asia-enhanced_c201607211230.bitmask,vbd_landsea_r20220824.mask,timezone.shp,VBD_platforms-recurring_2015_r20170330.shp,999999,VBD_bridges_c20160811.shp,10.404151;8.502419;6.138182;1.273068;3.487974;5.509554,96.985527;110.863861;124.483452;123.301933;109.736603;96.013321,npp_d20251028_t1806113_e1807355_b72560;npp_d20251028_t1807367_e1809009_b72560;npp_d20251028_t1809021_e1810263_b72560;npp_d20251028_t1810275_e1811517_b72560,162.038,114.92,61.0711,97.6119,113.612,-114.689
192,VBD_npp_d20251028_t1811336_x0997645E_y061566N_l0593_s0513_v23,2025-10-28 20:29:00,6.156556,99.764481,4.6272,2025-10-28 18:11:33,2025-10-29 02:11:33,593,513,0.233197,1,2401,0.240665,0.0825,0.812594,0.4,0.759263,0.75,2.37166e-15,0.0001,1.20101e-10,999999,999999,3,Malaysian Exclusive Economic Zone,,,SVDNB_npp_d20251028_t1810275_e1811517_b72560_c20251028193205056000_oebc_ops.h5,GDNBO_npp_d20251028_t1810275_e1811517_b72560_c20251028192939737000_oebc_ops.h5,SVI04_npp_d20251028_t1810275_e1811517_b72560_c20251028193214149000_oebc_ops.dspace_rad,,eez_v11.shp,WPP_BFAR_merge.shp,vbd_mpa_r20170830.shp,VNF-VBD_npp_20120301-20151231_global_asia-enhanced_c201607211230.bitmask,vbd_landsea_r20220824.mask,timezone.shp,VBD_platforms-recurring_2015_r20170330.shp,999999,VBD_bridges_c20160811.shp,10.404151;8.502419;6.138182;1.273068;3.487974;5.509554,96.985527;110.863861;124.483452;123.301933;109.736603;96.013321,npp_d20251028_t1806113_e1807355_b72560;npp_d20251028_t1807367_e1809009_b72560;npp_d20251028_t1809021_e1810263_b72560;npp_d20251028_t1810275_e1811517_b72560,162.026,114.953,61.0458,98.1278,113.611,-114.695
194,VBD_npp_d20251028_t1811318_x0997852E_y061595N_l0591_s0515_v23,2025-10-28 20:29:00,6.159497,99.785194,10.6126,2025-10-28 18:11:31,2025-10-29 02:11:31,591,515,0.278721,8,18785,0.371597,0.0825,0.798263,0.4,0.815788,0.75,2.32758e-15,0.0001,1.12984e-10,999999,999999,3,Malaysian Exclusive Economic Zone,,,SVDNB_npp_d20251028_t1810275_e1811517_b72560_c20251028193205056000_oebc_ops.h5,GDNBO_npp_d20251028_t1810275_e1811517_b72560_c20251028192939737000_oebc_ops.h5,SVI04_npp_d20251028_t1810275_e1811517_b72560_c20251028193214149000_oebc_ops.dspace_rad,,eez_v11.shp,WPP_BFAR_merge.shp,vbd_mpa_r20170830.shp,VNF-VBD_npp_20120301-20151231_global_asia-enhanced_c201607211230.bitmask,vbd_landsea_r20220824.mask,timezone.shp,VBD_platforms-recurring_2015_r20170330.shp,0.727156,VBD_bridges_c20160811.shp,10.404151;8.502419;6.138182;1.273068;3.487974;5.509554,96.985527;110.863861;124.483452;123.301933;109.736603;96.013321,npp_d20251028_t1806113_e1807355_b72560;npp_d20251028_t1807367_e1809009_b72560;npp_d20251028_t1809021_e1810263_b72560;npp_d20251028_t1810275_e1811517_b72560,162.015,114.929,61.0066,97.5665,113.625,-114.695
195,VBD_npp_d20251028_t1811389_x0997056E_y057959N_l0648_s0515_v23,2025-10-28 20:29:00,5.795941,99.705582,1.80153,2025-10-28 18:11:38,2025-10-29 01:11:38,648,515,0.0927843,8,18785,0.0907646,0.0825,0.43451,0.4,0.779357,0.75,2.93281e-15,0.0001,1.01325e-10,999999,999999,3,Malaysian Exclusive Economic Zone,,,SVDNB_npp_d20251028_t1810275_e1811517_b72560_c20251028193205056000_oebc_ops.h5,GDNBO_npp_d20251028_t1810275_e1811517_b72560_c20251028192939737000_oebc_ops.h5,SVI04_npp_d20251028_t1810275_e1811517_b72560_c20251028193214149000_oebc_ops.dspace_rad,,eez_v11.shp,WPP_BFAR_merge.shp,vbd_mpa_r20170830.shp,VNF-VBD_npp_20120301-20151231_global_asia-enhanced_c201607211230.bitmask,vbd_landsea_r20220824.mask,timezone.shp,VBD_platforms-recurring_2015_r20170330.shp,0.927871,VBD_bridges_c20160811.shp,10.404151;8.502419;6.138182;1.273068;3.487974;5.509554,96.985527;110.863861;124.483452;123.301933;109.736603;96.013321,npp_d20251028_t1806113_e1807355_b72560;npp_d20251028_t1807367_e1809009_b72560;npp_d20251028_t1809021_e1810263_b72560;npp_d20251028_t1810275_e1811517_b72560,161.904,115.997,61.0046,97.9079,113.428,-114.829
196,VBD_npp_d20251028_t1811336_x0997855E_y061536N_l0593_s0516_v23,2025-10-28 20:29:00,6.153572,99.785454,2.77877,2025-10-28 18:11:33,2025-10-29 02:11:33,593,516,0.269474,8,18721,0.141056,0.0825,0.798263,0.4,0.703791,0.75,2.33739e-15,0.0001,1.15855e-10,999999,999999,3,Malaysian Exclusive Economic Zone,,,SVDNB_npp_d20251028_t1810275_e1811517_b72560_c20251028193205056000_oebc_ops.h5,GDNBO_npp_d20251028_t1810275_e1811517_b72560_c20251028192939737000_oebc_ops.h5,SVI04_npp_d20251028_t1810275_e1811517_b72560_c20251028193214149000_oebc_ops.dspace_rad,,eez_v11.shp,WPP_BFAR_merge.shp,vbd_mpa_r20170830.shp,VNF-VBD_npp_20120301-20151231_global_asia-enhanced_c201607211230.bitmask,vbd_landsea_r20220824.mask,timezone.shp,VBD_platforms-recurring_2015_r20170330.shp,0.867232,VBD_bridges_c20160811.shp,10.404151;8.502419;6.138182;1.273068;3.487974;5.509554,96.985527;110.863861;124.483452;123.301933;109.736603;96.013321,npp_d20251028_t1806113_e1807355_b72560;npp_d20251028_t1807367_e1809009_b72560;npp_d20251028_t1809021_e1810263_b72560;npp_d20251028_t1810275_e1811517_b72560,162.006,114.937,60.9805,98.1302,113.629,-114.698
197,VBD_npp_d20251028_t1811318_x0998061E_y061567N_l0591_s0518_v23,2025-10-28 20:29:00,6.156661,99.806145,7.34904,2025-10-28 18:11:31,2025-10-29 02:11:31,591,518,0.264779,1,2401,0.270603,0.0825,0.798263,0.4,0.837437,0.75,2.29362e-15,0.0001,1.09015e-10,999999,999999,3,Malaysian Exclusive Economic Zone,,,SVDNB_npp_d20251028_t1810275_e1811517_b72560_c20251028193205056000_oebc_ops.h5,GDNBO_npp_d20251028_t1810275_e1811517_b72560_c20251028192939737000_oebc_ops.h5,SVI04_npp_d20251028_t1810275_e1811517_b72560_c20251028193214149000_oebc_ops.dspace_rad,,eez_v11.shp,WPP_BFAR_merge.shp,vbd_mpa_r20170830.shp,VNF-VBD_npp_20120301-20151231_global_asia-enhanced_c201607211230.bitmask,vbd_landsea_r20220824.mask,timezone.shp,VBD_platforms-recurring_2015_r20170330.shp,999999,VBD_bridges_c20160811.shp,10.404151;8.502419;6.138182;1.273068;3.487974;5.509554,96.985527;110.863861;124.483452;123.301933;109.736603;96.013321,npp_d20251028_t1806113_e1807355_b72560;npp_d20251028_t1807367_e1809009_b72560;npp_d20251028_t1809021_e1810263_b72560;npp_d20251028_t1810275_e1811517_b72560,161.995,114.912,60.9413,97.5685,113.642,-114.697
198,VBD_npp_d20251028_t1811300_x0998462E_y063218N_l0566_s0519_v23,2025-10-28 20:29:00,6.321815,99.846222,18.3373,2025-10-28 18:11:30,2025-10-29 02:11:30,566,519,0.168966,2,2337,0.187905,0.0825,0.635781,0.4,0.644516,0.75,2.10048e-15,0.0001,1.16865e-10,999999,999999,1,,,,SVDNB_npp_d20251028_t1810275_e1811517_b72560_c20251028193205056000_oebc_ops.h5,GDNBO_npp_d20251028_t1810275_e1811517_b72560_c20251028192939737000_oebc_ops.h5,SVI04_npp_d20251028_t1810275_e1811517_b72560_c20251028193214149000_oebc_ops.dspace_rad,,eez_v11.shp,WPP_BFAR_merge.shp,vbd_mpa_r20170830.shp,VNF-VBD_npp_20120301-20151231_global_asia-enhanced_c201607211230.bitmask,vbd_landsea_r20220824.mask,timezone.shp,VBD_platforms-recurring_2015_r20170330.shp,999999,VBD_bridges_c20160811.shp,10.404151;8.502419;6.138182;1.273068;3.487974;5.509554,96.985527;110.863861;124.483452;123.301933;109.736603;96.013321,npp_d20251028_t1806113_e1807355_b72560;npp_d20251028_t1807367_e1809009_b72560;npp_d20251028_t1809021_e1810263_b72560;npp_d20251028_t1810275_e1811517_b72560,162.035,114.412,60.9112,97.9041,113.74,-114.636
199,VBD_npp_d20251028_t1811318_x0998154E_y061697N_l0589_s0519_v23,2025-10-28 20:29:00,6.169688,99.815353,7.26908,2025-10-28 18:11:31,2025-10-29 02:11:31,589,519,0.213138,2,2337,0.313957,0.0825,0.750823,0.4,0.528452,0.75,2.26148e-15,0.0001,1.0888e-10,999999,999999,3,Malaysian Exclusive Economic Zone,,,SVDNB_npp_d20251028_t1810275_e1811517_b72560_c20251028193205056000_oebc_ops.h5,GDNBO_npp_d20251028_t1810275_e1811517_b72560_c20251028192939737000_oebc_ops.h5,SVI04_npp_d20251028_t1810275_e1811517_b72560_c20251028193214149000_oebc_ops.dspace_rad,,eez_v11.shp,WPP_BFAR_merge.shp,vbd_mpa_r20170830.shp,VNF-VBD_npp_20120301-20151231_global_asia-enhanced_c201607211230.bitmask,vbd_landsea_r20220824.mask,timezone.shp,VBD_platforms-recurring_2015_r20170330.shp,999999,VBD_bridges_c20160811.shp,10.404151;8.502419;6.138182;1.273068;3.487974;5.509554,96.985527;110.863861;124.483452;123.301933;109.736603;96.013321,npp_d20251028_t1806113_e1807355_b72560;npp_d20251028_t1807367_e1809009_b72560;npp_d20251028_t1809021_e1810263_b72560;npp_d20251028_t1810275_e1811517_b72560,161.993,114.865,60.9191,97.6471,113.656,-114.693
200,VBD_npp_d20251028_t1811318_x0998311E_y061818N_l0587_s0521_v23,2025-10-28 20:29:00,6.181807,99.831062,5.34873,2025-10-28 18:11:31,2025-10-29 02:11:31,587,521,0.258377,2,2337,0.229553,0.0825,0.750823,0.4,0.615235,0.75,2.21843e-15,0.0001,1.07474e-10,999999,999999,3,Malaysian Exclusive Economic Zone,,,SVDNB_npp_d20251028_t1810275_e1811517_b72560_c20251028193205056000_oebc_ops.h5,GDNBO_npp_d20251028_t1810275_e1811517_b72560_c20251028192939737000_oebc_ops.h5,SVI04_npp_d20251028_t1810275_e1811517_b72560_c20251028193214149000_oebc_ops.dspace_rad,,eez_v11.shp,WPP_BFAR_merge.shp,vbd_mpa_r20170830.shp,VNF-VBD_npp_20120301-20151231_global_asia-enhanced_c201607211230.bitmask,vbd_landsea_r20220824.mask,timezone.shp,VBD_platforms-recurring_2015_r20170330.shp,999999,VBD_bridges_c20160811.shp,10.404151;8.502419;6.138182;1.273068;3.487974;5.509554,96.985527;110.863861;124.483452;123.301933;109.736603;96.013321,npp_d20251028_t1806113_e1807355_b72560;npp_d20251028_t1807367_e1809009_b72560;npp_d20251028_t1809021_e1810263_b72560;npp_d20251028_t1810275_e1811517_b72560,161.983,114.813,60.8753,97.7264,113.675,-114.689
201,VBD_npp_d20251028_t1811318_x0998360E_y061669N_l0589_s0522_v23,2025-10-28 20:29:00,6.166873,99.835991,3.88971,2025-10-28 18:11:31,2025-10-29 02:11:31,589,522,0.236825,2,2337,0.118267,0.0825,0.750823,0.4,0.536914,0.75,2.22784e-15,0.0001,1.05097e-10,999999,999999,3,Malaysian Exclusive Economic Zone,,,SVDNB_npp_d20251028_t1810275_e1811517_b72560_c20251028193205056000_oebc_ops.h5,GDNBO_npp_d20251028_t1810275_e1811517_b72560_c20251028192939737000_oebc_ops.h5,SVI04_npp_d20251028_t1810275_e1811517_b72560_c20251028193214149000_oebc_ops.dspace_rad,,eez_v11.shp,WPP_BFAR_merge.shp,vbd_mpa_r20170830.shp,VNF-VBD_npp_20120301-20151231_global_asia-enhanced_c201607211230.bitmask,vbd_landsea_r20220824.mask,timezone.shp,VBD_platforms-recurring_2015_r20170330.shp,999999,VBD_bridges_c20160811.shp,10.404151;8.502419;6.138182;1.273068;3.487974;5.509554,96.985527;110.863861;124.483452;123.301933;109.736603;96.013321,npp_d20251028_t1806113_e1807355_b72560;npp_d20251028_t1807367_e1809009_b72560;npp_d20251028_t1809021_e1810263_b72560;npp_d20251028_t1810275_e1811517_b72560,161.973,114.849,60.854,97.6492,113.673,-114.696
203,VBD_npp_d20251028_t1811300_x0998807E_y062672N_l0573_s0525_v23,2025-10-28 20:29:00,6.267169,99.880745,2.81916,2025-10-28 18:11:30,2025-10-29 02:11:30,573,525,0.29501,2,2337,0.0968141,0.0825,0.604177,0.4,0.520948,0.75,2.06023e-15,0.0001,1.04822e-10,999999,999999,3,Malaysian Exclusive Economic Zone,,,SVDNB_npp_d20251028_t1810275_e1811517_b72560_c20251028193205056000_oebc_ops.h5,GDNBO_npp_d20251028_t1810275_e1811517_b72560_c20251028192939737000_oebc_ops.h5,SVI04_npp_d20251028_t1810275_e1811517_b72560_c20251028193214149000_oebc_ops.dspace_rad,,eez_v11.shp,WPP_BFAR_merge.shp,vbd_mpa_r20170830.shp,VNF-VBD_npp_20120301-20151231_global_asia-enhanced_c201607211230.bitmask,vbd_landsea_r20220824.mask,timezone.shp,VBD_platforms-recurring_2015_r20170330.shp,999999,VBD_bridges_c20160811.shp,10.404151;8.502419;6.138182;1.273068;3.487974;5.509554,96.985527;110.863861;124.483452;123.301933;109.736603;96.013321,npp_d20251028_t1806113_e1807355_b72560;npp_d20251028_t1807367_e1809009_b72560;npp_d20251028_t1809021_e1810263_b72560;npp_d20251028_t1810275_e1811517_b72560,161.981,114.525,60.7819,97.6358,113.749,-114.66
206,VBD_npp_d20251028_t1811300_x0998956E_y062723N_l0572_s0527_v23,2025-10-28 20:29:00,6.272261,99.895576,3.03693,2025-10-28 18:11:30,2025-10-29 02:11:30,572,527,0.30255,2,2337,0.111641,0.0825,0.583441,0.4,0.525334,0.75,2.03602e-15,0.0001,1.02938e-10,999999,999999,3,Malaysian Exclusive Economic Zone,,,SVDNB_npp_d20251028_t1810275_e1811517_b72560_c20251028193205056000_oebc_ops.h5,GDNBO_npp_d20251028_t1810275_e1811517_b72560_c20251028192939737000_oebc_ops.h5,SVI04_npp_d20251028_t1810275_e1811517_b72560_c20251028193214149000_oebc_ops.dspace_rad,,eez_v11.shp,WPP_BFAR_merge.shp,vbd_mpa_r20170830.shp,VNF-VBD_npp_20120301-20151231_global_asia-enhanced_c201607211230.bitmask,vbd_landsea_r20220824.mask,timezone.shp,VBD_platforms-recurring_2015_r20170330.shp,999999,VBD_bridges_c20160811.shp,10.404151;8.502419;6.138182;1.273068;3.487974;5.509554,96.985527;110.863861;124.483452;123.301933;109.736603;96.013321,npp_d20251028_t1806113_e1807355_b72560;npp_d20251028_t1807367_e1809009_b72560;npp_d20251028_t1809021_e1810263_b72560;npp_d20251028_t1810275_e1811517_b72560,161.97,114.493,60.7383,97.6762,113.764,-114.659
207,VBD_npp_d20251028_t1811300_x0999015E_y062643N_l0573_s0528_v23,2025-10-28 20:29:00,6.264349,99.901466,5.28487,2025-10-28 18:11:30,2025-10-29 02:11:30,573,528,0.322253,1,2401,0.2502,0.0825,0.583441,0.4,0.782013,0.75,2.02863e-15,0.0001,1.01211e-10,999999,999999,3,Malaysian Exclusive Economic Zone,,,SVDNB_npp_d20251028_t1810275_e1811517_b72560_c20251028193205056000_oebc_ops.h5,GDNBO_npp_d20251028_t1810275_e1811517_b72560_c20251028192939737000_oebc_ops.h5,SVI04_npp_d20251028_t1810275_e1811517_b72560_c20251028193214149000_oebc_ops.dspace_rad,,eez_v11.shp,WPP_BFAR_merge.shp,vbd_mpa_r20170830.shp,VNF-VBD_npp_20120301-20151231_global_asia-enhanced_c201607211230.bitmask,vbd_landsea_r20220824.mask,timezone.shp,VBD_platforms-recurring_2015_r20170330.shp,999999,VBD_bridges_c20160811.shp,10.404151;8.502419;6.138182;1.273068;3.487974;5.509554,96.985527;110.863861;124.483452;123.301933;109.736603;96.013321,npp_d20251028_t1806113_e1807355_b72560;npp_d20251028_t1807367_e1809009_b72560;npp_d20251028_t1809021_e1810263_b72560;npp_d20251028_t1810275_e1811517_b72560,161.961,114.509,60.7168,97.6379,113.766,-114.662
208,VBD_npp_d20251028_t1811443_x0997582E_y055129N_l0690_s0531_v23,2025-10-28 20:29:00,5.512851,99.758240,15.2192,2025-10-28 18:11:44,2025-10-29 01:11:44,690,531,0.251051,8,18785,0.655305,0.0825,0.855205,0.4,0.95384,0.75,2.94957e-15,0.0001,7.86687e-11,999999,999999,3,Malaysian Exclusive Economic Zone,,,SVDNB_npp_d20251028_t1810275_e1811517_b72560_c20251028193205056000_oebc_ops.h5,GDNBO_npp_d20251028_t1810275_e1811517_b72560_c20251028192939737000_oebc_ops.h5,SVI04_npp_d20251028_t1810275_e1811517_b72560_c20251028193214149000_oebc_ops.dspace_rad,,eez_v11.shp,WPP_BFAR_merge.shp,vbd_mpa_r20170830.shp,VNF-VBD_npp_20120301-20151231_global_asia-enhanced_c201607211230.bitmask,vbd_landsea_r20220824.mask,timezone.shp,VBD_platforms-recurring_2015_r20170330.shp,0.45249,VBD_bridges_c20160811.shp,10.404151;8.502419;6.138182;1.273068;3.487974;5.509554,96.985527;110.863861;124.483452;123.301933;109.736603;96.013321,npp_d20251028_t1806113_e1807355_b72560;npp_d20251028_t1807367_e1809009_b72560;npp_d20251028_t1809021_e1810263_b72560;npp_d20251028_t1810275_e1811517_b72560,161.712,116.676,60.6528,98.2068,113.376,-114.941
210,VBD_npp_d20251028_t1811407_x0998364E_y056221N_l0671_s0538_v23,2025-10-28 20:29:00,5.622079,99.836395,51.1327,2025-10-28 18:11:40,2025-10-29 01:11:40,671,538,0.288679,1,2401,1.08792,0.0825,0.8973,0.4,0.974645,0.75,2.82189e-15,0.0001,7.30633e-11,999999,999999,3,Malaysian Exclusive Economic Zone,,,SVDNB_npp_d20251028_t1810275_e1811517_b72560_c20251028193205056000_oebc_ops.h5,GDNBO_npp_d20251028_t1810275_e1811517_b72560_c20251028192939737000_oebc_ops.h5,SVI04_npp_d20251028_t1810275_e1811517_b72560_c20251028193214149000_oebc_ops.dspace_rad,,eez_v11.shp,WPP_BFAR_merge.shp,vbd_mpa_r20170830.shp,VNF-VBD_npp_20120301-20151231_global_asia-enhanced_c201607211230.bitmask,vbd_landsea_r20220824.mask,timezone.shp,VBD_platforms-recurring_2015_r20170330.shp,999999,VBD_bridges_c20160811.shp,10.404151;8.502419;6.138182;1.273068;3.487974;5.509554,96.985527;110.863861;124.483452;123.301933;109.736603;96.013321,npp_d20251028_t1806113_e1807355_b72560;npp_d20251028_t1807367_e1809009_b72560;npp_d20251028_t1809021_e1810263_b72560;npp_d20251028_t1810275_e1811517_b72560,161.704,116.301,60.504,97.6686,113.479,-114.905
212,VBD_npp_d20251028_t1811336_x1000318E_y060200N_l0607_s0554_v23,2025-10-28 20:29:00,6.020036,100.031845,6.02717,2025-10-28 18:11:33,2025-10-29 02:11:33,607,554,0.207732,7,2337,0.257316,0.0825,0.791434,0.4,0.638985,0.75,2.0239e-15,0.0001,7.02431e-11,999999,999999,3,,,,SVDNB_npp_d20251028_t1810275_e1811517_b72560_c20251028193205056000_oebc_ops.h5,GDNBO_npp_d20251028_t1810275_e1811517_b72560_c20251028192939737000_oebc_ops.h5,SVI04_npp_d20251028_t1810275_e1811517_b72560_c20251028193214149000_oebc_ops.dspace_rad,,eez_v11.shp,WPP_BFAR_merge.shp,vbd_mpa_r20170830.shp,VNF-VBD_npp_20120301-20151231_global_asia-enhanced_c201607211230.bitmask,vbd_landsea_r20220824.mask,timezone.shp,VBD_platforms-recurring_2015_r20170330.shp,999999,VBD_bridges_c20160811.shp,10.404151;8.502419;6.138182;1.273068;3.487974;5.509554,96.985527;110.863861;124.483452;123.301933;109.736603;96.013321,npp_d20251028_t1806113_e1807355_b72560;npp_d20251028_t1807367_e1809009_b72560;npp_d20251028_t1809021_e1810263_b72560;npp_d20251028_t1810275_e1811517_b72560,161.728,115.016,60.1591,97.6102,113.795,-114.766
213,VBD_npp_d20251028_t1811336_x1000549E_y060309N_l0605_s0557_v23,2025-10-28 20:29:00,6.030917,100.054939,19.3848,2025-10-28 18:11:33,2025-10-29 02:11:33,605,557,0.216125,1,2401,0.660911,0.0825,0.834556,0.4,0.908367,0.75,1.97056e-15,0.0001,6.86262e-11,999999,999999,3,Malaysian Exclusive Economic Zone,,,SVDNB_npp_d20251028_t1810275_e1811517_b72560_c20251028193205056000_oebc_ops.h5,GDNBO_npp_d20251028_t1810275_e1811517_b72560_c20251028192939737000_oebc_ops.h5,SVI04_npp_d20251028_t1810275_e1811517_b72560_c20251028193214149000_oebc_ops.dspace_rad,,eez_v11.shp,WPP_BFAR_merge.shp,vbd_mpa_r20170830.shp,VNF-VBD_npp_20120301-20151231_global_asia-enhanced_c201607211230.bitmask,vbd_landsea_r20220824.mask,timezone.shp,VBD_platforms-recurring_2015_r20170330.shp,999999,VBD_bridges_c20160811.shp,10.404151;8.502419;6.138182;1.273068;3.487974;5.509554,96.985527;110.863861;124.483452;123.301933;109.736603;96.013321,npp_d20251028_t1806113_e1807355_b72560;npp_d20251028_t1807367_e1809009_b72560;npp_d20251028_t1809021_e1810263_b72560;npp_d20251028_t1810275_e1811517_b72560,161.711,114.96,60.0909,97.6908,113.82,-114.763
214,VBD_npp_d20251028_t1811336_x1000700E_y060359N_l0604_s0559_v23,2025-10-28 20:29:00,6.035862,100.069962,6.64431,2025-10-28 18:11:33,2025-10-29 02:11:33,604,559,0.0959852,1,2401,0.297254,0.0825,0.813625,0.4,0.754257,0.75,1.93813e-15,0.0001,6.74654e-11,999999,999999,3,Malaysian Exclusive Economic Zone,,,SVDNB_npp_d20251028_t1810275_e1811517_b72560_c20251028193205056000_oebc_ops.h5,GDNBO_npp_d20251028_t1810275_e1811517_b72560_c20251028192939737000_oebc_ops.h5,SVI04_npp_d20251028_t1810275_e1811517_b72560_c20251028193214149000_oebc_ops.dspace_rad,,eez_v11.shp,WPP_BFAR_merge.shp,vbd_mpa_r20170830.shp,VNF-VBD_npp_20120301-20151231_global_asia-enhanced_c201607211230.bitmask,vbd_landsea_r20220824.mask,timezone.shp,VBD_platforms-recurring_2015_r20170330.shp,999999,VBD_bridges_c20160811.shp,10.404151;8.502419;6.138182;1.273068;3.487974;5.509554,96.985527;110.863861;124.483452;123.301933;109.736603;96.013321,npp_d20251028_t1806113_e1807355_b72560;npp_d20251028_t1807367_e1809009_b72560;npp_d20251028_t1809021_e1810263_b72560;npp_d20251028_t1810275_e1811517_b72560,161.7,114.929,60.0455,97.7314,113.835,-114.763
218,VBD_npp_d20251028_t1811300_x1001825E_y062679N_l0567_s0568_v23,2025-10-28 20:29:00,6.267871,100.182503,3.92927,2025-10-28 18:11:30,2025-10-29 02:11:30,567,568,0.21641,2,2337,0.130829,0.0825,0.734378,0.4,0.577039,0.75,1.59239e-15,0.0001,6.66653e-11,999999,999999,1,,,,SVDNB_npp_d20251028_t1810275_e1811517_b72560_c20251028193205056000_oebc_ops.h5,GDNBO_npp_d20251028_t1810275_e1811517_b72560_c20251028192939737000_oebc_ops.h5,SVI04_npp_d20251028_t1810275_e1811517_b72560_c20251028193214149000_oebc_ops.dspace_rad,,eez_v11.shp,WPP_BFAR_merge.shp,vbd_mpa_r20170830.shp,VNF-VBD_npp_20120301-20151231_global_asia-enhanced_c201607211230.bitmask,vbd_landsea_r20220824.mask,timezone.shp,VBD_platforms-recurring_2015_r20170330.shp,999999,VBD_bridges_c20160811.shp,10.404151;8.502419;6.138182;1.273068;3.487974;5.509554,96.985527;110.863861;124.483452;123.301933;109.736603;96.013321,npp_d20251028_t1806113_e1807355_b72560;npp_d20251028_t1807367_e1809009_b72560;npp_d20251028_t1809021_e1810263_b72560;npp_d20251028_t1810275_e1811517_b72560,161.708,114.179,59.8378,97.9021,114.02,-114.68
224,VBD_npp_d20251028_t1811407_x1001516E_y055718N_l0672_s0584_v23,2025-10-28 20:29:00,5.571777,100.151581,2.04597,2025-10-28 18:11:40,2025-10-29 02:11:40,672,584,0.330362,2,2337,0.112305,0.0825,0.768129,0.4,0.653943,0.75,2.11868e-15,0.0001,4.51621e-11,999999,999999,3,Malaysian Exclusive Economic Zone,,,SVDNB_npp_d20251028_t1810275_e1811517_b72560_c20251028193205056000_oebc_ops.h5,GDNBO_npp_d20251028_t1810275_e1811517_b72560_c20251028192939737000_oebc_ops.h5,SVI04_npp_d20251028_t1810275_e1811517_b72560_c20251028193214149000_oebc_ops.dspace_rad,,eez_v11.shp,WPP_BFAR_merge.shp,vbd_mpa_r20170830.shp,VNF-VBD_npp_20120301-20151231_global_asia-enhanced_c201607211230.bitmask,vbd_landsea_r20220824.mask,timezone.shp,VBD_platforms-recurring_2015_r20170330.shp,999999,VBD_bridges_c20160811.shp,10.404151;8.502419;6.138182;1.273068;3.487974;5.509554,96.985527;110.863861;124.483452;123.301933;109.736603;96.013321,npp_d20251028_t1806113_e1807355_b72560;npp_d20251028_t1807367_e1809009_b72560;npp_d20251028_t1809021_e1810263_b72560;npp_d20251028_t1810275_e1811517_b72560,161.4,116.053,59.4836,97.6565,113.74,-114.949
225,VBD_npp_d20251028_t1810598_x1006573E_y079672N_l0301_s0585_v23,2025-10-28 20:29:00,7.967223,100.657326,3.67338,2025-10-28 18:10:59,2025-10-29 01:10:59,301,585,0.208016,8,18721,0.221854,0.0825,0.652646,0.4,0.744281,0.75,6.1186e-16,0.0001,9.36127e-11,999999,999999,3,Thailand Exclusive Economic Zone,,,SVDNB_npp_d20251028_t1810275_e1811517_b72560_c20251028193205056000_oebc_ops.h5,GDNBO_npp_d20251028_t1810275_e1811517_b72560_c20251028192939737000_oebc_ops.h5,SVI04_npp_d20251028_t1810275_e1811517_b72560_c20251028193214149000_oebc_ops.dspace_rad,,eez_v11.shp,WPP_BFAR_merge.shp,vbd_mpa_r20170830.shp,VNF-VBD_npp_20120301-20151231_global_asia-enhanced_c201607211230.bitmask,vbd_landsea_r20220824.mask,timezone.shp,VBD_platforms-recurring_2015_r20170330.shp,0.416502,VBD_bridges_c20160811.shp,10.404151;8.502419;6.138182;1.273068;3.487974;5.509554,96.985527;110.863861;124.483452;123.301933;109.736603;96.013321,npp_d20251028_t1806113_e1807355_b72560;npp_d20251028_t1807367_e1809009_b72560;npp_d20251028_t1809021_e1810263_b72560;npp_d20251028_t1810275_e1811517_b72560,162.012,109.008,59.4637,97.3987,115.033,-114.021
226,VBD_npp_d20251028_t1811425_x1001511E_y055692N_l0673_s0585_v23,2025-10-28 20:29:00,5.569238,100.151054,8.87518,2025-10-28 18:11:42,2025-10-29 02:11:42,673,585,0.330362,1,2401,0.435386,0.0825,0.768129,0.4,0.921207,0.75,2.1102e-15,0.0001,4.66331e-11,999999,999999,3,Malaysian Exclusive Economic Zone,,,SVDNB_npp_d20251028_t1810275_e1811517_b72560_c20251028193205056000_oebc_ops.h5,GDNBO_npp_d20251028_t1810275_e1811517_b72560_c20251028192939737000_oebc_ops.h5,SVI04_npp_d20251028_t1810275_e1811517_b72560_c20251028193214149000_oebc_ops.dspace_rad,,eez_v11.shp,WPP_BFAR_merge.shp,vbd_mpa_r20170830.shp,VNF-VBD_npp_20120301-20151231_global_asia-enhanced_c201607211230.bitmask,vbd_landsea_r20220824.mask,timezone.shp,VBD_platforms-recurring_2015_r20170330.shp,999999,VBD_bridges_c20160811.shp,10.404151;8.502419;6.138182;1.273068;3.487974;5.509554,96.985527;110.863861;124.483452;123.301933;109.736603;96.013321,npp_d20251028_t1806113_e1807355_b72560;npp_d20251028_t1807367_e1809009_b72560;npp_d20251028_t1809021_e1810263_b72560;npp_d20251028_t1810275_e1811517_b72560,161.393,116.051,59.46,98.2658,113.745,-114.95
227,VBD_npp_d20251028_t1811336_x1002746E_y059938N_l0606_s0589_v23,2025-10-28 20:29:00,5.993815,100.274612,4.38948,2025-10-28 18:11:33,2025-10-29 02:11:33,606,589,0.373325,1,2401,0.254436,0.0825,0.66001,0.4,0.783138,0.75,1.5921e-15,0.0001,4.87312e-11,999999,999999,3,Malaysian Exclusive Economic Zone,,,SVDNB_npp_d20251028_t1810275_e1811517_b72560_c20251028193205056000_oebc_ops.h5,GDNBO_npp_d20251028_t1810275_e1811517_b72560_c20251028192939737000_oebc_ops.h5,SVI04_npp_d20251028_t1810275_e1811517_b72560_c20251028193214149000_oebc_ops.dspace_rad,,eez_v11.shp,WPP_BFAR_merge.shp,vbd_mpa_r20170830.shp,VNF-VBD_npp_20120301-20151231_global_asia-enhanced_c201607211230.bitmask,vbd_landsea_r20220824.mask,timezone.shp,VBD_platforms-recurring_2015_r20170330.shp,999999,VBD_bridges_c20160811.shp,10.404151;8.502419;6.138182;1.273068;3.487974;5.509554,96.985527;110.863861;124.483452;123.301933;109.736603;96.013321,npp_d20251028_t1806113_e1807355_b72560;npp_d20251028_t1807367_e1809009_b72560;npp_d20251028_t1809021_e1810263_b72560;npp_d20251028_t1810275_e1811517_b72560,161.498,114.807,59.3727,97.6725,114.001,-114.794
228,VBD_npp_d20251028_t1811354_x1002650E_y059716N_l0610_s0589_v23,2025-10-28 20:29:00,5.971633,100.264961,5.48513,2025-10-28 18:11:35,2025-10-29 02:11:35,610,589,0.37994,1,2401,0.339564,0.0825,0.725685,0.4,0.880066,0.75,1.61932e-15,0.0001,5.00767e-11,999999,999999,3,Malaysian Exclusive Economic Zone,,,SVDNB_npp_d20251028_t1810275_e1811517_b72560_c20251028193205056000_oebc_ops.h5,GDNBO_npp_d20251028_t1810275_e1811517_b72560_c20251028192939737000_oebc_ops.h5,SVI04_npp_d20251028_t1810275_e1811517_b72560_c20251028193214149000_oebc_ops.dspace_rad,,eez_v11.shp,WPP_BFAR_merge.shp,vbd_mpa_r20170830.shp,VNF-VBD_npp_20120301-20151231_global_asia-enhanced_c201607211230.bitmask,vbd_landsea_r20220824.mask,timezone.shp,VBD_platforms-recurring_2015_r20170330.shp,999999,VBD_bridges_c20160811.shp,10.404151;8.502419;6.138182;1.273068;3.487974;5.509554,96.985527;110.863861;124.483452;123.301933;109.736603;96.013321,npp_d20251028_t1806113_e1807355_b72560;npp_d20251028_t1807367_e1809009_b72560;npp_d20251028_t1809021_e1810263_b72560;npp_d20251028_t1810275_e1811517_b72560,161.49,114.87,59.3699,98.1633,113.99,-114.802
229,VBD_npp_d20251028_t1811123_x1005919E_y072396N_l0412_s0597_v23,2025-10-28 20:29:00,7.239601,100.591949,7.11168,2025-10-28 18:11:12,2025-10-29 01:11:12,412,597,0.219113,7,2337,0.162151,0.0825,0.706886,0.4,0.477468,0.75,8.67708e-16,0.0001,6.49004e-11,999999,999999,1,,,,SVDNB_npp_d20251028_t1810275_e1811517_b72560_c20251028193205056000_oebc_ops.h5,GDNBO_npp_d20251028_t1810275_e1811517_b72560_c20251028192939737000_oebc_ops.h5,SVI04_npp_d20251028_t1810275_e1811517_b72560_c20251028193214149000_oebc_ops.dspace_rad,,eez_v11.shp,WPP_BFAR_merge.shp,vbd_mpa_r20170830.shp,VNF-VBD_npp_20120301-20151231_global_asia-enhanced_c201607211230.bitmask,vbd_landsea_r20220824.mask,timezone.shp,VBD_platforms-recurring_2015_r20170330.shp,999999,VBD_bridges_c20160811.shp,10.404151;8.502419;6.138182;1.273068;3.487974;5.509554,96.985527;110.863861;124.483452;123.301933;109.736603;96.013321,npp_d20251028_t1806113_e1807355_b72560;npp_d20251028_t1807367_e1809009_b72560;npp_d20251028_t1809021_e1810263_b72560;npp_d20251028_t1810275_e1811517_b72560,161.775,111.111,59.1891,97.5623,114.723,-114.316
230,VBD_npp_d20251028_t1811087_x1006571E_y074642N_l0377_s0600_v23,2025-10-28 20:29:00,7.464167,100.657097,26.4291,2025-10-28 18:11:08,2025-10-29 01:11:08,377,600,0.3177,1,2401,0.864453,0.0825,0.887691,0.4,0.961074,0.75,7.38682e-16,0.0001,6.79918e-11,999999,999999,3,Thailand Exclusive Economic Zone,,,SVDNB_npp_d20251028_t1810275_e1811517_b72560_c20251028193205056000_oebc_ops.h5,GDNBO_npp_d20251028_t1810275_e1811517_b72560_c20251028192939737000_oebc_ops.h5,SVI04_npp_d20251028_t1810275_e1811517_b72560_c20251028193214149000_oebc_ops.dspace_rad,,eez_v11.shp,WPP_BFAR_merge.shp,vbd_mpa_r20170830.shp,VNF-VBD_npp_20120301-20151231_global_asia-enhanced_c201607211230.bitmask,vbd_landsea_r20220824.mask,timezone.shp,VBD_platforms-recurring_2015_r20170330.shp,999999,VBD_bridges_c20160811.shp,10.404151;8.502419;6.138182;1.273068;3.487974;5.509554,96.985527;110.863861;124.483452;123.301933;109.736603;96.013321,npp_d20251028_t1806113_e1807355_b72560;npp_d20251028_t1807367_e1809009_b72560;npp_d20251028_t1809021_e1810263_b72560;npp_d20251028_t1810275_e1811517_b72560,161.808,110.425,59.1247,97.6529,114.861,-114.228
231,VBD_npp_d20251028_t1811123_x1006225E_y073111N_l0401_s0600_v23,2025-10-28 20:29:00,7.311086,100.622536,2.76996,2025-10-28 18:11:12,2025-10-29 01:11:12,401,600,0.288252,1,2401,0.1339,0.0825,0.432635,0.4,0.762559,0.75,8.16179e-16,0.0001,6.63857e-11,999999,999999,3,Thailand Exclusive Economic Zone,,,SVDNB_npp_d20251028_t1810275_e1811517_b72560_c20251028193205056000_oebc_ops.h5,GDNBO_npp_d20251028_t1810275_e1811517_b72560_c20251028192939737000_oebc_ops.h5,SVI04_npp_d20251028_t1810275_e1811517_b72560_c20251028193214149000_oebc_ops.dspace_rad,,eez_v11.shp,WPP_BFAR_merge.shp,vbd_mpa_r20170830.shp,VNF-VBD_npp_20120301-20151231_global_asia-enhanced_c201607211230.bitmask,vbd_landsea_r20220824.mask,timezone.shp,VBD_platforms-recurring_2015_r20170330.shp,999999,VBD_bridges_c20160811.shp,10.404151;8.502419;6.138182;1.273068;3.487974;5.509554,96.985527;110.863861;124.483452;123.301933;109.736603;96.013321,npp_d20251028_t1806113_e1807355_b72560;npp_d20251028_t1807367_e1809009_b72560;npp_d20251028_t1809021_e1810263_b72560;npp_d20251028_t1810275_e1811517_b72560,161.772,110.879,59.1215,98.0016,114.78,-114.289
235,VBD_npp_d20251028_t1811105_x1007463E_y073382N_l0394_s0616_v23,2025-10-28 20:29:00,7.338194,100.746254,18.2005,2025-10-28 18:11:10,2025-10-29 01:11:10,394,616,0.371049,1,2401,0.711467,0.0825,0.878441,0.4,0.935122,0.75,7.33064e-16,0.0001,5.47426e-11,999999,999999,3,Thailand Exclusive Economic Zone,,,SVDNB_npp_d20251028_t1810275_e1811517_b72560_c20251028193205056000_oebc_ops.h5,GDNBO_npp_d20251028_t1810275_e1811517_b72560_c20251028192939737000_oebc_ops.h5,SVI04_npp_d20251028_t1810275_e1811517_b72560_c20251028193214149000_oebc_ops.dspace_rad,,eez_v11.shp,WPP_BFAR_merge.shp,vbd_mpa_r20170830.shp,VNF-VBD_npp_20120301-20151231_global_asia-enhanced_c201607211230.bitmask,vbd_landsea_r20220824.mask,timezone.shp,VBD_platforms-recurring_2015_r20170330.shp,999999,VBD_bridges_c20160811.shp,10.404151;8.502419;6.138182;1.273068;3.487974;5.509554,96.985527;110.863861;124.483452;123.301933;109.736603;96.013321,npp_d20251028_t1806113_e1807355_b72560;npp_d20251028_t1807367_e1809009_b72560;npp_d20251028_t1809021_e1810263_b72560;npp_d20251028_t1810275_e1811517_b72560,161.674,110.693,58.7521,97.6384,114.896,-114.284
238,VBD_npp_d20251028_t1811069_x1008176E_y075908N_l0355_s0619_v23,2025-10-28 20:29:00,7.590824,100.817551,7.85273,2025-10-28 18:11:06,2025-10-29 01:11:06,355,619,0.288821,1,2401,0.425789,0.0825,0.845193,0.4,0.872455,0.75,6.2535e-16,0.0001,5.82217e-11,999999,999999,3,Thailand Exclusive Economic Zone,,,SVDNB_npp_d20251028_t1810275_e1811517_b72560_c20251028193205056000_oebc_ops.h5,GDNBO_npp_d20251028_t1810275_e1811517_b72560_c20251028192939737000_oebc_ops.h5,SVI04_npp_d20251028_t1810275_e1811517_b72560_c20251028193214149000_oebc_ops.dspace_rad,,eez_v11.shp,WPP_BFAR_merge.shp,vbd_mpa_r20170830.shp,VNF-VBD_npp_20120301-20151231_global_asia-enhanced_c201607211230.bitmask,vbd_landsea_r20220824.mask,timezone.shp,VBD_platforms-recurring_2015_r20170330.shp,999999,VBD_bridges_c20160811.shp,10.404151;8.502419;6.138182;1.273068;3.487974;5.509554,96.985527;110.863861;124.483452;123.301933;109.736603;96.013321,npp_d20251028_t1806113_e1807355_b72560;npp_d20251028_t1807367_e1809009_b72560;npp_d20251028_t1809021_e1810263_b72560;npp_d20251028_t1810275_e1811517_b72560,161.709,109.926,58.6793,97.9007,115.05,-114.184
239,VBD_npp_d20251028_t1811069_x1008117E_y075491N_l0361_s0619_v23,2025-10-28 20:29:00,7.549110,100.811691,12.2559,2025-10-28 18:11:06,2025-10-29 01:11:06,361,619,0.285122,1,2401,0.558147,0.0825,0.859261,0.4,0.915423,0.75,6.38778e-16,0.0001,5.64458e-11,999999,999999,3,Thailand Exclusive Economic Zone,,,SVDNB_npp_d20251028_t1810275_e1811517_b72560_c20251028193205056000_oebc_ops.h5,GDNBO_npp_d20251028_t1810275_e1811517_b72560_c20251028192939737000_oebc_ops.h5,SVI04_npp_d20251028_t1810275_e1811517_b72560_c20251028193214149000_oebc_ops.dspace_rad,,eez_v11.shp,WPP_BFAR_merge.shp,vbd_mpa_r20170830.shp,VNF-VBD_npp_20120301-20151231_global_asia-enhanced_c201607211230.bitmask,vbd_landsea_r20220824.mask,timezone.shp,VBD_platforms-recurring_2015_r20170330.shp,999999,VBD_bridges_c20160811.shp,10.404151;8.502419;6.138182;1.273068;3.487974;5.509554,96.985527;110.863861;124.483452;123.301933;109.736603;96.013321,npp_d20251028_t1806113_e1807355_b72560;npp_d20251028_t1807367_e1809009_b72560;npp_d20251028_t1809021_e1810263_b72560;npp_d20251028_t1810275_e1811517_b72560,161.7,110.049,58.6797,97.6515,115.028,-114.201
243,VBD_npp_d20251028_t1811069_x1008441E_y075306N_l0363_s0624_v23,2025-10-28 20:29:00,7.530592,100.844093,3.06253,2025-10-28 18:11:06,2025-10-29 01:11:06,363,624,0.186108,1,2401,0.149828,0.0825,0.778348,0.4,0.75149,0.75,6.27168e-16,0.0001,5.28925e-11,999999,999999,3,Thailand Exclusive Economic Zone,,,SVDNB_npp_d20251028_t1810275_e1811517_b72560_c20251028193205056000_oebc_ops.h5,GDNBO_npp_d20251028_t1810275_e1811517_b72560_c20251028192939737000_oebc_ops.h5,SVI04_npp_d20251028_t1810275_e1811517_b72560_c20251028193214149000_oebc_ops.dspace_rad,,eez_v11.shp,WPP_BFAR_merge.shp,vbd_mpa_r20170830.shp,VNF-VBD_npp_20120301-20151231_global_asia-enhanced_c201607211230.bitmask,vbd_landsea_r20220824.mask,timezone.shp,VBD_platforms-recurring_2015_r20170330.shp,999999,VBD_bridges_c20160811.shp,10.404151;8.502419;6.138182;1.273068;3.487974;5.509554,96.985527;110.863861;124.483452;123.301933;109.736603;96.013321,npp_d20251028_t1806113_e1807355_b72560;npp_d20251028_t1807367_e1809009_b72560;npp_d20251028_t1809021_e1810263_b72560;npp_d20251028_t1810275_e1811517_b72560,161.664,110.073,58.5642,97.5728,115.049,-114.21
244,VBD_npp_d20251028_t1811105_x1008199E_y073635N_l0389_s0626_v23,2025-10-28 20:29:00,7.363527,100.819931,34.924,2025-10-28 18:11:10,2025-10-29 01:11:10,389,626,0.318412,8,18785,0.977776,0.0825,0.897998,0.4,0.972849,0.75,6.81001e-16,0.0001,5.03924e-11,999999,999999,3,Thailand Exclusive Economic Zone,,,SVDNB_npp_d20251028_t1810275_e1811517_b72560_c20251028193205056000_oebc_ops.h5,GDNBO_npp_d20251028_t1810275_e1811517_b72560_c20251028192939737000_oebc_ops.h5,SVI04_npp_d20251028_t1810275_e1811517_b72560_c20251028193214149000_oebc_ops.dspace_rad,,eez_v11.shp,WPP_BFAR_merge.shp,vbd_mpa_r20170830.shp,VNF-VBD_npp_20120301-20151231_global_asia-enhanced_c201607211230.bitmask,vbd_landsea_r20220824.mask,timezone.shp,VBD_platforms-recurring_2015_r20170330.shp,0.151487,VBD_bridges_c20160811.shp,10.404151;8.502419;6.138182;1.273068;3.487974;5.509554,96.985527;110.863861;124.483452;123.301933;109.736603;96.013321,npp_d20251028_t1806113_e1807355_b72560;npp_d20251028_t1807367_e1809009_b72560;npp_d20251028_t1809021_e1810263_b72560;npp_d20251028_t1810275_e1811517_b72560,161.614,110.553,58.5197,97.8549,114.972,-114.278
248,VBD_npp_d20251028_t1811051_x1009260E_y076191N_l0348_s0633_v23,2025-10-28 20:29:00,7.619147,100.926041,4.45548,2025-10-28 18:11:05,2025-10-29 01:11:05,348,633,0.15538,8,18721,0.254178,0.06875,0.629335,0.4,0.697624,0.75,5.66994e-16,0.0001,4.91815e-11,999999,999999,3,Thailand Exclusive Economic Zone,,,SVDNB_npp_d20251028_t1810275_e1811517_b72560_c20251028193205056000_oebc_ops.h5,GDNBO_npp_d20251028_t1810275_e1811517_b72560_c20251028192939737000_oebc_ops.h5,SVI04_npp_d20251028_t1810275_e1811517_b72560_c20251028193214149000_oebc_ops.dspace_rad,,eez_v11.shp,WPP_BFAR_merge.shp,vbd_mpa_r20170830.shp,VNF-VBD_npp_20120301-20151231_global_asia-enhanced_c201607211230.bitmask,vbd_landsea_r20220824.mask,timezone.shp,VBD_platforms-recurring_2015_r20170330.shp,0.441343,VBD_bridges_c20160811.shp,10.404151;8.502419;6.138182;1.273068;3.487974;5.509554,96.985527;110.863861;124.483452;123.301933;109.736603;96.013321,npp_d20251028_t1806113_e1807355_b72560;npp_d20251028_t1807367_e1809009_b72560;npp_d20251028_t1809021_e1810263_b72560;npp_d20251028_t1810275_e1811517_b72560,161.624,109.756,58.3562,97.5249,115.153,-114.178
249,VBD_npp_d20251028_t1811069_x1009279E_y075264N_l0362_s0636_v23,2025-10-28 20:29:00,7.526351,100.927887,2.35384,2025-10-28 18:11:06,2025-10-29 01:11:06,362,636,0.151538,8,18689,0.112572,0.06875,0.389763,0.4,0.605817,0.75,5.86515e-16,0.0001,4.66772e-11,999999,999999,3,Thailand Exclusive Economic Zone,,,SVDNB_npp_d20251028_t1810275_e1811517_b72560_c20251028193205056000_oebc_ops.h5,GDNBO_npp_d20251028_t1810275_e1811517_b72560_c20251028192939737000_oebc_ops.h5,SVI04_npp_d20251028_t1810275_e1811517_b72560_c20251028193214149000_oebc_ops.dspace_rad,,eez_v11.shp,WPP_BFAR_merge.shp,vbd_mpa_r20170830.shp,VNF-VBD_npp_20120301-20151231_global_asia-enhanced_c201607211230.bitmask,vbd_landsea_r20220824.mask,timezone.shp,VBD_platforms-recurring_2015_r20170330.shp,0.206111,VBD_bridges_c20160811.shp,10.404151;8.502419;6.138182;1.273068;3.487974;5.509554,96.985527;110.863861;124.483452;123.301933;109.736603;96.013321,npp_d20251028_t1806113_e1807355_b72560;npp_d20251028_t1807367_e1809009_b72560;npp_d20251028_t1809021_e1810263_b72560;npp_d20251028_t1810275_e1811517_b72560,161.584,110.01,58.2829,97.6248,115.123,-114.216
250,VBD_npp_d20251028_t1811123_x1009831E_y072556N_l0402_s0652_v23,2025-10-28 20:29:00,7.255637,100.983139,3.3413,2025-10-28 18:11:12,2025-10-29 01:11:12,402,652,0.198912,2,2337,0.176282,0.06875,0.547547,0.4,0.68837,0.75,6.25126e-16,0.0001,3.77197e-11,999999,999999,3,Thailand Exclusive Economic Zone,,,SVDNB_npp_d20251028_t1810275_e1811517_b72560_c20251028193205056000_oebc_ops.h5,GDNBO_npp_d20251028_t1810275_e1811517_b72560_c20251028192939737000_oebc_ops.h5,SVI04_npp_d20251028_t1810275_e1811517_b72560_c20251028193214149000_oebc_ops.dspace_rad,,eez_v11.shp,WPP_BFAR_merge.shp,vbd_mpa_r20170830.shp,VNF-VBD_npp_20120301-20151231_global_asia-enhanced_c201607211230.bitmask,vbd_landsea_r20220824.mask,timezone.shp,VBD_platforms-recurring_2015_r20170330.shp,999999,VBD_bridges_c20160811.shp,10.404151;8.502419;6.138182;1.273068;3.487974;5.509554,96.985527;110.863861;124.483452;123.301933;109.736603;96.013321,npp_d20251028_t1806113_e1807355_b72560;npp_d20251028_t1807367_e1809009_b72560;npp_d20251028_t1809021_e1810263_b72560;npp_d20251028_t1810275_e1811517_b72560,161.418,110.699,57.8971,98.0207,115.081,-114.332
251,VBD_npp_d20251028_t1811087_x1010682E_y074152N_l0376_s0659_v23,2025-10-28 20:29:00,7.415180,101.068176,2.53486,2025-10-28 18:11:08,2025-10-29 01:11:08,376,659,0.239456,2,2337,0.109771,0.06875,0.49205,0.4,0.595473,0.75,5.37848e-16,0.0001,3.59939e-11,999999,999999,3,Thailand Exclusive Economic Zone,,,SVDNB_npp_d20251028_t1810275_e1811517_b72560_c20251028193205056000_oebc_ops.h5,GDNBO_npp_d20251028_t1810275_e1811517_b72560_c20251028192939737000_oebc_ops.h5,SVI04_npp_d20251028_t1810275_e1811517_b72560_c20251028193214149000_oebc_ops.dspace_rad,,eez_v11.shp,WPP_BFAR_merge.shp,vbd_mpa_r20170830.shp,VNF-VBD_npp_20120301-20151231_global_asia-enhanced_c201607211230.bitmask,vbd_landsea_r20220824.mask,timezone.shp,VBD_platforms-recurring_2015_r20170330.shp,999999,VBD_bridges_c20160811.shp,10.404151;8.502419;6.138182;1.273068;3.487974;5.509554,96.985527;110.863861;124.483452;123.301933;109.736603;96.013321,npp_d20251028_t1806113_e1807355_b72560;npp_d20251028_t1807367_e1809009_b72560;npp_d20251028_t1809021_e1810263_b72560;npp_d20251028_t1810275_e1811517_b72560,161.408,110.191,57.7321,97.7459,115.21,-114.27
252,VBD_npp_d20251028_t1811087_x1010899E_y073706N_l0382_s0663_v23,2025-10-28 20:29:00,7.370565,101.089897,2.78053,2025-10-28 18:11:08,2025-10-29 01:11:08,382,663,0.173802,2,2337,0.135155,0.06875,0.494024,0.4,0.676603,0.75,5.34874e-16,0.0001,3.35792e-11,999999,999999,3,Thailand Exclusive Economic Zone,,,SVDNB_npp_d20251028_t1810275_e1811517_b72560_c20251028193205056000_oebc_ops.h5,GDNBO_npp_d20251028_t1810275_e1811517_b72560_c20251028192939737000_oebc_ops.h5,SVI04_npp_d20251028_t1810275_e1811517_b72560_c20251028193214149000_oebc_ops.dspace_rad,,eez_v11.shp,WPP_BFAR_merge.shp,vbd_mpa_r20170830.shp,VNF-VBD_npp_20120301-20151231_global_asia-enhanced_c201607211230.bitmask,vbd_landsea_r20220824.mask,timezone.shp,VBD_platforms-recurring_2015_r20170330.shp,999999,VBD_bridges_c20160811.shp,10.404151;8.502419;6.138182;1.273068;3.487974;5.509554,96.985527;110.863861;124.483452;123.301933;109.736603;96.013321,npp_d20251028_t1806113_e1807355_b72560;npp_d20251028_t1807367_e1809009_b72560;npp_d20251028_t1809021_e1810263_b72560;npp_d20251028_t1810275_e1811517_b72560,161.373,110.296,57.6373,97.4972,115.211,-114.29
253,VBD_npp_d20251028_t1811069_x1011182E_y074659N_l0367_s0664_v23,2025-10-28 20:29:00,7.465919,101.118240,2.23842,2025-10-28 18:11:06,2025-10-29 01:11:06,367,664,0.23085,2,2337,0.111247,0.06875,0.586995,0.4,0.714688,0.75,5.05422e-16,0.0001,3.38984e-11,999999,999999,3,Thailand Exclusive Economic Zone,,,SVDNB_npp_d20251028_t1810275_e1811517_b72560_c20251028193205056000_oebc_ops.h5,GDNBO_npp_d20251028_t1810275_e1811517_b72560_c20251028192939737000_oebc_ops.h5,SVI04_npp_d20251028_t1810275_e1811517_b72560_c20251028193214149000_oebc_ops.dspace_rad,,eez_v11.shp,WPP_BFAR_merge.shp,vbd_mpa_r20170830.shp,VNF-VBD_npp_20120301-20151231_global_asia-enhanced_c201607211230.bitmask,vbd_landsea_r20220824.mask,timezone.shp,VBD_platforms-recurring_2015_r20170330.shp,999999,VBD_bridges_c20160811.shp,10.404151;8.502419;6.138182;1.273068;3.487974;5.509554,96.985527;110.863861;124.483452;123.301933;109.736603;96.013321,npp_d20251028_t1806113_e1807355_b72560;npp_d20251028_t1807367_e1809009_b72560;npp_d20251028_t1809021_e1810263_b72560;npp_d20251028_t1810275_e1811517_b72560,161.386,110.012,57.6104,97.4391,115.269,-114.251
254,VBD_npp_d20251028_t1811051_x1011544E_y075747N_l0350_s0666_v23,2025-10-28 20:29:00,7.574686,101.154358,12.459,2025-10-28 18:11:05,2025-10-29 01:11:05,350,666,0.234193,1,2401,0.535659,0.06875,0.772291,0.4,0.907087,0.75,4.69788e-16,0.0001,3.42687e-11,999999,999999,3,Thailand Exclusive Economic Zone,,,SVDNB_npp_d20251028_t1810275_e1811517_b72560_c20251028193205056000_oebc_ops.h5,GDNBO_npp_d20251028_t1810275_e1811517_b72560_c20251028192939737000_oebc_ops.h5,SVI04_npp_d20251028_t1810275_e1811517_b72560_c20251028193214149000_oebc_ops.dspace_rad,,eez_v11.shp,WPP_BFAR_merge.shp,vbd_mpa_r20170830.shp,VNF-VBD_npp_20120301-20151231_global_asia-enhanced_c201607211230.bitmask,vbd_landsea_r20220824.mask,timezone.shp,VBD_platforms-recurring_2015_r20170330.shp,999999,VBD_bridges_c20160811.shp,10.404151;8.502419;6.138182;1.273068;3.487974;5.509554,96.985527;110.863861;124.483452;123.301933;109.736603;96.013321,npp_d20251028_t1806113_e1807355_b72560;npp_d20251028_t1807367_e1809009_b72560;npp_d20251028_t1809021_e1810263_b72560;npp_d20251028_t1810275_e1811517_b72560,161.396,109.683,57.5628,97.4694,115.339,-114.208
255,VBD_npp_d20251028_t1811123_x1010884E_y072062N_l0407_s0668_v23,2025-10-28 20:29:00,7.206238,101.088448,3.83914,2025-10-28 18:11:12,2025-10-29 01:11:12,407,668,0.145066,1,2401,0.24056,0.06875,0.69473,0.4,0.783537,0.75,5.77707e-16,0.0001,3.13445e-11,999999,999999,3,Thailand Exclusive Economic Zone,,,SVDNB_npp_d20251028_t1810275_e1811517_b72560_c20251028193205056000_oebc_ops.h5,GDNBO_npp_d20251028_t1810275_e1811517_b72560_c20251028192939737000_oebc_ops.h5,SVI04_npp_d20251028_t1810275_e1811517_b72560_c20251028193214149000_oebc_ops.dspace_rad,,eez_v11.shp,WPP_BFAR_merge.shp,vbd_mpa_r20170830.shp,VNF-VBD_npp_20120301-20151231_global_asia-enhanced_c201607211230.bitmask,vbd_landsea_r20220824.mask,timezone.shp,VBD_platforms-recurring_2015_r20170330.shp,999999,VBD_bridges_c20160811.shp,10.404151;8.502419;6.138182;1.273068;3.487974;5.509554,96.985527;110.863861;124.483452;123.301933;109.736603;96.013321,npp_d20251028_t1806113_e1807355_b72560;npp_d20251028_t1807367_e1809009_b72560;npp_d20251028_t1809021_e1810263_b72560;npp_d20251028_t1810275_e1811517_b72560,161.303,110.74,57.5138,97.825,115.156,-114.358
256,VBD_npp_d20251028_t1811069_x1011563E_y074885N_l0363_s0669_v23,2025-10-28 20:29:00,7.488514,101.156326,4.62642,2025-10-28 18:11:06,2025-10-29 01:11:06,363,669,0.151823,1,2401,0.275011,0.06875,0.689995,0.4,0.77497,0.75,4.82398e-16,0.0001,3.2856e-11,999999,999999,3,Thailand Exclusive Economic Zone,,,SVDNB_npp_d20251028_t1810275_e1811517_b72560_c20251028193205056000_oebc_ops.h5,GDNBO_npp_d20251028_t1810275_e1811517_b72560_c20251028192939737000_oebc_ops.h5,SVI04_npp_d20251028_t1810275_e1811517_b72560_c20251028193214149000_oebc_ops.dspace_rad,,eez_v11.shp,WPP_BFAR_merge.shp,vbd_mpa_r20170830.shp,VNF-VBD_npp_20120301-20151231_global_asia-enhanced_c201607211230.bitmask,vbd_landsea_r20220824.mask,timezone.shp,VBD_platforms-recurring_2015_r20170330.shp,999999,VBD_bridges_c20160811.shp,10.404151;8.502419;6.138182;1.273068;3.487974;5.509554,96.985527;110.863861;124.483452;123.301933;109.736603;96.013321,npp_d20251028_t1806113_e1807355_b72560;npp_d20251028_t1807367_e1809009_b72560;npp_d20251028_t1809021_e1810263_b72560;npp_d20251028_t1810275_e1811517_b72560,161.358,109.915,57.4898,97.6115,115.313,-114.244
257,VBD_npp_d20251028_t1811176_x1010848E_y068526N_l0460_s0678_v23,2025-10-28 20:29:00,6.852614,101.084763,2.13049,2025-10-28 18:11:17,2025-10-29 01:11:17,460,678,0.335128,2,2337,0.0939223,0.06875,0.727305,0.4,0.540955,0.75,6.62983e-16,0.0001,2.58982e-11,999999,999999,3,,,,SVDNB_npp_d20251028_t1810275_e1811517_b72560_c20251028193205056000_oebc_ops.h5,GDNBO_npp_d20251028_t1810275_e1811517_b72560_c20251028192939737000_oebc_ops.h5,SVI04_npp_d20251028_t1810275_e1811517_b72560_c20251028193214149000_oebc_ops.dspace_rad,,eez_v11.shp,WPP_BFAR_merge.shp,vbd_mpa_r20170830.shp,VNF-VBD_npp_20120301-20151231_global_asia-enhanced_c201607211230.bitmask,vbd_landsea_r20220824.mask,timezone.shp,VBD_platforms-recurring_2015_r20170330.shp,999999,VBD_bridges_c20160811.shp,10.404151;8.502419;6.138182;1.273068;3.487974;5.509554,96.985527;110.863861;124.483452;123.301933;109.736603;96.013321,npp_d20251028_t1806113_e1807355_b72560;npp_d20251028_t1807367_e1809009_b72560;npp_d20251028_t1809021_e1810263_b72560;npp_d20251028_t1810275_e1811517_b72560,161.158,111.692,57.2818,97.6664,115.026,-114.504
258,VBD_npp_d20251028_t1811158_x1011519E_y070278N_l0433_s0683_v23,2025-10-28 20:29:00,7.027768,101.151901,1.57525,2025-10-28 18:11:15,2025-10-29 01:11:15,433,683,0.390041,3,2369,0.0859189,0.06875,0.313328,0.4,0.802415,0.75,5.78772e-16,0.0001,2.66427e-11,999999,999999,3,Thailand Exclusive Economic Zone,,,SVDNB_npp_d20251028_t1810275_e1811517_b72560_c20251028193205056000_oebc_ops.h5,GDNBO_npp_d20251028_t1810275_e1811517_b72560_c20251028192939737000_oebc_ops.h5,SVI04_npp_d20251028_t1810275_e1811517_b72560_c20251028193214149000_oebc_ops.dspace_rad,,eez_v11.shp,WPP_BFAR_merge.shp,vbd_mpa_r20170830.shp,VNF-VBD_npp_20120301-20151231_global_asia-enhanced_c201607211230.bitmask,vbd_landsea_r20220824.mask,timezone.shp,VBD_platforms-recurring_2015_r20170330.shp,999999,VBD_bridges_c20160811.shp,10.404151;8.502419;6.138182;1.273068;3.487974;5.509554,96.985527;110.863861;124.483452;123.301933;109.736603;96.013321,npp_d20251028_t1806113_e1807355_b72560;npp_d20251028_t1807367_e1809009_b72560;npp_d20251028_t1809021_e1810263_b72560;npp_d20251028_t1810275_e1811517_b72560,161.166,111.158,57.1582,98.1337,115.152,-114.436
259,VBD_npp_d20251028_t1811123_x1012634E_y071540N_l0411_s0694_v23,2025-10-28 20:29:00,7.154050,101.263412,2.2178,2025-10-28 18:11:12,2025-10-29 01:11:12,411,694,0.129559,10,2305,0.0886675,0.06875,0.374862,0.4,0.552419,0.75,4.86493e-16,0.0001,2.38979e-11,999999,999999,3,Thailand Exclusive Economic Zone,,,SVDNB_npp_d20251028_t1810275_e1811517_b72560_c20251028193205056000_oebc_ops.h5,GDNBO_npp_d20251028_t1810275_e1811517_b72560_c20251028192939737000_oebc_ops.h5,SVI04_npp_d20251028_t1810275_e1811517_b72560_c20251028193214149000_oebc_ops.dspace_rad,,eez_v11.shp,WPP_BFAR_merge.shp,vbd_mpa_r20170830.shp,VNF-VBD_npp_20120301-20151231_global_asia-enhanced_c201607211230.bitmask,vbd_landsea_r20220824.mask,timezone.shp,VBD_platforms-recurring_2015_r20170330.shp,999999,VBD_bridges_c20160811.shp,10.404151;8.502419;6.138182;1.273068;3.487974;5.509554,96.985527;110.863861;124.483452;123.301933;109.736603;96.013321,npp_d20251028_t1806113_e1807355_b72560;npp_d20251028_t1807367_e1809009_b72560;npp_d20251028_t1809021_e1810263_b72560;npp_d20251028_t1810275_e1811517_b72560,161.122,110.724,56.8806,97.6737,115.291,-114.39
260,VBD_npp_d20251028_t1811158_x1013732E_y068979N_l0447_s0717_v23,2025-10-28 20:29:00,6.897930,101.373161,6.1827,2025-10-28 18:11:15,2025-10-29 01:11:15,447,717,0.378304,1,2401,0.330888,0.06875,0.78173,0.4,0.831942,0.75,5.0266e-16,0.0001,1.81563e-11,999999,999999,1,,,,SVDNB_npp_d20251028_t1810275_e1811517_b72560_c20251028193205056000_oebc_ops.h5,GDNBO_npp_d20251028_t1810275_e1811517_b72560_c20251028192939737000_oebc_ops.h5,SVI04_npp_d20251028_t1810275_e1811517_b72560_c20251028193214149000_oebc_ops.dspace_rad,,eez_v11.shp,WPP_BFAR_merge.shp,vbd_mpa_r20170830.shp,VNF-VBD_npp_20120301-20151231_global_asia-enhanced_c201607211230.bitmask,vbd_landsea_r20220824.mask,timezone.shp,VBD_platforms-recurring_2015_r20170330.shp,999999,VBD_bridges_c20160811.shp,10.404151;8.502419;6.138182;1.273068;3.487974;5.509554,96.985527;110.863861;124.483452;123.301933;109.736603;96.013321,npp_d20251028_t1806113_e1807355_b72560;npp_d20251028_t1807367_e1809009_b72560;npp_d20251028_t1809021_e1810263_b72560;npp_d20251028_t1810275_e1811517_b72560,160.915,111.306,56.3138,97.5442,115.297,-114.504
261,VBD_npp_d20251028_t1811140_x1014400E_y070581N_l0422_s0722_v23,2025-10-28 20:29:00,7.058142,101.439964,9.44136,2025-10-28 18:11:14,2025-10-29 01:11:14,422,722,0.251122,8,18785,0.505139,0.06875,0.786446,0.4,0.895055,0.75,4.452e-16,0.0001,1.84289e-11,999999,999999,3,Thailand Exclusive Economic Zone,,,SVDNB_npp_d20251028_t1810275_e1811517_b72560_c20251028193205056000_oebc_ops.h5,GDNBO_npp_d20251028_t1810275_e1811517_b72560_c20251028192939737000_oebc_ops.h5,SVI04_npp_d20251028_t1810275_e1811517_b72560_c20251028193214149000_oebc_ops.dspace_rad,,eez_v11.shp,WPP_BFAR_merge.shp,vbd_mpa_r20170830.shp,VNF-VBD_npp_20120301-20151231_global_asia-enhanced_c201607211230.bitmask,vbd_landsea_r20220824.mask,timezone.shp,VBD_platforms-recurring_2015_r20170330.shp,0.96628,VBD_bridges_c20160811.shp,10.404151;8.502419;6.138182;1.273068;3.487974;5.509554,96.985527;110.863861;124.483452;123.301933;109.736603;96.013321,npp_d20251028_t1806113_e1807355_b72560;npp_d20251028_t1807367_e1809009_b72560;npp_d20251028_t1809021_e1810263_b72560;npp_d20251028_t1810275_e1811517_b72560,160.917,110.82,56.1795,97.9312,115.417,-114.442
262,VBD_npp_d20251028_t1811140_x1014730E_y069906N_l0431_s0728_v23,2025-10-28 20:29:00,6.990629,101.472961,8.44838,2025-10-28 18:11:14,2025-10-29 01:11:14,431,728,0.389827,1,2401,0.490795,0.06875,0.830709,0.4,0.9148,0.75,4.47592e-16,0.0001,1.67466e-11,999999,999999,3,Thailand Exclusive Economic Zone,,,SVDNB_npp_d20251028_t1810275_e1811517_b72560_c20251028193205056000_oebc_ops.h5,GDNBO_npp_d20251028_t1810275_e1811517_b72560_c20251028192939737000_oebc_ops.h5,SVI04_npp_d20251028_t1810275_e1811517_b72560_c20251028193214149000_oebc_ops.dspace_rad,,eez_v11.shp,WPP_BFAR_merge.shp,vbd_mpa_r20170830.shp,VNF-VBD_npp_20120301-20151231_global_asia-enhanced_c201607211230.bitmask,vbd_landsea_r20220824.mask,timezone.shp,VBD_platforms-recurring_2015_r20170330.shp,999999,VBD_bridges_c20160811.shp,10.404151;8.502419;6.138182;1.273068;3.487974;5.509554,96.985527;110.863861;124.483452;123.301933;109.736603;96.013321,npp_d20251028_t1806113_e1807355_b72560;npp_d20251028_t1807367_e1809009_b72560;npp_d20251028_t1809021_e1810263_b72560;npp_d20251028_t1810275_e1811517_b72560,160.863,110.972,56.0274,97.536,115.418,-114.472
263,VBD_npp_d20251028_t1811158_x1014906E_y068750N_l0448_s0734_v23,2025-10-28 20:29:00,6.875039,101.490593,5.69643,2025-10-28 18:11:15,2025-10-29 01:11:15,448,734,0.357463,2,2337,0.222658,0.06875,0.668643,0.4,0.719246,0.75,4.62595e-16,0.0001,1.55045e-11,999999,999999,1,Thailand Exclusive Economic Zone,,,SVDNB_npp_d20251028_t1810275_e1811517_b72560_c20251028193205056000_oebc_ops.h5,GDNBO_npp_d20251028_t1810275_e1811517_b72560_c20251028192939737000_oebc_ops.h5,SVI04_npp_d20251028_t1810275_e1811517_b72560_c20251028193214149000_oebc_ops.dspace_rad,,eez_v11.shp,WPP_BFAR_merge.shp,vbd_mpa_r20170830.shp,VNF-VBD_npp_20120301-20151231_global_asia-enhanced_c201607211230.bitmask,vbd_landsea_r20220824.mask,timezone.shp,VBD_platforms-recurring_2015_r20170330.shp,999999,VBD_bridges_c20160811.shp,10.404151;8.502419;6.138182;1.273068;3.487974;5.509554,96.985527;110.863861;124.483452;123.301933;109.736603;96.013321,npp_d20251028_t1806113_e1807355_b72560;npp_d20251028_t1807367_e1809009_b72560;npp_d20251028_t1809021_e1810263_b72560;npp_d20251028_t1810275_e1811517_b72560,160.798,111.259,55.8787,97.512,115.393,-114.522
264,VBD_npp_d20251028_t1811176_x1016933E_y068437N_l0449_s0765_v23,2025-10-28 20:29:00,6.843680,101.693283,1.31872,2025-10-28 18:11:17,2025-10-29 01:11:17,449,765,0.38435,1,2401,0.0787129,0.06875,0.430281,0.4,0.830289,0.75,3.87574e-16,0.0001,1.24828e-11,999999,999999,3,Thailand Exclusive Economic Zone,,,SVDNB_npp_d20251028_t1810275_e1811517_b72560_c20251028193205056000_oebc_ops.h5,GDNBO_npp_d20251028_t1810275_e1811517_b72560_c20251028192939737000_oebc_ops.h5,SVI04_npp_d20251028_t1810275_e1811517_b72560_c20251028193214149000_oebc_ops.dspace_rad,,eez_v11.shp,WPP_BFAR_merge.shp,vbd_mpa_r20170830.shp,VNF-VBD_npp_20120301-20151231_global_asia-enhanced_c201607211230.bitmask,vbd_landsea_r20220824.mask,timezone.shp,VBD_platforms-recurring_2015_r20170330.shp,999999,VBD_bridges_c20160811.shp,10.404151;8.502419;6.138182;1.273068;3.487974;5.509554,96.985527;110.863861;124.483452;123.301933;109.736603;96.013321,npp_d20251028_t1806113_e1807355_b72560;npp_d20251028_t1807367_e1809009_b72560;npp_d20251028_t1809021_e1810263_b72560;npp_d20251028_t1810275_e1811517_b72560,160.592,111.152,55.0893,98.221,115.568,-114.549
265,VBD_npp_d20251028_t1811158_x1018124E_y068723N_l0442_s0781_v23,2025-10-28 20:29:00,6.872262,101.812431,3.10528,2025-10-28 18:11:15,2025-10-29 01:11:15,442,781,0.248988,2,2337,0.180743,0.06875,0.663055,0.4,0.698519,0.75,3.39065e-16,0.0001,1.07573e-11,999999,999999,3,Thailand Exclusive Economic Zone,,,SVDNB_npp_d20251028_t1810275_e1811517_b72560_c20251028193205056000_oebc_ops.h5,GDNBO_npp_d20251028_t1810275_e1811517_b72560_c20251028192939737000_oebc_ops.h5,SVI04_npp_d20251028_t1810275_e1811517_b72560_c20251028193214149000_oebc_ops.dspace_rad,,eez_v11.shp,WPP_BFAR_merge.shp,vbd_mpa_r20170830.shp,VNF-VBD_npp_20120301-20151231_global_asia-enhanced_c201607211230.bitmask,vbd_landsea_r20220824.mask,timezone.shp,VBD_platforms-recurring_2015_r20170330.shp,999999,VBD_bridges_c20160811.shp,10.404151;8.502419;6.138182;1.273068;3.487974;5.509554,96.985527;110.863861;124.483452;123.301933;109.736603;96.013321,npp_d20251028_t1806113_e1807355_b72560;npp_d20251028_t1807367_e1809009_b72560;npp_d20251028_t1809021_e1810263_b72560;npp_d20251028_t1810275_e1811517_b72560,160.499,110.977,54.6848,97.8155,115.681,-114.545
266,VBD_npp_d20251028_t1811105_x1019011E_y071513N_l0398_s0785_v23,2025-10-28 20:29:00,7.151299,101.901100,2.95162,2025-10-28 18:11:10,2025-10-29 01:11:10,398,785,0.231988,2,2337,0.158696,0.06875,0.551262,0.4,0.742403,0.75,2.74986e-16,0.0001,1.07995e-11,999999,999999,3,Thailand Exclusive Economic Zone,,,SVDNB_npp_d20251028_t1810275_e1811517_b72560_c20251028193205056000_oebc_ops.h5,GDNBO_npp_d20251028_t1810275_e1811517_b72560_c20251028192939737000_oebc_ops.h5,SVI04_npp_d20251028_t1810275_e1811517_b72560_c20251028193214149000_oebc_ops.dspace_rad,,eez_v11.shp,WPP_BFAR_merge.shp,vbd_mpa_r20170830.shp,VNF-VBD_npp_20120301-20151231_global_asia-enhanced_c201607211230.bitmask,vbd_landsea_r20220824.mask,timezone.shp,VBD_platforms-recurring_2015_r20170330.shp,999999,VBD_bridges_c20160811.shp,10.404151;8.502419;6.138182;1.273068;3.487974;5.509554,96.985527;110.863861;124.483452;123.301933;109.736603;96.013321,npp_d20251028_t1806113_e1807355_b72560;npp_d20251028_t1807367_e1809009_b72560;npp_d20251028_t1809021_e1810263_b72560;npp_d20251028_t1810275_e1811517_b72560,160.535,110.182,54.5809,97.5854,115.856,-114.432
267,VBD_npp_d20251028_t1811158_x1018489E_y068386N_l0446_s0787_v23,2025-10-28 20:29:00,6.838618,101.848900,6.97915,2025-10-28 18:11:15,2025-10-29 01:11:15,446,787,0.338115,8,18785,0.394845,0.06875,0.774342,0.4,0.842685,0.75,3.29472e-16,0.0001,1.00671e-11,999999,999999,3,Thailand Exclusive Economic Zone,,,SVDNB_npp_d20251028_t1810275_e1811517_b72560_c20251028193205056000_oebc_ops.h5,GDNBO_npp_d20251028_t1810275_e1811517_b72560_c20251028192939737000_oebc_ops.h5,SVI04_npp_d20251028_t1810275_e1811517_b72560_c20251028193214149000_oebc_ops.dspace_rad,,eez_v11.shp,WPP_BFAR_merge.shp,vbd_mpa_r20170830.shp,VNF-VBD_npp_20120301-20151231_global_asia-enhanced_c201607211230.bitmask,vbd_landsea_r20220824.mask,timezone.shp,VBD_platforms-recurring_2015_r20170330.shp,0.80819,VBD_bridges_c20160811.shp,10.404151;8.502419;6.138182;1.273068;3.487974;5.509554,96.985527;110.863861;124.483452;123.301933;109.736603;96.013321,npp_d20251028_t1806113_e1807355_b72560;npp_d20251028_t1807367_e1809009_b72560;npp_d20251028_t1809021_e1810263_b72560;npp_d20251028_t1810275_e1811517_b72560,160.453,111.034,54.5295,97.6294,115.699,-114.562
268,VBD_npp_d20251028_t1811105_x1019584E_y071505N_l0397_s0793_v23,2025-10-28 20:29:00,7.150523,101.958382,1.89444,2025-10-28 18:11:10,2025-10-29 01:11:10,397,793,0.146915,2,2337,0.0700682,0.06875,0.436829,0.4,0.499269,0.75,2.57714e-16,0.0001,1.01354e-11,999999,999999,3,Thailand Exclusive Economic Zone,,,SVDNB_npp_d20251028_t1810275_e1811517_b72560_c20251028193205056000_oebc_ops.h5,GDNBO_npp_d20251028_t1810275_e1811517_b72560_c20251028192939737000_oebc_ops.h5,SVI04_npp_d20251028_t1810275_e1811517_b72560_c20251028193214149000_oebc_ops.dspace_rad,,eez_v11.shp,WPP_BFAR_merge.shp,vbd_mpa_r20170830.shp,VNF-VBD_npp_20120301-20151231_global_asia-enhanced_c201607211230.bitmask,vbd_landsea_r20220824.mask,timezone.shp,VBD_platforms-recurring_2015_r20170330.shp,999999,VBD_bridges_c20160811.shp,10.404151;8.502419;6.138182;1.273068;3.487974;5.509554,96.985527;110.863861;124.483452;123.301933;109.736603;96.013321,npp_d20251028_t1806113_e1807355_b72560;npp_d20251028_t1807367_e1809009_b72560;npp_d20251028_t1809021_e1810263_b72560;npp_d20251028_t1810275_e1811517_b72560,160.481,110.135,54.3629,97.6387,115.907,-114.436
269,VBD_npp_d20251028_t1811176_x1018739E_y067634N_l0457_s0793_v23,2025-10-28 20:29:00,6.763393,101.873863,6.41131,2025-10-28 18:11:17,2025-10-29 01:11:17,457,793,0.152036,1,2401,0.392529,0.06875,0.815474,0.4,0.900022,0.75,3.27598e-16,0.0001,9.61754e-12,999999,999999,3,Thailand Exclusive Economic Zone,,,SVDNB_npp_d20251028_t1810275_e1811517_b72560_c20251028193205056000_oebc_ops.h5,GDNBO_npp_d20251028_t1810275_e1811517_b72560_c20251028192939737000_oebc_ops.h5,SVI04_npp_d20251028_t1810275_e1811517_b72560_c20251028193214149000_oebc_ops.dspace_rad,,eez_v11.shp,WPP_BFAR_merge.shp,vbd_mpa_r20170830.shp,VNF-VBD_npp_20120301-20151231_global_asia-enhanced_c201607211230.bitmask,vbd_landsea_r20220824.mask,timezone.shp,VBD_platforms-recurring_2015_r20170330.shp,999999,VBD_bridges_c20160811.shp,10.404151;8.502419;6.138182;1.273068;3.487974;5.509554,96.985527;110.863861;124.483452;123.301933;109.736603;96.013321,npp_d20251028_t1806113_e1807355_b72560;npp_d20251028_t1807367_e1809009_b72560;npp_d20251028_t1809021_e1810263_b72560;npp_d20251028_t1810275_e1811517_b72560,160.396,111.202,54.366,97.8814,115.697,-114.596
270,VBD_npp_d20251028_t1811176_x1018769E_y067349N_l0461_s0794_v23,2025-10-28 20:29:00,6.734867,101.876869,2.93884,2025-10-28 18:11:17,2025-10-29 01:11:17,461,794,0.0829682,8,18721,0.169523,0.06875,0.791684,0.4,0.730903,0.75,3.29701e-16,0.0001,9.37427e-12,999999,999999,3,Thailand Exclusive Economic Zone,,,SVDNB_npp_d20251028_t1810275_e1811517_b72560_c20251028193205056000_oebc_ops.h5,GDNBO_npp_d20251028_t1810275_e1811517_b72560_c20251028192939737000_oebc_ops.h5,SVI04_npp_d20251028_t1810275_e1811517_b72560_c20251028193214149000_oebc_ops.dspace_rad,,eez_v11.shp,WPP_BFAR_merge.shp,vbd_mpa_r20170830.shp,VNF-VBD_npp_20120301-20151231_global_asia-enhanced_c201607211230.bitmask,vbd_landsea_r20220824.mask,timezone.shp,VBD_platforms-recurring_2015_r20170330.shp,0.358219,VBD_bridges_c20160811.shp,10.404151;8.502419;6.138182;1.273068;3.487974;5.509554,96.985527;110.863861;124.483452;123.301933;109.736603;96.013321,npp_d20251028_t1806113_e1807355_b72560;npp_d20251028_t1807367_e1809009_b72560;npp_d20251028_t1809021_e1810263_b72560;npp_d20251028_t1810275_e1811517_b72560,160.383,111.274,54.3396,97.6936,115.688,-114.608
271,VBD_npp_d20251028_t1811176_x1019117E_y067791N_l0454_s0798_v23,2025-10-28 20:29:00,6.779133,101.911728,4.76665,2025-10-28 18:11:17,2025-10-29 01:11:17,454,798,0.149618,8,18785,0.280713,0.06875,0.841521,0.4,0.760816,0.75,3.15938e-16,0.0001,9.35317e-12,999999,999999,3,Thailand Exclusive Economic Zone,,,SVDNB_npp_d20251028_t1810275_e1811517_b72560_c20251028193205056000_oebc_ops.h5,GDNBO_npp_d20251028_t1810275_e1811517_b72560_c20251028192939737000_oebc_ops.h5,SVI04_npp_d20251028_t1810275_e1811517_b72560_c20251028193214149000_oebc_ops.dspace_rad,,eez_v11.shp,WPP_BFAR_merge.shp,vbd_mpa_r20170830.shp,VNF-VBD_npp_20120301-20151231_global_asia-enhanced_c201607211230.bitmask,vbd_landsea_r20220824.mask,timezone.shp,VBD_platforms-recurring_2015_r20170330.shp,0.598792,VBD_bridges_c20160811.shp,10.404151;8.502419;6.138182;1.273068;3.487974;5.509554,96.985527;110.863861;124.483452;123.301933;109.736603;96.013321,npp_d20251028_t1806113_e1807355_b72560;npp_d20251028_t1807367_e1809009_b72560;npp_d20251028_t1809021_e1810263_b72560;npp_d20251028_t1810275_e1811517_b72560,160.366,111.128,54.2297,98.027,115.738,-114.592
272,VBD_npp_d20251028_t1811176_x1019088E_y067585N_l0457_s0798_v23,2025-10-28 20:29:00,6.758512,101.908752,3.45442,2025-10-28 18:11:17,2025-10-29 01:11:17,457,798,0.148409,8,18721,0.194603,0.06875,0.839488,0.4,0.698695,0.75,3.19344e-16,0.0001,9.23191e-12,999999,999999,3,Thailand Exclusive Economic Zone,,,SVDNB_npp_d20251028_t1810275_e1811517_b72560_c20251028193205056000_oebc_ops.h5,GDNBO_npp_d20251028_t1810275_e1811517_b72560_c20251028192939737000_oebc_ops.h5,SVI04_npp_d20251028_t1810275_e1811517_b72560_c20251028193214149000_oebc_ops.dspace_rad,,eez_v11.shp,WPP_BFAR_merge.shp,vbd_mpa_r20170830.shp,VNF-VBD_npp_20120301-20151231_global_asia-enhanced_c201607211230.bitmask,vbd_landsea_r20220824.mask,timezone.shp,VBD_platforms-recurring_2015_r20170330.shp,0.050369,VBD_bridges_c20160811.shp,10.404151;8.502419;6.138182;1.273068;3.487974;5.509554,96.985527;110.863861;124.483452;123.301933;109.736603;96.013321,npp_d20251028_t1806113_e1807355_b72560;npp_d20251028_t1807367_e1809009_b72560;npp_d20251028_t1809021_e1810263_b72560;npp_d20251028_t1810275_e1811517_b72560,160.362,111.184,54.2301,97.8854,115.726,-114.601
273,VBD_npp_d20251028_t1811123_x1019957E_y071089N_l0403_s0800_v23,2025-10-28 20:29:00,7.108881,101.995712,5.42995,2025-10-28 18:11:12,2025-10-29 01:11:12,403,800,0.244649,8,18721,0.249217,0.06875,0.644921,0.4,0.702122,0.75,2.55716e-16,0.0001,9.81233e-12,999999,999999,3,Thailand Exclusive Economic Zone,,,SVDNB_npp_d20251028_t1810275_e1811517_b72560_c20251028193205056000_oebc_ops.h5,GDNBO_npp_d20251028_t1810275_e1811517_b72560_c20251028192939737000_oebc_ops.h5,SVI04_npp_d20251028_t1810275_e1811517_b72560_c20251028193214149000_oebc_ops.dspace_rad,,eez_v11.shp,WPP_BFAR_merge.shp,vbd_mpa_r20170830.shp,VNF-VBD_npp_20120301-20151231_global_asia-enhanced_c201607211230.bitmask,vbd_landsea_r20220824.mask,timezone.shp,VBD_platforms-recurring_2015_r20170330.shp,0.450516,VBD_bridges_c20160811.shp,10.404151;8.502419;6.138182;1.273068;3.487974;5.509554,96.985527;110.863861;124.483452;123.301933;109.736603;96.013321,npp_d20251028_t1806113_e1807355_b72560;npp_d20251028_t1807367_e1809009_b72560;npp_d20251028_t1809021_e1810263_b72560;npp_d20251028_t1810275_e1811517_b72560,160.425,110.208,54.1696,98.1312,115.93,-114.457
274,VBD_npp_d20251028_t1811176_x1019345E_y067899N_l0452_s0801_v23,2025-10-28 20:29:00,6.789916,101.934525,10.8036,2025-10-28 18:11:17,2025-10-29 01:11:17,452,801,0.216054,8,18785,0.512714,0.06875,0.86869,0.4,0.90324,0.75,3.09444e-16,0.0001,9.20815e-12,999999,999999,3,Thailand Exclusive Economic Zone,,,SVDNB_npp_d20251028_t1810275_e1811517_b72560_c20251028193205056000_oebc_ops.h5,GDNBO_npp_d20251028_t1810275_e1811517_b72560_c20251028192939737000_oebc_ops.h5,SVI04_npp_d20251028_t1810275_e1811517_b72560_c20251028193214149000_oebc_ops.dspace_rad,,eez_v11.shp,WPP_BFAR_merge.shp,vbd_mpa_r20170830.shp,VNF-VBD_npp_20120301-20151231_global_asia-enhanced_c201607211230.bitmask,vbd_landsea_r20220824.mask,timezone.shp,VBD_platforms-recurring_2015_r20170330.shp,0.234892,VBD_bridges_c20160811.shp,10.404151;8.502419;6.138182;1.273068;3.487974;5.509554,96.985527;110.863861;124.483452;123.301933;109.736603;96.013321,npp_d20251028_t1806113_e1807355_b72560;npp_d20251028_t1807367_e1809009_b72560;npp_d20251028_t1809021_e1810263_b72560;npp_d20251028_t1810275_e1811517_b72560,160.349,111.079,54.1482,98.124,115.763,-114.589
275,VBD_npp_d20251028_t1811194_x1019145E_y066442N_l0474_s0802_v23,2025-10-28 20:29:00,6.644189,101.914543,4.01871,2025-10-28 18:11:19,2025-10-29 01:11:19,474,802,0.305324,8,18785,0.258649,0.06875,0.7376,0.4,0.83165,0.75,3.32566e-16,0.0001,8.73946e-12,999999,999999,3,Thailand Exclusive Economic Zone,,,SVDNB_npp_d20251028_t1810275_e1811517_b72560_c20251028193205056000_oebc_ops.h5,GDNBO_npp_d20251028_t1810275_e1811517_b72560_c20251028192939737000_oebc_ops.h5,SVI04_npp_d20251028_t1810275_e1811517_b72560_c20251028193214149000_oebc_ops.dspace_rad,,eez_v11.shp,WPP_BFAR_merge.shp,vbd_mpa_r20170830.shp,VNF-VBD_npp_20120301-20151231_global_asia-enhanced_c201607211230.bitmask,vbd_landsea_r20220824.mask,timezone.shp,VBD_platforms-recurring_2015_r20170330.shp,0.942268,VBD_bridges_c20160811.shp,10.404151;8.502419;6.138182;1.273068;3.487974;5.509554,96.985527;110.863861;124.483452;123.301933;109.736603;96.013321,npp_d20251028_t1806113_e1807355_b72560;npp_d20251028_t1807367_e1809009_b72560;npp_d20251028_t1809021_e1810263_b72560;npp_d20251028_t1810275_e1811517_b72560,160.308,111.47,54.118,97.8567,115.691,-114.65
276,VBD_npp_d20251028_t1811194_x1019313E_y066628N_l0471_s0804_v23,2025-10-28 20:29:00,6.662815,101.931343,2.92451,2025-10-28 18:11:19,2025-10-29 01:11:19,471,804,0.302763,8,18785,0.19521,0.06875,0.727074,0.4,0.777367,0.75,3.26212e-16,0.0001,8.7128e-12,999999,999999,3,Thailand Exclusive Economic Zone,,,SVDNB_npp_d20251028_t1810275_e1811517_b72560_c20251028193205056000_oebc_ops.h5,GDNBO_npp_d20251028_t1810275_e1811517_b72560_c20251028192939737000_oebc_ops.h5,SVI04_npp_d20251028_t1810275_e1811517_b72560_c20251028193214149000_oebc_ops.dspace_rad,,eez_v11.shp,WPP_BFAR_merge.shp,vbd_mpa_r20170830.shp,VNF-VBD_npp_20120301-20151231_global_asia-enhanced_c201607211230.bitmask,vbd_landsea_r20220824.mask,timezone.shp,VBD_platforms-recurring_2015_r20170330.shp,0.701419,VBD_bridges_c20160811.shp,10.404151;8.502419;6.138182;1.273068;3.487974;5.509554,96.985527;110.863861;124.483452;123.301933;109.736603;96.013321,npp_d20251028_t1806113_e1807355_b72560;npp_d20251028_t1807367_e1809009_b72560;npp_d20251028_t1809021_e1810263_b72560;npp_d20251028_t1810275_e1811517_b72560,160.299,111.407,54.0634,98.0001,115.714,-114.643
277,VBD_npp_d20251028_t1811158_x1019725E_y068077N_l0448_s0805_v23,2025-10-28 20:29:00,6.807695,101.972481,16.7491,2025-10-28 18:11:15,2025-10-29 01:11:15,448,805,0.213707,8,18785,0.68997,0.06875,0.876389,0.4,0.94471,0.75,2.99413e-16,0.0001,8.61209e-12,999999,999999,3,Thailand Exclusive Economic Zone,,,SVDNB_npp_d20251028_t1810275_e1811517_b72560_c20251028193205056000_oebc_ops.h5,GDNBO_npp_d20251028_t1810275_e1811517_b72560_c20251028192939737000_oebc_ops.h5,SVI04_npp_d20251028_t1810275_e1811517_b72560_c20251028193214149000_oebc_ops.dspace_rad,,eez_v11.shp,WPP_BFAR_merge.shp,vbd_mpa_r20170830.shp,VNF-VBD_npp_20120301-20151231_global_asia-enhanced_c201607211230.bitmask,vbd_landsea_r20220824.mask,timezone.shp,VBD_platforms-recurring_2015_r20170330.shp,0.43247,VBD_bridges_c20160811.shp,10.404151;8.502419;6.138182;1.273068;3.487974;5.509554,96.985527;110.863861;124.483452;123.301933;109.736603;96.013321,npp_d20251028_t1806113_e1807355_b72560;npp_d20251028_t1807367_e1809009_b72560;npp_d20251028_t1809021_e1810263_b72560;npp_d20251028_t1810275_e1811517_b72560,160.327,111.006,54.0409,97.5477,115.798,-114.584
278,VBD_npp_d20251028_t1811176_x1019720E_y068055N_l0449_s0806_v23,2025-10-28 20:29:00,6.805537,101.972023,19.3198,2025-10-28 18:11:17,2025-10-29 01:11:17,449,806,0.197774,8,18785,0.703943,0.06875,0.876389,0.4,0.920487,0.75,2.9912e-16,0.0001,8.96132e-12,999999,999999,3,Thailand Exclusive Economic Zone,,,SVDNB_npp_d20251028_t1810275_e1811517_b72560_c20251028193205056000_oebc_ops.h5,GDNBO_npp_d20251028_t1810275_e1811517_b72560_c20251028192939737000_oebc_ops.h5,SVI04_npp_d20251028_t1810275_e1811517_b72560_c20251028193214149000_oebc_ops.dspace_rad,,eez_v11.shp,WPP_BFAR_merge.shp,vbd_mpa_r20170830.shp,VNF-VBD_npp_20120301-20151231_global_asia-enhanced_c201607211230.bitmask,vbd_landsea_r20220824.mask,timezone.shp,VBD_platforms-recurring_2015_r20170330.shp,0.201177,VBD_bridges_c20160811.shp,10.404151;8.502419;6.138182;1.273068;3.487974;5.509554,96.985527;110.863861;124.483452;123.301933;109.736603;96.013321,npp_d20251028_t1806113_e1807355_b72560;npp_d20251028_t1807367_e1809009_b72560;npp_d20251028_t1809021_e1810263_b72560;npp_d20251028_t1810275_e1811517_b72560,160.32,111.005,54.0127,98.2704,115.803,-114.586
279,VBD_npp_d20251028_t1811158_x1019941E_y068117N_l0447_s0808_v23,2025-10-28 20:29:00,6.811715,101.994141,5.45425,2025-10-28 18:11:15,2025-10-29 01:11:15,447,808,0.202895,8,18785,0.308993,0.06875,0.871777,0.4,0.831704,0.75,2.94166e-16,0.0001,8.44471e-12,999999,999999,3,Thailand Exclusive Economic Zone,,,SVDNB_npp_d20251028_t1810275_e1811517_b72560_c20251028193205056000_oebc_ops.h5,GDNBO_npp_d20251028_t1810275_e1811517_b72560_c20251028192939737000_oebc_ops.h5,SVI04_npp_d20251028_t1810275_e1811517_b72560_c20251028193214149000_oebc_ops.dspace_rad,,eez_v11.shp,WPP_BFAR_merge.shp,vbd_mpa_r20170830.shp,VNF-VBD_npp_20120301-20151231_global_asia-enhanced_c201607211230.bitmask,vbd_landsea_r20220824.mask,timezone.shp,VBD_platforms-recurring_2015_r20170330.shp,0.286731,VBD_bridges_c20160811.shp,10.404151;8.502419;6.138182;1.273068;3.487974;5.509554,96.985527;110.863861;124.483452;123.301933;109.736603;96.013321,npp_d20251028_t1806113_e1807355_b72560;npp_d20251028_t1807367_e1809009_b72560;npp_d20251028_t1809021_e1810263_b72560;npp_d20251028_t1810275_e1811517_b72560,160.309,110.976,53.9594,97.5971,115.819,-114.584
280,VBD_npp_d20251028_t1811123_x1020500E_y070454N_l0411_s0809_v23,2025-10-28 20:29:00,7.045351,102.050003,12.437,2025-10-28 18:11:12,2025-10-29 01:11:12,411,809,0.33719,1,2401,0.6142,0.06875,0.857891,0.4,0.944286,0.75,2.53926e-16,0.0001,8.80571e-12,999999,999999,3,Thailand Exclusive Economic Zone,,,SVDNB_npp_d20251028_t1810275_e1811517_b72560_c20251028193205056000_oebc_ops.h5,GDNBO_npp_d20251028_t1810275_e1811517_b72560_c20251028192939737000_oebc_ops.h5,SVI04_npp_d20251028_t1810275_e1811517_b72560_c20251028193214149000_oebc_ops.dspace_rad,,eez_v11.shp,WPP_BFAR_merge.shp,vbd_mpa_r20170830.shp,VNF-VBD_npp_20120301-20151231_global_asia-enhanced_c201607211230.bitmask,vbd_landsea_r20220824.mask,timezone.shp,VBD_platforms-recurring_2015_r20170330.shp,999999,VBD_bridges_c20160811.shp,10.404151;8.502419;6.138182;1.273068;3.487974;5.509554,96.985527;110.863861;124.483452;123.301933;109.736603;96.013321,npp_d20251028_t1806113_e1807355_b72560;npp_d20251028_t1807367_e1809009_b72560;npp_d20251028_t1809021_e1810263_b72560;npp_d20251028_t1810275_e1811517_b72560,160.353,110.33,53.9264,97.7603,115.952,-114.488
281,VBD_npp_d20251028_t1811176_x1019887E_y067752N_l0453_s0809_v23,2025-10-28 20:29:00,6.775213,101.988731,17.8725,2025-10-28 18:11:17,2025-10-29 01:11:17,453,809,0.163417,8,18785,0.663154,0.06875,0.875268,0.4,0.912548,0.75,2.9926e-16,0.0001,8.59919e-12,999999,999999,3,Thailand Exclusive Economic Zone,,,SVDNB_npp_d20251028_t1810275_e1811517_b72560_c20251028193205056000_oebc_ops.h5,GDNBO_npp_d20251028_t1810275_e1811517_b72560_c20251028192939737000_oebc_ops.h5,SVI04_npp_d20251028_t1810275_e1811517_b72560_c20251028193214149000_oebc_ops.dspace_rad,,eez_v11.shp,WPP_BFAR_merge.shp,vbd_mpa_r20170830.shp,VNF-VBD_npp_20120301-20151231_global_asia-enhanced_c201607211230.bitmask,vbd_landsea_r20220824.mask,timezone.shp,VBD_platforms-recurring_2015_r20170330.shp,0.138015,VBD_bridges_c20160811.shp,10.404151;8.502419;6.138182;1.273068;3.487974;5.509554,96.985527;110.863861;124.483452;123.301933;109.736603;96.013321,npp_d20251028_t1806113_e1807355_b72560;npp_d20251028_t1807367_e1809009_b72560;npp_d20251028_t1809021_e1810263_b72560;npp_d20251028_t1810275_e1811517_b72560,160.294,111.07,53.9314,98.0835,115.805,-114.6
282,VBD_npp_d20251028_t1811194_x1019717E_y066990N_l0465_s0809_v23,2025-10-28 20:29:00,6.698971,101.971664,1.79209,2025-10-28 18:11:19,2025-10-29 01:11:19,465,809,0.259231,8,18721,0.0709817,0.06875,0.73963,0.4,0.632128,0.75,3.12212e-16,0.0001,8.59364e-12,999999,999999,3,Thailand Exclusive Economic Zone,,,SVDNB_npp_d20251028_t1810275_e1811517_b72560_c20251028193205056000_oebc_ops.h5,GDNBO_npp_d20251028_t1810275_e1811517_b72560_c20251028192939737000_oebc_ops.h5,SVI04_npp_d20251028_t1810275_e1811517_b72560_c20251028193214149000_oebc_ops.dspace_rad,,eez_v11.shp,WPP_BFAR_merge.shp,vbd_mpa_r20170830.shp,VNF-VBD_npp_20120301-20151231_global_asia-enhanced_c201607211230.bitmask,vbd_landsea_r20220824.mask,timezone.shp,VBD_platforms-recurring_2015_r20170330.shp,0.146622,VBD_bridges_c20160811.shp,10.404151;8.502419;6.138182;1.273068;3.487974;5.509554,96.985527;110.863861;124.483452;123.301933;109.736603;96.013321,npp_d20251028_t1806113_e1807355_b72560;npp_d20251028_t1807367_e1809009_b72560;npp_d20251028_t1809021_e1810263_b72560;npp_d20251028_t1810275_e1811517_b72560,160.275,111.277,53.9279,98.2885,115.765,-114.631
283,VBD_npp_d20251028_t1811123_x1020706E_y070913N_l0404_s0811_v23,2025-10-28 20:29:00,7.091262,102.070610,11.9035,2025-10-28 18:11:12,2025-10-29 01:11:12,404,811,0.308596,8,18785,0.446766,0.06875,0.799235,0.4,0.811404,0.75,2.44044e-16,0.0001,8.93318e-12,999999,999999,3,Thailand Exclusive Economic Zone,,,SVDNB_npp_d20251028_t1810275_e1811517_b72560_c20251028193205056000_oebc_ops.h5,GDNBO_npp_d20251028_t1810275_e1811517_b72560_c20251028192939737000_oebc_ops.h5,SVI04_npp_d20251028_t1810275_e1811517_b72560_c20251028193214149000_oebc_ops.dspace_rad,,eez_v11.shp,WPP_BFAR_merge.shp,vbd_mpa_r20170830.shp,VNF-VBD_npp_20120301-20151231_global_asia-enhanced_c201607211230.bitmask,vbd_landsea_r20220824.mask,timezone.shp,VBD_platforms-recurring_2015_r20170330.shp,0.50883,VBD_bridges_c20160811.shp,10.404151;8.502419;6.138182;1.273068;3.487974;5.509554,96.985527;110.863861;124.483452;123.301933;109.736603;96.013321,npp_d20251028_t1806113_e1807355_b72560;npp_d20251028_t1807367_e1809009_b72560;npp_d20251028_t1809021_e1810263_b72560;npp_d20251028_t1810275_e1811517_b72560,160.35,110.192,53.8715,98.0939,115.99,-114.47
284,VBD_npp_d20251028_t1811176_x1019984E_y066972N_l0464_s0812_v23,2025-10-28 20:29:00,6.697196,101.998428,5.19294,2025-10-28 18:11:17,2025-10-29 01:11:17,464,812,0.312223,1,2401,0.334058,0.06875,0.762743,0.4,0.881085,0.75,3.06726e-16,0.0001,8.01235e-12,999999,999999,3,Thailand Exclusive Economic Zone,,,SVDNB_npp_d20251028_t1810275_e1811517_b72560_c20251028193205056000_oebc_ops.h5,GDNBO_npp_d20251028_t1810275_e1811517_b72560_c20251028192939737000_oebc_ops.h5,SVI04_npp_d20251028_t1810275_e1811517_b72560_c20251028193214149000_oebc_ops.dspace_rad,,eez_v11.shp,WPP_BFAR_merge.shp,vbd_mpa_r20170830.shp,VNF-VBD_npp_20120301-20151231_global_asia-enhanced_c201607211230.bitmask,vbd_landsea_r20220824.mask,timezone.shp,VBD_platforms-recurring_2015_r20170330.shp,999999,VBD_bridges_c20160811.shp,10.404151;8.502419;6.138182;1.273068;3.487974;5.509554,96.985527;110.863861;124.483452;123.301933;109.736603;96.013321,npp_d20251028_t1806113_e1807355_b72560;npp_d20251028_t1807367_e1809009_b72560;npp_d20251028_t1809021_e1810263_b72560;npp_d20251028_t1810275_e1811517_b72560,160.256,111.264,53.8523,97.5641,115.782,-114.633
285,VBD_npp_d20251028_t1811194_x1019991E_y066950N_l0465_s0813_v23,2025-10-28 20:29:00,6.695015,101.999069,7.55157,2025-10-28 18:11:19,2025-10-29 01:11:19,465,813,0.312223,1,2401,0.436688,0.06875,0.762743,0.4,0.843622,0.75,3.06316e-16,0.0001,8.32749e-12,999999,999999,3,Thailand Exclusive Economic Zone,,,SVDNB_npp_d20251028_t1810275_e1811517_b72560_c20251028193205056000_oebc_ops.h5,GDNBO_npp_d20251028_t1810275_e1811517_b72560_c20251028192939737000_oebc_ops.h5,SVI04_npp_d20251028_t1810275_e1811517_b72560_c20251028193214149000_oebc_ops.dspace_rad,,eez_v11.shp,WPP_BFAR_merge.shp,vbd_mpa_r20170830.shp,VNF-VBD_npp_20120301-20151231_global_asia-enhanced_c201607211230.bitmask,vbd_landsea_r20220824.mask,timezone.shp,VBD_platforms-recurring_2015_r20170330.shp,999999,VBD_bridges_c20160811.shp,10.404151;8.502419;6.138182;1.273068;3.487974;5.509554,96.985527;110.863861;124.483452;123.301933;109.736603;96.013321,npp_d20251028_t1806113_e1807355_b72560;npp_d20251028_t1807367_e1809009_b72560;npp_d20251028_t1809021_e1810263_b72560;npp_d20251028_t1810275_e1811517_b72560,160.248,111.263,53.8196,98.2921,115.788,-114.635
286,VBD_npp_d20251028_t1811123_x1021096E_y070232N_l0413_s0818_v23,2025-10-28 20:29:00,7.023220,102.109581,41.3013,2025-10-28 18:11:12,2025-10-29 01:11:12,413,818,0.386057,8,18785,0.970175,0.06875,0.890791,0.4,0.937335,0.75,2.45202e-16,0.0001,8.12862e-12,999999,999999,3,Thailand Exclusive Economic Zone,,,SVDNB_npp_d20251028_t1810275_e1811517_b72560_c20251028193205056000_oebc_ops.h5,GDNBO_npp_d20251028_t1810275_e1811517_b72560_c20251028192939737000_oebc_ops.h5,SVI04_npp_d20251028_t1810275_e1811517_b72560_c20251028193214149000_oebc_ops.dspace_rad,,eez_v11.shp,WPP_BFAR_merge.shp,vbd_mpa_r20170830.shp,VNF-VBD_npp_20120301-20151231_global_asia-enhanced_c201607211230.bitmask,vbd_landsea_r20220824.mask,timezone.shp,VBD_platforms-recurring_2015_r20170330.shp,0.241067,VBD_bridges_c20160811.shp,10.404151;8.502419;6.138182;1.273068;3.487974;5.509554,96.985527;110.863861;124.483452;123.301933;109.736603;96.013321,npp_d20251028_t1806113_e1807355_b72560;npp_d20251028_t1807367_e1809009_b72560;npp_d20251028_t1809021_e1810263_b72560;npp_d20251028_t1810275_e1811517_b72560,160.29,110.337,53.6836,97.6721,115.997,-114.501
287,VBD_npp_d20251028_t1811140_x1021079E_y069164N_l0429_s0821_v23,2025-10-28 20:29:00,6.916448,102.107857,3.08362,2025-10-28 18:11:14,2025-10-29 01:11:14,429,821,0.343948,1,2401,0.218221,0.06875,0.694452,0.4,0.818047,0.75,2.57866e-16,0.0001,7.81029e-12,999999,999999,3,Thailand Exclusive Economic Zone,,,SVDNB_npp_d20251028_t1810275_e1811517_b72560_c20251028193205056000_oebc_ops.h5,GDNBO_npp_d20251028_t1810275_e1811517_b72560_c20251028192939737000_oebc_ops.h5,SVI04_npp_d20251028_t1810275_e1811517_b72560_c20251028193214149000_oebc_ops.dspace_rad,,eez_v11.shp,WPP_BFAR_merge.shp,vbd_mpa_r20170830.shp,VNF-VBD_npp_20120301-20151231_global_asia-enhanced_c201607211230.bitmask,vbd_landsea_r20220824.mask,timezone.shp,VBD_platforms-recurring_2015_r20170330.shp,999999,VBD_bridges_c20160811.shp,10.404151;8.502419;6.138182;1.273068;3.487974;5.509554,96.985527;110.863861;124.483452;123.301933;109.736603;96.013321,npp_d20251028_t1806113_e1807355_b72560;npp_d20251028_t1807367_e1809009_b72560;npp_d20251028_t1809021_e1810263_b72560;npp_d20251028_t1810275_e1811517_b72560,160.247,110.611,53.6032,97.6859,115.957,-114.547
288,VBD_npp_d20251028_t1811123_x1021436E_y070670N_l0406_s0822_v23,2025-10-28 20:29:00,7.067043,102.143585,3.45056,2025-10-28 18:11:12,2025-10-29 01:11:12,406,822,0.3177,8,18721,0.144029,0.06875,0.820529,0.4,0.535763,0.75,2.33273e-16,0.0001,8.11862e-12,999999,999999,3,Thailand Exclusive Economic Zone,,,SVDNB_npp_d20251028_t1810275_e1811517_b72560_c20251028193205056000_oebc_ops.h5,GDNBO_npp_d20251028_t1810275_e1811517_b72560_c20251028192939737000_oebc_ops.h5,SVI04_npp_d20251028_t1810275_e1811517_b72560_c20251028193214149000_oebc_ops.dspace_rad,,eez_v11.shp,WPP_BFAR_merge.shp,vbd_mpa_r20170830.shp,VNF-VBD_npp_20120301-20151231_global_asia-enhanced_c201607211230.bitmask,vbd_landsea_r20220824.mask,timezone.shp,VBD_platforms-recurring_2015_r20170330.shp,0.547792,VBD_bridges_c20160811.shp,10.404151;8.502419;6.138182;1.273068;3.487974;5.509554,96.985527;110.863861;124.483452;123.301933;109.736603;96.013321,npp_d20251028_t1806113_e1807355_b72560;npp_d20251028_t1807367_e1809009_b72560;npp_d20251028_t1809021_e1810263_b72560;npp_d20251028_t1810275_e1811517_b72560,160.273,110.194,53.5746,98.0084,116.045,-114.485
289,VBD_npp_d20251028_t1811105_x1021620E_y071018N_l0400_s0823_v23,2025-10-28 20:29:00,7.101841,102.162010,13.5255,2025-10-28 18:11:10,2025-10-29 01:11:10,400,823,0.291026,1,2401,0.490568,0.06875,0.780806,0.4,0.847559,0.75,2.26051e-16,0.0001,7.85e-12,999999,999999,3,Thailand Exclusive Economic Zone,,,SVDNB_npp_d20251028_t1810275_e1811517_b72560_c20251028193205056000_oebc_ops.h5,GDNBO_npp_d20251028_t1810275_e1811517_b72560_c20251028192939737000_oebc_ops.h5,SVI04_npp_d20251028_t1810275_e1811517_b72560_c20251028193214149000_oebc_ops.dspace_rad,,eez_v11.shp,WPP_BFAR_merge.shp,vbd_mpa_r20170830.shp,VNF-VBD_npp_20120301-20151231_global_asia-enhanced_c201607211230.bitmask,vbd_landsea_r20220824.mask,timezone.shp,VBD_platforms-recurring_2015_r20170330.shp,999999,VBD_bridges_c20160811.shp,10.404151;8.502419;6.138182;1.273068;3.487974;5.509554,96.985527;110.863861;124.483452;123.301933;109.736603;96.013321,npp_d20251028_t1806113_e1807355_b72560;npp_d20251028_t1807367_e1809009_b72560;npp_d20251028_t1809021_e1810263_b72560;npp_d20251028_t1810275_e1811517_b72560,160.275,110.094,53.5512,97.5185,116.069,-114.471
290,VBD_npp_d20251028_t1811123_x1021620E_y070991N_l0401_s0824_v23,2025-10-28 20:29:00,7.099075,102.161980,6.56103,2025-10-28 18:11:12,2025-10-29 01:11:12,401,824,0.291026,1,2401,0.330834,0.06875,0.780806,0.4,0.755629,0.75,2.25911e-16,0.0001,8.16719e-12,999999,999999,3,Thailand Exclusive Economic Zone,,,SVDNB_npp_d20251028_t1810275_e1811517_b72560_c20251028193205056000_oebc_ops.h5,GDNBO_npp_d20251028_t1810275_e1811517_b72560_c20251028192939737000_oebc_ops.h5,SVI04_npp_d20251028_t1810275_e1811517_b72560_c20251028193214149000_oebc_ops.dspace_rad,,eez_v11.shp,WPP_BFAR_merge.shp,vbd_mpa_r20170830.shp,VNF-VBD_npp_20120301-20151231_global_asia-enhanced_c201607211230.bitmask,vbd_landsea_r20220824.mask,timezone.shp,VBD_platforms-recurring_2015_r20170330.shp,999999,VBD_bridges_c20160811.shp,10.404151;8.502419;6.138182;1.273068;3.487974;5.509554,96.985527;110.863861;124.483452;123.301933;109.736603;96.013321,npp_d20251028_t1806113_e1807355_b72560;npp_d20251028_t1807367_e1809009_b72560;npp_d20251028_t1809021_e1810263_b72560;npp_d20251028_t1810275_e1811517_b72560,160.267,110.095,53.5206,98.2484,116.075,-114.473
291,VBD_npp_d20251028_t1811158_x1021111E_y068511N_l0439_s0824_v23,2025-10-28 20:29:00,6.851062,102.111137,7.37135,2025-10-28 18:11:15,2025-10-29 01:11:15,439,824,0.345726,1,2401,0.432832,0.06875,0.861444,0.4,0.900578,0.75,2.64023e-16,0.0001,7.71152e-12,999999,999999,3,Thailand Exclusive Economic Zone,,,SVDNB_npp_d20251028_t1810275_e1811517_b72560_c20251028193205056000_oebc_ops.h5,GDNBO_npp_d20251028_t1810275_e1811517_b72560_c20251028192939737000_oebc_ops.h5,SVI04_npp_d20251028_t1810275_e1811517_b72560_c20251028193214149000_oebc_ops.dspace_rad,,eez_v11.shp,WPP_BFAR_merge.shp,vbd_mpa_r20170830.shp,VNF-VBD_npp_20120301-20151231_global_asia-enhanced_c201607211230.bitmask,vbd_landsea_r20220824.mask,timezone.shp,VBD_platforms-recurring_2015_r20170330.shp,999999,VBD_bridges_c20160811.shp,10.404151;8.502419;6.138182;1.273068;3.487974;5.509554,96.985527;110.863861;124.483452;123.301933;109.736603;96.013321,npp_d20251028_t1806113_e1807355_b72560;npp_d20251028_t1807367_e1809009_b72560;npp_d20251028_t1809021_e1810263_b72560;npp_d20251028_t1810275_e1811517_b72560,160.214,110.773,53.5253,97.9892,115.94,-114.576
292,VBD_npp_d20251028_t1811211_x1020485E_y065114N_l0491_s0825_v23,2025-10-28 20:29:00,6.511389,102.048523,3.11469,2025-10-28 18:11:21,2025-10-29 01:11:21,491,825,0.340178,1,2401,0.216427,0.06875,0.827672,0.4,0.810835,0.75,3.10219e-16,0.0001,7.16086e-12,999999,999999,3,Thailand Exclusive Economic Zone,,,SVDNB_npp_d20251028_t1810275_e1811517_b72560_c20251028193205056000_oebc_ops.h5,GDNBO_npp_d20251028_t1810275_e1811517_b72560_c20251028192939737000_oebc_ops.h5,SVI04_npp_d20251028_t1810275_e1811517_b72560_c20251028193214149000_oebc_ops.dspace_rad,,eez_v11.shp,WPP_BFAR_merge.shp,vbd_mpa_r20170830.shp,VNF-VBD_npp_20120301-20151231_global_asia-enhanced_c201607211230.bitmask,vbd_landsea_r20220824.mask,timezone.shp,VBD_platforms-recurring_2015_r20170330.shp,999999,VBD_bridges_c20160811.shp,10.404151;8.502419;6.138182;1.273068;3.487974;5.509554,96.985527;110.863861;124.483452;123.301933;109.736603;96.013321,npp_d20251028_t1806113_e1807355_b72560;npp_d20251028_t1807367_e1809009_b72560;npp_d20251028_t1809021_e1810263_b72560;npp_d20251028_t1810275_e1811517_b72560,160.128,111.686,53.4969,97.8372,115.762,-114.717
293,VBD_npp_d20251028_t1811140_x1021485E_y069593N_l0422_s0826_v23,2025-10-28 20:29:00,6.959253,102.148529,2.87958,2025-10-28 18:11:14,2025-10-29 01:11:14,422,826,0.311939,2,2337,0.197913,0.06875,0.75435,0.4,0.735209,0.75,2.44463e-16,0.0001,7.74232e-12,999999,999999,3,Thailand Exclusive Economic Zone,,,SVDNB_npp_d20251028_t1810275_e1811517_b72560_c20251028193205056000_oebc_ops.h5,GDNBO_npp_d20251028_t1810275_e1811517_b72560_c20251028192939737000_oebc_ops.h5,SVI04_npp_d20251028_t1810275_e1811517_b72560_c20251028193214149000_oebc_ops.dspace_rad,,eez_v11.shp,WPP_BFAR_merge.shp,vbd_mpa_r20170830.shp,VNF-VBD_npp_20120301-20151231_global_asia-enhanced_c201607211230.bitmask,vbd_landsea_r20220824.mask,timezone.shp,VBD_platforms-recurring_2015_r20170330.shp,999999,VBD_bridges_c20160811.shp,10.404151;8.502419;6.138182;1.273068;3.487974;5.509554,96.985527;110.863861;124.483452;123.301933;109.736603;96.013321,npp_d20251028_t1806113_e1807355_b72560;npp_d20251028_t1807367_e1809009_b72560;npp_d20251028_t1809021_e1810263_b72560;npp_d20251028_t1810275_e1811517_b72560,160.224,110.465,53.4673,98.0233,116.012,-114.532
294,VBD_npp_d20251028_t1811211_x1020513E_y064833N_l0495_s0826_v23,2025-10-28 20:29:00,6.483325,102.051308,7.60219,2025-10-28 18:11:21,2025-10-29 01:11:21,495,826,0.39438,8,18785,0.450831,0.06875,0.817419,0.4,0.92576,0.75,3.10875e-16,0.0001,6.9898e-12,999999,999999,3,Thailand Exclusive Economic Zone,,,SVDNB_npp_d20251028_t1810275_e1811517_b72560_c20251028193205056000_oebc_ops.h5,GDNBO_npp_d20251028_t1810275_e1811517_b72560_c20251028192939737000_oebc_ops.h5,SVI04_npp_d20251028_t1810275_e1811517_b72560_c20251028193214149000_oebc_ops.dspace_rad,,eez_v11.shp,WPP_BFAR_merge.shp,vbd_mpa_r20170830.shp,VNF-VBD_npp_20120301-20151231_global_asia-enhanced_c201607211230.bitmask,vbd_landsea_r20220824.mask,timezone.shp,VBD_platforms-recurring_2015_r20170330.shp,0.144469,VBD_bridges_c20160811.shp,10.404151;8.502419;6.138182;1.273068;3.487974;5.509554,96.985527;110.863861;124.483452;123.301933;109.736603;96.013321,npp_d20251028_t1806113_e1807355_b72560;npp_d20251028_t1807367_e1809009_b72560;npp_d20251028_t1809021_e1810263_b72560;npp_d20251028_t1810275_e1811517_b72560,160.115,111.756,53.471,97.6472,115.753,-114.729
295,VBD_npp_d20251028_t1811158_x1021274E_y068211N_l0443_s0827_v23,2025-10-28 20:29:00,6.821098,102.127449,4.94407,2025-10-28 18:11:15,2025-10-29 01:11:15,443,827,0.348927,1,2401,0.310264,0.06875,0.874172,0.4,0.823595,0.75,2.63949e-16,0.0001,7.41028e-12,999999,999999,3,Thailand Exclusive Economic Zone,,,SVDNB_npp_d20251028_t1810275_e1811517_b72560_c20251028193205056000_oebc_ops.h5,GDNBO_npp_d20251028_t1810275_e1811517_b72560_c20251028192939737000_oebc_ops.h5,SVI04_npp_d20251028_t1810275_e1811517_b72560_c20251028193214149000_oebc_ops.dspace_rad,,eez_v11.shp,WPP_BFAR_merge.shp,vbd_mpa_r20170830.shp,VNF-VBD_npp_20120301-20151231_global_asia-enhanced_c201607211230.bitmask,vbd_landsea_r20220824.mask,timezone.shp,VBD_platforms-recurring_2015_r20170330.shp,999999,VBD_bridges_c20160811.shp,10.404151;8.502419;6.138182;1.273068;3.487974;5.509554,96.985527;110.863861;124.483452;123.301933;109.736603;96.013321,npp_d20251028_t1806113_e1807355_b72560;npp_d20251028_t1807367_e1809009_b72560;npp_d20251028_t1809021_e1810263_b72560;npp_d20251028_t1810275_e1811517_b72560,160.188,110.836,53.4451,97.8007,115.942,-114.59
296,VBD_npp_d20251028_t1811158_x1021468E_y068599N_l0437_s0829_v23,2025-10-28 20:29:00,6.859856,102.146767,7.32662,2025-10-28 18:11:15,2025-10-29 01:11:15,437,829,0.365074,1,2401,0.421818,0.06875,0.860765,0.4,0.860227,0.75,2.5536e-16,0.0001,7.48633e-12,999999,999999,3,Thailand Exclusive Economic Zone,,,SVDNB_npp_d20251028_t1810275_e1811517_b72560_c20251028193205056000_oebc_ops.h5,GDNBO_npp_d20251028_t1810275_e1811517_b72560_c20251028192939737000_oebc_ops.h5,SVI04_npp_d20251028_t1810275_e1811517_b72560_c20251028193214149000_oebc_ops.dspace_rad,,eez_v11.shp,WPP_BFAR_merge.shp,vbd_mpa_r20170830.shp,VNF-VBD_npp_20120301-20151231_global_asia-enhanced_c201607211230.bitmask,vbd_landsea_r20220824.mask,timezone.shp,VBD_platforms-recurring_2015_r20170330.shp,999999,VBD_bridges_c20160811.shp,10.404151;8.502419;6.138182;1.273068;3.487974;5.509554,96.985527;110.863861;124.483452;123.301933;109.736603;96.013321,npp_d20251028_t1806113_e1807355_b72560;npp_d20251028_t1807367_e1809009_b72560;npp_d20251028_t1809021_e1810263_b72560;npp_d20251028_t1810275_e1811517_b72560,160.184,110.719,53.3906,98.0887,115.975,-114.575
297,VBD_npp_d20251028_t1811158_x1021494E_y067835N_l0448_s0831_v23,2025-10-28 20:29:00,6.783534,102.149406,4.30479,2025-10-28 18:11:15,2025-10-29 01:11:15,448,831,0.286901,8,18785,0.293518,0.06875,0.882173,0.4,0.87214,0.75,2.63337e-16,0.0001,7.04043e-12,999999,999999,3,Thailand Exclusive Economic Zone,,,SVDNB_npp_d20251028_t1810275_e1811517_b72560_c20251028193205056000_oebc_ops.h5,GDNBO_npp_d20251028_t1810275_e1811517_b72560_c20251028192939737000_oebc_ops.h5,SVI04_npp_d20251028_t1810275_e1811517_b72560_c20251028193214149000_oebc_ops.dspace_rad,,eez_v11.shp,WPP_BFAR_merge.shp,vbd_mpa_r20170830.shp,VNF-VBD_npp_20120301-20151231_global_asia-enhanced_c201607211230.bitmask,vbd_landsea_r20220824.mask,timezone.shp,VBD_platforms-recurring_2015_r20170330.shp,0.395151,VBD_bridges_c20160811.shp,10.404151;8.502419;6.138182;1.273068;3.487974;5.509554,96.985527;110.863861;124.483452;123.301933;109.736603;96.013321,npp_d20251028_t1806113_e1807355_b72560;npp_d20251028_t1807367_e1809009_b72560;npp_d20251028_t1809021_e1810263_b72560;npp_d20251028_t1810275_e1811517_b72560,160.155,110.915,53.3388,97.5648,115.946,-114.608
298,VBD_npp_d20251028_t1811176_x1021486E_y067801N_l0449_s0832_v23,2025-10-28 20:29:00,6.780083,102.148560,3.67861,2025-10-28 18:11:17,2025-10-29 01:11:17,449,832,0.269331,8,18785,0.231489,0.06875,0.882173,0.4,0.794001,0.75,2.62912e-16,0.0001,7.32507e-12,999999,999999,3,Thailand Exclusive Economic Zone,,,SVDNB_npp_d20251028_t1810275_e1811517_b72560_c20251028193205056000_oebc_ops.h5,GDNBO_npp_d20251028_t1810275_e1811517_b72560_c20251028192939737000_oebc_ops.h5,SVI04_npp_d20251028_t1810275_e1811517_b72560_c20251028193214149000_oebc_ops.dspace_rad,,eez_v11.shp,WPP_BFAR_merge.shp,vbd_mpa_r20170830.shp,VNF-VBD_npp_20120301-20151231_global_asia-enhanced_c201607211230.bitmask,vbd_landsea_r20220824.mask,timezone.shp,VBD_platforms-recurring_2015_r20170330.shp,0.47035,VBD_bridges_c20160811.shp,10.404151;8.502419;6.138182;1.273068;3.487974;5.509554,96.985527;110.863861;124.483452;123.301933;109.736603;96.013321,npp_d20251028_t1806113_e1807355_b72560;npp_d20251028_t1807367_e1809009_b72560;npp_d20251028_t1809021_e1810263_b72560;npp_d20251028_t1810275_e1811517_b72560,160.147,110.918,53.3108,98.2938,115.95,-114.61
299,VBD_npp_d20251028_t1811158_x1021687E_y068222N_l0442_s0833_v23,2025-10-28 20:29:00,6.822248,102.168701,8.92399,2025-10-28 18:11:15,2025-10-29 01:11:15,442,833,0.359668,1,2401,0.402876,0.06875,0.882681,0.4,0.820946,0.75,2.5482e-16,0.0001,7.11205e-12,999999,999999,3,Thailand Exclusive Economic Zone,,,SVDNB_npp_d20251028_t1810275_e1811517_b72560_c20251028193205056000_oebc_ops.h5,GDNBO_npp_d20251028_t1810275_e1811517_b72560_c20251028192939737000_oebc_ops.h5,SVI04_npp_d20251028_t1810275_e1811517_b72560_c20251028193214149000_oebc_ops.dspace_rad,,eez_v11.shp,WPP_BFAR_merge.shp,vbd_mpa_r20170830.shp,VNF-VBD_npp_20120301-20151231_global_asia-enhanced_c201607211230.bitmask,vbd_landsea_r20220824.mask,timezone.shp,VBD_platforms-recurring_2015_r20170330.shp,999999,VBD_bridges_c20160811.shp,10.404151;8.502419;6.138182;1.273068;3.487974;5.509554,96.985527;110.863861;124.483452;123.301933;109.736603;96.013321,npp_d20251028_t1806113_e1807355_b72560;npp_d20251028_t1807367_e1809009_b72560;npp_d20251028_t1809021_e1810263_b72560;npp_d20251028_t1810275_e1811517_b72560,160.15,110.798,53.2834,97.8529,115.979,-114.593
300,VBD_npp_d20251028_t1811176_x1021416E_y066845N_l0463_s0833_v23,2025-10-28 20:29:00,6.684495,102.141556,35.1224,2025-10-28 18:11:17,2025-10-29 01:11:17,463,833,0.338186,1,2401,0.999372,0.06875,0.906561,0.4,0.979611,0.75,2.74919e-16,0.0001,6.85554e-12,999999,999999,3,Thailand Exclusive Economic Zone,,,SVDNB_npp_d20251028_t1810275_e1811517_b72560_c20251028193205056000_oebc_ops.h5,GDNBO_npp_d20251028_t1810275_e1811517_b72560_c20251028192939737000_oebc_ops.h5,SVI04_npp_d20251028_t1810275_e1811517_b72560_c20251028193214149000_oebc_ops.dspace_rad,,eez_v11.shp,WPP_BFAR_merge.shp,vbd_mpa_r20170830.shp,VNF-VBD_npp_20120301-20151231_global_asia-enhanced_c201607211230.bitmask,vbd_landsea_r20220824.mask,timezone.shp,VBD_platforms-recurring_2015_r20170330.shp,999999,VBD_bridges_c20160811.shp,10.404151;8.502419;6.138182;1.273068;3.487974;5.509554,96.985527;110.863861;124.483452;123.301933;109.736603;96.013321,npp_d20251028_t1806113_e1807355_b72560;npp_d20251028_t1807367_e1809009_b72560;npp_d20251028_t1809021_e1810263_b72560;npp_d20251028_t1810275_e1811517_b72560,160.119,111.171,53.2856,97.6254,115.905,-114.65
301,VBD_npp_d20251028_t1811140_x1021993E_y069314N_l0425_s0834_v23,2025-10-28 20:29:00,6.931401,102.199272,2.82573,2025-10-28 18:11:14,2025-10-29 01:11:14,425,834,0.314144,1,2401,0.221463,0.06875,0.690977,0.4,0.891299,0.75,2.37278e-16,0.0001,7.19376e-12,999999,999999,3,Thailand Exclusive Economic Zone,,,SVDNB_npp_d20251028_t1810275_e1811517_b72560_c20251028193205056000_oebc_ops.h5,GDNBO_npp_d20251028_t1810275_e1811517_b72560_c20251028192939737000_oebc_ops.h5,SVI04_npp_d20251028_t1810275_e1811517_b72560_c20251028193214149000_oebc_ops.dspace_rad,,eez_v11.shp,WPP_BFAR_merge.shp,vbd_mpa_r20170830.shp,VNF-VBD_npp_20120301-20151231_global_asia-enhanced_c201607211230.bitmask,vbd_landsea_r20220824.mask,timezone.shp,VBD_platforms-recurring_2015_r20170330.shp,999999,VBD_bridges_c20160811.shp,10.404151;8.502419;6.138182;1.273068;3.487974;5.509554,96.985527;110.863861;124.483452;123.301933;109.736603;96.013321,npp_d20251028_t1806113_e1807355_b72560;npp_d20251028_t1807367_e1809009_b72560;npp_d20251028_t1809021_e1810263_b72560;npp_d20251028_t1810275_e1811517_b72560,160.167,110.495,53.2524,97.8864,116.046,-114.548
302,VBD_npp_d20251028_t1811194_x1021399E_y066678N_l0466_s0834_v23,2025-10-28 20:29:00,6.667764,102.139908,5.7396,2025-10-28 18:11:19,2025-10-29 01:11:19,466,834,0.316491,1,2401,0.375387,0.06875,0.906561,0.4,0.854292,0.75,2.76311e-16,0.0001,7.06547e-12,999999,999999,3,Thailand Exclusive Economic Zone,,,SVDNB_npp_d20251028_t1810275_e1811517_b72560_c20251028193205056000_oebc_ops.h5,GDNBO_npp_d20251028_t1810275_e1811517_b72560_c20251028192939737000_oebc_ops.h5,SVI04_npp_d20251028_t1810275_e1811517_b72560_c20251028193214149000_oebc_ops.dspace_rad,,eez_v11.shp,WPP_BFAR_merge.shp,vbd_mpa_r20170830.shp,VNF-VBD_npp_20120301-20151231_global_asia-enhanced_c201607211230.bitmask,vbd_landsea_r20220824.mask,timezone.shp,VBD_platforms-recurring_2015_r20170330.shp,999999,VBD_bridges_c20160811.shp,10.404151;8.502419;6.138182;1.273068;3.487974;5.509554,96.985527;110.863861;124.483452;123.301933;109.736603;96.013321,npp_d20251028_t1806113_e1807355_b72560;npp_d20251028_t1807367_e1809009_b72560;npp_d20251028_t1809021_e1810263_b72560;npp_d20251028_t1810275_e1811517_b72560,160.108,111.209,53.2533,98.2628,115.903,-114.657
303,VBD_npp_d20251028_t1811194_x1021360E_y066407N_l0470_s0834_v23,2025-10-28 20:29:00,6.640743,102.136009,5.33007,2025-10-28 18:11:19,2025-10-29 01:11:19,470,834,0.385346,1,2401,0.355563,0.06875,0.889828,0.4,0.890583,0.75,2.80119e-16,0.0001,6.94791e-12,999999,999999,3,Thailand Exclusive Economic Zone,,,SVDNB_npp_d20251028_t1810275_e1811517_b72560_c20251028193205056000_oebc_ops.h5,GDNBO_npp_d20251028_t1810275_e1811517_b72560_c20251028192939737000_oebc_ops.h5,SVI04_npp_d20251028_t1810275_e1811517_b72560_c20251028193214149000_oebc_ops.dspace_rad,,eez_v11.shp,WPP_BFAR_merge.shp,vbd_mpa_r20170830.shp,VNF-VBD_npp_20120301-20151231_global_asia-enhanced_c201607211230.bitmask,vbd_landsea_r20220824.mask,timezone.shp,VBD_platforms-recurring_2015_r20170330.shp,999999,VBD_bridges_c20160811.shp,10.404151;8.502419;6.138182;1.273068;3.487974;5.509554,96.985527;110.863861;124.483452;123.301933;109.736603;96.013321,npp_d20251028_t1806113_e1807355_b72560;npp_d20251028_t1807367_e1809009_b72560;npp_d20251028_t1809021_e1810263_b72560;npp_d20251028_t1810275_e1811517_b72560,160.102,111.282,53.2534,98.0715,115.888,-114.668
304,VBD_npp_d20251028_t1811158_x1021801E_y068069N_l0444_s0835_v23,2025-10-28 20:29:00,6.806876,102.180122,17.4229,2025-10-28 18:11:15,2025-10-29 01:11:15,444,835,0.373752,1,2401,0.670901,0.06875,0.89789,0.4,0.931544,0.75,2.54e-16,0.0001,6.94797e-12,999999,999999,3,Thailand Exclusive Economic Zone,,,SVDNB_npp_d20251028_t1810275_e1811517_b72560_c20251028193205056000_oebc_ops.h5,GDNBO_npp_d20251028_t1810275_e1811517_b72560_c20251028192939737000_oebc_ops.h5,SVI04_npp_d20251028_t1810275_e1811517_b72560_c20251028193214149000_oebc_ops.dspace_rad,,eez_v11.shp,WPP_BFAR_merge.shp,vbd_mpa_r20170830.shp,VNF-VBD_npp_20120301-20151231_global_asia-enhanced_c201607211230.bitmask,vbd_landsea_r20220824.mask,timezone.shp,VBD_platforms-recurring_2015_r20170330.shp,999999,VBD_bridges_c20160811.shp,10.404151;8.502419;6.138182;1.273068;3.487974;5.509554,96.985527;110.863861;124.483452;123.301933;109.736603;96.013321,npp_d20251028_t1806113_e1807355_b72560;npp_d20251028_t1807367_e1809009_b72560;npp_d20251028_t1809021_e1810263_b72560;npp_d20251028_t1810275_e1811517_b72560,160.134,110.828,53.23,97.7587,115.983,-114.6
305,VBD_npp_d20251028_t1811176_x1021743E_y067695N_l0450_s0836_v23,2025-10-28 20:29:00,6.769479,102.174278,7.26386,2025-10-28 18:11:17,2025-10-29 01:11:17,450,836,0.258093,1,2401,0.433851,0.06875,0.893491,0.4,0.92979,0.75,2.58283e-16,0.0001,7.07945e-12,999999,999999,3,Thailand Exclusive Economic Zone,,,SVDNB_npp_d20251028_t1810275_e1811517_b72560_c20251028193205056000_oebc_ops.h5,GDNBO_npp_d20251028_t1810275_e1811517_b72560_c20251028192939737000_oebc_ops.h5,SVI04_npp_d20251028_t1810275_e1811517_b72560_c20251028193214149000_oebc_ops.dspace_rad,,eez_v11.shp,WPP_BFAR_merge.shp,vbd_mpa_r20170830.shp,VNF-VBD_npp_20120301-20151231_global_asia-enhanced_c201607211230.bitmask,vbd_landsea_r20220824.mask,timezone.shp,VBD_platforms-recurring_2015_r20170330.shp,999999,VBD_bridges_c20160811.shp,10.404151;8.502419;6.138182;1.273068;3.487974;5.509554,96.985527;110.863861;124.483452;123.301933;109.736603;96.013321,npp_d20251028_t1806113_e1807355_b72560;npp_d20251028_t1807367_e1809009_b72560;npp_d20251028_t1809021_e1810263_b72560;npp_d20251028_t1810275_e1811517_b72560,160.12,110.923,53.2033,98.2495,115.969,-114.616
306,VBD_npp_d20251028_t1811158_x1022114E_y067888N_l0446_s0840_v23,2025-10-28 20:29:00,6.788784,102.211449,21.313,2025-10-28 18:11:15,2025-10-29 01:11:15,446,840,0.364931,8,18785,0.793847,0.06875,0.889109,0.4,0.929583,0.75,2.49007e-16,0.0001,6.64001e-12,999999,999999,3,Thailand Exclusive Economic Zone,,,SVDNB_npp_d20251028_t1810275_e1811517_b72560_c20251028193205056000_oebc_ops.h5,GDNBO_npp_d20251028_t1810275_e1811517_b72560_c20251028192939737000_oebc_ops.h5,SVI04_npp_d20251028_t1810275_e1811517_b72560_c20251028193214149000_oebc_ops.dspace_rad,,eez_v11.shp,WPP_BFAR_merge.shp,vbd_mpa_r20170830.shp,VNF-VBD_npp_20120301-20151231_global_asia-enhanced_c201607211230.bitmask,vbd_landsea_r20220824.mask,timezone.shp,VBD_platforms-recurring_2015_r20170330.shp,0.18405,VBD_bridges_c20160811.shp,10.404151;8.502419;6.138182;1.273068;3.487974;5.509554,96.985527;110.863861;124.483452;123.301933;109.736603;96.013321,npp_d20251028_t1806113_e1807355_b72560;npp_d20251028_t1807367_e1809009_b72560;npp_d20251028_t1809021_e1810263_b72560;npp_d20251028_t1810275_e1811517_b72560,160.099,110.848,53.0963,97.6664,116.004,-114.61
307,VBD_npp_d20251028_t1811194_x1021931E_y066601N_l0466_s0842_v23,2025-10-28 20:29:00,6.660097,102.193062,6.37063,2025-10-28 18:11:19,2025-10-29 01:11:19,466,842,0.363651,8,18785,0.392432,0.06875,0.862696,0.4,0.918274,0.75,2.64477e-16,0.0001,6.66154e-12,999999,999999,3,Thailand Exclusive Economic Zone,,,SVDNB_npp_d20251028_t1810275_e1811517_b72560_c20251028193205056000_oebc_ops.h5,GDNBO_npp_d20251028_t1810275_e1811517_b72560_c20251028192939737000_oebc_ops.h5,SVI04_npp_d20251028_t1810275_e1811517_b72560_c20251028193214149000_oebc_ops.dspace_rad,,eez_v11.shp,WPP_BFAR_merge.shp,vbd_mpa_r20170830.shp,VNF-VBD_npp_20120301-20151231_global_asia-enhanced_c201607211230.bitmask,vbd_landsea_r20220824.mask,timezone.shp,VBD_platforms-recurring_2015_r20170330.shp,0.308442,VBD_bridges_c20160811.shp,10.404151;8.502419;6.138182;1.273068;3.487974;5.509554,96.985527;110.863861;124.483452;123.301933;109.736603;96.013321,npp_d20251028_t1806113_e1807355_b72560;npp_d20251028_t1807367_e1809009_b72560;npp_d20251028_t1809021_e1810263_b72560;npp_d20251028_t1810275_e1811517_b72560,160.056,111.182,53.0385,98.2697,115.947,-114.665
308,VBD_npp_d20251028_t1811229_x1024259E_y063512N_l0507_s0884_v23,2025-10-28 20:29:00,6.351182,102.425903,6.48892,2025-10-28 18:11:22,2025-10-29 01:11:22,507,884,0.322822,1,2401,0.39076,0.055,0.847559,0.4,0.871667,0.75,2.23088e-16,0.0001,4.59857e-12,999999,999999,3,Malaysian Exclusive Economic Zone,,,SVDNB_npp_d20251028_t1810275_e1811517_b72560_c20251028193205056000_oebc_ops.h5,GDNBO_npp_d20251028_t1810275_e1811517_b72560_c20251028192939737000_oebc_ops.h5,SVI04_npp_d20251028_t1810275_e1811517_b72560_c20251028193214149000_oebc_ops.dspace_rad,,eez_v11.shp,WPP_BFAR_merge.shp,vbd_mpa_r20170830.shp,VNF-VBD_npp_20120301-20151231_global_asia-enhanced_c201607211230.bitmask,vbd_landsea_r20220824.mask,timezone.shp,VBD_platforms-recurring_2015_r20170330.shp,999999,VBD_bridges_c20160811.shp,10.404151;8.502419;6.138182;1.273068;3.487974;5.509554,96.985527;110.863861;124.483452;123.301933;109.736603;96.013321,npp_d20251028_t1806113_e1807355_b72560;npp_d20251028_t1807367_e1809009_b72560;npp_d20251028_t1809021_e1810263_b72560;npp_d20251028_t1810275_e1811517_b72560,159.714,111.749,51.8598,97.8885,116.04,-114.817
309,VBD_npp_d20251028_t1811229_x1024435E_y063766N_l0503_s0886_v23,2025-10-28 20:29:00,6.376556,102.443474,23.3484,2025-10-28 18:11:22,2025-10-29 01:11:22,503,886,0.329935,1,2401,0.817406,0.055,0.87752,0.4,0.958017,0.75,2.18271e-16,0.0001,4.60938e-12,999999,999999,3,Malaysian Exclusive Economic Zone,,,SVDNB_npp_d20251028_t1810275_e1811517_b72560_c20251028193205056000_oebc_ops.h5,GDNBO_npp_d20251028_t1810275_e1811517_b72560_c20251028192939737000_oebc_ops.h5,SVI04_npp_d20251028_t1810275_e1811517_b72560_c20251028193214149000_oebc_ops.dspace_rad,,eez_v11.shp,WPP_BFAR_merge.shp,vbd_mpa_r20170830.shp,VNF-VBD_npp_20120301-20151231_global_asia-enhanced_c201607211230.bitmask,vbd_landsea_r20220824.mask,timezone.shp,VBD_platforms-recurring_2015_r20170330.shp,999999,VBD_bridges_c20160811.shp,10.404151;8.502419;6.138182;1.273068;3.487974;5.509554,96.985527;110.863861;124.483452;123.301933;109.736603;96.013321,npp_d20251028_t1806113_e1807355_b72560;npp_d20251028_t1807367_e1809009_b72560;npp_d20251028_t1809021_e1810263_b72560;npp_d20251028_t1810275_e1811517_b72560,159.707,111.67,51.8021,98.0921,116.066,-114.807
310,VBD_npp_d20251028_t1811105_x1026096E_y070459N_l0399_s0889_v23,2025-10-28 20:29:00,7.045930,102.609619,8.03643,2025-10-28 18:11:10,2025-10-29 01:11:10,399,889,0.303403,8,18785,0.474386,0.055,0.804865,0.4,0.90391,0.75,1.49941e-16,0.0001,4.81785e-12,999999,999999,3,Malaysian Exclusive Economic Zone,,,SVDNB_npp_d20251028_t1810275_e1811517_b72560_c20251028193205056000_oebc_ops.h5,GDNBO_npp_d20251028_t1810275_e1811517_b72560_c20251028192939737000_oebc_ops.h5,SVI04_npp_d20251028_t1810275_e1811517_b72560_c20251028193214149000_oebc_ops.dspace_rad,,eez_v11.shp,WPP_BFAR_merge.shp,vbd_mpa_r20170830.shp,VNF-VBD_npp_20120301-20151231_global_asia-enhanced_c201607211230.bitmask,vbd_landsea_r20220824.mask,timezone.shp,VBD_platforms-recurring_2015_r20170330.shp,0.318114,VBD_bridges_c20160811.shp,10.404151;8.502419;6.138182;1.273068;3.487974;5.509554,96.985527;110.863861;124.483452;123.301933;109.736603;96.013321,npp_d20251028_t1806113_e1807355_b72560;npp_d20251028_t1807367_e1809009_b72560;npp_d20251028_t1809021_e1810263_b72560;npp_d20251028_t1810275_e1811517_b72560,159.838,109.876,51.7207,97.6005,116.448,-114.528
311,VBD_npp_d20251028_t1811105_x1026261E_y070645N_l0396_s0891_v23,2025-10-28 20:29:00,7.064494,102.626106,4.63121,2025-10-28 18:11:10,2025-10-29 01:11:10,396,891,0.24344,8,18785,0.278516,0.055,0.796247,0.4,0.760025,0.75,1.4568e-16,0.0001,4.80919e-12,999999,999999,3,Malaysian Exclusive Economic Zone,,,SVDNB_npp_d20251028_t1810275_e1811517_b72560_c20251028193205056000_oebc_ops.h5,GDNBO_npp_d20251028_t1810275_e1811517_b72560_c20251028192939737000_oebc_ops.h5,SVI04_npp_d20251028_t1810275_e1811517_b72560_c20251028193214149000_oebc_ops.dspace_rad,,eez_v11.shp,WPP_BFAR_merge.shp,vbd_mpa_r20170830.shp,VNF-VBD_npp_20120301-20151231_global_asia-enhanced_c201607211230.bitmask,vbd_landsea_r20220824.mask,timezone.shp,VBD_platforms-recurring_2015_r20170330.shp,0.270628,VBD_bridges_c20160811.shp,10.404151;8.502419;6.138182;1.273068;3.487974;5.509554,96.985527;110.863861;124.483452;123.301933;109.736603;96.013321,npp_d20251028_t1806113_e1807355_b72560;npp_d20251028_t1807367_e1809009_b72560;npp_d20251028_t1809021_e1810263_b72560;npp_d20251028_t1810275_e1811517_b72560,159.829,109.815,51.6628,97.7538,116.47,-114.521
312,VBD_npp_d20251028_t1811105_x1026435E_y070898N_l0392_s0893_v23,2025-10-28 20:29:00,7.089823,102.643539,2.00429,2025-10-28 18:11:10,2025-10-29 01:11:10,392,893,0.237322,1,2401,0.112178,0.055,0.748054,0.4,0.805485,0.75,1.40829e-16,0.0001,4.82082e-12,999999,999999,3,Malaysian Exclusive Economic Zone,,,SVDNB_npp_d20251028_t1810275_e1811517_b72560_c20251028193205056000_oebc_ops.h5,GDNBO_npp_d20251028_t1810275_e1811517_b72560_c20251028192939737000_oebc_ops.h5,SVI04_npp_d20251028_t1810275_e1811517_b72560_c20251028193214149000_oebc_ops.dspace_rad,,eez_v11.shp,WPP_BFAR_merge.shp,vbd_mpa_r20170830.shp,VNF-VBD_npp_20120301-20151231_global_asia-enhanced_c201607211230.bitmask,vbd_landsea_r20220824.mask,timezone.shp,VBD_platforms-recurring_2015_r20170330.shp,999999,VBD_bridges_c20160811.shp,10.404151;8.502419;6.138182;1.273068;3.487974;5.509554,96.985527;110.863861;124.483452;123.301933;109.736603;96.013321,npp_d20251028_t1806113_e1807355_b72560;npp_d20251028_t1807367_e1809009_b72560;npp_d20251028_t1809021_e1810263_b72560;npp_d20251028_t1810275_e1811517_b72560,159.822,109.736,51.6051,97.9581,116.496,-114.511
313,VBD_npp_d20251028_t1810562_x1028244E_y079130N_l0265_s0894_v23,2025-10-28 20:29:00,7.913032,102.824417,1.4768,2025-10-28 18:10:56,2025-10-29 01:10:56,265,894,0.174727,10,2305,0.0643716,0.055,0.30416,0.4,0.594571,0.75,8.62628e-17,0.0001,5.33475e-12,999999,999999,3,Thailand Exclusive Economic Zone,,,SVDNB_npp_d20251028_t1810275_e1811517_b72560_c20251028193205056000_oebc_ops.h5,GDNBO_npp_d20251028_t1810275_e1811517_b72560_c20251028192939737000_oebc_ops.h5,SVI04_npp_d20251028_t1810275_e1811517_b72560_c20251028193214149000_oebc_ops.dspace_rad,,eez_v11.shp,WPP_BFAR_merge.shp,vbd_mpa_r20170830.shp,VNF-VBD_npp_20120301-20151231_global_asia-enhanced_c201607211230.bitmask,vbd_landsea_r20220824.mask,timezone.shp,VBD_platforms-recurring_2015_r20170330.shp,999999,VBD_bridges_c20160811.shp,10.404151;8.502419;6.138182;1.273068;3.487974;5.509554,96.985527;110.863861;124.483452;123.301933;109.736603;96.013321,npp_d20251028_t1806113_e1807355_b72560;npp_d20251028_t1807367_e1809009_b72560;npp_d20251028_t1809021_e1810263_b72560;npp_d20251028_t1810275_e1811517_b72560,159.97,107.515,51.5776,97.8098,116.944,-114.156
314,VBD_npp_d20251028_t1811123_x1026423E_y070317N_l0401_s0895_v23,2025-10-28 20:29:00,7.031718,102.642281,1.92184,2025-10-28 18:11:12,2025-10-29 01:11:12,401,895,0.243226,2,2337,0.113577,0.055,0.723852,0.4,0.660173,0.75,1.45383e-16,0.0001,4.82433e-12,999999,999999,3,Malaysian Exclusive Economic Zone,,,SVDNB_npp_d20251028_t1810275_e1811517_b72560_c20251028193205056000_oebc_ops.h5,GDNBO_npp_d20251028_t1810275_e1811517_b72560_c20251028192939737000_oebc_ops.h5,SVI04_npp_d20251028_t1810275_e1811517_b72560_c20251028193214149000_oebc_ops.dspace_rad,,eez_v11.shp,WPP_BFAR_merge.shp,vbd_mpa_r20170830.shp,VNF-VBD_npp_20120301-20151231_global_asia-enhanced_c201607211230.bitmask,vbd_landsea_r20220824.mask,timezone.shp,VBD_platforms-recurring_2015_r20170330.shp,999999,VBD_bridges_c20160811.shp,10.404151;8.502419;6.138182;1.273068;3.487974;5.509554,96.985527;110.863861;124.483452;123.301933;109.736603;96.013321,npp_d20251028_t1806113_e1807355_b72560;npp_d20251028_t1807367_e1809009_b72560;npp_d20251028_t1809021_e1810263_b72560;npp_d20251028_t1810275_e1811517_b72560,159.796,109.88,51.5463,98.3283,116.478,-114.537
315,VBD_npp_d20251028_t1811229_x1025832E_y063496N_l0504_s0907_v23,2025-10-28 20:29:00,6.349643,102.583244,10.6086,2025-10-28 18:11:22,2025-10-29 01:11:22,504,907,0.317131,1,2401,0.581229,0.055,0.83568,0.4,0.876244,0.75,1.94801e-16,0.0001,3.9798e-12,999999,999999,3,Malaysian Exclusive Economic Zone,,,SVDNB_npp_d20251028_t1810275_e1811517_b72560_c20251028193205056000_oebc_ops.h5,GDNBO_npp_d20251028_t1810275_e1811517_b72560_c20251028192939737000_oebc_ops.h5,SVI04_npp_d20251028_t1810275_e1811517_b72560_c20251028193214149000_oebc_ops.dspace_rad,,eez_v11.shp,WPP_BFAR_merge.shp,vbd_mpa_r20170830.shp,VNF-VBD_npp_20120301-20151231_global_asia-enhanced_c201607211230.bitmask,vbd_landsea_r20220824.mask,timezone.shp,VBD_platforms-recurring_2015_r20170330.shp,999999,VBD_bridges_c20160811.shp,10.404151;8.502419;6.138182;1.273068;3.487974;5.509554,96.985527;110.863861;124.483452;123.301933;109.736603;96.013321,npp_d20251028_t1806113_e1807355_b72560;npp_d20251028_t1807367_e1809009_b72560;npp_d20251028_t1809021_e1810263_b72560;npp_d20251028_t1810275_e1811517_b72560,159.568,111.615,51.2043,98.0567,116.18,-114.831
316,VBD_npp_d20251028_t1811087_x1027949E_y071483N_l0380_s0913_v23,2025-10-28 20:29:00,7.148304,102.794861,16.1013,2025-10-28 18:11:08,2025-10-29 01:11:08,380,913,0.304043,1,2401,0.706409,0.055,0.866163,0.4,0.958698,0.75,1.22516e-16,0.0001,4.18675e-12,999999,999999,3,Malaysian Exclusive Economic Zone,,,SVDNB_npp_d20251028_t1810275_e1811517_b72560_c20251028193205056000_oebc_ops.h5,GDNBO_npp_d20251028_t1810275_e1811517_b72560_c20251028192939737000_oebc_ops.h5,SVI04_npp_d20251028_t1810275_e1811517_b72560_c20251028193214149000_oebc_ops.dspace_rad,,eez_v11.shp,WPP_BFAR_merge.shp,vbd_mpa_r20170830.shp,VNF-VBD_npp_20120301-20151231_global_asia-enhanced_c201607211230.bitmask,vbd_landsea_r20220824.mask,timezone.shp,VBD_platforms-recurring_2015_r20170330.shp,999999,VBD_bridges_c20160811.shp,10.404151;8.502419;6.138182;1.273068;3.487974;5.509554,96.985527;110.863861;124.483452;123.301933;109.736603;96.013321,npp_d20251028_t1806113_e1807355_b72560;npp_d20251028_t1807367_e1809009_b72560;npp_d20251028_t1809021_e1810263_b72560;npp_d20251028_t1810275_e1811517_b72560,159.707,109.475,51.0381,97.76,116.65,-114.496
317,VBD_npp_d20251028_t1811087_x1028175E_y071657N_l0377_s0916_v23,2025-10-28 20:29:00,7.165740,102.817528,6.57445,2025-10-28 18:11:08,2025-10-29 01:11:08,377,916,0.251833,1,2401,0.376154,0.055,0.853645,0.4,0.840474,0.75,1.19599e-16,0.0001,4.15332e-12,999999,999999,3,Malaysian Exclusive Economic Zone,,,SVDNB_npp_d20251028_t1810275_e1811517_b72560_c20251028193205056000_oebc_ops.h5,GDNBO_npp_d20251028_t1810275_e1811517_b72560_c20251028192939737000_oebc_ops.h5,SVI04_npp_d20251028_t1810275_e1811517_b72560_c20251028193214149000_oebc_ops.dspace_rad,,eez_v11.shp,WPP_BFAR_merge.shp,vbd_mpa_r20170830.shp,VNF-VBD_npp_20120301-20151231_global_asia-enhanced_c201607211230.bitmask,vbd_landsea_r20220824.mask,timezone.shp,VBD_platforms-recurring_2015_r20170330.shp,999999,VBD_bridges_c20160811.shp,10.404151;8.502419;6.138182;1.273068;3.487974;5.509554,96.985527;110.863861;124.483452;123.301933;109.736603;96.013321,npp_d20251028_t1806113_e1807355_b72560;npp_d20251028_t1807367_e1809009_b72560;npp_d20251028_t1809021_e1810263_b72560;npp_d20251028_t1810275_e1811517_b72560,159.691,109.413,50.9525,97.9157,116.677,-114.49
318,VBD_npp_d20251028_t1811087_x1028336E_y071841N_l0374_s0918_v23,2025-10-28 20:29:00,7.184056,102.833580,4.99601,2025-10-28 18:11:08,2025-10-29 01:11:08,374,918,0.213849,1,2401,0.30111,0.055,0.813305,0.4,0.825094,0.75,1.17279e-16,0.0001,4.1483e-12,999999,999999,3,Malaysian Exclusive Economic Zone,,,SVDNB_npp_d20251028_t1810275_e1811517_b72560_c20251028193205056000_oebc_ops.h5,GDNBO_npp_d20251028_t1810275_e1811517_b72560_c20251028192939737000_oebc_ops.h5,SVI04_npp_d20251028_t1810275_e1811517_b72560_c20251028193214149000_oebc_ops.dspace_rad,,eez_v11.shp,WPP_BFAR_merge.shp,vbd_mpa_r20170830.shp,VNF-VBD_npp_20120301-20151231_global_asia-enhanced_c201607211230.bitmask,vbd_landsea_r20220824.mask,timezone.shp,VBD_platforms-recurring_2015_r20170330.shp,999999,VBD_bridges_c20160811.shp,10.404151;8.502419;6.138182;1.273068;3.487974;5.509554,96.985527;110.863861;124.483452;123.301933;109.736603;96.013321,npp_d20251028_t1806113_e1807355_b72560;npp_d20251028_t1807367_e1809009_b72560;npp_d20251028_t1809021_e1810263_b72560;npp_d20251028_t1810275_e1811517_b72560,159.682,109.354,50.8956,98.0709,116.699,-114.483
319,VBD_npp_d20251028_t1811247_x1026272E_y062019N_l0525_s0918_v23,2025-10-28 20:29:00,6.201910,102.627205,37.156,2025-10-28 18:11:24,2025-10-29 02:11:24,525,918,0.314002,1,2401,0.996322,0.055,0.889848,0.4,0.978177,0.75,1.91964e-16,0.0001,3.58901e-12,999999,999999,3,Malaysian Exclusive Economic Zone,,,SVDNB_npp_d20251028_t1810275_e1811517_b72560_c20251028193205056000_oebc_ops.h5,GDNBO_npp_d20251028_t1810275_e1811517_b72560_c20251028192939737000_oebc_ops.h5,SVI04_npp_d20251028_t1810275_e1811517_b72560_c20251028193214149000_oebc_ops.dspace_rad,,eez_v11.shp,WPP_BFAR_merge.shp,vbd_mpa_r20170830.shp,VNF-VBD_npp_20120301-20151231_global_asia-enhanced_c201607211230.bitmask,vbd_landsea_r20220824.mask,timezone.shp,VBD_platforms-recurring_2015_r20170330.shp,999999,VBD_bridges_c20160811.shp,10.404151;8.502419;6.138182;1.273068;3.487974;5.509554,96.985527;110.863861;124.483452;123.301933;109.736603;96.013321,npp_d20251028_t1806113_e1807355_b72560;npp_d20251028_t1807367_e1809009_b72560;npp_d20251028_t1809021_e1810263_b72560;npp_d20251028_t1810275_e1811517_b72560,159.466,111.937,50.8992,97.8199,116.165,-114.899
320,VBD_npp_d20251028_t1811247_x1026328E_y061943N_l0526_s0919_v23,2025-10-28 20:29:00,6.194272,102.632767,2.10953,2025-10-28 18:11:24,2025-10-29 02:11:24,526,919,0.337261,7,2337,0.104592,0.055,0.884854,0.4,0.610294,0.75,1.91371e-16,0.0001,3.55212e-12,999999,999999,3,,,,SVDNB_npp_d20251028_t1810275_e1811517_b72560_c20251028193205056000_oebc_ops.h5,GDNBO_npp_d20251028_t1810275_e1811517_b72560_c20251028192939737000_oebc_ops.h5,SVI04_npp_d20251028_t1810275_e1811517_b72560_c20251028193214149000_oebc_ops.dspace_rad,,eez_v11.shp,WPP_BFAR_merge.shp,vbd_mpa_r20170830.shp,VNF-VBD_npp_20120301-20151231_global_asia-enhanced_c201607211230.bitmask,vbd_landsea_r20220824.mask,timezone.shp,VBD_platforms-recurring_2015_r20170330.shp,999999,VBD_bridges_c20160811.shp,10.404151;8.502419;6.138182;1.273068;3.487974;5.509554,96.985527;110.863861;124.483452;123.301933;109.736603;96.013321,npp_d20251028_t1806113_e1807355_b72560;npp_d20251028_t1807367_e1809009_b72560;npp_d20251028_t1809021_e1810263_b72560;npp_d20251028_t1810275_e1811517_b72560,159.458,111.951,50.8712,97.7692,116.166,-114.903
321,VBD_npp_d20251028_t1811105_x1028265E_y070435N_l0395_s0921_v23,2025-10-28 20:29:00,7.043465,102.826469,2.57299,2025-10-28 18:11:10,2025-10-29 01:11:10,395,921,0.176079,8,18785,0.165406,0.055,0.566966,0.4,0.760576,0.75,1.25586e-16,0.0001,3.93122e-12,999999,999999,3,Malaysian Exclusive Economic Zone,,,SVDNB_npp_d20251028_t1810275_e1811517_b72560_c20251028193205056000_oebc_ops.h5,GDNBO_npp_d20251028_t1810275_e1811517_b72560_c20251028192939737000_oebc_ops.h5,SVI04_npp_d20251028_t1810275_e1811517_b72560_c20251028193214149000_oebc_ops.dspace_rad,,eez_v11.shp,WPP_BFAR_merge.shp,vbd_mpa_r20170830.shp,VNF-VBD_npp_20120301-20151231_global_asia-enhanced_c201607211230.bitmask,vbd_landsea_r20220824.mask,timezone.shp,VBD_platforms-recurring_2015_r20170330.shp,0.358599,VBD_bridges_c20160811.shp,10.404151;8.502419;6.138182;1.273068;3.487974;5.509554,96.985527;110.863861;124.483452;123.301933;109.736603;96.013321,npp_d20251028_t1806113_e1807355_b72560;npp_d20251028_t1807367_e1809009_b72560;npp_d20251028_t1809021_e1810263_b72560;npp_d20251028_t1810275_e1811517_b72560,159.635,109.711,50.8106,97.8266,116.641,-114.545
322,VBD_npp_d20251028_t1811105_x1028473E_y070953N_l0387_s0923_v23,2025-10-28 20:29:00,7.095278,102.847298,3.55296,2025-10-28 18:11:10,2025-10-29 01:11:10,387,923,0.235046,1,2401,0.216849,0.055,0.728624,0.4,0.782157,0.75,1.19822e-16,0.0001,4.00716e-12,999999,999999,3,Malaysian Exclusive Economic Zone,,,SVDNB_npp_d20251028_t1810275_e1811517_b72560_c20251028193205056000_oebc_ops.h5,GDNBO_npp_d20251028_t1810275_e1811517_b72560_c20251028192939737000_oebc_ops.h5,SVI04_npp_d20251028_t1810275_e1811517_b72560_c20251028193214149000_oebc_ops.dspace_rad,,eez_v11.shp,WPP_BFAR_merge.shp,vbd_mpa_r20170830.shp,VNF-VBD_npp_20120301-20151231_global_asia-enhanced_c201607211230.bitmask,vbd_landsea_r20220824.mask,timezone.shp,VBD_platforms-recurring_2015_r20170330.shp,999999,VBD_bridges_c20160811.shp,10.404151;8.502419;6.138182;1.273068;3.487974;5.509554,96.985527;110.863861;124.483452;123.301933;109.736603;96.013321,npp_d20251028_t1806113_e1807355_b72560;npp_d20251028_t1807367_e1809009_b72560;npp_d20251028_t1809021_e1810263_b72560;npp_d20251028_t1810275_e1811517_b72560,159.633,109.563,50.7533,98.2387,116.681,-114.524
323,VBD_npp_d20251028_t1811105_x1028867E_y070909N_l0387_s0929_v23,2025-10-28 20:29:00,7.090907,102.886696,3.71954,2025-10-28 18:11:10,2025-10-29 01:11:10,387,929,0.282064,1,2401,0.207079,0.055,0.755111,0.4,0.757485,0.75,1.16282e-16,0.0001,3.85441e-12,999999,999999,3,Malaysian Exclusive Economic Zone,,,SVDNB_npp_d20251028_t1810275_e1811517_b72560_c20251028193205056000_oebc_ops.h5,GDNBO_npp_d20251028_t1810275_e1811517_b72560_c20251028192939737000_oebc_ops.h5,SVI04_npp_d20251028_t1810275_e1811517_b72560_c20251028193214149000_oebc_ops.dspace_rad,,eez_v11.shp,WPP_BFAR_merge.shp,vbd_mpa_r20170830.shp,VNF-VBD_npp_20120301-20151231_global_asia-enhanced_c201607211230.bitmask,vbd_landsea_r20220824.mask,timezone.shp,VBD_platforms-recurring_2015_r20170330.shp,999999,VBD_bridges_c20160811.shp,10.404151;8.502419;6.138182;1.273068;3.487974;5.509554,96.985527;110.863861;124.483452;123.301933;109.736603;96.013321,npp_d20251028_t1806113_e1807355_b72560;npp_d20251028_t1807367_e1809009_b72560;npp_d20251028_t1809021_e1810263_b72560;npp_d20251028_t1810275_e1811517_b72560,159.595,109.544,50.5828,98.2538,116.715,-114.529
324,VBD_npp_d20251028_t1811105_x1028817E_y070563N_l0392_s0929_v23,2025-10-28 20:29:00,7.056320,102.881691,3.07705,2025-10-28 18:11:10,2025-10-29 01:11:10,392,929,0.215058,2,2337,0.172163,0.055,0.713723,0.4,0.679597,0.75,1.19035e-16,0.0001,3.77495e-12,999999,999999,3,Malaysian Exclusive Economic Zone,,,SVDNB_npp_d20251028_t1810275_e1811517_b72560_c20251028193205056000_oebc_ops.h5,GDNBO_npp_d20251028_t1810275_e1811517_b72560_c20251028192939737000_oebc_ops.h5,SVI04_npp_d20251028_t1810275_e1811517_b72560_c20251028193214149000_oebc_ops.dspace_rad,,eez_v11.shp,WPP_BFAR_merge.shp,vbd_mpa_r20170830.shp,VNF-VBD_npp_20120301-20151231_global_asia-enhanced_c201607211230.bitmask,vbd_landsea_r20220824.mask,timezone.shp,VBD_platforms-recurring_2015_r20170330.shp,999999,VBD_bridges_c20160811.shp,10.404151;8.502419;6.138182;1.273068;3.487974;5.509554,96.985527;110.863861;124.483452;123.301933;109.736603;96.013321,npp_d20251028_t1806113_e1807355_b72560;npp_d20251028_t1807367_e1809009_b72560;npp_d20251028_t1809021_e1810263_b72560;npp_d20251028_t1810275_e1811517_b72560,159.588,109.636,50.5831,97.9876,116.696,-114.544
325,VBD_npp_d20251028_t1811087_x1029086E_y071458N_l0378_s0930_v23,2025-10-28 20:29:00,7.145765,102.908554,5.94945,2025-10-28 18:11:08,2025-10-29 01:11:08,378,930,0.25354,8,18785,0.312797,0.055,0.711788,0.4,0.817247,0.75,1.11999e-16,0.0001,3.7669e-12,999999,999999,3,Malaysian Exclusive Economic Zone,,,SVDNB_npp_d20251028_t1810275_e1811517_b72560_c20251028193205056000_oebc_ops.h5,GDNBO_npp_d20251028_t1810275_e1811517_b72560_c20251028192939737000_oebc_ops.h5,SVI04_npp_d20251028_t1810275_e1811517_b72560_c20251028193214149000_oebc_ops.dspace_rad,,eez_v11.shp,WPP_BFAR_merge.shp,vbd_mpa_r20170830.shp,VNF-VBD_npp_20120301-20151231_global_asia-enhanced_c201607211230.bitmask,vbd_landsea_r20220824.mask,timezone.shp,VBD_platforms-recurring_2015_r20170330.shp,0.664872,VBD_bridges_c20160811.shp,10.404151;8.502419;6.138182;1.273068;3.487974;5.509554,96.985527;110.863861;124.483452;123.301933;109.736603;96.013321,npp_d20251028_t1806113_e1807355_b72560;npp_d20251028_t1807367_e1809009_b72560;npp_d20251028_t1809021_e1810263_b72560;npp_d20251028_t1810275_e1811517_b72560,159.6,109.394,50.5538,97.8725,116.75,-114.506
326,VBD_npp_d20251028_t1811176_x1028073E_y066457N_l0455_s0931_v23,2025-10-28 20:29:00,6.645717,102.807312,13.5617,2025-10-28 18:11:17,2025-10-29 01:11:17,455,931,0.394806,8,18785,0.670161,0.055,0.884547,0.4,0.943268,0.75,1.52167e-16,0.0001,3.55587e-12,999999,999999,3,Malaysian Exclusive Economic Zone,,,SVDNB_npp_d20251028_t1810275_e1811517_b72560_c20251028193205056000_oebc_ops.h5,GDNBO_npp_d20251028_t1810275_e1811517_b72560_c20251028192939737000_oebc_ops.h5,SVI04_npp_d20251028_t1810275_e1811517_b72560_c20251028193214149000_oebc_ops.dspace_rad,,eez_v11.shp,WPP_BFAR_merge.shp,vbd_mpa_r20170830.shp,VNF-VBD_npp_20120301-20151231_global_asia-enhanced_c201607211230.bitmask,vbd_landsea_r20220824.mask,timezone.shp,VBD_platforms-recurring_2015_r20170330.shp,0.347625,VBD_bridges_c20160811.shp,10.404151;8.502419;6.138182;1.273068;3.487974;5.509554,96.985527;110.863861;124.483452;123.301933;109.736603;96.013321,npp_d20251028_t1806113_e1807355_b72560;npp_d20251028_t1807367_e1809009_b72560;npp_d20251028_t1809021_e1810263_b72560;npp_d20251028_t1810275_e1811517_b72560,159.488,110.704,50.5263,98.0898,116.485,-114.72
327,VBD_npp_d20251028_t1811087_x1029293E_y071428N_l0378_s0933_v23,2025-10-28 20:29:00,7.142850,102.929329,2.21307,2025-10-28 18:11:08,2025-10-29 01:11:08,378,933,0.289746,8,18721,0.0898506,0.055,0.698172,0.4,0.426817,0.75,1.10285e-16,0.0001,3.6892e-12,999999,999999,3,Malaysian Exclusive Economic Zone,,,SVDNB_npp_d20251028_t1810275_e1811517_b72560_c20251028193205056000_oebc_ops.h5,GDNBO_npp_d20251028_t1810275_e1811517_b72560_c20251028192939737000_oebc_ops.h5,SVI04_npp_d20251028_t1810275_e1811517_b72560_c20251028193214149000_oebc_ops.dspace_rad,,eez_v11.shp,WPP_BFAR_merge.shp,vbd_mpa_r20170830.shp,VNF-VBD_npp_20120301-20151231_global_asia-enhanced_c201607211230.bitmask,vbd_landsea_r20220824.mask,timezone.shp,VBD_platforms-recurring_2015_r20170330.shp,0.332184,VBD_bridges_c20160811.shp,10.404151;8.502419;6.138182;1.273068;3.487974;5.509554,96.985527;110.863861;124.483452;123.301933;109.736603;96.013321,npp_d20251028_t1806113_e1807355_b72560;npp_d20251028_t1807367_e1809009_b72560;npp_d20251028_t1809021_e1810263_b72560;npp_d20251028_t1810275_e1811517_b72560,159.579,109.386,50.4631,97.8749,116.768,-114.509
328,VBD_npp_d20251028_t1811105_x1029213E_y070859N_l0387_s0934_v23,2025-10-28 20:29:00,7.085920,102.921318,3.73557,2025-10-28 18:11:10,2025-10-29 01:11:10,387,934,0.250553,1,2401,0.215351,0.055,0.729289,0.4,0.791329,0.75,1.13331e-16,0.0001,3.72276e-12,999999,999999,3,Malaysian Exclusive Economic Zone,,,SVDNB_npp_d20251028_t1810275_e1811517_b72560_c20251028193205056000_oebc_ops.h5,GDNBO_npp_d20251028_t1810275_e1811517_b72560_c20251028192939737000_oebc_ops.h5,SVI04_npp_d20251028_t1810275_e1811517_b72560_c20251028193214149000_oebc_ops.dspace_rad,,eez_v11.shp,WPP_BFAR_merge.shp,vbd_mpa_r20170830.shp,VNF-VBD_npp_20120301-20151231_global_asia-enhanced_c201607211230.bitmask,vbd_landsea_r20220824.mask,timezone.shp,VBD_platforms-recurring_2015_r20170330.shp,999999,VBD_bridges_c20160811.shp,10.404151;8.502419;6.138182;1.273068;3.487974;5.509554,96.985527;110.863861;124.483452;123.301933;109.736603;96.013321,npp_d20251028_t1806113_e1807355_b72560;npp_d20251028_t1807367_e1809009_b72560;npp_d20251028_t1809021_e1810263_b72560;npp_d20251028_t1810275_e1811517_b72560,159.561,109.53,50.4316,98.2585,116.744,-114.534
329,VBD_npp_d20251028_t1811283_x1026864E_y059573N_l0560_s0934_v23,2025-10-28 20:29:00,5.957303,102.686432,2.76043,2025-10-28 18:11:28,2025-10-29 02:11:28,560,934,0.294796,2,2337,0.1643,0.055,0.576784,0.4,0.709991,0.75,1.87904e-16,0.0001,3.11692e-12,999999,999999,3,Malaysian Exclusive Economic Zone,,,SVDNB_npp_d20251028_t1810275_e1811517_b72560_c20251028193205056000_oebc_ops.h5,GDNBO_npp_d20251028_t1810275_e1811517_b72560_c20251028192939737000_oebc_ops.h5,SVI04_npp_d20251028_t1810275_e1811517_b72560_c20251028193214149000_oebc_ops.dspace_rad,,eez_v11.shp,WPP_BFAR_merge.shp,vbd_mpa_r20170830.shp,VNF-VBD_npp_20120301-20151231_global_asia-enhanced_c201607211230.bitmask,vbd_landsea_r20220824.mask,timezone.shp,VBD_platforms-recurring_2015_r20170330.shp,999999,VBD_bridges_c20160811.shp,10.404151;8.502419;6.138182;1.273068;3.487974;5.509554,96.985527;110.863861;124.483452;123.301933;109.736603;96.013321,npp_d20251028_t1806113_e1807355_b72560;npp_d20251028_t1807367_e1809009_b72560;npp_d20251028_t1809021_e1810263_b72560;npp_d20251028_t1810275_e1811517_b72560,159.305,112.473,50.4349,97.6853,116.128,-115.01
330,VBD_npp_d20251028_t1811300_x1026868E_y059560N_l0561_s0935_v23,2025-10-28 20:29:00,5.955990,102.686844,3.51364,2025-10-28 18:11:30,2025-10-29 02:11:30,561,935,0.306746,1,2401,0.214922,0.055,0.598384,0.4,0.760913,0.75,1.87232e-16,0.0001,3.24514e-12,999999,999999,3,Malaysian Exclusive Economic Zone,,,SVDNB_npp_d20251028_t1810275_e1811517_b72560_c20251028193205056000_oebc_ops.h5,GDNBO_npp_d20251028_t1810275_e1811517_b72560_c20251028192939737000_oebc_ops.h5,SVI04_npp_d20251028_t1810275_e1811517_b72560_c20251028193214149000_oebc_ops.dspace_rad,,eez_v11.shp,WPP_BFAR_merge.shp,vbd_mpa_r20170830.shp,VNF-VBD_npp_20120301-20151231_global_asia-enhanced_c201607211230.bitmask,vbd_landsea_r20220824.mask,timezone.shp,VBD_platforms-recurring_2015_r20170330.shp,999999,VBD_bridges_c20160811.shp,10.404151;8.502419;6.138182;1.273068;3.487974;5.509554,96.985527;110.863861;124.483452;123.301933;109.736603;96.013321,npp_d20251028_t1806113_e1807355_b72560;npp_d20251028_t1807367_e1809009_b72560;npp_d20251028_t1809021_e1810263_b72560;npp_d20251028_t1810275_e1811517_b72560,159.298,112.469,50.4001,98.4998,116.134,-115.012
331,VBD_npp_d20251028_t1811194_x1028343E_y065350N_l0471_s0938_v23,2025-10-28 20:29:00,6.535033,102.834259,2.63068,2025-10-28 18:11:19,2025-10-29 01:11:19,471,938,0.214845,8,18785,0.179712,0.055,0.619571,0.4,0.768257,0.75,1.55115e-16,0.0001,3.34743e-12,999999,999999,3,Malaysian Exclusive Economic Zone,,,SVDNB_npp_d20251028_t1810275_e1811517_b72560_c20251028193205056000_oebc_ops.h5,GDNBO_npp_d20251028_t1810275_e1811517_b72560_c20251028192939737000_oebc_ops.h5,SVI04_npp_d20251028_t1810275_e1811517_b72560_c20251028193214149000_oebc_ops.dspace_rad,,eez_v11.shp,WPP_BFAR_merge.shp,vbd_mpa_r20170830.shp,VNF-VBD_npp_20120301-20151231_global_asia-enhanced_c201607211230.bitmask,vbd_landsea_r20220824.mask,timezone.shp,VBD_platforms-recurring_2015_r20170330.shp,0.593457,VBD_bridges_c20160811.shp,10.404151;8.502419;6.138182;1.273068;3.487974;5.509554,96.985527;110.863861;124.483452;123.301933;109.736603;96.013321,npp_d20251028_t1806113_e1807355_b72560;npp_d20251028_t1807367_e1809009_b72560;npp_d20251028_t1809021_e1810263_b72560;npp_d20251028_t1810275_e1811517_b72560,159.417,110.952,50.3113,98.1093,116.47,-114.771
332,VBD_npp_d20251028_t1811247_x1028235E_y061802N_l0524_s0947_v23,2025-10-28 20:29:00,6.180171,102.823494,3.84419,2025-10-28 18:11:24,2025-10-29 02:11:24,524,947,0.323889,1,2401,0.254697,0.055,0.713654,0.4,0.813041,0.75,1.6495e-16,0.0001,2.9834e-12,999999,999999,3,Malaysian Exclusive Economic Zone,,,SVDNB_npp_d20251028_t1810275_e1811517_b72560_c20251028193205056000_oebc_ops.h5,GDNBO_npp_d20251028_t1810275_e1811517_b72560_c20251028192939737000_oebc_ops.h5,SVI04_npp_d20251028_t1810275_e1811517_b72560_c20251028193214149000_oebc_ops.dspace_rad,,eez_v11.shp,WPP_BFAR_merge.shp,vbd_mpa_r20170830.shp,VNF-VBD_npp_20120301-20151231_global_asia-enhanced_c201607211230.bitmask,vbd_landsea_r20220824.mask,timezone.shp,VBD_platforms-recurring_2015_r20170330.shp,999999,VBD_bridges_c20160811.shp,10.404151;8.502419;6.138182;1.273068;3.487974;5.509554,96.985527;110.863861;124.483452;123.301933;109.736603;96.013321,npp_d20251028_t1806113_e1807355_b72560;npp_d20251028_t1807367_e1809009_b72560;npp_d20251028_t1809021_e1810263_b72560;npp_d20251028_t1810275_e1811517_b72560,159.277,111.819,50.0435,97.8828,116.331,-114.926
333,VBD_npp_d20251028_t1810509_x1032809E_y081219N_l0224_s0953_v23,2025-10-28 20:29:00,8.121860,103.280861,1.7181,2025-10-28 18:10:50,2025-10-29 01:10:50,224,953,0.153388,2,2337,0.0941711,0.055,0.656848,0.4,0.723278,0.75,5.51321e-17,0.0001,3.54701e-12,999999,999999,3,Vietnamese Exclusive Economic Zone,,,SVDNB_npp_d20251028_t1810275_e1811517_b72560_c20251028193205056000_oebc_ops.h5,GDNBO_npp_d20251028_t1810275_e1811517_b72560_c20251028192939737000_oebc_ops.h5,SVI04_npp_d20251028_t1810275_e1811517_b72560_c20251028193214149000_oebc_ops.dspace_rad,,eez_v11.shp,WPP_BFAR_merge.shp,vbd_mpa_r20170830.shp,VNF-VBD_npp_20120301-20151231_global_asia-enhanced_c201607211230.bitmask,vbd_landsea_r20220824.mask,timezone.shp,VBD_platforms-recurring_2015_r20170330.shp,999999,VBD_bridges_c20160811.shp,10.404151;8.502419;6.138182;1.273068;3.487974;5.509554,96.985527;110.863861;124.483452;123.301933;109.736603;96.013321,npp_d20251028_t1806113_e1807355_b72560;npp_d20251028_t1807367_e1809009_b72560;npp_d20251028_t1809021_e1810263_b72560;npp_d20251028_t1810275_e1811517_b72560,159.621,106.69,49.858,97.451,117.419,-114.088
334,VBD_npp_d20251028_t1810438_x1033950E_y086246N_l0147_s0955_v23,2025-10-28 20:29:00,8.624590,103.395020,1.63559,2025-10-28 18:10:43,2025-10-29 01:10:43,147,955,0.0722985,10,2305,0.0721792,0.055,0.294046,0.4,0.577116,0.75,4.06627e-17,0.0001,3.88089e-12,999999,999999,3,Vietnamese Exclusive Economic Zone,,,SVDNB_npp_d20251028_t1810275_e1811517_b72560_c20251028193205056000_oebc_ops.h5,GDNBO_npp_d20251028_t1810275_e1811517_b72560_c20251028192939737000_oebc_ops.h5,SVI04_npp_d20251028_t1810275_e1811517_b72560_c20251028193214149000_oebc_ops.dspace_rad,,eez_v11.shp,WPP_BFAR_merge.shp,vbd_mpa_r20170830.shp,VNF-VBD_npp_20120301-20151231_global_asia-enhanced_c201607211230.bitmask,vbd_landsea_r20220824.mask,timezone.shp,VBD_platforms-recurring_2015_r20170330.shp,999999,VBD_bridges_c20160811.shp,10.404151;8.502419;6.138182;1.273068;3.487974;5.509554,96.985527;110.863861;124.483452;123.301933;109.736603;96.013321,npp_d20251028_t1806113_e1807355_b72560;npp_d20251028_t1807367_e1809009_b72560;npp_d20251028_t1809021_e1810263_b72560;npp_d20251028_t1810275_e1811517_b72560,159.679,105.337,49.7935,98.1071,117.698,-113.862
335,VBD_npp_d20251028_t1810509_x1032993E_y081542N_l0219_s0955_v23,2025-10-28 20:29:00,8.154178,103.299332,4.38513,2025-10-28 18:10:50,2025-10-29 01:10:50,219,955,0.281139,1,2401,0.264872,0.055,0.722712,0.4,0.808518,0.75,5.33864e-17,0.0001,3.57277e-12,999999,999999,3,Vietnamese Exclusive Economic Zone,,,SVDNB_npp_d20251028_t1810275_e1811517_b72560_c20251028193205056000_oebc_ops.h5,GDNBO_npp_d20251028_t1810275_e1811517_b72560_c20251028192939737000_oebc_ops.h5,SVI04_npp_d20251028_t1810275_e1811517_b72560_c20251028193214149000_oebc_ops.dspace_rad,,eez_v11.shp,WPP_BFAR_merge.shp,vbd_mpa_r20170830.shp,VNF-VBD_npp_20120301-20151231_global_asia-enhanced_c201607211230.bitmask,vbd_landsea_r20220824.mask,timezone.shp,VBD_platforms-recurring_2015_r20170330.shp,999999,VBD_bridges_c20160811.shp,10.404151;8.502419;6.138182;1.273068;3.487974;5.509554,96.985527;110.863861;124.483452;123.301933;109.736603;96.013321,npp_d20251028_t1806113_e1807355_b72560;npp_d20251028_t1807367_e1809009_b72560;npp_d20251028_t1809021_e1810263_b72560;npp_d20251028_t1810275_e1811517_b72560,159.613,106.595,49.7964,97.7219,117.449,-114.074
336,VBD_npp_d20251028_t1810527_x1032856E_y081186N_l0225_s0955_v23,2025-10-28 20:29:00,8.118631,103.285645,2.35539,2025-10-28 18:10:52,2025-10-29 01:10:52,225,955,0.137455,1,2401,0.148412,0.055,0.672342,0.4,0.771405,0.75,5.47166e-17,0.0001,3.68653e-12,999999,999999,3,Vietnamese Exclusive Economic Zone,,,SVDNB_npp_d20251028_t1810275_e1811517_b72560_c20251028193205056000_oebc_ops.h5,GDNBO_npp_d20251028_t1810275_e1811517_b72560_c20251028192939737000_oebc_ops.h5,SVI04_npp_d20251028_t1810275_e1811517_b72560_c20251028193214149000_oebc_ops.dspace_rad,,eez_v11.shp,WPP_BFAR_merge.shp,vbd_mpa_r20170830.shp,VNF-VBD_npp_20120301-20151231_global_asia-enhanced_c201607211230.bitmask,vbd_landsea_r20220824.mask,timezone.shp,VBD_platforms-recurring_2015_r20170330.shp,999999,VBD_bridges_c20160811.shp,10.404151;8.502419;6.138182;1.273068;3.487974;5.509554,96.985527;110.863861;124.483452;123.301933;109.736603;96.013321,npp_d20251028_t1806113_e1807355_b72560;npp_d20251028_t1807367_e1809009_b72560;npp_d20251028_t1809021_e1810263_b72560;npp_d20251028_t1810275_e1811517_b72560,159.608,106.691,49.8027,98.271,117.428,-114.09
337,VBD_npp_d20251028_t1810527_x1032806E_y080357N_l0237_s0956_v23,2025-10-28 20:29:00,8.035730,103.280640,2.8663,2025-10-28 18:10:52,2025-10-29 01:10:52,237,956,0.145706,1,2401,0.177272,0.055,0.547648,0.4,0.764352,0.75,5.70415e-17,0.0001,3.48156e-12,999999,999999,3,Vietnamese Exclusive Economic Zone,,,SVDNB_npp_d20251028_t1810275_e1811517_b72560_c20251028193205056000_oebc_ops.h5,GDNBO_npp_d20251028_t1810275_e1811517_b72560_c20251028192939737000_oebc_ops.h5,SVI04_npp_d20251028_t1810275_e1811517_b72560_c20251028193214149000_oebc_ops.dspace_rad,,eez_v11.shp,WPP_BFAR_merge.shp,vbd_mpa_r20170830.shp,VNF-VBD_npp_20120301-20151231_global_asia-enhanced_c201607211230.bitmask,vbd_landsea_r20220824.mask,timezone.shp,VBD_platforms-recurring_2015_r20170330.shp,999999,VBD_bridges_c20160811.shp,10.404151;8.502419;6.138182;1.273068;3.487974;5.509554,96.985527;110.863861;124.483452;123.301933;109.736603;96.013321,npp_d20251028_t1806113_e1807355_b72560;npp_d20251028_t1807367_e1809009_b72560;npp_d20251028_t1809021_e1810263_b72560;npp_d20251028_t1810275_e1811517_b72560,159.589,106.907,49.7737,97.6253,117.39,-114.128
338,VBD_npp_d20251028_t1811087_x1031000E_y071676N_l0371_s0957_v23,2025-10-28 20:29:00,7.167608,103.099983,267.91,2025-10-28 18:11:08,2025-10-29 01:11:08,371,957,0.300914,4,100709,1.28622,0.055,0.811119,0.4,0.957786,0.75,9.43357e-17,0.0001,3.23014e-12,999999,999999,3,Malaysian Exclusive Economic Zone,,,SVDNB_npp_d20251028_t1810275_e1811517_b72560_c20251028193205056000_oebc_ops.h5,GDNBO_npp_d20251028_t1810275_e1811517_b72560_c20251028192939737000_oebc_ops.h5,SVI04_npp_d20251028_t1810275_e1811517_b72560_c20251028193214149000_oebc_ops.dspace_rad,,eez_v11.shp,WPP_BFAR_merge.shp,vbd_mpa_r20170830.shp,VNF-VBD_npp_20120301-20151231_global_asia-enhanced_c201607211230.bitmask,vbd_landsea_r20220824.mask,timezone.shp,VBD_platforms-recurring_2015_r20170330.shp,999999,VBD_bridges_c20160811.shp,10.404151;8.502419;6.138182;1.273068;3.487974;5.509554,96.985527;110.863861;124.483452;123.301933;109.736603;96.013321,npp_d20251028_t1806113_e1807355_b72560;npp_d20251028_t1807367_e1809009_b72560;npp_d20251028_t1809021_e1810263_b72560;npp_d20251028_t1810275_e1811517_b72560,159.427,109.195,49.7395,98.271,116.931,-114.511
339,VBD_npp_d20251028_t1811087_x1031115E_y071520N_l0373_s0959_v23,2025-10-28 20:29:00,7.152037,103.111450,5.48751,2025-10-28 18:11:08,2025-10-29 01:11:08,373,959,0.182125,7,51489,0.128312,0.055,0.80108,0.4,0.38255,0.75,9.38521e-17,0.0001,3.16236e-12,999999,999999,3,,,,SVDNB_npp_d20251028_t1810275_e1811517_b72560_c20251028193205056000_oebc_ops.h5,GDNBO_npp_d20251028_t1810275_e1811517_b72560_c20251028192939737000_oebc_ops.h5,SVI04_npp_d20251028_t1810275_e1811517_b72560_c20251028193214149000_oebc_ops.dspace_rad,,eez_v11.shp,WPP_BFAR_merge.shp,vbd_mpa_r20170830.shp,VNF-VBD_npp_20120301-20151231_global_asia-enhanced_c201607211230.bitmask,vbd_landsea_r20220824.mask,timezone.shp,VBD_platforms-recurring_2015_r20170330.shp,0.411767,VBD_bridges_c20160811.shp,10.404151;8.502419;6.138182;1.273068;3.487974;5.509554,96.985527;110.863861;124.483452;123.301933;109.736603;96.013321,npp_d20251028_t1806113_e1807355_b72560;npp_d20251028_t1807367_e1809009_b72560;npp_d20251028_t1809021_e1810263_b72560;npp_d20251028_t1810275_e1811517_b72560,159.412,109.225,49.6795,98.165,116.935,-114.519
340,VBD_npp_d20251028_t1810509_x1033350E_y081632N_l0217_s0960_v23,2025-10-28 20:29:00,8.163157,103.335014,1.96134,2025-10-28 18:10:50,2025-10-29 01:10:50,217,960,0.257097,2,2337,0.106702,0.055,0.608261,0.4,0.664886,0.75,5.13953e-17,0.0001,3.48232e-12,999999,999999,3,Vietnamese Exclusive Economic Zone,,,SVDNB_npp_d20251028_t1810275_e1811517_b72560_c20251028193205056000_oebc_ops.h5,GDNBO_npp_d20251028_t1810275_e1811517_b72560_c20251028192939737000_oebc_ops.h5,SVI04_npp_d20251028_t1810275_e1811517_b72560_c20251028193214149000_oebc_ops.dspace_rad,,eez_v11.shp,WPP_BFAR_merge.shp,vbd_mpa_r20170830.shp,VNF-VBD_npp_20120301-20151231_global_asia-enhanced_c201607211230.bitmask,vbd_landsea_r20220824.mask,timezone.shp,VBD_platforms-recurring_2015_r20170330.shp,999999,VBD_bridges_c20160811.shp,10.404151;8.502419;6.138182;1.273068;3.487974;5.509554,96.985527;110.863861;124.483452;123.301933;109.736603;96.013321,npp_d20251028_t1806113_e1807355_b72560;npp_d20251028_t1807367_e1809009_b72560;npp_d20251028_t1809021_e1810263_b72560;npp_d20251028_t1810275_e1811517_b72560,159.581,106.55,49.6458,97.8342,117.484,-114.072
341,VBD_npp_d20251028_t1810545_x1033095E_y079458N_l0250_s0963_v23,2025-10-28 20:29:00,7.945828,103.309502,1.82924,2025-10-28 18:10:54,2025-10-29 01:10:54,250,963,0.13027,10,2305,0.0883457,0.055,0.387694,0.4,0.609,0.75,5.74405e-17,0.0001,3.32094e-12,999999,999999,3,Vietnamese Exclusive Economic Zone,,,SVDNB_npp_d20251028_t1810275_e1811517_b72560_c20251028193205056000_oebc_ops.h5,GDNBO_npp_d20251028_t1810275_e1811517_b72560_c20251028192939737000_oebc_ops.h5,SVI04_npp_d20251028_t1810275_e1811517_b72560_c20251028193214149000_oebc_ops.dspace_rad,,eez_v11.shp,WPP_BFAR_merge.shp,vbd_mpa_r20170830.shp,VNF-VBD_npp_20120301-20151231_global_asia-enhanced_c201607211230.bitmask,vbd_landsea_r20220824.mask,timezone.shp,VBD_platforms-recurring_2015_r20170330.shp,999999,VBD_bridges_c20160811.shp,10.404151;8.502419;6.138182;1.273068;3.487974;5.509554,96.985527;110.863861;124.483452;123.301933;109.736603;96.013321,npp_d20251028_t1806113_e1807355_b72560;npp_d20251028_t1807367_e1809009_b72560;npp_d20251028_t1809021_e1810263_b72560;npp_d20251028_t1810275_e1811517_b72560,159.528,107.115,49.5597,97.8063,117.386,-114.171
342,VBD_npp_d20251028_t1810562_x1033096E_y079009N_l0257_s0965_v23,2025-10-28 20:29:00,7.900925,103.309608,1.79975,2025-10-28 18:10:56,2025-10-29 01:10:56,257,965,0.167401,10,2305,0.0813641,0.055,0.358981,0.4,0.672309,0.75,5.8197e-17,0.0001,3.36096e-12,999999,999999,3,Vietnamese Exclusive Economic Zone,,,SVDNB_npp_d20251028_t1810275_e1811517_b72560_c20251028193205056000_oebc_ops.h5,GDNBO_npp_d20251028_t1810275_e1811517_b72560_c20251028192939737000_oebc_ops.h5,SVI04_npp_d20251028_t1810275_e1811517_b72560_c20251028193214149000_oebc_ops.dspace_rad,,eez_v11.shp,WPP_BFAR_merge.shp,vbd_mpa_r20170830.shp,VNF-VBD_npp_20120301-20151231_global_asia-enhanced_c201607211230.bitmask,vbd_landsea_r20220824.mask,timezone.shp,VBD_platforms-recurring_2015_r20170330.shp,999999,VBD_bridges_c20160811.shp,10.404151;8.502419;6.138182;1.273068;3.487974;5.509554,96.985527;110.863861;124.483452;123.301933;109.736603;96.013321,npp_d20251028_t1806113_e1807355_b72560;npp_d20251028_t1807367_e1809009_b72560;npp_d20251028_t1809021_e1810263_b72560;npp_d20251028_t1810275_e1811517_b72560,159.508,107.225,49.4997,98.3043,117.374,-114.192
343,VBD_npp_d20251028_t1810438_x1034671E_y086006N_l0149_s0966_v23,2025-10-28 20:29:00,8.600574,103.467079,1.34731,2025-10-28 18:10:43,2025-10-29 01:10:43,149,966,0.109571,10,2305,0.0560334,0.055,0.278656,0.4,0.599824,0.75,3.83307e-17,0.0001,3.56677e-12,999999,999999,3,Vietnamese Exclusive Economic Zone,,,SVDNB_npp_d20251028_t1810275_e1811517_b72560_c20251028193205056000_oebc_ops.h5,GDNBO_npp_d20251028_t1810275_e1811517_b72560_c20251028192939737000_oebc_ops.h5,SVI04_npp_d20251028_t1810275_e1811517_b72560_c20251028193214149000_oebc_ops.dspace_rad,,eez_v11.shp,WPP_BFAR_merge.shp,vbd_mpa_r20170830.shp,VNF-VBD_npp_20120301-20151231_global_asia-enhanced_c201607211230.bitmask,vbd_landsea_r20220824.mask,timezone.shp,VBD_platforms-recurring_2015_r20170330.shp,999999,VBD_bridges_c20160811.shp,10.404151;8.502419;6.138182;1.273068;3.487974;5.509554,96.985527;110.863861;124.483452;123.301933;109.736603;96.013321,npp_d20251028_t1806113_e1807355_b72560;npp_d20251028_t1807367_e1809009_b72560;npp_d20251028_t1809021_e1810263_b72560;npp_d20251028_t1810275_e1811517_b72560,159.604,105.36,49.4634,98.0109,117.753,-113.877
344,VBD_npp_d20251028_t1810527_x1033755E_y080296N_l0236_s0970_v23,2025-10-28 20:29:00,8.029634,103.375496,4.93721,2025-10-28 18:10:52,2025-10-29 01:10:52,236,970,0.200974,1,2401,0.310704,0.055,0.730142,0.4,0.83008,0.75,5.21427e-17,0.0001,3.18406e-12,999999,999999,3,Vietnamese Exclusive Economic Zone,,,SVDNB_npp_d20251028_t1810275_e1811517_b72560_c20251028193205056000_oebc_ops.h5,GDNBO_npp_d20251028_t1810275_e1811517_b72560_c20251028192939737000_oebc_ops.h5,SVI04_npp_d20251028_t1810275_e1811517_b72560_c20251028193214149000_oebc_ops.dspace_rad,,eez_v11.shp,WPP_BFAR_merge.shp,vbd_mpa_r20170830.shp,VNF-VBD_npp_20120301-20151231_global_asia-enhanced_c201607211230.bitmask,vbd_landsea_r20220824.mask,timezone.shp,VBD_platforms-recurring_2015_r20170330.shp,999999,VBD_bridges_c20160811.shp,10.404151;8.502419;6.138182;1.273068;3.487974;5.509554,96.985527;110.863861;124.483452;123.301933;109.736603;96.013321,npp_d20251028_t1806113_e1807355_b72560;npp_d20251028_t1807367_e1809009_b72560;npp_d20251028_t1809021_e1810263_b72560;npp_d20251028_t1810275_e1811517_b72560,159.497,106.863,49.3536,97.6907,117.473,-114.137
345,VBD_npp_d20251028_t1810527_x1034067E_y080115N_l0238_s0975_v23,2025-10-28 20:29:00,8.011528,103.406715,2.87263,2025-10-28 18:10:52,2025-10-29 01:10:52,238,975,0.188313,2,2337,0.197046,0.055,0.697928,0.4,0.736809,0.75,5.08634e-17,0.0001,3.05677e-12,999999,999999,3,Vietnamese Exclusive Economic Zone,,,SVDNB_npp_d20251028_t1810275_e1811517_b72560_c20251028193205056000_oebc_ops.h5,GDNBO_npp_d20251028_t1810275_e1811517_b72560_c20251028192939737000_oebc_ops.h5,SVI04_npp_d20251028_t1810275_e1811517_b72560_c20251028193214149000_oebc_ops.dspace_rad,,eez_v11.shp,WPP_BFAR_merge.shp,vbd_mpa_r20170830.shp,VNF-VBD_npp_20120301-20151231_global_asia-enhanced_c201607211230.bitmask,vbd_landsea_r20220824.mask,timezone.shp,VBD_platforms-recurring_2015_r20170330.shp,999999,VBD_bridges_c20160811.shp,10.404151;8.502419;6.138182;1.273068;3.487974;5.509554,96.985527;110.863861;124.483452;123.301933;109.736603;96.013321,npp_d20251028_t1806113_e1807355_b72560;npp_d20251028_t1807367_e1809009_b72560;npp_d20251028_t1809021_e1810263_b72560;npp_d20251028_t1810275_e1811517_b72560,159.463,106.89,49.2045,97.586,117.493,-114.147
346,VBD_npp_d20251028_t1810509_x1034586E_y081253N_l0220_s0979_v23,2025-10-28 20:29:00,8.125309,103.458588,2.35336,2025-10-28 18:10:50,2025-10-29 01:10:50,220,979,0.13589,2,2337,0.135164,0.055,0.537595,0.4,0.668357,0.75,4.60858e-17,0.0001,3.0338e-12,999999,999999,3,Vietnamese Exclusive Economic Zone,,,SVDNB_npp_d20251028_t1810275_e1811517_b72560_c20251028193205056000_oebc_ops.h5,GDNBO_npp_d20251028_t1810275_e1811517_b72560_c20251028192939737000_oebc_ops.h5,SVI04_npp_d20251028_t1810275_e1811517_b72560_c20251028193214149000_oebc_ops.dspace_rad,,eez_v11.shp,WPP_BFAR_merge.shp,vbd_mpa_r20170830.shp,VNF-VBD_npp_20120301-20151231_global_asia-enhanced_c201607211230.bitmask,vbd_landsea_r20220824.mask,timezone.shp,VBD_platforms-recurring_2015_r20170330.shp,999999,VBD_bridges_c20160811.shp,10.404151;8.502419;6.138182;1.273068;3.487974;5.509554,96.985527;110.863861;124.483452;123.301933;109.736603;96.013321,npp_d20251028_t1806113_e1807355_b72560;npp_d20251028_t1807367_e1809009_b72560;npp_d20251028_t1809021_e1810263_b72560;npp_d20251028_t1810275_e1811517_b72560,159.453,106.571,49.0774,97.6879,117.58,-114.097
347,VBD_npp_d20251028_t1811229_x1030957E_y063107N_l0499_s0983_v23,2025-10-28 20:29:00,6.310652,103.095726,2.02371,2025-10-28 18:11:22,2025-10-29 01:11:22,499,983,0.386982,1,2401,0.145664,0.055,0.784347,0.4,0.810473,0.75,1.26113e-16,0.0001,2.49918e-12,999999,999999,3,Malaysian Exclusive Economic Zone,,,SVDNB_npp_d20251028_t1810275_e1811517_b72560_c20251028193205056000_oebc_ops.h5,GDNBO_npp_d20251028_t1810275_e1811517_b72560_c20251028192939737000_oebc_ops.h5,SVI04_npp_d20251028_t1810275_e1811517_b72560_c20251028193214149000_oebc_ops.dspace_rad,,eez_v11.shp,WPP_BFAR_merge.shp,vbd_mpa_r20170830.shp,VNF-VBD_npp_20120301-20151231_global_asia-enhanced_c201607211230.bitmask,vbd_landsea_r20220824.mask,timezone.shp,VBD_platforms-recurring_2015_r20170330.shp,999999,VBD_bridges_c20160811.shp,10.404151;8.502419;6.138182;1.273068;3.487974;5.509554,96.985527;110.863861;124.483452;123.301933;109.736603;96.013321,npp_d20251028_t1806113_e1807355_b72560;npp_d20251028_t1807367_e1809009_b72560;npp_d20251028_t1809021_e1810263_b72560;npp_d20251028_t1810275_e1811517_b72560,159.08,111.274,48.9575,98.3847,116.623,-114.894
348,VBD_npp_d20251028_t1810527_x1034934E_y080545N_l0230_s0987_v23,2025-10-28 20:29:00,8.054537,103.493393,4.40369,2025-10-28 18:10:52,2025-10-29 01:10:52,230,987,0.194573,1,2401,0.285149,0.055,0.722722,0.4,0.866666,0.75,4.53805e-17,0.0001,2.92482e-12,999999,999999,3,Vietnamese Exclusive Economic Zone,,,SVDNB_npp_d20251028_t1810275_e1811517_b72560_c20251028193205056000_oebc_ops.h5,GDNBO_npp_d20251028_t1810275_e1811517_b72560_c20251028192939737000_oebc_ops.h5,SVI04_npp_d20251028_t1810275_e1811517_b72560_c20251028193214149000_oebc_ops.dspace_rad,,eez_v11.shp,WPP_BFAR_merge.shp,vbd_mpa_r20170830.shp,VNF-VBD_npp_20120301-20151231_global_asia-enhanced_c201607211230.bitmask,vbd_landsea_r20220824.mask,timezone.shp,VBD_platforms-recurring_2015_r20170330.shp,999999,VBD_bridges_c20160811.shp,10.404151;8.502419;6.138182;1.273068;3.487974;5.509554,96.985527;110.863861;124.483452;123.301933;109.736603;96.013321,npp_d20251028_t1806113_e1807355_b72560;npp_d20251028_t1807367_e1809009_b72560;npp_d20251028_t1809021_e1810263_b72560;npp_d20251028_t1810275_e1811517_b72560,159.393,106.726,48.8446,98.0324,117.589,-114.133
349,VBD_npp_d20251028_t1811229_x1031318E_y062848N_l0502_s0989_v23,2025-10-28 20:29:00,6.284776,103.131798,7.35047,2025-10-28 18:11:22,2025-10-29 01:11:22,502,989,0.379584,8,18785,0.453098,0.055,0.817144,0.4,0.915933,0.75,1.21485e-16,0.0001,2.3844e-12,999999,999999,3,Malaysian Exclusive Economic Zone,,,SVDNB_npp_d20251028_t1810275_e1811517_b72560_c20251028193205056000_oebc_ops.h5,GDNBO_npp_d20251028_t1810275_e1811517_b72560_c20251028192939737000_oebc_ops.h5,SVI04_npp_d20251028_t1810275_e1811517_b72560_c20251028193214149000_oebc_ops.dspace_rad,,eez_v11.shp,WPP_BFAR_merge.shp,vbd_mpa_r20170830.shp,VNF-VBD_npp_20120301-20151231_global_asia-enhanced_c201607211230.bitmask,vbd_landsea_r20220824.mask,timezone.shp,VBD_platforms-recurring_2015_r20170330.shp,0.332115,VBD_bridges_c20160811.shp,10.404151;8.502419;6.138182;1.273068;3.487974;5.509554,96.985527;110.863861;124.483452;123.301933;109.736603;96.013321,npp_d20251028_t1806113_e1807355_b72560;npp_d20251028_t1807367_e1809009_b72560;npp_d20251028_t1809021_e1810263_b72560;npp_d20251028_t1810275_e1811517_b72560,159.037,111.307,48.7786,98.2255,116.644,-114.908
350,VBD_npp_d20251028_t1811318_x1030216E_y056960N_l0592_s0991_v23,2025-10-28 20:29:00,5.695973,103.021645,3.28651,2025-10-28 18:11:31,2025-10-29 02:11:31,592,991,0.166049,1,2401,0.216827,0.055,0.653232,0.4,0.810131,0.75,1.45888e-16,0.0001,2.15141e-12,999999,999999,3,Malaysian Exclusive Economic Zone,,,SVDNB_npp_d20251028_t1810275_e1811517_b72560_c20251028193205056000_oebc_ops.h5,GDNBO_npp_d20251028_t1810275_e1811517_b72560_c20251028192939737000_oebc_ops.h5,SVI04_npp_d20251028_t1810275_e1811517_b72560_c20251028193214149000_oebc_ops.dspace_rad,,eez_v11.shp,WPP_BFAR_merge.shp,vbd_mpa_r20170830.shp,VNF-VBD_npp_20120301-20151231_global_asia-enhanced_c201607211230.bitmask,vbd_landsea_r20220824.mask,timezone.shp,VBD_platforms-recurring_2015_r20170330.shp,999999,VBD_bridges_c20160811.shp,10.404151;8.502419;6.138182;1.273068;3.487974;5.509554,96.985527;110.863861;124.483452;123.301933;109.736603;96.013321,npp_d20251028_t1806113_e1807355_b72560;npp_d20251028_t1807367_e1809009_b72560;npp_d20251028_t1809021_e1810263_b72560;npp_d20251028_t1810275_e1811517_b72560,158.883,112.789,48.7284,97.7349,116.331,-115.157
351,VBD_npp_d20251028_t1810527_x1035231E_y080298N_l0233_s0992_v23,2025-10-28 20:29:00,8.029804,103.523064,3.18815,2025-10-28 18:10:52,2025-10-29 01:10:52,233,992,0.119814,1,2401,0.208897,0.055,0.709178,0.4,0.818223,0.75,4.42698e-17,0.0001,2.80018e-12,999999,999999,3,Vietnamese Exclusive Economic Zone,,,SVDNB_npp_d20251028_t1810275_e1811517_b72560_c20251028193205056000_oebc_ops.h5,GDNBO_npp_d20251028_t1810275_e1811517_b72560_c20251028192939737000_oebc_ops.h5,SVI04_npp_d20251028_t1810275_e1811517_b72560_c20251028193214149000_oebc_ops.dspace_rad,,eez_v11.shp,WPP_BFAR_merge.shp,vbd_mpa_r20170830.shp,VNF-VBD_npp_20120301-20151231_global_asia-enhanced_c201607211230.bitmask,vbd_landsea_r20220824.mask,timezone.shp,VBD_platforms-recurring_2015_r20170330.shp,999999,VBD_bridges_c20160811.shp,10.404151;8.502419;6.138182;1.273068;3.487974;5.509554,96.985527;110.863861;124.483452;123.301933;109.736603;96.013321,npp_d20251028_t1806113_e1807355_b72560;npp_d20251028_t1807367_e1809009_b72560;npp_d20251028_t1809021_e1810263_b72560;npp_d20251028_t1810275_e1811517_b72560,159.358,106.771,48.6959,97.8727,117.605,-114.146
352,VBD_npp_d20251028_t1811176_x1033499E_y065471N_l0458_s1013_v23,2025-10-28 20:29:00,6.547115,103.349884,3.63406,2025-10-28 18:11:17,2025-10-29 01:11:17,458,1013,0.228573,8,18785,0.234705,0.055,0.633759,0.4,0.775151,0.75,9.60753e-17,0.0001,2.1105e-12,999999,999999,3,Malaysian Exclusive Economic Zone,,,SVDNB_npp_d20251028_t1810275_e1811517_b72560_c20251028193205056000_oebc_ops.h5,GDNBO_npp_d20251028_t1810275_e1811517_b72560_c20251028192939737000_oebc_ops.h5,SVI04_npp_d20251028_t1810275_e1811517_b72560_c20251028193214149000_oebc_ops.dspace_rad,,eez_v11.shp,WPP_BFAR_merge.shp,vbd_mpa_r20170830.shp,VNF-VBD_npp_20120301-20151231_global_asia-enhanced_c201607211230.bitmask,vbd_landsea_r20220824.mask,timezone.shp,VBD_platforms-recurring_2015_r20170330.shp,0.321031,VBD_bridges_c20160811.shp,10.404151;8.502419;6.138182;1.273068;3.487974;5.509554,96.985527;110.863861;124.483452;123.301933;109.736603;96.013321,npp_d20251028_t1806113_e1807355_b72560;npp_d20251028_t1807367_e1809009_b72560;npp_d20251028_t1809021_e1810263_b72560;npp_d20251028_t1810275_e1811517_b72560,158.949,110.51,48.0589,97.9841,116.93,-114.811
353,VBD_npp_d20251028_t1810456_x1038691E_y084236N_l0167_s1030_v23,2025-10-28 20:29:00,8.423588,103.869064,1.45152,2025-10-28 18:10:45,2025-10-29 01:10:45,167,1030,0.0784158,10,2305,0.0564909,0.055,0.234862,0.4,0.585808,0.75,2.86117e-17,0.0001,2.31572e-12,999999,999999,3,Vietnamese Exclusive Economic Zone,,,SVDNB_npp_d20251028_t1810275_e1811517_b72560_c20251028193205056000_oebc_ops.h5,GDNBO_npp_d20251028_t1810275_e1811517_b72560_c20251028192939737000_oebc_ops.h5,SVI04_npp_d20251028_t1810275_e1811517_b72560_c20251028193214149000_oebc_ops.dspace_rad,,eez_v11.shp,WPP_BFAR_merge.shp,vbd_mpa_r20170830.shp,VNF-VBD_npp_20120301-20151231_global_asia-enhanced_c201607211230.bitmask,vbd_landsea_r20220824.mask,timezone.shp,VBD_platforms-recurring_2015_r20170330.shp,999999,VBD_bridges_c20160811.shp,10.404151;8.502419;6.138182;1.273068;3.487974;5.509554,96.985527;110.863861;124.483452;123.301933;109.736603;96.013321,npp_d20251028_t1806113_e1807355_b72560;npp_d20251028_t1807367_e1809009_b72560;npp_d20251028_t1809021_e1810263_b72560;npp_d20251028_t1810275_e1811517_b72560,159.167,105.587,47.5024,97.9779,118.049,-113.983
354,VBD_npp_d20251028_t1810598_x1037146E_y076020N_l0293_s1033_v23,2025-10-28 20:29:00,7.601989,103.714561,1.67053,2025-10-28 18:10:59,2025-10-29 01:10:59,293,1033,0.211929,10,2305,0.0667497,0.055,0.336462,0.4,0.576155,0.75,4.5261e-17,0.0001,2.11204e-12,999999,999999,3,Vietnamese Exclusive Economic Zone,,,SVDNB_npp_d20251028_t1810275_e1811517_b72560_c20251028193205056000_oebc_ops.h5,GDNBO_npp_d20251028_t1810275_e1811517_b72560_c20251028192939737000_oebc_ops.h5,SVI04_npp_d20251028_t1810275_e1811517_b72560_c20251028193214149000_oebc_ops.dspace_rad,,eez_v11.shp,WPP_BFAR_merge.shp,vbd_mpa_r20170830.shp,VNF-VBD_npp_20120301-20151231_global_asia-enhanced_c201607211230.bitmask,vbd_landsea_r20220824.mask,timezone.shp,VBD_platforms-recurring_2015_r20170330.shp,999999,VBD_bridges_c20160811.shp,10.404151;8.502419;6.138182;1.273068;3.487974;5.509554,96.985527;110.863861;124.483452;123.301933;109.736603;96.013321,npp_d20251028_t1806113_e1807355_b72560;npp_d20251028_t1807367_e1809009_b72560;npp_d20251028_t1809021_e1810263_b72560;npp_d20251028_t1810275_e1811517_b72560,159.022,107.705,47.4079,98.1813,117.628,-114.358
355,VBD_npp_d20251028_t1810580_x1037719E_y076528N_l0284_s1039_v23,2025-10-28 20:29:00,7.652769,103.771873,3.48917,2025-10-28 18:10:58,2025-10-29 01:10:58,284,1039,0.245076,1,2401,0.219181,0.055,0.638948,0.4,0.763895,0.75,4.23383e-17,0.0001,1.99928e-12,999999,999999,3,Vietnamese Exclusive Economic Zone,,,SVDNB_npp_d20251028_t1810275_e1811517_b72560_c20251028193205056000_oebc_ops.h5,GDNBO_npp_d20251028_t1810275_e1811517_b72560_c20251028192939737000_oebc_ops.h5,SVI04_npp_d20251028_t1810275_e1811517_b72560_c20251028193214149000_oebc_ops.dspace_rad,,eez_v11.shp,WPP_BFAR_merge.shp,vbd_mpa_r20170830.shp,VNF-VBD_npp_20120301-20151231_global_asia-enhanced_c201607211230.bitmask,vbd_landsea_r20220824.mask,timezone.shp,VBD_platforms-recurring_2015_r20170330.shp,999999,VBD_bridges_c20160811.shp,10.404151;8.502419;6.138182;1.273068;3.487974;5.509554,96.985527;110.863861;124.483452;123.301933;109.736603;96.013321,npp_d20251028_t1806113_e1807355_b72560;npp_d20251028_t1807367_e1809009_b72560;npp_d20251028_t1809021_e1810263_b72560;npp_d20251028_t1810275_e1811517_b72560,158.99,107.546,47.2084,97.7726,117.694,-114.338
356,VBD_npp_d20251028_t1811034_x1037076E_y073124N_l0336_s1040_v23,2025-10-28 20:29:00,7.312441,103.707649,2.55143,2025-10-28 18:11:03,2025-10-29 01:11:03,336,1040,0.246072,1,2401,0.166446,0.055,0.562754,0.4,0.778775,0.75,5.22513e-17,0.0001,1.90001e-12,999999,999999,3,Vietnamese Exclusive Economic Zone,,,SVDNB_npp_d20251028_t1810275_e1811517_b72560_c20251028193205056000_oebc_ops.h5,GDNBO_npp_d20251028_t1810275_e1811517_b72560_c20251028192939737000_oebc_ops.h5,SVI04_npp_d20251028_t1810275_e1811517_b72560_c20251028193214149000_oebc_ops.dspace_rad,,eez_v11.shp,WPP_BFAR_merge.shp,vbd_mpa_r20170830.shp,VNF-VBD_npp_20120301-20151231_global_asia-enhanced_c201607211230.bitmask,vbd_landsea_r20220824.mask,timezone.shp,VBD_platforms-recurring_2015_r20170330.shp,999999,VBD_bridges_c20160811.shp,10.404151;8.502419;6.138182;1.273068;3.487974;5.509554,96.985527;110.863861;124.483452;123.301933;109.736603;96.013321,npp_d20251028_t1806113_e1807355_b72560;npp_d20251028_t1807367_e1809009_b72560;npp_d20251028_t1809021_e1810263_b72560;npp_d20251028_t1810275_e1811517_b72560,158.924,108.416,47.1801,97.5712,117.516,-114.491
357,VBD_npp_d20251028_t1810456_x1039353E_y083521N_l0176_s1041_v23,2025-10-28 20:29:00,8.352073,103.935272,4.31681,2025-10-28 18:10:45,2025-10-29 01:10:45,176,1041,0.180916,1,2401,0.306082,0.055,0.780195,0.4,0.874756,0.75,2.78312e-17,0.0001,2.08521e-12,999999,999999,3,Vietnamese Exclusive Economic Zone,,,SVDNB_npp_d20251028_t1810275_e1811517_b72560_c20251028193205056000_oebc_ops.h5,GDNBO_npp_d20251028_t1810275_e1811517_b72560_c20251028192939737000_oebc_ops.h5,SVI04_npp_d20251028_t1810275_e1811517_b72560_c20251028193214149000_oebc_ops.dspace_rad,,eez_v11.shp,WPP_BFAR_merge.shp,vbd_mpa_r20170830.shp,VNF-VBD_npp_20120301-20151231_global_asia-enhanced_c201607211230.bitmask,vbd_landsea_r20220824.mask,timezone.shp,VBD_platforms-recurring_2015_r20170330.shp,999999,VBD_bridges_c20160811.shp,10.404151;8.502419;6.138182;1.273068;3.487974;5.509554,96.985527;110.863861;124.483452;123.301933;109.736603;96.013321,npp_d20251028_t1806113_e1807355_b72560;npp_d20251028_t1807367_e1809009_b72560;npp_d20251028_t1809021_e1810263_b72560;npp_d20251028_t1810275_e1811517_b72560,159.084,105.73,47.1481,97.4663,118.08,-114.02
358,VBD_npp_d20251028_t1811016_x1037374E_y074226N_l0319_s1041_v23,2025-10-28 20:29:00,7.422609,103.737389,3.72603,2025-10-28 18:11:01,2025-10-29 01:11:01,319,1041,0.277511,1,2401,0.233891,0.055,0.774723,0.4,0.79142,0.75,4.85666e-17,0.0001,1.91559e-12,999999,999999,3,Vietnamese Exclusive Economic Zone,,,SVDNB_npp_d20251028_t1810275_e1811517_b72560_c20251028193205056000_oebc_ops.h5,GDNBO_npp_d20251028_t1810275_e1811517_b72560_c20251028192939737000_oebc_ops.h5,SVI04_npp_d20251028_t1810275_e1811517_b72560_c20251028193214149000_oebc_ops.dspace_rad,,eez_v11.shp,WPP_BFAR_merge.shp,vbd_mpa_r20170830.shp,VNF-VBD_npp_20120301-20151231_global_asia-enhanced_c201607211230.bitmask,vbd_landsea_r20220824.mask,timezone.shp,VBD_platforms-recurring_2015_r20170330.shp,999999,VBD_bridges_c20160811.shp,10.404151;8.502419;6.138182;1.273068;3.487974;5.509554,96.985527;110.863861;124.483452;123.301933;109.736603;96.013321,npp_d20251028_t1806113_e1807355_b72560;npp_d20251028_t1807367_e1809009_b72560;npp_d20251028_t1809021_e1810263_b72560;npp_d20251028_t1810275_e1811517_b72560,158.938,108.129,47.1484,97.6214,117.581,-114.443
359,VBD_npp_d20251028_t1811034_x1037253E_y073860N_l0325_s1041_v23,2025-10-28 20:29:00,7.386010,103.725288,2.36839,2025-10-28 18:11:03,2025-10-29 01:11:03,325,1041,0.293018,2,2337,0.137269,0.055,0.719059,0.4,0.707033,0.75,4.97669e-17,0.0001,1.97129e-12,999999,999999,3,Vietnamese Exclusive Economic Zone,,,SVDNB_npp_d20251028_t1810275_e1811517_b72560_c20251028193205056000_oebc_ops.h5,GDNBO_npp_d20251028_t1810275_e1811517_b72560_c20251028192939737000_oebc_ops.h5,SVI04_npp_d20251028_t1810275_e1811517_b72560_c20251028193214149000_oebc_ops.dspace_rad,,eez_v11.shp,WPP_BFAR_merge.shp,vbd_mpa_r20170830.shp,VNF-VBD_npp_20120301-20151231_global_asia-enhanced_c201607211230.bitmask,vbd_landsea_r20220824.mask,timezone.shp,VBD_platforms-recurring_2015_r20170330.shp,999999,VBD_bridges_c20160811.shp,10.404151;8.502419;6.138182;1.273068;3.487974;5.509554,96.985527;110.863861;124.483452;123.301933;109.736603;96.013321,npp_d20251028_t1806113_e1807355_b72560;npp_d20251028_t1807367_e1809009_b72560;npp_d20251028_t1809021_e1810263_b72560;npp_d20251028_t1810275_e1811517_b72560,158.931,108.223,47.1453,98.2104,117.562,-114.459
360,VBD_npp_d20251028_t1811051_x1037076E_y073092N_l0337_s1041_v23,2025-10-28 20:29:00,7.309232,103.707581,2.50844,2025-10-28 18:11:05,2025-10-29 01:11:05,337,1041,0.217619,2,2337,0.142796,0.055,0.562754,0.4,0.699692,0.75,5.21674e-17,0.0001,1.9818e-12,999999,999999,3,Vietnamese Exclusive Economic Zone,,,SVDNB_npp_d20251028_t1810275_e1811517_b72560_c20251028193205056000_oebc_ops.h5,GDNBO_npp_d20251028_t1810275_e1811517_b72560_c20251028192939737000_oebc_ops.h5,SVI04_npp_d20251028_t1810275_e1811517_b72560_c20251028193214149000_oebc_ops.dspace_rad,,eez_v11.shp,WPP_BFAR_merge.shp,vbd_mpa_r20170830.shp,VNF-VBD_npp_20120301-20151231_global_asia-enhanced_c201607211230.bitmask,vbd_landsea_r20220824.mask,timezone.shp,VBD_platforms-recurring_2015_r20170330.shp,999999,VBD_bridges_c20160811.shp,10.404151;8.502419;6.138182;1.273068;3.487974;5.509554,96.985527;110.863861;124.483452;123.301933;109.736603;96.013321,npp_d20251028_t1806113_e1807355_b72560;npp_d20251028_t1807367_e1809009_b72560;npp_d20251028_t1809021_e1810263_b72560;npp_d20251028_t1810275_e1811517_b72560,158.916,108.419,47.1432,98.4554,117.521,-114.493
361,VBD_npp_d20251028_t1810545_x1038320E_y078311N_l0256_s1042_v23,2025-10-28 20:29:00,7.831087,103.831978,2.71944,2025-10-28 18:10:54,2025-10-29 01:10:54,256,1042,0.158865,2,2337,0.173135,0.055,0.527806,0.4,0.728131,0.75,3.78388e-17,0.0001,1.97269e-12,999999,999999,3,Vietnamese Exclusive Economic Zone,,,SVDNB_npp_d20251028_t1810275_e1811517_b72560_c20251028193205056000_oebc_ops.h5,GDNBO_npp_d20251028_t1810275_e1811517_b72560_c20251028192939737000_oebc_ops.h5,SVI04_npp_d20251028_t1810275_e1811517_b72560_c20251028193214149000_oebc_ops.dspace_rad,,eez_v11.shp,WPP_BFAR_merge.shp,vbd_mpa_r20170830.shp,VNF-VBD_npp_20120301-20151231_global_asia-enhanced_c201607211230.bitmask,vbd_landsea_r20220824.mask,timezone.shp,VBD_platforms-recurring_2015_r20170330.shp,999999,VBD_bridges_c20160811.shp,10.404151;8.502419;6.138182;1.273068;3.487974;5.509554,96.985527;110.863861;124.483452;123.301933;109.736603;96.013321,npp_d20251028_t1806113_e1807355_b72560;npp_d20251028_t1807367_e1809009_b72560;npp_d20251028_t1809021_e1810263_b72560;npp_d20251028_t1810275_e1811517_b72560,159,107.074,47.1149,97.5218,117.808,-114.259
362,VBD_npp_d20251028_t1810473_x1039303E_y082666N_l0189_s1043_v23,2025-10-28 20:29:00,8.266555,103.930336,3.37008,2025-10-28 18:10:47,2025-10-29 01:10:47,189,1043,0.190874,1,2401,0.233426,0.055,0.711992,0.4,0.787174,0.75,2.8729e-17,0.0001,2.06335e-12,999999,999999,3,Vietnamese Exclusive Economic Zone,,,SVDNB_npp_d20251028_t1810275_e1811517_b72560_c20251028193205056000_oebc_ops.h5,GDNBO_npp_d20251028_t1810275_e1811517_b72560_c20251028192939737000_oebc_ops.h5,SVI04_npp_d20251028_t1810275_e1811517_b72560_c20251028193214149000_oebc_ops.dspace_rad,,eez_v11.shp,WPP_BFAR_merge.shp,vbd_mpa_r20170830.shp,VNF-VBD_npp_20120301-20151231_global_asia-enhanced_c201607211230.bitmask,vbd_landsea_r20220824.mask,timezone.shp,VBD_platforms-recurring_2015_r20170330.shp,999999,VBD_bridges_c20160811.shp,10.404151;8.502419;6.138182;1.273068;3.487974;5.509554,96.985527;110.863861;124.483452;123.301933;109.736603;96.013321,npp_d20251028_t1806113_e1807355_b72560;npp_d20251028_t1807367_e1809009_b72560;npp_d20251028_t1809021_e1810263_b72560;npp_d20251028_t1810275_e1811517_b72560,159.059,105.944,47.0794,97.6542,118.047,-114.061
363,VBD_npp_d20251028_t1811247_x1034682E_y061152N_l0520_s1043_v23,2025-10-28 20:29:00,6.115196,103.468201,4.20665,2025-10-28 18:11:24,2025-10-29 02:11:24,520,1043,0.366567,1,2401,0.270871,0.055,0.72071,0.4,0.848475,0.75,9.56751e-17,0.0001,1.71047e-12,999999,999999,3,Malaysian Exclusive Economic Zone,,,SVDNB_npp_d20251028_t1810275_e1811517_b72560_c20251028193205056000_oebc_ops.h5,GDNBO_npp_d20251028_t1810275_e1811517_b72560_c20251028192939737000_oebc_ops.h5,SVI04_npp_d20251028_t1810275_e1811517_b72560_c20251028193214149000_oebc_ops.dspace_rad,,eez_v11.shp,WPP_BFAR_merge.shp,vbd_mpa_r20170830.shp,VNF-VBD_npp_20120301-20151231_global_asia-enhanced_c201607211230.bitmask,vbd_landsea_r20220824.mask,timezone.shp,VBD_platforms-recurring_2015_r20170330.shp,999999,VBD_bridges_c20160811.shp,10.404151;8.502419;6.138182;1.273068;3.487974;5.509554,96.985527;110.863861;124.483452;123.301933;109.736603;96.013321,npp_d20251028_t1806113_e1807355_b72560;npp_d20251028_t1807367_e1809009_b72560;npp_d20251028_t1809021_e1810263_b72560;npp_d20251028_t1810275_e1811517_b72560,158.657,111.431,47.0826,98.165,116.881,-115.016
364,VBD_npp_d20251028_t1810527_x1038767E_y080008N_l0230_s1044_v23,2025-10-28 20:29:00,8.000824,103.876740,2.45635,2025-10-28 18:10:52,2025-10-29 01:10:52,230,1044,0.238745,1,2401,0.165118,0.055,0.606653,0.4,0.778819,0.75,3.39214e-17,0.0001,2.04873e-12,999999,999999,3,Vietnamese Exclusive Economic Zone,,,SVDNB_npp_d20251028_t1810275_e1811517_b72560_c20251028193205056000_oebc_ops.h5,GDNBO_npp_d20251028_t1810275_e1811517_b72560_c20251028192939737000_oebc_ops.h5,SVI04_npp_d20251028_t1810275_e1811517_b72560_c20251028193214149000_oebc_ops.dspace_rad,,eez_v11.shp,WPP_BFAR_merge.shp,vbd_mpa_r20170830.shp,VNF-VBD_npp_20120301-20151231_global_asia-enhanced_c201607211230.bitmask,vbd_landsea_r20220824.mask,timezone.shp,VBD_platforms-recurring_2015_r20170330.shp,999999,VBD_bridges_c20160811.shp,10.404151;8.502419;6.138182;1.273068;3.487974;5.509554,96.985527;110.863861;124.483452;123.301933;109.736603;96.013321,npp_d20251028_t1806113_e1807355_b72560;npp_d20251028_t1807367_e1809009_b72560;npp_d20251028_t1809021_e1810263_b72560;npp_d20251028_t1810275_e1811517_b72560,159.014,106.628,47.0507,98.0924,117.911,-114.183
365,VBD_npp_d20251028_t1811034_x1037416E_y073560N_l0329_s1044_v23,2025-10-28 20:29:00,7.356041,103.741608,1.80331,2025-10-28 18:11:03,2025-10-29 01:11:03,329,1044,0.20638,2,2337,0.0918432,0.055,0.72094,0.4,0.660356,0.75,4.97383e-17,0.0001,1.90671e-12,999999,999999,3,Vietnamese Exclusive Economic Zone,,,SVDNB_npp_d20251028_t1810275_e1811517_b72560_c20251028193205056000_oebc_ops.h5,GDNBO_npp_d20251028_t1810275_e1811517_b72560_c20251028192939737000_oebc_ops.h5,SVI04_npp_d20251028_t1810275_e1811517_b72560_c20251028193214149000_oebc_ops.dspace_rad,,eez_v11.shp,WPP_BFAR_merge.shp,vbd_mpa_r20170830.shp,VNF-VBD_npp_20120301-20151231_global_asia-enhanced_c201607211230.bitmask,vbd_landsea_r20220824.mask,timezone.shp,VBD_platforms-recurring_2015_r20170330.shp,999999,VBD_bridges_c20160811.shp,10.404151;8.502419;6.138182;1.273068;3.487974;5.509554,96.985527;110.863861;124.483452;123.301933;109.736603;96.013321,npp_d20251028_t1806113_e1807355_b72560;npp_d20251028_t1807367_e1809009_b72560;npp_d20251028_t1809021_e1810263_b72560;npp_d20251028_t1810275_e1811517_b72560,158.906,108.285,47.0485,97.9806,117.564,-114.474
366,VBD_npp_d20251028_t1811016_x1037684E_y074459N_l0315_s1045_v23,2025-10-28 20:29:00,7.445901,103.768356,7.72979,2025-10-28 18:11:01,2025-10-29 01:11:01,315,1045,0.319977,1,2401,0.446295,0.055,0.830656,0.4,0.916735,0.75,4.67226e-17,0.0001,1.90015e-12,999999,999999,3,Vietnamese Exclusive Economic Zone,,,SVDNB_npp_d20251028_t1810275_e1811517_b72560_c20251028193205056000_oebc_ops.h5,GDNBO_npp_d20251028_t1810275_e1811517_b72560_c20251028192939737000_oebc_ops.h5,SVI04_npp_d20251028_t1810275_e1811517_b72560_c20251028193214149000_oebc_ops.dspace_rad,,eez_v11.shp,WPP_BFAR_merge.shp,vbd_mpa_r20170830.shp,VNF-VBD_npp_20120301-20151231_global_asia-enhanced_c201607211230.bitmask,vbd_landsea_r20220824.mask,timezone.shp,VBD_platforms-recurring_2015_r20170330.shp,999999,VBD_bridges_c20160811.shp,10.404151;8.502419;6.138182;1.273068;3.487974;5.509554,96.985527;110.863861;124.483452;123.301933;109.736603;96.013321,npp_d20251028_t1806113_e1807355_b72560;npp_d20251028_t1807367_e1809009_b72560;npp_d20251028_t1809021_e1810263_b72560;npp_d20251028_t1810275_e1811517_b72560,158.916,108.051,47.0175,97.8566,117.619,-114.434
367,VBD_npp_d20251028_t1810580_x1038326E_y076443N_l0284_s1048_v23,2025-10-28 20:29:00,7.644277,103.832603,1.52075,2025-10-28 18:10:58,2025-10-29 01:10:58,284,1048,0.242373,10,2305,0.0615672,0.055,0.380165,0.4,0.556597,0.75,4.02789e-17,0.0001,1.89525e-12,999999,999999,3,Vietnamese Exclusive Economic Zone,,,SVDNB_npp_d20251028_t1810275_e1811517_b72560_c20251028193205056000_oebc_ops.h5,GDNBO_npp_d20251028_t1810275_e1811517_b72560_c20251028192939737000_oebc_ops.h5,SVI04_npp_d20251028_t1810275_e1811517_b72560_c20251028193214149000_oebc_ops.dspace_rad,,eez_v11.shp,WPP_BFAR_merge.shp,vbd_mpa_r20170830.shp,VNF-VBD_npp_20120301-20151231_global_asia-enhanced_c201607211230.bitmask,vbd_landsea_r20220824.mask,timezone.shp,VBD_platforms-recurring_2015_r20170330.shp,999999,VBD_bridges_c20160811.shp,10.404151;8.502419;6.138182;1.273068;3.487974;5.509554,96.985527;110.863861;124.483452;123.301933;109.736603;96.013321,npp_d20251028_t1806113_e1807355_b72560;npp_d20251028_t1807367_e1809009_b72560;npp_d20251028_t1809021_e1810263_b72560;npp_d20251028_t1810275_e1811517_b72560,158.93,107.528,46.917,97.7793,117.745,-114.347
368,VBD_npp_d20251028_t1811016_x1037903E_y074084N_l0320_s1049_v23,2025-10-28 20:29:00,7.408381,103.790291,3.07041,2025-10-28 18:11:01,2025-10-29 01:11:01,320,1049,0.262005,1,2401,0.196517,0.055,0.846945,0.4,0.754753,0.75,4.66352e-17,0.0001,1.82081e-12,999999,999999,3,Vietnamese Exclusive Economic Zone,,,SVDNB_npp_d20251028_t1810275_e1811517_b72560_c20251028193205056000_oebc_ops.h5,GDNBO_npp_d20251028_t1810275_e1811517_b72560_c20251028192939737000_oebc_ops.h5,SVI04_npp_d20251028_t1810275_e1811517_b72560_c20251028193214149000_oebc_ops.dspace_rad,,eez_v11.shp,WPP_BFAR_merge.shp,vbd_mpa_r20170830.shp,VNF-VBD_npp_20120301-20151231_global_asia-enhanced_c201607211230.bitmask,vbd_landsea_r20220824.mask,timezone.shp,VBD_platforms-recurring_2015_r20170330.shp,999999,VBD_bridges_c20160811.shp,10.404151;8.502419;6.138182;1.273068;3.487974;5.509554,96.985527;110.863861;124.483452;123.301933;109.736603;96.013321,npp_d20251028_t1806113_e1807355_b72560;npp_d20251028_t1807367_e1809009_b72560;npp_d20251028_t1809021_e1810263_b72560;npp_d20251028_t1810275_e1811517_b72560,158.884,108.129,46.8899,97.5682,117.623,-114.453
369,VBD_npp_d20251028_t1810598_x1038187E_y075113N_l0304_s1050_v23,2025-10-28 20:29:00,7.511312,103.818687,4.27206,2025-10-28 18:10:59,2025-10-29 01:10:59,304,1050,0.243297,1,2401,0.232524,0.055,0.657532,0.4,0.766159,0.75,4.33254e-17,0.0001,1.82831e-12,999999,999999,3,Vietnamese Exclusive Economic Zone,,,SVDNB_npp_d20251028_t1810275_e1811517_b72560_c20251028193205056000_oebc_ops.h5,GDNBO_npp_d20251028_t1810275_e1811517_b72560_c20251028192939737000_oebc_ops.h5,SVI04_npp_d20251028_t1810275_e1811517_b72560_c20251028193214149000_oebc_ops.dspace_rad,,eez_v11.shp,WPP_BFAR_merge.shp,vbd_mpa_r20170830.shp,VNF-VBD_npp_20120301-20151231_global_asia-enhanced_c201607211230.bitmask,vbd_landsea_r20220824.mask,timezone.shp,VBD_platforms-recurring_2015_r20170330.shp,999999,VBD_bridges_c20160811.shp,10.404151;8.502419;6.138182;1.273068;3.487974;5.509554,96.985527;110.863861;124.483452;123.301933;109.736603;96.013321,npp_d20251028_t1806113_e1807355_b72560;npp_d20251028_t1807367_e1809009_b72560;npp_d20251028_t1809021_e1810263_b72560;npp_d20251028_t1810275_e1811517_b72560,158.896,107.861,46.8596,97.556,117.684,-114.408
370,VBD_npp_d20251028_t1811016_x1038098E_y074951N_l0307_s1050_v23,2025-10-28 20:29:00,7.495128,103.809792,1.72256,2025-10-28 18:11:01,2025-10-29 01:11:01,307,1050,0.226511,2,2337,0.0558701,0.055,0.728421,0.4,0.500611,0.75,4.3896e-17,0.0001,1.9036e-12,999999,999999,3,Vietnamese Exclusive Economic Zone,,,SVDNB_npp_d20251028_t1810275_e1811517_b72560_c20251028193205056000_oebc_ops.h5,GDNBO_npp_d20251028_t1810275_e1811517_b72560_c20251028192939737000_oebc_ops.h5,SVI04_npp_d20251028_t1810275_e1811517_b72560_c20251028193214149000_oebc_ops.dspace_rad,,eez_v11.shp,WPP_BFAR_merge.shp,vbd_mpa_r20170830.shp,VNF-VBD_npp_20120301-20151231_global_asia-enhanced_c201607211230.bitmask,vbd_landsea_r20220824.mask,timezone.shp,VBD_platforms-recurring_2015_r20170330.shp,999999,VBD_bridges_c20160811.shp,10.404151;8.502419;6.138182;1.273068;3.487974;5.509554,96.985527;110.863861;124.483452;123.301933;109.736603;96.013321,npp_d20251028_t1806113_e1807355_b72560;npp_d20251028_t1807367_e1809009_b72560;npp_d20251028_t1809021_e1810263_b72560;npp_d20251028_t1810275_e1811517_b72560,158.892,107.902,46.8551,98.3271,117.676,-114.415
371,VBD_npp_d20251028_t1811016_x1038009E_y074344N_l0316_s1050_v23,2025-10-28 20:29:00,7.434429,103.800949,6.1101,2025-10-28 18:11:01,2025-10-29 01:11:01,316,1050,0.304043,1,2401,0.365896,0.055,0.84351,0.4,0.85971,0.75,4.56079e-17,0.0001,1.83836e-12,999999,999999,3,Vietnamese Exclusive Economic Zone,,,SVDNB_npp_d20251028_t1810275_e1811517_b72560_c20251028193205056000_oebc_ops.h5,GDNBO_npp_d20251028_t1810275_e1811517_b72560_c20251028192939737000_oebc_ops.h5,SVI04_npp_d20251028_t1810275_e1811517_b72560_c20251028193214149000_oebc_ops.dspace_rad,,eez_v11.shp,WPP_BFAR_merge.shp,vbd_mpa_r20170830.shp,VNF-VBD_npp_20120301-20151231_global_asia-enhanced_c201607211230.bitmask,vbd_landsea_r20220824.mask,timezone.shp,VBD_platforms-recurring_2015_r20170330.shp,999999,VBD_bridges_c20160811.shp,10.404151;8.502419;6.138182;1.273068;3.487974;5.509554,96.985527;110.863861;124.483452;123.301933;109.736603;96.013321,npp_d20251028_t1806113_e1807355_b72560;npp_d20251028_t1807367_e1809009_b72560;npp_d20251028_t1809021_e1810263_b72560;npp_d20251028_t1810275_e1811517_b72560,158.882,108.057,46.8561,97.8021,117.643,-114.442
372,VBD_npp_d20251028_t1811034_x1037898E_y074043N_l0321_s1050_v23,2025-10-28 20:29:00,7.404272,103.789764,3.32881,2025-10-28 18:11:03,2025-10-29 01:11:03,321,1050,0.257666,1,2401,0.184143,0.055,0.846945,0.4,0.75634,0.75,4.6559e-17,0.0001,1.89902e-12,999999,999999,3,Vietnamese Exclusive Economic Zone,,,SVDNB_npp_d20251028_t1810275_e1811517_b72560_c20251028193205056000_oebc_ops.h5,GDNBO_npp_d20251028_t1810275_e1811517_b72560_c20251028192939737000_oebc_ops.h5,SVI04_npp_d20251028_t1810275_e1811517_b72560_c20251028193214149000_oebc_ops.dspace_rad,,eez_v11.shp,WPP_BFAR_merge.shp,vbd_mpa_r20170830.shp,VNF-VBD_npp_20120301-20151231_global_asia-enhanced_c201607211230.bitmask,vbd_landsea_r20220824.mask,timezone.shp,VBD_platforms-recurring_2015_r20170330.shp,999999,VBD_bridges_c20160811.shp,10.404151;8.502419;6.138182;1.273068;3.487974;5.509554,96.985527;110.863861;124.483452;123.301933;109.736603;96.013321,npp_d20251028_t1806113_e1807355_b72560;npp_d20251028_t1807367_e1809009_b72560;npp_d20251028_t1809021_e1810263_b72560;npp_d20251028_t1810275_e1811517_b72560,158.876,108.134,46.8542,98.4522,117.627,-114.456
373,VBD_npp_d20251028_t1811247_x1035181E_y061286N_l0517_s1050_v23,2025-10-28 20:29:00,6.128617,103.518105,3.41903,2025-10-28 18:11:24,2025-10-29 02:11:24,517,1050,0.374036,8,18785,0.222253,0.055,0.704259,0.4,0.785132,0.75,9.14954e-17,0.0001,1.66316e-12,999999,999999,3,Malaysian Exclusive Economic Zone,,,SVDNB_npp_d20251028_t1810275_e1811517_b72560_c20251028193205056000_oebc_ops.h5,GDNBO_npp_d20251028_t1810275_e1811517_b72560_c20251028192939737000_oebc_ops.h5,SVI04_npp_d20251028_t1810275_e1811517_b72560_c20251028193214149000_oebc_ops.dspace_rad,,eez_v11.shp,WPP_BFAR_merge.shp,vbd_mpa_r20170830.shp,VNF-VBD_npp_20120301-20151231_global_asia-enhanced_c201607211230.bitmask,vbd_landsea_r20220824.mask,timezone.shp,VBD_platforms-recurring_2015_r20170330.shp,0.432532,VBD_bridges_c20160811.shp,10.404151;8.502419;6.138182;1.273068;3.487974;5.509554,96.985527;110.863861;124.483452;123.301933;109.736603;96.013321,npp_d20251028_t1806113_e1807355_b72560;npp_d20251028_t1807367_e1809009_b72560;npp_d20251028_t1809021_e1810263_b72560;npp_d20251028_t1810275_e1811517_b72560,158.616,111.358,46.8559,98.3448,116.931,-115.015
374,VBD_npp_d20251028_t1811034_x1037982E_y073686N_l0326_s1052_v23,2025-10-28 20:29:00,7.368630,103.798233,7.84604,2025-10-28 18:11:03,2025-10-29 01:11:03,326,1052,0.306462,1,2401,0.440929,0.055,0.842927,0.4,0.873205,0.75,4.69641e-17,0.0001,1.84111e-12,999999,999999,3,Vietnamese Exclusive Economic Zone,,,SVDNB_npp_d20251028_t1810275_e1811517_b72560_c20251028193205056000_oebc_ops.h5,GDNBO_npp_d20251028_t1810275_e1811517_b72560_c20251028192939737000_oebc_ops.h5,SVI04_npp_d20251028_t1810275_e1811517_b72560_c20251028193214149000_oebc_ops.dspace_rad,,eez_v11.shp,WPP_BFAR_merge.shp,vbd_mpa_r20170830.shp,VNF-VBD_npp_20120301-20151231_global_asia-enhanced_c201607211230.bitmask,vbd_landsea_r20220824.mask,timezone.shp,VBD_platforms-recurring_2015_r20170330.shp,999999,VBD_bridges_c20160811.shp,10.404151;8.502419;6.138182;1.273068;3.487974;5.509554,96.985527;110.863861;124.483452;123.301933;109.736603;96.013321,npp_d20251028_t1806113_e1807355_b72560;npp_d20251028_t1807367_e1809009_b72560;npp_d20251028_t1809021_e1810263_b72560;npp_d20251028_t1810275_e1811517_b72560,158.857,108.216,46.7894,98.1623,117.62,-114.473
375,VBD_npp_d20251028_t1811247_x1035411E_y061459N_l0514_s1053_v23,2025-10-28 20:29:00,6.145884,103.541084,1.75691,2025-10-28 18:11:24,2025-10-29 02:11:24,514,1053,0.179066,8,18721,0.0896201,0.055,0.674805,0.4,0.661087,0.75,8.94441e-17,0.0001,1.65405e-12,999999,999999,3,Malaysian Exclusive Economic Zone,,,SVDNB_npp_d20251028_t1810275_e1811517_b72560_c20251028193205056000_oebc_ops.h5,GDNBO_npp_d20251028_t1810275_e1811517_b72560_c20251028192939737000_oebc_ops.h5,SVI04_npp_d20251028_t1810275_e1811517_b72560_c20251028193214149000_oebc_ops.dspace_rad,,eez_v11.shp,WPP_BFAR_merge.shp,vbd_mpa_r20170830.shp,VNF-VBD_npp_20120301-20151231_global_asia-enhanced_c201607211230.bitmask,vbd_landsea_r20220824.mask,timezone.shp,VBD_platforms-recurring_2015_r20170330.shp,0.0646473,VBD_bridges_c20160811.shp,10.404151;8.502419;6.138182;1.273068;3.487974;5.509554,96.985527;110.863861;124.483452;123.301933;109.736603;96.013321,npp_d20251028_t1806113_e1807355_b72560;npp_d20251028_t1807367_e1809009_b72560;npp_d20251028_t1809021_e1810263_b72560;npp_d20251028_t1810275_e1811517_b72560,158.601,111.298,46.759,98.5223,116.959,-115.01
376,VBD_npp_d20251028_t1810598_x1038684E_y075250N_l0301_s1057_v23,2025-10-28 20:29:00,7.525016,103.868370,1.68351,2025-10-28 18:10:59,2025-10-29 01:10:59,301,1057,0.203535,2,2337,0.0575754,0.055,0.548632,0.4,0.430994,0.75,4.1035e-17,0.0001,1.77639e-12,999999,999999,3,Vietnamese Exclusive Economic Zone,,,SVDNB_npp_d20251028_t1810275_e1811517_b72560_c20251028193205056000_oebc_ops.h5,GDNBO_npp_d20251028_t1810275_e1811517_b72560_c20251028192939737000_oebc_ops.h5,SVI04_npp_d20251028_t1810275_e1811517_b72560_c20251028193214149000_oebc_ops.dspace_rad,,eez_v11.shp,WPP_BFAR_merge.shp,vbd_mpa_r20170830.shp,VNF-VBD_npp_20120301-20151231_global_asia-enhanced_c201607211230.bitmask,vbd_landsea_r20220824.mask,timezone.shp,VBD_platforms-recurring_2015_r20170330.shp,999999,VBD_bridges_c20160811.shp,10.404151;8.502419;6.138182;1.273068;3.487974;5.509554,96.985527;110.863861;124.483452;123.301933;109.736603;96.013321,npp_d20251028_t1806113_e1807355_b72560;npp_d20251028_t1807367_e1809009_b72560;npp_d20251028_t1809021_e1810263_b72560;npp_d20251028_t1810275_e1811517_b72560,158.853,107.795,46.6324,97.7358,117.734,-114.405
377,VBD_npp_d20251028_t1811016_x1038555E_y074816N_l0308_s1057_v23,2025-10-28 20:29:00,7.481642,103.855507,1.96077,2025-10-28 18:11:01,2025-10-29 01:11:01,308,1057,0.17743,2,2337,0.0872986,0.055,0.613121,0.4,0.614964,0.75,4.2313e-17,0.0001,1.82098e-12,999999,999999,3,Vietnamese Exclusive Economic Zone,,,SVDNB_npp_d20251028_t1810275_e1811517_b72560_c20251028193205056000_oebc_ops.h5,GDNBO_npp_d20251028_t1810275_e1811517_b72560_c20251028192939737000_oebc_ops.h5,SVI04_npp_d20251028_t1810275_e1811517_b72560_c20251028193214149000_oebc_ops.dspace_rad,,eez_v11.shp,WPP_BFAR_merge.shp,vbd_mpa_r20170830.shp,VNF-VBD_npp_20120301-20151231_global_asia-enhanced_c201607211230.bitmask,vbd_landsea_r20220824.mask,timezone.shp,VBD_platforms-recurring_2015_r20170330.shp,999999,VBD_bridges_c20160811.shp,10.404151;8.502419;6.138182;1.273068;3.487974;5.509554,96.985527;110.863861;124.483452;123.301933;109.736603;96.013321,npp_d20251028_t1806113_e1807355_b72560;npp_d20251028_t1807367_e1809009_b72560;npp_d20251028_t1809021_e1810263_b72560;npp_d20251028_t1810275_e1811517_b72560,158.845,107.905,46.6289,98.2756,117.712,-114.425
378,VBD_npp_d20251028_t1811034_x1038402E_y073763N_l0324_s1058_v23,2025-10-28 20:29:00,7.376328,103.840157,4.40497,2025-10-28 18:11:03,2025-10-29 01:11:03,324,1058,0.243155,1,2401,0.271332,0.055,0.826086,0.4,0.808572,0.75,4.49632e-17,0.0001,1.79257e-12,999999,999999,3,Vietnamese Exclusive Economic Zone,,,SVDNB_npp_d20251028_t1810275_e1811517_b72560_c20251028193205056000_oebc_ops.h5,GDNBO_npp_d20251028_t1810275_e1811517_b72560_c20251028192939737000_oebc_ops.h5,SVI04_npp_d20251028_t1810275_e1811517_b72560_c20251028193214149000_oebc_ops.dspace_rad,,eez_v11.shp,WPP_BFAR_merge.shp,vbd_mpa_r20170830.shp,VNF-VBD_npp_20120301-20151231_global_asia-enhanced_c201607211230.bitmask,vbd_landsea_r20220824.mask,timezone.shp,VBD_platforms-recurring_2015_r20170330.shp,999999,VBD_bridges_c20160811.shp,10.404151;8.502419;6.138182;1.273068;3.487974;5.509554,96.985527;110.863861;124.483452;123.301933;109.736603;96.013321,npp_d20251028_t1806113_e1807355_b72560;npp_d20251028_t1807367_e1809009_b72560;npp_d20251028_t1809021_e1810263_b72560;npp_d20251028_t1810275_e1811517_b72560,158.82,108.169,46.5955,98.2848,117.661,-114.473
379,VBD_npp_d20251028_t1811051_x1038086E_y072053N_l0350_s1058_v23,2025-10-28 20:29:00,7.205255,103.808647,42.1743,2025-10-28 18:11:05,2025-10-29 01:11:05,350,1058,0.294583,4,100709,0.993033,0.055,0.876289,0.4,0.960431,0.75,4.96815e-17,0.0001,1.70852e-12,999999,999999,3,Vietnamese Exclusive Economic Zone,,,SVDNB_npp_d20251028_t1810275_e1811517_b72560_c20251028193205056000_oebc_ops.h5,GDNBO_npp_d20251028_t1810275_e1811517_b72560_c20251028192939737000_oebc_ops.h5,SVI04_npp_d20251028_t1810275_e1811517_b72560_c20251028193214149000_oebc_ops.dspace_rad,,eez_v11.shp,WPP_BFAR_merge.shp,vbd_mpa_r20170830.shp,VNF-VBD_npp_20120301-20151231_global_asia-enhanced_c201607211230.bitmask,vbd_landsea_r20220824.mask,timezone.shp,VBD_platforms-recurring_2015_r20170330.shp,999999,VBD_bridges_c20160811.shp,10.404151;8.502419;6.138182;1.273068;3.487974;5.509554,96.985527;110.863861;124.483452;123.301933;109.736603;96.013321,npp_d20251028_t1806113_e1807355_b72560;npp_d20251028_t1807367_e1809009_b72560;npp_d20251028_t1809021_e1810263_b72560;npp_d20251028_t1810275_e1811517_b72560,158.788,108.604,46.5949,97.7115,117.569,-114.549
380,VBD_npp_d20251028_t1811034_x1038380E_y073149N_l0333_s1059_v23,2025-10-28 20:29:00,7.314929,103.837982,7.67554,2025-10-28 18:11:03,2025-10-29 01:11:03,333,1059,0.291382,1,2401,0.445475,0.055,0.823779,0.4,0.889475,0.75,4.63158e-17,0.0001,1.72212e-12,999999,999999,3,Vietnamese Exclusive Economic Zone,,,SVDNB_npp_d20251028_t1810275_e1811517_b72560_c20251028193205056000_oebc_ops.h5,GDNBO_npp_d20251028_t1810275_e1811517_b72560_c20251028192939737000_oebc_ops.h5,SVI04_npp_d20251028_t1810275_e1811517_b72560_c20251028193214149000_oebc_ops.dspace_rad,,eez_v11.shp,WPP_BFAR_merge.shp,vbd_mpa_r20170830.shp,VNF-VBD_npp_20120301-20151231_global_asia-enhanced_c201607211230.bitmask,vbd_landsea_r20220824.mask,timezone.shp,VBD_platforms-recurring_2015_r20170330.shp,999999,VBD_bridges_c20160811.shp,10.404151;8.502419;6.138182;1.273068;3.487974;5.509554,96.985527;110.863861;124.483452;123.301933;109.736603;96.013321,npp_d20251028_t1806113_e1807355_b72560;npp_d20251028_t1807367_e1809009_b72560;npp_d20251028_t1809021_e1810263_b72560;npp_d20251028_t1810275_e1811517_b72560,158.803,108.321,46.5646,97.7582,117.634,-114.501
381,VBD_npp_d20251028_t1811247_x1035819E_y061467N_l0513_s1059_v23,2025-10-28 20:29:00,6.146701,103.581856,4.06138,2025-10-28 18:11:24,2025-10-29 02:11:24,513,1059,0.267767,1,2401,0.259574,0.055,0.740779,0.4,0.844825,0.75,8.61561e-17,0.0001,1.60635e-12,999999,999999,3,Malaysian Exclusive Economic Zone,,,SVDNB_npp_d20251028_t1810275_e1811517_b72560_c20251028193205056000_oebc_ops.h5,GDNBO_npp_d20251028_t1810275_e1811517_b72560_c20251028192939737000_oebc_ops.h5,SVI04_npp_d20251028_t1810275_e1811517_b72560_c20251028193214149000_oebc_ops.dspace_rad,,eez_v11.shp,WPP_BFAR_merge.shp,vbd_mpa_r20170830.shp,VNF-VBD_npp_20120301-20151231_global_asia-enhanced_c201607211230.bitmask,vbd_landsea_r20220824.mask,timezone.shp,VBD_platforms-recurring_2015_r20170330.shp,999999,VBD_bridges_c20160811.shp,10.404151;8.502419;6.138182;1.273068;3.487974;5.509554,96.985527;110.863861;124.483452;123.301933;109.736603;96.013321,npp_d20251028_t1806113_e1807355_b72560;npp_d20251028_t1807367_e1809009_b72560;npp_d20251028_t1809021_e1810263_b72560;npp_d20251028_t1810275_e1811517_b72560,158.563,111.263,46.5655,98.5862,116.996,-115.013
382,VBD_npp_d20251028_t1811069_x1038116E_y071796N_l0354_s1060_v23,2025-10-28 20:29:00,7.179573,103.811569,3.4289,2025-10-28 18:11:06,2025-10-29 01:11:06,354,1060,0.197987,7,117025,0.207383,0.055,0.867822,0.4,0.742951,0.75,4.98002e-17,0.0001,1.75093e-12,999999,999999,3,,,,SVDNB_npp_d20251028_t1810275_e1811517_b72560_c20251028193205056000_oebc_ops.h5,GDNBO_npp_d20251028_t1810275_e1811517_b72560_c20251028192939737000_oebc_ops.h5,SVI04_npp_d20251028_t1810275_e1811517_b72560_c20251028193214149000_oebc_ops.dspace_rad,,eez_v11.shp,WPP_BFAR_merge.shp,vbd_mpa_r20170830.shp,VNF-VBD_npp_20120301-20151231_global_asia-enhanced_c201607211230.bitmask,vbd_landsea_r20220824.mask,timezone.shp,VBD_platforms-recurring_2015_r20170330.shp,0.549582,VBD_bridges_c20160811.shp,10.404151;8.502419;6.138182;1.273068;3.487974;5.509554,96.985527;110.863861;124.483452;123.301933;109.736603;96.013321,npp_d20251028_t1806113_e1807355_b72560;npp_d20251028_t1807367_e1809009_b72560;npp_d20251028_t1809021_e1810263_b72560;npp_d20251028_t1810275_e1811517_b72560,158.77,108.66,46.5281,98.4246,117.567,-114.562
383,VBD_npp_d20251028_t1811229_x1036037E_y061481N_l0512_s1061_v23,2025-10-28 20:29:00,6.148123,103.603714,1.50768,2025-10-28 18:11:22,2025-10-29 02:11:22,512,1061,0.267553,8,18721,0.0685836,0.055,0.740779,0.4,0.536168,0.75,8.49617e-17,0.0001,1.51694e-12,999999,999999,3,Malaysian Exclusive Economic Zone,,,SVDNB_npp_d20251028_t1810275_e1811517_b72560_c20251028193205056000_oebc_ops.h5,GDNBO_npp_d20251028_t1810275_e1811517_b72560_c20251028192939737000_oebc_ops.h5,SVI04_npp_d20251028_t1810275_e1811517_b72560_c20251028193214149000_oebc_ops.dspace_rad,,eez_v11.shp,WPP_BFAR_merge.shp,vbd_mpa_r20170830.shp,VNF-VBD_npp_20120301-20151231_global_asia-enhanced_c201607211230.bitmask,vbd_landsea_r20220824.mask,timezone.shp,VBD_platforms-recurring_2015_r20170330.shp,0.483128,VBD_bridges_c20160811.shp,10.404151;8.502419;6.138182;1.273068;3.487974;5.509554,96.985527;110.863861;124.483452;123.301933;109.736603;96.013321,npp_d20251028_t1806113_e1807355_b72560;npp_d20251028_t1807367_e1809009_b72560;npp_d20251028_t1809021_e1810263_b72560;npp_d20251028_t1810275_e1811517_b72560,158.55,111.248,46.4978,97.6984,117.009,-115.014
384,VBD_npp_d20251028_t1811016_x1038906E_y074903N_l0306_s1062_v23,2025-10-28 20:29:00,7.490267,103.890610,2.71389,2025-10-28 18:11:01,2025-10-29 01:11:01,306,1062,0.167258,2,2337,0.142164,0.055,0.575662,0.4,0.715448,0.75,4.06922e-17,0.0001,1.7835e-12,999999,999999,3,Vietnamese Exclusive Economic Zone,,,SVDNB_npp_d20251028_t1810275_e1811517_b72560_c20251028193205056000_oebc_ops.h5,GDNBO_npp_d20251028_t1810275_e1811517_b72560_c20251028192939737000_oebc_ops.h5,SVI04_npp_d20251028_t1810275_e1811517_b72560_c20251028193214149000_oebc_ops.dspace_rad,,eez_v11.shp,WPP_BFAR_merge.shp,vbd_mpa_r20170830.shp,VNF-VBD_npp_20120301-20151231_global_asia-enhanced_c201607211230.bitmask,vbd_landsea_r20220824.mask,timezone.shp,VBD_platforms-recurring_2015_r20170330.shp,999999,VBD_bridges_c20160811.shp,10.404151;8.502419;6.138182;1.273068;3.487974;5.509554,96.985527;110.863861;124.483452;123.301933;109.736603;96.013321,npp_d20251028_t1806113_e1807355_b72560;npp_d20251028_t1807367_e1809009_b72560;npp_d20251028_t1809021_e1810263_b72560;npp_d20251028_t1810275_e1811517_b72560,158.814,107.861,46.4677,98.3979,117.747,-114.423
385,VBD_npp_d20251028_t1811247_x1036016E_y061438N_l0513_s1062_v23,2025-10-28 20:29:00,6.143758,103.601646,3.98679,2025-10-28 18:11:24,2025-10-29 02:11:24,513,1062,0.312792,8,18785,0.257197,0.055,0.740779,0.4,0.840674,0.75,8.45913e-17,0.0001,1.58037e-12,999999,999999,3,Malaysian Exclusive Economic Zone,,,SVDNB_npp_d20251028_t1810275_e1811517_b72560_c20251028193205056000_oebc_ops.h5,GDNBO_npp_d20251028_t1810275_e1811517_b72560_c20251028192939737000_oebc_ops.h5,SVI04_npp_d20251028_t1810275_e1811517_b72560_c20251028193214149000_oebc_ops.dspace_rad,,eez_v11.shp,WPP_BFAR_merge.shp,vbd_mpa_r20170830.shp,VNF-VBD_npp_20120301-20151231_global_asia-enhanced_c201607211230.bitmask,vbd_landsea_r20220824.mask,timezone.shp,VBD_platforms-recurring_2015_r20170330.shp,0.293891,VBD_bridges_c20160811.shp,10.404151;8.502419;6.138182;1.273068;3.487974;5.509554,96.985527;110.863861;124.483452;123.301933;109.736603;96.013321,npp_d20251028_t1806113_e1807355_b72560;npp_d20251028_t1807367_e1809009_b72560;npp_d20251028_t1809021_e1810263_b72560;npp_d20251028_t1810275_e1811517_b72560,158.544,111.254,46.4687,98.5889,117.012,-115.017
386,VBD_npp_d20251028_t1810545_x1039810E_y078242N_l0254_s1064_v23,2025-10-28 20:29:00,7.824243,103.981033,5.50544,2025-10-28 18:10:54,2025-10-29 01:10:54,254,1064,0.2428,1,2401,0.338319,0.055,0.753383,0.4,0.845559,0.75,3.30264e-17,0.0001,1.74869e-12,999999,999999,3,Vietnamese Exclusive Economic Zone,,,SVDNB_npp_d20251028_t1810275_e1811517_b72560_c20251028193205056000_oebc_ops.h5,GDNBO_npp_d20251028_t1810275_e1811517_b72560_c20251028192939737000_oebc_ops.h5,SVI04_npp_d20251028_t1810275_e1811517_b72560_c20251028193214149000_oebc_ops.dspace_rad,,eez_v11.shp,WPP_BFAR_merge.shp,vbd_mpa_r20170830.shp,VNF-VBD_npp_20120301-20151231_global_asia-enhanced_c201607211230.bitmask,vbd_landsea_r20220824.mask,timezone.shp,VBD_platforms-recurring_2015_r20170330.shp,999999,VBD_bridges_c20160811.shp,10.404151;8.502419;6.138182;1.273068;3.487974;5.509554,96.985527;110.863861;124.483452;123.301933;109.736603;96.013321,npp_d20251028_t1806113_e1807355_b72560;npp_d20251028_t1807367_e1809009_b72560;npp_d20251028_t1809021_e1810263_b72560;npp_d20251028_t1810275_e1811517_b72560,158.857,106.999,46.4033,97.6535,117.939,-114.273
387,VBD_npp_d20251028_t1810562_x1039844E_y077997N_l0258_s1066_v23,2025-10-28 20:29:00,7.799710,103.984436,2.81749,2025-10-28 18:10:56,2025-10-29 01:10:56,258,1066,0.18874,2,2337,0.170847,0.055,0.759381,0.4,0.689366,0.75,3.30865e-17,0.0001,1.79422e-12,999999,999999,3,Vietnamese Exclusive Economic Zone,,,SVDNB_npp_d20251028_t1810275_e1811517_b72560_c20251028193205056000_oebc_ops.h5,GDNBO_npp_d20251028_t1810275_e1811517_b72560_c20251028192939737000_oebc_ops.h5,SVI04_npp_d20251028_t1810275_e1811517_b72560_c20251028193214149000_oebc_ops.dspace_rad,,eez_v11.shp,WPP_BFAR_merge.shp,vbd_mpa_r20170830.shp,VNF-VBD_npp_20120301-20151231_global_asia-enhanced_c201607211230.bitmask,vbd_landsea_r20220824.mask,timezone.shp,VBD_platforms-recurring_2015_r20170330.shp,999999,VBD_bridges_c20160811.shp,10.404151;8.502419;6.138182;1.273068;3.487974;5.509554,96.985527;110.863861;124.483452;123.301933;109.736603;96.013321,npp_d20251028_t1806113_e1807355_b72560;npp_d20251028_t1807367_e1809009_b72560;npp_d20251028_t1809021_e1810263_b72560;npp_d20251028_t1810275_e1811517_b72560,158.839,107.053,46.3349,98.3814,117.938,-114.285
388,VBD_npp_d20251028_t1810598_x1039264E_y075018N_l0303_s1066_v23,2025-10-28 20:29:00,7.501809,103.926399,1.76403,2025-10-28 18:10:59,2025-10-29 01:10:59,303,1066,0.208728,2,2337,0.0721195,0.055,0.539651,0.4,0.604042,0.75,3.91694e-17,0.0001,1.67327e-12,999999,999999,3,Vietnamese Exclusive Economic Zone,,,SVDNB_npp_d20251028_t1810275_e1811517_b72560_c20251028193205056000_oebc_ops.h5,GDNBO_npp_d20251028_t1810275_e1811517_b72560_c20251028192939737000_oebc_ops.h5,SVI04_npp_d20251028_t1810275_e1811517_b72560_c20251028193214149000_oebc_ops.dspace_rad,,eez_v11.shp,WPP_BFAR_merge.shp,vbd_mpa_r20170830.shp,VNF-VBD_npp_20120301-20151231_global_asia-enhanced_c201607211230.bitmask,vbd_landsea_r20220824.mask,timezone.shp,VBD_platforms-recurring_2015_r20170330.shp,999999,VBD_bridges_c20160811.shp,10.404151;8.502419;6.138182;1.273068;3.487974;5.509554,96.985527;110.863861;124.483452;123.301933;109.736603;96.013321,npp_d20251028_t1806113_e1807355_b72560;npp_d20251028_t1807367_e1809009_b72560;npp_d20251028_t1809021_e1810263_b72560;npp_d20251028_t1810275_e1811517_b72560,158.791,107.814,46.34,97.612,117.777,-114.42
389,VBD_npp_d20251028_t1811034_x1038947E_y073271N_l0330_s1067_v23,2025-10-28 20:29:00,7.327120,103.894691,3.19412,2025-10-28 18:11:03,2025-10-29 01:11:03,330,1067,0.274737,2,2337,0.187689,0.055,0.666923,0.4,0.699505,0.75,4.35558e-17,0.0001,1.66385e-12,999999,999999,3,Vietnamese Exclusive Economic Zone,,,SVDNB_npp_d20251028_t1810275_e1811517_b72560_c20251028193205056000_oebc_ops.h5,GDNBO_npp_d20251028_t1810275_e1811517_b72560_c20251028192939737000_oebc_ops.h5,SVI04_npp_d20251028_t1810275_e1811517_b72560_c20251028193214149000_oebc_ops.dspace_rad,,eez_v11.shp,WPP_BFAR_merge.shp,vbd_mpa_r20170830.shp,VNF-VBD_npp_20120301-20151231_global_asia-enhanced_c201607211230.bitmask,vbd_landsea_r20220824.mask,timezone.shp,VBD_platforms-recurring_2015_r20170330.shp,999999,VBD_bridges_c20160811.shp,10.404151;8.502419;6.138182;1.273068;3.487974;5.509554,96.985527;110.863861;124.483452;123.301933;109.736603;96.013321,npp_d20251028_t1806113_e1807355_b72560;npp_d20251028_t1807367_e1809009_b72560;npp_d20251028_t1809021_e1810263_b72560;npp_d20251028_t1810275_e1811517_b72560,158.753,108.253,46.3011,97.9373,117.69,-114.5
390,VBD_npp_d20251028_t1811051_x1038780E_y072577N_l0341_s1067_v23,2025-10-28 20:29:00,7.257743,103.878036,2.37534,2025-10-28 18:11:05,2025-10-29 01:11:05,341,1067,0.228644,2,2337,0.150799,0.055,0.596433,0.4,0.747485,0.75,4.54439e-17,0.0001,1.68032e-12,999999,999999,3,Vietnamese Exclusive Economic Zone,,,SVDNB_npp_d20251028_t1810275_e1811517_b72560_c20251028193205056000_oebc_ops.h5,GDNBO_npp_d20251028_t1810275_e1811517_b72560_c20251028192939737000_oebc_ops.h5,SVI04_npp_d20251028_t1810275_e1811517_b72560_c20251028193214149000_oebc_ops.dspace_rad,,eez_v11.shp,WPP_BFAR_merge.shp,vbd_mpa_r20170830.shp,VNF-VBD_npp_20120301-20151231_global_asia-enhanced_c201607211230.bitmask,vbd_landsea_r20220824.mask,timezone.shp,VBD_platforms-recurring_2015_r20170330.shp,999999,VBD_bridges_c20160811.shp,10.404151;8.502419;6.138182;1.273068;3.487974;5.509554,96.985527;110.863861;124.483452;123.301933;109.736603;96.013321,npp_d20251028_t1806113_e1807355_b72560;npp_d20251028_t1807367_e1809009_b72560;npp_d20251028_t1809021_e1810263_b72560;npp_d20251028_t1810275_e1811517_b72560,158.74,108.428,46.2982,98.2538,117.652,-114.531
391,VBD_npp_d20251028_t1811229_x1036439E_y061408N_l0512_s1067_v23,2025-10-28 20:29:00,6.140788,103.643944,2.4645,2025-10-28 18:11:22,2025-10-29 02:11:22,512,1067,0.262076,8,18721,0.141896,0.055,0.616415,0.4,0.692056,0.75,8.18376e-17,0.0001,1.46652e-12,999999,999999,3,Malaysian Exclusive Economic Zone,,,SVDNB_npp_d20251028_t1810275_e1811517_b72560_c20251028193205056000_oebc_ops.h5,GDNBO_npp_d20251028_t1810275_e1811517_b72560_c20251028192939737000_oebc_ops.h5,SVI04_npp_d20251028_t1810275_e1811517_b72560_c20251028193214149000_oebc_ops.dspace_rad,,eez_v11.shp,WPP_BFAR_merge.shp,vbd_mpa_r20170830.shp,VNF-VBD_npp_20120301-20151231_global_asia-enhanced_c201607211230.bitmask,vbd_landsea_r20220824.mask,timezone.shp,VBD_platforms-recurring_2015_r20170330.shp,0.614863,VBD_bridges_c20160811.shp,10.404151;8.502419;6.138182;1.273068;3.487974;5.509554,96.985527;110.863861;124.483452;123.301933;109.736603;96.013321,npp_d20251028_t1806113_e1807355_b72560;npp_d20251028_t1807367_e1809009_b72560;npp_d20251028_t1809021_e1810263_b72560;npp_d20251028_t1810275_e1811517_b72560,158.51,111.232,46.2997,97.6868,117.042,-115.022
392,VBD_npp_d20251028_t1811176_x1037316E_y064569N_l0463_s1070_v23,2025-10-28 20:29:00,6.456931,103.731628,18.9465,2025-10-28 18:11:17,2025-10-29 01:11:17,463,1070,0.219966,8,18785,0.746648,0.055,0.845673,0.4,0.942543,0.75,7.1369e-17,0.0001,1.48947e-12,999999,999999,3,Malaysian Exclusive Economic Zone,,,SVDNB_npp_d20251028_t1810275_e1811517_b72560_c20251028193205056000_oebc_ops.h5,GDNBO_npp_d20251028_t1810275_e1811517_b72560_c20251028192939737000_oebc_ops.h5,SVI04_npp_d20251028_t1810275_e1811517_b72560_c20251028193214149000_oebc_ops.dspace_rad,,eez_v11.shp,WPP_BFAR_merge.shp,vbd_mpa_r20170830.shp,VNF-VBD_npp_20120301-20151231_global_asia-enhanced_c201607211230.bitmask,vbd_landsea_r20220824.mask,timezone.shp,VBD_platforms-recurring_2015_r20170330.shp,0.410436,VBD_bridges_c20160811.shp,10.404151;8.502419;6.138182;1.273068;3.487974;5.509554,96.985527;110.863861;124.483452;123.301933;109.736603;96.013321,npp_d20251028_t1806113_e1807355_b72560;npp_d20251028_t1807367_e1809009_b72560;npp_d20251028_t1809021_e1810263_b72560;npp_d20251028_t1810275_e1811517_b72560,158.562,110.429,46.203,97.716,117.234,-114.887
393,VBD_npp_d20251028_t1811069_x1039005E_y071188N_l0361_s1074_v23,2025-10-28 20:29:00,7.118809,103.900459,7.54225,2025-10-28 18:11:06,2025-10-29 01:11:06,361,1074,0.3554,1,2401,0.450884,0.055,0.807209,0.4,0.896586,0.75,4.66981e-17,0.0001,1.57322e-12,999999,999999,3,Malaysian Exclusive Economic Zone,,,SVDNB_npp_d20251028_t1810275_e1811517_b72560_c20251028193205056000_oebc_ops.h5,GDNBO_npp_d20251028_t1810275_e1811517_b72560_c20251028192939737000_oebc_ops.h5,SVI04_npp_d20251028_t1810275_e1811517_b72560_c20251028193214149000_oebc_ops.dspace_rad,,eez_v11.shp,WPP_BFAR_merge.shp,vbd_mpa_r20170830.shp,VNF-VBD_npp_20120301-20151231_global_asia-enhanced_c201607211230.bitmask,vbd_landsea_r20220824.mask,timezone.shp,VBD_platforms-recurring_2015_r20170330.shp,999999,VBD_bridges_c20160811.shp,10.404151;8.502419;6.138182;1.273068;3.487974;5.509554,96.985527;110.863861;124.483452;123.301933;109.736603;96.013321,npp_d20251028_t1806113_e1807355_b72560;npp_d20251028_t1807367_e1809009_b72560;npp_d20251028_t1809021_e1810263_b72560;npp_d20251028_t1810275_e1811517_b72560,158.667,108.746,46.0588,98.0242,117.622,-114.597
394,VBD_npp_d20251028_t1810527_x1041183E_y079460N_l0233_s1080_v23,2025-10-28 20:29:00,7.945957,104.118271,2.33079,2025-10-28 18:10:52,2025-10-29 01:10:52,233,1080,0.20695,2,2337,0.144911,0.055,0.505506,0.4,0.668512,0.75,2.74621e-17,0.0001,1.63749e-12,999999,999999,3,Vietnamese Exclusive Economic Zone,,,SVDNB_npp_d20251028_t1810275_e1811517_b72560_c20251028193205056000_oebc_ops.h5,GDNBO_npp_d20251028_t1810275_e1811517_b72560_c20251028192939737000_oebc_ops.h5,SVI04_npp_d20251028_t1810275_e1811517_b72560_c20251028193214149000_oebc_ops.dspace_rad,,eez_v11.shp,WPP_BFAR_merge.shp,vbd_mpa_r20170830.shp,VNF-VBD_npp_20120301-20151231_global_asia-enhanced_c201607211230.bitmask,vbd_landsea_r20220824.mask,timezone.shp,VBD_platforms-recurring_2015_r20170330.shp,999999,VBD_bridges_c20160811.shp,10.404151;8.502419;6.138182;1.273068;3.487974;5.509554,96.985527;110.863861;124.483452;123.301933;109.736603;96.013321,npp_d20251028_t1806113_e1807355_b72560;npp_d20251028_t1807367_e1809009_b72560;npp_d20251028_t1809021_e1810263_b72560;npp_d20251028_t1810275_e1811517_b72560,158.769,106.621,45.8602,97.9488,118.105,-114.226
395,VBD_npp_d20251028_t1811265_x1036993E_y059465N_l0540_s1081_v23,2025-10-28 20:29:00,5.946531,103.699310,4.75575,2025-10-28 18:11:26,2025-10-29 02:11:26,540,1081,0.224163,1,35169,0.312037,0.055,0.739194,0.4,0.871946,0.75,7.8271e-17,0.0001,1.3531e-12,999999,999999,3,Malaysian Exclusive Economic Zone,,,SVDNB_npp_d20251028_t1810275_e1811517_b72560_c20251028193205056000_oebc_ops.h5,GDNBO_npp_d20251028_t1810275_e1811517_b72560_c20251028192939737000_oebc_ops.h5,SVI04_npp_d20251028_t1810275_e1811517_b72560_c20251028193214149000_oebc_ops.dspace_rad,,eez_v11.shp,WPP_BFAR_merge.shp,vbd_mpa_r20170830.shp,VNF-VBD_npp_20120301-20151231_global_asia-enhanced_c201607211230.bitmask,vbd_landsea_r20220824.mask,timezone.shp,VBD_platforms-recurring_2015_r20170330.shp,999999,VBD_bridges_c20160811.shp,10.404151;8.502419;6.138182;1.273068;3.487974;5.509554,96.985527;110.863861;124.483452;123.301933;109.736603;96.013321,npp_d20251028_t1806113_e1807355_b72560;npp_d20251028_t1807367_e1809009_b72560;npp_d20251028_t1809021_e1810263_b72560;npp_d20251028_t1810275_e1811517_b72560,158.374,111.633,45.8231,97.9591,117.023,-115.115
396,VBD_npp_d20251028_t1811194_x1038172E_y063658N_l0475_s1085_v23,2025-10-28 20:29:00,6.365763,103.817223,4.22936,2025-10-28 18:11:19,2025-10-29 01:11:19,475,1085,0.326592,4,51557,0.297205,0.055,0.708992,0.4,0.816956,0.75,6.71112e-17,0.0001,1.37793e-12,999999,999999,3,Malaysian Exclusive Economic Zone,,,SVDNB_npp_d20251028_t1810275_e1811517_b72560_c20251028193205056000_oebc_ops.h5,GDNBO_npp_d20251028_t1810275_e1811517_b72560_c20251028192939737000_oebc_ops.h5,SVI04_npp_d20251028_t1810275_e1811517_b72560_c20251028193214149000_oebc_ops.dspace_rad,,eez_v11.shp,WPP_BFAR_merge.shp,vbd_mpa_r20170830.shp,VNF-VBD_npp_20120301-20151231_global_asia-enhanced_c201607211230.bitmask,vbd_landsea_r20220824.mask,timezone.shp,VBD_platforms-recurring_2015_r20170330.shp,0.117718,VBD_bridges_c20160811.shp,10.404151;8.502419;6.138182;1.273068;3.487974;5.509554,96.985527;110.863861;124.483452;123.301933;109.736603;96.013321,npp_d20251028_t1806113_e1807355_b72560;npp_d20251028_t1807367_e1809009_b72560;npp_d20251028_t1809021_e1810263_b72560;npp_d20251028_t1810275_e1811517_b72560,158.443,110.574,45.6872,97.9814,117.279,-114.937
397,VBD_npp_d20251028_t1810598_x1040997E_y074847N_l0302_s1091_v23,2025-10-28 20:29:00,7.484666,104.099670,2.79563,2025-10-28 18:10:59,2025-10-29 01:10:59,302,1091,0.241661,2,2337,0.179023,0.055,0.561521,0.4,0.73101,0.75,3.28275e-17,0.0001,1.45539e-12,999999,999999,3,Vietnamese Exclusive Economic Zone,,,SVDNB_npp_d20251028_t1810275_e1811517_b72560_c20251028193205056000_oebc_ops.h5,GDNBO_npp_d20251028_t1810275_e1811517_b72560_c20251028192939737000_oebc_ops.h5,SVI04_npp_d20251028_t1810275_e1811517_b72560_c20251028193214149000_oebc_ops.dspace_rad,,eez_v11.shp,WPP_BFAR_merge.shp,vbd_mpa_r20170830.shp,VNF-VBD_npp_20120301-20151231_global_asia-enhanced_c201607211230.bitmask,vbd_landsea_r20220824.mask,timezone.shp,VBD_platforms-recurring_2015_r20170330.shp,999999,VBD_bridges_c20160811.shp,10.404151;8.502419;6.138182;1.273068;3.487974;5.509554,96.985527;110.863861;124.483452;123.301933;109.736603;96.013321,npp_d20251028_t1806113_e1807355_b72560;npp_d20251028_t1807367_e1809009_b72560;npp_d20251028_t1809021_e1810263_b72560;npp_d20251028_t1810275_e1811517_b72560,158.622,107.744,45.4877,97.6894,117.925,-114.442
398,VBD_npp_d20251028_t1811229_x1038188E_y061857N_l0502_s1091_v23,2025-10-28 20:29:00,6.185720,103.818817,40.8152,2025-10-28 18:11:22,2025-10-29 02:11:22,502,1091,0.394522,1,2401,1.04678,0.055,0.90142,0.4,0.978439,0.75,6.81033e-17,0.0001,1.3341e-12,999999,999999,3,Malaysian Exclusive Economic Zone,,,SVDNB_npp_d20251028_t1810275_e1811517_b72560_c20251028193205056000_oebc_ops.h5,GDNBO_npp_d20251028_t1810275_e1811517_b72560_c20251028192939737000_oebc_ops.h5,SVI04_npp_d20251028_t1810275_e1811517_b72560_c20251028193214149000_oebc_ops.dspace_rad,,eez_v11.shp,WPP_BFAR_merge.shp,vbd_mpa_r20170830.shp,VNF-VBD_npp_20120301-20151231_global_asia-enhanced_c201607211230.bitmask,vbd_landsea_r20220824.mask,timezone.shp,VBD_platforms-recurring_2015_r20170330.shp,999999,VBD_bridges_c20160811.shp,10.404151;8.502419;6.138182;1.273068;3.487974;5.509554,96.985527;110.863861;124.483452;123.301933;109.736603;96.013321,npp_d20251028_t1806113_e1807355_b72560;npp_d20251028_t1807367_e1809009_b72560;npp_d20251028_t1809021_e1810263_b72560;npp_d20251028_t1810275_e1811517_b72560,158.364,110.987,45.4795,98.3134,117.218,-115.019
399,VBD_npp_d20251028_t1811265_x1037772E_y059562N_l0537_s1092_v23,2025-10-28 20:29:00,5.956217,103.777191,20.011,2025-10-28 18:11:26,2025-10-29 02:11:26,537,1092,0.302621,1,2401,0.700358,0.055,0.863964,0.4,0.935099,0.75,7.20494e-17,0.0001,1.28981e-12,999999,999999,3,Malaysian Exclusive Economic Zone,,,SVDNB_npp_d20251028_t1810275_e1811517_b72560_c20251028193205056000_oebc_ops.h5,GDNBO_npp_d20251028_t1810275_e1811517_b72560_c20251028192939737000_oebc_ops.h5,SVI04_npp_d20251028_t1810275_e1811517_b72560_c20251028193214149000_oebc_ops.dspace_rad,,eez_v11.shp,WPP_BFAR_merge.shp,vbd_mpa_r20170830.shp,VNF-VBD_npp_20120301-20151231_global_asia-enhanced_c201607211230.bitmask,vbd_landsea_r20220824.mask,timezone.shp,VBD_platforms-recurring_2015_r20170330.shp,999999,VBD_bridges_c20160811.shp,10.404151;8.502419;6.138182;1.273068;3.487974;5.509554,96.985527;110.863861;124.483452;123.301933;109.736603;96.013321,npp_d20251028_t1806113_e1807355_b72560;npp_d20251028_t1807367_e1809009_b72560;npp_d20251028_t1809021_e1810263_b72560;npp_d20251028_t1810275_e1811517_b72560,158.306,111.547,45.4483,98.15,117.097,-115.119
400,VBD_npp_d20251028_t1811176_x1038922E_y064551N_l0460_s1093_v23,2025-10-28 20:29:00,6.455119,103.892227,2.99402,2025-10-28 18:11:17,2025-10-29 01:11:17,460,1093,0.340533,8,18785,0.221074,0.055,0.749896,0.4,0.83132,0.75,6.04099e-17,0.0001,1.32717e-12,999999,999999,3,Malaysian Exclusive Economic Zone,,,SVDNB_npp_d20251028_t1810275_e1811517_b72560_c20251028193205056000_oebc_ops.h5,GDNBO_npp_d20251028_t1810275_e1811517_b72560_c20251028192939737000_oebc_ops.h5,SVI04_npp_d20251028_t1810275_e1811517_b72560_c20251028193214149000_oebc_ops.dspace_rad,,eez_v11.shp,WPP_BFAR_merge.shp,vbd_mpa_r20170830.shp,VNF-VBD_npp_20120301-20151231_global_asia-enhanced_c201607211230.bitmask,vbd_landsea_r20220824.mask,timezone.shp,VBD_platforms-recurring_2015_r20170330.shp,0.122715,VBD_bridges_c20160811.shp,10.404151;8.502419;6.138182;1.273068;3.487974;5.509554,96.985527;110.863861;124.483452;123.301933;109.736603;96.013321,npp_d20251028_t1806113_e1807355_b72560;npp_d20251028_t1807367_e1809009_b72560;npp_d20251028_t1809021_e1810263_b72560;npp_d20251028_t1810275_e1811517_b72560,158.412,110.311,45.4189,97.9125,117.377,-114.903
401,VBD_npp_d20251028_t1811176_x1039434E_y064755N_l0456_s1100_v23,2025-10-28 20:29:00,6.475549,103.943420,9.59327,2025-10-28 18:11:17,2025-10-29 01:11:17,456,1100,0.390396,8,18785,0.549734,0.055,0.860943,0.4,0.926596,0.75,5.77741e-17,0.0001,1.29771e-12,999999,999999,3,Malaysian Exclusive Economic Zone,,,SVDNB_npp_d20251028_t1810275_e1811517_b72560_c20251028193205056000_oebc_ops.h5,GDNBO_npp_d20251028_t1810275_e1811517_b72560_c20251028192939737000_oebc_ops.h5,SVI04_npp_d20251028_t1810275_e1811517_b72560_c20251028193214149000_oebc_ops.dspace_rad,,eez_v11.shp,WPP_BFAR_merge.shp,vbd_mpa_r20170830.shp,VNF-VBD_npp_20120301-20151231_global_asia-enhanced_c201607211230.bitmask,vbd_landsea_r20220824.mask,timezone.shp,VBD_platforms-recurring_2015_r20170330.shp,0.48254,VBD_bridges_c20160811.shp,10.404151;8.502419;6.138182;1.273068;3.487974;5.509554,96.985527;110.863861;124.483452;123.301933;109.736603;96.013321,npp_d20251028_t1806113_e1807355_b72560;npp_d20251028_t1807367_e1809009_b72560;npp_d20251028_t1809021_e1810263_b72560;npp_d20251028_t1810275_e1811517_b72560,158.371,110.224,45.1804,98.1645,117.431,-114.898
402,VBD_npp_d20251028_t1811176_x1039769E_y064707N_l0456_s1105_v23,2025-10-28 20:29:00,6.470691,103.976906,1.43056,2025-10-28 18:11:17,2025-10-29 01:11:17,456,1105,0.402062,1,2401,0.0843163,0.055,0.824935,0.4,0.758191,0.75,5.64988e-17,0.0001,1.26413e-12,999999,999999,3,Malaysian Exclusive Economic Zone,,,SVDNB_npp_d20251028_t1810275_e1811517_b72560_c20251028193205056000_oebc_ops.h5,GDNBO_npp_d20251028_t1810275_e1811517_b72560_c20251028192939737000_oebc_ops.h5,SVI04_npp_d20251028_t1810275_e1811517_b72560_c20251028193214149000_oebc_ops.dspace_rad,,eez_v11.shp,WPP_BFAR_merge.shp,vbd_mpa_r20170830.shp,VNF-VBD_npp_20120301-20151231_global_asia-enhanced_c201607211230.bitmask,vbd_landsea_r20220824.mask,timezone.shp,VBD_platforms-recurring_2015_r20170330.shp,999999,VBD_bridges_c20160811.shp,10.404151;8.502419;6.138182;1.273068;3.487974;5.509554,96.985527;110.863861;124.483452;123.301933;109.736603;96.013321,npp_d20251028_t1806113_e1807355_b72560;npp_d20251028_t1807367_e1809009_b72560;npp_d20251028_t1809021_e1810263_b72560;npp_d20251028_t1810275_e1811517_b72560,158.338,110.21,45.0109,98.1681,117.459,-114.904
405,VBD_npp_d20251028_t1810562_x1042805E_y077291N_l0262_s1110_v23,2025-10-28 20:29:00,7.729056,104.280510,3.0364,2025-10-28 18:10:56,2025-10-29 01:10:56,262,1110,0.271821,1,2401,0.219296,0.055,0.642063,0.4,0.767946,0.75,2.59425e-17,0.0001,1.37587e-12,999999,999999,3,Vietnamese Exclusive Economic Zone,,,SVDNB_npp_d20251028_t1810275_e1811517_b72560_c20251028193205056000_oebc_ops.h5,GDNBO_npp_d20251028_t1810275_e1811517_b72560_c20251028192939737000_oebc_ops.h5,SVI04_npp_d20251028_t1810275_e1811517_b72560_c20251028193214149000_oebc_ops.dspace_rad,,eez_v11.shp,WPP_BFAR_merge.shp,vbd_mpa_r20170830.shp,VNF-VBD_npp_20120301-20151231_global_asia-enhanced_c201607211230.bitmask,vbd_landsea_r20220824.mask,timezone.shp,VBD_platforms-recurring_2015_r20170330.shp,999999,VBD_bridges_c20160811.shp,10.404151;8.502419;6.138182;1.273068;3.487974;5.509554,96.985527;110.863861;124.483452;123.301933;109.736603;96.013321,npp_d20251028_t1806113_e1807355_b72560;npp_d20251028_t1807367_e1809009_b72560;npp_d20251028_t1809021_e1810263_b72560;npp_d20251028_t1810275_e1811517_b72560,158.538,107.046,44.8386,98.1809,118.174,-114.341
406,VBD_npp_d20251028_t1810473_x1043917E_y082016N_l0189_s1111_v23,2025-10-28 20:29:00,8.201600,104.391685,1.54725,2025-10-28 18:10:47,2025-10-29 01:10:47,189,1111,0.190661,10,2305,0.0856275,0.055,0.367108,0.4,0.63036,0.75,1.92991e-17,0.0001,1.39043e-12,999999,999999,3,Vietnamese Exclusive Economic Zone,,,SVDNB_npp_d20251028_t1810275_e1811517_b72560_c20251028193205056000_oebc_ops.h5,GDNBO_npp_d20251028_t1810275_e1811517_b72560_c20251028192939737000_oebc_ops.h5,SVI04_npp_d20251028_t1810275_e1811517_b72560_c20251028193214149000_oebc_ops.dspace_rad,,eez_v11.shp,WPP_BFAR_merge.shp,vbd_mpa_r20170830.shp,VNF-VBD_npp_20120301-20151231_global_asia-enhanced_c201607211230.bitmask,vbd_landsea_r20220824.mask,timezone.shp,VBD_platforms-recurring_2015_r20170330.shp,999999,VBD_bridges_c20160811.shp,10.404151;8.502419;6.138182;1.273068;3.487974;5.509554,96.985527;110.863861;124.483452;123.301933;109.736603;96.013321,npp_d20251028_t1806113_e1807355_b72560;npp_d20251028_t1807367_e1809009_b72560;npp_d20251028_t1809021_e1810263_b72560;npp_d20251028_t1810275_e1811517_b72560,158.602,105.849,44.8038,97.6984,118.435,-114.122
409,VBD_npp_d20251028_t1810580_x1043105E_y075626N_l0286_s1119_v23,2025-10-28 20:29:00,7.562600,104.310539,2.44217,2025-10-28 18:10:58,2025-10-29 01:10:58,286,1119,0.149974,2,2337,0.145352,0.055,0.492565,0.4,0.749188,0.75,2.69659e-17,0.0001,1.2622e-12,999999,999999,3,Vietnamese Exclusive Economic Zone,,,SVDNB_npp_d20251028_t1810275_e1811517_b72560_c20251028193205056000_oebc_ops.h5,GDNBO_npp_d20251028_t1810275_e1811517_b72560_c20251028192939737000_oebc_ops.h5,SVI04_npp_d20251028_t1810275_e1811517_b72560_c20251028193214149000_oebc_ops.dspace_rad,,eez_v11.shp,WPP_BFAR_merge.shp,vbd_mpa_r20170830.shp,VNF-VBD_npp_20120301-20151231_global_asia-enhanced_c201607211230.bitmask,vbd_landsea_r20220824.mask,timezone.shp,VBD_platforms-recurring_2015_r20170330.shp,999999,VBD_bridges_c20160811.shp,10.404151;8.502419;6.138182;1.273068;3.487974;5.509554,96.985527;110.863861;124.483452;123.301933;109.736603;96.013321,npp_d20251028_t1806113_e1807355_b72560;npp_d20251028_t1807367_e1809009_b72560;npp_d20251028_t1809021_e1810263_b72560;npp_d20251028_t1810275_e1811517_b72560,158.454,107.427,44.5335,97.6993,118.14,-114.422
410,VBD_npp_d20251028_t1811087_x1041822E_y069782N_l0376_s1119_v23,2025-10-28 20:29:00,6.978225,104.182205,16.7375,2025-10-28 18:11:08,2025-10-29 01:11:08,376,1119,0.178355,4,100645,0.413953,0.055,0.563445,0.4,0.644769,0.75,3.83637e-17,0.0001,1.22731e-12,999999,999999,3,Vietnamese Exclusive Economic Zone,,,SVDNB_npp_d20251028_t1810275_e1811517_b72560_c20251028193205056000_oebc_ops.h5,GDNBO_npp_d20251028_t1810275_e1811517_b72560_c20251028192939737000_oebc_ops.h5,SVI04_npp_d20251028_t1810275_e1811517_b72560_c20251028193214149000_oebc_ops.dspace_rad,,eez_v11.shp,WPP_BFAR_merge.shp,vbd_mpa_r20170830.shp,VNF-VBD_npp_20120301-20151231_global_asia-enhanced_c201607211230.bitmask,vbd_landsea_r20220824.mask,timezone.shp,VBD_platforms-recurring_2015_r20170330.shp,999999,VBD_bridges_c20160811.shp,10.404151;8.502419;6.138182;1.273068;3.487974;5.509554,96.985527;110.863861;124.483452;123.301933;109.736603;96.013321,npp_d20251028_t1806113_e1807355_b72560;npp_d20251028_t1807367_e1809009_b72560;npp_d20251028_t1809021_e1810263_b72560;npp_d20251028_t1810275_e1811517_b72560,158.35,108.884,44.5342,98.1334,117.822,-114.687
411,VBD_npp_d20251028_t1810580_x1043290E_y076424N_l0274_s1120_v23,2025-10-28 20:29:00,7.642446,104.328957,1.34673,2025-10-28 18:10:58,2025-10-29 01:10:58,274,1120,0.220251,10,2305,0.058466,0.055,0.270899,0.4,0.588738,0.75,2.57902e-17,0.0001,1.31321e-12,999999,999999,3,Vietnamese Exclusive Economic Zone,,,SVDNB_npp_d20251028_t1810275_e1811517_b72560_c20251028193205056000_oebc_ops.h5,GDNBO_npp_d20251028_t1810275_e1811517_b72560_c20251028192939737000_oebc_ops.h5,SVI04_npp_d20251028_t1810275_e1811517_b72560_c20251028193214149000_oebc_ops.dspace_rad,,eez_v11.shp,WPP_BFAR_merge.shp,vbd_mpa_r20170830.shp,VNF-VBD_npp_20120301-20151231_global_asia-enhanced_c201607211230.bitmask,vbd_landsea_r20220824.mask,timezone.shp,VBD_platforms-recurring_2015_r20170330.shp,999999,VBD_bridges_c20160811.shp,10.404151;8.502419;6.138182;1.273068;3.487974;5.509554,96.985527;110.863861;124.483452;123.301933;109.736603;96.013321,npp_d20251028_t1806113_e1807355_b72560;npp_d20251028_t1807367_e1809009_b72560;npp_d20251028_t1809021_e1810263_b72560;npp_d20251028_t1810275_e1811517_b72560,158.46,107.222,44.4981,98.4528,118.189,-114.386
412,VBD_npp_d20251028_t1811318_x1039074E_y056079N_l0586_s1122_v23,2025-10-28 20:29:00,5.607885,103.907387,47.0427,2025-10-28 18:11:31,2025-10-29 02:11:31,586,1122,0.194644,4,35109,0.388684,0.055,0.422985,0.4,0.694823,0.75,7.01031e-17,0.0001,1.07609e-12,999999,999999,3,Malaysian Exclusive Economic Zone,,,SVDNB_npp_d20251028_t1810275_e1811517_b72560_c20251028193205056000_oebc_ops.h5,GDNBO_npp_d20251028_t1810275_e1811517_b72560_c20251028192939737000_oebc_ops.h5,SVI04_npp_d20251028_t1810275_e1811517_b72560_c20251028193214149000_oebc_ops.dspace_rad,,eez_v11.shp,WPP_BFAR_merge.shp,vbd_mpa_r20170830.shp,VNF-VBD_npp_20120301-20151231_global_asia-enhanced_c201607211230.bitmask,vbd_landsea_r20220824.mask,timezone.shp,VBD_platforms-recurring_2015_r20170330.shp,999999,VBD_bridges_c20160811.shp,10.404151;8.502419;6.138182;1.273068;3.487974;5.509554,96.985527;110.863861;124.483452;123.301933;109.736603;96.013321,npp_d20251028_t1806113_e1807355_b72560;npp_d20251028_t1807367_e1809009_b72560;npp_d20251028_t1809021_e1810263_b72560;npp_d20251028_t1810275_e1811517_b72560,158.035,112.228,44.4368,98.133,117.085,-115.291
413,VBD_npp_d20251028_t1811140_x1041698E_y066712N_l0422_s1127_v23,2025-10-28 20:29:00,6.671163,104.169792,8.95751,2025-10-28 18:11:14,2025-10-29 01:11:14,422,1127,0.391961,1,2401,0.528093,0.055,0.848503,0.4,0.941882,0.75,4.47123e-17,0.0001,1.15726e-12,999999,999999,3,Malaysian Exclusive Economic Zone,,,SVDNB_npp_d20251028_t1810275_e1811517_b72560_c20251028193205056000_oebc_ops.h5,GDNBO_npp_d20251028_t1810275_e1811517_b72560_c20251028192939737000_oebc_ops.h5,SVI04_npp_d20251028_t1810275_e1811517_b72560_c20251028193214149000_oebc_ops.dspace_rad,,eez_v11.shp,WPP_BFAR_merge.shp,vbd_mpa_r20170830.shp,VNF-VBD_npp_20120301-20151231_global_asia-enhanced_c201607211230.bitmask,vbd_landsea_r20220824.mask,timezone.shp,VBD_platforms-recurring_2015_r20170330.shp,999999,VBD_bridges_c20160811.shp,10.404151;8.502419;6.138182;1.273068;3.487974;5.509554,96.985527;110.863861;124.483452;123.301933;109.736603;96.013321,npp_d20251028_t1806113_e1807355_b72560;npp_d20251028_t1807367_e1809009_b72560;npp_d20251028_t1809021_e1810263_b72560;npp_d20251028_t1810275_e1811517_b72560,158.24,109.606,44.2623,98.2906,117.703,-114.829
414,VBD_npp_d20251028_t1811247_x1040354E_y060532N_l0517_s1127_v23,2025-10-28 20:29:00,6.053236,104.035408,39.1672,2025-10-28 18:11:24,2025-10-29 02:11:24,517,1127,0.403129,1,2401,1.01719,0.055,0.89751,0.4,0.965861,0.75,5.92073e-17,0.0001,1.10514e-12,999999,999999,3,Malaysian Exclusive Economic Zone,,,SVDNB_npp_d20251028_t1810275_e1811517_b72560_c20251028193205056000_oebc_ops.h5,GDNBO_npp_d20251028_t1810275_e1811517_b72560_c20251028192939737000_oebc_ops.h5,SVI04_npp_d20251028_t1810275_e1811517_b72560_c20251028193214149000_oebc_ops.dspace_rad,,eez_v11.shp,WPP_BFAR_merge.shp,vbd_mpa_r20170830.shp,VNF-VBD_npp_20120301-20151231_global_asia-enhanced_c201607211230.bitmask,vbd_landsea_r20220824.mask,timezone.shp,VBD_platforms-recurring_2015_r20170330.shp,999999,VBD_bridges_c20160811.shp,10.404151;8.502419;6.138182;1.273068;3.487974;5.509554,96.985527;110.863861;124.483452;123.301933;109.736603;96.013321,npp_d20251028_t1806113_e1807355_b72560;npp_d20251028_t1807367_e1809009_b72560;npp_d20251028_t1809021_e1810263_b72560;npp_d20251028_t1810275_e1811517_b72560,158.109,111.12,44.266,98.4125,117.362,-115.102
415,VBD_npp_d20251028_t1811229_x1040749E_y061755N_l0498_s1129_v23,2025-10-28 20:29:00,6.175509,104.074921,1.19858,2025-10-28 18:11:22,2025-10-29 02:11:22,498,1129,0.390396,8,18753,0.0633773,0.055,0.292118,0.4,0.847974,0.75,5.66393e-17,0.0001,1.11464e-12,999999,999999,3,Malaysian Exclusive Economic Zone,,,SVDNB_npp_d20251028_t1810275_e1811517_b72560_c20251028193205056000_oebc_ops.h5,GDNBO_npp_d20251028_t1810275_e1811517_b72560_c20251028192939737000_oebc_ops.h5,SVI04_npp_d20251028_t1810275_e1811517_b72560_c20251028193214149000_oebc_ops.dspace_rad,,eez_v11.shp,WPP_BFAR_merge.shp,vbd_mpa_r20170830.shp,VNF-VBD_npp_20120301-20151231_global_asia-enhanced_c201607211230.bitmask,vbd_landsea_r20220824.mask,timezone.shp,VBD_platforms-recurring_2015_r20170330.shp,0.406719,VBD_bridges_c20160811.shp,10.404151;8.502419;6.138182;1.273068;3.487974;5.509554,96.985527;110.863861;124.483452;123.301933;109.736603;96.013321,npp_d20251028_t1806113_e1807355_b72560;npp_d20251028_t1807367_e1809009_b72560;npp_d20251028_t1809021_e1810263_b72560;npp_d20251028_t1810275_e1811517_b72560,158.123,110.811,44.1935,98.5946,117.442,-115.05
416,VBD_npp_d20251028_t1811265_x1040205E_y059071N_l0539_s1129_v23,2025-10-28 20:29:00,5.907054,104.020523,8.16522,2025-10-28 18:11:26,2025-10-29 02:11:26,539,1129,0.403484,8,18785,0.477737,0.055,0.878501,0.4,0.927587,0.75,6.0901e-17,0.0001,1.06237e-12,999999,999999,3,Malaysian Exclusive Economic Zone,,,SVDNB_npp_d20251028_t1810275_e1811517_b72560_c20251028193205056000_oebc_ops.h5,GDNBO_npp_d20251028_t1810275_e1811517_b72560_c20251028192939737000_oebc_ops.h5,SVI04_npp_d20251028_t1810275_e1811517_b72560_c20251028193214149000_oebc_ops.dspace_rad,,eez_v11.shp,WPP_BFAR_merge.shp,vbd_mpa_r20170830.shp,VNF-VBD_npp_20120301-20151231_global_asia-enhanced_c201607211230.bitmask,vbd_landsea_r20220824.mask,timezone.shp,VBD_platforms-recurring_2015_r20170330.shp,0.322973,VBD_bridges_c20160811.shp,10.404151;8.502419;6.138182;1.273068;3.487974;5.509554,96.985527;110.863861;124.483452;123.301933;109.736603;96.013321,npp_d20251028_t1806113_e1807355_b72560;npp_d20251028_t1807367_e1809009_b72560;npp_d20251028_t1809021_e1810263_b72560;npp_d20251028_t1810275_e1811517_b72560,158.063,111.464,44.1965,98.047,117.294,-115.167
417,VBD_npp_d20251028_t1811265_x1040485E_y059167N_l0537_s1133_v23,2025-10-28 20:29:00,5.916665,104.048485,31.8625,2025-10-28 18:11:26,2025-10-29 02:11:26,537,1133,0.401422,1,2401,0.954893,0.055,0.901882,0.4,0.971956,0.75,5.94655e-17,0.0001,1.04945e-12,999999,999999,3,Malaysian Exclusive Economic Zone,,,SVDNB_npp_d20251028_t1810275_e1811517_b72560_c20251028193205056000_oebc_ops.h5,GDNBO_npp_d20251028_t1810275_e1811517_b72560_c20251028192939737000_oebc_ops.h5,SVI04_npp_d20251028_t1810275_e1811517_b72560_c20251028193214149000_oebc_ops.dspace_rad,,eez_v11.shp,WPP_BFAR_merge.shp,vbd_mpa_r20170830.shp,VNF-VBD_npp_20120301-20151231_global_asia-enhanced_c201607211230.bitmask,vbd_landsea_r20220824.mask,timezone.shp,VBD_platforms-recurring_2015_r20170330.shp,999999,VBD_bridges_c20160811.shp,10.404151;8.502419;6.138182;1.273068;3.487974;5.509554,96.985527;110.863861;124.483452;123.301933;109.736603;96.013321,npp_d20251028_t1806113_e1807355_b72560;npp_d20251028_t1807367_e1809009_b72560;npp_d20251028_t1809021_e1810263_b72560;npp_d20251028_t1810275_e1811517_b72560,158.04,111.42,44.0612,98.1756,117.323,-115.166
418,VBD_npp_d20251028_t1811194_x1041448E_y063323N_l0473_s1134_v23,2025-10-28 20:29:00,6.332273,104.144775,1.38899,2025-10-28 18:11:19,2025-10-29 01:11:19,473,1134,0.219753,2,2337,0.0853398,0.055,0.583373,0.4,0.738565,0.75,5.20811e-17,0.0001,1.0795e-12,999999,999999,3,Malaysian Exclusive Economic Zone,,,SVDNB_npp_d20251028_t1810275_e1811517_b72560_c20251028193205056000_oebc_ops.h5,GDNBO_npp_d20251028_t1810275_e1811517_b72560_c20251028192939737000_oebc_ops.h5,SVI04_npp_d20251028_t1810275_e1811517_b72560_c20251028193214149000_oebc_ops.dspace_rad,,eez_v11.shp,WPP_BFAR_merge.shp,vbd_mpa_r20170830.shp,VNF-VBD_npp_20120301-20151231_global_asia-enhanced_c201607211230.bitmask,vbd_landsea_r20220824.mask,timezone.shp,VBD_platforms-recurring_2015_r20170330.shp,999999,VBD_bridges_c20160811.shp,10.404151;8.502419;6.138182;1.273068;3.487974;5.509554,96.985527;110.863861;124.483452;123.301933;109.736603;96.013321,npp_d20251028_t1806113_e1807355_b72560;npp_d20251028_t1807367_e1809009_b72560;npp_d20251028_t1809021_e1810263_b72560;npp_d20251028_t1810275_e1811517_b72560,158.127,110.403,44.0282,98.1372,117.558,-114.984
419,VBD_npp_d20251028_t1811265_x1040624E_y059215N_l0536_s1135_v23,2025-10-28 20:29:00,5.921458,104.062416,5.36147,2025-10-28 18:11:26,2025-10-29 02:11:26,536,1135,0.377237,1,2401,0.331053,0.055,0.890369,0.4,0.855463,0.75,5.87508e-17,0.0001,1.04312e-12,999999,999999,3,Malaysian Exclusive Economic Zone,,,SVDNB_npp_d20251028_t1810275_e1811517_b72560_c20251028193205056000_oebc_ops.h5,GDNBO_npp_d20251028_t1810275_e1811517_b72560_c20251028192939737000_oebc_ops.h5,SVI04_npp_d20251028_t1810275_e1811517_b72560_c20251028193214149000_oebc_ops.dspace_rad,,eez_v11.shp,WPP_BFAR_merge.shp,vbd_mpa_r20170830.shp,VNF-VBD_npp_20120301-20151231_global_asia-enhanced_c201607211230.bitmask,vbd_landsea_r20220824.mask,timezone.shp,VBD_platforms-recurring_2015_r20170330.shp,999999,VBD_bridges_c20160811.shp,10.404151;8.502419;6.138182;1.273068;3.487974;5.509554,96.985527;110.863861;124.483452;123.301933;109.736603;96.013321,npp_d20251028_t1806113_e1807355_b72560;npp_d20251028_t1807367_e1809009_b72560;npp_d20251028_t1809021_e1810263_b72560;npp_d20251028_t1810275_e1811517_b72560,158.029,111.398,43.9937,98.2401,117.337,-115.165
421,VBD_npp_d20251028_t1811318_x1039998E_y055603N_l0591_s1137_v23,2025-10-28 20:29:00,5.560260,103.999840,1.5424,2025-10-28 18:11:31,2025-10-29 02:11:31,591,1137,0.374605,10,2305,0.0687594,0.055,0.228189,0.4,0.668097,0.75,6.6494e-17,0.0001,9.84652e-13,999999,999999,3,Malaysian Exclusive Economic Zone,,,SVDNB_npp_d20251028_t1810275_e1811517_b72560_c20251028193205056000_oebc_ops.h5,GDNBO_npp_d20251028_t1810275_e1811517_b72560_c20251028192939737000_oebc_ops.h5,SVI04_npp_d20251028_t1810275_e1811517_b72560_c20251028193214149000_oebc_ops.dspace_rad,,eez_v11.shp,WPP_BFAR_merge.shp,vbd_mpa_r20170830.shp,VNF-VBD_npp_20120301-20151231_global_asia-enhanced_c201607211230.bitmask,vbd_landsea_r20220824.mask,timezone.shp,VBD_platforms-recurring_2015_r20170330.shp,999999,VBD_bridges_c20160811.shp,10.404151;8.502419;6.138182;1.273068;3.487974;5.509554,96.985527;110.863861;124.483452;123.301933;109.736603;96.013321,npp_d20251028_t1806113_e1807355_b72560;npp_d20251028_t1807367_e1809009_b72560;npp_d20251028_t1809021_e1810263_b72560;npp_d20251028_t1810275_e1811517_b72560,157.932,112.26,43.9327,97.8242,117.147,-115.323
422,VBD_npp_d20251028_t1811158_x1042438E_y065532N_l0438_s1142_v23,2025-10-28 20:29:00,6.553168,104.243759,6.33064,2025-10-28 18:11:15,2025-10-29 01:11:15,438,1142,0.390041,1,2401,0.378384,0.055,0.773092,0.4,0.752892,0.75,4.40381e-17,0.0001,1.06758e-12,999999,999999,3,Malaysian Exclusive Economic Zone,,,SVDNB_npp_d20251028_t1810275_e1811517_b72560_c20251028193205056000_oebc_ops.h5,GDNBO_npp_d20251028_t1810275_e1811517_b72560_c20251028192939737000_oebc_ops.h5,SVI04_npp_d20251028_t1810275_e1811517_b72560_c20251028193214149000_oebc_ops.dspace_rad,,eez_v11.shp,WPP_BFAR_merge.shp,vbd_mpa_r20170830.shp,VNF-VBD_npp_20120301-20151231_global_asia-enhanced_c201607211230.bitmask,vbd_landsea_r20220824.mask,timezone.shp,VBD_platforms-recurring_2015_r20170330.shp,999999,VBD_bridges_c20160811.shp,10.404151;8.502419;6.138182;1.273068;3.487974;5.509554,96.985527;110.863861;124.483452;123.301933;109.736603;96.013321,npp_d20251028_t1806113_e1807355_b72560;npp_d20251028_t1807367_e1809009_b72560;npp_d20251028_t1809021_e1810263_b72560;npp_d20251028_t1810275_e1811517_b72560,158.124,109.824,43.761,98.3143,117.726,-114.892
423,VBD_npp_d20251028_t1811194_x1041964E_y063248N_l0473_s1142_v23,2025-10-28 20:29:00,6.324775,104.196358,6.62357,2025-10-28 18:11:19,2025-10-29 01:11:19,473,1142,0.236967,1,2401,0.421753,0.055,0.822515,0.4,0.92146,0.75,4.99168e-17,0.0001,1.03897e-12,999999,999999,3,Malaysian Exclusive Economic Zone,,,SVDNB_npp_d20251028_t1810275_e1811517_b72560_c20251028193205056000_oebc_ops.h5,GDNBO_npp_d20251028_t1810275_e1811517_b72560_c20251028192939737000_oebc_ops.h5,SVI04_npp_d20251028_t1810275_e1811517_b72560_c20251028193214149000_oebc_ops.dspace_rad,,eez_v11.shp,WPP_BFAR_merge.shp,vbd_mpa_r20170830.shp,VNF-VBD_npp_20120301-20151231_global_asia-enhanced_c201607211230.bitmask,vbd_landsea_r20220824.mask,timezone.shp,VBD_platforms-recurring_2015_r20170330.shp,999999,VBD_bridges_c20160811.shp,10.404151;8.502419;6.138182;1.273068;3.487974;5.509554,96.985527;110.863861;124.483452;123.301933;109.736603;96.013321,npp_d20251028_t1806113_e1807355_b72560;npp_d20251028_t1807367_e1809009_b72560;npp_d20251028_t1809021_e1810263_b72560;npp_d20251028_t1810275_e1811517_b72560,158.076,110.382,43.759,98.1424,117.601,-114.993
425,VBD_npp_d20251028_t1811265_x1041223E_y059263N_l0534_s1144_v23,2025-10-28 20:29:00,5.926280,104.122276,13.2079,2025-10-28 18:11:26,2025-10-29 02:11:26,534,1144,0.377166,8,18785,0.649108,0.055,0.85712,0.4,0.940879,0.75,5.58008e-17,0.0001,1.00674e-12,999999,999999,3,Malaysian Exclusive Economic Zone,,,SVDNB_npp_d20251028_t1810275_e1811517_b72560_c20251028193205056000_oebc_ops.h5,GDNBO_npp_d20251028_t1810275_e1811517_b72560_c20251028192939737000_oebc_ops.h5,SVI04_npp_d20251028_t1810275_e1811517_b72560_c20251028193214149000_oebc_ops.dspace_rad,,eez_v11.shp,WPP_BFAR_merge.shp,vbd_mpa_r20170830.shp,VNF-VBD_npp_20120301-20151231_global_asia-enhanced_c201607211230.bitmask,vbd_landsea_r20220824.mask,timezone.shp,VBD_platforms-recurring_2015_r20170330.shp,0.358426,VBD_bridges_c20160811.shp,10.404151;8.502419;6.138182;1.273068;3.487974;5.509554,96.985527;110.863861;124.483452;123.301933;109.736603;96.013321,npp_d20251028_t1806113_e1807355_b72560;npp_d20251028_t1807367_e1809009_b72560;npp_d20251028_t1809021_e1810263_b72560;npp_d20251028_t1810275_e1811517_b72560,157.975,111.339,43.6907,98.3731,117.393,-115.169
428,VBD_npp_d20251028_t1811283_x1041301E_y058390N_l0547_s1148_v23,2025-10-28 20:29:00,5.838958,104.130150,1.47836,2025-10-28 18:11:28,2025-10-29 02:11:28,547,1148,0.265846,8,51553,0.0902336,0.055,0.792309,0.4,0.813787,0.75,5.58023e-17,0.0001,9.89671e-13,999999,999999,3,Malaysian Exclusive Economic Zone,,,SVDNB_npp_d20251028_t1810275_e1811517_b72560_c20251028193205056000_oebc_ops.h5,GDNBO_npp_d20251028_t1810275_e1811517_b72560_c20251028192939737000_oebc_ops.h5,SVI04_npp_d20251028_t1810275_e1811517_b72560_c20251028193214149000_oebc_ops.dspace_rad,,eez_v11.shp,WPP_BFAR_merge.shp,vbd_mpa_r20170830.shp,VNF-VBD_npp_20120301-20151231_global_asia-enhanced_c201607211230.bitmask,vbd_landsea_r20220824.mask,timezone.shp,VBD_platforms-recurring_2015_r20170330.shp,0.195272,VBD_bridges_c20160811.shp,10.404151;8.502419;6.138182;1.273068;3.487974;5.509554,96.985527;110.863861;124.483452;123.301933;109.736603;96.013321,npp_d20251028_t1806113_e1807355_b72560;npp_d20251028_t1807367_e1809009_b72560;npp_d20251028_t1809021_e1810263_b72560;npp_d20251028_t1810275_e1811517_b72560,157.929,111.528,43.5472,98.5861,117.369,-115.21
430,VBD_npp_d20251028_t1811194_x1042426E_y063110N_l0474_s1149_v23,2025-10-28 20:29:00,6.310952,104.242569,1.69452,2025-10-28 18:11:19,2025-10-29 01:11:19,474,1149,0.242942,2,2337,0.107478,0.055,0.830096,0.4,0.671664,0.75,4.81846e-17,0.0001,9.99928e-13,999999,999999,3,Malaysian Exclusive Economic Zone,,,SVDNB_npp_d20251028_t1810275_e1811517_b72560_c20251028193205056000_oebc_ops.h5,GDNBO_npp_d20251028_t1810275_e1811517_b72560_c20251028192939737000_oebc_ops.h5,SVI04_npp_d20251028_t1810275_e1811517_b72560_c20251028193214149000_oebc_ops.dspace_rad,,eez_v11.shp,WPP_BFAR_merge.shp,vbd_mpa_r20170830.shp,VNF-VBD_npp_20120301-20151231_global_asia-enhanced_c201607211230.bitmask,vbd_landsea_r20220824.mask,timezone.shp,VBD_platforms-recurring_2015_r20170330.shp,999999,VBD_bridges_c20160811.shp,10.404151;8.502419;6.138182;1.273068;3.487974;5.509554,96.985527;110.863861;124.483452;123.301933;109.736603;96.013321,npp_d20251028_t1806113_e1807355_b72560;npp_d20251028_t1807367_e1809009_b72560;npp_d20251028_t1809021_e1810263_b72560;npp_d20251028_t1810275_e1811517_b72560,158.028,110.379,43.511,98.0803,117.636,-115.004
433,VBD_npp_d20251028_t1811194_x1042513E_y062747N_l0479_s1151_v23,2025-10-28 20:29:00,6.274746,104.251305,15.0795,2025-10-28 18:11:19,2025-10-29 01:11:19,479,1151,0.412091,1,2401,0.694266,0.055,0.87244,0.4,0.961141,0.75,4.84405e-17,0.0001,9.72454e-13,999999,999999,3,Malaysian Exclusive Economic Zone,,,SVDNB_npp_d20251028_t1810275_e1811517_b72560_c20251028193205056000_oebc_ops.h5,GDNBO_npp_d20251028_t1810275_e1811517_b72560_c20251028192939737000_oebc_ops.h5,SVI04_npp_d20251028_t1810275_e1811517_b72560_c20251028193214149000_oebc_ops.dspace_rad,,eez_v11.shp,WPP_BFAR_merge.shp,vbd_mpa_r20170830.shp,VNF-VBD_npp_20120301-20151231_global_asia-enhanced_c201607211230.bitmask,vbd_landsea_r20220824.mask,timezone.shp,VBD_platforms-recurring_2015_r20170330.shp,999999,VBD_bridges_c20160811.shp,10.404151;8.502419;6.138182;1.273068;3.487974;5.509554,96.985527;110.863861;124.483452;123.301933;109.736603;96.013321,npp_d20251028_t1806113_e1807355_b72560;npp_d20251028_t1807367_e1809009_b72560;npp_d20251028_t1809021_e1810263_b72560;npp_d20251028_t1810275_e1811517_b72560,158.007,110.457,43.4398,97.7518,117.629,-115.022
434,VBD_npp_d20251028_t1811247_x1041892E_y059544N_l0528_s1152_v23,2025-10-28 20:29:00,5.954366,104.189201,2.81281,2025-10-28 18:11:24,2025-10-29 02:11:24,528,1152,0.322324,4,35173,0.194018,0.055,0.694583,0.4,0.787302,0.75,5.28059e-17,0.0001,9.41863e-13,999999,999999,3,Malaysian Exclusive Economic Zone,,,SVDNB_npp_d20251028_t1810275_e1811517_b72560_c20251028193205056000_oebc_ops.h5,GDNBO_npp_d20251028_t1810275_e1811517_b72560_c20251028192939737000_oebc_ops.h5,SVI04_npp_d20251028_t1810275_e1811517_b72560_c20251028193214149000_oebc_ops.dspace_rad,,eez_v11.shp,WPP_BFAR_merge.shp,vbd_mpa_r20170830.shp,VNF-VBD_npp_20120301-20151231_global_asia-enhanced_c201607211230.bitmask,vbd_landsea_r20220824.mask,timezone.shp,VBD_platforms-recurring_2015_r20170330.shp,999999,VBD_bridges_c20160811.shp,10.404151;8.502419;6.138182;1.273068;3.487974;5.509554,96.985527;110.863861;124.483452;123.301933;109.736603;96.013321,npp_d20251028_t1806113_e1807355_b72560;npp_d20251028_t1807367_e1809009_b72560;npp_d20251028_t1809021_e1810263_b72560;npp_d20251028_t1810275_e1811517_b72560,157.93,111.228,43.4061,97.7132,117.458,-115.163
435,VBD_npp_d20251028_t1811283_x1041567E_y058280N_l0548_s1152_v23,2025-10-28 20:29:00,5.827994,104.156746,4.5128,2025-10-28 18:11:28,2025-10-29 02:11:28,548,1152,0.31706,4,35173,0.312632,0.055,0.835567,0.4,0.888199,0.75,5.46458e-17,0.0001,9.66689e-13,999999,999999,3,Malaysian Exclusive Economic Zone,,,SVDNB_npp_d20251028_t1810275_e1811517_b72560_c20251028193205056000_oebc_ops.h5,GDNBO_npp_d20251028_t1810275_e1811517_b72560_c20251028192939737000_oebc_ops.h5,SVI04_npp_d20251028_t1810275_e1811517_b72560_c20251028193214149000_oebc_ops.dspace_rad,,eez_v11.shp,WPP_BFAR_merge.shp,vbd_mpa_r20170830.shp,VNF-VBD_npp_20120301-20151231_global_asia-enhanced_c201607211230.bitmask,vbd_landsea_r20220824.mask,timezone.shp,VBD_platforms-recurring_2015_r20170330.shp,999999,VBD_bridges_c20160811.shp,10.404151;8.502419;6.138182;1.273068;3.487974;5.509554,96.985527;110.863861;124.483452;123.301933;109.736603;96.013321,npp_d20251028_t1806113_e1807355_b72560;npp_d20251028_t1807367_e1809009_b72560;npp_d20251028_t1809021_e1810263_b72560;npp_d20251028_t1810275_e1811517_b72560,157.901,111.532,43.4013,98.5237,117.388,-115.218
437,VBD_npp_d20251028_t1811265_x1041894E_y059518N_l0529_s1153_v23,2025-10-28 20:29:00,5.951815,104.189369,2.27284,2025-10-28 18:11:26,2025-10-29 02:11:26,529,1153,0.342027,4,35109,0.153907,0.055,0.694583,0.4,0.735786,0.75,5.25952e-17,0.0001,9.80043e-13,999999,999999,3,Malaysian Exclusive Economic Zone,,,SVDNB_npp_d20251028_t1810275_e1811517_b72560_c20251028193205056000_oebc_ops.h5,GDNBO_npp_d20251028_t1810275_e1811517_b72560_c20251028192939737000_oebc_ops.h5,SVI04_npp_d20251028_t1810275_e1811517_b72560_c20251028193214149000_oebc_ops.dspace_rad,,eez_v11.shp,WPP_BFAR_merge.shp,vbd_mpa_r20170830.shp,VNF-VBD_npp_20120301-20151231_global_asia-enhanced_c201607211230.bitmask,vbd_landsea_r20220824.mask,timezone.shp,VBD_platforms-recurring_2015_r20170330.shp,999999,VBD_bridges_c20160811.shp,10.404151;8.502419;6.138182;1.273068;3.487974;5.509554,96.985527;110.863861;124.483452;123.301933;109.736603;96.013321,npp_d20251028_t1806113_e1807355_b72560;npp_d20251028_t1807367_e1809009_b72560;npp_d20251028_t1809021_e1810263_b72560;npp_d20251028_t1810275_e1811517_b72560,157.922,111.227,43.3645,98.7152,117.463,-115.165
439,VBD_npp_d20251028_t1811283_x1041743E_y058044N_l0551_s1155_v23,2025-10-28 20:29:00,5.804438,104.174332,6.60867,2025-10-28 18:11:28,2025-10-29 02:11:28,551,1155,0.343521,8,51553,0.432559,0.055,0.820471,0.4,0.93093,0.75,5.39792e-17,0.0001,9.4247e-13,999999,999999,3,Malaysian Exclusive Economic Zone,,,SVDNB_npp_d20251028_t1810275_e1811517_b72560_c20251028193205056000_oebc_ops.h5,GDNBO_npp_d20251028_t1810275_e1811517_b72560_c20251028192939737000_oebc_ops.h5,SVI04_npp_d20251028_t1810275_e1811517_b72560_c20251028193214149000_oebc_ops.dspace_rad,,eez_v11.shp,WPP_BFAR_merge.shp,vbd_mpa_r20170830.shp,VNF-VBD_npp_20120301-20151231_global_asia-enhanced_c201607211230.bitmask,vbd_landsea_r20220824.mask,timezone.shp,VBD_platforms-recurring_2015_r20170330.shp,0.952124,VBD_bridges_c20160811.shp,10.404151;8.502419;6.138182;1.273068;3.487974;5.509554,96.985527;110.863861;124.483452;123.301933;109.736603;96.013321,npp_d20251028_t1806113_e1807355_b72560;npp_d20251028_t1807367_e1809009_b72560;npp_d20251028_t1809021_e1810263_b72560;npp_d20251028_t1810275_e1811517_b72560,157.876,111.571,43.2921,98.3278,117.394,-115.231
440,VBD_npp_d20251028_t1811300_x1041532E_y057072N_l0566_s1155_v23,2025-10-28 20:29:00,5.707217,104.153244,1.85715,2025-10-28 18:11:30,2025-10-29 02:11:30,566,1155,0.327232,2,2337,0.112895,0.055,0.424635,0.4,0.703715,0.75,5.53357e-17,0.0001,9.38071e-13,999999,999999,3,Malaysian Exclusive Economic Zone,,,SVDNB_npp_d20251028_t1810275_e1811517_b72560_c20251028193205056000_oebc_ops.h5,GDNBO_npp_d20251028_t1810275_e1811517_b72560_c20251028192939737000_oebc_ops.h5,SVI04_npp_d20251028_t1810275_e1811517_b72560_c20251028193214149000_oebc_ops.dspace_rad,,eez_v11.shp,WPP_BFAR_merge.shp,vbd_mpa_r20170830.shp,VNF-VBD_npp_20120301-20151231_global_asia-enhanced_c201607211230.bitmask,vbd_landsea_r20220824.mask,timezone.shp,VBD_platforms-recurring_2015_r20170330.shp,999999,VBD_bridges_c20160811.shp,10.404151;8.502419;6.138182;1.273068;3.487974;5.509554,96.985527;110.863861;124.483452;123.301933;109.736603;96.013321,npp_d20251028_t1806113_e1807355_b72560;npp_d20251028_t1807367_e1809009_b72560;npp_d20251028_t1809021_e1810263_b72560;npp_d20251028_t1810275_e1811517_b72560,157.852,111.804,43.2897,98.4052,117.34,-115.273
442,VBD_npp_d20251028_t1811300_x1041591E_y056994N_l0567_s1156_v23,2025-10-28 20:29:00,5.699377,104.159088,1.60303,2025-10-28 18:11:30,2025-10-29 02:11:30,567,1156,0.322253,2,2337,0.0923711,0.055,0.408653,0.4,0.591887,0.75,5.51037e-17,0.0001,9.30233e-13,999999,999999,3,Malaysian Exclusive Economic Zone,,,SVDNB_npp_d20251028_t1810275_e1811517_b72560_c20251028193205056000_oebc_ops.h5,GDNBO_npp_d20251028_t1810275_e1811517_b72560_c20251028192939737000_oebc_ops.h5,SVI04_npp_d20251028_t1810275_e1811517_b72560_c20251028193214149000_oebc_ops.dspace_rad,,eez_v11.shp,WPP_BFAR_merge.shp,vbd_mpa_r20170830.shp,VNF-VBD_npp_20120301-20151231_global_asia-enhanced_c201607211230.bitmask,vbd_landsea_r20220824.mask,timezone.shp,VBD_platforms-recurring_2015_r20170330.shp,999999,VBD_bridges_c20160811.shp,10.404151;8.502419;6.138182;1.273068;3.487974;5.509554,96.985527;110.863861;124.483452;123.301933;109.736603;96.013321,npp_d20251028_t1806113_e1807355_b72560;npp_d20251028_t1807367_e1809009_b72560;npp_d20251028_t1809021_e1810263_b72560;npp_d20251028_t1810275_e1811517_b72560,157.844,111.818,43.2533,98.3397,117.342,-115.277
444,VBD_npp_d20251028_t1811283_x1041911E_y058229N_l0548_s1157_v23,2025-10-28 20:29:00,5.822875,104.191093,2.14285,2025-10-28 18:11:28,2025-10-29 02:11:28,548,1157,0.347575,8,51553,0.156736,0.055,0.829832,0.4,0.814261,0.75,5.30826e-17,0.0001,9.43165e-13,999999,999999,3,Malaysian Exclusive Economic Zone,,,SVDNB_npp_d20251028_t1810275_e1811517_b72560_c20251028193205056000_oebc_ops.h5,GDNBO_npp_d20251028_t1810275_e1811517_b72560_c20251028192939737000_oebc_ops.h5,SVI04_npp_d20251028_t1810275_e1811517_b72560_c20251028193214149000_oebc_ops.dspace_rad,,eez_v11.shp,WPP_BFAR_merge.shp,vbd_mpa_r20170830.shp,VNF-VBD_npp_20120301-20151231_global_asia-enhanced_c201607211230.bitmask,vbd_landsea_r20220824.mask,timezone.shp,VBD_platforms-recurring_2015_r20170330.shp,0.462403,VBD_bridges_c20160811.shp,10.404151;8.502419;6.138182;1.273068;3.487974;5.509554,96.985527;110.863861;124.483452;123.301933;109.736603;96.013321,npp_d20251028_t1806113_e1807355_b72560;npp_d20251028_t1807367_e1809009_b72560;npp_d20251028_t1809021_e1810263_b72560;npp_d20251028_t1810275_e1811517_b72560,157.867,111.516,43.2192,98.5279,117.417,-115.224
446,VBD_npp_d20251028_t1811105_x1044465E_y068810N_l0385_s1161_v23,2025-10-28 20:29:00,6.881032,104.446472,6.62425,2025-10-28 18:11:10,2025-10-29 01:11:10,385,1161,0.276942,1,2401,0.386753,0.055,0.769071,0.4,0.849288,0.75,3.15182e-17,0.0001,1.01177e-12,999999,999999,3,Vietnamese Exclusive Economic Zone,,,SVDNB_npp_d20251028_t1810275_e1811517_b72560_c20251028193205056000_oebc_ops.h5,GDNBO_npp_d20251028_t1810275_e1811517_b72560_c20251028192939737000_oebc_ops.h5,SVI04_npp_d20251028_t1810275_e1811517_b72560_c20251028193214149000_oebc_ops.dspace_rad,,eez_v11.shp,WPP_BFAR_merge.shp,vbd_mpa_r20170830.shp,VNF-VBD_npp_20120301-20151231_global_asia-enhanced_c201607211230.bitmask,vbd_landsea_r20220824.mask,timezone.shp,VBD_platforms-recurring_2015_r20170330.shp,999999,VBD_bridges_c20160811.shp,10.404151;8.502419;6.138182;1.273068;3.487974;5.509554,96.985527;110.863861;124.483452;123.301933;109.736603;96.013321,npp_d20251028_t1806113_e1807355_b72560;npp_d20251028_t1807367_e1809009_b72560;npp_d20251028_t1809021_e1810263_b72560;npp_d20251028_t1810275_e1811517_b72560,158.064,108.928,43.0734,98.6384,118.025,-114.757
448,VBD_npp_d20251028_t1811105_x1044658E_y068226N_l0393_s1165_v23,2025-10-28 20:29:00,6.822615,104.465759,2.44464,2025-10-28 18:11:10,2025-10-29 01:11:10,393,1165,0.336123,1,2401,0.174623,0.055,0.660614,0.4,0.772181,0.75,3.19327e-17,0.0001,9.63731e-13,999999,999999,3,Vietnamese Exclusive Economic Zone,,,SVDNB_npp_d20251028_t1810275_e1811517_b72560_c20251028193205056000_oebc_ops.h5,GDNBO_npp_d20251028_t1810275_e1811517_b72560_c20251028192939737000_oebc_ops.h5,SVI04_npp_d20251028_t1810275_e1811517_b72560_c20251028193214149000_oebc_ops.dspace_rad,,eez_v11.shp,WPP_BFAR_merge.shp,vbd_mpa_r20170830.shp,VNF-VBD_npp_20120301-20151231_global_asia-enhanced_c201607211230.bitmask,vbd_landsea_r20220824.mask,timezone.shp,VBD_platforms-recurring_2015_r20170330.shp,999999,VBD_bridges_c20160811.shp,10.404151;8.502419;6.138182;1.273068;3.487974;5.509554,96.985527;110.863861;124.483452;123.301933;109.736603;96.013321,npp_d20251028_t1806113_e1807355_b72560;npp_d20251028_t1807367_e1809009_b72560;npp_d20251028_t1809021_e1810263_b72560;npp_d20251028_t1810275_e1811517_b72560,158.027,109.052,42.9279,98.11,118.018,-114.786
449,VBD_npp_d20251028_t1810491_x1047537E_y081118N_l0195_s1167_v23,2025-10-28 20:29:00,8.111777,104.753670,2.074,2025-10-28 18:10:49,2025-10-29 01:10:49,195,1167,0.126856,1,2401,0.131632,0.055,0.735937,0.4,0.750671,0.75,1.46042e-17,0.0001,1.07018e-12,999999,999999,3,Vietnamese Exclusive Economic Zone,,,SVDNB_npp_d20251028_t1810275_e1811517_b72560_c20251028193205056000_oebc_ops.h5,GDNBO_npp_d20251028_t1810275_e1811517_b72560_c20251028192939737000_oebc_ops.h5,SVI04_npp_d20251028_t1810275_e1811517_b72560_c20251028193214149000_oebc_ops.dspace_rad,,eez_v11.shp,WPP_BFAR_merge.shp,vbd_mpa_r20170830.shp,VNF-VBD_npp_20120301-20151231_global_asia-enhanced_c201607211230.bitmask,vbd_landsea_r20220824.mask,timezone.shp,VBD_platforms-recurring_2015_r20170330.shp,999999,VBD_bridges_c20160811.shp,10.404151;8.502419;6.138182;1.273068;3.487974;5.509554,96.985527;110.863861;124.483452;123.301933;109.736603;96.013321,npp_d20251028_t1806113_e1807355_b72560;npp_d20251028_t1807367_e1809009_b72560;npp_d20251028_t1809021_e1810263_b72560;npp_d20251028_t1810275_e1811517_b72560,158.225,105.867,42.8543,98.4039,118.729,-114.192
450,VBD_npp_d20251028_t1811105_x1044874E_y068750N_l0385_s1167_v23,2025-10-28 20:29:00,6.874952,104.487366,1.65613,2025-10-28 18:11:10,2025-10-29 01:11:10,385,1167,0.26798,2,2337,0.0817794,0.055,0.646521,0.4,0.630111,0.75,3.03757e-17,0.0001,9.82096e-13,999999,999999,3,Vietnamese Exclusive Economic Zone,,,SVDNB_npp_d20251028_t1810275_e1811517_b72560_c20251028193205056000_oebc_ops.h5,GDNBO_npp_d20251028_t1810275_e1811517_b72560_c20251028192939737000_oebc_ops.h5,SVI04_npp_d20251028_t1810275_e1811517_b72560_c20251028193214149000_oebc_ops.dspace_rad,,eez_v11.shp,WPP_BFAR_merge.shp,vbd_mpa_r20170830.shp,VNF-VBD_npp_20120301-20151231_global_asia-enhanced_c201607211230.bitmask,vbd_landsea_r20220824.mask,timezone.shp,VBD_platforms-recurring_2015_r20170330.shp,999999,VBD_bridges_c20160811.shp,10.404151;8.502419;6.138182;1.273068;3.487974;5.509554,96.985527;110.863861;124.483452;123.301933;109.736603;96.013321,npp_d20251028_t1806113_e1807355_b72560;npp_d20251028_t1807367_e1809009_b72560;npp_d20251028_t1809021_e1810263_b72560;npp_d20251028_t1810275_e1811517_b72560,158.023,108.915,42.8553,98.6451,118.059,-114.764
451,VBD_npp_d20251028_t1811194_x1043750E_y063541N_l0465_s1167_v23,2025-10-28 20:29:00,6.354143,104.374954,2.90216,2025-10-28 18:11:19,2025-10-29 01:11:19,465,1167,0.353337,1,2401,0.197288,0.055,0.717199,0.4,0.820238,0.75,4.19916e-17,0.0001,9.44524e-13,999999,999999,3,Malaysian Exclusive Economic Zone,,,SVDNB_npp_d20251028_t1810275_e1811517_b72560_c20251028193205056000_oebc_ops.h5,GDNBO_npp_d20251028_t1810275_e1811517_b72560_c20251028192939737000_oebc_ops.h5,SVI04_npp_d20251028_t1810275_e1811517_b72560_c20251028193214149000_oebc_ops.dspace_rad,,eez_v11.shp,WPP_BFAR_merge.shp,vbd_mpa_r20170830.shp,VNF-VBD_npp_20120301-20151231_global_asia-enhanced_c201607211230.bitmask,vbd_landsea_r20220824.mask,timezone.shp,VBD_platforms-recurring_2015_r20170330.shp,999999,VBD_bridges_c20160811.shp,10.404151;8.502419;6.138182;1.273068;3.487974;5.509554,96.985527;110.863861;124.483452;123.301933;109.736603;96.013321,npp_d20251028_t1806113_e1807355_b72560;npp_d20251028_t1807367_e1809009_b72560;npp_d20251028_t1809021_e1810263_b72560;npp_d20251028_t1810275_e1811517_b72560,157.92,110.181,42.8559,98.6919,117.773,-114.998
452,VBD_npp_d20251028_t1811283_x1042589E_y057642N_l0555_s1168_v23,2025-10-28 20:29:00,5.764212,104.258934,3.6419,2025-10-28 18:11:28,2025-10-29 02:11:28,555,1168,0.352057,4,100709,0.271592,0.055,0.741909,0.4,0.87685,0.75,5.02293e-17,0.0001,8.73013e-13,999999,999999,3,Malaysian Exclusive Economic Zone,,,SVDNB_npp_d20251028_t1810275_e1811517_b72560_c20251028193205056000_oebc_ops.h5,GDNBO_npp_d20251028_t1810275_e1811517_b72560_c20251028192939737000_oebc_ops.h5,SVI04_npp_d20251028_t1810275_e1811517_b72560_c20251028193214149000_oebc_ops.dspace_rad,,eez_v11.shp,WPP_BFAR_merge.shp,vbd_mpa_r20170830.shp,VNF-VBD_npp_20120301-20151231_global_asia-enhanced_c201607211230.bitmask,vbd_landsea_r20220824.mask,timezone.shp,VBD_platforms-recurring_2015_r20170330.shp,999999,VBD_bridges_c20160811.shp,10.404151;8.502419;6.138182;1.273068;3.487974;5.509554,96.985527;110.863861;124.483452;123.301933;109.736603;96.013321,npp_d20251028_t1806113_e1807355_b72560;npp_d20251028_t1807367_e1809009_b72560;npp_d20251028_t1809021_e1810263_b72560;npp_d20251028_t1810275_e1811517_b72560,157.783,111.596,42.82,98.0701,117.453,-115.259
453,VBD_npp_d20251028_t1810491_x1047759E_y080739N_l0200_s1171_v23,2025-10-28 20:29:00,8.073939,104.775925,4.83687,2025-10-28 18:10:49,2025-10-29 01:10:49,200,1171,0.22523,1,2401,0.321424,0.055,0.75306,0.4,0.859617,0.75,1.45662e-17,0.0001,1.02948e-12,999999,999999,3,Vietnamese Exclusive Economic Zone,,,SVDNB_npp_d20251028_t1810275_e1811517_b72560_c20251028193205056000_oebc_ops.h5,GDNBO_npp_d20251028_t1810275_e1811517_b72560_c20251028192939737000_oebc_ops.h5,SVI04_npp_d20251028_t1810275_e1811517_b72560_c20251028193214149000_oebc_ops.dspace_rad,,eez_v11.shp,WPP_BFAR_merge.shp,vbd_mpa_r20170830.shp,VNF-VBD_npp_20120301-20151231_global_asia-enhanced_c201607211230.bitmask,vbd_landsea_r20220824.mask,timezone.shp,VBD_platforms-recurring_2015_r20170330.shp,999999,VBD_bridges_c20160811.shp,10.404151;8.502419;6.138182;1.273068;3.487974;5.509554,96.985527;110.863861;124.483452;123.301933;109.736603;96.013321,npp_d20251028_t1806113_e1807355_b72560;npp_d20251028_t1807367_e1809009_b72560;npp_d20251028_t1809021_e1810263_b72560;npp_d20251028_t1810275_e1811517_b72560,158.194,105.946,42.7091,98.074,118.733,-114.212
454,VBD_npp_d20251028_t1810562_x1046844E_y076436N_l0266_s1171_v23,2025-10-28 20:29:00,7.643644,104.684395,2.26397,2025-10-28 18:10:56,2025-10-29 01:10:56,266,1171,0.191016,1,2401,0.149428,0.055,0.533326,0.4,0.769131,0.75,1.88968e-17,0.0001,9.91568e-13,999999,999999,3,Vietnamese Exclusive Economic Zone,,,SVDNB_npp_d20251028_t1810275_e1811517_b72560_c20251028193205056000_oebc_ops.h5,GDNBO_npp_d20251028_t1810275_e1811517_b72560_c20251028192939737000_oebc_ops.h5,SVI04_npp_d20251028_t1810275_e1811517_b72560_c20251028193214149000_oebc_ops.dspace_rad,,eez_v11.shp,WPP_BFAR_merge.shp,vbd_mpa_r20170830.shp,VNF-VBD_npp_20120301-20151231_global_asia-enhanced_c201607211230.bitmask,vbd_landsea_r20220824.mask,timezone.shp,VBD_platforms-recurring_2015_r20170330.shp,999999,VBD_bridges_c20160811.shp,10.404151;8.502419;6.138182;1.273068;3.487974;5.509554,96.985527;110.863861;124.483452;123.301933;109.736603;96.013321,npp_d20251028_t1806113_e1807355_b72560;npp_d20251028_t1807367_e1809009_b72560;npp_d20251028_t1809021_e1810263_b72560;npp_d20251028_t1810275_e1811517_b72560,158.131,107.011,42.7112,97.9762,118.501,-114.413
455,VBD_npp_d20251028_t1811247_x1043368E_y060094N_l0517_s1172_v23,2025-10-28 20:29:00,6.009361,104.336761,15.0562,2025-10-28 18:11:24,2025-10-29 02:11:24,517,1172,0.330717,1,2401,0.681413,0.055,0.908305,0.4,0.944381,0.75,4.58633e-17,0.0001,8.88503e-13,999999,999999,3,Malaysian Exclusive Economic Zone,,,SVDNB_npp_d20251028_t1810275_e1811517_b72560_c20251028193205056000_oebc_ops.h5,GDNBO_npp_d20251028_t1810275_e1811517_b72560_c20251028192939737000_oebc_ops.h5,SVI04_npp_d20251028_t1810275_e1811517_b72560_c20251028193214149000_oebc_ops.dspace_rad,,eez_v11.shp,WPP_BFAR_merge.shp,vbd_mpa_r20170830.shp,VNF-VBD_npp_20120301-20151231_global_asia-enhanced_c201607211230.bitmask,vbd_landsea_r20220824.mask,timezone.shp,VBD_platforms-recurring_2015_r20170330.shp,999999,VBD_bridges_c20160811.shp,10.404151;8.502419;6.138182;1.273068;3.487974;5.509554,96.985527;110.863861;124.483452;123.301933;109.736603;96.013321,npp_d20251028_t1806113_e1807355_b72560;npp_d20251028_t1807367_e1809009_b72560;npp_d20251028_t1809021_e1810263_b72560;npp_d20251028_t1810275_e1811517_b72560,157.813,110.987,42.6761,98.4555,117.613,-115.154
458,VBD_npp_d20251028_t1811194_x1044122E_y062794N_l0475_s1174_v23,2025-10-28 20:29:00,6.279407,104.412224,8.92667,2025-10-28 18:11:19,2025-10-29 01:11:19,475,1174,0.410953,1,2401,0.517341,0.055,0.877918,0.4,0.923097,0.75,4.1537e-17,0.0001,8.81901e-13,999999,999999,3,Malaysian Exclusive Economic Zone,,,SVDNB_npp_d20251028_t1810275_e1811517_b72560_c20251028193205056000_oebc_ops.h5,GDNBO_npp_d20251028_t1810275_e1811517_b72560_c20251028192939737000_oebc_ops.h5,SVI04_npp_d20251028_t1810275_e1811517_b72560_c20251028193214149000_oebc_ops.dspace_rad,,eez_v11.shp,WPP_BFAR_merge.shp,vbd_mpa_r20170830.shp,VNF-VBD_npp_20120301-20151231_global_asia-enhanced_c201607211230.bitmask,vbd_landsea_r20220824.mask,timezone.shp,VBD_platforms-recurring_2015_r20170330.shp,999999,VBD_bridges_c20160811.shp,10.404151;8.502419;6.138182;1.273068;3.487974;5.509554,96.985527;110.863861;124.483452;123.301933;109.736603;96.013321,npp_d20251028_t1806113_e1807355_b72560;npp_d20251028_t1807367_e1809009_b72560;npp_d20251028_t1809021_e1810263_b72560;npp_d20251028_t1810275_e1811517_b72560,157.859,110.326,42.6022,98.029,117.775,-115.036
459,VBD_npp_d20251028_t1811211_x1043987E_y062358N_l0482_s1174_v23,2025-10-28 20:29:00,6.235823,104.398689,11.3253,2025-10-28 18:11:21,2025-10-29 01:11:21,482,1174,0.409531,1,2401,0.596689,0.055,0.883365,0.4,0.947204,0.75,4.24505e-17,0.0001,9.02925e-13,999999,999999,3,Malaysian Exclusive Economic Zone,,,SVDNB_npp_d20251028_t1810275_e1811517_b72560_c20251028193205056000_oebc_ops.h5,GDNBO_npp_d20251028_t1810275_e1811517_b72560_c20251028192939737000_oebc_ops.h5,SVI04_npp_d20251028_t1810275_e1811517_b72560_c20251028193214149000_oebc_ops.dspace_rad,,eez_v11.shp,WPP_BFAR_merge.shp,vbd_mpa_r20170830.shp,VNF-VBD_npp_20120301-20151231_global_asia-enhanced_c201607211230.bitmask,vbd_landsea_r20220824.mask,timezone.shp,VBD_platforms-recurring_2015_r20170330.shp,999999,VBD_bridges_c20160811.shp,10.404151;8.502419;6.138182;1.273068;3.487974;5.509554,96.985527;110.863861;124.483452;123.301933;109.736603;96.013321,npp_d20251028_t1806113_e1807355_b72560;npp_d20251028_t1807367_e1809009_b72560;npp_d20251028_t1809021_e1810263_b72560;npp_d20251028_t1810275_e1811517_b72560,157.85,110.431,42.6016,98.6384,117.751,-115.055
461,VBD_npp_d20251028_t1811247_x1043519E_y059726N_l0522_s1175_v23,2025-10-28 20:29:00,5.972553,104.351929,21.5785,2025-10-28 18:11:24,2025-10-29 02:11:24,522,1175,0.399074,1,2401,0.824011,0.055,0.916034,0.4,0.946646,0.75,4.53739e-17,0.0001,8.61041e-13,999999,999999,3,Malaysian Exclusive Economic Zone,,,SVDNB_npp_d20251028_t1810275_e1811517_b72560_c20251028193205056000_oebc_ops.h5,GDNBO_npp_d20251028_t1810275_e1811517_b72560_c20251028192939737000_oebc_ops.h5,SVI04_npp_d20251028_t1810275_e1811517_b72560_c20251028193214149000_oebc_ops.dspace_rad,,eez_v11.shp,WPP_BFAR_merge.shp,vbd_mpa_r20170830.shp,VNF-VBD_npp_20120301-20151231_global_asia-enhanced_c201607211230.bitmask,vbd_landsea_r20220824.mask,timezone.shp,VBD_platforms-recurring_2015_r20170330.shp,999999,VBD_bridges_c20160811.shp,10.404151;8.502419;6.138182;1.273068;3.487974;5.509554,96.985527;110.863861;124.483452;123.301933;109.736603;96.013321,npp_d20251028_t1806113_e1807355_b72560;npp_d20251028_t1807367_e1809009_b72560;npp_d20251028_t1809021_e1810263_b72560;npp_d20251028_t1810275_e1811517_b72560,157.786,111.059,42.5679,98.1227,117.611,-115.173
462,VBD_npp_d20251028_t1811194_x1044404E_y063305N_l0467_s1177_v23,2025-10-28 20:29:00,6.330526,104.440437,8.16655,2025-10-28 18:11:19,2025-10-29 01:11:19,467,1177,0.391677,1,2401,0.498588,0.055,0.853385,0.4,0.93808,0.75,3.96312e-17,0.0001,8.94071e-13,999999,999999,3,Malaysian Exclusive Economic Zone,,,SVDNB_npp_d20251028_t1810275_e1811517_b72560_c20251028193205056000_oebc_ops.h5,GDNBO_npp_d20251028_t1810275_e1811517_b72560_c20251028192939737000_oebc_ops.h5,SVI04_npp_d20251028_t1810275_e1811517_b72560_c20251028193214149000_oebc_ops.dspace_rad,,eez_v11.shp,WPP_BFAR_merge.shp,vbd_mpa_r20170830.shp,VNF-VBD_npp_20120301-20151231_global_asia-enhanced_c201607211230.bitmask,vbd_landsea_r20220824.mask,timezone.shp,VBD_platforms-recurring_2015_r20170330.shp,999999,VBD_bridges_c20160811.shp,10.404151;8.502419;6.138182;1.273068;3.487974;5.509554,96.985527;110.863861;124.483452;123.301933;109.736603;96.013321,npp_d20251028_t1806113_e1807355_b72560;npp_d20251028_t1807367_e1809009_b72560;npp_d20251028_t1809021_e1810263_b72560;npp_d20251028_t1810275_e1811517_b72560,157.85,110.188,42.4926,98.5679,117.821,-115.015
463,VBD_npp_d20251028_t1811247_x1043848E_y060091N_l0516_s1179_v23,2025-10-28 20:29:00,6.009130,104.384796,34.238,2025-10-28 18:11:24,2025-10-29 02:11:24,516,1179,0.388547,1,2401,0.966084,0.055,0.909387,0.4,0.974362,0.75,4.37096e-17,0.0001,8.6278e-13,999999,999999,3,Malaysian Exclusive Economic Zone,,,SVDNB_npp_d20251028_t1810275_e1811517_b72560_c20251028193205056000_oebc_ops.h5,GDNBO_npp_d20251028_t1810275_e1811517_b72560_c20251028192939737000_oebc_ops.h5,SVI04_npp_d20251028_t1810275_e1811517_b72560_c20251028193214149000_oebc_ops.dspace_rad,,eez_v11.shp,WPP_BFAR_merge.shp,vbd_mpa_r20170830.shp,VNF-VBD_npp_20120301-20151231_global_asia-enhanced_c201607211230.bitmask,vbd_landsea_r20220824.mask,timezone.shp,VBD_platforms-recurring_2015_r20170330.shp,999999,VBD_bridges_c20160811.shp,10.404151;8.502419;6.138182;1.273068;3.487974;5.509554,96.985527;110.863861;124.483452;123.301933;109.736603;96.013321,npp_d20251028_t1806113_e1807355_b72560;npp_d20251028_t1807367_e1809009_b72560;npp_d20251028_t1809021_e1810263_b72560;npp_d20251028_t1810275_e1811517_b72560,157.769,110.95,42.4223,98.5284,117.656,-115.159
466,VBD_npp_d20251028_t1811087_x1045971E_y069182N_l0376_s1181_v23,2025-10-28 20:29:00,6.918233,104.597137,1.92573,2025-10-28 18:11:08,2025-10-29 01:11:08,376,1181,0.226724,2,2337,0.120697,0.055,0.42934,0.4,0.653302,0.75,2.69022e-17,0.0001,9.02453e-13,999999,999999,3,Vietnamese Exclusive Economic Zone,,,SVDNB_npp_d20251028_t1810275_e1811517_b72560_c20251028193205056000_oebc_ops.h5,GDNBO_npp_d20251028_t1810275_e1811517_b72560_c20251028192939737000_oebc_ops.h5,SVI04_npp_d20251028_t1810275_e1811517_b72560_c20251028193214149000_oebc_ops.dspace_rad,,eez_v11.shp,WPP_BFAR_merge.shp,vbd_mpa_r20170830.shp,VNF-VBD_npp_20120301-20151231_global_asia-enhanced_c201607211230.bitmask,vbd_landsea_r20220824.mask,timezone.shp,VBD_platforms-recurring_2015_r20170330.shp,999999,VBD_bridges_c20160811.shp,10.404151;8.502419;6.138182;1.273068;3.487974;5.509554,96.985527;110.863861;124.483452;123.301933;109.736603;96.013321,npp_d20251028_t1806113_e1807355_b72560;npp_d20251028_t1807367_e1809009_b72560;npp_d20251028_t1809021_e1810263_b72560;npp_d20251028_t1810275_e1811517_b72560,157.941,108.745,42.3479,98.183,118.169,-114.753
467,VBD_npp_d20251028_t1811247_x1043998E_y059724N_l0521_s1182_v23,2025-10-28 20:29:00,5.972443,104.399841,2.12067,2025-10-28 18:11:24,2025-10-29 02:11:24,521,1182,0.38243,2,2337,0.0905501,0.055,0.901954,0.4,0.513192,0.75,4.32036e-17,0.0001,8.36406e-13,999999,999999,3,Malaysian Exclusive Economic Zone,,,SVDNB_npp_d20251028_t1810275_e1811517_b72560_c20251028193205056000_oebc_ops.h5,GDNBO_npp_d20251028_t1810275_e1811517_b72560_c20251028192939737000_oebc_ops.h5,SVI04_npp_d20251028_t1810275_e1811517_b72560_c20251028193214149000_oebc_ops.dspace_rad,,eez_v11.shp,WPP_BFAR_merge.shp,vbd_mpa_r20170830.shp,VNF-VBD_npp_20120301-20151231_global_asia-enhanced_c201607211230.bitmask,vbd_landsea_r20220824.mask,timezone.shp,VBD_platforms-recurring_2015_r20170330.shp,999999,VBD_bridges_c20160811.shp,10.404151;8.502419;6.138182;1.273068;3.487974;5.509554,96.985527;110.863861;124.483452;123.301933;109.736603;96.013321,npp_d20251028_t1806113_e1807355_b72560;npp_d20251028_t1807367_e1809009_b72560;npp_d20251028_t1809021_e1810263_b72560;npp_d20251028_t1810275_e1811517_b72560,157.742,111.023,42.3139,98.1941,117.654,-115.178
468,VBD_npp_d20251028_t1811265_x1043835E_y058606N_l0538_s1183_v23,2025-10-28 20:29:00,5.860620,104.383492,4.90579,2025-10-28 18:11:26,2025-10-29 02:11:26,538,1183,0.361517,1,2401,0.35187,0.055,0.845107,0.4,0.895373,0.75,4.41951e-17,0.0001,8.23269e-13,999999,999999,3,Malaysian Exclusive Economic Zone,,,SVDNB_npp_d20251028_t1810275_e1811517_b72560_c20251028193205056000_oebc_ops.h5,GDNBO_npp_d20251028_t1810275_e1811517_b72560_c20251028192939737000_oebc_ops.h5,SVI04_npp_d20251028_t1810275_e1811517_b72560_c20251028193214149000_oebc_ops.dspace_rad,,eez_v11.shp,WPP_BFAR_merge.shp,vbd_mpa_r20170830.shp,VNF-VBD_npp_20120301-20151231_global_asia-enhanced_c201607211230.bitmask,vbd_landsea_r20220824.mask,timezone.shp,VBD_platforms-recurring_2015_r20170330.shp,999999,VBD_bridges_c20160811.shp,10.404151;8.502419;6.138182;1.273068;3.487974;5.509554,96.985527;110.863861;124.483452;123.301933;109.736603;96.013321,npp_d20251028_t1806113_e1807355_b72560;npp_d20251028_t1807367_e1809009_b72560;npp_d20251028_t1809021_e1810263_b72560;npp_d20251028_t1810275_e1811517_b72560,157.709,111.284,42.275,98.1381,117.598,-115.228
471,VBD_npp_d20251028_t1811140_x1045564E_y065532N_l0431_s1186_v23,2025-10-28 20:29:00,6.553213,104.556351,937.572,2025-10-28 18:11:14,2025-10-29 01:11:14,431,1186,0.412305,4,100709,1.97059,0.055,0.900551,0.4,0.979926,0.75,3.26411e-17,0.0001,8.40987e-13,999999,999999,3,Malaysian Exclusive Economic Zone,,,SVDNB_npp_d20251028_t1810275_e1811517_b72560_c20251028193205056000_oebc_ops.h5,GDNBO_npp_d20251028_t1810275_e1811517_b72560_c20251028192939737000_oebc_ops.h5,SVI04_npp_d20251028_t1810275_e1811517_b72560_c20251028193214149000_oebc_ops.dspace_rad,,eez_v11.shp,WPP_BFAR_merge.shp,vbd_mpa_r20170830.shp,VNF-VBD_npp_20120301-20151231_global_asia-enhanced_c201607211230.bitmask,vbd_landsea_r20220824.mask,timezone.shp,VBD_platforms-recurring_2015_r20170330.shp,999999,VBD_bridges_c20160811.shp,10.404151;8.502419;6.138182;1.273068;3.487974;5.509554,96.985527;110.863861;124.483452;123.301933;109.736603;96.013321,npp_d20251028_t1806113_e1807355_b72560;npp_d20251028_t1807367_e1809009_b72560;npp_d20251028_t1809021_e1810263_b72560;npp_d20251028_t1810275_e1811517_b72560,157.839,109.606,42.1673,97.7365,117.999,-114.922
472,VBD_npp_d20251028_t1811265_x1044091E_y058500N_l0539_s1187_v23,2025-10-28 20:29:00,5.850003,104.409096,11.0757,2025-10-28 18:11:26,2025-10-29 02:11:26,539,1187,0.342667,1,2401,0.563703,0.055,0.85153,0.4,0.934314,0.75,4.30391e-17,0.0001,8.05716e-13,999999,999999,3,Malaysian Exclusive Economic Zone,,,SVDNB_npp_d20251028_t1810275_e1811517_b72560_c20251028193205056000_oebc_ops.h5,GDNBO_npp_d20251028_t1810275_e1811517_b72560_c20251028192939737000_oebc_ops.h5,SVI04_npp_d20251028_t1810275_e1811517_b72560_c20251028193214149000_oebc_ops.dspace_rad,,eez_v11.shp,WPP_BFAR_merge.shp,vbd_mpa_r20170830.shp,VNF-VBD_npp_20120301-20151231_global_asia-enhanced_c201607211230.bitmask,vbd_landsea_r20220824.mask,timezone.shp,VBD_platforms-recurring_2015_r20170330.shp,999999,VBD_bridges_c20160811.shp,10.404151;8.502419;6.138182;1.273068;3.487974;5.509554,96.985527;110.863861;124.483452;123.301933;109.736603;96.013321,npp_d20251028_t1806113_e1807355_b72560;npp_d20251028_t1807367_e1809009_b72560;npp_d20251028_t1809021_e1810263_b72560;npp_d20251028_t1810275_e1811517_b72560,157.682,111.288,42.1305,98.0727,117.617,-115.236
473,VBD_npp_d20251028_t1811318_x1043455E_y055709N_l0582_s1187_v23,2025-10-28 20:29:00,5.570882,104.345482,3.554,2025-10-28 18:11:31,2025-10-29 02:11:31,582,1187,0.204744,1,35169,0.228159,0.055,0.639384,0.4,0.821192,0.75,4.69659e-17,0.0001,8.01452e-13,999999,999999,3,Malaysian Exclusive Economic Zone,,,SVDNB_npp_d20251028_t1810275_e1811517_b72560_c20251028193205056000_oebc_ops.h5,GDNBO_npp_d20251028_t1810275_e1811517_b72560_c20251028192939737000_oebc_ops.h5,SVI04_npp_d20251028_t1810275_e1811517_b72560_c20251028193214149000_oebc_ops.dspace_rad,,eez_v11.shp,WPP_BFAR_merge.shp,vbd_mpa_r20170830.shp,VNF-VBD_npp_20120301-20151231_global_asia-enhanced_c201607211230.bitmask,vbd_landsea_r20220824.mask,timezone.shp,VBD_platforms-recurring_2015_r20170330.shp,999999,VBD_bridges_c20160811.shp,10.404151;8.502419;6.138182;1.273068;3.487974;5.509554,96.985527;110.863861;124.483452;123.301933;109.736603;96.013321,npp_d20251028_t1806113_e1807355_b72560;npp_d20251028_t1807367_e1809009_b72560;npp_d20251028_t1809021_e1810263_b72560;npp_d20251028_t1810275_e1811517_b72560,157.617,111.952,42.1339,98.4352,117.461,-115.358
474,VBD_npp_d20251028_t1810527_x1048369E_y077956N_l0240_s1188_v23,2025-10-28 20:29:00,7.795559,104.836906,7.67293,2025-10-28 18:10:52,2025-10-29 01:10:52,240,1188,0.304114,1,2401,0.470642,0.055,0.774322,0.4,0.929488,0.75,1.5312e-17,0.0001,9.07551e-13,999999,999999,3,Vietnamese Exclusive Economic Zone,,,SVDNB_npp_d20251028_t1810275_e1811517_b72560_c20251028193205056000_oebc_ops.h5,GDNBO_npp_d20251028_t1810275_e1811517_b72560_c20251028192939737000_oebc_ops.h5,SVI04_npp_d20251028_t1810275_e1811517_b72560_c20251028193214149000_oebc_ops.dspace_rad,,eez_v11.shp,WPP_BFAR_merge.shp,vbd_mpa_r20170830.shp,VNF-VBD_npp_20120301-20151231_global_asia-enhanced_c201607211230.bitmask,vbd_landsea_r20220824.mask,timezone.shp,VBD_platforms-recurring_2015_r20170330.shp,999999,VBD_bridges_c20160811.shp,10.404151;8.502419;6.138182;1.273068;3.487974;5.509554,96.985527;110.863861;124.483452;123.301933;109.736603;96.013321,npp_d20251028_t1806113_e1807355_b72560;npp_d20251028_t1807367_e1809009_b72560;npp_d20251028_t1809021_e1810263_b72560;npp_d20251028_t1810275_e1811517_b72560,158.044,106.57,42.0999,97.5663,118.687,-114.352
475,VBD_npp_d20251028_t1811194_x1045119E_y063062N_l0469_s1188_v23,2025-10-28 20:29:00,6.306151,104.511864,15.4458,2025-10-28 18:11:19,2025-10-29 01:11:19,469,1188,0.410953,1,2401,0.719051,0.055,0.896878,0.4,0.955803,0.75,3.69675e-17,0.0001,8.43624e-13,999999,999999,3,Malaysian Exclusive Economic Zone,,,SVDNB_npp_d20251028_t1810275_e1811517_b72560_c20251028193205056000_oebc_ops.h5,GDNBO_npp_d20251028_t1810275_e1811517_b72560_c20251028192939737000_oebc_ops.h5,SVI04_npp_d20251028_t1810275_e1811517_b72560_c20251028193214149000_oebc_ops.dspace_rad,,eez_v11.shp,WPP_BFAR_merge.shp,vbd_mpa_r20170830.shp,VNF-VBD_npp_20120301-20151231_global_asia-enhanced_c201607211230.bitmask,vbd_landsea_r20220824.mask,timezone.shp,VBD_platforms-recurring_2015_r20170330.shp,999999,VBD_bridges_c20160811.shp,10.404151;8.502419;6.138182;1.273068;3.487974;5.509554,96.985527;110.863861;124.483452;123.301933;109.736603;96.013321,npp_d20251028_t1806113_e1807355_b72560;npp_d20251028_t1807367_e1809009_b72560;npp_d20251028_t1809021_e1810263_b72560;npp_d20251028_t1810275_e1811517_b72560,157.775,110.192,42.0941,98.4429,117.875,-115.034
476,VBD_npp_d20251028_t1810545_x1048366E_y077913N_l0241_s1189_v23,2025-10-28 20:29:00,7.791296,104.836609,6.76438,2025-10-28 18:10:54,2025-10-29 01:10:54,241,1189,0.289106,1,2401,0.409767,0.055,0.774322,0.4,0.904787,0.75,1.52595e-17,0.0001,9.45911e-13,999999,999999,3,Vietnamese Exclusive Economic Zone,,,SVDNB_npp_d20251028_t1810275_e1811517_b72560_c20251028193205056000_oebc_ops.h5,GDNBO_npp_d20251028_t1810275_e1811517_b72560_c20251028192939737000_oebc_ops.h5,SVI04_npp_d20251028_t1810275_e1811517_b72560_c20251028193214149000_oebc_ops.dspace_rad,,eez_v11.shp,WPP_BFAR_merge.shp,vbd_mpa_r20170830.shp,VNF-VBD_npp_20120301-20151231_global_asia-enhanced_c201607211230.bitmask,vbd_landsea_r20220824.mask,timezone.shp,VBD_platforms-recurring_2015_r20170330.shp,999999,VBD_bridges_c20160811.shp,10.404151;8.502419;6.138182;1.273068;3.487974;5.509554,96.985527;110.863861;124.483452;123.301933;109.736603;96.013321,npp_d20251028_t1806113_e1807355_b72560;npp_d20251028_t1807367_e1809009_b72560;npp_d20251028_t1809021_e1810263_b72560;npp_d20251028_t1810275_e1811517_b72560,158.036,106.576,42.0583,98.5937,118.692,-114.354
477,VBD_npp_d20251028_t1811247_x1044590E_y060049N_l0515_s1190_v23,2025-10-28 20:29:00,6.004933,104.459015,2.56463,2025-10-28 18:11:24,2025-10-29 02:11:24,515,1190,0.399786,1,2401,0.189805,0.055,0.787773,0.4,0.806981,0.75,4.03812e-17,0.0001,8.23126e-13,999999,999999,3,Malaysian Exclusive Economic Zone,,,SVDNB_npp_d20251028_t1810275_e1811517_b72560_c20251028193205056000_oebc_ops.h5,GDNBO_npp_d20251028_t1810275_e1811517_b72560_c20251028192939737000_oebc_ops.h5,SVI04_npp_d20251028_t1810275_e1811517_b72560_c20251028193214149000_oebc_ops.dspace_rad,,eez_v11.shp,WPP_BFAR_merge.shp,vbd_mpa_r20170830.shp,VNF-VBD_npp_20120301-20151231_global_asia-enhanced_c201607211230.bitmask,vbd_landsea_r20220824.mask,timezone.shp,VBD_platforms-recurring_2015_r20170330.shp,999999,VBD_bridges_c20160811.shp,10.404151;8.502419;6.138182;1.273068;3.487974;5.509554,96.985527;110.863861;124.483452;123.301933;109.736603;96.013321,npp_d20251028_t1806113_e1807355_b72560;npp_d20251028_t1807367_e1809009_b72560;npp_d20251028_t1809021_e1810263_b72560;npp_d20251028_t1810275_e1811517_b72560,157.698,110.903,42.0242,98.6056,117.72,-115.169
478,VBD_npp_d20251028_t1811265_x1044366E_y058528N_l0538_s1191_v23,2025-10-28 20:29:00,5.852847,104.436600,4.84031,2025-10-28 18:11:26,2025-10-29 02:11:26,538,1191,0.338755,1,2401,0.31665,0.055,0.808739,0.4,0.843116,0.75,4.18058e-17,0.0001,7.94029e-13,999999,999999,3,Malaysian Exclusive Economic Zone,,,SVDNB_npp_d20251028_t1810275_e1811517_b72560_c20251028193205056000_oebc_ops.h5,GDNBO_npp_d20251028_t1810275_e1811517_b72560_c20251028192939737000_oebc_ops.h5,SVI04_npp_d20251028_t1810275_e1811517_b72560_c20251028193214149000_oebc_ops.dspace_rad,,eez_v11.shp,WPP_BFAR_merge.shp,vbd_mpa_r20170830.shp,VNF-VBD_npp_20120301-20151231_global_asia-enhanced_c201607211230.bitmask,vbd_landsea_r20220824.mask,timezone.shp,VBD_platforms-recurring_2015_r20170330.shp,999999,VBD_bridges_c20160811.shp,10.404151;8.502419;6.138182;1.273068;3.487974;5.509554,96.985527;110.863861;124.483452;123.301933;109.736603;96.013321,npp_d20251028_t1806113_e1807355_b72560;npp_d20251028_t1807367_e1809009_b72560;npp_d20251028_t1809021_e1810263_b72560;npp_d20251028_t1810275_e1811517_b72560,157.657,111.261,41.9856,98.1425,117.642,-115.237
479,VBD_npp_d20251028_t1811283_x1044144E_y057072N_l0560_s1192_v23,2025-10-28 20:29:00,5.707246,104.414429,4.39608,2025-10-28 18:11:28,2025-10-29 02:11:28,560,1192,0.205242,1,2401,0.250945,0.055,0.625161,0.4,0.792658,0.75,4.32033e-17,0.0001,7.69059e-13,999999,999999,3,Malaysian Exclusive Economic Zone,,,SVDNB_npp_d20251028_t1810275_e1811517_b72560_c20251028193205056000_oebc_ops.h5,GDNBO_npp_d20251028_t1810275_e1811517_b72560_c20251028192939737000_oebc_ops.h5,SVI04_npp_d20251028_t1810275_e1811517_b72560_c20251028193214149000_oebc_ops.dspace_rad,,eez_v11.shp,WPP_BFAR_merge.shp,vbd_mpa_r20170830.shp,VNF-VBD_npp_20120301-20151231_global_asia-enhanced_c201607211230.bitmask,vbd_landsea_r20220824.mask,timezone.shp,VBD_platforms-recurring_2015_r20170330.shp,999999,VBD_bridges_c20160811.shp,10.404151;8.502419;6.138182;1.273068;3.487974;5.509554,96.985527;110.863861;124.483452;123.301933;109.736603;96.013321,npp_d20251028_t1806113_e1807355_b72560;npp_d20251028_t1807367_e1809009_b72560;npp_d20251028_t1809021_e1810263_b72560;npp_d20251028_t1810275_e1811517_b72560,157.618,111.602,41.9523,97.7428,117.567,-115.302
480,VBD_npp_d20251028_t1811176_x1045679E_y064120N_l0452_s1193_v23,2025-10-28 20:29:00,6.412043,104.567863,8.23731,2025-10-28 18:11:17,2025-10-29 01:11:17,452,1193,0.155308,4,100709,0.461121,0.055,0.795882,0.4,0.883511,0.75,3.38389e-17,0.0001,8.33927e-13,999999,999999,3,Malaysian Exclusive Economic Zone,,,SVDNB_npp_d20251028_t1810275_e1811517_b72560_c20251028193205056000_oebc_ops.h5,GDNBO_npp_d20251028_t1810275_e1811517_b72560_c20251028192939737000_oebc_ops.h5,SVI04_npp_d20251028_t1810275_e1811517_b72560_c20251028193214149000_oebc_ops.dspace_rad,,eez_v11.shp,WPP_BFAR_merge.shp,vbd_mpa_r20170830.shp,VNF-VBD_npp_20120301-20151231_global_asia-enhanced_c201607211230.bitmask,vbd_landsea_r20220824.mask,timezone.shp,VBD_platforms-recurring_2015_r20170330.shp,999999,VBD_bridges_c20160811.shp,10.404151;8.502419;6.138182;1.273068;3.487974;5.509554,96.985527;110.863861;124.483452;123.301933;109.736603;96.013321,npp_d20251028_t1806113_e1807355_b72560;npp_d20251028_t1807367_e1809009_b72560;npp_d20251028_t1809021_e1810263_b72560;npp_d20251028_t1810275_e1811517_b72560,157.766,109.913,41.9166,98.5039,117.963,-114.99
481,VBD_npp_d20251028_t1811300_x1044139E_y057028N_l0561_s1193_v23,2025-10-28 20:29:00,5.702780,104.413879,1.8233,2025-10-28 18:11:30,2025-10-29 02:11:30,561,1193,0.210293,2,2337,0.0600432,0.055,0.625161,0.4,0.328834,0.75,4.30914e-17,0.0001,7.98993e-13,999999,999999,3,Malaysian Exclusive Economic Zone,,,SVDNB_npp_d20251028_t1810275_e1811517_b72560_c20251028193205056000_oebc_ops.h5,GDNBO_npp_d20251028_t1810275_e1811517_b72560_c20251028192939737000_oebc_ops.h5,SVI04_npp_d20251028_t1810275_e1811517_b72560_c20251028193214149000_oebc_ops.dspace_rad,,eez_v11.shp,WPP_BFAR_merge.shp,vbd_mpa_r20170830.shp,VNF-VBD_npp_20120301-20151231_global_asia-enhanced_c201607211230.bitmask,vbd_landsea_r20220824.mask,timezone.shp,VBD_platforms-recurring_2015_r20170330.shp,999999,VBD_bridges_c20160811.shp,10.404151;8.502419;6.138182;1.273068;3.487974;5.509554,96.985527;110.863861;124.483452;123.301933;109.736603;96.013321,npp_d20251028_t1806113_e1807355_b72560;npp_d20251028_t1807367_e1809009_b72560;npp_d20251028_t1809021_e1810263_b72560;npp_d20251028_t1810275_e1811517_b72560,157.61,111.606,41.9115,98.7725,117.571,-115.305
482,VBD_npp_d20251028_t1811300_x1044039E_y056357N_l0571_s1193_v23,2025-10-28 20:29:00,5.635734,104.403870,4.27967,2025-10-28 18:11:30,2025-10-29 02:11:30,571,1193,0.195355,7,51489,0.247518,0.055,0.645858,0.4,0.744912,0.75,4.38039e-17,0.0001,7.72627e-13,999999,999999,3,,,,SVDNB_npp_d20251028_t1810275_e1811517_b72560_c20251028193205056000_oebc_ops.h5,GDNBO_npp_d20251028_t1810275_e1811517_b72560_c20251028192939737000_oebc_ops.h5,SVI04_npp_d20251028_t1810275_e1811517_b72560_c20251028193214149000_oebc_ops.dspace_rad,,eez_v11.shp,WPP_BFAR_merge.shp,vbd_mpa_r20170830.shp,VNF-VBD_npp_20120301-20151231_global_asia-enhanced_c201607211230.bitmask,vbd_landsea_r20220824.mask,timezone.shp,VBD_platforms-recurring_2015_r20170330.shp,0.268956,VBD_bridges_c20160811.shp,10.404151;8.502419;6.138182;1.273068;3.487974;5.509554,96.985527;110.863861;124.483452;123.301933;109.736603;96.013321,npp_d20251028_t1806113_e1807355_b72560;npp_d20251028_t1807367_e1809009_b72560;npp_d20251028_t1809021_e1810263_b72560;npp_d20251028_t1810275_e1811517_b72560,157.594,111.765,41.9119,98.0934,117.534,-115.334
483,VBD_npp_d20251028_t1811176_x1045781E_y063900N_l0455_s1195_v23,2025-10-28 20:29:00,6.389987,104.578064,3.63682,2025-10-28 18:11:17,2025-10-29 01:11:17,455,1195,0.366923,1,35169,0.25935,0.055,0.763901,0.4,0.847764,0.75,3.39147e-17,0.0001,8.17966e-13,999999,999999,3,Malaysian Exclusive Economic Zone,,,SVDNB_npp_d20251028_t1810275_e1811517_b72560_c20251028193205056000_oebc_ops.h5,GDNBO_npp_d20251028_t1810275_e1811517_b72560_c20251028192939737000_oebc_ops.h5,SVI04_npp_d20251028_t1810275_e1811517_b72560_c20251028193214149000_oebc_ops.dspace_rad,,eez_v11.shp,WPP_BFAR_merge.shp,vbd_mpa_r20170830.shp,VNF-VBD_npp_20120301-20151231_global_asia-enhanced_c201607211230.bitmask,vbd_landsea_r20220824.mask,timezone.shp,VBD_platforms-recurring_2015_r20170330.shp,999999,VBD_bridges_c20160811.shp,10.404151;8.502419;6.138182;1.273068;3.487974;5.509554,96.985527;110.863861;124.483452;123.301933;109.736603;96.013321,npp_d20251028_t1806113_e1807355_b72560;npp_d20251028_t1807367_e1809009_b72560;npp_d20251028_t1809021_e1810263_b72560;npp_d20251028_t1810275_e1811517_b72560,157.749,109.956,41.8444,98.3017,117.963,-115.002
487,VBD_npp_d20251028_t1811176_x1045898E_y063336N_l0463_s1198_v23,2025-10-28 20:29:00,6.333567,104.589844,2.42797,2025-10-28 18:11:17,2025-10-29 01:11:17,463,1198,0.37304,1,2401,0.168253,0.055,0.742717,0.4,0.823924,0.75,3.44364e-17,0.0001,7.85454e-13,999999,999999,3,Malaysian Exclusive Economic Zone,,,SVDNB_npp_d20251028_t1810275_e1811517_b72560_c20251028193205056000_oebc_ops.h5,GDNBO_npp_d20251028_t1810275_e1811517_b72560_c20251028192939737000_oebc_ops.h5,SVI04_npp_d20251028_t1810275_e1811517_b72560_c20251028193214149000_oebc_ops.dspace_rad,,eez_v11.shp,WPP_BFAR_merge.shp,vbd_mpa_r20170830.shp,VNF-VBD_npp_20120301-20151231_global_asia-enhanced_c201607211230.bitmask,vbd_landsea_r20220824.mask,timezone.shp,VBD_platforms-recurring_2015_r20170330.shp,999999,VBD_bridges_c20160811.shp,10.404151;8.502419;6.138182;1.273068;3.487974;5.509554,96.985527;110.863861;124.483452;123.301933;109.736603;96.013321,npp_d20251028_t1806113_e1807355_b72560;npp_d20251028_t1807367_e1809009_b72560;npp_d20251028_t1809021_e1810263_b72560;npp_d20251028_t1810275_e1811517_b72560,157.719,110.077,41.7383,97.7587,117.95,-115.029
488,VBD_npp_d20251028_t1811283_x1044620E_y057551N_l0552_s1198_v23,2025-10-28 20:29:00,5.755078,104.461952,2.79252,2025-10-28 18:11:28,2025-10-29 02:11:28,552,1198,0.20695,1,2401,0.185818,0.055,0.703844,0.4,0.77229,0.75,4.15464e-17,0.0001,7.69207e-13,999999,999999,3,Malaysian Exclusive Economic Zone,,,SVDNB_npp_d20251028_t1810275_e1811517_b72560_c20251028193205056000_oebc_ops.h5,GDNBO_npp_d20251028_t1810275_e1811517_b72560_c20251028192939737000_oebc_ops.h5,SVI04_npp_d20251028_t1810275_e1811517_b72560_c20251028193214149000_oebc_ops.dspace_rad,,eez_v11.shp,WPP_BFAR_merge.shp,vbd_mpa_r20170830.shp,VNF-VBD_npp_20120301-20151231_global_asia-enhanced_c201607211230.bitmask,vbd_landsea_r20220824.mask,timezone.shp,VBD_platforms-recurring_2015_r20170330.shp,999999,VBD_bridges_c20160811.shp,10.404151;8.502419;6.138182;1.273068;3.487974;5.509554,96.985527;110.863861;124.483452;123.301933;109.736603;96.013321,npp_d20251028_t1806113_e1807355_b72560;npp_d20251028_t1807367_e1809009_b72560;npp_d20251028_t1809021_e1810263_b72560;npp_d20251028_t1810275_e1811517_b72560,157.591,111.456,41.733,98.2895,117.63,-115.286
491,VBD_npp_d20251028_t1811247_x1045284E_y059741N_l0518_s1201_v23,2025-10-28 20:29:00,5.974058,104.528419,19.2296,2025-10-28 18:11:24,2025-10-29 02:11:24,518,1201,0.390183,1,2401,0.801664,0.055,0.900117,0.4,0.969355,0.75,3.86635e-17,0.0001,7.75815e-13,999999,999999,3,Malaysian Exclusive Economic Zone,,,SVDNB_npp_d20251028_t1810275_e1811517_b72560_c20251028193205056000_oebc_ops.h5,GDNBO_npp_d20251028_t1810275_e1811517_b72560_c20251028192939737000_oebc_ops.h5,SVI04_npp_d20251028_t1810275_e1811517_b72560_c20251028193214149000_oebc_ops.dspace_rad,,eez_v11.shp,WPP_BFAR_merge.shp,vbd_mpa_r20170830.shp,VNF-VBD_npp_20120301-20151231_global_asia-enhanced_c201607211230.bitmask,vbd_landsea_r20220824.mask,timezone.shp,VBD_platforms-recurring_2015_r20170330.shp,999999,VBD_bridges_c20160811.shp,10.404151;8.502419;6.138182;1.273068;3.487974;5.509554,96.985527;110.863861;124.483452;123.301933;109.736603;96.013321,npp_d20251028_t1806113_e1807355_b72560;npp_d20251028_t1807367_e1809009_b72560;npp_d20251028_t1809021_e1810263_b72560;npp_d20251028_t1810275_e1811517_b72560,157.623,110.921,41.6266,98.4106,117.769,-115.191
493,VBD_npp_d20251028_t1811300_x1044725E_y056461N_l0568_s1203_v23,2025-10-28 20:29:00,5.646148,104.472481,2.50715,2025-10-28 18:11:30,2025-10-29 02:11:30,568,1203,0.116542,7,35105,0.118722,0.055,0.69919,0.4,0.676792,0.75,4.17346e-17,0.0001,7.46969e-13,999999,999999,3,,,,SVDNB_npp_d20251028_t1810275_e1811517_b72560_c20251028193205056000_oebc_ops.h5,GDNBO_npp_d20251028_t1810275_e1811517_b72560_c20251028192939737000_oebc_ops.h5,SVI04_npp_d20251028_t1810275_e1811517_b72560_c20251028193214149000_oebc_ops.dspace_rad,,eez_v11.shp,WPP_BFAR_merge.shp,vbd_mpa_r20170830.shp,VNF-VBD_npp_20120301-20151231_global_asia-enhanced_c201607211230.bitmask,vbd_landsea_r20220824.mask,timezone.shp,VBD_platforms-recurring_2015_r20170330.shp,999999,VBD_bridges_c20160811.shp,10.404151;8.502419;6.138182;1.273068;3.487974;5.509554,96.985527;110.863861;124.483452;123.301933;109.736603;96.013321,npp_d20251028_t1806113_e1807355_b72560;npp_d20251028_t1807367_e1809009_b72560;npp_d20251028_t1809021_e1810263_b72560;npp_d20251028_t1810275_e1811517_b72560,157.535,111.687,41.5502,98.3033,117.6,-115.337
496,VBD_npp_d20251028_t1811283_x1044952E_y057093N_l0558_s1204_v23,2025-10-28 20:29:00,5.709258,104.495201,13.9754,2025-10-28 18:11:28,2025-10-29 02:11:28,558,1204,0.18433,1,2401,0.634448,0.055,0.862555,0.4,0.940827,0.75,4.08696e-17,0.0001,7.34661e-13,999999,999999,3,Malaysian Exclusive Economic Zone,,,SVDNB_npp_d20251028_t1810275_e1811517_b72560_c20251028193205056000_oebc_ops.h5,GDNBO_npp_d20251028_t1810275_e1811517_b72560_c20251028192939737000_oebc_ops.h5,SVI04_npp_d20251028_t1810275_e1811517_b72560_c20251028193214149000_oebc_ops.dspace_rad,,eez_v11.shp,WPP_BFAR_merge.shp,vbd_mpa_r20170830.shp,VNF-VBD_npp_20120301-20151231_global_asia-enhanced_c201607211230.bitmask,vbd_landsea_r20220824.mask,timezone.shp,VBD_platforms-recurring_2015_r20170330.shp,999999,VBD_bridges_c20160811.shp,10.404151;8.502419;6.138182;1.273068;3.487974;5.509554,96.985527;110.863861;124.483452;123.301933;109.736603;96.013321,npp_d20251028_t1806113_e1807355_b72560;npp_d20251028_t1807367_e1809009_b72560;npp_d20251028_t1809021_e1810263_b72560;npp_d20251028_t1810275_e1811517_b72560,157.544,111.533,41.5181,97.8826,117.64,-115.311
498,VBD_npp_d20251028_t1811300_x1044775E_y055909N_l0576_s1205_v23,2025-10-28 20:29:00,5.590881,104.477516,6.97455,2025-10-28 18:11:30,2025-10-29 02:11:30,576,1205,0.0689554,4,100645,0.194965,0.055,0.808594,0.4,0.394586,0.75,4.19046e-17,0.0001,7.21362e-13,999999,999999,3,Malaysian Exclusive Economic Zone,,,SVDNB_npp_d20251028_t1810275_e1811517_b72560_c20251028193205056000_oebc_ops.h5,GDNBO_npp_d20251028_t1810275_e1811517_b72560_c20251028192939737000_oebc_ops.h5,SVI04_npp_d20251028_t1810275_e1811517_b72560_c20251028193214149000_oebc_ops.dspace_rad,,eez_v11.shp,WPP_BFAR_merge.shp,vbd_mpa_r20170830.shp,VNF-VBD_npp_20120301-20151231_global_asia-enhanced_c201607211230.bitmask,vbd_landsea_r20220824.mask,timezone.shp,VBD_platforms-recurring_2015_r20170330.shp,999999,VBD_bridges_c20160811.shp,10.404151;8.502419;6.138182;1.273068;3.487974;5.509554,96.985527;110.863861;124.483452;123.301933;109.736603;96.013321,npp_d20251028_t1806113_e1807355_b72560;npp_d20251028_t1807367_e1809009_b72560;npp_d20251028_t1809021_e1810263_b72560;npp_d20251028_t1810275_e1811517_b72560,157.51,111.807,41.4807,97.7566,117.581,-115.363
499,VBD_npp_d20251028_t1811318_x1044753E_y055856N_l0577_s1206_v23,2025-10-28 20:29:00,5.585613,104.475288,73.7118,2025-10-28 18:11:31,2025-10-29 02:11:31,577,1206,0.0685286,4,100709,0.971752,0.055,0.808594,0.4,0.942374,0.75,4.1784e-17,0.0001,7.49554e-13,999999,999999,3,Malaysian Exclusive Economic Zone,,,SVDNB_npp_d20251028_t1810275_e1811517_b72560_c20251028193205056000_oebc_ops.h5,GDNBO_npp_d20251028_t1810275_e1811517_b72560_c20251028192939737000_oebc_ops.h5,SVI04_npp_d20251028_t1810275_e1811517_b72560_c20251028193214149000_oebc_ops.dspace_rad,,eez_v11.shp,WPP_BFAR_merge.shp,vbd_mpa_r20170830.shp,VNF-VBD_npp_20120301-20151231_global_asia-enhanced_c201607211230.bitmask,vbd_landsea_r20220824.mask,timezone.shp,VBD_platforms-recurring_2015_r20170330.shp,999999,VBD_bridges_c20160811.shp,10.404151;8.502419;6.138182;1.273068;3.487974;5.509554,96.985527;110.863861;124.483452;123.301933;109.736603;96.013321,npp_d20251028_t1806113_e1807355_b72560;npp_d20251028_t1807367_e1809009_b72560;npp_d20251028_t1809021_e1810263_b72560;npp_d20251028_t1810275_e1811517_b72560,157.503,111.815,41.4479,98.7912,117.583,-115.366
500,VBD_npp_d20251028_t1811176_x1046757E_y063689N_l0456_s1210_v23,2025-10-28 20:29:00,6.368929,104.675728,4.04341,2025-10-28 18:11:17,2025-10-29 01:11:17,456,1210,0.30952,1,2401,0.283332,0.055,0.799104,0.4,0.869064,0.75,3.18409e-17,0.0001,7.62738e-13,999999,999999,3,Malaysian Exclusive Economic Zone,,,SVDNB_npp_d20251028_t1810275_e1811517_b72560_c20251028193205056000_oebc_ops.h5,GDNBO_npp_d20251028_t1810275_e1811517_b72560_c20251028192939737000_oebc_ops.h5,SVI04_npp_d20251028_t1810275_e1811517_b72560_c20251028193214149000_oebc_ops.dspace_rad,,eez_v11.shp,WPP_BFAR_merge.shp,vbd_mpa_r20170830.shp,VNF-VBD_npp_20120301-20151231_global_asia-enhanced_c201607211230.bitmask,vbd_landsea_r20220824.mask,timezone.shp,VBD_platforms-recurring_2015_r20170330.shp,999999,VBD_bridges_c20160811.shp,10.404151;8.502419;6.138182;1.273068;3.487974;5.509554,96.985527;110.863861;124.483452;123.301933;109.736603;96.013321,npp_d20251028_t1806113_e1807355_b72560;npp_d20251028_t1807367_e1809009_b72560;npp_d20251028_t1809021_e1810263_b72560;npp_d20251028_t1810275_e1811517_b72560,157.651,109.935,41.3004,98.2452,118.042,-115.022
501,VBD_npp_d20251028_t1811211_x1046342E_y061809N_l0485_s1210_v23,2025-10-28 20:29:00,6.180890,104.634186,8.25151,2025-10-28 18:11:21,2025-10-29 02:11:21,485,1210,0.411238,1,2401,0.473105,0.055,0.815537,0.4,0.908168,0.75,3.49461e-17,0.0001,7.59308e-13,999999,999999,3,Malaysian Exclusive Economic Zone,,,SVDNB_npp_d20251028_t1810275_e1811517_b72560_c20251028193205056000_oebc_ops.h5,GDNBO_npp_d20251028_t1810275_e1811517_b72560_c20251028192939737000_oebc_ops.h5,SVI04_npp_d20251028_t1810275_e1811517_b72560_c20251028193214149000_oebc_ops.dspace_rad,,eez_v11.shp,WPP_BFAR_merge.shp,vbd_mpa_r20170830.shp,VNF-VBD_npp_20120301-20151231_global_asia-enhanced_c201607211230.bitmask,vbd_landsea_r20220824.mask,timezone.shp,VBD_platforms-recurring_2015_r20170330.shp,999999,VBD_bridges_c20160811.shp,10.404151;8.502419;6.138182;1.273068;3.487974;5.509554,96.985527;110.863861;124.483452;123.301933;109.736603;96.013321,npp_d20251028_t1806113_e1807355_b72560;npp_d20251028_t1807367_e1809009_b72560;npp_d20251028_t1809021_e1810263_b72560;npp_d20251028_t1810275_e1811517_b72560,157.611,110.383,41.2972,98.4744,117.938,-115.106
504,VBD_npp_d20251028_t1811176_x1047000E_y063444N_l0459_s1214_v23,2025-10-28 20:29:00,6.344402,104.699951,8.10947,2025-10-28 18:11:17,2025-10-29 01:11:17,459,1214,0.392103,1,2401,0.486813,0.055,0.832822,0.4,0.947244,0.75,3.15901e-17,0.0001,7.41368e-13,999999,999999,3,Malaysian Exclusive Economic Zone,,,SVDNB_npp_d20251028_t1810275_e1811517_b72560_c20251028193205056000_oebc_ops.h5,GDNBO_npp_d20251028_t1810275_e1811517_b72560_c20251028192939737000_oebc_ops.h5,SVI04_npp_d20251028_t1810275_e1811517_b72560_c20251028193214149000_oebc_ops.dspace_rad,,eez_v11.shp,WPP_BFAR_merge.shp,vbd_mpa_r20170830.shp,VNF-VBD_npp_20120301-20151231_global_asia-enhanced_c201607211230.bitmask,vbd_landsea_r20220824.mask,timezone.shp,VBD_platforms-recurring_2015_r20170330.shp,999999,VBD_bridges_c20160811.shp,10.404151;8.502419;6.138182;1.273068;3.487974;5.509554,96.985527;110.863861;124.483452;123.301933;109.736603;96.013321,npp_d20251028_t1806113_e1807355_b72560;npp_d20251028_t1807367_e1809009_b72560;npp_d20251028_t1809021_e1810263_b72560;npp_d20251028_t1810275_e1811517_b72560,157.62,109.974,41.1494,98.035,118.053,-115.036
505,VBD_npp_d20251028_t1811265_x1046029E_y057863N_l0544_s1217_v23,2025-10-28 20:29:00,5.786268,104.602928,1.54692,2025-10-28 18:11:26,2025-10-29 02:11:26,544,1217,0.187246,8,18689,0.0822719,0.055,0.332392,0.4,0.569196,0.75,3.75999e-17,0.0001,6.93977e-13,999999,999999,3,Malaysian Exclusive Economic Zone,,,SVDNB_npp_d20251028_t1810275_e1811517_b72560_c20251028193205056000_oebc_ops.h5,GDNBO_npp_d20251028_t1810275_e1811517_b72560_c20251028192939737000_oebc_ops.h5,SVI04_npp_d20251028_t1810275_e1811517_b72560_c20251028193214149000_oebc_ops.dspace_rad,,eez_v11.shp,WPP_BFAR_merge.shp,vbd_mpa_r20170830.shp,VNF-VBD_npp_20120301-20151231_global_asia-enhanced_c201607211230.bitmask,vbd_landsea_r20220824.mask,timezone.shp,VBD_platforms-recurring_2015_r20170330.shp,0.459805,VBD_bridges_c20160811.shp,10.404151;8.502419;6.138182;1.273068;3.487974;5.509554,96.985527;110.863861;124.483452;123.301933;109.736603;96.013321,npp_d20251028_t1806113_e1807355_b72560;npp_d20251028_t1807367_e1809009_b72560;npp_d20251028_t1809021_e1810263_b72560;npp_d20251028_t1810275_e1811517_b72560,157.479,111.282,41.034,97.7263,117.763,-115.287
506,VBD_npp_d20251028_t1811283_x1046022E_y057833N_l0545_s1218_v23,2025-10-28 20:29:00,5.783303,104.602226,1.79194,2025-10-28 18:11:28,2025-10-29 02:11:28,545,1218,0.191941,8,18689,0.0955665,0.055,0.332392,0.4,0.658134,0.75,3.74853e-17,0.0001,7.21501e-13,999999,999999,3,Malaysian Exclusive Economic Zone,,,SVDNB_npp_d20251028_t1810275_e1811517_b72560_c20251028193205056000_oebc_ops.h5,GDNBO_npp_d20251028_t1810275_e1811517_b72560_c20251028192939737000_oebc_ops.h5,SVI04_npp_d20251028_t1810275_e1811517_b72560_c20251028193214149000_oebc_ops.dspace_rad,,eez_v11.shp,WPP_BFAR_merge.shp,vbd_mpa_r20170830.shp,VNF-VBD_npp_20120301-20151231_global_asia-enhanced_c201607211230.bitmask,vbd_landsea_r20220824.mask,timezone.shp,VBD_platforms-recurring_2015_r20170330.shp,0.246298,VBD_bridges_c20160811.shp,10.404151;8.502419;6.138182;1.273068;3.487974;5.509554,96.985527;110.863861;124.483452;123.301933;109.736603;96.013321,npp_d20251028_t1806113_e1807355_b72560;npp_d20251028_t1807367_e1809009_b72560;npp_d20251028_t1809021_e1810263_b72560;npp_d20251028_t1810275_e1811517_b72560,157.472,111.284,40.9944,98.8021,117.767,-115.289
507,VBD_npp_d20251028_t1811300_x1045925E_y056703N_l0562_s1220_v23,2025-10-28 20:29:00,5.670319,104.592506,1.75392,2025-10-28 18:11:30,2025-10-29 02:11:30,562,1220,0.0624113,7,35073,0.0696335,0.055,0.272203,0.4,0.549603,0.75,3.82013e-17,0.0001,7.07517e-13,999999,999999,3,,,,SVDNB_npp_d20251028_t1810275_e1811517_b72560_c20251028193205056000_oebc_ops.h5,GDNBO_npp_d20251028_t1810275_e1811517_b72560_c20251028192939737000_oebc_ops.h5,SVI04_npp_d20251028_t1810275_e1811517_b72560_c20251028193214149000_oebc_ops.dspace_rad,,eez_v11.shp,WPP_BFAR_merge.shp,vbd_mpa_r20170830.shp,VNF-VBD_npp_20120301-20151231_global_asia-enhanced_c201607211230.bitmask,vbd_landsea_r20220824.mask,timezone.shp,VBD_platforms-recurring_2015_r20170330.shp,999999,VBD_bridges_c20160811.shp,10.404151;8.502419;6.138182;1.273068;3.487974;5.509554,96.985527;110.863861;124.483452;123.301933;109.736603;96.013321,npp_d20251028_t1806113_e1807355_b72560;npp_d20251028_t1807367_e1809009_b72560;npp_d20251028_t1809021_e1810263_b72560;npp_d20251028_t1810275_e1811517_b72560,157.433,111.539,40.9162,98.7433,117.717,-115.34
509,VBD_npp_d20251028_t1811105_x1048609E_y068138N_l0386_s1223_v23,2025-10-28 20:29:00,6.813844,104.860878,32.2507,2025-10-28 18:11:10,2025-10-29 01:11:10,386,1223,0.393668,1,2401,0.933594,0.055,0.897016,0.4,0.959268,0.75,2.246e-17,0.0001,7.55437e-13,999999,999999,3,Vietnamese Exclusive Economic Zone,,,SVDNB_npp_d20251028_t1810275_e1811517_b72560_c20251028193205056000_oebc_ops.h5,GDNBO_npp_d20251028_t1810275_e1811517_b72560_c20251028192939737000_oebc_ops.h5,SVI04_npp_d20251028_t1810275_e1811517_b72560_c20251028193214149000_oebc_ops.dspace_rad,,eez_v11.shp,WPP_BFAR_merge.shp,vbd_mpa_r20170830.shp,VNF-VBD_npp_20120301-20151231_global_asia-enhanced_c201607211230.bitmask,vbd_landsea_r20220824.mask,timezone.shp,VBD_platforms-recurring_2015_r20170330.shp,999999,VBD_bridges_c20160811.shp,10.404151;8.502419;6.138182;1.273068;3.487974;5.509554,96.985527;110.863861;124.483452;123.301933;109.736603;96.013321,npp_d20251028_t1806113_e1807355_b72560;npp_d20251028_t1807367_e1809009_b72560;npp_d20251028_t1809021_e1810263_b72560;npp_d20251028_t1810275_e1811517_b72560,157.653,108.807,40.8043,98.6512,118.368,-114.829
510,VBD_npp_d20251028_t1811229_x1046993E_y060569N_l0502_s1223_v23,2025-10-28 20:29:00,6.056905,104.699333,11.9496,2025-10-28 18:11:22,2025-10-29 02:11:22,502,1223,0.36422,1,2401,0.616373,0.055,0.853835,0.4,0.951493,0.75,3.39161e-17,0.0001,7.08848e-13,999999,999999,3,Malaysian Exclusive Economic Zone,,,SVDNB_npp_d20251028_t1810275_e1811517_b72560_c20251028193205056000_oebc_ops.h5,GDNBO_npp_d20251028_t1810275_e1811517_b72560_c20251028192939737000_oebc_ops.h5,SVI04_npp_d20251028_t1810275_e1811517_b72560_c20251028193214149000_oebc_ops.dspace_rad,,eez_v11.shp,WPP_BFAR_merge.shp,vbd_mpa_r20170830.shp,VNF-VBD_npp_20120301-20151231_global_asia-enhanced_c201607211230.bitmask,vbd_landsea_r20220824.mask,timezone.shp,VBD_platforms-recurring_2015_r20170330.shp,999999,VBD_bridges_c20160811.shp,10.404151;8.502419;6.138182;1.273068;3.487974;5.509554,96.985527;110.863861;124.483452;123.301933;109.736603;96.013321,npp_d20251028_t1806113_e1807355_b72560;npp_d20251028_t1807367_e1809009_b72560;npp_d20251028_t1809021_e1810263_b72560;npp_d20251028_t1810275_e1811517_b72560,157.5,110.611,40.8016,98.4253,117.95,-115.171
511,VBD_npp_d20251028_t1811158_x1048173E_y064351N_l0443_s1228_v23,2025-10-28 20:29:00,6.435112,104.817307,12.2484,2025-10-28 18:11:15,2025-10-29 01:11:15,443,1228,0.414865,1,2401,0.622611,0.055,0.878042,0.4,0.946991,0.75,2.78517e-17,0.0001,7.01874e-13,999999,999999,3,Malaysian Exclusive Economic Zone,,,SVDNB_npp_d20251028_t1810275_e1811517_b72560_c20251028193205056000_oebc_ops.h5,GDNBO_npp_d20251028_t1810275_e1811517_b72560_c20251028192939737000_oebc_ops.h5,SVI04_npp_d20251028_t1810275_e1811517_b72560_c20251028193214149000_oebc_ops.dspace_rad,,eez_v11.shp,WPP_BFAR_merge.shp,vbd_mpa_r20170830.shp,VNF-VBD_npp_20120301-20151231_global_asia-enhanced_c201607211230.bitmask,vbd_landsea_r20220824.mask,timezone.shp,VBD_platforms-recurring_2015_r20170330.shp,999999,VBD_bridges_c20160811.shp,10.404151;8.502419;6.138182;1.273068;3.487974;5.509554,96.985527;110.863861;124.483452;123.301933;109.736603;96.013321,npp_d20251028_t1806113_e1807355_b72560;npp_d20251028_t1807367_e1809009_b72560;npp_d20251028_t1809021_e1810263_b72560;npp_d20251028_t1810275_e1811517_b72560,157.548,109.689,40.6185,98.0368,118.189,-115.005
512,VBD_npp_d20251028_t1811158_x1048189E_y064002N_l0448_s1229_v23,2025-10-28 20:29:00,6.400172,104.818939,4.56406,2025-10-28 18:11:15,2025-10-29 01:11:15,448,1229,0.404623,1,2401,0.321199,0.055,0.847798,0.4,0.908587,0.75,2.82306e-17,0.0001,6.87194e-13,999999,999999,3,Malaysian Exclusive Economic Zone,,,SVDNB_npp_d20251028_t1810275_e1811517_b72560_c20251028193205056000_oebc_ops.h5,GDNBO_npp_d20251028_t1810275_e1811517_b72560_c20251028192939737000_oebc_ops.h5,SVI04_npp_d20251028_t1810275_e1811517_b72560_c20251028193214149000_oebc_ops.dspace_rad,,eez_v11.shp,WPP_BFAR_merge.shp,vbd_mpa_r20170830.shp,VNF-VBD_npp_20120301-20151231_global_asia-enhanced_c201607211230.bitmask,vbd_landsea_r20220824.mask,timezone.shp,VBD_platforms-recurring_2015_r20170330.shp,999999,VBD_bridges_c20160811.shp,10.404151;8.502419;6.138182;1.273068;3.487974;5.509554,96.985527;110.863861;124.483452;123.301933;109.736603;96.013321,npp_d20251028_t1806113_e1807355_b72560;npp_d20251028_t1807367_e1809009_b72560;npp_d20251028_t1809021_e1810263_b72560;npp_d20251028_t1810275_e1811517_b72560,157.535,109.767,40.5828,97.6779,118.176,-115.021
513,VBD_npp_d20251028_t1811283_x1046691E_y057246N_l0552_s1229_v23,2025-10-28 20:29:00,5.724554,104.669075,2.52742,2025-10-28 18:11:28,2025-10-29 02:11:28,552,1229,0.049181,8,18785,0.15835,0.055,0.543042,0.4,0.765733,0.75,3.59432e-17,0.0001,6.71923e-13,999999,999999,3,Malaysian Exclusive Economic Zone,,,SVDNB_npp_d20251028_t1810275_e1811517_b72560_c20251028193205056000_oebc_ops.h5,GDNBO_npp_d20251028_t1810275_e1811517_b72560_c20251028192939737000_oebc_ops.h5,SVI04_npp_d20251028_t1810275_e1811517_b72560_c20251028193214149000_oebc_ops.dspace_rad,,eez_v11.shp,WPP_BFAR_merge.shp,vbd_mpa_r20170830.shp,VNF-VBD_npp_20120301-20151231_global_asia-enhanced_c201607211230.bitmask,vbd_landsea_r20220824.mask,timezone.shp,VBD_platforms-recurring_2015_r20170330.shp,0.200764,VBD_bridges_c20160811.shp,10.404151;8.502419;6.138182;1.273068;3.487974;5.509554,96.985527;110.863861;124.483452;123.301933;109.736603;96.013321,npp_d20251028_t1806113_e1807355_b72560;npp_d20251028_t1807367_e1809009_b72560;npp_d20251028_t1809021_e1810263_b72560;npp_d20251028_t1810275_e1811517_b72560,157.388,111.364,40.5781,98.3102,117.802,-115.324
515,VBD_npp_d20251028_t1811176_x1048180E_y063966N_l0449_s1230_v23,2025-10-28 20:29:00,6.396603,104.818031,4.87236,2025-10-28 18:11:17,2025-10-29 01:11:17,449,1230,0.411238,1,2401,0.328543,0.055,0.847798,0.4,0.885071,0.75,2.81916e-17,0.0001,7.14773e-13,999999,999999,3,Malaysian Exclusive Economic Zone,,,SVDNB_npp_d20251028_t1810275_e1811517_b72560_c20251028193205056000_oebc_ops.h5,GDNBO_npp_d20251028_t1810275_e1811517_b72560_c20251028192939737000_oebc_ops.h5,SVI04_npp_d20251028_t1810275_e1811517_b72560_c20251028193214149000_oebc_ops.dspace_rad,,eez_v11.shp,WPP_BFAR_merge.shp,vbd_mpa_r20170830.shp,VNF-VBD_npp_20120301-20151231_global_asia-enhanced_c201607211230.bitmask,vbd_landsea_r20220824.mask,timezone.shp,VBD_platforms-recurring_2015_r20170330.shp,999999,VBD_bridges_c20160811.shp,10.404151;8.502419;6.138182;1.273068;3.487974;5.509554,96.985527;110.863861;124.483452;123.301933;109.736603;96.013321,npp_d20251028_t1806113_e1807355_b72560;npp_d20251028_t1807367_e1809009_b72560;npp_d20251028_t1809021_e1810263_b72560;npp_d20251028_t1810275_e1811517_b72560,157.527,109.771,40.5435,98.7631,118.18,-115.024
516,VBD_npp_d20251028_t1811105_x1049126E_y067923N_l0388_s1231_v23,2025-10-28 20:29:00,6.792258,104.912590,27.5496,2025-10-28 18:11:10,2025-10-29 01:11:10,388,1231,0.398363,1,2401,0.888423,0.055,0.891842,0.4,0.958273,0.75,2.17871e-17,0.0001,7.24204e-13,999999,999999,3,Vietnamese Exclusive Economic Zone,,,SVDNB_npp_d20251028_t1810275_e1811517_b72560_c20251028193205056000_oebc_ops.h5,GDNBO_npp_d20251028_t1810275_e1811517_b72560_c20251028192939737000_oebc_ops.h5,SVI04_npp_d20251028_t1810275_e1811517_b72560_c20251028193214149000_oebc_ops.dspace_rad,,eez_v11.shp,WPP_BFAR_merge.shp,vbd_mpa_r20170830.shp,VNF-VBD_npp_20120301-20151231_global_asia-enhanced_c201607211230.bitmask,vbd_landsea_r20220824.mask,timezone.shp,VBD_platforms-recurring_2015_r20170330.shp,999999,VBD_bridges_c20160811.shp,10.404151;8.502419;6.138182;1.273068;3.487974;5.509554,96.985527;110.863861;124.483452;123.301933;109.736603;96.013321,npp_d20251028_t1806113_e1807355_b72560;npp_d20251028_t1807367_e1809009_b72560;npp_d20251028_t1809021_e1810263_b72560;npp_d20251028_t1810275_e1811517_b72560,157.597,108.823,40.5016,98.516,118.405,-114.844
517,VBD_npp_d20251028_t1811105_x1049379E_y067331N_l0396_s1236_v23,2025-10-28 20:29:00,6.733138,104.937904,25.8042,2025-10-28 18:11:10,2025-10-29 01:11:10,396,1236,0.390823,1,2401,0.883122,0.055,0.888835,0.4,0.920002,0.75,2.20333e-17,0.0001,6.89718e-13,999999,999999,3,Vietnamese Exclusive Economic Zone,,,SVDNB_npp_d20251028_t1810275_e1811517_b72560_c20251028193205056000_oebc_ops.h5,GDNBO_npp_d20251028_t1810275_e1811517_b72560_c20251028192939737000_oebc_ops.h5,SVI04_npp_d20251028_t1810275_e1811517_b72560_c20251028193214149000_oebc_ops.dspace_rad,,eez_v11.shp,WPP_BFAR_merge.shp,vbd_mpa_r20170830.shp,VNF-VBD_npp_20120301-20151231_global_asia-enhanced_c201607211230.bitmask,vbd_landsea_r20220824.mask,timezone.shp,VBD_platforms-recurring_2015_r20170330.shp,999999,VBD_bridges_c20160811.shp,10.404151;8.502419;6.138182;1.273068;3.487974;5.509554,96.985527;110.863861;124.483452;123.301933;109.736603;96.013321,npp_d20251028_t1806113_e1807355_b72560;npp_d20251028_t1807367_e1809009_b72560;npp_d20251028_t1809021_e1810263_b72560;npp_d20251028_t1810275_e1811517_b72560,157.554,108.941,40.3138,97.9426,118.403,-114.875
518,VBD_npp_d20251028_t1811176_x1048616E_y063693N_l0452_s1237_v23,2025-10-28 20:29:00,6.369283,104.861649,2.37864,2025-10-28 18:11:17,2025-10-29 01:11:17,452,1237,0.352128,2,2337,0.143706,0.055,0.700918,0.4,0.668492,0.75,2.74913e-17,0.0001,6.86591e-13,999999,999999,3,Malaysian Exclusive Economic Zone,,,SVDNB_npp_d20251028_t1810275_e1811517_b72560_c20251028193205056000_oebc_ops.h5,GDNBO_npp_d20251028_t1810275_e1811517_b72560_c20251028192939737000_oebc_ops.h5,SVI04_npp_d20251028_t1810275_e1811517_b72560_c20251028193214149000_oebc_ops.dspace_rad,,eez_v11.shp,WPP_BFAR_merge.shp,vbd_mpa_r20170830.shp,VNF-VBD_npp_20120301-20151231_global_asia-enhanced_c201607211230.bitmask,vbd_landsea_r20220824.mask,timezone.shp,VBD_platforms-recurring_2015_r20170330.shp,999999,VBD_bridges_c20160811.shp,10.404151;8.502419;6.138182;1.273068;3.487974;5.509554,96.985527;110.863861;124.483452;123.301933;109.736603;96.013321,npp_d20251028_t1806113_e1807355_b72560;npp_d20251028_t1807367_e1809009_b72560;npp_d20251028_t1809021_e1810263_b72560;npp_d20251028_t1810275_e1811517_b72560,157.477,109.803,40.2789,98.5538,118.208,-115.041
521,VBD_npp_d20251028_t1811194_x1048681E_y062747N_l0466_s1241_v23,2025-10-28 20:29:00,6.274712,104.868149,9.88789,2025-10-28 18:11:19,2025-10-29 01:11:19,466,1241,0.412731,1,2401,0.533193,0.055,0.822524,0.4,0.875003,0.75,2.82783e-17,0.0001,6.74754e-13,999999,999999,3,Malaysian Exclusive Economic Zone,,,SVDNB_npp_d20251028_t1810275_e1811517_b72560_c20251028193205056000_oebc_ops.h5,GDNBO_npp_d20251028_t1810275_e1811517_b72560_c20251028192939737000_oebc_ops.h5,SVI04_npp_d20251028_t1810275_e1811517_b72560_c20251028193214149000_oebc_ops.dspace_rad,,eez_v11.shp,WPP_BFAR_merge.shp,vbd_mpa_r20170830.shp,VNF-VBD_npp_20120301-20151231_global_asia-enhanced_c201607211230.bitmask,vbd_landsea_r20220824.mask,timezone.shp,VBD_platforms-recurring_2015_r20170330.shp,999999,VBD_bridges_c20160811.shp,10.404151;8.502419;6.138182;1.273068;3.487974;5.509554,96.985527;110.863861;124.483452;123.301933;109.736603;96.013321,npp_d20251028_t1806113_e1807355_b72560;npp_d20251028_t1807367_e1809009_b72560;npp_d20251028_t1809021_e1810263_b72560;npp_d20251028_t1810275_e1811517_b72560,157.432,110.007,40.1251,98.7133,118.18,-115.087
522,VBD_npp_d20251028_t1811105_x1049837E_y067679N_l0390_s1242_v23,2025-10-28 20:29:00,6.767903,104.983734,10.7631,2025-10-28 18:11:10,2025-10-29 01:11:10,390,1242,0.414937,1,2401,0.579587,0.055,0.860352,0.4,0.916956,0.75,2.07619e-17,0.0001,6.86106e-13,999999,999999,3,Vietnamese Exclusive Economic Zone,,,SVDNB_npp_d20251028_t1810275_e1811517_b72560_c20251028193205056000_oebc_ops.h5,GDNBO_npp_d20251028_t1810275_e1811517_b72560_c20251028192939737000_oebc_ops.h5,SVI04_npp_d20251028_t1810275_e1811517_b72560_c20251028193214149000_oebc_ops.dspace_rad,,eez_v11.shp,WPP_BFAR_merge.shp,vbd_mpa_r20170830.shp,VNF-VBD_npp_20120301-20151231_global_asia-enhanced_c201607211230.bitmask,vbd_landsea_r20220824.mask,timezone.shp,VBD_platforms-recurring_2015_r20170330.shp,999999,VBD_bridges_c20160811.shp,10.404151;8.502419;6.138182;1.273068;3.487974;5.509554,96.985527;110.863861;124.483452;123.301933;109.736603;96.013321,npp_d20251028_t1806113_e1807355_b72560;npp_d20251028_t1807367_e1809009_b72560;npp_d20251028_t1809021_e1810263_b72560;npp_d20251028_t1810275_e1811517_b72560,157.522,108.832,40.0864,98.3815,118.458,-114.863
525,VBD_npp_d20251028_t1811176_x1049237E_y063325N_l0456_s1247_v23,2025-10-28 20:29:00,6.332480,104.923714,5.44995,2025-10-28 18:11:17,2025-10-29 01:11:17,456,1247,0.407468,1,2401,0.388301,0.055,0.781571,0.4,0.933168,0.75,2.64259e-17,0.0001,6.49714e-13,999999,999999,3,Malaysian Exclusive Economic Zone,,,SVDNB_npp_d20251028_t1810275_e1811517_b72560_c20251028193205056000_oebc_ops.h5,GDNBO_npp_d20251028_t1810275_e1811517_b72560_c20251028192939737000_oebc_ops.h5,SVI04_npp_d20251028_t1810275_e1811517_b72560_c20251028193214149000_oebc_ops.dspace_rad,,eez_v11.shp,WPP_BFAR_merge.shp,vbd_mpa_r20170830.shp,VNF-VBD_npp_20120301-20151231_global_asia-enhanced_c201607211230.bitmask,vbd_landsea_r20220824.mask,timezone.shp,VBD_platforms-recurring_2015_r20170330.shp,999999,VBD_bridges_c20160811.shp,10.404151;8.502419;6.138182;1.273068;3.487974;5.509554,96.985527;110.863861;124.483452;123.301933;109.736603;96.013321,npp_d20251028_t1806113_e1807355_b72560;npp_d20251028_t1807367_e1809009_b72560;npp_d20251028_t1809021_e1810263_b72560;npp_d20251028_t1810275_e1811517_b72560,157.407,109.842,39.902,98.2714,118.248,-115.065
528,VBD_npp_d20251028_t1811211_x1049429E_y061487N_l0483_s1256_v23,2025-10-28 20:29:00,6.148661,104.942886,7.63519,2025-10-28 18:11:21,2025-10-29 02:11:21,483,1256,0.269545,1,35169,0.465327,0.055,0.829529,0.4,0.943712,0.75,2.74531e-17,0.0001,6.2789e-13,999999,999999,3,Malaysian Exclusive Economic Zone,,,SVDNB_npp_d20251028_t1810275_e1811517_b72560_c20251028193205056000_oebc_ops.h5,GDNBO_npp_d20251028_t1810275_e1811517_b72560_c20251028192939737000_oebc_ops.h5,SVI04_npp_d20251028_t1810275_e1811517_b72560_c20251028193214149000_oebc_ops.dspace_rad,,eez_v11.shp,WPP_BFAR_merge.shp,vbd_mpa_r20170830.shp,VNF-VBD_npp_20120301-20151231_global_asia-enhanced_c201607211230.bitmask,vbd_landsea_r20220824.mask,timezone.shp,VBD_platforms-recurring_2015_r20170330.shp,999999,VBD_bridges_c20160811.shp,10.404151;8.502419;6.138182;1.273068;3.487974;5.509554,96.985527;110.863861;124.483452;123.301933;109.736603;96.013321,npp_d20251028_t1806113_e1807355_b72560;npp_d20251028_t1807367_e1809009_b72560;npp_d20251028_t1809021_e1810263_b72560;npp_d20251028_t1810275_e1811517_b72560,157.312,110.232,39.5602,98.6603,118.2,-115.155
529,VBD_npp_d20251028_t1811176_x1049917E_y062951N_l0460_s1258_v23,2025-10-28 20:29:00,6.295063,104.991653,5.62221,2025-10-28 18:11:17,2025-10-29 01:11:17,460,1258,0.300344,1,2401,0.37915,0.055,0.755096,0.4,0.8505,0.75,2.51702e-17,0.0001,6.13293e-13,999999,999999,3,Malaysian Exclusive Economic Zone,,,SVDNB_npp_d20251028_t1810275_e1811517_b72560_c20251028193205056000_oebc_ops.h5,GDNBO_npp_d20251028_t1810275_e1811517_b72560_c20251028192939737000_oebc_ops.h5,SVI04_npp_d20251028_t1810275_e1811517_b72560_c20251028193214149000_oebc_ops.dspace_rad,,eez_v11.shp,WPP_BFAR_merge.shp,vbd_mpa_r20170830.shp,VNF-VBD_npp_20120301-20151231_global_asia-enhanced_c201607211230.bitmask,vbd_landsea_r20220824.mask,timezone.shp,VBD_platforms-recurring_2015_r20170330.shp,999999,VBD_bridges_c20160811.shp,10.404151;8.502419;6.138182;1.273068;3.487974;5.509554,96.985527;110.863861;124.483452;123.301933;109.736603;96.013321,npp_d20251028_t1806113_e1807355_b72560;npp_d20251028_t1807367_e1809009_b72560;npp_d20251028_t1809021_e1810263_b72560;npp_d20251028_t1810275_e1811517_b72560,157.331,109.879,39.4889,97.9848,118.293,-115.09
530,VBD_npp_d20251028_t1811194_x1049866E_y062158N_l0472_s1260_v23,2025-10-28 20:29:00,6.215816,104.986595,3.34018,2025-10-28 18:11:19,2025-10-29 02:11:19,472,1260,0.314428,1,35169,0.236225,0.055,0.69265,0.4,0.850869,0.75,2.59233e-17,0.0001,6.12128e-13,999999,999999,3,Malaysian Exclusive Economic Zone,,,SVDNB_npp_d20251028_t1810275_e1811517_b72560_c20251028193205056000_oebc_ops.h5,GDNBO_npp_d20251028_t1810275_e1811517_b72560_c20251028192939737000_oebc_ops.h5,SVI04_npp_d20251028_t1810275_e1811517_b72560_c20251028193214149000_oebc_ops.dspace_rad,,eez_v11.shp,WPP_BFAR_merge.shp,vbd_mpa_r20170830.shp,VNF-VBD_npp_20120301-20151231_global_asia-enhanced_c201607211230.bitmask,vbd_landsea_r20220824.mask,timezone.shp,VBD_platforms-recurring_2015_r20170330.shp,999999,VBD_bridges_c20160811.shp,10.404151;8.502419;6.138182;1.273068;3.487974;5.509554,96.985527;110.863861;124.483452;123.301933;109.736603;96.013321,npp_d20251028_t1806113_e1807355_b72560;npp_d20251028_t1807367_e1809009_b72560;npp_d20251028_t1809021_e1810263_b72560;npp_d20251028_t1810275_e1811517_b72560,157.301,110.056,39.4097,98.2908,118.261,-115.128
540,VBD_npp_d20251028_t1811283_x1049795E_y056436N_l0557_s1277_v23,2025-10-28 20:29:00,5.643612,104.979523,148.314,2025-10-28 18:11:28,2025-10-29 02:11:28,557,1277,0.0963408,4,100709,1.1116,0.055,0.815601,0.4,0.927458,0.75,2.74974e-17,0.0001,5.45018e-13,999999,999999,3,Malaysian Exclusive Economic Zone,,,SVDNB_npp_d20251028_t1810275_e1811517_b72560_c20251028193205056000_oebc_ops.h5,GDNBO_npp_d20251028_t1810275_e1811517_b72560_c20251028192939737000_oebc_ops.h5,SVI04_npp_d20251028_t1810275_e1811517_b72560_c20251028193214149000_oebc_ops.dspace_rad,,eez_v11.shp,WPP_BFAR_merge.shp,vbd_mpa_r20170830.shp,VNF-VBD_npp_20120301-20151231_global_asia-enhanced_c201607211230.bitmask,vbd_landsea_r20220824.mask,timezone.shp,VBD_platforms-recurring_2015_r20170330.shp,999999,VBD_bridges_c20160811.shp,10.404151;8.502419;6.138182;1.273068;3.487974;5.509554,96.985527;110.863861;124.483452;123.301933;109.736603;96.013321,npp_d20251028_t1806113_e1807355_b72560;npp_d20251028_t1807367_e1809009_b72560;npp_d20251028_t1809021_e1810263_b72560;npp_d20251028_t1810275_e1811517_b72560,157.071,111.307,38.7606,97.9565,118.045,-115.398
108,VBD_npp_d20251028_t1949572_x0958139E_y139972N_l0727_s3303_v23,2025-10-28 21:55:10,13.997150,95.813881,4.06147,2025-10-28 19:49:57,2025-10-29 02:49:57,727,3303,0.255034,1,2401,0.265476,0.06875,0.66371,0.4,0.847431,0.75,1.12818e-23,0.0001,1.60717e-10,999999,999999,3,Myanmar Exclusive Economic Zone,,,SVDNB_npp_d20251028_t1948369_e1950011_b72561_c20251028211105801000_oebc_ops.h5,GDNBO_npp_d20251028_t1948369_e1950011_b72561_c20251028210829199000_oebc_ops.h5,SVI04_npp_d20251028_t1948369_e1950011_b72561_c20251028211113250000_oebc_ops.dspace_rad,,eez_v11.shp,WPP_BFAR_merge.shp,vbd_mpa_r20170830.shp,VNF-VBD_npp_20120301-20151231_global_asia-enhanced_c201607211230.bitmask,vbd_landsea_r20220824.mask,timezone.shp,VBD_platforms-recurring_2015_r20170330.shp,999999,VBD_bridges_c20160811.shp,21.928268;20.277674;17.455967;12.650647;15.271956;17.014362,73.542297;88.260101;102.462250;100.956604;87.063965;72.789101,npp_d20251028_t1948369_e1950011_b72561;npp_d20251028_t1950023_e1951265_b72561;npp_d20251028_t1951277_e1952519_b72561;npp_d20251028_t1952531_e1954173_b72561,143.733,93.6778,54.9661,-78.69,134.439,-111.25
130,VBD_npp_d20251028_t1949554_x0980355E_y136787N_l0708_s3621_v23,2025-10-28 21:55:10,13.678743,98.035545,3.39016,2025-10-28 19:49:55,2025-10-29 02:49:55,708,3621,0.101107,2,2337,0.115078,0.0825,0.422932,0.4,0.458896,0.75,2.8629e-24,0.0001,1.24812e-11,999999,999999,3,Myanmar Exclusive Economic Zone,,,SVDNB_npp_d20251028_t1948369_e1950011_b72561_c20251028211105801000_oebc_ops.h5,GDNBO_npp_d20251028_t1948369_e1950011_b72561_c20251028210829199000_oebc_ops.h5,SVI04_npp_d20251028_t1948369_e1950011_b72561_c20251028211113250000_oebc_ops.dspace_rad,,eez_v11.shp,WPP_BFAR_merge.shp,vbd_mpa_r20170830.shp,VNF-VBD_npp_20120301-20151231_global_asia-enhanced_c201607211230.bitmask,vbd_landsea_r20220824.mask,timezone.shp,VBD_platforms-recurring_2015_r20170330.shp,999999,VBD_bridges_c20160811.shp,21.928268;20.277674;17.455967;12.650647;15.271956;17.014362,73.542297;88.260101;102.462250;100.956604;87.063965;72.789101,npp_d20251028_t1948369_e1950011_b72561;npp_d20251028_t1950023_e1951265_b72561;npp_d20251028_t1951277_e1952519_b72561;npp_d20251028_t1952531_e1954173_b72561,141.566,94.4245,62.2541,-78.2458,136.302,-111.795
131,VBD_npp_d20251028_t1949590_x0983297E_y133666N_l0745_s3674_v23,2025-10-28 21:55:10,13.366641,98.329651,13.0742,2025-10-28 19:49:59,2025-10-29 02:19:59,745,3674,0.289177,1,2401,0.545324,0.1375,0.836203,0.4,0.895436,0.75,2.25198e-24,0.0001,9.97394e-12,999999,999999,3,Myanmar Exclusive Economic Zone,,,SVDNB_npp_d20251028_t1948369_e1950011_b72561_c20251028211105801000_oebc_ops.h5,GDNBO_npp_d20251028_t1948369_e1950011_b72561_c20251028210829199000_oebc_ops.h5,SVI04_npp_d20251028_t1948369_e1950011_b72561_c20251028211113250000_oebc_ops.dspace_rad,,eez_v11.shp,WPP_BFAR_merge.shp,vbd_mpa_r20170830.shp,VNF-VBD_npp_20120301-20151231_global_asia-enhanced_c201607211230.bitmask,vbd_landsea_r20220824.mask,timezone.shp,VBD_platforms-recurring_2015_r20170330.shp,999999,VBD_bridges_c20160811.shp,21.928268;20.277674;17.455967;12.650647;15.271956;17.014362,73.542297;88.260101;102.462250;100.956604;87.063965;72.789101,npp_d20251028_t1948369_e1950011_b72561;npp_d20251028_t1950023_e1951265_b72561;npp_d20251028_t1951277_e1952519_b72561;npp_d20251028_t1952531_e1954173_b72561,141.242,94.856,63.2948,-78.0306,136.461,-112.135
132,VBD_npp_d20251028_t1949590_x0983276E_y133250N_l0751_s3675_v23,2025-10-28 21:55:10,13.325028,98.327614,13.1733,2025-10-28 19:49:59,2025-10-29 02:19:59,751,3675,0.259231,1,2401,0.488929,0.1375,0.845649,0.4,0.851981,0.75,2.24415e-24,0.0001,9.95714e-12,999999,999999,3,Myanmar Exclusive Economic Zone,,,SVDNB_npp_d20251028_t1948369_e1950011_b72561_c20251028211105801000_oebc_ops.h5,GDNBO_npp_d20251028_t1948369_e1950011_b72561_c20251028210829199000_oebc_ops.h5,SVI04_npp_d20251028_t1948369_e1950011_b72561_c20251028211113250000_oebc_ops.dspace_rad,,eez_v11.shp,WPP_BFAR_merge.shp,vbd_mpa_r20170830.shp,VNF-VBD_npp_20120301-20151231_global_asia-enhanced_c201607211230.bitmask,vbd_landsea_r20220824.mask,timezone.shp,VBD_platforms-recurring_2015_r20170330.shp,999999,VBD_bridges_c20160811.shp,21.928268;20.277674;17.455967;12.650647;15.271956;17.014362,73.542297;88.260101;102.462250;100.956604;87.063965;72.789101,npp_d20251028_t1948369_e1950011_b72561;npp_d20251028_t1950023_e1951265_b72561;npp_d20251028_t1951277_e1952519_b72561;npp_d20251028_t1952531_e1954173_b72561,141.24,94.9074,63.314,-77.822,136.444,-112.175
133,VBD_npp_d20251028_t1949572_x0983611E_y134192N_l0736_s3676_v23,2025-10-28 21:55:10,13.419239,98.361069,13.4595,2025-10-28 19:49:57,2025-10-29 02:19:57,736,3676,0.30134,1,2401,0.494603,0.1375,0.825574,0.4,0.868454,0.75,2.23632e-24,0.0001,9.82193e-12,999999,999999,3,Myanmar Exclusive Economic Zone,,,SVDNB_npp_d20251028_t1948369_e1950011_b72561_c20251028211105801000_oebc_ops.h5,GDNBO_npp_d20251028_t1948369_e1950011_b72561_c20251028210829199000_oebc_ops.h5,SVI04_npp_d20251028_t1948369_e1950011_b72561_c20251028211113250000_oebc_ops.dspace_rad,,eez_v11.shp,WPP_BFAR_merge.shp,vbd_mpa_r20170830.shp,VNF-VBD_npp_20120301-20151231_global_asia-enhanced_c201607211230.bitmask,vbd_landsea_r20220824.mask,timezone.shp,VBD_platforms-recurring_2015_r20170330.shp,999999,VBD_bridges_c20160811.shp,21.928268;20.277674;17.455967;12.650647;15.271956;17.014362,73.542297;88.260101;102.462250;100.956604;87.063965;72.789101,npp_d20251028_t1948369_e1950011_b72561;npp_d20251028_t1950023_e1951265_b72561;npp_d20251028_t1951277_e1952519_b72561;npp_d20251028_t1952531_e1954173_b72561,141.223,94.7939,63.3296,-77.7634,136.502,-112.089
134,VBD_npp_d20251028_t1949590_x0983617E_y134161N_l0737_s3677_v23,2025-10-28 21:55:10,13.416077,98.361732,7.45784,2025-10-28 19:49:59,2025-10-29 02:19:59,737,3677,0.30134,2,2337,0.301365,0.1375,0.825574,0.4,0.740643,0.75,2.22849e-24,0.0001,9.80573e-12,999999,999999,3,Myanmar Exclusive Economic Zone,,,SVDNB_npp_d20251028_t1948369_e1950011_b72561_c20251028211105801000_oebc_ops.h5,GDNBO_npp_d20251028_t1948369_e1950011_b72561_c20251028210829199000_oebc_ops.h5,SVI04_npp_d20251028_t1948369_e1950011_b72561_c20251028211113250000_oebc_ops.dspace_rad,,eez_v11.shp,WPP_BFAR_merge.shp,vbd_mpa_r20170830.shp,VNF-VBD_npp_20120301-20151231_global_asia-enhanced_c201607211230.bitmask,vbd_landsea_r20220824.mask,timezone.shp,VBD_platforms-recurring_2015_r20170330.shp,999999,VBD_bridges_c20160811.shp,21.928268;20.277674;17.455967;12.650647;15.271956;17.014362,73.542297;88.260101;102.462250;100.956604;87.063965;72.789101,npp_d20251028_t1948369_e1950011_b72561;npp_d20251028_t1950023_e1951265_b72561;npp_d20251028_t1951277_e1952519_b72561;npp_d20251028_t1952531_e1954173_b72561,141.215,94.7989,63.3531,-78.3019,136.508,-112.093
135,VBD_npp_d20251028_t1949590_x0983397E_y133155N_l0752_s3677_v23,2025-10-28 21:55:10,13.315478,98.339661,10.5753,2025-10-28 19:49:59,2025-10-29 02:19:59,752,3677,0.258662,1,2401,0.346934,0.1375,0.845649,0.4,0.750687,0.75,2.22849e-24,0.0001,9.87418e-12,999999,999999,3,Myanmar Exclusive Economic Zone,,,SVDNB_npp_d20251028_t1948369_e1950011_b72561_c20251028211105801000_oebc_ops.h5,GDNBO_npp_d20251028_t1948369_e1950011_b72561_c20251028210829199000_oebc_ops.h5,SVI04_npp_d20251028_t1948369_e1950011_b72561_c20251028211113250000_oebc_ops.dspace_rad,,eez_v11.shp,WPP_BFAR_merge.shp,vbd_mpa_r20170830.shp,VNF-VBD_npp_20120301-20151231_global_asia-enhanced_c201607211230.bitmask,vbd_landsea_r20220824.mask,timezone.shp,VBD_platforms-recurring_2015_r20170330.shp,999999,VBD_bridges_c20160811.shp,21.928268;20.277674;17.455967;12.650647;15.271956;17.014362,73.542297;88.260101;102.462250;100.956604;87.063965;72.789101,npp_d20251028_t1948369_e1950011_b72561;npp_d20251028_t1950023_e1951265_b72561;npp_d20251028_t1951277_e1952519_b72561;npp_d20251028_t1952531_e1954173_b72561,141.227,94.9208,63.3524,-77.7845,136.451,-112.186
136,VBD_npp_d20251028_t1950008_x0983406E_y133131N_l0753_s3678_v23,2025-10-28 21:55:10,13.313146,98.340599,10.8925,2025-10-28 19:50:00,2025-10-29 02:20:00,753,3678,0.246996,1,2401,0.371712,0.1375,0.845649,0.4,0.78245,0.75,2.22066e-24,0.0001,9.85679e-12,999999,999999,3,Myanmar Exclusive Economic Zone,,,SVDNB_npp_d20251028_t1948369_e1950011_b72561_c20251028211105801000_oebc_ops.h5,GDNBO_npp_d20251028_t1948369_e1950011_b72561_c20251028210829199000_oebc_ops.h5,SVI04_npp_d20251028_t1948369_e1950011_b72561_c20251028211113250000_oebc_ops.dspace_rad,,eez_v11.shp,WPP_BFAR_merge.shp,vbd_mpa_r20170830.shp,VNF-VBD_npp_20120301-20151231_global_asia-enhanced_c201607211230.bitmask,vbd_landsea_r20220824.mask,timezone.shp,VBD_platforms-recurring_2015_r20170330.shp,999999,VBD_bridges_c20160811.shp,21.928268;20.277674;17.455967;12.650647;15.271956;17.014362,73.542297;88.260101;102.462250;100.956604;87.063965;72.789101,npp_d20251028_t1948369_e1950011_b72561;npp_d20251028_t1950023_e1951265_b72561;npp_d20251028_t1951277_e1952519_b72561;npp_d20251028_t1952531_e1954173_b72561,141.219,94.9248,63.3761,-78.3269,136.457,-112.189
137,VBD_npp_d20251028_t1949590_x0983532E_y133126N_l0752_s3679_v23,2025-10-28 21:55:10,13.312625,98.353203,8.81615,2025-10-28 19:49:59,2025-10-29 02:19:59,752,3679,0.261791,7,2337,0.286355,0.1375,0.870829,0.4,0.740105,0.75,2.21283e-24,0.0001,9.78776e-12,999999,999999,3,,,,SVDNB_npp_d20251028_t1948369_e1950011_b72561_c20251028211105801000_oebc_ops.h5,GDNBO_npp_d20251028_t1948369_e1950011_b72561_c20251028210829199000_oebc_ops.h5,SVI04_npp_d20251028_t1948369_e1950011_b72561_c20251028211113250000_oebc_ops.dspace_rad,,eez_v11.shp,WPP_BFAR_merge.shp,vbd_mpa_r20170830.shp,VNF-VBD_npp_20120301-20151231_global_asia-enhanced_c201607211230.bitmask,vbd_landsea_r20220824.mask,timezone.shp,VBD_platforms-recurring_2015_r20170330.shp,999999,VBD_bridges_c20160811.shp,21.928268;20.277674;17.455967;12.650647;15.271956;17.014362,73.542297;88.260101;102.462250;100.956604;87.063965;72.789101,npp_d20251028_t1948369_e1950011_b72561;npp_d20251028_t1950023_e1951265_b72561;npp_d20251028_t1951277_e1952519_b72561;npp_d20251028_t1952531_e1954173_b72561,141.214,94.926,63.3907,-77.7815,136.462,-112.19
138,VBD_npp_d20251028_t1950008_x0983268E_y132178N_l0767_s3679_v23,2025-10-28 21:55:10,13.217783,98.326775,6.64063,2025-10-28 19:50:00,2025-10-29 02:20:00,767,3679,0.230707,2,2337,0.237877,0.1375,0.648559,0.4,0.681909,0.75,2.21283e-24,0.0001,9.87802e-12,999999,999999,3,Myanmar Exclusive Economic Zone,,,SVDNB_npp_d20251028_t1948369_e1950011_b72561_c20251028211105801000_oebc_ops.h5,GDNBO_npp_d20251028_t1948369_e1950011_b72561_c20251028210829199000_oebc_ops.h5,SVI04_npp_d20251028_t1948369_e1950011_b72561_c20251028211113250000_oebc_ops.dspace_rad,,eez_v11.shp,WPP_BFAR_merge.shp,vbd_mpa_r20170830.shp,VNF-VBD_npp_20120301-20151231_global_asia-enhanced_c201607211230.bitmask,vbd_landsea_r20220824.mask,timezone.shp,VBD_platforms-recurring_2015_r20170330.shp,999999,VBD_bridges_c20160811.shp,21.928268;20.277674;17.455967;12.650647;15.271956;17.014362,73.542297;88.260101;102.462250;100.956604;87.063965;72.789101,npp_d20251028_t1948369_e1950011_b72561;npp_d20251028_t1950023_e1951265_b72561;npp_d20251028_t1951277_e1952519_b72561;npp_d20251028_t1952531_e1954173_b72561,141.224,95.0413,63.3944,-77.8427,136.409,-112.278
139,VBD_npp_d20251028_t1949590_x0983732E_y133716N_l0743_s3680_v23,2025-10-28 21:55:10,13.371643,98.373184,18.9229,2025-10-28 19:49:59,2025-10-29 02:19:59,743,3680,0.288323,1,2401,0.629038,0.1375,0.877011,0.4,0.896117,0.75,2.205e-24,0.0001,9.70532e-12,999999,999999,3,Myanmar Exclusive Economic Zone,,,SVDNB_npp_d20251028_t1948369_e1950011_b72561_c20251028211105801000_oebc_ops.h5,GDNBO_npp_d20251028_t1948369_e1950011_b72561_c20251028210829199000_oebc_ops.h5,SVI04_npp_d20251028_t1948369_e1950011_b72561_c20251028211113250000_oebc_ops.dspace_rad,,eez_v11.shp,WPP_BFAR_merge.shp,vbd_mpa_r20170830.shp,VNF-VBD_npp_20120301-20151231_global_asia-enhanced_c201607211230.bitmask,vbd_landsea_r20220824.mask,timezone.shp,VBD_platforms-recurring_2015_r20170330.shp,999999,VBD_bridges_c20160811.shp,21.928268;20.277674;17.455967;12.650647;15.271956;17.014362,73.542297;88.260101;102.462250;100.956604;87.063965;72.789101,npp_d20251028_t1948369_e1950011_b72561;npp_d20251028_t1950023_e1951265_b72561;npp_d20251028_t1951277_e1952519_b72561;npp_d20251028_t1952531_e1954173_b72561,141.2,94.8555,63.4099,-78.0903,136.502,-112.137
140,VBD_npp_d20251028_t1949590_x0983644E_y133314N_l0749_s3680_v23,2025-10-28 21:55:10,13.331351,98.364357,21.3933,2025-10-28 19:49:59,2025-10-29 02:19:59,749,3680,0.343521,1,2401,0.638203,0.1375,0.881897,0.4,0.894018,0.75,2.205e-24,0.0001,9.73198e-12,999999,999999,3,Myanmar Exclusive Economic Zone,,,SVDNB_npp_d20251028_t1948369_e1950011_b72561_c20251028211105801000_oebc_ops.h5,GDNBO_npp_d20251028_t1948369_e1950011_b72561_c20251028210829199000_oebc_ops.h5,SVI04_npp_d20251028_t1948369_e1950011_b72561_c20251028211113250000_oebc_ops.dspace_rad,,eez_v11.shp,WPP_BFAR_merge.shp,vbd_mpa_r20170830.shp,VNF-VBD_npp_20120301-20151231_global_asia-enhanced_c201607211230.bitmask,vbd_landsea_r20220824.mask,timezone.shp,VBD_platforms-recurring_2015_r20170330.shp,999999,VBD_bridges_c20160811.shp,21.928268;20.277674;17.455967;12.650647;15.271956;17.014362,73.542297;88.260101;102.462250;100.956604;87.063965;72.789101,npp_d20251028_t1948369_e1950011_b72561;npp_d20251028_t1950023_e1951265_b72561;npp_d20251028_t1951277_e1952519_b72561;npp_d20251028_t1952531_e1954173_b72561,141.205,94.9043,63.4097,-77.8834,136.479,-112.174
141,VBD_npp_d20251028_t1950008_x0983542E_y133104N_l0753_s3680_v23,2025-10-28 21:55:10,13.310383,98.354164,8.19996,2025-10-28 19:50:00,2025-10-29 02:20:00,753,3680,0.250908,2,2337,0.286655,0.1375,0.870829,0.4,0.688751,0.75,2.205e-24,0.0001,9.77061e-12,999999,999999,3,Myanmar Exclusive Economic Zone,,,SVDNB_npp_d20251028_t1948369_e1950011_b72561_c20251028211105801000_oebc_ops.h5,GDNBO_npp_d20251028_t1948369_e1950011_b72561_c20251028210829199000_oebc_ops.h5,SVI04_npp_d20251028_t1948369_e1950011_b72561_c20251028211113250000_oebc_ops.dspace_rad,,eez_v11.shp,WPP_BFAR_merge.shp,vbd_mpa_r20170830.shp,VNF-VBD_npp_20120301-20151231_global_asia-enhanced_c201607211230.bitmask,vbd_landsea_r20220824.mask,timezone.shp,VBD_platforms-recurring_2015_r20170330.shp,999999,VBD_bridges_c20160811.shp,21.928268;20.277674;17.455967;12.650647;15.271956;17.014362,73.542297;88.260101;102.462250;100.956604;87.063965;72.789101,npp_d20251028_t1948369_e1950011_b72561;npp_d20251028_t1950023_e1951265_b72561;npp_d20251028_t1951277_e1952519_b72561;npp_d20251028_t1952531_e1954173_b72561,141.206,94.9299,63.4144,-78.3238,136.468,-112.194
142,VBD_npp_d20251028_t1950008_x0983379E_y132365N_l0764_s3680_v23,2025-10-28 21:55:10,13.236513,98.337944,10.5598,2025-10-28 19:50:00,2025-10-29 02:20:00,764,3680,0.321542,1,2401,0.398353,0.1375,0.705196,0.4,0.775815,0.75,2.205e-24,0.0001,9.82141e-12,999999,999999,3,Myanmar Exclusive Economic Zone,,,SVDNB_npp_d20251028_t1948369_e1950011_b72561_c20251028211105801000_oebc_ops.h5,GDNBO_npp_d20251028_t1948369_e1950011_b72561_c20251028210829199000_oebc_ops.h5,SVI04_npp_d20251028_t1948369_e1950011_b72561_c20251028211113250000_oebc_ops.dspace_rad,,eez_v11.shp,WPP_BFAR_merge.shp,vbd_mpa_r20170830.shp,VNF-VBD_npp_20120301-20151231_global_asia-enhanced_c201607211230.bitmask,vbd_landsea_r20220824.mask,timezone.shp,VBD_platforms-recurring_2015_r20170330.shp,999999,VBD_bridges_c20160811.shp,21.928268;20.277674;17.455967;12.650647;15.271956;17.014362,73.542297;88.260101;102.462250;100.956604;87.063965;72.789101,npp_d20251028_t1948369_e1950011_b72561;npp_d20251028_t1950023_e1951265_b72561;npp_d20251028_t1951277_e1952519_b72561;npp_d20251028_t1952531_e1954173_b72561,141.215,95.0194,63.4135,-77.9446,136.426,-112.261
143,VBD_npp_d20251028_t1949590_x0983921E_y133607N_l0744_s3683_v23,2025-10-28 21:55:10,13.360703,98.392097,17.8323,2025-10-28 19:49:59,2025-10-29 02:19:59,744,3683,0.290742,1,2401,0.561192,0.1375,0.864765,0.4,0.875791,0.75,2.1815e-24,0.0001,9.58333e-12,999999,999999,3,Myanmar Exclusive Economic Zone,,,SVDNB_npp_d20251028_t1948369_e1950011_b72561_c20251028211105801000_oebc_ops.h5,GDNBO_npp_d20251028_t1948369_e1950011_b72561_c20251028210829199000_oebc_ops.h5,SVI04_npp_d20251028_t1948369_e1950011_b72561_c20251028211113250000_oebc_ops.dspace_rad,,eez_v11.shp,WPP_BFAR_merge.shp,vbd_mpa_r20170830.shp,VNF-VBD_npp_20120301-20151231_global_asia-enhanced_c201607211230.bitmask,vbd_landsea_r20220824.mask,timezone.shp,VBD_platforms-recurring_2015_r20170330.shp,999999,VBD_bridges_c20160811.shp,21.928268;20.277674;17.455967;12.650647;15.271956;17.014362,73.542297;88.260101;102.462250;100.956604;87.063965;72.789101,npp_d20251028_t1948369_e1950011_b72561;npp_d20251028_t1950023_e1951265_b72561;npp_d20251028_t1951277_e1952519_b72561;npp_d20251028_t1952531_e1954173_b72561,141.18,94.8714,63.4673,-78.0511,136.514,-112.15
144,VBD_npp_d20251028_t1950008_x0983731E_y132995N_l0754_s3683_v23,2025-10-28 21:55:10,13.299501,98.373085,20.3392,2025-10-28 19:50:00,2025-10-29 02:20:00,754,3683,0.321613,1,2401,0.640551,0.1375,0.870545,0.4,0.860451,0.75,2.1815e-24,0.0001,9.64765e-12,999999,999999,3,Myanmar Exclusive Economic Zone,,,SVDNB_npp_d20251028_t1948369_e1950011_b72561_c20251028211105801000_oebc_ops.h5,GDNBO_npp_d20251028_t1948369_e1950011_b72561_c20251028210829199000_oebc_ops.h5,SVI04_npp_d20251028_t1948369_e1950011_b72561_c20251028211113250000_oebc_ops.dspace_rad,,eez_v11.shp,WPP_BFAR_merge.shp,vbd_mpa_r20170830.shp,VNF-VBD_npp_20120301-20151231_global_asia-enhanced_c201607211230.bitmask,vbd_landsea_r20220824.mask,timezone.shp,VBD_platforms-recurring_2015_r20170330.shp,999999,VBD_bridges_c20160811.shp,21.928268;20.277674;17.455967;12.650647;15.271956;17.014362,73.542297;88.260101;102.462250;100.956604;87.063965;72.789101,npp_d20251028_t1948369_e1950011_b72561;npp_d20251028_t1950023_e1951265_b72561;npp_d20251028_t1951277_e1952519_b72561;npp_d20251028_t1952531_e1954173_b72561,141.186,94.9458,63.4718,-78.2845,136.481,-112.207
145,VBD_npp_d20251028_t1949590_x0983886E_y133122N_l0751_s3684_v23,2025-10-28 21:55:10,13.312199,98.388603,12.5605,2025-10-28 19:49:59,2025-10-29 02:19:59,751,3684,0.32332,1,2401,0.434917,0.1375,0.870545,0.4,0.785924,0.75,2.17367e-24,0.0001,9.57173e-12,999999,999999,3,Myanmar Exclusive Economic Zone,,,SVDNB_npp_d20251028_t1948369_e1950011_b72561_c20251028211105801000_oebc_ops.h5,GDNBO_npp_d20251028_t1948369_e1950011_b72561_c20251028210829199000_oebc_ops.h5,SVI04_npp_d20251028_t1948369_e1950011_b72561_c20251028211113250000_oebc_ops.dspace_rad,,eez_v11.shp,WPP_BFAR_merge.shp,vbd_mpa_r20170830.shp,VNF-VBD_npp_20120301-20151231_global_asia-enhanced_c201607211230.bitmask,vbd_landsea_r20220824.mask,timezone.shp,VBD_platforms-recurring_2015_r20170330.shp,999999,VBD_bridges_c20160811.shp,21.928268;20.277674;17.455967;12.650647;15.271956;17.014362,73.542297;88.260101;102.462250;100.956604;87.063965;72.789101,npp_d20251028_t1948369_e1950011_b72561;npp_d20251028_t1950023_e1951265_b72561;npp_d20251028_t1951277_e1952519_b72561;npp_d20251028_t1952531_e1954173_b72561,141.18,94.9311,63.4865,-77.8084,136.493,-112.196
146,VBD_npp_d20251028_t1949590_x0984164E_y133416N_l0746_s3687_v23,2025-10-28 21:55:10,13.341571,98.416428,16.8092,2025-10-28 19:49:59,2025-10-29 02:19:59,746,3687,0.282775,1,2401,0.548636,0.1375,0.831232,0.4,0.885834,0.75,2.15018e-24,0.0001,9.42635e-12,999999,999999,3,Myanmar Exclusive Economic Zone,,,SVDNB_npp_d20251028_t1948369_e1950011_b72561_c20251028211105801000_oebc_ops.h5,GDNBO_npp_d20251028_t1948369_e1950011_b72561_c20251028210829199000_oebc_ops.h5,SVI04_npp_d20251028_t1948369_e1950011_b72561_c20251028211113250000_oebc_ops.dspace_rad,,eez_v11.shp,WPP_BFAR_merge.shp,vbd_mpa_r20170830.shp,VNF-VBD_npp_20120301-20151231_global_asia-enhanced_c201607211230.bitmask,vbd_landsea_r20220824.mask,timezone.shp,VBD_platforms-recurring_2015_r20170330.shp,999999,VBD_bridges_c20160811.shp,21.928268;20.277674;17.455967;12.650647;15.271956;17.014362,73.542297;88.260101;102.462250;100.956604;87.063965;72.789101,npp_d20251028_t1948369_e1950011_b72561;npp_d20251028_t1950023_e1951265_b72561;npp_d20251028_t1951277_e1952519_b72561;npp_d20251028_t1952531_e1954173_b72561,141.155,94.8982,63.5441,-77.976,136.529,-112.172
147,VBD_npp_d20251028_t1949537_x1007346E_y131287N_l0704_s4015_v23,2025-10-28 21:55:10,13.128683,100.734566,10.8017,2025-10-28 19:49:53,2025-10-29 02:49:53,704,4015,0.121023,2,2337,0.235148,0.17875,0.408008,0.4,0.70372,0.75,6.81256e-25,0.0001,3.21611e-12,999999,999999,3,Thailand Exclusive Economic Zone,,,SVDNB_npp_d20251028_t1948369_e1950011_b72561_c20251028211105801000_oebc_ops.h5,GDNBO_npp_d20251028_t1948369_e1950011_b72561_c20251028210829199000_oebc_ops.h5,SVI04_npp_d20251028_t1948369_e1950011_b72561_c20251028211113250000_oebc_ops.dspace_rad,,eez_v11.shp,WPP_BFAR_merge.shp,vbd_mpa_r20170830.shp,VNF-VBD_npp_20120301-20151231_global_asia-enhanced_c201607211230.bitmask,vbd_landsea_r20220824.mask,timezone.shp,VBD_platforms-recurring_2015_r20170330.shp,999999,VBD_bridges_c20160811.shp,21.928268;20.277674;17.455967;12.650647;15.271956;17.014362,73.542297;88.260101;102.462250;100.956604;87.063965;72.789101,npp_d20251028_t1948369_e1950011_b72561;npp_d20251028_t1950023_e1951265_b72561;npp_d20251028_t1951277_e1952519_b72561;npp_d20251028_t1952531_e1954173_b72561,138.91,95.4367,69.1873,-77.2257,138.49,-112.769
19,VBD_npp_d20251028_t1951155_x0958084E_y092450N_l0664_s3480_v23,2025-10-28 21:55:10,9.245011,95.808395,10.4357,2025-10-28 19:51:15,2025-10-29 02:51:15,664,3480,0.362157,1,2401,0.511562,0.0825,0.849052,0.4,0.863105,0.75,4.87949e-23,0.0001,6.06117e-11,999999,999999,3,Thailand Exclusive Economic Zone,,,SVDNB_npp_d20251028_t1950023_e1951265_b72561_c20251028211108022000_oebc_ops.h5,GDNBO_npp_d20251028_t1950023_e1951265_b72561_c20251028210829976000_oebc_ops.h5,SVI04_npp_d20251028_t1950023_e1951265_b72561_c20251028211119408000_oebc_ops.dspace_rad,,eez_v11.shp,WPP_BFAR_merge.shp,vbd_mpa_r20170830.shp,VNF-VBD_npp_20120301-20151231_global_asia-enhanced_c201607211230.bitmask,vbd_landsea_r20220824.mask,timezone.shp,VBD_platforms-recurring_2015_r20170330.shp,999999,VBD_bridges_c20160811.shp,17.017948;15.266921;12.652302;7.821077;10.255563;12.108063,72.779984;87.055679;100.948807;99.582573;85.897972;71.932953,npp_d20251028_t1948369_e1950011_b72561;npp_d20251028_t1950023_e1951265_b72561;npp_d20251028_t1951277_e1952519_b72561;npp_d20251028_t1952531_e1954173_b72561,142.852,100.027,59.2532,-79.3201,132.854,-115.367
20,VBD_npp_d20251028_t1951173_x0957833E_y091141N_l0684_s3481_v23,2025-10-28 21:55:10,9.114080,95.783257,55.8882,2025-10-28 19:51:17,2025-10-29 02:51:17,684,3481,0.209652,1,2401,1.12188,0.0825,0.900401,0.4,0.976383,0.75,4.99026e-23,0.0001,6.14736e-11,999999,999999,3,Thailand Exclusive Economic Zone,,,SVDNB_npp_d20251028_t1950023_e1951265_b72561_c20251028211108022000_oebc_ops.h5,GDNBO_npp_d20251028_t1950023_e1951265_b72561_c20251028210829976000_oebc_ops.h5,SVI04_npp_d20251028_t1950023_e1951265_b72561_c20251028211119408000_oebc_ops.dspace_rad,,eez_v11.shp,WPP_BFAR_merge.shp,vbd_mpa_r20170830.shp,VNF-VBD_npp_20120301-20151231_global_asia-enhanced_c201607211230.bitmask,vbd_landsea_r20220824.mask,timezone.shp,VBD_platforms-recurring_2015_r20170330.shp,999999,VBD_bridges_c20160811.shp,17.017948;15.266921;12.652302;7.821077;10.255563;12.108063,72.779984;87.055679;100.948807;99.582573;85.897972;71.932953,npp_d20251028_t1948369_e1950011_b72561;npp_d20251028_t1950023_e1951265_b72561;npp_d20251028_t1951277_e1952519_b72561;npp_d20251028_t1952531_e1954173_b72561,142.847,100.199,59.2759,-79.181,132.782,-115.469
21,VBD_npp_d20251028_t1951173_x0958222E_y091346N_l0680_s3486_v23,2025-10-28 21:55:10,9.134596,95.822189,12.475,2025-10-28 19:51:17,2025-10-29 02:51:17,680,3486,0.130982,1,2401,0.575311,0.0825,0.887448,0.4,0.924823,0.75,4.89847e-23,0.0001,5.8653e-11,999999,999999,3,Thailand Exclusive Economic Zone,,,SVDNB_npp_d20251028_t1950023_e1951265_b72561_c20251028211108022000_oebc_ops.h5,GDNBO_npp_d20251028_t1950023_e1951265_b72561_c20251028210829976000_oebc_ops.h5,SVI04_npp_d20251028_t1950023_e1951265_b72561_c20251028211119408000_oebc_ops.dspace_rad,,eez_v11.shp,WPP_BFAR_merge.shp,vbd_mpa_r20170830.shp,VNF-VBD_npp_20120301-20151231_global_asia-enhanced_c201607211230.bitmask,vbd_landsea_r20220824.mask,timezone.shp,VBD_platforms-recurring_2015_r20170330.shp,999999,VBD_bridges_c20160811.shp,17.017948;15.266921;12.652302;7.821077;10.255563;12.108063,72.779984;87.055679;100.948807;99.582573;85.897972;71.932953,npp_d20251028_t1948369_e1950011_b72561;npp_d20251028_t1950023_e1951265_b72561;npp_d20251028_t1951277_e1952519_b72561;npp_d20251028_t1952531_e1954173_b72561,142.812,100.169,59.3875,-79.333,132.825,-115.461
22,VBD_npp_d20251028_t1951191_x0957875E_y089851N_l0703_s3486_v23,2025-10-28 21:55:10,8.985142,95.787453,10.0401,2025-10-28 19:51:19,2025-10-29 02:51:19,703,3486,0.125931,1,2401,0.483,0.0825,0.756653,0.4,0.890884,0.75,4.89847e-23,0.0001,6.0095e-11,999999,999999,3,Thailand Exclusive Economic Zone,,,SVDNB_npp_d20251028_t1950023_e1951265_b72561_c20251028211108022000_oebc_ops.h5,GDNBO_npp_d20251028_t1950023_e1951265_b72561_c20251028210829976000_oebc_ops.h5,SVI04_npp_d20251028_t1950023_e1951265_b72561_c20251028211119408000_oebc_ops.dspace_rad,,eez_v11.shp,WPP_BFAR_merge.shp,vbd_mpa_r20170830.shp,VNF-VBD_npp_20120301-20151231_global_asia-enhanced_c201607211230.bitmask,vbd_landsea_r20220824.mask,timezone.shp,VBD_platforms-recurring_2015_r20170330.shp,999999,VBD_bridges_c20160811.shp,17.017948;15.266921;12.652302;7.821077;10.255563;12.108063,72.779984;87.055679;100.948807;99.582573;85.897972;71.932953,npp_d20251028_t1948369_e1950011_b72561;npp_d20251028_t1950023_e1951265_b72561;npp_d20251028_t1951277_e1952519_b72561;npp_d20251028_t1952531_e1954173_b72561,142.812,100.365,59.3909,-79.0807,132.737,-115.577
23,VBD_npp_d20251028_t1951191_x0958466E_y090368N_l0694_s3493_v23,2025-10-28 21:55:10,9.036827,95.846634,3.46912,2025-10-28 19:51:19,2025-10-29 02:51:19,694,3493,0.114124,2,2337,0.184513,0.0825,0.625688,0.4,0.638501,0.75,4.76997e-23,0.0001,5.61162e-11,999999,999999,3,Thailand Exclusive Economic Zone,,,SVDNB_npp_d20251028_t1950023_e1951265_b72561_c20251028211108022000_oebc_ops.h5,GDNBO_npp_d20251028_t1950023_e1951265_b72561_c20251028210829976000_oebc_ops.h5,SVI04_npp_d20251028_t1950023_e1951265_b72561_c20251028211119408000_oebc_ops.dspace_rad,,eez_v11.shp,WPP_BFAR_merge.shp,vbd_mpa_r20170830.shp,VNF-VBD_npp_20120301-20151231_global_asia-enhanced_c201607211230.bitmask,vbd_landsea_r20220824.mask,timezone.shp,VBD_platforms-recurring_2015_r20170330.shp,999999,VBD_bridges_c20160811.shp,17.017948;15.266921;12.652302;7.821077;10.255563;12.108063,72.779984;87.055679;100.948807;99.582573;85.897972;71.932953,npp_d20251028_t1948369_e1950011_b72561;npp_d20251028_t1950023_e1951265_b72561;npp_d20251028_t1951277_e1952519_b72561;npp_d20251028_t1952531_e1954173_b72561,142.764,100.294,59.5475,-79.4267,132.811,-115.548
24,VBD_npp_d20251028_t1951191_x0958431E_y089815N_l0702_s3494_v23,2025-10-28 21:55:10,8.981544,95.843086,4.77021,2025-10-28 19:51:19,2025-10-29 02:51:19,702,3494,0.109073,1,2401,0.238659,0.0825,0.708467,0.4,0.764452,0.75,4.75162e-23,0.0001,5.60648e-11,999999,999999,3,Thailand Exclusive Economic Zone,,,SVDNB_npp_d20251028_t1950023_e1951265_b72561_c20251028211108022000_oebc_ops.h5,GDNBO_npp_d20251028_t1950023_e1951265_b72561_c20251028210829976000_oebc_ops.h5,SVI04_npp_d20251028_t1950023_e1951265_b72561_c20251028211119408000_oebc_ops.dspace_rad,,eez_v11.shp,WPP_BFAR_merge.shp,vbd_mpa_r20170830.shp,VNF-VBD_npp_20120301-20151231_global_asia-enhanced_c201607211230.bitmask,vbd_landsea_r20220824.mask,timezone.shp,VBD_platforms-recurring_2015_r20170330.shp,999999,VBD_bridges_c20160811.shp,17.017948;15.266921;12.652302;7.821077;10.255563;12.108063,72.779984;87.055679;100.948807;99.582573;85.897972;71.932953,npp_d20251028_t1948369_e1950011_b72561;npp_d20251028_t1950023_e1951265_b72561;npp_d20251028_t1951277_e1952519_b72561;npp_d20251028_t1952531_e1954173_b72561,142.758,100.365,59.5697,-79.1121,132.785,-115.593
25,VBD_npp_d20251028_t1951262_x0958914E_y085282N_l0768_s3517_v23,2025-10-28 21:55:10,8.528191,95.891365,5.78056,2025-10-28 19:51:26,2025-10-29 02:51:26,768,3517,0.193221,7,2337,0.266709,0.0825,0.842446,0.4,0.667511,0.75,4.32941e-23,0.0001,4.99422e-11,999999,999999,3,,,,SVDNB_npp_d20251028_t1950023_e1951265_b72561_c20251028211108022000_oebc_ops.h5,GDNBO_npp_d20251028_t1950023_e1951265_b72561_c20251028210829976000_oebc_ops.h5,SVI04_npp_d20251028_t1950023_e1951265_b72561_c20251028211119408000_oebc_ops.dspace_rad,,eez_v11.shp,WPP_BFAR_merge.shp,vbd_mpa_r20170830.shp,VNF-VBD_npp_20120301-20151231_global_asia-enhanced_c201607211230.bitmask,vbd_landsea_r20220824.mask,timezone.shp,VBD_platforms-recurring_2015_r20170330.shp,999999,VBD_bridges_c20160811.shp,17.017948;15.266921;12.652302;7.821077;10.255563;12.108063,72.779984;87.055679;100.948807;99.582573;85.897972;71.932953,npp_d20251028_t1948369_e1950011_b72561;npp_d20251028_t1950023_e1951265_b72561;npp_d20251028_t1951277_e1952519_b72561;npp_d20251028_t1952531_e1954173_b72561,142.598,100.943,60.0822,-79.0964,132.657,-115.979
26,VBD_npp_d20251028_t1951120_x0961692E_y094275N_l0627_s3524_v23,2025-10-28 21:55:10,9.427489,96.169197,7.53754,2025-10-28 19:51:12,2025-10-29 02:51:12,627,3524,0.113555,1,2401,0.381171,0.0825,0.766051,0.4,0.843804,0.75,3.6481e-23,0.0001,4.06672e-11,999999,999999,3,Thailand Exclusive Economic Zone,,,SVDNB_npp_d20251028_t1950023_e1951265_b72561_c20251028211108022000_oebc_ops.h5,GDNBO_npp_d20251028_t1950023_e1951265_b72561_c20251028210829976000_oebc_ops.h5,SVI04_npp_d20251028_t1950023_e1951265_b72561_c20251028211119408000_oebc_ops.dspace_rad,,eez_v11.shp,WPP_BFAR_merge.shp,vbd_mpa_r20170830.shp,VNF-VBD_npp_20120301-20151231_global_asia-enhanced_c201607211230.bitmask,vbd_landsea_r20220824.mask,timezone.shp,VBD_platforms-recurring_2015_r20170330.shp,999999,VBD_bridges_c20160811.shp,17.017948;15.266921;12.652302;7.821077;10.255563;12.108063,72.779984;87.055679;100.948807;99.582573;85.897972;71.932953,npp_d20251028_t1948369_e1950011_b72561;npp_d20251028_t1950023_e1951265_b72561;npp_d20251028_t1951277_e1952519_b72561;npp_d20251028_t1952531_e1954173_b72561,142.547,99.7705,60.232,-79.4238,133.236,-115.293
27,VBD_npp_d20251028_t1951155_x0963119E_y091155N_l0669_s3555_v23,2025-10-28 21:55:10,9.115513,96.311935,2.31897,2025-10-28 19:51:15,2025-10-29 02:51:15,669,3555,0.281495,2,2337,0.131064,0.0825,0.765129,0.4,0.720258,0.75,3.59035e-23,0.0001,3.38646e-11,999999,999999,3,Thailand Exclusive Economic Zone,,,SVDNB_npp_d20251028_t1950023_e1951265_b72561_c20251028211108022000_oebc_ops.h5,GDNBO_npp_d20251028_t1950023_e1951265_b72561_c20251028210829976000_oebc_ops.h5,SVI04_npp_d20251028_t1950023_e1951265_b72561_c20251028211119408000_oebc_ops.dspace_rad,,eez_v11.shp,WPP_BFAR_merge.shp,vbd_mpa_r20170830.shp,VNF-VBD_npp_20120301-20151231_global_asia-enhanced_c201607211230.bitmask,vbd_landsea_r20220824.mask,timezone.shp,VBD_platforms-recurring_2015_r20170330.shp,999999,VBD_bridges_c20160811.shp,17.017948;15.266921;12.652302;7.821077;10.255563;12.108063,72.779984;87.055679;100.948807;99.582573;85.897972;71.932953,npp_d20251028_t1948369_e1950011_b72561;npp_d20251028_t1950023_e1951265_b72561;npp_d20251028_t1951277_e1952519_b72561;npp_d20251028_t1952531_e1954173_b72561,142.34,100.16,60.8954,-79.0534,133.242,-115.588
28,VBD_npp_d20251028_t1951173_x0963523E_y090763N_l0674_s3563_v23,2025-10-28 21:55:10,9.076277,96.352310,36.7947,2025-10-28 19:51:17,2025-10-29 02:51:17,674,3563,0.228787,1,2401,0.81627,0.0825,0.860376,0.4,0.892384,0.75,3.485e-23,0.0001,3.23183e-11,999999,999999,3,Thailand Exclusive Economic Zone,,,SVDNB_npp_d20251028_t1950023_e1951265_b72561_c20251028211108022000_oebc_ops.h5,GDNBO_npp_d20251028_t1950023_e1951265_b72561_c20251028210829976000_oebc_ops.h5,SVI04_npp_d20251028_t1950023_e1951265_b72561_c20251028211119408000_oebc_ops.dspace_rad,,eez_v11.shp,WPP_BFAR_merge.shp,vbd_mpa_r20170830.shp,VNF-VBD_npp_20120301-20151231_global_asia-enhanced_c201607211230.bitmask,vbd_landsea_r20220824.mask,timezone.shp,VBD_platforms-recurring_2015_r20170330.shp,999999,VBD_bridges_c20160811.shp,17.017948;15.266921;12.652302;7.821077;10.255563;12.108063,72.779984;87.055679;100.948807;99.582573;85.897972;71.932953,npp_d20251028_t1948369_e1950011_b72561;npp_d20251028_t1950023_e1951265_b72561;npp_d20251028_t1951277_e1952519_b72561;npp_d20251028_t1952531_e1954173_b72561,142.287,100.207,61.0616,-79.4728,133.267,-115.632
29,VBD_npp_d20251028_t1950115_x0974444E_y128292N_l0084_s3573_v23,2025-10-28 21:55:10,12.829154,97.444359,43.4052,2025-10-28 19:50:11,2025-10-29 02:50:11,84,3573,0.123797,1,2401,0.993485,0.0825,0.881288,0.4,0.950044,0.75,5.94067e-24,0.0001,1.79842e-11,999999,999999,3,Myanmar Exclusive Economic Zone,,,SVDNB_npp_d20251028_t1950023_e1951265_b72561_c20251028211108022000_oebc_ops.h5,GDNBO_npp_d20251028_t1950023_e1951265_b72561_c20251028210829976000_oebc_ops.h5,SVI04_npp_d20251028_t1950023_e1951265_b72561_c20251028211119408000_oebc_ops.dspace_rad,,eez_v11.shp,WPP_BFAR_merge.shp,vbd_mpa_r20170830.shp,VNF-VBD_npp_20120301-20151231_global_asia-enhanced_c201607211230.bitmask,vbd_landsea_r20220824.mask,timezone.shp,VBD_platforms-recurring_2015_r20170330.shp,999999,VBD_bridges_c20160811.shp,17.017948;15.266921;12.652302;7.821077;10.255563;12.108063,72.779984;87.055679;100.948807;99.582573;85.897972;71.932953,npp_d20251028_t1948369_e1950011_b72561;npp_d20251028_t1950023_e1951265_b72561;npp_d20251028_t1951277_e1952519_b72561;npp_d20251028_t1952531_e1954173_b72561,142.002,95.4351,61.2647,-78.5422,135.515,-112.515
30,VBD_npp_d20251028_t1951173_x0964759E_y090323N_l0677_s3582_v23,2025-10-28 21:55:10,9.032300,96.475868,41.6853,2025-10-28 19:51:17,2025-10-29 02:51:17,677,3582,0.355186,1,2401,1.05917,0.0825,0.898885,0.4,0.980065,0.75,3.21953e-23,0.0001,2.85678e-11,999999,999999,3,Thailand Exclusive Economic Zone,,,SVDNB_npp_d20251028_t1950023_e1951265_b72561_c20251028211108022000_oebc_ops.h5,GDNBO_npp_d20251028_t1950023_e1951265_b72561_c20251028210829976000_oebc_ops.h5,SVI04_npp_d20251028_t1950023_e1951265_b72561_c20251028211119408000_oebc_ops.dspace_rad,,eez_v11.shp,WPP_BFAR_merge.shp,vbd_mpa_r20170830.shp,VNF-VBD_npp_20120301-20151231_global_asia-enhanced_c201607211230.bitmask,vbd_landsea_r20220824.mask,timezone.shp,VBD_platforms-recurring_2015_r20170330.shp,999999,VBD_bridges_c20160811.shp,17.017948;15.266921;12.652302;7.821077;10.255563;12.108063,72.779984;87.055679;100.948807;99.582573;85.897972;71.932953,npp_d20251028_t1948369_e1950011_b72561;npp_d20251028_t1950023_e1951265_b72561;npp_d20251028_t1951277_e1952519_b72561;npp_d20251028_t1952531_e1954173_b72561,142.159,100.255,61.4549,-79.3415,133.357,-115.697
31,VBD_npp_d20251028_t1950097_x0975526E_y128304N_l0080_s3587_v23,2025-10-28 21:55:10,12.830387,97.552597,6.888,2025-10-28 19:50:09,2025-10-29 02:50:09,80,3587,0.159576,8,18721,0.192267,0.0825,0.42239,0.4,0.566117,0.75,5.58814e-24,0.0001,1.65082e-11,999999,999999,3,Myanmar Exclusive Economic Zone,,,SVDNB_npp_d20251028_t1950023_e1951265_b72561_c20251028211108022000_oebc_ops.h5,GDNBO_npp_d20251028_t1950023_e1951265_b72561_c20251028210829976000_oebc_ops.h5,SVI04_npp_d20251028_t1950023_e1951265_b72561_c20251028211119408000_oebc_ops.dspace_rad,,eez_v11.shp,WPP_BFAR_merge.shp,vbd_mpa_r20170830.shp,VNF-VBD_npp_20120301-20151231_global_asia-enhanced_c201607211230.bitmask,vbd_landsea_r20220824.mask,timezone.shp,VBD_platforms-recurring_2015_r20170330.shp,0.431947,VBD_bridges_c20160811.shp,17.017948;15.266921;12.652302;7.821077;10.255563;12.108063,72.779984;87.055679;100.948807;99.582573;85.897972;71.932953,npp_d20251028_t1948369_e1950011_b72561;npp_d20251028_t1950023_e1951265_b72561;npp_d20251028_t1951277_e1952519_b72561;npp_d20251028_t1952531_e1954173_b72561,141.904,95.444,61.5588,-78.0534,135.606,-112.529
32,VBD_npp_d20251028_t1951173_x0965800E_y089846N_l0681_s3598_v23,2025-10-28 21:55:10,8.984562,96.580032,14.4845,2025-10-28 19:51:17,2025-10-29 02:51:17,681,3598,0.175438,1,2401,0.586724,0.0825,0.845113,0.4,0.873687,0.75,3.03154e-23,0.0001,2.58446e-11,999999,999999,3,Thailand Exclusive Economic Zone,,,SVDNB_npp_d20251028_t1950023_e1951265_b72561_c20251028211108022000_oebc_ops.h5,GDNBO_npp_d20251028_t1950023_e1951265_b72561_c20251028210829976000_oebc_ops.h5,SVI04_npp_d20251028_t1950023_e1951265_b72561_c20251028211119408000_oebc_ops.dspace_rad,,eez_v11.shp,WPP_BFAR_merge.shp,vbd_mpa_r20170830.shp,VNF-VBD_npp_20120301-20151231_global_asia-enhanced_c201607211230.bitmask,vbd_landsea_r20220824.mask,timezone.shp,VBD_platforms-recurring_2015_r20170330.shp,999999,VBD_bridges_c20160811.shp,17.017948;15.266921;12.652302;7.821077;10.255563;12.108063,72.779984;87.055679;100.948807;99.582573;85.897972;71.932953,npp_d20251028_t1948369_e1950011_b72561;npp_d20251028_t1950023_e1951265_b72561;npp_d20251028_t1951277_e1952519_b72561;npp_d20251028_t1952531_e1954173_b72561,142.049,100.308,61.7883,-79.1773,133.429,-115.762
33,VBD_npp_d20251028_t1950292_x0973734E_y117744N_l0243_s3604_v23,2025-10-28 21:55:10,11.774420,97.373352,2.46314,2025-10-28 19:50:29,2025-10-29 02:50:29,243,3604,0.112061,10,2305,0.0942865,0.0825,0.335892,0.4,0.690007,0.75,7.41062e-24,0.0001,1.71138e-11,999999,999999,3,Myanmar Exclusive Economic Zone,,,SVDNB_npp_d20251028_t1950023_e1951265_b72561_c20251028211108022000_oebc_ops.h5,GDNBO_npp_d20251028_t1950023_e1951265_b72561_c20251028210829976000_oebc_ops.h5,SVI04_npp_d20251028_t1950023_e1951265_b72561_c20251028211119408000_oebc_ops.dspace_rad,,eez_v11.shp,WPP_BFAR_merge.shp,vbd_mpa_r20170830.shp,VNF-VBD_npp_20120301-20151231_global_asia-enhanced_c201607211230.bitmask,vbd_landsea_r20220824.mask,timezone.shp,VBD_platforms-recurring_2015_r20170330.shp,999999,VBD_bridges_c20160811.shp,17.017948;15.266921;12.652302;7.821077;10.255563;12.108063,72.779984;87.055679;100.948807;99.582573;85.897972;71.932953,npp_d20251028_t1948369_e1950011_b72561;npp_d20251028_t1950023_e1951265_b72561;npp_d20251028_t1951277_e1952519_b72561;npp_d20251028_t1952531_e1954173_b72561,141.887,96.7751,61.9087,-78.7714,135.109,-113.473
34,VBD_npp_d20251028_t1951173_x0966298E_y089822N_l0680_s3605_v23,2025-10-28 21:55:10,8.982158,96.629837,138.69,2025-10-28 19:51:17,2025-10-29 02:51:17,680,3605,0.299775,1,2401,1.37232,0.0825,0.908634,0.4,0.96663,0.75,2.94929e-23,0.0001,2.47042e-11,999999,999999,3,Thailand Exclusive Economic Zone,,,SVDNB_npp_d20251028_t1950023_e1951265_b72561_c20251028211108022000_oebc_ops.h5,GDNBO_npp_d20251028_t1950023_e1951265_b72561_c20251028210829976000_oebc_ops.h5,SVI04_npp_d20251028_t1950023_e1951265_b72561_c20251028211119408000_oebc_ops.dspace_rad,,eez_v11.shp,WPP_BFAR_merge.shp,vbd_mpa_r20170830.shp,VNF-VBD_npp_20120301-20151231_global_asia-enhanced_c201607211230.bitmask,vbd_landsea_r20220824.mask,timezone.shp,VBD_platforms-recurring_2015_r20170330.shp,999999,VBD_bridges_c20160811.shp,17.017948;15.266921;12.652302;7.821077;10.255563;12.108063,72.779984;87.055679;100.948807;99.582573;85.897972;71.932953,npp_d20251028_t1948369_e1950011_b72561;npp_d20251028_t1950023_e1951265_b72561;npp_d20251028_t1951277_e1952519_b72561;npp_d20251028_t1952531_e1954173_b72561,142,100.307,61.935,-79.2065,133.471,-115.776
35,VBD_npp_d20251028_t1950257_x0974255E_y118869N_l0224_s3606_v23,2025-10-28 21:55:10,11.886852,97.425461,3.47893,2025-10-28 19:50:25,2025-10-29 02:50:25,224,3606,0.135605,1,2401,0.1964,0.0825,0.703306,0.4,0.761189,0.75,6.91896e-24,0.0001,1.66261e-11,999999,999999,3,Myanmar Exclusive Economic Zone,,,SVDNB_npp_d20251028_t1950023_e1951265_b72561_c20251028211108022000_oebc_ops.h5,GDNBO_npp_d20251028_t1950023_e1951265_b72561_c20251028210829976000_oebc_ops.h5,SVI04_npp_d20251028_t1950023_e1951265_b72561_c20251028211119408000_oebc_ops.dspace_rad,,eez_v11.shp,WPP_BFAR_merge.shp,vbd_mpa_r20170830.shp,VNF-VBD_npp_20120301-20151231_global_asia-enhanced_c201607211230.bitmask,vbd_landsea_r20220824.mask,timezone.shp,VBD_platforms-recurring_2015_r20170330.shp,999999,VBD_bridges_c20160811.shp,17.017948;15.266921;12.652302;7.821077;10.255563;12.108063,72.779984;87.055679;100.948807;99.582573;85.897972;71.932953,npp_d20251028_t1948369_e1950011_b72561;npp_d20251028_t1950023_e1951265_b72561;npp_d20251028_t1951277_e1952519_b72561;npp_d20251028_t1952531_e1954173_b72561,141.863,96.635,61.9502,-78.2436,135.186,-113.379
36,VBD_npp_d20251028_t1950275_x0974255E_y118851N_l0225_s3607_v23,2025-10-28 21:55:10,11.885141,97.425514,4.69679,2025-10-28 19:50:27,2025-10-29 02:50:27,225,3607,0.135605,2,2337,0.16661,0.0825,0.796354,0.4,0.607033,0.75,6.91438e-24,0.0001,1.65929e-11,999999,999999,3,Myanmar Exclusive Economic Zone,,,SVDNB_npp_d20251028_t1950023_e1951265_b72561_c20251028211108022000_oebc_ops.h5,GDNBO_npp_d20251028_t1950023_e1951265_b72561_c20251028210829976000_oebc_ops.h5,SVI04_npp_d20251028_t1950023_e1951265_b72561_c20251028211119408000_oebc_ops.dspace_rad,,eez_v11.shp,WPP_BFAR_merge.shp,vbd_mpa_r20170830.shp,VNF-VBD_npp_20120301-20151231_global_asia-enhanced_c201607211230.bitmask,vbd_landsea_r20220824.mask,timezone.shp,VBD_platforms-recurring_2015_r20170330.shp,999999,VBD_bridges_c20160811.shp,17.017948;15.266921;12.652302;7.821077;10.255563;12.108063,72.779984;87.055679;100.948807;99.582573;85.897972;71.932953,npp_d20251028_t1948369_e1950011_b72561;npp_d20251028_t1950023_e1951265_b72561;npp_d20251028_t1951277_e1952519_b72561;npp_d20251028_t1952531_e1954173_b72561,141.856,96.6377,61.9723,-78.8128,135.192,-113.382
37,VBD_npp_d20251028_t1950275_x0974646E_y118704N_l0226_s3613_v23,2025-10-28 21:55:10,11.870370,97.464584,25.2227,2025-10-28 19:50:27,2025-10-29 02:50:27,226,3613,0.188313,1,2401,0.757674,0.0825,0.820219,0.4,0.927675,0.75,6.77215e-24,0.0001,1.60755e-11,999999,999999,3,Myanmar Exclusive Economic Zone,,,SVDNB_npp_d20251028_t1950023_e1951265_b72561_c20251028211108022000_oebc_ops.h5,GDNBO_npp_d20251028_t1950023_e1951265_b72561_c20251028210829976000_oebc_ops.h5,SVI04_npp_d20251028_t1950023_e1951265_b72561_c20251028211119408000_oebc_ops.dspace_rad,,eez_v11.shp,WPP_BFAR_merge.shp,vbd_mpa_r20170830.shp,VNF-VBD_npp_20120301-20151231_global_asia-enhanced_c201607211230.bitmask,vbd_landsea_r20220824.mask,timezone.shp,VBD_platforms-recurring_2015_r20170330.shp,999999,VBD_bridges_c20160811.shp,17.017948;15.266921;12.652302;7.821077;10.255563;12.108063,72.779984;87.055679;100.948807;99.582573;85.897972;71.932953,npp_d20251028_t1948369_e1950011_b72561;npp_d20251028_t1950023_e1951265_b72561;npp_d20251028_t1951277_e1952519_b72561;npp_d20251028_t1952531_e1954173_b72561,141.816,96.6588,62.0929,-78.7677,135.221,-113.402
38,VBD_npp_d20251028_t1950061_x0983734E_y129692N_l0035_s3696_v23,2025-10-28 21:55:10,12.969190,98.373375,14.2688,2025-10-28 19:50:06,2025-10-29 02:20:06,35,3696,0.214276,1,2401,0.43807,0.1375,0.756618,0.4,0.821482,0.75,3.10552e-24,0.0001,9.40712e-12,999999,999999,3,Myanmar Exclusive Economic Zone,,,SVDNB_npp_d20251028_t1950023_e1951265_b72561_c20251028211108022000_oebc_ops.h5,GDNBO_npp_d20251028_t1950023_e1951265_b72561_c20251028210829976000_oebc_ops.h5,SVI04_npp_d20251028_t1950023_e1951265_b72561_c20251028211119408000_oebc_ops.dspace_rad,,eez_v11.shp,WPP_BFAR_merge.shp,vbd_mpa_r20170830.shp,VNF-VBD_npp_20120301-20151231_global_asia-enhanced_c201607211230.bitmask,vbd_landsea_r20220824.mask,timezone.shp,VBD_platforms-recurring_2015_r20170330.shp,999999,VBD_bridges_c20160811.shp,17.017948;15.266921;12.652302;7.821077;10.255563;12.108063,72.779984;87.055679;100.948807;99.582573;85.897972;71.932953,npp_d20251028_t1948369_e1950011_b72561;npp_d20251028_t1950023_e1951265_b72561;npp_d20251028_t1951277_e1952519_b72561;npp_d20251028_t1952531_e1954173_b72561,141.135,95.357,63.7232,-78.3029,136.376,-112.524
39,VBD_npp_d20251028_t1950043_x0984571E_y130245N_l0024_s3705_v23,2025-10-28 21:55:10,13.024502,98.457108,9.33133,2025-10-28 19:50:04,2025-10-29 02:20:04,24,3705,0.187958,2,2337,0.295817,0.1375,0.606123,0.4,0.696118,0.75,2.89578e-24,0.0001,8.97812e-12,999999,999999,3,Myanmar Exclusive Economic Zone,,,SVDNB_npp_d20251028_t1950023_e1951265_b72561_c20251028211108022000_oebc_ops.h5,GDNBO_npp_d20251028_t1950023_e1951265_b72561_c20251028210829976000_oebc_ops.h5,SVI04_npp_d20251028_t1950023_e1951265_b72561_c20251028211119408000_oebc_ops.dspace_rad,,eez_v11.shp,WPP_BFAR_merge.shp,vbd_mpa_r20170830.shp,VNF-VBD_npp_20120301-20151231_global_asia-enhanced_c201607211230.bitmask,vbd_landsea_r20220824.mask,timezone.shp,VBD_platforms-recurring_2015_r20170330.shp,999999,VBD_bridges_c20160811.shp,17.017948;15.266921;12.652302;7.821077;10.255563;12.108063,72.779984;87.055679;100.948807;99.582573;85.897972;71.932953,npp_d20251028_t1948369_e1950011_b72561;npp_d20251028_t1950023_e1951265_b72561;npp_d20251028_t1951277_e1952519_b72561;npp_d20251028_t1952531_e1954173_b72561,141.066,95.2974,63.8951,-78.0935,136.465,-112.484
40,VBD_npp_d20251028_t1950097_x0983766E_y127608N_l0066_s3705_v23,2025-10-28 21:55:10,12.760791,98.376556,5.92178,2025-10-28 19:50:09,2025-10-29 02:20:09,66,3705,0.184116,1,2401,0.277244,0.1375,0.655455,0.4,0.775864,0.75,3.29324e-24,0.0001,9.2461e-12,999999,999999,3,Myanmar Exclusive Economic Zone,,,SVDNB_npp_d20251028_t1950023_e1951265_b72561_c20251028211108022000_oebc_ops.h5,GDNBO_npp_d20251028_t1950023_e1951265_b72561_c20251028210829976000_oebc_ops.h5,SVI04_npp_d20251028_t1950023_e1951265_b72561_c20251028211119408000_oebc_ops.dspace_rad,,eez_v11.shp,WPP_BFAR_merge.shp,vbd_mpa_r20170830.shp,VNF-VBD_npp_20120301-20151231_global_asia-enhanced_c201607211230.bitmask,vbd_landsea_r20220824.mask,timezone.shp,VBD_platforms-recurring_2015_r20170330.shp,999999,VBD_bridges_c20160811.shp,17.017948;15.266921;12.652302;7.821077;10.255563;12.108063,72.779984;87.055679;100.948807;99.582573;85.897972;71.932953,npp_d20251028_t1948369_e1950011_b72561;npp_d20251028_t1950023_e1951265_b72561;npp_d20251028_t1951277_e1952519_b72561;npp_d20251028_t1952531_e1954173_b72561,141.098,95.6162,63.8904,-78.3753,136.313,-112.724
41,VBD_npp_d20251028_t1950043_x0984832E_y129764N_l0030_s3710_v23,2025-10-28 21:55:10,12.976424,98.483185,7.53588,2025-10-28 19:50:04,2025-10-29 02:20:04,30,3710,0.222883,2,2337,0.229394,0.1375,0.676655,0.4,0.658687,0.75,2.89481e-24,0.0001,8.81065e-12,999999,999999,3,Myanmar Exclusive Economic Zone,,,SVDNB_npp_d20251028_t1950023_e1951265_b72561_c20251028211108022000_oebc_ops.h5,GDNBO_npp_d20251028_t1950023_e1951265_b72561_c20251028210829976000_oebc_ops.h5,SVI04_npp_d20251028_t1950023_e1951265_b72561_c20251028211119408000_oebc_ops.dspace_rad,,eez_v11.shp,WPP_BFAR_merge.shp,vbd_mpa_r20170830.shp,VNF-VBD_npp_20120301-20151231_global_asia-enhanced_c201607211230.bitmask,vbd_landsea_r20220824.mask,timezone.shp,VBD_platforms-recurring_2015_r20170330.shp,999999,VBD_bridges_c20160811.shp,17.017948;15.266921;12.652302;7.821077;10.255563;12.108063,72.779984;87.055679;100.948807;99.582573;85.897972;71.932953,npp_d20251028_t1948369_e1950011_b72561;npp_d20251028_t1950023_e1951265_b72561;npp_d20251028_t1951277_e1952519_b72561;npp_d20251028_t1952531_e1954173_b72561,141.036,95.3596,63.992,-77.88,136.47,-112.533
42,VBD_npp_d20251028_t1950043_x0984932E_y129886N_l0028_s3711_v23,2025-10-28 21:55:10,12.988572,98.493164,9.34206,2025-10-28 19:50:04,2025-10-29 02:20:04,28,3711,0.263925,2,2337,0.301558,0.1375,0.689732,0.4,0.705826,0.75,2.86478e-24,0.0001,8.76518e-12,999999,999999,3,Myanmar Exclusive Economic Zone,,,SVDNB_npp_d20251028_t1950023_e1951265_b72561_c20251028211108022000_oebc_ops.h5,GDNBO_npp_d20251028_t1950023_e1951265_b72561_c20251028210829976000_oebc_ops.h5,SVI04_npp_d20251028_t1950023_e1951265_b72561_c20251028211119408000_oebc_ops.dspace_rad,,eez_v11.shp,WPP_BFAR_merge.shp,vbd_mpa_r20170830.shp,VNF-VBD_npp_20120301-20151231_global_asia-enhanced_c201607211230.bitmask,vbd_landsea_r20220824.mask,timezone.shp,VBD_platforms-recurring_2015_r20170330.shp,999999,VBD_bridges_c20160811.shp,17.017948;15.266921;12.652302;7.821077;10.255563;12.108063,72.779984;87.055679;100.948807;99.582573;85.897972;71.932953,npp_d20251028_t1948369_e1950011_b72561;npp_d20251028_t1950023_e1951265_b72561;npp_d20251028_t1951277_e1952519_b72561;npp_d20251028_t1952531_e1954173_b72561,141.028,95.3457,64.0114,-77.947,136.484,-112.523
43,VBD_npp_d20251028_t1950381_x0979483E_y110369N_l0335_s3712_v23,2025-10-28 21:55:10,11.036866,97.948318,4.51912,2025-10-28 19:50:38,2025-10-29 02:50:38,335,3712,0.0869515,2,2337,0.180939,0.1375,0.545445,0.4,0.491228,0.75,6.29689e-24,0.0001,1.07264e-11,999999,999999,3,Myanmar Exclusive Economic Zone,,,SVDNB_npp_d20251028_t1950023_e1951265_b72561_c20251028211108022000_oebc_ops.h5,GDNBO_npp_d20251028_t1950023_e1951265_b72561_c20251028210829976000_oebc_ops.h5,SVI04_npp_d20251028_t1950023_e1951265_b72561_c20251028211119408000_oebc_ops.dspace_rad,,eez_v11.shp,WPP_BFAR_merge.shp,vbd_mpa_r20170830.shp,VNF-VBD_npp_20120301-20151231_global_asia-enhanced_c201607211230.bitmask,vbd_landsea_r20220824.mask,timezone.shp,VBD_platforms-recurring_2015_r20170330.shp,999999,VBD_bridges_c20160811.shp,17.017948;15.266921;12.652302;7.821077;10.255563;12.108063,72.779984;87.055679;100.948807;99.582573;85.897972;71.932953,npp_d20251028_t1948369_e1950011_b72561;npp_d20251028_t1950023_e1951265_b72561;npp_d20251028_t1951277_e1952519_b72561;npp_d20251028_t1952531_e1954173_b72561,141.198,97.7221,64.025,-78.3232,135.355,-114.256
44,VBD_npp_d20251028_t1950043_x0985098E_y129637N_l0031_s3714_v23,2025-10-28 21:55:10,12.963713,98.509796,7.42078,2025-10-28 19:50:04,2025-10-29 02:20:04,31,3714,0.147769,2,2337,0.240551,0.1375,0.671302,0.4,0.657159,0.75,2.85773e-24,0.0001,8.66463e-12,999999,999999,3,Myanmar Exclusive Economic Zone,,,SVDNB_npp_d20251028_t1950023_e1951265_b72561_c20251028211108022000_oebc_ops.h5,GDNBO_npp_d20251028_t1950023_e1951265_b72561_c20251028210829976000_oebc_ops.h5,SVI04_npp_d20251028_t1950023_e1951265_b72561_c20251028211119408000_oebc_ops.dspace_rad,,eez_v11.shp,WPP_BFAR_merge.shp,vbd_mpa_r20170830.shp,VNF-VBD_npp_20120301-20151231_global_asia-enhanced_c201607211230.bitmask,vbd_landsea_r20220824.mask,timezone.shp,VBD_platforms-recurring_2015_r20170330.shp,999999,VBD_bridges_c20160811.shp,17.017948;15.266921;12.652302;7.821077;10.255563;12.108063,72.779984;87.055679;100.948807;99.582573;85.897972;71.932953,npp_d20251028_t1948369_e1950011_b72561;npp_d20251028_t1950023_e1951265_b72561;npp_d20251028_t1951277_e1952519_b72561;npp_d20251028_t1952531_e1954173_b72561,141.009,95.3782,64.0698,-77.8396,136.489,-112.55
45,VBD_npp_d20251028_t1950043_x0985258E_y130032N_l0025_s3715_v23,2025-10-28 21:55:10,13.003157,98.525764,10.0463,2025-10-28 19:50:04,2025-10-29 02:20:04,25,3715,0.209652,2,2337,0.255966,0.1375,0.606856,0.4,0.703137,0.75,2.79161e-24,0.0001,8.6049e-12,999999,999999,3,Myanmar Exclusive Economic Zone,,,SVDNB_npp_d20251028_t1950023_e1951265_b72561_c20251028211108022000_oebc_ops.h5,GDNBO_npp_d20251028_t1950023_e1951265_b72561_c20251028210829976000_oebc_ops.h5,SVI04_npp_d20251028_t1950023_e1951265_b72561_c20251028211119408000_oebc_ops.dspace_rad,,eez_v11.shp,WPP_BFAR_merge.shp,vbd_mpa_r20170830.shp,VNF-VBD_npp_20120301-20151231_global_asia-enhanced_c201607211230.bitmask,vbd_landsea_r20220824.mask,timezone.shp,VBD_platforms-recurring_2015_r20170330.shp,999999,VBD_bridges_c20160811.shp,17.017948;15.266921;12.652302;7.821077;10.255563;12.108063,72.779984;87.055679;100.948807;99.582573;85.897972;71.932953,npp_d20251028_t1948369_e1950011_b72561;npp_d20251028_t1950023_e1951265_b72561;npp_d20251028_t1951277_e1952519_b72561;npp_d20251028_t1952531_e1954173_b72561,140.997,95.3315,64.0892,-78.0436,136.518,-112.515
46,VBD_npp_d20251028_t1951244_x0982958E_y082001N_l0749_s3869_v23,2025-10-28 21:55:10,8.200050,98.295837,8.93793,2025-10-28 19:51:24,2025-10-29 02:51:24,749,3869,0.298708,2,2337,0.329797,0.1375,0.765392,0.4,0.67114,0.75,9.49592e-24,0.0001,7.65909e-12,999999,999999,1,Thailand Exclusive Economic Zone,,,SVDNB_npp_d20251028_t1950023_e1951265_b72561_c20251028211108022000_oebc_ops.h5,GDNBO_npp_d20251028_t1950023_e1951265_b72561_c20251028210829976000_oebc_ops.h5,SVI04_npp_d20251028_t1950023_e1951265_b72561_c20251028211119408000_oebc_ops.dspace_rad,,eez_v11.shp,WPP_BFAR_merge.shp,vbd_mpa_r20170830.shp,VNF-VBD_npp_20120301-20151231_global_asia-enhanced_c201607211230.bitmask,vbd_landsea_r20220824.mask,timezone.shp,VBD_platforms-recurring_2015_r20170330.shp,999999,VBD_bridges_c20160811.shp,17.017948;15.266921;12.652302;7.821077;10.255563;12.108063,72.779984;87.055679;100.948807;99.582573;85.897972;71.932953,npp_d20251028_t1948369_e1950011_b72561;npp_d20251028_t1950023_e1951265_b72561;npp_d20251028_t1951277_e1952519_b72561;npp_d20251028_t1952531_e1954173_b72561,140.207,101.127,66.8354,-78.8833,134.614,-116.887
47,VBD_npp_d20251028_t1950043_x1003543E_y125754N_l0031_s3984_v23,2025-10-28 21:55:10,12.575402,100.354294,6.47362,2025-10-28 19:50:04,2025-10-29 02:50:04,31,3984,0.0891566,1,2401,0.28468,0.17875,0.637745,0.4,0.866158,0.75,9.99722e-25,0.0001,3.61459e-12,999999,999999,3,Thailand Exclusive Economic Zone,,,SVDNB_npp_d20251028_t1950023_e1951265_b72561_c20251028211108022000_oebc_ops.h5,GDNBO_npp_d20251028_t1950023_e1951265_b72561_c20251028210829976000_oebc_ops.h5,SVI04_npp_d20251028_t1950023_e1951265_b72561_c20251028211119408000_oebc_ops.dspace_rad,,eez_v11.shp,WPP_BFAR_merge.shp,vbd_mpa_r20170830.shp,VNF-VBD_npp_20120301-20151231_global_asia-enhanced_c201607211230.bitmask,vbd_landsea_r20220824.mask,timezone.shp,VBD_platforms-recurring_2015_r20170330.shp,999999,VBD_bridges_c20160811.shp,17.017948;15.266921;12.652302;7.821077;10.255563;12.108063,72.779984;87.055679;100.948807;99.582573;85.897972;71.932953,npp_d20251028_t1948369_e1950011_b72561;npp_d20251028_t1950023_e1951265_b72561;npp_d20251028_t1951277_e1952519_b72561;npp_d20251028_t1952531_e1954173_b72561,139.181,96.034,68.7257,-77.4703,137.978,-113.261
98,VBD_npp_d20251028_t1951280_x0958888E_y085270N_l0001_s3518_v23,2025-10-28 21:55:10,8.526971,95.888786,30.1777,2025-10-28 19:51:28,2025-10-29 02:51:28,1,3518,0.257595,1,2401,0.766671,0.0825,0.842446,0.4,0.916039,0.75,5.03233e-23,0.0001,4.98849e-11,999999,999999,3,Thailand Exclusive Economic Zone,,,SVDNB_npp_d20251028_t1951277_e1952519_b72561_c20251028211059598000_oebc_ops.h5,GDNBO_npp_d20251028_t1951277_e1952519_b72561_c20251028210836244000_oebc_ops.h5,SVI04_npp_d20251028_t1951277_e1952519_b72561_c20251028211108128000_oebc_ops.dspace_rad,,eez_v11.shp,WPP_BFAR_merge.shp,vbd_mpa_r20170830.shp,VNF-VBD_npp_20120301-20151231_global_asia-enhanced_c201607211230.bitmask,vbd_landsea_r20220824.mask,timezone.shp,VBD_platforms-recurring_2015_r20170330.shp,999999,VBD_bridges_c20160811.shp,12.111141;10.250257;7.823531;2.972074;5.236562;7.212071,71.922836;85.889351;99.572311;98.315819;84.757271;70.987534,npp_d20251028_t1948369_e1950011_b72561;npp_d20251028_t1950023_e1951265_b72561;npp_d20251028_t1951277_e1952519_b72561;npp_d20251028_t1952531_e1954173_b72561,142.593,100.944,60.0975,-79.6999,132.661,-115.981
100,VBD_npp_d20251028_t1951564_x0955201E_y067787N_l0271_s3528_v23,2025-10-28 21:55:10,6.778718,95.520142,2.94368,2025-10-28 19:51:56,2025-10-29 02:51:56,271,3528,0.369626,1,2401,0.229873,0.0825,0.70696,0.4,0.863377,0.75,1.24204e-22,0.0001,6.30898e-11,999999,999999,3,Indonesian Exclusive Economic Zone,WPP571,,SVDNB_npp_d20251028_t1951277_e1952519_b72561_c20251028211059598000_oebc_ops.h5,GDNBO_npp_d20251028_t1951277_e1952519_b72561_c20251028210836244000_oebc_ops.h5,SVI04_npp_d20251028_t1951277_e1952519_b72561_c20251028211108128000_oebc_ops.dspace_rad,,eez_v11.shp,WPP_BFAR_merge.shp,vbd_mpa_r20170830.shp,VNF-VBD_npp_20120301-20151231_global_asia-enhanced_c201607211230.bitmask,vbd_landsea_r20220824.mask,timezone.shp,VBD_platforms-recurring_2015_r20170330.shp,999999,VBD_bridges_c20160811.shp,12.111141;10.250257;7.823531;2.972074;5.236562;7.212071,71.922836;85.889351;99.572311;98.315819;84.757271;70.987534,npp_d20251028_t1948369_e1950011_b72561;npp_d20251028_t1950023_e1951265_b72561;npp_d20251028_t1951277_e1952519_b72561;npp_d20251028_t1952531_e1954173_b72561,142.47,103.209,60.3173,-79.482,131.663,-117.295
102,VBD_npp_d20251028_t1952018_x0956280E_y064530N_l0317_s3555_v23,2025-10-28 21:55:10,6.453041,95.628036,2.51858,2025-10-28 19:52:01,2025-10-29 02:52:01,317,3555,0.301056,1,2401,0.159851,0.0825,0.576969,0.4,0.780654,0.75,1.2915e-22,0.0001,5.34748e-11,999999,999999,3,Indonesian Exclusive Economic Zone,WPP571,,SVDNB_npp_d20251028_t1951277_e1952519_b72561_c20251028211059598000_oebc_ops.h5,GDNBO_npp_d20251028_t1951277_e1952519_b72561_c20251028210836244000_oebc_ops.h5,SVI04_npp_d20251028_t1951277_e1952519_b72561_c20251028211108128000_oebc_ops.dspace_rad,,eez_v11.shp,WPP_BFAR_merge.shp,vbd_mpa_r20170830.shp,VNF-VBD_npp_20120301-20151231_global_asia-enhanced_c201607211230.bitmask,vbd_landsea_r20220824.mask,timezone.shp,VBD_platforms-recurring_2015_r20170330.shp,999999,VBD_bridges_c20160811.shp,12.111141;10.250257;7.823531;2.972074;5.236562;7.212071,71.922836;85.889351;99.572311;98.315819;84.757271;70.987534,npp_d20251028_t1948369_e1950011_b72561;npp_d20251028_t1950023_e1951265_b72561;npp_d20251028_t1951277_e1952519_b72561;npp_d20251028_t1952531_e1954173_b72561,142.268,103.596,60.897,-79.6113,131.627,-117.582
104,VBD_npp_d20251028_t1951511_x0961122E_y069930N_l0223_s3604_v23,2025-10-28 21:55:10,6.993010,96.112190,1.4598,2025-10-28 19:51:51,2025-10-29 02:51:51,223,3604,0.374463,1,2401,0.0830719,0.0825,0.435439,0.4,0.854026,0.75,7.53962e-23,0.0001,3.36548e-11,999999,999999,3,Indonesian Exclusive Economic Zone,WPP571,,SVDNB_npp_d20251028_t1951277_e1952519_b72561_c20251028211059598000_oebc_ops.h5,GDNBO_npp_d20251028_t1951277_e1952519_b72561_c20251028210836244000_oebc_ops.h5,SVI04_npp_d20251028_t1951277_e1952519_b72561_c20251028211108128000_oebc_ops.dspace_rad,,eez_v11.shp,WPP_BFAR_merge.shp,vbd_mpa_r20170830.shp,VNF-VBD_npp_20120301-20151231_global_asia-enhanced_c201607211230.bitmask,vbd_landsea_r20220824.mask,timezone.shp,VBD_platforms-recurring_2015_r20170330.shp,999999,VBD_bridges_c20160811.shp,12.111141;10.250257;7.823531;2.972074;5.236562;7.212071,71.922836;85.889351;99.572311;98.315819;84.757271;70.987534,npp_d20251028_t1948369_e1950011_b72561;npp_d20251028_t1950023_e1951265_b72561;npp_d20251028_t1951277_e1952519_b72561;npp_d20251028_t1952531_e1954173_b72561,141.967,102.844,61.9192,-79.3735,132.258,-117.288
105,VBD_npp_d20251028_t1951547_x0960937E_y068598N_l0244_s3607_v23,2025-10-28 21:55:10,6.859847,96.093735,2.03684,2025-10-28 19:51:54,2025-10-29 02:51:54,244,3607,0.194715,1,2401,0.10463,0.0825,0.406835,0.4,0.908851,0.75,8.03224e-23,0.0001,3.3814e-11,999999,999999,3,Indonesian Exclusive Economic Zone,WPP571,,SVDNB_npp_d20251028_t1951277_e1952519_b72561_c20251028211059598000_oebc_ops.h5,GDNBO_npp_d20251028_t1951277_e1952519_b72561_c20251028210836244000_oebc_ops.h5,SVI04_npp_d20251028_t1951277_e1952519_b72561_c20251028211108128000_oebc_ops.dspace_rad,,eez_v11.shp,WPP_BFAR_merge.shp,vbd_mpa_r20170830.shp,VNF-VBD_npp_20120301-20151231_global_asia-enhanced_c201607211230.bitmask,vbd_landsea_r20220824.mask,timezone.shp,VBD_platforms-recurring_2015_r20170330.shp,999999,VBD_bridges_c20160811.shp,12.111141;10.250257;7.823531;2.972074;5.236562;7.212071,71.922836;85.889351;99.572311;98.315819;84.757271;70.987534,npp_d20251028_t1948369_e1950011_b72561;npp_d20251028_t1950023_e1951265_b72561;npp_d20251028_t1951277_e1952519_b72561;npp_d20251028_t1952531_e1954173_b72561,141.941,103.01,61.979,-79.8188,132.194,-117.391
106,VBD_npp_d20251028_t1952089_x0961314E_y059398N_l0380_s3645_v23,2025-10-28 21:55:10,5.939844,96.131386,2.42501,2025-10-28 19:52:08,2025-10-29 02:52:08,380,3645,0.358032,1,2401,0.146303,0.0825,0.620647,0.4,0.807745,0.75,1.08814e-22,0.0001,3.04158e-11,999999,999999,3,Indonesian Exclusive Economic Zone,WPP571,,SVDNB_npp_d20251028_t1951277_e1952519_b72561_c20251028211059598000_oebc_ops.h5,GDNBO_npp_d20251028_t1951277_e1952519_b72561_c20251028210836244000_oebc_ops.h5,SVI04_npp_d20251028_t1951277_e1952519_b72561_c20251028211108128000_oebc_ops.dspace_rad,,eez_v11.shp,WPP_BFAR_merge.shp,vbd_mpa_r20170830.shp,VNF-VBD_npp_20120301-20151231_global_asia-enhanced_c201607211230.bitmask,vbd_landsea_r20220824.mask,timezone.shp,VBD_platforms-recurring_2015_r20170330.shp,999999,VBD_bridges_c20160811.shp,12.111141;10.250257;7.823531;2.972074;5.236562;7.212071,71.922836;85.889351;99.572311;98.315819;84.757271;70.987534,npp_d20251028_t1948369_e1950011_b72561;npp_d20251028_t1950023_e1951265_b72561;npp_d20251028_t1951277_e1952519_b72561;npp_d20251028_t1952531_e1954173_b72561,141.631,104.128,62.7375,-79.6714,131.853,-118.135
107,VBD_npp_d20251028_t1952018_x0967880E_y062270N_l0319_s3728_v23,2025-10-28 21:55:10,6.227042,96.788010,3.71902,2025-10-28 19:52:01,2025-10-29 02:52:01,319,3728,0.282277,1,2401,0.214864,0.1375,0.617981,0.4,0.895332,0.75,6.2215e-23,0.0001,1.7961e-11,999999,999999,3,Indonesian Exclusive Economic Zone,WPP571,,SVDNB_npp_d20251028_t1951277_e1952519_b72561_c20251028211059598000_oebc_ops.h5,GDNBO_npp_d20251028_t1951277_e1952519_b72561_c20251028210836244000_oebc_ops.h5,SVI04_npp_d20251028_t1951277_e1952519_b72561_c20251028211108128000_oebc_ops.dspace_rad,,eez_v11.shp,WPP_BFAR_merge.shp,vbd_mpa_r20170830.shp,VNF-VBD_npp_20120301-20151231_global_asia-enhanced_c201607211230.bitmask,vbd_landsea_r20220824.mask,timezone.shp,VBD_platforms-recurring_2015_r20170330.shp,999999,VBD_bridges_c20160811.shp,12.111141;10.250257;7.823531;2.972074;5.236562;7.212071,71.922836;85.889351;99.572311;98.315819;84.757271;70.987534,npp_d20251028_t1948369_e1950011_b72561;npp_d20251028_t1950023_e1951265_b72561;npp_d20251028_t1951277_e1952519_b72561;npp_d20251028_t1952531_e1954173_b72561,141.095,103.659,64.3293,-79.4283,132.531,-118.105
108,VBD_npp_d20251028_t1951315_x0977024E_y079216N_l0040_s3796_v23,2025-10-28 21:55:10,7.921644,97.702370,5.09209,2025-10-28 19:51:31,2025-10-29 02:51:31,40,3796,0.236255,2,2337,0.248048,0.1375,0.590935,0.4,0.705017,0.75,1.76571e-23,0.0001,1.05429e-11,999999,999999,3,Thailand Exclusive Economic Zone,,,SVDNB_npp_d20251028_t1951277_e1952519_b72561_c20251028211059598000_oebc_ops.h5,GDNBO_npp_d20251028_t1951277_e1952519_b72561_c20251028210836244000_oebc_ops.h5,SVI04_npp_d20251028_t1951277_e1952519_b72561_c20251028211108128000_oebc_ops.dspace_rad,,eez_v11.shp,WPP_BFAR_merge.shp,vbd_mpa_r20170830.shp,VNF-VBD_npp_20120301-20151231_global_asia-enhanced_c201607211230.bitmask,vbd_landsea_r20220824.mask,timezone.shp,VBD_platforms-recurring_2015_r20170330.shp,999999,VBD_bridges_c20160811.shp,12.111141;10.250257;7.823531;2.972074;5.236562;7.212071,71.922836;85.889351;99.572311;98.315819;84.757271;70.987534,npp_d20251028_t1948369_e1950011_b72561;npp_d20251028_t1950023_e1951265_b72561;npp_d20251028_t1951277_e1952519_b72561;npp_d20251028_t1952531_e1954173_b72561,140.7,101.511,65.5674,-79.2062,133.996,-116.961
109,VBD_npp_d20251028_t1952018_x0973090E_y062237N_l0306_s3803_v23,2025-10-28 21:55:10,6.223721,97.308983,3.23624,2025-10-28 19:52:01,2025-10-29 02:52:01,306,3803,0.225799,1,2401,0.160344,0.1375,0.607147,0.4,0.773672,0.75,4.28968e-23,0.0001,1.25508e-11,999999,999999,3,Indonesian Exclusive Economic Zone,WPP571,,SVDNB_npp_d20251028_t1951277_e1952519_b72561_c20251028211059598000_oebc_ops.h5,GDNBO_npp_d20251028_t1951277_e1952519_b72561_c20251028210836244000_oebc_ops.h5,SVI04_npp_d20251028_t1951277_e1952519_b72561_c20251028211108128000_oebc_ops.dspace_rad,,eez_v11.shp,WPP_BFAR_merge.shp,vbd_mpa_r20170830.shp,VNF-VBD_npp_20120301-20151231_global_asia-enhanced_c201607211230.bitmask,vbd_landsea_r20220824.mask,timezone.shp,VBD_platforms-recurring_2015_r20170330.shp,999999,VBD_bridges_c20160811.shp,12.111141;10.250257;7.823531;2.972074;5.236562;7.212071,71.922836;85.889351;99.572311;98.315819;84.757271;70.987534,npp_d20251028_t1948369_e1950011_b72561;npp_d20251028_t1950023_e1951265_b72561;npp_d20251028_t1951277_e1952519_b72561;npp_d20251028_t1952531_e1954173_b72561,140.591,103.57,65.6928,-79.8086,132.981,-118.272
110,VBD_npp_d20251028_t1951351_x0980758E_y076370N_l0072_s3859_v23,2025-10-28 21:55:10,7.636981,98.075783,4.47226,2025-10-28 19:51:35,2025-10-29 02:51:35,72,3859,0.0831105,1,2401,0.203104,0.1375,0.630999,0.4,0.755761,0.75,1.49421e-23,0.0001,8.4405e-12,999999,999999,3,Thailand Exclusive Economic Zone,,,SVDNB_npp_d20251028_t1951277_e1952519_b72561_c20251028211059598000_oebc_ops.h5,GDNBO_npp_d20251028_t1951277_e1952519_b72561_c20251028210836244000_oebc_ops.h5,SVI04_npp_d20251028_t1951277_e1952519_b72561_c20251028211108128000_oebc_ops.dspace_rad,,eez_v11.shp,WPP_BFAR_merge.shp,vbd_mpa_r20170830.shp,VNF-VBD_npp_20120301-20151231_global_asia-enhanced_c201607211230.bitmask,vbd_landsea_r20220824.mask,timezone.shp,VBD_platforms-recurring_2015_r20170330.shp,999999,VBD_bridges_c20160811.shp,12.111141;10.250257;7.823531;2.972074;5.236562;7.212071,71.922836;85.889351;99.572311;98.315819;84.757271;70.987534,npp_d20251028_t1948369_e1950011_b72561;npp_d20251028_t1950023_e1951265_b72561;npp_d20251028_t1951277_e1952519_b72561;npp_d20251028_t1952531_e1954173_b72561,140.266,101.807,66.671,-79.1981,134.206,-117.315
111,VBD_npp_d20251028_t1951351_x0980785E_y076158N_l0075_s3860_v23,2025-10-28 21:55:10,7.615767,98.078537,4.13933,2025-10-28 19:51:35,2025-10-29 02:51:35,75,3860,0.080692,1,2401,0.191113,0.1375,0.619634,0.4,0.815767,0.75,1.50066e-23,0.0001,8.42232e-12,999999,999999,3,Thailand Exclusive Economic Zone,,,SVDNB_npp_d20251028_t1951277_e1952519_b72561_c20251028211059598000_oebc_ops.h5,GDNBO_npp_d20251028_t1951277_e1952519_b72561_c20251028210836244000_oebc_ops.h5,SVI04_npp_d20251028_t1951277_e1952519_b72561_c20251028211108128000_oebc_ops.dspace_rad,,eez_v11.shp,WPP_BFAR_merge.shp,vbd_mpa_r20170830.shp,VNF-VBD_npp_20120301-20151231_global_asia-enhanced_c201607211230.bitmask,vbd_landsea_r20220824.mask,timezone.shp,VBD_platforms-recurring_2015_r20170330.shp,999999,VBD_bridges_c20160811.shp,12.111141;10.250257;7.823531;2.972074;5.236562;7.212071,71.922836;85.889351;99.572311;98.315819;84.757271;70.987534,npp_d20251028_t1948369_e1950011_b72561;npp_d20251028_t1950023_e1951265_b72561;npp_d20251028_t1951277_e1952519_b72561;npp_d20251028_t1952531_e1954173_b72561,140.259,101.832,66.6877,-79.1053,134.199,-117.333
112,VBD_npp_d20251028_t1951297_x0984142E_y079415N_l0017_s3896_v23,2025-10-28 21:55:10,7.941494,98.414215,9.73275,2025-10-28 19:51:29,2025-10-29 02:51:29,17,3896,0.30383,2,2337,0.176243,0.1375,0.668261,0.4,0.490753,0.75,1.07378e-23,0.0001,7.15973e-12,999999,999999,1,Thailand Exclusive Economic Zone,,,SVDNB_npp_d20251028_t1951277_e1952519_b72561_c20251028211059598000_oebc_ops.h5,GDNBO_npp_d20251028_t1951277_e1952519_b72561_c20251028210836244000_oebc_ops.h5,SVI04_npp_d20251028_t1951277_e1952519_b72561_c20251028211108128000_oebc_ops.dspace_rad,,eez_v11.shp,WPP_BFAR_merge.shp,vbd_mpa_r20170830.shp,VNF-VBD_npp_20120301-20151231_global_asia-enhanced_c201607211230.bitmask,vbd_landsea_r20220824.mask,timezone.shp,VBD_platforms-recurring_2015_r20170330.shp,999999,VBD_bridges_c20160811.shp,12.111141;10.250257;7.823531;2.972074;5.236562;7.212071,71.922836;85.889351;99.572311;98.315819;84.757271;70.987534,npp_d20251028_t1948369_e1950011_b72561;npp_d20251028_t1950023_e1951265_b72561;npp_d20251028_t1951277_e1952519_b72561;npp_d20251028_t1952531_e1954173_b72561,140.02,101.417,67.2928,-79.3033,134.62,-117.15
113,VBD_npp_d20251028_t1951297_x0983995E_y078673N_l0028_s3896_v23,2025-10-28 21:55:10,7.867312,98.399452,19.116,2025-10-28 19:51:29,2025-10-29 02:51:29,28,3896,0.148835,2,2337,0.20774,0.1375,0.629197,0.4,0.402833,0.75,1.118e-23,0.0001,7.19595e-12,999999,999999,1,,,,SVDNB_npp_d20251028_t1951277_e1952519_b72561_c20251028211059598000_oebc_ops.h5,GDNBO_npp_d20251028_t1951277_e1952519_b72561_c20251028210836244000_oebc_ops.h5,SVI04_npp_d20251028_t1951277_e1952519_b72561_c20251028211108128000_oebc_ops.dspace_rad,,eez_v11.shp,WPP_BFAR_merge.shp,vbd_mpa_r20170830.shp,VNF-VBD_npp_20120301-20151231_global_asia-enhanced_c201607211230.bitmask,vbd_landsea_r20220824.mask,timezone.shp,VBD_platforms-recurring_2015_r20170330.shp,999999,VBD_bridges_c20160811.shp,12.111141;10.250257;7.823531;2.972074;5.236562;7.212071,71.922836;85.889351;99.572311;98.315819;84.757271;70.987534,npp_d20251028_t1948369_e1950011_b72561;npp_d20251028_t1950023_e1951265_b72561;npp_d20251028_t1951277_e1952519_b72561;npp_d20251028_t1952531_e1954173_b72561,140.02,101.505,67.292,-78.9683,134.573,-117.209
114,VBD_npp_d20251028_t1951315_x0984379E_y078020N_l0037_s3904_v23,2025-10-28 21:55:10,7.801990,98.437920,6.51555,2025-10-28 19:51:31,2025-10-29 02:51:31,37,3904,0.117182,2,2337,0.163535,0.1375,0.522749,0.4,0.529642,0.75,1.11962e-23,0.0001,7.04946e-12,999999,999999,3,Thailand Exclusive Economic Zone,,,SVDNB_npp_d20251028_t1951277_e1952519_b72561_c20251028211059598000_oebc_ops.h5,GDNBO_npp_d20251028_t1951277_e1952519_b72561_c20251028210836244000_oebc_ops.h5,SVI04_npp_d20251028_t1951277_e1952519_b72561_c20251028211108128000_oebc_ops.dspace_rad,,eez_v11.shp,WPP_BFAR_merge.shp,vbd_mpa_r20170830.shp,VNF-VBD_npp_20120301-20151231_global_asia-enhanced_c201607211230.bitmask,vbd_landsea_r20220824.mask,timezone.shp,VBD_platforms-recurring_2015_r20170330.shp,999999,VBD_bridges_c20160811.shp,12.111141;10.250257;7.823531;2.972074;5.236562;7.212071,71.922836;85.889351;99.572311;98.315819;84.757271;70.987534,npp_d20251028_t1948369_e1950011_b72561;npp_d20251028_t1950023_e1951265_b72561;npp_d20251028_t1951277_e1952519_b72561;npp_d20251028_t1952531_e1954173_b72561,139.962,101.577,67.4305,-79.1977,134.583,-117.279
115,VBD_npp_d20251028_t1951297_x0985292E_y078562N_l0026_s3915_v23,2025-10-28 21:55:10,7.856236,98.529221,26.6396,2025-10-28 19:51:29,2025-10-29 02:51:29,26,3915,0.216552,2,2337,0.607519,0.1375,0.743433,0.4,0.537918,0.75,1.03108e-23,0.0001,6.75485e-12,999999,999999,3,Thailand Exclusive Economic Zone,,,SVDNB_npp_d20251028_t1951277_e1952519_b72561_c20251028211059598000_oebc_ops.h5,GDNBO_npp_d20251028_t1951277_e1952519_b72561_c20251028210836244000_oebc_ops.h5,SVI04_npp_d20251028_t1951277_e1952519_b72561_c20251028211108128000_oebc_ops.dspace_rad,,eez_v11.shp,WPP_BFAR_merge.shp,vbd_mpa_r20170830.shp,VNF-VBD_npp_20120301-20151231_global_asia-enhanced_c201607211230.bitmask,vbd_landsea_r20220824.mask,timezone.shp,VBD_platforms-recurring_2015_r20170330.shp,999999,VBD_bridges_c20160811.shp,12.111141;10.250257;7.823531;2.972074;5.236562;7.212071,71.922836;85.889351;99.572311;98.315819;84.757271;70.987534,npp_d20251028_t1948369_e1950011_b72561;npp_d20251028_t1950023_e1951265_b72561;npp_d20251028_t1951277_e1952519_b72561;npp_d20251028_t1952531_e1954173_b72561,139.892,101.505,67.6039,-79.0121,134.681,-117.258
116,VBD_npp_d20251028_t1951280_x0986526E_y079668N_l0006_s3929_v23,2025-10-28 21:55:10,7.966770,98.652580,19.5975,2025-10-28 19:51:28,2025-10-29 02:51:28,6,3929,0.228004,1,2401,0.637036,0.1375,0.844021,0.4,0.931714,0.75,9.02607e-24,0.0001,6.39228e-12,999999,999999,3,Thailand Exclusive Economic Zone,,,SVDNB_npp_d20251028_t1951277_e1952519_b72561_c20251028211059598000_oebc_ops.h5,GDNBO_npp_d20251028_t1951277_e1952519_b72561_c20251028210836244000_oebc_ops.h5,SVI04_npp_d20251028_t1951277_e1952519_b72561_c20251028211108128000_oebc_ops.dspace_rad,,eez_v11.shp,WPP_BFAR_merge.shp,vbd_mpa_r20170830.shp,VNF-VBD_npp_20120301-20151231_global_asia-enhanced_c201607211230.bitmask,vbd_landsea_r20220824.mask,timezone.shp,VBD_platforms-recurring_2015_r20170330.shp,999999,VBD_bridges_c20160811.shp,12.111141;10.250257;7.823531;2.972074;5.236562;7.212071,71.922836;85.889351;99.572311;98.315819;84.757271;70.987534,npp_d20251028_t1948369_e1950011_b72561;npp_d20251028_t1950023_e1951265_b72561;npp_d20251028_t1951277_e1952519_b72561;npp_d20251028_t1952531_e1954173_b72561,139.801,101.366,67.8253,-79.0927,134.832,-117.198
117,VBD_npp_d20251028_t1951280_x0986685E_y079779N_l0004_s3931_v23,2025-10-28 21:55:10,7.977901,98.668533,23.0581,2025-10-28 19:51:28,2025-10-29 02:51:28,4,3931,0.23903,2,2337,0.666423,0.1375,0.838489,0.4,0.740148,0.75,8.87937e-24,0.0001,6.34718e-12,999999,999999,3,Thailand Exclusive Economic Zone,,,SVDNB_npp_d20251028_t1951277_e1952519_b72561_c20251028211059598000_oebc_ops.h5,GDNBO_npp_d20251028_t1951277_e1952519_b72561_c20251028210836244000_oebc_ops.h5,SVI04_npp_d20251028_t1951277_e1952519_b72561_c20251028211108128000_oebc_ops.dspace_rad,,eez_v11.shp,WPP_BFAR_merge.shp,vbd_mpa_r20170830.shp,VNF-VBD_npp_20120301-20151231_global_asia-enhanced_c201607211230.bitmask,vbd_landsea_r20220824.mask,timezone.shp,VBD_platforms-recurring_2015_r20170330.shp,999999,VBD_bridges_c20160811.shp,12.111141;10.250257;7.823531;2.972074;5.236562;7.212071,71.922836;85.889351;99.572311;98.315819;84.757271;70.987534,npp_d20251028_t1948369_e1950011_b72561;npp_d20251028_t1950023_e1951265_b72561;npp_d20251028_t1951277_e1952519_b72561;npp_d20251028_t1952531_e1954173_b72561,139.788,101.352,67.8574,-79.1515,134.851,-117.193
118,VBD_npp_d20251028_t1951404_x0986548E_y071859N_l0123_s3958_v23,2025-10-28 21:55:10,7.185875,98.654808,35.0267,2025-10-28 19:51:40,2025-10-29 02:51:40,123,3958,0.308098,8,18785,0.895483,0.1375,0.887717,0.4,0.963206,0.75,1.1833e-23,0.0001,6.27626e-12,999999,999999,3,Thailand Exclusive Economic Zone,,,SVDNB_npp_d20251028_t1951277_e1952519_b72561_c20251028211059598000_oebc_ops.h5,GDNBO_npp_d20251028_t1951277_e1952519_b72561_c20251028210836244000_oebc_ops.h5,SVI04_npp_d20251028_t1951277_e1952519_b72561_c20251028211108128000_oebc_ops.dspace_rad,,eez_v11.shp,WPP_BFAR_merge.shp,vbd_mpa_r20170830.shp,VNF-VBD_npp_20120301-20151231_global_asia-enhanced_c201607211230.bitmask,vbd_landsea_r20220824.mask,timezone.shp,VBD_platforms-recurring_2015_r20170330.shp,0.915366,VBD_bridges_c20160811.shp,12.111141;10.250257;7.823531;2.972074;5.236562;7.212071,71.922836;85.889351;99.572311;98.315819;84.757271;70.987534,npp_d20251028_t1948369_e1950011_b72561;npp_d20251028_t1950023_e1951265_b72561;npp_d20251028_t1951277_e1952519_b72561;npp_d20251028_t1952531_e1954173_b72561,139.589,102.261,68.2974,-79.1012,134.521,-117.883
119,VBD_npp_d20251028_t1951404_x0986549E_y071499N_l0128_s3959_v23,2025-10-28 21:55:10,7.149945,98.654922,77.8283,2025-10-28 19:51:40,2025-10-29 02:51:40,128,3959,0.328797,1,2401,0.973677,0.1375,0.890576,0.4,0.955505,0.75,1.19899e-23,0.0001,6.27041e-12,999999,999999,3,Thailand Exclusive Economic Zone,,,SVDNB_npp_d20251028_t1951277_e1952519_b72561_c20251028211059598000_oebc_ops.h5,GDNBO_npp_d20251028_t1951277_e1952519_b72561_c20251028210836244000_oebc_ops.h5,SVI04_npp_d20251028_t1951277_e1952519_b72561_c20251028211108128000_oebc_ops.dspace_rad,,eez_v11.shp,WPP_BFAR_merge.shp,vbd_mpa_r20170830.shp,VNF-VBD_npp_20120301-20151231_global_asia-enhanced_c201607211230.bitmask,vbd_landsea_r20220824.mask,timezone.shp,VBD_platforms-recurring_2015_r20170330.shp,999999,VBD_bridges_c20160811.shp,12.111141;10.250257;7.823531;2.972074;5.236562;7.212071,71.922836;85.889351;99.572311;98.315819;84.757271;70.987534,npp_d20251028_t1948369_e1950011_b72561;npp_d20251028_t1950023_e1951265_b72561;npp_d20251028_t1951277_e1952519_b72561;npp_d20251028_t1952531_e1954173_b72561,139.581,102.303,68.3137,-78.9493,134.504,-117.913
120,VBD_npp_d20251028_t1951422_x0986564E_y071505N_l0129_s3960_v23,2025-10-28 21:55:10,7.150486,98.656441,96.5145,2025-10-28 19:51:42,2025-10-29 02:51:42,129,3960,0.338044,1,2401,1.12537,0.1375,0.890576,0.4,0.966838,0.75,1.19736e-23,0.0001,6.26912e-12,999999,999999,3,Thailand Exclusive Economic Zone,,,SVDNB_npp_d20251028_t1951277_e1952519_b72561_c20251028211059598000_oebc_ops.h5,GDNBO_npp_d20251028_t1951277_e1952519_b72561_c20251028210836244000_oebc_ops.h5,SVI04_npp_d20251028_t1951277_e1952519_b72561_c20251028211108128000_oebc_ops.dspace_rad,,eez_v11.shp,WPP_BFAR_merge.shp,vbd_mpa_r20170830.shp,VNF-VBD_npp_20120301-20151231_global_asia-enhanced_c201607211230.bitmask,vbd_landsea_r20220824.mask,timezone.shp,VBD_platforms-recurring_2015_r20170330.shp,999999,VBD_bridges_c20160811.shp,12.111141;10.250257;7.823531;2.972074;5.236562;7.212071,71.922836;85.889351;99.572311;98.315819;84.757271;70.987534,npp_d20251028_t1948369_e1950011_b72561;npp_d20251028_t1950023_e1951265_b72561;npp_d20251028_t1951277_e1952519_b72561;npp_d20251028_t1952531_e1954173_b72561,139.572,102.301,68.3335,-79.4253,134.512,-117.916
121,VBD_npp_d20251028_t1951297_x0988419E_y078244N_l0022_s3961_v23,2025-10-28 21:55:10,7.824399,98.841858,15.9812,2025-10-28 19:51:29,2025-10-29 02:51:29,22,3961,0.244649,1,2401,0.577359,0.1375,0.858206,0.4,0.869957,0.75,8.28e-24,0.0001,5.84963e-12,999999,999999,3,Thailand Exclusive Economic Zone,,,SVDNB_npp_d20251028_t1951277_e1952519_b72561_c20251028211059598000_oebc_ops.h5,GDNBO_npp_d20251028_t1951277_e1952519_b72561_c20251028210836244000_oebc_ops.h5,SVI04_npp_d20251028_t1951277_e1952519_b72561_c20251028211108128000_oebc_ops.dspace_rad,,eez_v11.shp,WPP_BFAR_merge.shp,vbd_mpa_r20170830.shp,VNF-VBD_npp_20120301-20151231_global_asia-enhanced_c201607211230.bitmask,vbd_landsea_r20220824.mask,timezone.shp,VBD_platforms-recurring_2015_r20170330.shp,999999,VBD_bridges_c20160811.shp,12.111141;10.250257;7.823531;2.972074;5.236562;7.212071,71.922836;85.889351;99.572311;98.315819;84.757271;70.987534,npp_d20251028_t1948369_e1950011_b72561;npp_d20251028_t1950023_e1951265_b72561;npp_d20251028_t1951277_e1952519_b72561;npp_d20251028_t1952531_e1954173_b72561,139.582,101.512,68.3429,-79.0916,134.939,-117.381
122,VBD_npp_d20251028_t1951297_x0988364E_y077967N_l0026_s3961_v23,2025-10-28 21:55:10,7.796706,98.836357,16.1536,2025-10-28 19:51:29,2025-10-29 02:51:29,26,3961,0.159647,1,2401,0.565002,0.1375,0.866457,0.4,0.881478,0.75,8.40126e-24,0.0001,5.85969e-12,999999,999999,3,Thailand Exclusive Economic Zone,,,SVDNB_npp_d20251028_t1951277_e1952519_b72561_c20251028211059598000_oebc_ops.h5,GDNBO_npp_d20251028_t1951277_e1952519_b72561_c20251028210836244000_oebc_ops.h5,SVI04_npp_d20251028_t1951277_e1952519_b72561_c20251028211108128000_oebc_ops.dspace_rad,,eez_v11.shp,WPP_BFAR_merge.shp,vbd_mpa_r20170830.shp,VNF-VBD_npp_20120301-20151231_global_asia-enhanced_c201607211230.bitmask,vbd_landsea_r20220824.mask,timezone.shp,VBD_platforms-recurring_2015_r20170330.shp,999999,VBD_bridges_c20160811.shp,12.111141;10.250257;7.823531;2.972074;5.236562;7.212071,71.922836;85.889351;99.572311;98.315819;84.757271;70.987534,npp_d20251028_t1948369_e1950011_b72561;npp_d20251028_t1950023_e1951265_b72561;npp_d20251028_t1951277_e1952519_b72561;npp_d20251028_t1952531_e1954173_b72561,139.582,101.544,68.3427,-78.9709,134.922,-117.403
125,VBD_npp_d20251028_t1951297_x0988528E_y078079N_l0024_s3963_v23,2025-10-28 21:55:10,7.807901,98.852829,36.4918,2025-10-28 19:51:29,2025-10-29 02:51:29,24,3963,0.214916,1,2401,0.872999,0.1375,0.86012,0.4,0.956285,0.75,8.25821e-24,0.0001,5.81921e-12,999999,999999,3,Thailand Exclusive Economic Zone,,,SVDNB_npp_d20251028_t1951277_e1952519_b72561_c20251028211059598000_oebc_ops.h5,GDNBO_npp_d20251028_t1951277_e1952519_b72561_c20251028210836244000_oebc_ops.h5,SVI04_npp_d20251028_t1951277_e1952519_b72561_c20251028211108128000_oebc_ops.dspace_rad,,eez_v11.shp,WPP_BFAR_merge.shp,vbd_mpa_r20170830.shp,VNF-VBD_npp_20120301-20151231_global_asia-enhanced_c201607211230.bitmask,vbd_landsea_r20220824.mask,timezone.shp,VBD_platforms-recurring_2015_r20170330.shp,999999,VBD_bridges_c20160811.shp,12.111141;10.250257;7.823531;2.972074;5.236562;7.212071,71.922836;85.889351;99.572311;98.315819;84.757271;70.987534,npp_d20251028_t1948369_e1950011_b72561;npp_d20251028_t1950023_e1951265_b72561;npp_d20251028_t1951277_e1952519_b72561;npp_d20251028_t1952531_e1954173_b72561,139.568,101.53,68.3753,-79.0294,134.941,-117.398
127,VBD_npp_d20251028_t1951297_x0988652E_y077983N_l0025_s3965_v23,2025-10-28 21:55:10,7.798307,98.865196,12.6557,2025-10-28 19:51:29,2025-10-29 02:51:29,25,3965,0.148622,1,2401,0.443089,0.1375,0.86012,0.4,0.75561,0.75,8.2055e-24,0.0001,5.78648e-12,999999,999999,3,Thailand Exclusive Economic Zone,,,SVDNB_npp_d20251028_t1951277_e1952519_b72561_c20251028211059598000_oebc_ops.h5,GDNBO_npp_d20251028_t1951277_e1952519_b72561_c20251028210836244000_oebc_ops.h5,SVI04_npp_d20251028_t1951277_e1952519_b72561_c20251028211108128000_oebc_ops.dspace_rad,,eez_v11.shp,WPP_BFAR_merge.shp,vbd_mpa_r20170830.shp,VNF-VBD_npp_20120301-20151231_global_asia-enhanced_c201607211230.bitmask,vbd_landsea_r20220824.mask,timezone.shp,VBD_platforms-recurring_2015_r20170330.shp,999999,VBD_bridges_c20160811.shp,12.111141;10.250257;7.823531;2.972074;5.236562;7.212071,71.922836;85.889351;99.572311;98.315819;84.757271;70.987534,npp_d20251028_t1948369_e1950011_b72561;npp_d20251028_t1950023_e1951265_b72561;npp_d20251028_t1951277_e1952519_b72561;npp_d20251028_t1952531_e1954173_b72561,139.554,101.54,68.4077,-78.9974,134.947,-117.411
129,VBD_npp_d20251028_t1951440_x0987878E_y069899N_l0149_s3984_v23,2025-10-28 21:55:10,6.989943,98.787842,5.03714,2025-10-28 19:51:44,2025-10-29 02:51:44,149,3984,0.218188,2,2337,0.19076,0.17875,0.708449,0.4,0.714944,0.75,1.24555e-23,0.0001,5.8982e-12,999999,999999,3,Thailand Exclusive Economic Zone,,,SVDNB_npp_d20251028_t1951277_e1952519_b72561_c20251028211059598000_oebc_ops.h5,GDNBO_npp_d20251028_t1951277_e1952519_b72561_c20251028210836244000_oebc_ops.h5,SVI04_npp_d20251028_t1951277_e1952519_b72561_c20251028211108128000_oebc_ops.dspace_rad,,eez_v11.shp,WPP_BFAR_merge.shp,vbd_mpa_r20170830.shp,VNF-VBD_npp_20120301-20151231_global_asia-enhanced_c201607211230.bitmask,vbd_landsea_r20220824.mask,timezone.shp,VBD_platforms-recurring_2015_r20170330.shp,999999,VBD_bridges_c20160811.shp,12.111141;10.250257;7.823531;2.972074;5.236562;7.212071,71.922836;85.889351;99.572311;98.315819;84.757271;70.987534,npp_d20251028_t1948369_e1950011_b72561;npp_d20251028_t1950023_e1951265_b72561;npp_d20251028_t1951277_e1952519_b72561;npp_d20251028_t1952531_e1954173_b72561,139.404,102.467,68.7183,-79.3079,134.558,-118.097
130,VBD_npp_d20251028_t1951458_x0988049E_y069008N_l0162_s3990_v23,2025-10-28 21:55:10,6.900767,98.804939,6.77554,2025-10-28 19:51:45,2025-10-29 02:51:45,162,3990,0.312792,1,2401,0.287762,0.17875,0.815063,0.4,0.835238,0.75,1.29948e-23,0.0001,5.84716e-12,999999,999999,3,Thailand Exclusive Economic Zone,,,SVDNB_npp_d20251028_t1951277_e1952519_b72561_c20251028211059598000_oebc_ops.h5,GDNBO_npp_d20251028_t1951277_e1952519_b72561_c20251028210836244000_oebc_ops.h5,SVI04_npp_d20251028_t1951277_e1952519_b72561_c20251028211108128000_oebc_ops.dspace_rad,,eez_v11.shp,WPP_BFAR_merge.shp,vbd_mpa_r20170830.shp,VNF-VBD_npp_20120301-20151231_global_asia-enhanced_c201607211230.bitmask,vbd_landsea_r20220824.mask,timezone.shp,VBD_platforms-recurring_2015_r20170330.shp,999999,VBD_bridges_c20160811.shp,12.111141;10.250257;7.823531;2.972074;5.236562;7.212071,71.922836;85.889351;99.572311;98.315819;84.757271;70.987534,npp_d20251028_t1948369_e1950011_b72561;npp_d20251028_t1950023_e1951265_b72561;npp_d20251028_t1951277_e1952519_b72561;npp_d20251028_t1952531_e1954173_b72561,139.36,102.565,68.8117,-79.4136,134.537,-118.18
131,VBD_npp_d20251028_t1951458_x0988023E_y068528N_l0169_s3991_v23,2025-10-28 21:55:10,6.852802,98.802277,7.09502,2025-10-28 19:51:45,2025-10-29 02:51:45,169,3991,0.292449,1,2401,0.335864,0.17875,0.752285,0.4,0.843133,0.75,1.32851e-23,0.0001,5.84815e-12,999999,999999,3,Thailand Exclusive Economic Zone,,,SVDNB_npp_d20251028_t1951277_e1952519_b72561_c20251028211059598000_oebc_ops.h5,GDNBO_npp_d20251028_t1951277_e1952519_b72561_c20251028210836244000_oebc_ops.h5,SVI04_npp_d20251028_t1951277_e1952519_b72561_c20251028211108128000_oebc_ops.dspace_rad,,eez_v11.shp,WPP_BFAR_merge.shp,vbd_mpa_r20170830.shp,VNF-VBD_npp_20120301-20151231_global_asia-enhanced_c201607211230.bitmask,vbd_landsea_r20220824.mask,timezone.shp,VBD_platforms-recurring_2015_r20170330.shp,999999,VBD_bridges_c20160811.shp,12.111141;10.250257;7.823531;2.972074;5.236562;7.212071,71.922836;85.889351;99.572311;98.315819;84.757271;70.987534,npp_d20251028_t1948369_e1950011_b72561;npp_d20251028_t1950023_e1951265_b72561;npp_d20251028_t1951277_e1952519_b72561;npp_d20251028_t1952531_e1954173_b72561,139.353,102.62,68.8262,-79.2123,134.513,-118.22
132,VBD_npp_d20251028_t1951440_x0988320E_y069400N_l0155_s3992_v23,2025-10-28 21:55:10,6.940024,98.832001,27.3137,2025-10-28 19:51:44,2025-10-29 02:51:44,155,3992,0.329295,2,2337,0.76045,0.17875,0.855364,0.4,0.748755,0.75,1.27044e-23,0.0001,5.78125e-12,999999,999999,3,Thailand Exclusive Economic Zone,,,SVDNB_npp_d20251028_t1951277_e1952519_b72561_c20251028211059598000_oebc_ops.h5,GDNBO_npp_d20251028_t1951277_e1952519_b72561_c20251028210836244000_oebc_ops.h5,SVI04_npp_d20251028_t1951277_e1952519_b72561_c20251028211108128000_oebc_ops.dspace_rad,,eez_v11.shp,WPP_BFAR_merge.shp,vbd_mpa_r20170830.shp,VNF-VBD_npp_20120301-20151231_global_asia-enhanced_c201607211230.bitmask,vbd_landsea_r20220824.mask,timezone.shp,VBD_platforms-recurring_2015_r20170330.shp,999999,VBD_bridges_c20160811.shp,12.111141;10.250257;7.823531;2.972074;5.236562;7.212071,71.922836;85.889351;99.572311;98.315819;84.757271;70.987534,npp_d20251028_t1948369_e1950011_b72561;npp_d20251028_t1950023_e1951265_b72561;npp_d20251028_t1951277_e1952519_b72561;npp_d20251028_t1952531_e1954173_b72561,139.35,102.518,68.8392,-79.1297,134.573,-118.154
133,VBD_npp_d20251028_t1951475_x0987835E_y067506N_l0185_s3992_v23,2025-10-28 21:55:10,6.750632,98.783463,5.00263,2025-10-28 19:51:47,2025-10-29 02:51:47,185,3992,0.275733,7,2337,0.209227,0.17875,0.880012,0.4,0.63617,0.75,1.39488e-23,0.0001,5.88681e-12,999999,999999,3,,,,SVDNB_npp_d20251028_t1951277_e1952519_b72561_c20251028211059598000_oebc_ops.h5,GDNBO_npp_d20251028_t1951277_e1952519_b72561_c20251028210836244000_oebc_ops.h5,SVI04_npp_d20251028_t1951277_e1952519_b72561_c20251028211108128000_oebc_ops.dspace_rad,,eez_v11.shp,WPP_BFAR_merge.shp,vbd_mpa_r20170830.shp,VNF-VBD_npp_20120301-20151231_global_asia-enhanced_c201607211230.bitmask,vbd_landsea_r20220824.mask,timezone.shp,VBD_platforms-recurring_2015_r20170330.shp,999999,VBD_bridges_c20160811.shp,12.111141;10.250257;7.823531;2.972074;5.236562;7.212071,71.922836;85.889351;99.572311;98.315819;84.757271;70.987534,npp_d20251028_t1948369_e1950011_b72561;npp_d20251028_t1950023_e1951265_b72561;npp_d20251028_t1951277_e1952519_b72561;npp_d20251028_t1952531_e1954173_b72561,139.341,102.738,68.8439,-79.24,134.455,-118.303
134,VBD_npp_d20251028_t1951475_x0988029E_y067816N_l0180_s3994_v23,2025-10-28 21:55:10,6.781606,98.802948,91.3233,2025-10-28 19:51:47,2025-10-29 02:51:47,180,3994,0.318625,1,2401,1.20285,0.17875,0.891716,0.4,0.967081,0.75,1.37414e-23,0.0001,5.8414e-12,999999,999999,3,Thailand Exclusive Economic Zone,,,SVDNB_npp_d20251028_t1951277_e1952519_b72561_c20251028211059598000_oebc_ops.h5,GDNBO_npp_d20251028_t1951277_e1952519_b72561_c20251028210836244000_oebc_ops.h5,SVI04_npp_d20251028_t1951277_e1952519_b72561_c20251028211108128000_oebc_ops.dspace_rad,,eez_v11.shp,WPP_BFAR_merge.shp,vbd_mpa_r20170830.shp,VNF-VBD_npp_20120301-20151231_global_asia-enhanced_c201607211230.bitmask,vbd_landsea_r20220824.mask,timezone.shp,VBD_platforms-recurring_2015_r20170330.shp,999999,VBD_bridges_c20160811.shp,12.111141;10.250257;7.823531;2.972074;5.236562;7.212071,71.922836;85.889351;99.572311;98.315819;84.757271;70.987534,npp_d20251028_t1948369_e1950011_b72561;npp_d20251028_t1950023_e1951265_b72561;npp_d20251028_t1951277_e1952519_b72561;npp_d20251028_t1952531_e1954173_b72561,139.329,102.7,68.8745,-79.3817,134.486,-118.283
135,VBD_npp_d20251028_t1951440_x0988476E_y069162N_l0158_s3995_v23,2025-10-28 21:55:10,6.916221,98.847580,11.5502,2025-10-28 19:51:44,2025-10-29 02:51:44,158,3995,0.292307,1,2401,0.471758,0.17875,0.853244,0.4,0.858329,0.75,1.28288e-23,0.0001,5.74003e-12,999999,999999,3,Thailand Exclusive Economic Zone,,,SVDNB_npp_d20251028_t1951277_e1952519_b72561_c20251028211059598000_oebc_ops.h5,GDNBO_npp_d20251028_t1951277_e1952519_b72561_c20251028210836244000_oebc_ops.h5,SVI04_npp_d20251028_t1951277_e1952519_b72561_c20251028211108128000_oebc_ops.dspace_rad,,eez_v11.shp,WPP_BFAR_merge.shp,vbd_mpa_r20170830.shp,VNF-VBD_npp_20120301-20151231_global_asia-enhanced_c201607211230.bitmask,vbd_landsea_r20220824.mask,timezone.shp,VBD_platforms-recurring_2015_r20170330.shp,999999,VBD_bridges_c20160811.shp,12.111141;10.250257;7.823531;2.972074;5.236562;7.212071,71.922836;85.889351;99.572311;98.315819;84.757271;70.987534,npp_d20251028_t1948369_e1950011_b72561;npp_d20251028_t1950023_e1951265_b72561;npp_d20251028_t1951277_e1952519_b72561;npp_d20251028_t1952531_e1954173_b72561,139.33,102.543,68.8845,-79.0416,134.575,-118.179
136,VBD_npp_d20251028_t1951440_x0988450E_y069028N_l0160_s3995_v23,2025-10-28 21:55:10,6.902838,98.845009,5.49971,2025-10-28 19:51:44,2025-10-29 02:51:44,160,3995,0.286261,2,2337,0.189047,0.17875,0.822126,0.4,0.660169,0.75,1.29118e-23,0.0001,5.74467e-12,999999,999999,3,Thailand Exclusive Economic Zone,,,SVDNB_npp_d20251028_t1951277_e1952519_b72561_c20251028211059598000_oebc_ops.h5,GDNBO_npp_d20251028_t1951277_e1952519_b72561_c20251028210836244000_oebc_ops.h5,SVI04_npp_d20251028_t1951277_e1952519_b72561_c20251028211108128000_oebc_ops.dspace_rad,,eez_v11.shp,WPP_BFAR_merge.shp,vbd_mpa_r20170830.shp,VNF-VBD_npp_20120301-20151231_global_asia-enhanced_c201607211230.bitmask,vbd_landsea_r20220824.mask,timezone.shp,VBD_platforms-recurring_2015_r20170330.shp,999999,VBD_bridges_c20160811.shp,12.111141;10.250257;7.823531;2.972074;5.236562;7.212071,71.922836;85.889351;99.572311;98.315819;84.757271;70.987534,npp_d20251028_t1948369_e1950011_b72561;npp_d20251028_t1950023_e1951265_b72561;npp_d20251028_t1951277_e1952519_b72561;npp_d20251028_t1952531_e1954173_b72561,139.329,102.559,68.8846,-78.9843,134.567,-118.19
137,VBD_npp_d20251028_t1951475_x0988030E_y067469N_l0185_s3995_v23,2025-10-28 21:55:10,6.746930,98.802956,22.8776,2025-10-28 19:51:47,2025-10-29 02:51:47,185,3995,0.256812,1,2401,0.564488,0.17875,0.89197,0.4,0.811786,0.75,1.39488e-23,0.0001,5.8374e-12,999999,999999,3,Thailand Exclusive Economic Zone,,,SVDNB_npp_d20251028_t1951277_e1952519_b72561_c20251028211059598000_oebc_ops.h5,GDNBO_npp_d20251028_t1951277_e1952519_b72561_c20251028210836244000_oebc_ops.h5,SVI04_npp_d20251028_t1951277_e1952519_b72561_c20251028211108128000_oebc_ops.dspace_rad,,eez_v11.shp,WPP_BFAR_merge.shp,vbd_mpa_r20170830.shp,VNF-VBD_npp_20120301-20151231_global_asia-enhanced_c201607211230.bitmask,vbd_landsea_r20220824.mask,timezone.shp,VBD_platforms-recurring_2015_r20170330.shp,999999,VBD_bridges_c20160811.shp,12.111141;10.250257;7.823531;2.972074;5.236562;7.212071,71.922836;85.889351;99.572311;98.315819;84.757271;70.987534,npp_d20251028_t1948369_e1950011_b72561;npp_d20251028_t1950023_e1951265_b72561;npp_d20251028_t1951277_e1952519_b72561;npp_d20251028_t1952531_e1954173_b72561,139.321,102.739,68.8892,-79.2377,134.47,-118.312
138,VBD_npp_d20251028_t1951493_x0987673E_y065984N_l0208_s3995_v23,2025-10-28 21:55:10,6.598448,98.767311,75.5445,2025-10-28 19:51:49,2025-10-29 02:51:49,208,3995,0.315282,1,2401,1.09031,0.17875,0.851819,0.4,0.963742,0.75,1.51632e-23,0.0001,5.91322e-12,999999,999999,3,Thailand Exclusive Economic Zone,,,SVDNB_npp_d20251028_t1951277_e1952519_b72561_c20251028211059598000_oebc_ops.h5,GDNBO_npp_d20251028_t1951277_e1952519_b72561_c20251028210836244000_oebc_ops.h5,SVI04_npp_d20251028_t1951277_e1952519_b72561_c20251028211108128000_oebc_ops.dspace_rad,,eez_v11.shp,WPP_BFAR_merge.shp,vbd_mpa_r20170830.shp,VNF-VBD_npp_20120301-20151231_global_asia-enhanced_c201607211230.bitmask,vbd_landsea_r20220824.mask,timezone.shp,VBD_platforms-recurring_2015_r20170330.shp,999999,VBD_bridges_c20160811.shp,12.111141;10.250257;7.823531;2.972074;5.236562;7.212071,71.922836;85.889351;99.572311;98.315819;84.757271;70.987534,npp_d20251028_t1948369_e1950011_b72561;npp_d20251028_t1950023_e1951265_b72561;npp_d20251028_t1951277_e1952519_b72561;npp_d20251028_t1952531_e1954173_b72561,139.316,102.912,68.889,-79.062,134.375,-118.428
139,VBD_npp_d20251028_t1951422_x0988822E_y070084N_l0143_s3996_v23,2025-10-28 21:55:10,7.008404,98.882179,41.114,2025-10-28 19:51:42,2025-10-29 02:51:42,143,3996,0.313788,1,2401,0.969391,0.17875,0.902773,0.4,0.965975,0.75,1.22066e-23,0.0001,5.6638e-12,999999,999999,3,Thailand Exclusive Economic Zone,,,SVDNB_npp_d20251028_t1951277_e1952519_b72561_c20251028211059598000_oebc_ops.h5,GDNBO_npp_d20251028_t1951277_e1952519_b72561_c20251028210836244000_oebc_ops.h5,SVI04_npp_d20251028_t1951277_e1952519_b72561_c20251028211108128000_oebc_ops.dspace_rad,,eez_v11.shp,WPP_BFAR_merge.shp,vbd_mpa_r20170830.shp,VNF-VBD_npp_20120301-20151231_global_asia-enhanced_c201607211230.bitmask,vbd_landsea_r20220824.mask,timezone.shp,VBD_platforms-recurring_2015_r20170330.shp,999999,VBD_bridges_c20160811.shp,12.111141;10.250257;7.823531;2.972074;5.236562;7.212071,71.922836;85.889351;99.572311;98.315819;84.757271;70.987534,npp_d20251028_t1948369_e1950011_b72561;npp_d20251028_t1950023_e1951265_b72561;npp_d20251028_t1951277_e1952519_b72561;npp_d20251028_t1952531_e1954173_b72561,139.323,102.435,68.9062,-78.9831,134.642,-118.11
140,VBD_npp_d20251028_t1951511_x0987684E_y065966N_l0209_s3996_v23,2025-10-28 21:55:10,6.596616,98.768433,28.695,2025-10-28 19:51:51,2025-10-29 02:51:51,209,3996,0.339111,1,2401,0.72294,0.17875,0.851819,0.4,0.882985,0.75,1.5222e-23,0.0001,5.91368e-12,999999,999999,3,Thailand Exclusive Economic Zone,,,SVDNB_npp_d20251028_t1951277_e1952519_b72561_c20251028211059598000_oebc_ops.h5,GDNBO_npp_d20251028_t1951277_e1952519_b72561_c20251028210836244000_oebc_ops.h5,SVI04_npp_d20251028_t1951277_e1952519_b72561_c20251028211108128000_oebc_ops.dspace_rad,,eez_v11.shp,WPP_BFAR_merge.shp,vbd_mpa_r20170830.shp,VNF-VBD_npp_20120301-20151231_global_asia-enhanced_c201607211230.bitmask,vbd_landsea_r20220824.mask,timezone.shp,VBD_platforms-recurring_2015_r20170330.shp,999999,VBD_bridges_c20160811.shp,12.111141;10.250257;7.823531;2.972074;5.236562;7.212071,71.922836;85.889351;99.572311;98.315819;84.757271;70.987534,npp_d20251028_t1948369_e1950011_b72561;npp_d20251028_t1950023_e1951265_b72561;npp_d20251028_t1951277_e1952519_b72561;npp_d20251028_t1952531_e1954173_b72561,139.307,102.913,68.9086,-79.5192,134.382,-118.432
141,VBD_npp_d20251028_t1951404_x0989338E_y071748N_l0117_s3998_v23,2025-10-28 21:55:10,7.174782,98.933784,30.5486,2025-10-28 19:51:40,2025-10-29 02:51:40,117,3998,0.187531,8,18785,0.835726,0.17875,0.856352,0.4,0.961267,0.75,1.11281e-23,0.0001,5.558e-12,999999,999999,3,Thailand Exclusive Economic Zone,,,SVDNB_npp_d20251028_t1951277_e1952519_b72561_c20251028211059598000_oebc_ops.h5,GDNBO_npp_d20251028_t1951277_e1952519_b72561_c20251028210836244000_oebc_ops.h5,SVI04_npp_d20251028_t1951277_e1952519_b72561_c20251028211108128000_oebc_ops.dspace_rad,,eez_v11.shp,WPP_BFAR_merge.shp,vbd_mpa_r20170830.shp,VNF-VBD_npp_20120301-20151231_global_asia-enhanced_c201607211230.bitmask,vbd_landsea_r20220824.mask,timezone.shp,VBD_platforms-recurring_2015_r20170330.shp,0.49007,VBD_bridges_c20160811.shp,12.111141;10.250257;7.823531;2.972074;5.236562;7.212071,71.922836;85.889351;99.572311;98.315819;84.757271;70.987534,npp_d20251028_t1948369_e1950011_b72561;npp_d20251028_t1950023_e1951265_b72561;npp_d20251028_t1951277_e1952519_b72561;npp_d20251028_t1952531_e1954173_b72561,139.316,102.24,68.9337,-79.2433,134.758,-117.982
142,VBD_npp_d20251028_t1951440_x0988946E_y069836N_l0147_s4000_v23,2025-10-28 21:55:10,6.983648,98.894592,5.52392,2025-10-28 19:51:44,2025-10-29 02:51:44,147,4000,0.341103,1,2401,0.234506,0.17875,0.908719,0.4,0.841334,0.75,1.23725e-23,0.0001,5.63481e-12,999999,999999,3,Thailand Exclusive Economic Zone,,,SVDNB_npp_d20251028_t1951277_e1952519_b72561_c20251028211059598000_oebc_ops.h5,GDNBO_npp_d20251028_t1951277_e1952519_b72561_c20251028210836244000_oebc_ops.h5,SVI04_npp_d20251028_t1951277_e1952519_b72561_c20251028211108128000_oebc_ops.dspace_rad,,eez_v11.shp,WPP_BFAR_merge.shp,vbd_mpa_r20170830.shp,VNF-VBD_npp_20120301-20151231_global_asia-enhanced_c201607211230.bitmask,vbd_landsea_r20220824.mask,timezone.shp,VBD_platforms-recurring_2015_r20170330.shp,999999,VBD_bridges_c20160811.shp,12.111141;10.250257;7.823531;2.972074;5.236562;7.212071,71.922836;85.889351;99.572311;98.315819;84.757271;70.987534,npp_d20251028_t1948369_e1950011_b72561;npp_d20251028_t1950023_e1951265_b72561;npp_d20251028_t1951277_e1952519_b72561;npp_d20251028_t1952531_e1954173_b72561,139.299,102.46,68.9608,-79.3524,134.647,-118.137
143,VBD_npp_d20251028_t1951475_x0988343E_y067340N_l0186_s4000_v23,2025-10-28 21:55:10,6.734023,98.834297,9.22555,2025-10-28 19:51:47,2025-10-29 02:51:47,186,4000,0.337902,7,2337,0.344399,0.17875,0.894751,0.4,0.740955,0.75,1.39903e-23,0.0001,5.75853e-12,999999,999999,3,,,,SVDNB_npp_d20251028_t1951277_e1952519_b72561_c20251028211059598000_oebc_ops.h5,GDNBO_npp_d20251028_t1951277_e1952519_b72561_c20251028210836244000_oebc_ops.h5,SVI04_npp_d20251028_t1951277_e1952519_b72561_c20251028211108128000_oebc_ops.dspace_rad,,eez_v11.shp,WPP_BFAR_merge.shp,vbd_mpa_r20170830.shp,VNF-VBD_npp_20120301-20151231_global_asia-enhanced_c201607211230.bitmask,vbd_landsea_r20220824.mask,timezone.shp,VBD_platforms-recurring_2015_r20170330.shp,999999,VBD_bridges_c20160811.shp,12.111141;10.250257;7.823531;2.972074;5.236562;7.212071,71.922836;85.889351;99.572311;98.315819;84.757271;70.987534,npp_d20251028_t1948369_e1950011_b72561;npp_d20251028_t1950023_e1951265_b72561;npp_d20251028_t1951277_e1952519_b72561;npp_d20251028_t1952531_e1954173_b72561,139.288,102.75,68.9649,-79.2054,134.491,-118.334
144,VBD_npp_d20251028_t1951404_x0989508E_y071576N_l0119_s4001_v23,2025-10-28 21:55:10,7.157639,98.950806,6.36863,2025-10-28 19:51:40,2025-10-29 02:51:40,119,4001,0.225159,1,2401,0.209838,0.17875,0.866298,0.4,0.837389,0.75,1.12111e-23,0.0001,5.51666e-12,999999,999999,3,Thailand Exclusive Economic Zone,,,SVDNB_npp_d20251028_t1951277_e1952519_b72561_c20251028211059598000_oebc_ops.h5,GDNBO_npp_d20251028_t1951277_e1952519_b72561_c20251028210836244000_oebc_ops.h5,SVI04_npp_d20251028_t1951277_e1952519_b72561_c20251028211108128000_oebc_ops.dspace_rad,,eez_v11.shp,WPP_BFAR_merge.shp,vbd_mpa_r20170830.shp,VNF-VBD_npp_20120301-20151231_global_asia-enhanced_c201607211230.bitmask,vbd_landsea_r20220824.mask,timezone.shp,VBD_platforms-recurring_2015_r20170330.shp,999999,VBD_bridges_c20160811.shp,12.111141;10.250257;7.823531;2.972074;5.236562;7.212071,71.922836;85.889351;99.572311;98.315819;84.757271;70.987534,npp_d20251028_t1948369_e1950011_b72561;npp_d20251028_t1950023_e1951265_b72561;npp_d20251028_t1951277_e1952519_b72561;npp_d20251028_t1952531_e1954173_b72561,139.296,102.258,68.9791,-79.1836,134.764,-118.003
145,VBD_npp_d20251028_t1951475_x0988539E_y067651N_l0181_s4002_v23,2025-10-28 21:55:10,6.765070,98.853928,64.7916,2025-10-28 19:51:47,2025-10-29 02:51:47,181,4002,0.325383,1,2401,1.02785,0.17875,0.897067,0.4,0.954614,0.75,1.37829e-23,0.0001,5.71438e-12,999999,999999,3,Thailand Exclusive Economic Zone,,,SVDNB_npp_d20251028_t1951277_e1952519_b72561_c20251028211059598000_oebc_ops.h5,GDNBO_npp_d20251028_t1951277_e1952519_b72561_c20251028210836244000_oebc_ops.h5,SVI04_npp_d20251028_t1951277_e1952519_b72561_c20251028211108128000_oebc_ops.dspace_rad,,eez_v11.shp,WPP_BFAR_merge.shp,vbd_mpa_r20170830.shp,VNF-VBD_npp_20120301-20151231_global_asia-enhanced_c201607211230.bitmask,vbd_landsea_r20220824.mask,timezone.shp,VBD_platforms-recurring_2015_r20170330.shp,999999,VBD_bridges_c20160811.shp,12.111141;10.250257;7.823531;2.972074;5.236562;7.212071,71.922836;85.889351;99.572311;98.315819;84.757271;70.987534,npp_d20251028_t1948369_e1950011_b72561;npp_d20251028_t1950023_e1951265_b72561;npp_d20251028_t1951277_e1952519_b72561;npp_d20251028_t1952531_e1954173_b72561,139.276,102.712,68.9956,-79.3468,134.522,-118.314
146,VBD_npp_d20251028_t1951404_x0989600E_y071350N_l0122_s4003_v23,2025-10-28 21:55:10,7.135003,98.959991,40.8513,2025-10-28 19:51:40,2025-10-29 02:51:40,122,4003,0.304683,1,2401,0.861407,0.17875,0.857465,0.4,0.903988,0.75,1.13355e-23,0.0001,5.493e-12,999999,999999,3,Thailand Exclusive Economic Zone,,,SVDNB_npp_d20251028_t1951277_e1952519_b72561_c20251028211059598000_oebc_ops.h5,GDNBO_npp_d20251028_t1951277_e1952519_b72561_c20251028210836244000_oebc_ops.h5,SVI04_npp_d20251028_t1951277_e1952519_b72561_c20251028211108128000_oebc_ops.dspace_rad,,eez_v11.shp,WPP_BFAR_merge.shp,vbd_mpa_r20170830.shp,VNF-VBD_npp_20120301-20151231_global_asia-enhanced_c201607211230.bitmask,vbd_landsea_r20220824.mask,timezone.shp,VBD_platforms-recurring_2015_r20170330.shp,999999,VBD_bridges_c20160811.shp,12.111141;10.250257;7.823531;2.972074;5.236562;7.212071,71.922836;85.889351;99.572311;98.315819;84.757271;70.987534,npp_d20251028_t1948369_e1950011_b72561;npp_d20251028_t1950023_e1951265_b72561;npp_d20251028_t1951277_e1952519_b72561;npp_d20251028_t1952531_e1954173_b72561,139.282,102.282,69.0093,-79.0962,134.762,-118.025
147,VBD_npp_d20251028_t1951422_x0989331E_y070264N_l0139_s4003_v23,2025-10-28 21:55:10,7.026384,98.933136,24.6711,2025-10-28 19:51:42,2025-10-29 02:51:42,139,4003,0.283202,1,2401,0.742397,0.17875,0.897306,0.4,0.934742,0.75,1.20407e-23,0.0001,5.54594e-12,999999,999999,3,Thailand Exclusive Economic Zone,,,SVDNB_npp_d20251028_t1951277_e1952519_b72561_c20251028211059598000_oebc_ops.h5,GDNBO_npp_d20251028_t1951277_e1952519_b72561_c20251028210836244000_oebc_ops.h5,SVI04_npp_d20251028_t1951277_e1952519_b72561_c20251028211108128000_oebc_ops.dspace_rad,,eez_v11.shp,WPP_BFAR_merge.shp,vbd_mpa_r20170830.shp,VNF-VBD_npp_20120301-20151231_global_asia-enhanced_c201607211230.bitmask,vbd_landsea_r20220824.mask,timezone.shp,VBD_platforms-recurring_2015_r20170330.shp,999999,VBD_bridges_c20160811.shp,12.111141;10.250257;7.823531;2.972074;5.236562;7.212071,71.922836;85.889351;99.572311;98.315819;84.757271;70.987534,npp_d20251028_t1948369_e1950011_b72561;npp_d20251028_t1950023_e1951265_b72561;npp_d20251028_t1951277_e1952519_b72561;npp_d20251028_t1952531_e1954173_b72561,139.278,102.408,69.0122,-79.0921,134.694,-118.111
148,VBD_npp_d20251028_t1951440_x0989117E_y069665N_l0149_s4003_v23,2025-10-28 21:55:10,6.966518,98.911659,80.5645,2025-10-28 19:51:44,2025-10-29 02:51:44,149,4003,0.334843,1,2401,1.22285,0.17875,0.911366,0.4,0.979701,0.75,1.24555e-23,0.0001,5.59271e-12,999999,999999,3,Thailand Exclusive Economic Zone,,,SVDNB_npp_d20251028_t1951277_e1952519_b72561_c20251028211059598000_oebc_ops.h5,GDNBO_npp_d20251028_t1951277_e1952519_b72561_c20251028210836244000_oebc_ops.h5,SVI04_npp_d20251028_t1951277_e1952519_b72561_c20251028211108128000_oebc_ops.dspace_rad,,eez_v11.shp,WPP_BFAR_merge.shp,vbd_mpa_r20170830.shp,VNF-VBD_npp_20120301-20151231_global_asia-enhanced_c201607211230.bitmask,vbd_landsea_r20220824.mask,timezone.shp,VBD_platforms-recurring_2015_r20170330.shp,999999,VBD_bridges_c20160811.shp,12.111141;10.250257;7.823531;2.972074;5.236562;7.212071,71.922836;85.889351;99.572311;98.315819;84.757271;70.987534,npp_d20251028_t1948369_e1950011_b72561;npp_d20251028_t1950023_e1951265_b72561;npp_d20251028_t1951277_e1952519_b72561;npp_d20251028_t1952531_e1954173_b72561,139.278,102.478,69.0061,-79.2928,134.654,-118.158
149,VBD_npp_d20251028_t1951493_x0988352E_y065993N_l0206_s4005_v23,2025-10-28 21:55:10,6.599305,98.835243,109.943,2025-10-28 19:51:49,2025-10-29 02:51:49,206,4005,0.314002,1,2401,1.30303,0.17875,0.892897,0.4,0.98042,0.75,1.50455e-23,0.0001,5.74476e-12,999999,999999,3,Thailand Exclusive Economic Zone,,,SVDNB_npp_d20251028_t1951277_e1952519_b72561_c20251028211059598000_oebc_ops.h5,GDNBO_npp_d20251028_t1951277_e1952519_b72561_c20251028210836244000_oebc_ops.h5,SVI04_npp_d20251028_t1951277_e1952519_b72561_c20251028211108128000_oebc_ops.dspace_rad,,eez_v11.shp,WPP_BFAR_merge.shp,vbd_mpa_r20170830.shp,VNF-VBD_npp_20120301-20151231_global_asia-enhanced_c201607211230.bitmask,vbd_landsea_r20220824.mask,timezone.shp,VBD_platforms-recurring_2015_r20170330.shp,999999,VBD_bridges_c20160811.shp,12.111141;10.250257;7.823531;2.972074;5.236562;7.212071,71.922836;85.889351;99.572311;98.315819;84.757271;70.987534,npp_d20251028_t1948369_e1950011_b72561;npp_d20251028_t1950023_e1951265_b72561;npp_d20251028_t1951277_e1952519_b72561;npp_d20251028_t1952531_e1954173_b72561,139.25,102.901,69.0405,-79.112,134.434,-118.45
150,VBD_npp_d20251028_t1951440_x0989420E_y069817N_l0146_s4007_v23,2025-10-28 21:55:10,6.981687,98.941963,28.3422,2025-10-28 19:51:44,2025-10-29 02:51:44,146,4007,0.328014,1,2401,0.825677,0.17875,0.895971,0.4,0.954987,0.75,1.23311e-23,0.0001,5.52406e-12,999999,999999,3,Thailand Exclusive Economic Zone,,,SVDNB_npp_d20251028_t1951277_e1952519_b72561_c20251028211059598000_oebc_ops.h5,GDNBO_npp_d20251028_t1951277_e1952519_b72561_c20251028210836244000_oebc_ops.h5,SVI04_npp_d20251028_t1951277_e1952519_b72561_c20251028211108128000_oebc_ops.dspace_rad,,eez_v11.shp,WPP_BFAR_merge.shp,vbd_mpa_r20170830.shp,VNF-VBD_npp_20120301-20151231_global_asia-enhanced_c201607211230.bitmask,vbd_landsea_r20220824.mask,timezone.shp,VBD_platforms-recurring_2015_r20170330.shp,999999,VBD_bridges_c20160811.shp,12.111141;10.250257;7.823531;2.972074;5.236562;7.212071,71.922836;85.889351;99.572311;98.315819;84.757271;70.987534,npp_d20251028_t1948369_e1950011_b72561;npp_d20251028_t1950023_e1951265_b72561;npp_d20251028_t1951277_e1952519_b72561;npp_d20251028_t1952531_e1954173_b72561,139.252,102.457,69.0672,-79.3753,134.687,-118.155
151,VBD_npp_d20251028_t1951422_x0989780E_y070806N_l0130_s4008_v23,2025-10-28 21:55:10,7.080554,98.977951,18.7069,2025-10-28 19:51:42,2025-10-29 02:51:42,130,4008,0.304968,1,2401,0.707869,0.17875,0.862769,0.4,0.944315,0.75,1.16674e-23,0.0001,5.44956e-12,999999,999999,3,Thailand Exclusive Economic Zone,,,SVDNB_npp_d20251028_t1951277_e1952519_b72561_c20251028211059598000_oebc_ops.h5,GDNBO_npp_d20251028_t1951277_e1952519_b72561_c20251028210836244000_oebc_ops.h5,SVI04_npp_d20251028_t1951277_e1952519_b72561_c20251028211108128000_oebc_ops.dspace_rad,,eez_v11.shp,WPP_BFAR_merge.shp,vbd_mpa_r20170830.shp,VNF-VBD_npp_20120301-20151231_global_asia-enhanced_c201607211230.bitmask,vbd_landsea_r20220824.mask,timezone.shp,VBD_platforms-recurring_2015_r20170330.shp,999999,VBD_bridges_c20160811.shp,12.111141;10.250257;7.823531;2.972074;5.236562;7.212071,71.922836;85.889351;99.572311;98.315819;84.757271;70.987534,npp_d20251028_t1948369_e1950011_b72561;npp_d20251028_t1950023_e1951265_b72561;npp_d20251028_t1951277_e1952519_b72561;npp_d20251028_t1952531_e1954173_b72561,139.246,102.341,69.0889,-79.3452,134.758,-118.08
152,VBD_npp_d20251028_t1951475_x0988856E_y067173N_l0187_s4008_v23,2025-10-28 21:55:10,6.717274,98.885612,102.491,2025-10-28 19:51:47,2025-10-29 02:51:47,187,4008,0.345797,1,2401,1.25212,0.17875,0.908625,0.4,0.977651,0.75,1.40318e-23,0.0001,5.63359e-12,999999,999999,3,Thailand Exclusive Economic Zone,,,SVDNB_npp_d20251028_t1951277_e1952519_b72561_c20251028211059598000_oebc_ops.h5,GDNBO_npp_d20251028_t1951277_e1952519_b72561_c20251028210836244000_oebc_ops.h5,SVI04_npp_d20251028_t1951277_e1952519_b72561_c20251028211108128000_oebc_ops.dspace_rad,,eez_v11.shp,WPP_BFAR_merge.shp,vbd_mpa_r20170830.shp,VNF-VBD_npp_20120301-20151231_global_asia-enhanced_c201607211230.bitmask,vbd_landsea_r20220824.mask,timezone.shp,VBD_platforms-recurring_2015_r20170330.shp,999999,VBD_bridges_c20160811.shp,12.111141;10.250257;7.823531;2.972074;5.236562;7.212071,71.922836;85.889351;99.572311;98.315819;84.757271;70.987534,npp_d20251028_t1948369_e1950011_b72561;npp_d20251028_t1950023_e1951265_b72561;npp_d20251028_t1951277_e1952519_b72561;npp_d20251028_t1952531_e1954173_b72561,139.235,102.762,69.0865,-79.1707,134.527,-118.365
153,VBD_npp_d20251028_t1951475_x0988858E_y066824N_l0192_s4009_v23,2025-10-28 21:55:10,6.682364,98.885757,70.0746,2025-10-28 19:51:47,2025-10-29 02:51:47,192,4009,0.347504,1,2401,1.01469,0.17875,0.898187,0.4,0.922291,0.75,1.42392e-23,0.0001,5.62934e-12,999999,999999,3,Thailand Exclusive Economic Zone,,,SVDNB_npp_d20251028_t1951277_e1952519_b72561_c20251028211059598000_oebc_ops.h5,GDNBO_npp_d20251028_t1951277_e1952519_b72561_c20251028210836244000_oebc_ops.h5,SVI04_npp_d20251028_t1951277_e1952519_b72561_c20251028211108128000_oebc_ops.dspace_rad,,eez_v11.shp,WPP_BFAR_merge.shp,vbd_mpa_r20170830.shp,VNF-VBD_npp_20120301-20151231_global_asia-enhanced_c201607211230.bitmask,vbd_landsea_r20220824.mask,timezone.shp,VBD_platforms-recurring_2015_r20170330.shp,999999,VBD_bridges_c20160811.shp,12.111141;10.250257;7.823531;2.972074;5.236562;7.212071,71.922836;85.889351;99.572311;98.315819;84.757271;70.987534,npp_d20251028_t1948369_e1950011_b72561;npp_d20251028_t1950023_e1951265_b72561;npp_d20251028_t1951277_e1952519_b72561;npp_d20251028_t1952531_e1954173_b72561,139.227,102.801,69.1018,-79.0271,134.511,-118.395
154,VBD_npp_d20251028_t1951493_x0988852E_y066805N_l0193_s4010_v23,2025-10-28 21:55:10,6.680475,98.885193,62.0462,2025-10-28 19:51:49,2025-10-29 02:51:49,193,4010,0.32332,1,2401,1.00796,0.17875,0.898187,0.4,0.954376,0.75,1.42807e-23,0.0001,5.63418e-12,999999,999999,3,Thailand Exclusive Economic Zone,,,SVDNB_npp_d20251028_t1951277_e1952519_b72561_c20251028211059598000_oebc_ops.h5,GDNBO_npp_d20251028_t1951277_e1952519_b72561_c20251028210836244000_oebc_ops.h5,SVI04_npp_d20251028_t1951277_e1952519_b72561_c20251028211108128000_oebc_ops.dspace_rad,,eez_v11.shp,WPP_BFAR_merge.shp,vbd_mpa_r20170830.shp,VNF-VBD_npp_20120301-20151231_global_asia-enhanced_c201607211230.bitmask,vbd_landsea_r20220824.mask,timezone.shp,VBD_platforms-recurring_2015_r20170330.shp,999999,VBD_bridges_c20160811.shp,12.111141;10.250257;7.823531;2.972074;5.236562;7.212071,71.922836;85.889351;99.572311;98.315819;84.757271;70.987534,npp_d20251028_t1948369_e1950011_b72561;npp_d20251028_t1950023_e1951265_b72561;npp_d20251028_t1951277_e1952519_b72561;npp_d20251028_t1952531_e1954173_b72561,139.22,102.802,69.1174,-79.4798,134.516,-118.398
155,VBD_npp_d20251028_t1951440_x0989605E_y069363N_l0152_s4011_v23,2025-10-28 21:55:10,6.936339,98.960464,6.39125,2025-10-28 19:51:44,2025-10-29 02:51:44,152,4011,0.32332,1,2401,0.254923,0.17875,0.816151,0.4,0.772887,0.75,1.25799e-23,0.0001,5.47708e-12,999999,999999,3,Thailand Exclusive Economic Zone,,,SVDNB_npp_d20251028_t1951277_e1952519_b72561_c20251028211059598000_oebc_ops.h5,GDNBO_npp_d20251028_t1951277_e1952519_b72561_c20251028210836244000_oebc_ops.h5,SVI04_npp_d20251028_t1951277_e1952519_b72561_c20251028211108128000_oebc_ops.dspace_rad,,eez_v11.shp,WPP_BFAR_merge.shp,vbd_mpa_r20170830.shp,VNF-VBD_npp_20120301-20151231_global_asia-enhanced_c201607211230.bitmask,vbd_landsea_r20220824.mask,timezone.shp,VBD_platforms-recurring_2015_r20170330.shp,999999,VBD_bridges_c20160811.shp,12.111141;10.250257;7.823531;2.972074;5.236562;7.212071,71.922836;85.889351;99.572311;98.315819;84.757271;70.987534,npp_d20251028_t1948369_e1950011_b72561;npp_d20251028_t1950023_e1951265_b72561;npp_d20251028_t1951277_e1952519_b72561;npp_d20251028_t1952531_e1954173_b72561,139.225,102.506,69.1275,-79.2007,134.682,-118.199
156,VBD_npp_d20251028_t1951475_x0989029E_y067000N_l0189_s4011_v23,2025-10-28 21:55:10,6.700014,98.902878,62.6895,2025-10-28 19:51:47,2025-10-29 02:51:47,189,4011,0.331358,1,2401,1.07004,0.17875,0.898788,0.4,0.969071,0.75,1.41148e-23,0.0001,5.59129e-12,999999,999999,3,Thailand Exclusive Economic Zone,,,SVDNB_npp_d20251028_t1951277_e1952519_b72561_c20251028211059598000_oebc_ops.h5,GDNBO_npp_d20251028_t1951277_e1952519_b72561_c20251028210836244000_oebc_ops.h5,SVI04_npp_d20251028_t1951277_e1952519_b72561_c20251028211108128000_oebc_ops.dspace_rad,,eez_v11.shp,WPP_BFAR_merge.shp,vbd_mpa_r20170830.shp,VNF-VBD_npp_20120301-20151231_global_asia-enhanced_c201607211230.bitmask,vbd_landsea_r20220824.mask,timezone.shp,VBD_platforms-recurring_2015_r20170330.shp,999999,VBD_bridges_c20160811.shp,12.111141;10.250257;7.823531;2.972074;5.236562;7.212071,71.922836;85.889351;99.572311;98.315819;84.757271;70.987534,npp_d20251028_t1948369_e1950011_b72561;npp_d20251028_t1950023_e1951265_b72561;npp_d20251028_t1951277_e1952519_b72561;npp_d20251028_t1952531_e1954173_b72561,139.214,102.779,69.1322,-79.1113,134.534,-118.385
157,VBD_npp_d20251028_t1951404_x0990673E_y071564N_l0116_s4018_v23,2025-10-28 21:55:10,7.156377,99.067314,31.484,2025-10-28 19:51:40,2025-10-29 02:51:40,116,4018,0.311654,1,2401,0.826899,0.17875,0.85957,0.4,0.944564,0.75,1.10866e-23,0.0001,5.25841e-12,999999,999999,3,Thailand Exclusive Economic Zone,,,SVDNB_npp_d20251028_t1951277_e1952519_b72561_c20251028211059598000_oebc_ops.h5,GDNBO_npp_d20251028_t1951277_e1952519_b72561_c20251028210836244000_oebc_ops.h5,SVI04_npp_d20251028_t1951277_e1952519_b72561_c20251028211108128000_oebc_ops.dspace_rad,,eez_v11.shp,WPP_BFAR_merge.shp,vbd_mpa_r20170830.shp,VNF-VBD_npp_20120301-20151231_global_asia-enhanced_c201607211230.bitmask,vbd_landsea_r20220824.mask,timezone.shp,VBD_platforms-recurring_2015_r20170330.shp,999999,VBD_bridges_c20160811.shp,12.111141;10.250257;7.823531;2.972074;5.236562;7.212071,71.922836;85.889351;99.572311;98.315819;84.757271;70.987534,npp_d20251028_t1948369_e1950011_b72561;npp_d20251028_t1950023_e1951265_b72561;npp_d20251028_t1951277_e1952519_b72561;npp_d20251028_t1952531_e1954173_b72561,139.183,102.245,69.2383,-79.2553,134.865,-118.042
158,VBD_npp_d20251028_t1951404_x0990661E_y070795N_l0127_s4020_v23,2025-10-28 21:55:10,7.079544,99.066124,32.1607,2025-10-28 19:51:40,2025-10-29 02:51:40,127,4020,0.312935,1,2401,0.79556,0.17875,0.875336,0.4,0.944351,0.75,1.15429e-23,0.0001,5.25294e-12,999999,999999,3,Thailand Exclusive Economic Zone,,,SVDNB_npp_d20251028_t1951277_e1952519_b72561_c20251028211059598000_oebc_ops.h5,GDNBO_npp_d20251028_t1951277_e1952519_b72561_c20251028210836244000_oebc_ops.h5,SVI04_npp_d20251028_t1951277_e1952519_b72561_c20251028211108128000_oebc_ops.dspace_rad,,eez_v11.shp,WPP_BFAR_merge.shp,vbd_mpa_r20170830.shp,VNF-VBD_npp_20120301-20151231_global_asia-enhanced_c201607211230.bitmask,vbd_landsea_r20220824.mask,timezone.shp,VBD_platforms-recurring_2015_r20170330.shp,999999,VBD_bridges_c20160811.shp,12.111141;10.250257;7.823531;2.972074;5.236562;7.212071,71.922836;85.889351;99.572311;98.315819;84.757271;70.987534,npp_d20251028_t1948369_e1950011_b72561;npp_d20251028_t1950023_e1951265_b72561;npp_d20251028_t1951277_e1952519_b72561;npp_d20251028_t1952531_e1954173_b72561,139.167,102.332,69.2684,-78.9398,134.828,-118.107
159,VBD_npp_d20251028_t1951440_x0990580E_y069037N_l0154_s4026_v23,2025-10-28 21:55:10,6.903686,99.058006,41.082,2025-10-28 19:51:44,2025-10-29 02:51:44,154,4026,0.306106,1,2401,0.89734,0.17875,0.867581,0.4,0.937609,0.75,1.26629e-23,0.0001,5.26008e-12,999999,999999,3,Thailand Exclusive Economic Zone,,,SVDNB_npp_d20251028_t1951277_e1952519_b72561_c20251028211059598000_oebc_ops.h5,GDNBO_npp_d20251028_t1951277_e1952519_b72561_c20251028210836244000_oebc_ops.h5,SVI04_npp_d20251028_t1951277_e1952519_b72561_c20251028211108128000_oebc_ops.dspace_rad,,eez_v11.shp,WPP_BFAR_merge.shp,vbd_mpa_r20170830.shp,VNF-VBD_npp_20120301-20151231_global_asia-enhanced_c201607211230.bitmask,vbd_landsea_r20220824.mask,timezone.shp,VBD_platforms-recurring_2015_r20170330.shp,999999,VBD_bridges_c20160811.shp,12.111141;10.250257;7.823531;2.972074;5.236562;7.212071,71.922836;85.889351;99.572311;98.315819;84.757271;70.987534,npp_d20251028_t1948369_e1950011_b72561;npp_d20251028_t1950023_e1951265_b72561;npp_d20251028_t1951277_e1952519_b72561;npp_d20251028_t1952531_e1954173_b72561,139.123,102.53,69.3568,-79.1317,134.751,-118.26
160,VBD_npp_d20251028_t1951458_x0990324E_y067668N_l0175_s4027_v23,2025-10-28 21:55:10,6.766785,99.032387,7.54001,2025-10-28 19:51:45,2025-10-29 02:51:45,175,4027,0.314144,1,2401,0.316611,0.17875,0.793096,0.4,0.811876,0.75,1.3534e-23,0.0001,5.30491e-12,999999,999999,3,Thailand Exclusive Economic Zone,,,SVDNB_npp_d20251028_t1951277_e1952519_b72561_c20251028211059598000_oebc_ops.h5,GDNBO_npp_d20251028_t1951277_e1952519_b72561_c20251028210836244000_oebc_ops.h5,SVI04_npp_d20251028_t1951277_e1952519_b72561_c20251028211108128000_oebc_ops.dspace_rad,,eez_v11.shp,WPP_BFAR_merge.shp,vbd_mpa_r20170830.shp,VNF-VBD_npp_20120301-20151231_global_asia-enhanced_c201607211230.bitmask,vbd_landsea_r20220824.mask,timezone.shp,VBD_platforms-recurring_2015_r20170330.shp,999999,VBD_bridges_c20160811.shp,12.111141;10.250257;7.823531;2.972074;5.236562;7.212071,71.922836;85.889351;99.572311;98.315819;84.757271;70.987534,npp_d20251028_t1948369_e1950011_b72561;npp_d20251028_t1950023_e1951265_b72561;npp_d20251028_t1951277_e1952519_b72561;npp_d20251028_t1952531_e1954173_b72561,139.111,102.687,69.3743,-79.0133,134.671,-118.37
161,VBD_npp_d20251028_t1951422_x0991092E_y069714N_l0142_s4030_v23,2025-10-28 21:55:10,6.971387,99.109215,5.97108,2025-10-28 19:51:42,2025-10-29 02:51:42,142,4030,0.225372,1,2401,0.239286,0.17875,0.583061,0.4,0.759059,0.75,1.21651e-23,0.0001,5.15591e-12,999999,999999,3,Thailand Exclusive Economic Zone,,,SVDNB_npp_d20251028_t1951277_e1952519_b72561_c20251028211059598000_oebc_ops.h5,GDNBO_npp_d20251028_t1951277_e1952519_b72561_c20251028210836244000_oebc_ops.h5,SVI04_npp_d20251028_t1951277_e1952519_b72561_c20251028211108128000_oebc_ops.dspace_rad,,eez_v11.shp,WPP_BFAR_merge.shp,vbd_mpa_r20170830.shp,VNF-VBD_npp_20120301-20151231_global_asia-enhanced_c201607211230.bitmask,vbd_landsea_r20220824.mask,timezone.shp,VBD_platforms-recurring_2015_r20170330.shp,999999,VBD_bridges_c20160811.shp,12.111141;10.250257;7.823531;2.972074;5.236562;7.212071,71.922836;85.889351;99.572311;98.315819;84.757271;70.987534,npp_d20251028_t1948369_e1950011_b72561;npp_d20251028_t1950023_e1951265_b72561;npp_d20251028_t1951277_e1952519_b72561;npp_d20251028_t1952531_e1954173_b72561,139.095,102.448,69.4249,-78.985,134.821,-118.217
162,VBD_npp_d20251028_t1951493_x0990085E_y066012N_l0201_s4030_v23,2025-10-28 21:55:10,6.601235,99.008492,10.7399,2025-10-28 19:51:49,2025-10-29 02:51:49,201,4030,0.346509,1,2401,0.48557,0.17875,0.812662,0.4,0.903986,0.75,1.47514e-23,0.0001,5.34838e-12,999999,999999,3,Thailand Exclusive Economic Zone,,,SVDNB_npp_d20251028_t1951277_e1952519_b72561_c20251028211059598000_oebc_ops.h5,GDNBO_npp_d20251028_t1951277_e1952519_b72561_c20251028210836244000_oebc_ops.h5,SVI04_npp_d20251028_t1951277_e1952519_b72561_c20251028211108128000_oebc_ops.dspace_rad,,eez_v11.shp,WPP_BFAR_merge.shp,vbd_mpa_r20170830.shp,VNF-VBD_npp_20120301-20151231_global_asia-enhanced_c201607211230.bitmask,vbd_landsea_r20220824.mask,timezone.shp,VBD_platforms-recurring_2015_r20170330.shp,999999,VBD_bridges_c20160811.shp,12.111141;10.250257;7.823531;2.972074;5.236562;7.212071,71.922836;85.889351;99.572311;98.315819;84.757271;70.987534,npp_d20251028_t1948369_e1950011_b72561;npp_d20251028_t1950023_e1951265_b72561;npp_d20251028_t1951277_e1952519_b72561;npp_d20251028_t1952531_e1954173_b72561,139.083,102.874,69.4228,-79.236,134.585,-118.507
163,VBD_npp_d20251028_t1951475_x0990514E_y067138N_l0183_s4032_v23,2025-10-28 21:55:10,6.713751,99.051384,29.6013,2025-10-28 19:51:47,2025-10-29 02:51:47,183,4032,0.325169,1,2401,0.735688,0.17875,0.861758,0.4,0.903046,0.75,1.38659e-23,0.0001,5.26346e-12,999999,999999,3,Thailand Exclusive Economic Zone,,,SVDNB_npp_d20251028_t1951277_e1952519_b72561_c20251028211059598000_oebc_ops.h5,GDNBO_npp_d20251028_t1951277_e1952519_b72561_c20251028210836244000_oebc_ops.h5,SVI04_npp_d20251028_t1951277_e1952519_b72561_c20251028211108128000_oebc_ops.dspace_rad,,eez_v11.shp,WPP_BFAR_merge.shp,vbd_mpa_r20170830.shp,VNF-VBD_npp_20120301-20151231_global_asia-enhanced_c201607211230.bitmask,vbd_landsea_r20220824.mask,timezone.shp,VBD_platforms-recurring_2015_r20170330.shp,999999,VBD_bridges_c20160811.shp,12.111141;10.250257;7.823531;2.972074;5.236562;7.212071,71.922836;85.889351;99.572311;98.315819;84.757271;70.987534,npp_d20251028_t1948369_e1950011_b72561;npp_d20251028_t1950023_e1951265_b72561;npp_d20251028_t1951277_e1952519_b72561;npp_d20251028_t1952531_e1954173_b72561,139.073,102.743,69.454,-79.2663,134.669,-118.424
164,VBD_npp_d20251028_t1951511_x0990039E_y065317N_l0212_s4032_v23,2025-10-28 21:55:10,6.531698,99.003937,12.8864,2025-10-28 19:51:51,2025-10-29 02:51:51,212,4032,0.2768,1,2401,0.465889,0.17875,0.821577,0.4,0.843113,0.75,1.53985e-23,0.0001,5.35556e-12,999999,999999,3,Thailand Exclusive Economic Zone,,,SVDNB_npp_d20251028_t1951277_e1952519_b72561_c20251028211059598000_oebc_ops.h5,GDNBO_npp_d20251028_t1951277_e1952519_b72561_c20251028210836244000_oebc_ops.h5,SVI04_npp_d20251028_t1951277_e1952519_b72561_c20251028211108128000_oebc_ops.dspace_rad,,eez_v11.shp,WPP_BFAR_merge.shp,vbd_mpa_r20170830.shp,VNF-VBD_npp_20120301-20151231_global_asia-enhanced_c201607211230.bitmask,vbd_landsea_r20220824.mask,timezone.shp,VBD_platforms-recurring_2015_r20170330.shp,999999,VBD_bridges_c20160811.shp,12.111141;10.250257;7.823531;2.972074;5.236562;7.212071,71.922836;85.889351;99.572311;98.315819;84.757271;70.987534,npp_d20251028_t1948369_e1950011_b72561;npp_d20251028_t1950023_e1951265_b72561;npp_d20251028_t1951277_e1952519_b72561;npp_d20251028_t1952531_e1954173_b72561,139.065,102.952,69.4578,-79.4058,134.554,-118.567
165,VBD_npp_d20251028_t1951475_x0990599E_y066487N_l0192_s4035_v23,2025-10-28 21:55:10,6.648706,99.059944,43.1156,2025-10-28 19:51:47,2025-10-29 02:51:47,192,4035,0.335839,1,2401,0.904128,0.17875,0.850965,0.4,0.932811,0.75,1.42392e-23,0.0001,5.23928e-12,999999,999999,3,Thailand Exclusive Economic Zone,,,SVDNB_npp_d20251028_t1951277_e1952519_b72561_c20251028211059598000_oebc_ops.h5,GDNBO_npp_d20251028_t1951277_e1952519_b72561_c20251028210836244000_oebc_ops.h5,SVI04_npp_d20251028_t1951277_e1952519_b72561_c20251028211108128000_oebc_ops.dspace_rad,,eez_v11.shp,WPP_BFAR_merge.shp,vbd_mpa_r20170830.shp,VNF-VBD_npp_20120301-20151231_global_asia-enhanced_c201607211230.bitmask,vbd_landsea_r20220824.mask,timezone.shp,VBD_platforms-recurring_2015_r20170330.shp,999999,VBD_bridges_c20160811.shp,12.111141;10.250257;7.823531;2.972074;5.236562;7.212071,71.922836;85.889351;99.572311;98.315819;84.757271;70.987534,npp_d20251028_t1948369_e1950011_b72561;npp_d20251028_t1950023_e1951265_b72561;npp_d20251028_t1951277_e1952519_b72561;npp_d20251028_t1952531_e1954173_b72561,139.051,102.815,69.5001,-79.0076,134.646,-118.482
166,VBD_npp_d20251028_t1951493_x0990598E_y066479N_l0193_s4036_v23,2025-10-28 21:55:10,6.647891,99.059776,39.9045,2025-10-28 19:51:49,2025-10-29 02:51:49,193,4036,0.311583,1,2401,0.841264,0.17875,0.850965,0.4,0.924247,0.75,1.42807e-23,0.0001,5.2435e-12,999999,999999,3,Thailand Exclusive Economic Zone,,,SVDNB_npp_d20251028_t1951277_e1952519_b72561_c20251028211059598000_oebc_ops.h5,GDNBO_npp_d20251028_t1951277_e1952519_b72561_c20251028210836244000_oebc_ops.h5,SVI04_npp_d20251028_t1951277_e1952519_b72561_c20251028211108128000_oebc_ops.dspace_rad,,eez_v11.shp,WPP_BFAR_merge.shp,vbd_mpa_r20170830.shp,VNF-VBD_npp_20120301-20151231_global_asia-enhanced_c201607211230.bitmask,vbd_landsea_r20220824.mask,timezone.shp,VBD_platforms-recurring_2015_r20170330.shp,999999,VBD_bridges_c20160811.shp,12.111141;10.250257;7.823531;2.972074;5.236562;7.212071,71.922836;85.889351;99.572311;98.315819;84.757271;70.987534,npp_d20251028_t1948369_e1950011_b72561;npp_d20251028_t1950023_e1951265_b72561;npp_d20251028_t1951277_e1952519_b72561;npp_d20251028_t1952531_e1954173_b72561,139.044,102.815,69.5159,-79.4592,134.651,-118.485
167,VBD_npp_d20251028_t1951511_x0990611E_y065351N_l0210_s4040_v23,2025-10-28 21:55:10,6.535095,99.061104,58.6543,2025-10-28 19:51:51,2025-10-29 02:51:51,210,4040,0.34096,1,2401,1.03723,0.17875,0.888704,0.4,0.969062,0.75,1.52809e-23,0.0001,5.23461e-12,999999,999999,3,Thailand Exclusive Economic Zone,,,SVDNB_npp_d20251028_t1951277_e1952519_b72561_c20251028211059598000_oebc_ops.h5,GDNBO_npp_d20251028_t1951277_e1952519_b72561_c20251028210836244000_oebc_ops.h5,SVI04_npp_d20251028_t1951277_e1952519_b72561_c20251028211108128000_oebc_ops.dspace_rad,,eez_v11.shp,WPP_BFAR_merge.shp,vbd_mpa_r20170830.shp,VNF-VBD_npp_20120301-20151231_global_asia-enhanced_c201607211230.bitmask,vbd_landsea_r20220824.mask,timezone.shp,VBD_platforms-recurring_2015_r20170330.shp,999999,VBD_bridges_c20160811.shp,12.111141;10.250257;7.823531;2.972074;5.236562;7.212071,71.922836;85.889351;99.572311;98.315819;84.757271;70.987534,npp_d20251028_t1948369_e1950011_b72561;npp_d20251028_t1950023_e1951265_b72561;npp_d20251028_t1951277_e1952519_b72561;npp_d20251028_t1952531_e1954173_b72561,139.01,102.94,69.5815,-79.4565,134.605,-118.584
169,VBD_npp_d20251028_t1951440_x0991982E_y068980N_l0151_s4046_v23,2025-10-28 21:55:10,6.898026,99.198219,8.66035,2025-10-28 19:51:44,2025-10-29 02:51:44,151,4046,0.298424,2,2337,0.368325,0.17875,0.775204,0.4,0.706874,0.75,1.25385e-23,0.0001,4.97556e-12,999999,999999,3,Thailand Exclusive Economic Zone,,,SVDNB_npp_d20251028_t1951277_e1952519_b72561_c20251028211059598000_oebc_ops.h5,GDNBO_npp_d20251028_t1951277_e1952519_b72561_c20251028210836244000_oebc_ops.h5,SVI04_npp_d20251028_t1951277_e1952519_b72561_c20251028211108128000_oebc_ops.dspace_rad,,eez_v11.shp,WPP_BFAR_merge.shp,vbd_mpa_r20170830.shp,VNF-VBD_npp_20120301-20151231_global_asia-enhanced_c201607211230.bitmask,vbd_landsea_r20220824.mask,timezone.shp,VBD_platforms-recurring_2015_r20170330.shp,999999,VBD_bridges_c20160811.shp,12.111141;10.250257;7.823531;2.972074;5.236562;7.212071,71.922836;85.889351;99.572311;98.315819;84.757271;70.987534,npp_d20251028_t1948369_e1950011_b72561;npp_d20251028_t1950023_e1951265_b72561;npp_d20251028_t1951277_e1952519_b72561;npp_d20251028_t1952531_e1954173_b72561,138.986,102.518,69.6656,-79.2009,134.87,-118.312
173,VBD_npp_d20251028_t1951440_x0992314E_y068846N_l0152_s4051_v23,2025-10-28 21:55:10,6.884604,99.231392,12.7816,2025-10-28 19:51:44,2025-10-29 02:51:44,152,4051,0.286758,1,2401,0.518612,0.17875,0.817034,0.4,0.899612,0.75,1.25799e-23,0.0001,4.91092e-12,999999,999999,3,Thailand Exclusive Economic Zone,,,SVDNB_npp_d20251028_t1951277_e1952519_b72561_c20251028211059598000_oebc_ops.h5,GDNBO_npp_d20251028_t1951277_e1952519_b72561_c20251028210836244000_oebc_ops.h5,SVI04_npp_d20251028_t1951277_e1952519_b72561_c20251028211108128000_oebc_ops.dspace_rad,,eez_v11.shp,WPP_BFAR_merge.shp,vbd_mpa_r20170830.shp,VNF-VBD_npp_20120301-20151231_global_asia-enhanced_c201607211230.bitmask,vbd_landsea_r20220824.mask,timezone.shp,VBD_platforms-recurring_2015_r20170330.shp,999999,VBD_bridges_c20160811.shp,12.111141;10.250257;7.823531;2.972074;5.236562;7.212071,71.922836;85.889351;99.572311;98.315819;84.757271;70.987534,npp_d20251028_t1948369_e1950011_b72561;npp_d20251028_t1950023_e1951265_b72561;npp_d20251028_t1951277_e1952519_b72561;npp_d20251028_t1952531_e1954173_b72561,138.951,102.529,69.7431,-79.1684,134.892,-118.335
0,,,999999.000000,999999.000000,999999,,,999999,999999,999999,999999,999999,999999,999999,999999,999999,999999,999999,999999,999999,999999,999999,999999,999999,,,,SVDNB_npp_d20251028_t1811529_e1813171_b72560_c20251028193232652000_oebc_ops.h5,GDNBO_npp_d20251028_t1811529_e1813171_b72560_c20251028193001214000_oebc_ops.h5,SVI04_npp_d20251028_t1811529_e1813171_b72560_c20251028193240489000_oebc_ops.dspace_rad,,eez_v11.shp,WPP_BFAR_merge.shp,vbd_mpa_r20170830.shp,VNF-VBD_npp_20120301-20151231_global_asia-enhanced_c201607211230.bitmask,vbd_landsea_r20220824.mask,timezone.shp,VBD_platforms-recurring_2015_r20170330.shp,999999,VBD_bridges_c20160811.shp,5.512142;3.482568;1.274749;-3.605339;-1.532511;0.631708,96.006874;109.728714;123.296417;122.212395;108.609848;94.936539,npp_d20251028_t1811529_e1813171_b72560;npp_d20251028_t1813183_e1814425_b72560;npp_d20251028_t1814437_e1816079_b72560;npp_d20251028_t1816091_e1817333_b72560,999999,999999,999999,999999,999999,999999
