id,id_Key,Date_Proc,Lat_DNB,Lon_DNB,Rad_DNB,Date_Mscan,Date_LTZ,Line_DNB,Sample_DNB,Rad_I04,QF_Detect,QF_Bitflag,SMI,Thr_SMI,SI,Thr_SI,SHI,Thr_SHI,LI,Thr_LI,Glint,Thr_Gl_SMI,Xcorr,Land_Mask,EEZ,FMZ,MPA,File_DNB,File_GDNB,File_I04,File_VNF,File_EEZ,File_FMZ,File_MPA,File_FLM,File_LSM,File_LTZ,File_RLP,Dist_RLP,File_RLV,Lat_Gring,Lon_Gring,Gran_List,SOLZ_GDNBO,SOLA_GDNBO,SATZ_GDNBO,SATA_GDNBO,LUNZ_GDNBO,LUNA_GDNBO
6,VBD_npp_d20250902_t1858366_x1000972E_y125774N_l0708_s2155_v23,2025-09-02 21:27:26,12.577448,100.097206,3.28905,2025-09-02 18:58:36,2025-09-03 01:58:36,708,2155,0.209012,8,18689,0.116385,0.055,0.313239,0.4,0.472125,0.75,7.69155e-06,0.0001,6.81988e-17,999999,9.776794e-02,3,Thailand Exclusive Economic Zone,,,SVDNB_npp_d20250902_t1857180_e1858422_b71766_c20250902202632056000_oeac_ops.h5,GDNBO_npp_d20250902_t1857180_e1858422_b71766_c20250902202413845000_oeac_ops.h5,SVI04_npp_d20250902_t1857180_e1858422_b71766_c20250902202640005000_oeac_ops.dspace_rad,,eez_v11.shp,WPP_BFAR_merge.shp,vbd_mpa_r20170830.shp,VNF-VBD_npp_20120301-20151231_global_asia-enhanced_c201607211230.bitmask,vbd_landsea_r20220824.mask,timezone.shp,VBD_platforms-recurring_2015_r20170330.shp,0.750474,VBD_bridges_c20160811.shp,19.031017;17.326777;14.636539;9.814675;12.317140;14.119446,85.914925;100.350372;114.344078;112.922203;99.179115;85.101173,npp_d20250902_t1853018_e1854260_b71766;npp_d20250902_t1854272_e1855514_b71766;npp_d20250902_t1855526_e1857168_b71766;npp_d20250902_t1857180_e1858422_b71766,148.092,52.0559,7.01226,-82.5518,94.0856,-118.068
7,VBD_npp_d20250902_t1858366_x1000950E_y125641N_l0710_s2155_v23,2025-09-02 21:27:26,12.564135,100.094978,2.79129,2025-09-02 18:58:36,2025-09-03 01:58:36,710,2155,0.242728,8,18689,0.0687477,0.055,0.313239,0.4,0.327209,0.75,7.69155e-06,0.0001,7.40699e-17,999999,-9.375794e-02,3,Thailand Exclusive Economic Zone,,,SVDNB_npp_d20250902_t1857180_e1858422_b71766_c20250902202632056000_oeac_ops.h5,GDNBO_npp_d20250902_t1857180_e1858422_b71766_c20250902202413845000_oeac_ops.h5,SVI04_npp_d20250902_t1857180_e1858422_b71766_c20250902202640005000_oeac_ops.dspace_rad,,eez_v11.shp,WPP_BFAR_merge.shp,vbd_mpa_r20170830.shp,VNF-VBD_npp_20120301-20151231_global_asia-enhanced_c201607211230.bitmask,vbd_landsea_r20220824.mask,timezone.shp,VBD_platforms-recurring_2015_r20170330.shp,0.750591,VBD_bridges_c20160811.shp,19.031017;17.326777;14.636539;9.814675;12.317140;14.119446,85.914925;100.350372;114.344078;112.922203;99.179115;85.101173,npp_d20250902_t1853018_e1854260_b71766;npp_d20250902_t1854272_e1855514_b71766;npp_d20250902_t1855526_e1857168_b71766;npp_d20250902_t1857180_e1858422_b71766,148.102,52.0702,7.00948,-81.6039,94.0775,-118.07
8,VBD_npp_d20250902_t1858241_x1008739E_y131280N_l0608_s2245_v23,2025-09-02 21:27:26,13.128032,100.873878,9.57654,2025-09-02 18:58:24,2025-09-03 01:58:24,608,2245,0.0639762,10,2305,0.0580605,0.055,0.24206,0.4,0.246382,0.75,3.31266e-06,0.0001,5.01397e-20,999999,3.743581e-02,1,Thailand Exclusive Economic Zone,,,SVDNB_npp_d20250902_t1857180_e1858422_b71766_c20250902202632056000_oeac_ops.h5,GDNBO_npp_d20250902_t1857180_e1858422_b71766_c20250902202413845000_oeac_ops.h5,SVI04_npp_d20250902_t1857180_e1858422_b71766_c20250902202640005000_oeac_ops.dspace_rad,,eez_v11.shp,WPP_BFAR_merge.shp,vbd_mpa_r20170830.shp,VNF-VBD_npp_20120301-20151231_global_asia-enhanced_c201607211230.bitmask,vbd_landsea_r20220824.mask,timezone.shp,VBD_platforms-recurring_2015_r20170330.shp,999999,VBD_bridges_c20160811.shp,19.031017;17.326777;14.636539;9.814675;12.317140;14.119446,85.914925;100.350372;114.344078;112.922203;99.179115;85.101173,npp_d20250902_t1853018_e1854260_b71766;npp_d20250902_t1854272_e1855514_b71766;npp_d20250902_t1855526_e1857168_b71766;npp_d20250902_t1857180_e1858422_b71766,147.196,52.2156,12.1927,-78.3675,94.9686,-117.897
9,VBD_npp_d20250902_t1858312_x1008357E_y127003N_l0672_s2254_v23,2025-09-02 21:27:26,12.700268,100.835709,3.40924,2025-09-02 18:58:31,2025-09-03 01:58:31,672,2254,0.169748,10,2305,0.0808551,0.055,0.388345,0.4,0.376083,0.75,4.17624e-06,0.0001,3.34988e-20,999999,7.603361e-01,1,Thailand Exclusive Economic Zone,,,SVDNB_npp_d20250902_t1857180_e1858422_b71766_c20250902202632056000_oeac_ops.h5,GDNBO_npp_d20250902_t1857180_e1858422_b71766_c20250902202413845000_oeac_ops.h5,SVI04_npp_d20250902_t1857180_e1858422_b71766_c20250902202640005000_oeac_ops.dspace_rad,,eez_v11.shp,WPP_BFAR_merge.shp,vbd_mpa_r20170830.shp,VNF-VBD_npp_20120301-20151231_global_asia-enhanced_c201607211230.bitmask,vbd_landsea_r20220824.mask,timezone.shp,VBD_platforms-recurring_2015_r20170330.shp,999999,VBD_bridges_c20160811.shp,19.031017;17.326777;14.636539;9.814675;12.317140;14.119446,85.914925;100.350372;114.344078;112.922203;99.179115;85.101173,npp_d20250902_t1853018_e1854260_b71766;npp_d20250902_t1854272_e1855514_b71766;npp_d20250902_t1855526_e1857168_b71766;npp_d20250902_t1857180_e1858422_b71766,147.464,52.735,12.7003,-78.4667,94.7604,-117.925
10,VBD_npp_d20250902_t1858366_x1007752E_y124679N_l0708_s2254_v23,2025-09-02 21:27:26,12.467925,100.775215,1.48671,2025-09-02 18:58:36,2025-09-03 01:58:36,708,2254,0.283913,10,2305,0.0917101,0.055,0.37168,0.4,0.653906,0.75,4.19271e-06,0.0001,2.64432e-20,999999,-8.494733e-02,3,Thailand Exclusive Economic Zone,,,SVDNB_npp_d20250902_t1857180_e1858422_b71766_c20250902202632056000_oeac_ops.h5,GDNBO_npp_d20250902_t1857180_e1858422_b71766_c20250902202413845000_oeac_ops.h5,SVI04_npp_d20250902_t1857180_e1858422_b71766_c20250902202640005000_oeac_ops.dspace_rad,,eez_v11.shp,WPP_BFAR_merge.shp,vbd_mpa_r20170830.shp,VNF-VBD_npp_20120301-20151231_global_asia-enhanced_c201607211230.bitmask,vbd_landsea_r20220824.mask,timezone.shp,VBD_platforms-recurring_2015_r20170330.shp,999999,VBD_bridges_c20160811.shp,19.031017;17.326777;14.636539;9.814675;12.317140;14.119446,85.914925;100.350372;114.344078;112.922203;99.179115;85.101173,npp_d20250902_t1853018_e1854260_b71766;npp_d20250902_t1854272_e1855514_b71766;npp_d20250902_t1855526_e1857168_b71766;npp_d20250902_t1857180_e1858422_b71766,147.634,52.9825,12.6972,-81.6374,94.618,-117.946
11,VBD_npp_d20250902_t1858330_x1008349E_y126959N_l0673_s2255_v23,2025-09-02 21:27:26,12.695899,100.834892,3.79676,2025-09-02 18:58:33,2025-09-03 01:58:33,673,2255,0.158652,2,2337,0.0704061,0.055,0.479473,0.4,0.370813,0.75,4.1638e-06,0.0001,1.73162e-20,999999,5.326154e-01,1,Thailand Exclusive Economic Zone,,,SVDNB_npp_d20250902_t1857180_e1858422_b71766_c20250902202632056000_oeac_ops.h5,GDNBO_npp_d20250902_t1857180_e1858422_b71766_c20250902202413845000_oeac_ops.h5,SVI04_npp_d20250902_t1857180_e1858422_b71766_c20250902202640005000_oeac_ops.dspace_rad,,eez_v11.shp,WPP_BFAR_merge.shp,vbd_mpa_r20170830.shp,VNF-VBD_npp_20120301-20151231_global_asia-enhanced_c201607211230.bitmask,vbd_landsea_r20220824.mask,timezone.shp,VBD_platforms-recurring_2015_r20170330.shp,999999,VBD_bridges_c20160811.shp,19.031017;17.326777;14.636539;9.814675;12.317140;14.119446,85.914925;100.350372;114.344078;112.922203;99.179115;85.101173,npp_d20250902_t1853018_e1854260_b71766;npp_d20250902_t1854272_e1855514_b71766;npp_d20250902_t1855526_e1857168_b71766;npp_d20250902_t1857180_e1858422_b71766,147.461,52.748,12.7555,-82.4048,94.7637,-117.924
12,VBD_npp_d20250902_t1858401_x1007320E_y122581N_l0740_s2255_v23,2025-09-02 21:27:26,12.258142,100.732033,0.963618,2025-09-02 18:58:40,2025-09-03 01:58:40,740,2255,0.35917,10,2305,0.0558785,0.055,0.247437,0.4,0.59741,0.75,4.1638e-06,0.0001,2.96713e-20,999999,1.484894e-02,3,Thailand Exclusive Economic Zone,,,SVDNB_npp_d20250902_t1857180_e1858422_b71766_c20250902202632056000_oeac_ops.h5,GDNBO_npp_d20250902_t1857180_e1858422_b71766_c20250902202413845000_oeac_ops.h5,SVI04_npp_d20250902_t1857180_e1858422_b71766_c20250902202640005000_oeac_ops.dspace_rad,,eez_v11.shp,WPP_BFAR_merge.shp,vbd_mpa_r20170830.shp,VNF-VBD_npp_20120301-20151231_global_asia-enhanced_c201607211230.bitmask,vbd_landsea_r20220824.mask,timezone.shp,VBD_platforms-recurring_2015_r20170330.shp,999999,VBD_bridges_c20160811.shp,19.031017;17.326777;14.636539;9.814675;12.317140;14.119446,85.914925;100.350372;114.344078;112.922203;99.179115;85.101173,npp_d20250902_t1853018_e1854260_b71766;npp_d20250902_t1854272_e1855514_b71766;npp_d20250902_t1855526_e1857168_b71766;npp_d20250902_t1857180_e1858422_b71766,147.782,53.2155,12.7505,-81.6469,94.4949,-117.963
13,VBD_npp_d20250902_t1858330_x1009149E_y126272N_l0681_s2268_v23,2025-09-02 21:27:26,12.627227,100.914902,10.4895,2025-09-02 18:58:33,2025-09-03 01:58:33,681,2268,0.193506,2,2337,0.236817,0.055,0.621732,0.4,0.547936,0.75,3.78789e-06,0.0001,7.56873e-21,999999,3.926471e-01,1,,,,SVDNB_npp_d20250902_t1857180_e1858422_b71766_c20250902202632056000_oeac_ops.h5,GDNBO_npp_d20250902_t1857180_e1858422_b71766_c20250902202413845000_oeac_ops.h5,SVI04_npp_d20250902_t1857180_e1858422_b71766_c20250902202640005000_oeac_ops.dspace_rad,,eez_v11.shp,WPP_BFAR_merge.shp,vbd_mpa_r20170830.shp,VNF-VBD_npp_20120301-20151231_global_asia-enhanced_c201607211230.bitmask,vbd_landsea_r20220824.mask,timezone.shp,VBD_platforms-recurring_2015_r20170330.shp,999999,VBD_bridges_c20160811.shp,19.031017;17.326777;14.636539;9.814675;12.317140;14.119446,85.914925;100.350372;114.344078;112.922203;99.179115;85.101173,npp_d20250902_t1853018_e1854260_b71766;npp_d20250902_t1854272_e1855514_b71766;npp_d20250902_t1855526_e1857168_b71766;npp_d20250902_t1857180_e1858422_b71766,147.44,52.9251,13.4834,-80.3079,94.8005,-117.913
14,VBD_npp_d20250902_t1858383_x1009068E_y123314N_l0725_s2277_v23,2025-09-02 21:27:26,12.331386,100.906822,2.90119,2025-09-02 18:58:38,2025-09-03 01:58:38,725,2277,0.277938,2,2337,0.2008,0.055,0.619747,0.4,0.744106,0.75,3.52765e-06,0.0001,3.69189e-21,999999,1.375870e-01,3,Thailand Exclusive Economic Zone,,,SVDNB_npp_d20250902_t1857180_e1858422_b71766_c20250902202632056000_oeac_ops.h5,GDNBO_npp_d20250902_t1857180_e1858422_b71766_c20250902202413845000_oeac_ops.h5,SVI04_npp_d20250902_t1857180_e1858422_b71766_c20250902202640005000_oeac_ops.dspace_rad,,eez_v11.shp,WPP_BFAR_merge.shp,vbd_mpa_r20170830.shp,VNF-VBD_npp_20120301-20151231_global_asia-enhanced_c201607211230.bitmask,vbd_landsea_r20220824.mask,timezone.shp,VBD_platforms-recurring_2015_r20170330.shp,999999,VBD_bridges_c20160811.shp,19.031017;17.326777;14.636539;9.814675;12.317140;14.119446,85.914925;100.350372;114.344078;112.922203;99.179115;85.101173,npp_d20250902_t1853018_e1854260_b71766;npp_d20250902_t1854272_e1855514_b71766;npp_d20250902_t1855526_e1857168_b71766;npp_d20250902_t1857180_e1858422_b71766,147.607,53.3131,13.993,-81.2941,94.6737,-117.928
15,VBD_npp_d20250902_t1858383_x1009287E_y122929N_l0730_s2281_v23,2025-09-02 21:27:26,12.292910,100.928680,1.36917,2025-09-02 18:58:38,2025-09-03 01:58:38,730,2281,0.328014,2,2337,0.0579631,0.055,0.564825,0.4,0.487991,0.75,3.41463e-06,0.0001,3.16583e-21,999999,3.545808e-01,3,Thailand Exclusive Economic Zone,,,SVDNB_npp_d20250902_t1857180_e1858422_b71766_c20250902202632056000_oeac_ops.h5,GDNBO_npp_d20250902_t1857180_e1858422_b71766_c20250902202413845000_oeac_ops.h5,SVI04_npp_d20250902_t1857180_e1858422_b71766_c20250902202640005000_oeac_ops.dspace_rad,,eez_v11.shp,WPP_BFAR_merge.shp,vbd_mpa_r20170830.shp,VNF-VBD_npp_20120301-20151231_global_asia-enhanced_c201607211230.bitmask,vbd_landsea_r20220824.mask,timezone.shp,VBD_platforms-recurring_2015_r20170330.shp,999999,VBD_bridges_c20160811.shp,19.031017;17.326777;14.636539;9.814675;12.317140;14.119446,85.914925;100.350372;114.344078;112.922203;99.179115;85.101173,npp_d20250902_t1853018_e1854260_b71766;npp_d20250902_t1854272_e1855514_b71766;npp_d20250902_t1855526_e1857168_b71766;npp_d20250902_t1857180_e1858422_b71766,147.613,53.3866,14.2183,-80.1011,94.6746,-117.926
16,VBD_npp_d20250902_t1858330_x1011061E_y126301N_l0676_s2295_v23,2025-09-02 21:27:26,12.630059,101.106079,9.31022,2025-09-02 18:58:33,2025-09-03 01:58:33,676,2295,0.18056,7,2305,0.0722177,0.055,0.335603,0.4,0.22361,0.75,3.19931e-06,0.0001,4.47516e-22,999999,-4.394113e-01,3,,,,SVDNB_npp_d20250902_t1857180_e1858422_b71766_c20250902202632056000_oeac_ops.h5,GDNBO_npp_d20250902_t1857180_e1858422_b71766_c20250902202413845000_oeac_ops.h5,SVI04_npp_d20250902_t1857180_e1858422_b71766_c20250902202640005000_oeac_ops.dspace_rad,,eez_v11.shp,WPP_BFAR_merge.shp,vbd_mpa_r20170830.shp,VNF-VBD_npp_20120301-20151231_global_asia-enhanced_c201607211230.bitmask,vbd_landsea_r20220824.mask,timezone.shp,VBD_platforms-recurring_2015_r20170330.shp,999999,VBD_bridges_c20160811.shp,19.031017;17.326777;14.636539;9.814675;12.317140;14.119446,85.914925;100.350372;114.344078;112.922203;99.179115;85.101173,npp_d20250902_t1853018_e1854260_b71766;npp_d20250902_t1854272_e1855514_b71766;npp_d20250902_t1855526_e1857168_b71766;npp_d20250902_t1857180_e1858422_b71766,147.29,53.1386,15.0004,-81.3942,94.9665,-117.877
17,VBD_npp_d20250902_t1858419_x1009905E_y120386N_l0766_s2298_v23,2025-09-02 21:27:26,12.038624,100.990547,1.88834,2025-09-02 18:58:41,2025-09-03 01:58:41,766,2298,0.288679,2,2337,0.0556165,0.055,0.547156,0.4,0.393579,0.75,3.15317e-06,0.0001,9.09436e-22,999999,999999,3,Thailand Exclusive Economic Zone,,,SVDNB_npp_d20250902_t1857180_e1858422_b71766_c20250902202632056000_oeac_ops.h5,GDNBO_npp_d20250902_t1857180_e1858422_b71766_c20250902202413845000_oeac_ops.h5,SVI04_npp_d20250902_t1857180_e1858422_b71766_c20250902202640005000_oeac_ops.dspace_rad,,eez_v11.shp,WPP_BFAR_merge.shp,vbd_mpa_r20170830.shp,VNF-VBD_npp_20120301-20151231_global_asia-enhanced_c201607211230.bitmask,vbd_landsea_r20220824.mask,timezone.shp,VBD_platforms-recurring_2015_r20170330.shp,999999,VBD_bridges_c20160811.shp,19.031017;17.326777;14.636539;9.814675;12.317140;14.119446,85.914925;100.350372;114.344078;112.922203;99.179115;85.101173,npp_d20250902_t1853018_e1854260_b71766;npp_d20250902_t1854272_e1855514_b71766;npp_d20250902_t1855526_e1857168_b71766;npp_d20250902_t1857180_e1858422_b71766,147.703,53.7961,15.1679,-79.267,94.6213,-117.927
18,VBD_npp_d20250902_t1858312_x1011603E_y126614N_l0670_s2301_v23,2025-09-02 21:27:26,12.661369,101.160255,45.9672,2025-09-02 18:58:31,2025-09-03 01:58:31,670,2301,0.151538,4,35109,0.162747,0.055,0.410815,0.4,0.197852,0.75,3.07086e-06,0.0001,3.49128e-22,999999,3.269544e-01,1,,,,SVDNB_npp_d20250902_t1857180_e1858422_b71766_c20250902202632056000_oeac_ops.h5,GDNBO_npp_d20250902_t1857180_e1858422_b71766_c20250902202413845000_oeac_ops.h5,SVI04_npp_d20250902_t1857180_e1858422_b71766_c20250902202640005000_oeac_ops.dspace_rad,,eez_v11.shp,WPP_BFAR_merge.shp,vbd_mpa_r20170830.shp,VNF-VBD_npp_20120301-20151231_global_asia-enhanced_c201607211230.bitmask,vbd_landsea_r20220824.mask,timezone.shp,VBD_platforms-recurring_2015_r20170330.shp,999999,VBD_bridges_c20160811.shp,19.031017;17.326777;14.636539;9.814675;12.317140;14.119446,85.914925;100.350372;114.344078;112.922203;99.179115;85.101173,npp_d20250902_t1853018_e1854260_b71766;npp_d20250902_t1854272_e1855514_b71766;npp_d20250902_t1855526_e1857168_b71766;npp_d20250902_t1857180_e1858422_b71766,147.234,53.1524,15.3308,-79.2328,95.0217,-117.866
19,VBD_npp_d20250902_t1858419_x1010457E_y120363N_l0765_s2306_v23,2025-09-02 21:27:26,12.036328,101.045723,7.89042,2025-09-02 18:58:41,2025-09-03 01:58:41,765,2306,0.377379,8,18785,0.440849,0.055,0.81661,0.4,0.889409,0.75,3.03012e-06,0.0001,3.97156e-22,999999,8.446546e-02,3,Thailand Exclusive Economic Zone,,,SVDNB_npp_d20250902_t1857180_e1858422_b71766_c20250902202632056000_oeac_ops.h5,GDNBO_npp_d20250902_t1857180_e1858422_b71766_c20250902202413845000_oeac_ops.h5,SVI04_npp_d20250902_t1857180_e1858422_b71766_c20250902202640005000_oeac_ops.dspace_rad,,eez_v11.shp,WPP_BFAR_merge.shp,vbd_mpa_r20170830.shp,VNF-VBD_npp_20120301-20151231_global_asia-enhanced_c201607211230.bitmask,vbd_landsea_r20220824.mask,timezone.shp,VBD_platforms-recurring_2015_r20170330.shp,0.922264,VBD_bridges_c20160811.shp,19.031017;17.326777;14.636539;9.814675;12.317140;14.119446,85.914925;100.350372;114.344078;112.922203;99.179115;85.101173,npp_d20250902_t1853018_e1854260_b71766;npp_d20250902_t1854272_e1855514_b71766;npp_d20250902_t1855526_e1857168_b71766;npp_d20250902_t1857180_e1858422_b71766,147.661,53.8609,15.6054,-79.5033,94.6678,-117.917
20,VBD_npp_d20250902_t1858419_x1010514E_y120285N_l0766_s2307_v23,2025-09-02 21:27:26,12.028535,101.051361,5.61061,2025-09-02 18:58:41,2025-09-03 01:58:41,766,2307,0.348429,8,18785,0.285011,0.055,0.829042,0.4,0.802192,0.75,3.01474e-06,0.0001,3.76076e-22,999999,999999,3,Thailand Exclusive Economic Zone,,,SVDNB_npp_d20250902_t1857180_e1858422_b71766_c20250902202632056000_oeac_ops.h5,GDNBO_npp_d20250902_t1857180_e1858422_b71766_c20250902202413845000_oeac_ops.h5,SVI04_npp_d20250902_t1857180_e1858422_b71766_c20250902202640005000_oeac_ops.dspace_rad,,eez_v11.shp,WPP_BFAR_merge.shp,vbd_mpa_r20170830.shp,VNF-VBD_npp_20120301-20151231_global_asia-enhanced_c201607211230.bitmask,vbd_landsea_r20220824.mask,timezone.shp,VBD_platforms-recurring_2015_r20170330.shp,0.163823,VBD_bridges_c20160811.shp,19.031017;17.326777;14.636539;9.814675;12.317140;14.119446,85.914925;100.350372;114.344078;112.922203;99.179115;85.101173,npp_d20250902_t1853018_e1854260_b71766;npp_d20250902_t1854272_e1855514_b71766;npp_d20250902_t1855526_e1857168_b71766;npp_d20250902_t1857180_e1858422_b71766,147.661,53.8772,15.6613,-79.2966,94.6691,-117.917
21,VBD_npp_d20250902_t1858419_x1010593E_y120341N_l0765_s2308_v23,2025-09-02 21:27:26,12.034081,101.059273,12.1194,2025-09-02 18:58:41,2025-09-03 01:58:41,765,2308,0.348785,1,2401,0.528026,0.055,0.829042,0.4,0.877984,0.75,2.99936e-06,0.0001,3.25515e-22,999999,2.514595e-02,3,Thailand Exclusive Economic Zone,,,SVDNB_npp_d20250902_t1857180_e1858422_b71766_c20250902202632056000_oeac_ops.h5,GDNBO_npp_d20250902_t1857180_e1858422_b71766_c20250902202413845000_oeac_ops.h5,SVI04_npp_d20250902_t1857180_e1858422_b71766_c20250902202640005000_oeac_ops.dspace_rad,,eez_v11.shp,WPP_BFAR_merge.shp,vbd_mpa_r20170830.shp,VNF-VBD_npp_20120301-20151231_global_asia-enhanced_c201607211230.bitmask,vbd_landsea_r20220824.mask,timezone.shp,VBD_platforms-recurring_2015_r20170330.shp,999999,VBD_bridges_c20160811.shp,19.031017;17.326777;14.636539;9.814675;12.317140;14.119446,85.914925;100.350372;114.344078;112.922203;99.179115;85.101173,npp_d20250902_t1853018_e1854260_b71766;npp_d20250902_t1854272_e1855514_b71766;npp_d20250902_t1855526_e1857168_b71766;npp_d20250902_t1857180_e1858422_b71766,147.652,53.8789,15.7151,-79.5081,94.6785,-117.915
22,VBD_npp_d20250902_t1858401_x1010895E_y121305N_l0750_s2309_v23,2025-09-02 21:27:26,12.130486,101.089546,1.51609,2025-09-02 18:58:40,2025-09-03 01:58:40,750,2309,0.206736,8,18689,0.0741045,0.055,0.290623,0.4,0.525641,0.75,2.98398e-06,0.0001,2.76596e-22,999999,5.848464e-02,3,Thailand Exclusive Economic Zone,,,SVDNB_npp_d20250902_t1857180_e1858422_b71766_c20250902202632056000_oeac_ops.h5,GDNBO_npp_d20250902_t1857180_e1858422_b71766_c20250902202413845000_oeac_ops.h5,SVI04_npp_d20250902_t1857180_e1858422_b71766_c20250902202640005000_oeac_ops.dspace_rad,,eez_v11.shp,WPP_BFAR_merge.shp,vbd_mpa_r20170830.shp,VNF-VBD_npp_20120301-20151231_global_asia-enhanced_c201607211230.bitmask,vbd_landsea_r20220824.mask,timezone.shp,VBD_platforms-recurring_2015_r20170330.shp,0.266449,VBD_bridges_c20160811.shp,19.031017;17.326777;14.636539;9.814675;12.317140;14.119446,85.914925;100.350372;114.344078;112.922203;99.179115;85.101173,npp_d20250902_t1853018_e1854260_b71766;npp_d20250902_t1854272_e1855514_b71766;npp_d20250902_t1855526_e1857168_b71766;npp_d20250902_t1857180_e1858422_b71766,147.577,53.7818,15.769,-79.2895,94.7435,-117.905
23,VBD_npp_d20250902_t1858348_x1011999E_y124859N_l0695_s2313_v23,2025-09-02 21:27:26,12.485870,101.199867,4.81876,2025-09-02 18:58:34,2025-09-03 01:58:34,695,2313,0.299278,8,18785,0.29579,0.055,0.66972,0.4,0.791807,0.75,2.92246e-06,0.0001,9.43363e-23,999999,3.612861e-02,3,Thailand Exclusive Economic Zone,,,SVDNB_npp_d20250902_t1857180_e1858422_b71766_c20250902202632056000_oeac_ops.h5,GDNBO_npp_d20250902_t1857180_e1858422_b71766_c20250902202413845000_oeac_ops.h5,SVI04_npp_d20250902_t1857180_e1858422_b71766_c20250902202640005000_oeac_ops.dspace_rad,,eez_v11.shp,WPP_BFAR_merge.shp,vbd_mpa_r20170830.shp,VNF-VBD_npp_20120301-20151231_global_asia-enhanced_c201607211230.bitmask,vbd_landsea_r20220824.mask,timezone.shp,VBD_platforms-recurring_2015_r20170330.shp,0.779194,VBD_bridges_c20160811.shp,19.031017;17.326777;14.636539;9.814675;12.317140;14.119446,85.914925;100.350372;114.344078;112.922203;99.179115;85.101173,npp_d20250902_t1853018_e1854260_b71766;npp_d20250902_t1854272_e1855514_b71766;npp_d20250902_t1855526_e1857168_b71766;npp_d20250902_t1857180_e1858422_b71766,147.297,53.4327,15.988,-80.719,94.9862,-117.867
24,VBD_npp_d20250902_t1858383_x1011463E_y122573N_l0730_s2313_v23,2025-09-02 21:27:26,12.257272,101.146301,1.40456,2025-09-02 18:58:38,2025-09-03 01:58:38,730,2313,0.218757,2,2337,0.07751,0.055,0.473747,0.4,0.584958,0.75,2.92246e-06,0.0001,1.37008e-22,999999,-3.430609e-01,3,Thailand Exclusive Economic Zone,,,SVDNB_npp_d20250902_t1857180_e1858422_b71766_c20250902202632056000_oeac_ops.h5,GDNBO_npp_d20250902_t1857180_e1858422_b71766_c20250902202413845000_oeac_ops.h5,SVI04_npp_d20250902_t1857180_e1858422_b71766_c20250902202640005000_oeac_ops.dspace_rad,,eez_v11.shp,WPP_BFAR_merge.shp,vbd_mpa_r20170830.shp,VNF-VBD_npp_20120301-20151231_global_asia-enhanced_c201607211230.bitmask,vbd_landsea_r20220824.mask,timezone.shp,VBD_platforms-recurring_2015_r20170330.shp,999999,VBD_bridges_c20160811.shp,19.031017;17.326777;14.636539;9.814675;12.317140;14.119446,85.914925;100.350372;114.344078;112.922203;99.179115;85.101173,npp_d20250902_t1853018_e1854260_b71766;npp_d20250902_t1854272_e1855514_b71766;npp_d20250902_t1855526_e1857168_b71766;npp_d20250902_t1857180_e1858422_b71766,147.463,53.6765,15.986,-80.1216,94.8456,-117.889
25,VBD_npp_d20250902_t1858383_x1011997E_y122828N_l0725_s2320_v23,2025-09-02 21:27:26,12.282834,101.199699,1.86557,2025-09-02 18:58:38,2025-09-03 01:58:38,725,2320,0.336123,8,18721,0.12918,0.055,0.545178,0.4,0.726423,0.75,2.8148e-06,0.0001,5.27781e-23,999999,-6.336705e-03,3,Thailand Exclusive Economic Zone,,,SVDNB_npp_d20250902_t1857180_e1858422_b71766_c20250902202632056000_oeac_ops.h5,GDNBO_npp_d20250902_t1857180_e1858422_b71766_c20250902202413845000_oeac_ops.h5,SVI04_npp_d20250902_t1857180_e1858422_b71766_c20250902202640005000_oeac_ops.dspace_rad,,eez_v11.shp,WPP_BFAR_merge.shp,vbd_mpa_r20170830.shp,VNF-VBD_npp_20120301-20151231_global_asia-enhanced_c201607211230.bitmask,vbd_landsea_r20220824.mask,timezone.shp,VBD_platforms-recurring_2015_r20170330.shp,0.997238,VBD_bridges_c20160811.shp,19.031017;17.326777;14.636539;9.814675;12.317140;14.119446,85.914925;100.350372;114.344078;112.922203;99.179115;85.101173,npp_d20250902_t1853018_e1854260_b71766;npp_d20250902_t1854272_e1855514_b71766;npp_d20250902_t1855526_e1857168_b71766;npp_d20250902_t1857180_e1858422_b71766,147.406,53.704,16.371,-81.1237,94.9035,-117.878
26,VBD_npp_d20250902_t1858383_x1011906E_y122293N_l0733_s2320_v23,2025-09-02 21:27:26,12.229313,101.190552,3.2442,2025-09-02 18:58:38,2025-09-03 01:58:38,733,2320,0.381149,8,18785,0.240444,0.055,0.683274,0.4,0.852719,0.75,2.8148e-06,0.0001,7.65117e-23,999999,5.597233e-02,3,Thailand Exclusive Economic Zone,,,SVDNB_npp_d20250902_t1857180_e1858422_b71766_c20250902202632056000_oeac_ops.h5,GDNBO_npp_d20250902_t1857180_e1858422_b71766_c20250902202413845000_oeac_ops.h5,SVI04_npp_d20250902_t1857180_e1858422_b71766_c20250902202640005000_oeac_ops.dspace_rad,,eez_v11.shp,WPP_BFAR_merge.shp,vbd_mpa_r20170830.shp,VNF-VBD_npp_20120301-20151231_global_asia-enhanced_c201607211230.bitmask,vbd_landsea_r20220824.mask,timezone.shp,VBD_platforms-recurring_2015_r20170330.shp,0.574199,VBD_bridges_c20160811.shp,19.031017;17.326777;14.636539;9.814675;12.317140;14.119446,85.914925;100.350372;114.344078;112.922203;99.179115;85.101173,npp_d20250902_t1853018_e1854260_b71766;npp_d20250902_t1854272_e1855514_b71766;npp_d20250902_t1855526_e1857168_b71766;npp_d20250902_t1857180_e1858422_b71766,147.445,53.7613,16.3721,-79.5218,94.8707,-117.882
27,VBD_npp_d20250902_t1858401_x1012693E_y121558N_l0742_s2334_v23,2025-09-02 21:27:26,12.155787,101.269341,1.74136,2025-09-02 18:58:40,2025-09-03 01:58:40,742,2334,0.397865,2,2337,0.127206,0.055,0.511183,0.4,0.7234,0.75,2.59948e-06,0.0001,1.41327e-23,999999,1.232490e-01,3,Thailand Exclusive Economic Zone,,,SVDNB_npp_d20250902_t1857180_e1858422_b71766_c20250902202632056000_oeac_ops.h5,GDNBO_npp_d20250902_t1857180_e1858422_b71766_c20250902202413845000_oeac_ops.h5,SVI04_npp_d20250902_t1857180_e1858422_b71766_c20250902202640005000_oeac_ops.dspace_rad,,eez_v11.shp,WPP_BFAR_merge.shp,vbd_mpa_r20170830.shp,VNF-VBD_npp_20120301-20151231_global_asia-enhanced_c201607211230.bitmask,vbd_landsea_r20220824.mask,timezone.shp,VBD_platforms-recurring_2015_r20170330.shp,999999,VBD_bridges_c20160811.shp,19.031017;17.326777;14.636539;9.814675;12.317140;14.119446,85.914925;100.350372;114.344078;112.922203;99.179115;85.101173,npp_d20250902_t1853018_e1854260_b71766;npp_d20250902_t1854272_e1855514_b71766;npp_d20250902_t1855526_e1857168_b71766;npp_d20250902_t1857180_e1858422_b71766,147.42,53.9503,17.1389,-80.8892,94.9105,-117.872
28,VBD_npp_d20250902_t1858348_x1013425E_y124140N_l0702_s2335_v23,2025-09-02 21:27:26,12.414008,101.342453,2.54609,2025-09-02 18:58:34,2025-09-03 01:58:34,702,2335,0.276018,2,2337,0.172175,0.055,0.540779,0.4,0.720123,0.75,2.5841e-06,0.0001,1.2742e-23,999999,-3.195192e-01,3,Thailand Exclusive Economic Zone,,,SVDNB_npp_d20250902_t1857180_e1858422_b71766_c20250902202632056000_oeac_ops.h5,GDNBO_npp_d20250902_t1857180_e1858422_b71766_c20250902202413845000_oeac_ops.h5,SVI04_npp_d20250902_t1857180_e1858422_b71766_c20250902202640005000_oeac_ops.dspace_rad,,eez_v11.shp,WPP_BFAR_merge.shp,vbd_mpa_r20170830.shp,VNF-VBD_npp_20120301-20151231_global_asia-enhanced_c201607211230.bitmask,vbd_landsea_r20220824.mask,timezone.shp,VBD_platforms-recurring_2015_r20170330.shp,999999,VBD_bridges_c20160811.shp,19.031017;17.326777;14.636539;9.814675;12.317140;14.119446,85.914925;100.350372;114.344078;112.922203;99.179115;85.101173,npp_d20250902_t1853018_e1854260_b71766;npp_d20250902_t1854272_e1855514_b71766;npp_d20250902_t1855526_e1857168_b71766;npp_d20250902_t1857180_e1858422_b71766,147.227,53.6819,17.199,-79.3416,95.0756,-117.846
29,VBD_npp_d20250902_t1858383_x1013140E_y122917N_l0721_s2336_v23,2025-09-02 21:27:26,12.291664,101.313988,3.34297,2025-09-02 18:58:38,2025-09-03 01:58:38,721,2336,0.389543,8,18785,0.263226,0.055,0.758563,0.4,0.879734,0.75,2.56872e-06,0.0001,7.8827e-24,999999,2.988675e-02,3,Thailand Exclusive Economic Zone,,,SVDNB_npp_d20250902_t1857180_e1858422_b71766_c20250902202632056000_oeac_ops.h5,GDNBO_npp_d20250902_t1857180_e1858422_b71766_c20250902202413845000_oeac_ops.h5,SVI04_npp_d20250902_t1857180_e1858422_b71766_c20250902202640005000_oeac_ops.dspace_rad,,eez_v11.shp,WPP_BFAR_merge.shp,vbd_mpa_r20170830.shp,VNF-VBD_npp_20120301-20151231_global_asia-enhanced_c201607211230.bitmask,vbd_landsea_r20220824.mask,timezone.shp,VBD_platforms-recurring_2015_r20170330.shp,0.161626,VBD_bridges_c20160811.shp,19.031017;17.326777;14.636539;9.814675;12.317140;14.119446,85.914925;100.350372;114.344078;112.922203;99.179115;85.101173,npp_d20250902_t1853018_e1854260_b71766;npp_d20250902_t1854272_e1855514_b71766;npp_d20250902_t1855526_e1857168_b71766;npp_d20250902_t1857180_e1858422_b71766,147.31,53.8202,17.2538,-81.8354,95.0063,-117.856
30,VBD_npp_d20250902_t1858348_x1013861E_y124205N_l0700_s2341_v23,2025-09-02 21:27:26,12.420545,101.386116,1.7503,2025-09-02 18:58:34,2025-09-03 01:58:34,700,2341,0.288964,8,18721,0.105063,0.055,0.520525,0.4,0.617003,0.75,2.49182e-06,0.0001,5.99093e-24,999999,-4.866614e-01,3,Thailand Exclusive Economic Zone,,,SVDNB_npp_d20250902_t1857180_e1858422_b71766_c20250902202632056000_oeac_ops.h5,GDNBO_npp_d20250902_t1857180_e1858422_b71766_c20250902202413845000_oeac_ops.h5,SVI04_npp_d20250902_t1857180_e1858422_b71766_c20250902202640005000_oeac_ops.dspace_rad,,eez_v11.shp,WPP_BFAR_merge.shp,vbd_mpa_r20170830.shp,VNF-VBD_npp_20120301-20151231_global_asia-enhanced_c201607211230.bitmask,vbd_landsea_r20220824.mask,timezone.shp,VBD_platforms-recurring_2015_r20170330.shp,0.741151,VBD_bridges_c20160811.shp,19.031017;17.326777;14.636539;9.814675;12.317140;14.119446,85.914925;100.350372;114.344078;112.922203;99.179115;85.101173,npp_d20250902_t1853018_e1854260_b71766;npp_d20250902_t1854272_e1855514_b71766;npp_d20250902_t1855526_e1857168_b71766;npp_d20250902_t1857180_e1858422_b71766,147.189,53.7223,17.5271,-79.7296,95.1163,-117.838
31,VBD_npp_d20250902_t1858366_x1013840E_y122845N_l0720_s2345_v23,2025-09-02 21:27:26,12.284483,101.384048,7.07478,2025-09-02 18:58:36,2025-09-03 01:58:36,720,2345,0.36735,1,2401,0.457316,0.055,0.84398,0.4,0.930785,0.75,2.4303e-06,0.0001,5.24353e-24,999999,7.933647e-02,3,Thailand Exclusive Economic Zone,,,SVDNB_npp_d20250902_t1857180_e1858422_b71766_c20250902202632056000_oeac_ops.h5,GDNBO_npp_d20250902_t1857180_e1858422_b71766_c20250902202413845000_oeac_ops.h5,SVI04_npp_d20250902_t1857180_e1858422_b71766_c20250902202640005000_oeac_ops.dspace_rad,,eez_v11.shp,WPP_BFAR_merge.shp,vbd_mpa_r20170830.shp,VNF-VBD_npp_20120301-20151231_global_asia-enhanced_c201607211230.bitmask,vbd_landsea_r20220824.mask,timezone.shp,VBD_platforms-recurring_2015_r20170330.shp,999999,VBD_bridges_c20160811.shp,19.031017;17.326777;14.636539;9.814675;12.317140;14.119446,85.914925;100.350372;114.344078;112.922203;99.179115;85.101173,npp_d20250902_t1853018_e1854260_b71766;npp_d20250902_t1854272_e1855514_b71766;npp_d20250902_t1855526_e1857168_b71766;npp_d20250902_t1857180_e1858422_b71766,147.265,53.8989,17.7517,-78.9951,95.0573,-117.845
32,VBD_npp_d20250902_t1858383_x1013669E_y122276N_l0729_s2345_v23,2025-09-02 21:27:26,12.227636,101.366867,2.25249,2025-09-02 18:58:38,2025-09-03 01:58:38,729,2345,0.383425,8,18785,0.176405,0.055,0.747593,0.4,0.803876,0.75,2.4303e-06,0.0001,4.28155e-24,999999,-1.476744e-01,3,Thailand Exclusive Economic Zone,,,SVDNB_npp_d20250902_t1857180_e1858422_b71766_c20250902202632056000_oeac_ops.h5,GDNBO_npp_d20250902_t1857180_e1858422_b71766_c20250902202413845000_oeac_ops.h5,SVI04_npp_d20250902_t1857180_e1858422_b71766_c20250902202640005000_oeac_ops.dspace_rad,,eez_v11.shp,WPP_BFAR_merge.shp,vbd_mpa_r20170830.shp,VNF-VBD_npp_20120301-20151231_global_asia-enhanced_c201607211230.bitmask,vbd_landsea_r20220824.mask,timezone.shp,VBD_platforms-recurring_2015_r20170330.shp,0.504142,VBD_bridges_c20160811.shp,19.031017;17.326777;14.636539;9.814675;12.317140;14.119446,85.914925;100.350372;114.344078;112.922203;99.179115;85.101173,npp_d20250902_t1853018_e1854260_b71766;npp_d20250902_t1854272_e1855514_b71766;npp_d20250902_t1855526_e1857168_b71766;npp_d20250902_t1857180_e1858422_b71766,147.306,53.9595,17.7437,-80.3068,95.022,-117.851
33,VBD_npp_d20250902_t1858348_x1014299E_y124271N_l0698_s2347_v23,2025-09-02 21:27:26,12.427092,101.429939,1.59937,2025-09-02 18:58:34,2025-09-03 01:58:34,698,2347,0.320332,2,2337,0.088981,0.055,0.603733,0.4,0.548562,0.75,2.39953e-06,0.0001,2.77733e-24,999999,-4.591249e-01,3,Thailand Exclusive Economic Zone,,,SVDNB_npp_d20250902_t1857180_e1858422_b71766_c20250902202632056000_oeac_ops.h5,GDNBO_npp_d20250902_t1857180_e1858422_b71766_c20250902202413845000_oeac_ops.h5,SVI04_npp_d20250902_t1857180_e1858422_b71766_c20250902202640005000_oeac_ops.dspace_rad,,eez_v11.shp,WPP_BFAR_merge.shp,vbd_mpa_r20170830.shp,VNF-VBD_npp_20120301-20151231_global_asia-enhanced_c201607211230.bitmask,vbd_landsea_r20220824.mask,timezone.shp,VBD_platforms-recurring_2015_r20170330.shp,999999,VBD_bridges_c20160811.shp,19.031017;17.326777;14.636539;9.814675;12.317140;14.119446,85.914925;100.350372;114.344078;112.922203;99.179115;85.101173,npp_d20250902_t1853018_e1854260_b71766;npp_d20250902_t1854272_e1855514_b71766;npp_d20250902_t1855526_e1857168_b71766;npp_d20250902_t1857180_e1858422_b71766,147.151,53.7628,17.8561,-80.1034,95.1571,-117.829
34,VBD_npp_d20250902_t1858366_x1014107E_y123562N_l0709_s2347_v23,2025-09-02 21:27:26,12.356245,101.410690,2.85189,2025-09-02 18:58:36,2025-09-03 01:58:36,709,2347,0.27303,2,2337,0.163917,0.055,0.540067,0.4,0.666278,0.75,2.39953e-06,0.0001,2.47538e-24,999999,-4.702496e-01,3,Thailand Exclusive Economic Zone,,,SVDNB_npp_d20250902_t1857180_e1858422_b71766_c20250902202632056000_oeac_ops.h5,GDNBO_npp_d20250902_t1857180_e1858422_b71766_c20250902202413845000_oeac_ops.h5,SVI04_npp_d20250902_t1857180_e1858422_b71766_c20250902202640005000_oeac_ops.dspace_rad,,eez_v11.shp,WPP_BFAR_merge.shp,vbd_mpa_r20170830.shp,VNF-VBD_npp_20120301-20151231_global_asia-enhanced_c201607211230.bitmask,vbd_landsea_r20220824.mask,timezone.shp,VBD_platforms-recurring_2015_r20170330.shp,999999,VBD_bridges_c20160811.shp,19.031017;17.326777;14.636539;9.814675;12.317140;14.119446,85.914925;100.350372;114.344078;112.922203;99.179115;85.101173,npp_d20250902_t1853018_e1854260_b71766;npp_d20250902_t1854272_e1855514_b71766;npp_d20250902_t1855526_e1857168_b71766;npp_d20250902_t1857180_e1858422_b71766,147.202,53.8383,17.8573,-81.0256,95.1136,-117.836
35,VBD_npp_d20250902_t1858401_x1013636E_y120848N_l0750_s2349_v23,2025-09-02 21:27:26,12.084786,101.363640,2.15035,2025-09-02 18:58:40,2025-09-03 01:58:40,750,2349,0.379442,8,18785,0.170073,0.055,0.596116,0.4,0.826064,0.75,2.36877e-06,0.0001,3.93757e-24,999999,3.077933e-02,3,Thailand Exclusive Economic Zone,,,SVDNB_npp_d20250902_t1857180_e1858422_b71766_c20250902202632056000_oeac_ops.h5,GDNBO_npp_d20250902_t1857180_e1858422_b71766_c20250902202413845000_oeac_ops.h5,SVI04_npp_d20250902_t1857180_e1858422_b71766_c20250902202640005000_oeac_ops.dspace_rad,,eez_v11.shp,WPP_BFAR_merge.shp,vbd_mpa_r20170830.shp,VNF-VBD_npp_20120301-20151231_global_asia-enhanced_c201607211230.bitmask,vbd_landsea_r20220824.mask,timezone.shp,VBD_platforms-recurring_2015_r20170330.shp,0.203654,VBD_bridges_c20160811.shp,19.031017;17.326777;14.636539;9.814675;12.317140;14.119446,85.914925;100.350372;114.344078;112.922203;99.179115;85.101173,npp_d20250902_t1853018_e1854260_b71766;npp_d20250902_t1854272_e1855514_b71766;npp_d20250902_t1855526_e1857168_b71766;npp_d20250902_t1857180_e1858422_b71766,147.387,54.1446,17.966,-79.3901,94.9588,-117.859
36,VBD_npp_d20250902_t1858401_x1013925E_y121701N_l0737_s2351_v23,2025-09-02 21:27:26,12.170135,101.392540,4.21762,2025-09-02 18:58:40,2025-09-03 01:58:40,737,2351,0.378091,1,2401,0.312655,0.055,0.846576,0.4,0.877637,0.75,2.33801e-06,0.0001,1.67515e-24,999999,5.946471e-02,3,Thailand Exclusive Economic Zone,,,SVDNB_npp_d20250902_t1857180_e1858422_b71766_c20250902202632056000_oeac_ops.h5,GDNBO_npp_d20250902_t1857180_e1858422_b71766_c20250902202413845000_oeac_ops.h5,SVI04_npp_d20250902_t1857180_e1858422_b71766_c20250902202640005000_oeac_ops.dspace_rad,,eez_v11.shp,WPP_BFAR_merge.shp,vbd_mpa_r20170830.shp,VNF-VBD_npp_20120301-20151231_global_asia-enhanced_c201607211230.bitmask,vbd_landsea_r20220824.mask,timezone.shp,VBD_platforms-recurring_2015_r20170330.shp,999999,VBD_bridges_c20160811.shp,19.031017;17.326777;14.636539;9.814675;12.317140;14.119446,85.914925;100.350372;114.344078;112.922203;99.179115;85.101173,npp_d20250902_t1853018_e1854260_b71766;npp_d20250902_t1854272_e1855514_b71766;npp_d20250902_t1855526_e1857168_b71766;npp_d20250902_t1857180_e1858422_b71766,147.314,54.0686,18.0779,-81.7585,95.0235,-117.849
37,VBD_npp_d20250902_t1858383_x1014096E_y121859N_l0734_s2352_v23,2025-09-02 21:27:26,12.185854,101.409599,5.70926,2025-09-02 18:58:38,2025-09-03 01:58:38,734,2352,0.380225,1,2401,0.396922,0.055,0.835509,0.4,0.909345,0.75,2.32263e-06,0.0001,2.46273e-24,999999,-9.490591e-02,3,Thailand Exclusive Economic Zone,,,SVDNB_npp_d20250902_t1857180_e1858422_b71766_c20250902202632056000_oeac_ops.h5,GDNBO_npp_d20250902_t1857180_e1858422_b71766_c20250902202413845000_oeac_ops.h5,SVI04_npp_d20250902_t1857180_e1858422_b71766_c20250902202640005000_oeac_ops.dspace_rad,,eez_v11.shp,WPP_BFAR_merge.shp,vbd_mpa_r20170830.shp,VNF-VBD_npp_20120301-20151231_global_asia-enhanced_c201607211230.bitmask,vbd_landsea_r20220824.mask,timezone.shp,VBD_platforms-recurring_2015_r20170330.shp,999999,VBD_bridges_c20160811.shp,19.031017;17.326777;14.636539;9.814675;12.317140;14.119446,85.914925;100.350372;114.344078;112.922203;99.179115;85.101173,npp_d20250902_t1853018_e1854260_b71766;npp_d20250902_t1854272_e1855514_b71766;npp_d20250902_t1855526_e1857168_b71766;npp_d20250902_t1857180_e1858422_b71766,147.297,54.0594,18.1316,-79.395,95.0394,-117.846
38,VBD_npp_d20250902_t1858348_x1014809E_y124325N_l0696_s2354_v23,2025-09-02 21:27:26,12.432498,101.480865,3.54438,2025-09-02 18:58:34,2025-09-03 01:58:34,696,2354,0.345726,2,2337,0.235942,0.055,0.720011,0.4,0.748731,0.75,2.29187e-06,0.0001,1.13075e-24,999999,-2.401912e-01,3,Thailand Exclusive Economic Zone,,,SVDNB_npp_d20250902_t1857180_e1858422_b71766_c20250902202632056000_oeac_ops.h5,GDNBO_npp_d20250902_t1857180_e1858422_b71766_c20250902202413845000_oeac_ops.h5,SVI04_npp_d20250902_t1857180_e1858422_b71766_c20250902202640005000_oeac_ops.dspace_rad,,eez_v11.shp,WPP_BFAR_merge.shp,vbd_mpa_r20170830.shp,VNF-VBD_npp_20120301-20151231_global_asia-enhanced_c201607211230.bitmask,vbd_landsea_r20220824.mask,timezone.shp,VBD_platforms-recurring_2015_r20170330.shp,999999,VBD_bridges_c20160811.shp,19.031017;17.326777;14.636539;9.814675;12.317140;14.119446,85.914925;100.350372;114.344078;112.922203;99.179115;85.101173,npp_d20250902_t1853018_e1854260_b71766;npp_d20250902_t1854272_e1855514_b71766;npp_d20250902_t1855526_e1857168_b71766;npp_d20250902_t1857180_e1858422_b71766,147.107,53.8124,18.241,-80.4623,95.2036,-117.82
39,VBD_npp_d20250902_t1858348_x1014913E_y124516N_l0693_s2355_v23,2025-09-02 21:27:26,12.451593,101.491325,1.71074,2025-09-02 18:58:34,2025-09-03 01:58:34,693,2355,0.345513,2,2337,0.102859,0.055,0.773552,0.4,0.615066,0.75,2.27649e-06,0.0001,8.68813e-25,999999,1.370291e-01,3,Thailand Exclusive Economic Zone,,,SVDNB_npp_d20250902_t1857180_e1858422_b71766_c20250902202632056000_oeac_ops.h5,GDNBO_npp_d20250902_t1857180_e1858422_b71766_c20250902202413845000_oeac_ops.h5,SVI04_npp_d20250902_t1857180_e1858422_b71766_c20250902202640005000_oeac_ops.dspace_rad,,eez_v11.shp,WPP_BFAR_merge.shp,vbd_mpa_r20170830.shp,VNF-VBD_npp_20120301-20151231_global_asia-enhanced_c201607211230.bitmask,vbd_landsea_r20220824.mask,timezone.shp,VBD_platforms-recurring_2015_r20170330.shp,999999,VBD_bridges_c20160811.shp,19.031017;17.326777;14.636539;9.814675;12.317140;14.119446,85.914925;100.350372;114.344078;112.922203;99.179115;85.101173,npp_d20250902_t1853018_e1854260_b71766;npp_d20250902_t1854272_e1855514_b71766;npp_d20250902_t1855526_e1857168_b71766;npp_d20250902_t1857180_e1858422_b71766,147.088,53.8002,18.297,-81.0002,95.2215,-117.816
40,VBD_npp_d20250902_t1858348_x1014843E_y124111N_l0699_s2355_v23,2025-09-02 21:27:26,12.411091,101.484337,2.97274,2025-09-02 18:58:34,2025-09-03 01:58:34,699,2355,0.324671,2,2337,0.151159,0.055,0.775055,0.4,0.627739,0.75,2.27649e-06,0.0001,1.16503e-24,999999,-1.722930e-01,3,Thailand Exclusive Economic Zone,,,SVDNB_npp_d20250902_t1857180_e1858422_b71766_c20250902202632056000_oeac_ops.h5,GDNBO_npp_d20250902_t1857180_e1858422_b71766_c20250902202413845000_oeac_ops.h5,SVI04_npp_d20250902_t1857180_e1858422_b71766_c20250902202640005000_oeac_ops.dspace_rad,,eez_v11.shp,WPP_BFAR_merge.shp,vbd_mpa_r20170830.shp,VNF-VBD_npp_20120301-20151231_global_asia-enhanced_c201607211230.bitmask,vbd_landsea_r20220824.mask,timezone.shp,VBD_platforms-recurring_2015_r20170330.shp,999999,VBD_bridges_c20160811.shp,19.031017;17.326777;14.636539;9.814675;12.317140;14.119446,85.914925;100.350372;114.344078;112.922203;99.179115;85.101173,npp_d20250902_t1853018_e1854260_b71766;npp_d20250902_t1854272_e1855514_b71766;npp_d20250902_t1855526_e1857168_b71766;npp_d20250902_t1857180_e1858422_b71766,147.117,53.843,18.2966,-79.9219,95.1966,-117.82
41,VBD_npp_d20250902_t1858348_x1014936E_y123817N_l0703_s2357_v23,2025-09-02 21:27:26,12.381747,101.493629,3.93091,2025-09-02 18:58:34,2025-09-03 01:58:34,703,2357,0.373467,1,2401,0.272003,0.055,0.729123,0.4,0.823232,0.75,2.24573e-06,0.0001,1.11924e-24,999999,-2.300932e-01,3,Thailand Exclusive Economic Zone,,,SVDNB_npp_d20250902_t1857180_e1858422_b71766_c20250902202632056000_oeac_ops.h5,GDNBO_npp_d20250902_t1857180_e1858422_b71766_c20250902202413845000_oeac_ops.h5,SVI04_npp_d20250902_t1857180_e1858422_b71766_c20250902202640005000_oeac_ops.dspace_rad,,eez_v11.shp,WPP_BFAR_merge.shp,vbd_mpa_r20170830.shp,VNF-VBD_npp_20120301-20151231_global_asia-enhanced_c201607211230.bitmask,vbd_landsea_r20220824.mask,timezone.shp,VBD_platforms-recurring_2015_r20170330.shp,999999,VBD_bridges_c20160811.shp,19.031017;17.326777;14.636539;9.814675;12.317140;14.119446,85.914925;100.350372;114.344078;112.922203;99.179115;85.101173,npp_d20250902_t1853018_e1854260_b71766;npp_d20250902_t1854272_e1855514_b71766;npp_d20250902_t1855526_e1857168_b71766;npp_d20250902_t1857180_e1858422_b71766,147.127,53.8899,18.4099,-79.2077,95.1909,-117.821
42,VBD_npp_d20250902_t1858383_x1014432E_y121733N_l0735_s2357_v23,2025-09-02 21:27:26,12.173275,101.443199,1.96612,2025-09-02 18:58:38,2025-09-03 01:58:38,735,2357,0.374605,8,18785,0.153959,0.055,0.809523,0.4,0.786667,0.75,2.24573e-06,0.0001,1.45415e-24,999999,1.556981e-01,3,Thailand Exclusive Economic Zone,,,SVDNB_npp_d20250902_t1857180_e1858422_b71766_c20250902202632056000_oeac_ops.h5,GDNBO_npp_d20250902_t1857180_e1858422_b71766_c20250902202413845000_oeac_ops.h5,SVI04_npp_d20250902_t1857180_e1858422_b71766_c20250902202640005000_oeac_ops.dspace_rad,,eez_v11.shp,WPP_BFAR_merge.shp,vbd_mpa_r20170830.shp,VNF-VBD_npp_20120301-20151231_global_asia-enhanced_c201607211230.bitmask,vbd_landsea_r20220824.mask,timezone.shp,VBD_platforms-recurring_2015_r20170330.shp,0.676359,VBD_bridges_c20160811.shp,19.031017;17.326777;14.636539;9.814675;12.317140;14.119446,85.914925;100.350372;114.344078;112.922203;99.179115;85.101173,npp_d20250902_t1853018_e1854260_b71766;npp_d20250902_t1854272_e1855514_b71766;npp_d20250902_t1855526_e1857168_b71766;npp_d20250902_t1857180_e1858422_b71766,147.278,54.1124,18.4078,-79.2256,95.0626,-117.841
43,VBD_npp_d20250902_t1858348_x1015076E_y124211N_l0697_s2358_v23,2025-09-02 21:27:26,12.421114,101.507584,3.37178,2025-09-02 18:58:34,2025-09-03 01:58:34,697,2358,0.360237,8,18785,0.232015,0.055,0.78793,0.4,0.796339,0.75,2.23035e-06,0.0001,7.45124e-25,999999,-2.282408e-01,3,Thailand Exclusive Economic Zone,,,SVDNB_npp_d20250902_t1857180_e1858422_b71766_c20250902202632056000_oeac_ops.h5,GDNBO_npp_d20250902_t1857180_e1858422_b71766_c20250902202413845000_oeac_ops.h5,SVI04_npp_d20250902_t1857180_e1858422_b71766_c20250902202640005000_oeac_ops.dspace_rad,,eez_v11.shp,WPP_BFAR_merge.shp,vbd_mpa_r20170830.shp,VNF-VBD_npp_20120301-20151231_global_asia-enhanced_c201607211230.bitmask,vbd_landsea_r20220824.mask,timezone.shp,VBD_platforms-recurring_2015_r20170330.shp,0.986854,VBD_bridges_c20160811.shp,19.031017;17.326777;14.636539;9.814675;12.317140;14.119446,85.914925;100.350372;114.344078;112.922203;99.179115;85.101173,npp_d20250902_t1853018_e1854260_b71766;npp_d20250902_t1854272_e1855514_b71766;npp_d20250902_t1855526_e1857168_b71766;npp_d20250902_t1857180_e1858422_b71766,147.093,53.8562,18.4612,-80.279,95.2213,-117.816
44,VBD_npp_d20250902_t1858348_x1015239E_y124323N_l0695_s2360_v23,2025-09-02 21:27:26,12.432310,101.523865,2.3288,2025-09-02 18:58:34,2025-09-03 01:58:34,695,2360,0.362869,2,2337,0.166171,0.055,0.81334,0.4,0.732153,0.75,2.19959e-06,0.0001,5.33861e-25,999999,-1.421060e-01,3,Thailand Exclusive Economic Zone,,,SVDNB_npp_d20250902_t1857180_e1858422_b71766_c20250902202632056000_oeac_ops.h5,GDNBO_npp_d20250902_t1857180_e1858422_b71766_c20250902202413845000_oeac_ops.h5,SVI04_npp_d20250902_t1857180_e1858422_b71766_c20250902202640005000_oeac_ops.dspace_rad,,eez_v11.shp,WPP_BFAR_merge.shp,vbd_mpa_r20170830.shp,VNF-VBD_npp_20120301-20151231_global_asia-enhanced_c201607211230.bitmask,vbd_landsea_r20220824.mask,timezone.shp,VBD_platforms-recurring_2015_r20170330.shp,999999,VBD_bridges_c20160811.shp,19.031017;17.326777;14.636539;9.814675;12.317140;14.119446,85.914925;100.350372;114.344078;112.922203;99.179115;85.101173,npp_d20250902_t1853018_e1854260_b71766;npp_d20250902_t1854272_e1855514_b71766;npp_d20250902_t1855526_e1857168_b71766;npp_d20250902_t1857180_e1858422_b71766,147.074,53.8602,18.5714,-80.6316,95.2406,-117.812
45,VBD_npp_d20250902_t1858348_x1015192E_y124053N_l0699_s2360_v23,2025-09-02 21:27:26,12.405272,101.519203,2.59116,2025-09-02 18:58:34,2025-09-03 01:58:34,699,2360,0.363651,1,2401,0.180922,0.055,0.791133,0.4,0.7891,0.75,2.19959e-06,0.0001,6.4956e-25,999999,-2.671947e-01,3,Thailand Exclusive Economic Zone,,,SVDNB_npp_d20250902_t1857180_e1858422_b71766_c20250902202632056000_oeac_ops.h5,GDNBO_npp_d20250902_t1857180_e1858422_b71766_c20250902202413845000_oeac_ops.h5,SVI04_npp_d20250902_t1857180_e1858422_b71766_c20250902202640005000_oeac_ops.dspace_rad,,eez_v11.shp,WPP_BFAR_merge.shp,vbd_mpa_r20170830.shp,VNF-VBD_npp_20120301-20151231_global_asia-enhanced_c201607211230.bitmask,vbd_landsea_r20220824.mask,timezone.shp,VBD_platforms-recurring_2015_r20170330.shp,999999,VBD_bridges_c20160811.shp,19.031017;17.326777;14.636539;9.814675;12.317140;14.119446,85.914925;100.350372;114.344078;112.922203;99.179115;85.101173,npp_d20250902_t1853018_e1854260_b71766;npp_d20250902_t1854272_e1855514_b71766;npp_d20250902_t1855526_e1857168_b71766;npp_d20250902_t1857180_e1858422_b71766,147.093,53.8888,18.5719,-79.9231,95.224,-117.815
46,VBD_npp_d20250902_t1858330_x1015662E_y124709N_l0688_s2364_v23,2025-09-02 21:27:26,12.470887,101.566162,4.92428,2025-09-02 18:58:33,2025-09-03 01:58:33,688,2364,0.333278,1,2401,0.331469,0.055,0.829831,0.4,0.87309,0.75,2.13807e-06,0.0001,4.545e-25,999999,6.237708e-02,3,Thailand Exclusive Economic Zone,,,SVDNB_npp_d20250902_t1857180_e1858422_b71766_c20250902202632056000_oeac_ops.h5,GDNBO_npp_d20250902_t1857180_e1858422_b71766_c20250902202413845000_oeac_ops.h5,SVI04_npp_d20250902_t1857180_e1858422_b71766_c20250902202640005000_oeac_ops.dspace_rad,,eez_v11.shp,WPP_BFAR_merge.shp,vbd_mpa_r20170830.shp,VNF-VBD_npp_20120301-20151231_global_asia-enhanced_c201607211230.bitmask,vbd_landsea_r20220824.mask,timezone.shp,VBD_platforms-recurring_2015_r20170330.shp,999999,VBD_bridges_c20160811.shp,19.031017;17.326777;14.636539;9.814675;12.317140;14.119446,85.914925;100.350372;114.344078;112.922203;99.179115;85.101173,npp_d20250902_t1853018_e1854260_b71766;npp_d20250902_t1854272_e1855514_b71766;npp_d20250902_t1855526_e1857168_b71766;npp_d20250902_t1857180_e1858422_b71766,147.023,53.8507,18.7944,-79.0345,95.2889,-117.803
47,VBD_npp_d20250902_t1858348_x1015553E_y124480N_l0692_s2364_v23,2025-09-02 21:27:26,12.447972,101.555328,4.96911,2025-09-02 18:58:34,2025-09-03 01:58:34,692,2364,0.366567,1,2401,0.338843,0.055,0.834378,0.4,0.864897,0.75,2.13807e-06,0.0001,2.85888e-25,999999,-1.915227e-01,3,Thailand Exclusive Economic Zone,,,SVDNB_npp_d20250902_t1857180_e1858422_b71766_c20250902202632056000_oeac_ops.h5,GDNBO_npp_d20250902_t1857180_e1858422_b71766_c20250902202413845000_oeac_ops.h5,SVI04_npp_d20250902_t1857180_e1858422_b71766_c20250902202640005000_oeac_ops.dspace_rad,,eez_v11.shp,WPP_BFAR_merge.shp,vbd_mpa_r20170830.shp,VNF-VBD_npp_20120301-20151231_global_asia-enhanced_c201607211230.bitmask,vbd_landsea_r20220824.mask,timezone.shp,VBD_platforms-recurring_2015_r20170330.shp,999999,VBD_bridges_c20160811.shp,19.031017;17.326777;14.636539;9.814675;12.317140;14.119446,85.914925;100.350372;114.344078;112.922203;99.179115;85.101173,npp_d20250902_t1853018_e1854260_b71766;npp_d20250902_t1854272_e1855514_b71766;npp_d20250902_t1855526_e1857168_b71766;npp_d20250902_t1857180_e1858422_b71766,147.04,53.8754,18.7931,-81.1498,95.275,-117.805
48,VBD_npp_d20250902_t1858348_x1015658E_y124671N_l0689_s2365_v23,2025-09-02 21:27:26,12.467121,101.565842,10.2819,2025-09-02 18:58:34,2025-09-03 01:58:34,689,2365,0.340747,1,2401,0.540504,0.055,0.829831,0.4,0.930523,0.75,2.12269e-06,0.0001,2.17918e-25,999999,3.134366e-02,3,Thailand Exclusive Economic Zone,,,SVDNB_npp_d20250902_t1857180_e1858422_b71766_c20250902202632056000_oeac_ops.h5,GDNBO_npp_d20250902_t1857180_e1858422_b71766_c20250902202413845000_oeac_ops.h5,SVI04_npp_d20250902_t1857180_e1858422_b71766_c20250902202640005000_oeac_ops.dspace_rad,,eez_v11.shp,WPP_BFAR_merge.shp,vbd_mpa_r20170830.shp,VNF-VBD_npp_20120301-20151231_global_asia-enhanced_c201607211230.bitmask,vbd_landsea_r20220824.mask,timezone.shp,VBD_platforms-recurring_2015_r20170330.shp,999999,VBD_bridges_c20160811.shp,19.031017;17.326777;14.636539;9.814675;12.317140;14.119446,85.914925;100.350372;114.344078;112.922203;99.179115;85.101173,npp_d20250902_t1853018_e1854260_b71766;npp_d20250902_t1854272_e1855514_b71766;npp_d20250902_t1855526_e1857168_b71766;npp_d20250902_t1857180_e1858422_b71766,147.02,53.8632,18.8511,-81.6704,95.293,-117.802
49,VBD_npp_d20250902_t1858348_x1015577E_y124197N_l0696_s2365_v23,2025-09-02 21:27:26,12.419739,101.557663,1.44066,2025-09-02 18:58:34,2025-09-03 01:58:34,696,2365,0.384208,2,2337,0.0999212,0.055,0.803747,0.4,0.712673,0.75,2.12269e-06,0.0001,3.09652e-25,999999,1.492598e-01,3,Thailand Exclusive Economic Zone,,,SVDNB_npp_d20250902_t1857180_e1858422_b71766_c20250902202632056000_oeac_ops.h5,GDNBO_npp_d20250902_t1857180_e1858422_b71766_c20250902202413845000_oeac_ops.h5,SVI04_npp_d20250902_t1857180_e1858422_b71766_c20250902202640005000_oeac_ops.dspace_rad,,eez_v11.shp,WPP_BFAR_merge.shp,vbd_mpa_r20170830.shp,VNF-VBD_npp_20120301-20151231_global_asia-enhanced_c201607211230.bitmask,vbd_landsea_r20220824.mask,timezone.shp,VBD_platforms-recurring_2015_r20170330.shp,999999,VBD_bridges_c20160811.shp,19.031017;17.326777;14.636539;9.814675;12.317140;14.119446,85.914925;100.350372;114.344078;112.922203;99.179115;85.101173,npp_d20250902_t1853018_e1854260_b71766;npp_d20250902_t1854272_e1855514_b71766;npp_d20250902_t1855526_e1857168_b71766;npp_d20250902_t1857180_e1858422_b71766,147.054,53.9132,18.8466,-80.4479,95.2639,-117.807
50,VBD_npp_d20250902_t1858366_x1015817E_y123489N_l0706_s2371_v23,2025-09-02 21:27:26,12.348913,101.581680,2.63121,2025-09-02 18:58:36,2025-09-03 01:58:36,706,2371,0.363438,8,18785,0.204099,0.055,0.647701,0.4,0.841119,0.75,2.03041e-06,0.0001,1.26947e-25,999999,8.740262e-03,3,Thailand Exclusive Economic Zone,,,SVDNB_npp_d20250902_t1857180_e1858422_b71766_c20250902202632056000_oeac_ops.h5,GDNBO_npp_d20250902_t1857180_e1858422_b71766_c20250902202413845000_oeac_ops.h5,SVI04_npp_d20250902_t1857180_e1858422_b71766_c20250902202640005000_oeac_ops.dspace_rad,,eez_v11.shp,WPP_BFAR_merge.shp,vbd_mpa_r20170830.shp,VNF-VBD_npp_20120301-20151231_global_asia-enhanced_c201607211230.bitmask,vbd_landsea_r20220824.mask,timezone.shp,VBD_platforms-recurring_2015_r20170330.shp,0.216426,VBD_bridges_c20160811.shp,19.031017;17.326777;14.636539;9.814675;12.317140;14.119446,85.914925;100.350372;114.344078;112.922203;99.179115;85.101173,npp_d20250902_t1853018_e1854260_b71766;npp_d20250902_t1854272_e1855514_b71766;npp_d20250902_t1855526_e1857168_b71766;npp_d20250902_t1857180_e1858422_b71766,147.071,54.0362,19.1809,-81.4732,95.2578,-117.806
51,VBD_npp_d20250902_t1858294_x1016988E_y126935N_l0652_s2375_v23,2025-09-02 21:27:26,12.693509,101.698807,3.27362,2025-09-02 18:58:29,2025-09-03 01:58:29,652,2375,0.186891,2,2337,0.0818063,0.055,0.469062,0.4,0.348104,0.75,1.80964e-06,0.0001,7.4405e-26,999999,-1.936548e-01,1,Thailand Exclusive Economic Zone,,,SVDNB_npp_d20250902_t1857180_e1858422_b71766_c20250902202632056000_oeac_ops.h5,GDNBO_npp_d20250902_t1857180_e1858422_b71766_c20250902202413845000_oeac_ops.h5,SVI04_npp_d20250902_t1857180_e1858422_b71766_c20250902202640005000_oeac_ops.dspace_rad,,eez_v11.shp,WPP_BFAR_merge.shp,vbd_mpa_r20170830.shp,VNF-VBD_npp_20120301-20151231_global_asia-enhanced_c201607211230.bitmask,vbd_landsea_r20220824.mask,timezone.shp,VBD_platforms-recurring_2015_r20170330.shp,999999,VBD_bridges_c20160811.shp,19.031017;17.326777;14.636539;9.814675;12.317140;14.119446,85.914925;100.350372;114.344078;112.922203;99.179115;85.101173,npp_d20250902_t1853018_e1854260_b71766;npp_d20250902_t1854272_e1855514_b71766;npp_d20250902_t1855526_e1857168_b71766;npp_d20250902_t1857180_e1858422_b71766,146.799,53.705,19.3989,-79.7253,95.4945,-117.766
52,VBD_npp_d20250902_t1858330_x1016505E_y124567N_l0688_s2376_v23,2025-09-02 21:27:26,12.456657,101.650452,1.74299,2025-09-02 18:58:33,2025-09-03 01:58:33,688,2376,0.326521,2,2337,0.124834,0.055,0.731118,0.4,0.655254,0.75,1.95351e-06,0.0001,1.05905e-25,999999,-1.383015e-01,3,Thailand Exclusive Economic Zone,,,SVDNB_npp_d20250902_t1857180_e1858422_b71766_c20250902202632056000_oeac_ops.h5,GDNBO_npp_d20250902_t1857180_e1858422_b71766_c20250902202413845000_oeac_ops.h5,SVI04_npp_d20250902_t1857180_e1858422_b71766_c20250902202640005000_oeac_ops.dspace_rad,,eez_v11.shp,WPP_BFAR_merge.shp,vbd_mpa_r20170830.shp,VNF-VBD_npp_20120301-20151231_global_asia-enhanced_c201607211230.bitmask,vbd_landsea_r20220824.mask,timezone.shp,VBD_platforms-recurring_2015_r20170330.shp,999999,VBD_bridges_c20160811.shp,19.031017;17.326777;14.636539;9.814675;12.317140;14.119446,85.914925;100.350372;114.344078;112.922203;99.179115;85.101173,npp_d20250902_t1853018_e1854260_b71766;npp_d20250902_t1854272_e1855514_b71766;npp_d20250902_t1855526_e1857168_b71766;npp_d20250902_t1857180_e1858422_b71766,146.965,53.9612,19.4554,-79.0646,95.3549,-117.789
53,VBD_npp_d20250902_t1858348_x1016499E_y124520N_l0689_s2377_v23,2025-09-02 21:27:26,12.452028,101.649857,4.95797,2025-09-02 18:58:34,2025-09-03 01:58:34,689,2377,0.292449,1,2401,0.331925,0.055,0.731118,0.4,0.859113,0.75,1.93813e-06,0.0001,5.07856e-26,999999,-4.467168e-02,3,Thailand Exclusive Economic Zone,,,SVDNB_npp_d20250902_t1857180_e1858422_b71766_c20250902202632056000_oeac_ops.h5,GDNBO_npp_d20250902_t1857180_e1858422_b71766_c20250902202413845000_oeac_ops.h5,SVI04_npp_d20250902_t1857180_e1858422_b71766_c20250902202640005000_oeac_ops.dspace_rad,,eez_v11.shp,WPP_BFAR_merge.shp,vbd_mpa_r20170830.shp,VNF-VBD_npp_20120301-20151231_global_asia-enhanced_c201607211230.bitmask,vbd_landsea_r20220824.mask,timezone.shp,VBD_platforms-recurring_2015_r20170330.shp,999999,VBD_bridges_c20160811.shp,19.031017;17.326777;14.636539;9.814675;12.317140;14.119446,85.914925;100.350372;114.344078;112.922203;99.179115;85.101173,npp_d20250902_t1853018_e1854260_b71766;npp_d20250902_t1854272_e1855514_b71766;npp_d20250902_t1855526_e1857168_b71766;npp_d20250902_t1857180_e1858422_b71766,146.963,53.9745,19.5107,-81.5836,95.3584,-117.788
54,VBD_npp_d20250902_t1858419_x1015390E_y119753N_l0762_s2377_v23,2025-09-02 21:27:26,11.975290,101.539001,2.65183,2025-09-02 18:58:41,2025-09-03 01:58:41,762,2377,0.102102,8,18785,0.182294,0.055,0.588976,0.4,0.753411,0.75,1.93813e-06,0.0001,1.37065e-25,999999,-1.325515e-01,3,Thailand Exclusive Economic Zone,,,SVDNB_npp_d20250902_t1857180_e1858422_b71766_c20250902202632056000_oeac_ops.h5,GDNBO_npp_d20250902_t1857180_e1858422_b71766_c20250902202413845000_oeac_ops.h5,SVI04_npp_d20250902_t1857180_e1858422_b71766_c20250902202640005000_oeac_ops.dspace_rad,,eez_v11.shp,WPP_BFAR_merge.shp,vbd_mpa_r20170830.shp,VNF-VBD_npp_20120301-20151231_global_asia-enhanced_c201607211230.bitmask,vbd_landsea_r20220824.mask,timezone.shp,VBD_platforms-recurring_2015_r20170330.shp,0.460901,VBD_bridges_c20160811.shp,19.031017;17.326777;14.636539;9.814675;12.317140;14.119446,85.914925;100.350372;114.344078;112.922203;99.179115;85.101173,npp_d20250902_t1853018_e1854260_b71766;npp_d20250902_t1854272_e1855514_b71766;npp_d20250902_t1855526_e1857168_b71766;npp_d20250902_t1857180_e1858422_b71766,147.306,54.4842,19.5061,-80.1336,95.0653,-117.834
55,VBD_npp_d20250902_t1858312_x1020262E_y125167N_l0670_s2427_v23,2025-09-02 21:27:26,12.516748,102.026184,2.45105,2025-09-02 18:58:31,2025-09-03 01:58:31,670,2427,0.148764,2,2337,0.0848704,0.055,0.457968,0.4,0.397247,0.75,1.47794e-06,0.0001,1.23778e-28,999999,3.201348e-01,1,Thailand Exclusive Economic Zone,,,SVDNB_npp_d20250902_t1857180_e1858422_b71766_c20250902202632056000_oeac_ops.h5,GDNBO_npp_d20250902_t1857180_e1858422_b71766_c20250902202413845000_oeac_ops.h5,SVI04_npp_d20250902_t1857180_e1858422_b71766_c20250902202640005000_oeac_ops.dspace_rad,,eez_v11.shp,WPP_BFAR_merge.shp,vbd_mpa_r20170830.shp,VNF-VBD_npp_20120301-20151231_global_asia-enhanced_c201607211230.bitmask,vbd_landsea_r20220824.mask,timezone.shp,VBD_platforms-recurring_2015_r20170330.shp,999999,VBD_bridges_c20160811.shp,19.031017;17.326777;14.636539;9.814675;12.317140;14.119446,85.914925;100.350372;114.344078;112.922203;99.179115;85.101173,npp_d20250902_t1853018_e1854260_b71766;npp_d20250902_t1854272_e1855514_b71766;npp_d20250902_t1855526_e1857168_b71766;npp_d20250902_t1857180_e1858422_b71766,146.639,54.2885,22.1345,-79.4706,95.7009,-117.718
56,VBD_npp_d20250902_t1858419_x1019258E_y119382N_l0758_s2433_v23,2025-09-02 21:27:26,11.938213,101.925789,1.28849,2025-09-02 18:58:41,2025-09-03 01:58:41,758,2433,0.140086,8,18689,0.0856549,0.055,0.385969,0.4,0.664991,0.75,1.44445e-06,0.0001,9.139e-29,999999,1.036601e-01,3,Thailand Exclusive Economic Zone,,,SVDNB_npp_d20250902_t1857180_e1858422_b71766_c20250902202632056000_oeac_ops.h5,GDNBO_npp_d20250902_t1857180_e1858422_b71766_c20250902202413845000_oeac_ops.h5,SVI04_npp_d20250902_t1857180_e1858422_b71766_c20250902202640005000_oeac_ops.dspace_rad,,eez_v11.shp,WPP_BFAR_merge.shp,vbd_mpa_r20170830.shp,VNF-VBD_npp_20120301-20151231_global_asia-enhanced_c201607211230.bitmask,vbd_landsea_r20220824.mask,timezone.shp,VBD_platforms-recurring_2015_r20170330.shp,0.375951,VBD_bridges_c20160811.shp,19.031017;17.326777;14.636539;9.814675;12.317140;14.119446,85.914925;100.350372;114.344078;112.922203;99.179115;85.101173,npp_d20250902_t1853018_e1854260_b71766;npp_d20250902_t1854272_e1855514_b71766;npp_d20250902_t1855526_e1857168_b71766;npp_d20250902_t1857180_e1858422_b71766,147.018,54.9499,22.4506,-80.6805,95.3823,-117.77
4,VBD_npp_d20250902_t1858526_x0976775E_y119546N_l0088_s1831_v23,2025-09-02 21:06:36,11.954641,97.677544,16.5594,2025-09-02 18:58:52,2025-09-03 01:28:52,88,1831,0.230423,1,2529,0.67193,0.108972,0.89123,0.4,0.933352,0.75,0.000147428,0.0001,3.86861e-10,999999,4.177854e-02,3,Myanmar Exclusive Economic Zone,,,SVDNB_npp_d20250902_t1858434_e1900076_b71766_c20250902202635057000_oeac_ops.h5,GDNBO_npp_d20250902_t1858434_e1900076_b71766_c20250902202419882000_oeac_ops.h5,SVI04_npp_d20250902_t1858434_e1900076_b71766_c20250902202643623000_oeac_ops.dspace_rad,,eez_v11.shp,WPP_BFAR_merge.shp,vbd_mpa_r20170830.shp,VNF-VBD_npp_20120301-20151231_global_asia-enhanced_c201607211230.bitmask,vbd_landsea_r20220824.mask,timezone.shp,VBD_platforms-recurring_2015_r20170330.shp,999999,VBD_bridges_c20160811.shp,14.122167;12.311656;9.816022;4.968679;7.298583;9.219633,85.094513;99.171051;112.915886;111.630913;98.030373;84.189926,npp_d20250902_t1858434_e1900076_b71766;npp_d20250902_t1900088_e1901330_b71766;npp_d20250902_t1901342_e1902584_b71766;npp_d20250902_t1902596_e1904238_b71766,150.271,49.9412,11.7407,98.5985,91.7656,-118.55
5,VBD_npp_d20250902_t1858526_x0976975E_y119930N_l0082_s1833_v23,2025-09-02 21:06:36,11.993035,97.697487,11.9888,2025-09-02 18:58:52,2025-09-03 01:28:52,82,1833,0.32524,1,2529,0.518957,0.108972,0.871759,0.4,0.829668,0.75,0.000142942,0.0001,2.93522e-10,999999,1.271212e-01,3,Myanmar Exclusive Economic Zone,,,SVDNB_npp_d20250902_t1858434_e1900076_b71766_c20250902202635057000_oeac_ops.h5,GDNBO_npp_d20250902_t1858434_e1900076_b71766_c20250902202419882000_oeac_ops.h5,SVI04_npp_d20250902_t1858434_e1900076_b71766_c20250902202643623000_oeac_ops.dspace_rad,,eez_v11.shp,WPP_BFAR_merge.shp,vbd_mpa_r20170830.shp,VNF-VBD_npp_20120301-20151231_global_asia-enhanced_c201607211230.bitmask,vbd_landsea_r20220824.mask,timezone.shp,VBD_platforms-recurring_2015_r20170330.shp,999999,VBD_bridges_c20160811.shp,14.122167;12.311656;9.816022;4.968679;7.298583;9.219633,85.094513;99.171051;112.915886;111.630913;98.030373;84.189926,npp_d20250902_t1858434_e1900076_b71766;npp_d20250902_t1900088_e1901330_b71766;npp_d20250902_t1901342_e1902584_b71766;npp_d20250902_t1902596_e1904238_b71766,150.232,49.9159,11.6318,100.325,91.8011,-118.545
6,VBD_npp_d20250902_t1858526_x0976954E_y119795N_l0084_s1833_v23,2025-09-02 21:06:36,11.979548,97.695366,4.4174,2025-09-02 18:58:52,2025-09-03 01:28:52,84,1833,0.211573,2,2465,0.224171,0.108972,0.893115,0.4,0.669656,0.75,0.000143977,0.0001,3.16133e-10,999999,5.507948e-02,3,Myanmar Exclusive Economic Zone,,,SVDNB_npp_d20250902_t1858434_e1900076_b71766_c20250902202635057000_oeac_ops.h5,GDNBO_npp_d20250902_t1858434_e1900076_b71766_c20250902202419882000_oeac_ops.h5,SVI04_npp_d20250902_t1858434_e1900076_b71766_c20250902202643623000_oeac_ops.dspace_rad,,eez_v11.shp,WPP_BFAR_merge.shp,vbd_mpa_r20170830.shp,VNF-VBD_npp_20120301-20151231_global_asia-enhanced_c201607211230.bitmask,vbd_landsea_r20220824.mask,timezone.shp,VBD_platforms-recurring_2015_r20170330.shp,999999,VBD_bridges_c20160811.shp,14.122167;12.311656;9.816022;4.968679;7.298583;9.219633,85.094513;99.171051;112.915886;111.630913;98.030373;84.189926,npp_d20250902_t1858434_e1900076_b71766;npp_d20250902_t1900088_e1901330_b71766;npp_d20250902_t1901342_e1902584_b71766;npp_d20250902_t1902596_e1904238_b71766,150.242,49.9312,11.6294,99.7502,91.7928,-118.546
7,VBD_npp_d20250902_t1858526_x0977057E_y119572N_l0087_s1835_v23,2025-09-02 21:06:36,11.957242,97.705734,7.36546,2025-09-02 18:58:52,2025-09-03 01:28:52,87,1835,0.214632,1,2529,0.351344,0.108972,0.903238,0.4,0.774016,0.75,0.000144154,0.0001,3.34058e-10,999999,2.313315e-01,3,Myanmar Exclusive Economic Zone,,,SVDNB_npp_d20250902_t1858434_e1900076_b71766_c20250902202635057000_oeac_ops.h5,GDNBO_npp_d20250902_t1858434_e1900076_b71766_c20250902202419882000_oeac_ops.h5,SVI04_npp_d20250902_t1858434_e1900076_b71766_c20250902202643623000_oeac_ops.dspace_rad,,eez_v11.shp,WPP_BFAR_merge.shp,vbd_mpa_r20170830.shp,VNF-VBD_npp_20120301-20151231_global_asia-enhanced_c201607211230.bitmask,vbd_landsea_r20220824.mask,timezone.shp,VBD_platforms-recurring_2015_r20170330.shp,999999,VBD_bridges_c20160811.shp,14.122167;12.311656;9.816022;4.968679;7.298583;9.219633,85.094513;99.171051;112.915886;111.630913;98.030373;84.189926,npp_d20250902_t1858434_e1900076_b71766;npp_d20250902_t1900088_e1901330_b71766;npp_d20250902_t1901342_e1902584_b71766;npp_d20250902_t1902596_e1904238_b71766,150.249,49.9746,11.5151,98.8925,91.7911,-118.544
8,VBD_npp_d20250902_t1858526_x0977061E_y119158N_l0093_s1836_v23,2025-09-02 21:06:36,11.915763,97.706131,3.31042,2025-09-02 18:58:52,2025-09-03 01:28:52,93,1836,0.0898679,2,2465,0.17108,0.108972,0.873383,0.4,0.613744,0.75,0.000146549,0.0001,4.03962e-10,999999,1.652311e-02,3,Myanmar Exclusive Economic Zone,,,SVDNB_npp_d20250902_t1858434_e1900076_b71766_c20250902202635057000_oeac_ops.h5,GDNBO_npp_d20250902_t1858434_e1900076_b71766_c20250902202419882000_oeac_ops.h5,SVI04_npp_d20250902_t1858434_e1900076_b71766_c20250902202643623000_oeac_ops.dspace_rad,,eez_v11.shp,WPP_BFAR_merge.shp,vbd_mpa_r20170830.shp,VNF-VBD_npp_20120301-20151231_global_asia-enhanced_c201607211230.bitmask,vbd_landsea_r20220824.mask,timezone.shp,VBD_platforms-recurring_2015_r20170330.shp,999999,VBD_bridges_c20160811.shp,14.122167;12.311656;9.816022;4.968679;7.298583;9.219633,85.094513;99.171051;112.915886;111.630913;98.030373;84.189926,npp_d20250902_t1858434_e1900076_b71766;npp_d20250902_t1900088_e1901330_b71766;npp_d20250902_t1901342_e1902584_b71766;npp_d20250902_t1902596_e1904238_b71766,150.275,50.0308,11.4635,97.1454,91.7716,-118.545
9,VBD_npp_d20250902_t1858526_x0977235E_y119821N_l0083_s1837_v23,2025-09-02 21:06:36,11.982126,97.723541,20.4638,2025-09-02 18:58:52,2025-09-03 01:28:52,83,1837,0.293231,1,2529,0.680701,0.108972,0.907863,0.4,0.904576,0.75,0.000140728,0.0001,2.72689e-10,999999,1.898566e-01,3,Myanmar Exclusive Economic Zone,,,SVDNB_npp_d20250902_t1858434_e1900076_b71766_c20250902202635057000_oeac_ops.h5,GDNBO_npp_d20250902_t1858434_e1900076_b71766_c20250902202419882000_oeac_ops.h5,SVI04_npp_d20250902_t1858434_e1900076_b71766_c20250902202643623000_oeac_ops.dspace_rad,,eez_v11.shp,WPP_BFAR_merge.shp,vbd_mpa_r20170830.shp,VNF-VBD_npp_20120301-20151231_global_asia-enhanced_c201607211230.bitmask,vbd_landsea_r20220824.mask,timezone.shp,VBD_platforms-recurring_2015_r20170330.shp,999999,VBD_bridges_c20160811.shp,14.122167;12.311656;9.816022;4.968679;7.298583;9.219633,85.094513;99.171051;112.915886;111.630913;98.030373;84.189926,npp_d20250902_t1858434_e1900076_b71766;npp_d20250902_t1900088_e1901330_b71766;npp_d20250902_t1901342_e1902584_b71766;npp_d20250902_t1902596_e1904238_b71766,150.219,49.9646,11.4048,100.069,91.8183,-118.54
10,VBD_npp_d20250902_t1858526_x0977214E_y119686N_l0085_s1837_v23,2025-09-02 21:06:36,11.968648,97.721413,20.7418,2025-09-02 18:58:52,2025-09-03 01:28:52,85,1837,0.323249,1,2529,0.663308,0.108972,0.907863,0.4,0.900451,0.75,0.000141753,0.0001,2.93613e-10,999999,8.440817e-02,3,Myanmar Exclusive Economic Zone,,,SVDNB_npp_d20250902_t1858434_e1900076_b71766_c20250902202635057000_oeac_ops.h5,GDNBO_npp_d20250902_t1858434_e1900076_b71766_c20250902202419882000_oeac_ops.h5,SVI04_npp_d20250902_t1858434_e1900076_b71766_c20250902202643623000_oeac_ops.dspace_rad,,eez_v11.shp,WPP_BFAR_merge.shp,vbd_mpa_r20170830.shp,VNF-VBD_npp_20120301-20151231_global_asia-enhanced_c201607211230.bitmask,vbd_landsea_r20220824.mask,timezone.shp,VBD_platforms-recurring_2015_r20170330.shp,999999,VBD_bridges_c20160811.shp,14.122167;12.311656;9.816022;4.968679;7.298583;9.219633,85.094513;99.171051;112.915886;111.630913;98.030373;84.189926,npp_d20250902_t1858434_e1900076_b71766;npp_d20250902_t1900088_e1901330_b71766;npp_d20250902_t1901342_e1902584_b71766;npp_d20250902_t1902596_e1904238_b71766,150.23,49.9798,11.4029,99.4832,91.81,-118.541
11,VBD_npp_d20250902_t1858526_x0977318E_y119464N_l0088_s1839_v23,2025-09-02 21:06:36,11.946362,97.731766,13.9063,2025-09-02 18:58:52,2025-09-03 01:28:52,88,1839,0.218828,1,2529,0.521293,0.108972,0.898182,0.4,0.860238,0.75,0.000141911,0.0001,3.09945e-10,999999,2.553898e-01,3,Myanmar Exclusive Economic Zone,,,SVDNB_npp_d20250902_t1858434_e1900076_b71766_c20250902202635057000_oeac_ops.h5,GDNBO_npp_d20250902_t1858434_e1900076_b71766_c20250902202419882000_oeac_ops.h5,SVI04_npp_d20250902_t1858434_e1900076_b71766_c20250902202643623000_oeac_ops.dspace_rad,,eez_v11.shp,WPP_BFAR_merge.shp,vbd_mpa_r20170830.shp,VNF-VBD_npp_20120301-20151231_global_asia-enhanced_c201607211230.bitmask,vbd_landsea_r20220824.mask,timezone.shp,VBD_platforms-recurring_2015_r20170330.shp,999999,VBD_bridges_c20160811.shp,14.122167;12.311656;9.816022;4.968679;7.298583;9.219633,85.094513;99.171051;112.915886;111.630913;98.030373;84.189926,npp_d20250902_t1858434_e1900076_b71766;npp_d20250902_t1900088_e1901330_b71766;npp_d20250902_t1901342_e1902584_b71766;npp_d20250902_t1902596_e1904238_b71766,150.236,50.0232,11.2895,98.6059,91.8083,-118.539
12,VBD_npp_d20250902_t1858526_x0977417E_y119655N_l0085_s1840_v23,2025-09-02 21:06:36,11.965534,97.741722,28.2635,2025-09-02 18:58:52,2025-09-03 01:28:52,85,1840,0.345797,1,2529,0.804629,0.108972,0.904609,0.4,0.926595,0.75,0.000139697,0.0001,2.69976e-10,999999,4.232881e-03,3,Myanmar Exclusive Economic Zone,,,SVDNB_npp_d20250902_t1858434_e1900076_b71766_c20250902202635057000_oeac_ops.h5,GDNBO_npp_d20250902_t1858434_e1900076_b71766_c20250902202419882000_oeac_ops.h5,SVI04_npp_d20250902_t1858434_e1900076_b71766_c20250902202643623000_oeac_ops.dspace_rad,,eez_v11.shp,WPP_BFAR_merge.shp,vbd_mpa_r20170830.shp,VNF-VBD_npp_20120301-20151231_global_asia-enhanced_c201607211230.bitmask,vbd_landsea_r20220824.mask,timezone.shp,VBD_platforms-recurring_2015_r20170330.shp,999999,VBD_bridges_c20160811.shp,14.122167;12.311656;9.816022;4.968679;7.298583;9.219633,85.094513;99.171051;112.915886;111.630913;98.030373;84.189926,npp_d20250902_t1858434_e1900076_b71766;npp_d20250902_t1900088_e1901330_b71766;npp_d20250902_t1901342_e1902584_b71766;npp_d20250902_t1902596_e1904238_b71766,150.216,50.0105,11.2337,99.499,91.826,-118.537
13,VBD_npp_d20250902_t1858526_x0977364E_y119319N_l0090_s1840_v23,2025-09-02 21:06:36,11.931854,97.736404,8.84081,2025-09-02 18:58:52,2025-09-03 01:28:52,90,1840,0.180987,1,2529,0.401394,0.108972,0.898182,0.4,0.804441,0.75,0.000142238,0.0001,3.24111e-10,999999,2.141705e-01,3,Myanmar Exclusive Economic Zone,,,SVDNB_npp_d20250902_t1858434_e1900076_b71766_c20250902202635057000_oeac_ops.h5,GDNBO_npp_d20250902_t1858434_e1900076_b71766_c20250902202419882000_oeac_ops.h5,SVI04_npp_d20250902_t1858434_e1900076_b71766_c20250902202643623000_oeac_ops.dspace_rad,,eez_v11.shp,WPP_BFAR_merge.shp,vbd_mpa_r20170830.shp,VNF-VBD_npp_20120301-20151231_global_asia-enhanced_c201607211230.bitmask,vbd_landsea_r20220824.mask,timezone.shp,VBD_platforms-recurring_2015_r20170330.shp,999999,VBD_bridges_c20160811.shp,14.122167;12.311656;9.816022;4.968679;7.298583;9.219633,85.094513;99.171051;112.915886;111.630913;98.030373;84.189926,npp_d20250902_t1858434_e1900076_b71766;npp_d20250902_t1900088_e1901330_b71766;npp_d20250902_t1901342_e1902584_b71766;npp_d20250902_t1902596_e1904238_b71766,150.242,50.0487,11.2341,98.0121,91.8053,-118.538
14,VBD_npp_d20250902_t1858526_x0977521E_y119433N_l0088_s1842_v23,2025-09-02 21:06:36,11.943259,97.752060,9.41623,2025-09-02 18:58:52,2025-09-03 01:28:52,88,1842,0.189522,1,2529,0.391558,0.108972,0.898182,0.4,0.77735,0.75,0.000139842,0.0001,2.84849e-10,999999,2.520885e-01,3,Myanmar Exclusive Economic Zone,,,SVDNB_npp_d20250902_t1858434_e1900076_b71766_c20250902202635057000_oeac_ops.h5,GDNBO_npp_d20250902_t1858434_e1900076_b71766_c20250902202419882000_oeac_ops.h5,SVI04_npp_d20250902_t1858434_e1900076_b71766_c20250902202643623000_oeac_ops.dspace_rad,,eez_v11.shp,WPP_BFAR_merge.shp,vbd_mpa_r20170830.shp,VNF-VBD_npp_20120301-20151231_global_asia-enhanced_c201607211230.bitmask,vbd_landsea_r20220824.mask,timezone.shp,VBD_platforms-recurring_2015_r20170330.shp,999999,VBD_bridges_c20160811.shp,14.122167;12.311656;9.816022;4.968679;7.298583;9.219633,85.094513;99.171051;112.915886;111.630913;98.030373;84.189926,npp_d20250902_t1858434_e1900076_b71766;npp_d20250902_t1900088_e1901330_b71766;npp_d20250902_t1901342_e1902584_b71766;npp_d20250902_t1902596_e1904238_b71766,150.223,50.0539,11.1203,98.6086,91.8242,-118.535
15,VBD_npp_d20250902_t1858526_x0977631E_y119692N_l0084_s1843_v23,2025-09-02 21:06:36,11.969155,97.763069,18.4039,2025-09-02 18:58:52,2025-09-03 01:28:52,84,1843,0.351345,1,2529,0.641119,0.108972,0.882212,0.4,0.8931,0.75,0.000137136,0.0001,2.39086e-10,999999,8.333829e-02,3,Myanmar Exclusive Economic Zone,,,SVDNB_npp_d20250902_t1858434_e1900076_b71766_c20250902202635057000_oeac_ops.h5,GDNBO_npp_d20250902_t1858434_e1900076_b71766_c20250902202419882000_oeac_ops.h5,SVI04_npp_d20250902_t1858434_e1900076_b71766_c20250902202643623000_oeac_ops.dspace_rad,,eez_v11.shp,WPP_BFAR_merge.shp,vbd_mpa_r20170830.shp,VNF-VBD_npp_20120301-20151231_global_asia-enhanced_c201607211230.bitmask,vbd_landsea_r20220824.mask,timezone.shp,VBD_platforms-recurring_2015_r20170330.shp,999999,VBD_bridges_c20160811.shp,14.122167;12.311656;9.816022;4.968679;7.298583;9.219633,85.094513;99.171051;112.915886;111.630913;98.030373;84.189926,npp_d20250902_t1858434_e1900076_b71766;npp_d20250902_t1900088_e1901330_b71766;npp_d20250902_t1901342_e1902584_b71766;npp_d20250902_t1902596_e1904238_b71766,150.198,50.0336,11.0654,99.8171,91.846,-118.533
16,VBD_npp_d20250902_t1858526_x0977745E_y119536N_l0086_s1845_v23,2025-09-02 21:06:36,11.953621,97.774452,11.6178,2025-09-02 18:58:52,2025-09-03 01:28:52,86,1845,0.313006,1,2529,0.467833,0.108972,0.882212,0.4,0.77593,0.75,0.00013677,0.0001,2.43144e-10,999999,1.247218e-01,3,Myanmar Exclusive Economic Zone,,,SVDNB_npp_d20250902_t1858434_e1900076_b71766_c20250902202635057000_oeac_ops.h5,GDNBO_npp_d20250902_t1858434_e1900076_b71766_c20250902202419882000_oeac_ops.h5,SVI04_npp_d20250902_t1858434_e1900076_b71766_c20250902202643623000_oeac_ops.dspace_rad,,eez_v11.shp,WPP_BFAR_merge.shp,vbd_mpa_r20170830.shp,VNF-VBD_npp_20120301-20151231_global_asia-enhanced_c201607211230.bitmask,vbd_landsea_r20220824.mask,timezone.shp,VBD_platforms-recurring_2015_r20170330.shp,999999,VBD_bridges_c20160811.shp,14.122167;12.311656;9.816022;4.968679;7.298583;9.219633,85.094513;99.171051;112.915886;111.630913;98.030373;84.189926,npp_d20250902_t1858434_e1900076_b71766;npp_d20250902_t1900088_e1901330_b71766;npp_d20250902_t1901342_e1902584_b71766;npp_d20250902_t1902596_e1904238_b71766,150.199,50.0692,10.9514,99.2212,91.8484,-118.53
17,VBD_npp_d20250902_t1859317_x0977991E_y095139N_l0446_s1926_v23,2025-09-02 21:06:36,9.513904,97.799080,2.39556,2025-09-02 18:59:31,2025-09-03 01:59:31,446,1926,0.343734,2,2465,0.184782,0.108972,0.630832,0.4,0.74629,0.75,0.000270326,0.0001,6.34485e-11,999999,4.032170e-03,3,Thailand Exclusive Economic Zone,,,SVDNB_npp_d20250902_t1858434_e1900076_b71766_c20250902202635057000_oeac_ops.h5,GDNBO_npp_d20250902_t1858434_e1900076_b71766_c20250902202419882000_oeac_ops.h5,SVI04_npp_d20250902_t1858434_e1900076_b71766_c20250902202643623000_oeac_ops.dspace_rad,,eez_v11.shp,WPP_BFAR_merge.shp,vbd_mpa_r20170830.shp,VNF-VBD_npp_20120301-20151231_global_asia-enhanced_c201607211230.bitmask,vbd_landsea_r20220824.mask,timezone.shp,VBD_platforms-recurring_2015_r20170330.shp,999999,VBD_bridges_c20160811.shp,14.122167;12.311656;9.816022;4.968679;7.298583;9.219633,85.094513;99.171051;112.915886;111.630913;98.030373;84.189926,npp_d20250902_t1858434_e1900076_b71766;npp_d20250902_t1900088_e1901330_b71766;npp_d20250902_t1901342_e1902584_b71766;npp_d20250902_t1902596_e1904238_b71766,151.56,53.7569,6.26685,95.4262,90.8406,-118.512
18,VBD_npp_d20250902_t1859442_x0976362E_y088017N_l0555_s1926_v23,2025-09-02 21:06:36,8.801683,97.636223,1.95089,2025-09-02 18:59:44,2025-09-03 01:59:44,555,1926,0.152677,10,2433,0.0689078,0.0685025,0.295893,0.4,0.444029,0.75,0.000348356,0.0001,7.92464e-11,999999,-5.071260e-01,3,Thailand Exclusive Economic Zone,,,SVDNB_npp_d20250902_t1858434_e1900076_b71766_c20250902202635057000_oeac_ops.h5,GDNBO_npp_d20250902_t1858434_e1900076_b71766_c20250902202419882000_oeac_ops.h5,SVI04_npp_d20250902_t1858434_e1900076_b71766_c20250902202643623000_oeac_ops.dspace_rad,,eez_v11.shp,WPP_BFAR_merge.shp,vbd_mpa_r20170830.shp,VNF-VBD_npp_20120301-20151231_global_asia-enhanced_c201607211230.bitmask,vbd_landsea_r20220824.mask,timezone.shp,VBD_platforms-recurring_2015_r20170330.shp,999999,VBD_bridges_c20160811.shp,14.122167;12.311656;9.816022;4.968679;7.298583;9.219633,85.094513;99.171051;112.915886;111.630913;98.030373;84.189926,npp_d20250902_t1858434_e1900076_b71766;npp_d20250902_t1900088_e1901330_b71766;npp_d20250902_t1901342_e1902584_b71766;npp_d20250902_t1902596_e1904238_b71766,152.065,54.6981,6.26278,96.9976,90.4027,-118.527
19,VBD_npp_d20250902_t1859459_x0976694E_y087498N_l0562_s1933_v23,2025-09-02 21:06:36,8.749784,97.669418,2.3696,2025-09-02 18:59:45,2025-09-03 01:59:45,562,1933,0.177786,2,2465,0.131383,0.0685025,0.441262,0.4,0.611701,0.75,0.000347151,0.0001,4.76434e-11,999999,-2.785383e-01,3,Thailand Exclusive Economic Zone,,,SVDNB_npp_d20250902_t1858434_e1900076_b71766_c20250902202635057000_oeac_ops.h5,GDNBO_npp_d20250902_t1858434_e1900076_b71766_c20250902202419882000_oeac_ops.h5,SVI04_npp_d20250902_t1858434_e1900076_b71766_c20250902202643623000_oeac_ops.dspace_rad,,eez_v11.shp,WPP_BFAR_merge.shp,vbd_mpa_r20170830.shp,VNF-VBD_npp_20120301-20151231_global_asia-enhanced_c201607211230.bitmask,vbd_landsea_r20220824.mask,timezone.shp,VBD_platforms-recurring_2015_r20170330.shp,999999,VBD_bridges_c20160811.shp,14.122167;12.311656;9.816022;4.968679;7.298583;9.219633,85.094513;99.171051;112.915886;111.630913;98.030373;84.189926,npp_d20250902_t1858434_e1900076_b71766;npp_d20250902_t1900088_e1901330_b71766;npp_d20250902_t1901342_e1902584_b71766;npp_d20250902_t1902596_e1904238_b71766,152.062,54.8279,5.85983,102.002,90.4129,-118.521
20,VBD_npp_d20250902_t1859424_x0977682E_y089373N_l0532_s1941_v23,2025-09-02 21:06:36,8.937321,97.768204,6.31008,2025-09-02 18:59:42,2025-09-03 01:59:42,532,1941,0.152605,2,2465,0.207115,0.0685025,0.448658,0.4,0.565295,0.75,0.000318234,0.0001,3.49861e-11,999999,2.776614e-01,3,Thailand Exclusive Economic Zone,,,SVDNB_npp_d20250902_t1858434_e1900076_b71766_c20250902202635057000_oeac_ops.h5,GDNBO_npp_d20250902_t1858434_e1900076_b71766_c20250902202419882000_oeac_ops.h5,SVI04_npp_d20250902_t1858434_e1900076_b71766_c20250902202643623000_oeac_ops.dspace_rad,,eez_v11.shp,WPP_BFAR_merge.shp,vbd_mpa_r20170830.shp,VNF-VBD_npp_20120301-20151231_global_asia-enhanced_c201607211230.bitmask,vbd_landsea_r20220824.mask,timezone.shp,VBD_platforms-recurring_2015_r20170330.shp,999999,VBD_bridges_c20160811.shp,14.122167;12.311656;9.816022;4.968679;7.298583;9.219633,85.094513;99.171051;112.915886;111.630913;98.030373;84.189926,npp_d20250902_t1858434_e1900076_b71766;npp_d20250902_t1900088_e1901330_b71766;npp_d20250902_t1901342_e1902584_b71766;npp_d20250902_t1902596_e1904238_b71766,151.886,54.6431,5.39304,101.059,90.5758,-118.509
21,VBD_npp_d20250902_t1859424_x0977884E_y089342N_l0532_s1944_v23,2025-09-02 21:06:36,8.934170,97.788353,4.81473,2025-09-02 18:59:42,2025-09-03 01:59:42,532,1944,0.172949,2,2465,0.0947415,0.0685025,0.428162,0.4,0.39924,0.75,0.000315583,0.0001,3.13839e-11,999999,5.668574e-02,3,Thailand Exclusive Economic Zone,,,SVDNB_npp_d20250902_t1858434_e1900076_b71766_c20250902202635057000_oeac_ops.h5,GDNBO_npp_d20250902_t1858434_e1900076_b71766_c20250902202419882000_oeac_ops.h5,SVI04_npp_d20250902_t1858434_e1900076_b71766_c20250902202643623000_oeac_ops.dspace_rad,,eez_v11.shp,WPP_BFAR_merge.shp,vbd_mpa_r20170830.shp,VNF-VBD_npp_20120301-20151231_global_asia-enhanced_c201607211230.bitmask,vbd_landsea_r20220824.mask,timezone.shp,VBD_platforms-recurring_2015_r20170330.shp,999999,VBD_bridges_c20160811.shp,14.122167;12.311656;9.816022;4.968679;7.298583;9.219633,85.094513;99.171051;112.915886;111.630913;98.030373;84.189926,npp_d20250902_t1858434_e1900076_b71766;npp_d20250902_t1900088_e1901330_b71766;npp_d20250902_t1901342_e1902584_b71766;npp_d20250902_t1902596_e1904238_b71766,151.872,54.6726,5.21929,101.137,90.5918,-118.505
22,VBD_npp_d20250902_t1859388_x0978582E_y091534N_l0498_s1947_v23,2025-09-02 21:06:36,9.153440,97.858200,6.02593,2025-09-02 18:59:38,2025-09-03 01:59:38,498,1947,0.293089,1,2529,0.304898,0.108972,0.727056,0.4,0.780466,0.75,0.000288514,0.0001,2.3783e-11,999999,2.475638e-01,3,Thailand Exclusive Economic Zone,,,SVDNB_npp_d20250902_t1858434_e1900076_b71766_c20250902202635057000_oeac_ops.h5,GDNBO_npp_d20250902_t1858434_e1900076_b71766_c20250902202419882000_oeac_ops.h5,SVI04_npp_d20250902_t1858434_e1900076_b71766_c20250902202643623000_oeac_ops.dspace_rad,,eez_v11.shp,WPP_BFAR_merge.shp,vbd_mpa_r20170830.shp,VNF-VBD_npp_20120301-20151231_global_asia-enhanced_c201607211230.bitmask,vbd_landsea_r20220824.mask,timezone.shp,VBD_platforms-recurring_2015_r20170330.shp,999999,VBD_bridges_c20160811.shp,14.122167;12.311656;9.816022;4.968679;7.298583;9.219633,85.094513;99.171051;112.915886;111.630913;98.030373;84.189926,npp_d20250902_t1858434_e1900076_b71766;npp_d20250902_t1900088_e1901330_b71766;npp_d20250902_t1901342_e1902584_b71766;npp_d20250902_t1902596_e1904238_b71766,151.701,54.4071,5.04911,102.542,90.7446,-118.497
23,VBD_npp_d20250902_t1859388_x0978716E_y091513N_l0498_s1949_v23,2025-09-02 21:06:36,9.151338,97.871628,7.14452,2025-09-02 18:59:38,2025-09-03 01:59:38,498,1949,0.326165,1,2529,0.368136,0.108972,0.727056,0.4,0.80488,0.75,0.000286795,0.0001,2.20898e-11,999999,2.771118e-01,3,Thailand Exclusive Economic Zone,,,SVDNB_npp_d20250902_t1858434_e1900076_b71766_c20250902202635057000_oeac_ops.h5,GDNBO_npp_d20250902_t1858434_e1900076_b71766_c20250902202419882000_oeac_ops.h5,SVI04_npp_d20250902_t1858434_e1900076_b71766_c20250902202643623000_oeac_ops.dspace_rad,,eez_v11.shp,WPP_BFAR_merge.shp,vbd_mpa_r20170830.shp,VNF-VBD_npp_20120301-20151231_global_asia-enhanced_c201607211230.bitmask,vbd_landsea_r20220824.mask,timezone.shp,VBD_platforms-recurring_2015_r20170330.shp,999999,VBD_bridges_c20160811.shp,14.122167;12.311656;9.816022;4.968679;7.298583;9.219633,85.094513;99.171051;112.915886;111.630913;98.030373;84.189926,npp_d20250902_t1858434_e1900076_b71766;npp_d20250902_t1900088_e1901330_b71766;npp_d20250902_t1901342_e1902584_b71766;npp_d20250902_t1902596_e1904238_b71766,151.691,54.4268,4.93346,102.632,90.7553,-118.495
24,VBD_npp_d20250902_t1859175_x0982189E_y103218N_l0317_s1960_v23,2025-09-02 21:06:36,10.321779,98.218903,7.31882,2025-09-02 18:59:17,2025-09-03 01:29:17,317,1960,0.258164,2,2465,0.248918,0.108972,0.503956,0.4,0.594766,0.75,0.000180745,0.0001,1.18573e-11,999999,6.433753e-01,3,Myanmar Exclusive Economic Zone,,,SVDNB_npp_d20250902_t1858434_e1900076_b71766_c20250902202635057000_oeac_ops.h5,GDNBO_npp_d20250902_t1858434_e1900076_b71766_c20250902202419882000_oeac_ops.h5,SVI04_npp_d20250902_t1858434_e1900076_b71766_c20250902202643623000_oeac_ops.dspace_rad,,eez_v11.shp,WPP_BFAR_merge.shp,vbd_mpa_r20170830.shp,VNF-VBD_npp_20120301-20151231_global_asia-enhanced_c201607211230.bitmask,vbd_landsea_r20220824.mask,timezone.shp,VBD_platforms-recurring_2015_r20170330.shp,999999,VBD_bridges_c20160811.shp,14.122167;12.311656;9.816022;4.968679;7.298583;9.219633,85.094513;99.171051;112.915886;111.630913;98.030373;84.189926,npp_d20250902_t1858434_e1900076_b71766;npp_d20250902_t1900088_e1901330_b71766;npp_d20250902_t1901342_e1902584_b71766;npp_d20250902_t1902596_e1904238_b71766,150.793,53.0253,4.29726,94.7319,91.5397,-118.448
25,VBD_npp_d20250902_t1859282_x0981483E_y097170N_l0408_s1970_v23,2025-09-02 21:06:36,9.716986,98.148308,2.86874,2025-09-02 18:59:28,2025-09-03 01:59:28,408,1970,0.190803,2,2465,0.166807,0.108972,0.482473,0.4,0.647697,0.75,0.000209208,0.0001,9.08089e-12,999999,-2.917284e-01,3,Myanmar Exclusive Economic Zone,,,SVDNB_npp_d20250902_t1858434_e1900076_b71766_c20250902202635057000_oeac_ops.h5,GDNBO_npp_d20250902_t1858434_e1900076_b71766_c20250902202419882000_oeac_ops.h5,SVI04_npp_d20250902_t1858434_e1900076_b71766_c20250902202643623000_oeac_ops.dspace_rad,,eez_v11.shp,WPP_BFAR_merge.shp,vbd_mpa_r20170830.shp,VNF-VBD_npp_20120301-20151231_global_asia-enhanced_c201607211230.bitmask,vbd_landsea_r20220824.mask,timezone.shp,VBD_platforms-recurring_2015_r20170330.shp,999999,VBD_bridges_c20160811.shp,14.122167;12.311656;9.816022;4.968679;7.298583;9.219633,85.094513;99.171051;112.915886;111.630913;98.030373;84.189926,npp_d20250902_t1858434_e1900076_b71766;npp_d20250902_t1900088_e1901330_b71766;npp_d20250902_t1901342_e1902584_b71766;npp_d20250902_t1902596_e1904238_b71766,151.174,53.8691,3.70828,98.5522,91.2276,-118.457
26,VBD_npp_d20250902_t1859442_x0979647E_y087504N_l0555_s1975_v23,2025-09-02 21:06:36,8.750441,97.964706,1.47313,2025-09-02 18:59:44,2025-09-03 01:59:44,555,1975,0.138379,8,18817,0.0912993,0.0685025,0.387604,0.4,0.63102,0.75,0.000304239,0.0001,1.29996e-11,999999,-3.684538e-01,3,Thailand Exclusive Economic Zone,,,SVDNB_npp_d20250902_t1858434_e1900076_b71766_c20250902202635057000_oeac_ops.h5,GDNBO_npp_d20250902_t1858434_e1900076_b71766_c20250902202419882000_oeac_ops.h5,SVI04_npp_d20250902_t1858434_e1900076_b71766_c20250902202643623000_oeac_ops.dspace_rad,,eez_v11.shp,WPP_BFAR_merge.shp,vbd_mpa_r20170830.shp,VNF-VBD_npp_20120301-20151231_global_asia-enhanced_c201607211230.bitmask,vbd_landsea_r20220824.mask,timezone.shp,VBD_platforms-recurring_2015_r20170330.shp,0.480027,VBD_bridges_c20160811.shp,14.122167;12.311656;9.816022;4.968679;7.298583;9.219633,85.094513;99.171051;112.915886;111.630913;98.030373;84.189926,npp_d20250902_t1858434_e1900076_b71766;npp_d20250902_t1900088_e1901330_b71766;npp_d20250902_t1901342_e1902584_b71766;npp_d20250902_t1902596_e1904238_b71766,151.829,55.1769,3.42604,95.5718,90.6635,-118.476
27,VBD_npp_d20250902_t1859459_x0980424E_y086369N_l0570_s1990_v23,2025-09-02 21:06:36,8.636943,98.042397,2.16586,2025-09-02 18:59:45,2025-09-03 01:59:45,570,1990,0.142149,2,2465,0.128318,0.0685025,0.449884,0.4,0.627292,0.75,0.000301641,0.0001,7.22503e-12,999999,-5.189602e-02,3,Thailand Exclusive Economic Zone,,,SVDNB_npp_d20250902_t1858434_e1900076_b71766_c20250902202635057000_oeac_ops.h5,GDNBO_npp_d20250902_t1858434_e1900076_b71766_c20250902202419882000_oeac_ops.h5,SVI04_npp_d20250902_t1858434_e1900076_b71766_c20250902202643623000_oeac_ops.dspace_rad,,eez_v11.shp,WPP_BFAR_merge.shp,vbd_mpa_r20170830.shp,VNF-VBD_npp_20120301-20151231_global_asia-enhanced_c201607211230.bitmask,vbd_landsea_r20220824.mask,timezone.shp,VBD_platforms-recurring_2015_r20170330.shp,999999,VBD_bridges_c20160811.shp,14.122167;12.311656;9.816022;4.968679;7.298583;9.219633,85.094513;99.171051;112.915886;111.630913;98.030373;84.189926,npp_d20250902_t1858434_e1900076_b71766;npp_d20250902_t1900088_e1901330_b71766;npp_d20250902_t1901342_e1902584_b71766;npp_d20250902_t1902596_e1904238_b71766,151.824,55.4534,2.55295,95.8093,90.6831,-118.462
28,VBD_npp_d20250902_t1859477_x0980337E_y085841N_l0578_s1991_v23,2025-09-02 21:06:36,8.584105,98.033714,2.09875,2025-09-02 18:59:47,2025-09-03 01:59:47,578,1991,0.176434,2,2465,0.148173,0.0685025,0.529563,0.4,0.68583,0.75,0.000306377,0.0001,5.53704e-12,999999,-9.156047e-02,3,Thailand Exclusive Economic Zone,,,SVDNB_npp_d20250902_t1858434_e1900076_b71766_c20250902202635057000_oeac_ops.h5,GDNBO_npp_d20250902_t1858434_e1900076_b71766_c20250902202419882000_oeac_ops.h5,SVI04_npp_d20250902_t1858434_e1900076_b71766_c20250902202643623000_oeac_ops.dspace_rad,,eez_v11.shp,WPP_BFAR_merge.shp,vbd_mpa_r20170830.shp,VNF-VBD_npp_20120301-20151231_global_asia-enhanced_c201607211230.bitmask,vbd_landsea_r20220824.mask,timezone.shp,VBD_platforms-recurring_2015_r20170330.shp,999999,VBD_bridges_c20160811.shp,14.122167;12.311656;9.816022;4.968679;7.298583;9.219633,85.094513;99.171051;112.915886;111.630913;98.030373;84.189926,npp_d20250902_t1858434_e1900076_b71766;npp_d20250902_t1900088_e1901330_b71766;npp_d20250902_t1901342_e1902584_b71766;npp_d20250902_t1902596_e1904238_b71766,151.855,55.5333,2.51166,106.312,90.6566,-118.462
29,VBD_npp_d20250902_t1900002_x0979254E_y078297N_l0692_s2000_v23,2025-09-02 21:06:36,7.829738,97.925407,1.89424,2025-09-02 19:00:00,2025-09-03 02:00:00,692,2000,0.33904,1,2529,0.156312,0.0685025,0.601368,0.4,0.78794,0.75,0.000368996,0.0001,5.87876e-12,999999,1.060378e-01,3,Thailand Exclusive Economic Zone,,,SVDNB_npp_d20250902_t1858434_e1900076_b71766_c20250902202635057000_oeac_ops.h5,GDNBO_npp_d20250902_t1858434_e1900076_b71766_c20250902202419882000_oeac_ops.h5,SVI04_npp_d20250902_t1858434_e1900076_b71766_c20250902202643623000_oeac_ops.dspace_rad,,eez_v11.shp,WPP_BFAR_merge.shp,vbd_mpa_r20170830.shp,VNF-VBD_npp_20120301-20151231_global_asia-enhanced_c201607211230.bitmask,vbd_landsea_r20220824.mask,timezone.shp,VBD_platforms-recurring_2015_r20170330.shp,999999,VBD_bridges_c20160811.shp,14.122167;12.311656;9.816022;4.968679;7.298583;9.219633,85.094513;99.171051;112.915886;111.630913;98.030373;84.189926,npp_d20250902_t1858434_e1900076_b71766;npp_d20250902_t1900088_e1901330_b71766;npp_d20250902_t1901342_e1902584_b71766;npp_d20250902_t1902596_e1904238_b71766,152.323,56.6484,1.98279,105.019,90.2464,-118.465
30,VBD_npp_d20250902_t1900037_x0980953E_y075728N_l0726_s2033_v23,2025-09-02 21:06:36,7.572823,98.095284,2.2944,2025-09-02 19:00:03,2025-09-03 02:00:03,726,2033,0.346509,1,2529,0.171107,0.0685025,0.693903,0.4,0.779814,0.75,0.000339624,0.0001,1.6956e-12,999999,8.040391e-03,3,Thailand Exclusive Economic Zone,,,SVDNB_npp_d20250902_t1858434_e1900076_b71766_c20250902202635057000_oeac_ops.h5,GDNBO_npp_d20250902_t1858434_e1900076_b71766_c20250902202419882000_oeac_ops.h5,SVI04_npp_d20250902_t1858434_e1900076_b71766_c20250902202643623000_oeac_ops.dspace_rad,,eez_v11.shp,WPP_BFAR_merge.shp,vbd_mpa_r20170830.shp,VNF-VBD_npp_20120301-20151231_global_asia-enhanced_c201607211230.bitmask,vbd_landsea_r20220824.mask,timezone.shp,VBD_platforms-recurring_2015_r20170330.shp,999999,VBD_bridges_c20160811.shp,14.122167;12.311656;9.816022;4.968679;7.298583;9.219633,85.094513;99.171051;112.915886;111.630913;98.030373;84.189926,npp_d20250902_t1858434_e1900076_b71766;npp_d20250902_t1900088_e1901330_b71766;npp_d20250902_t1901342_e1902584_b71766;npp_d20250902_t1902596_e1904238_b71766,152.309,57.2739,0.114401,157.932,90.2845,-118.437
31,VBD_npp_d20250902_t1900037_x0980988E_y075519N_l0729_s2034_v23,2025-09-02 21:06:36,7.551909,98.098778,1.76544,2025-09-02 19:00:03,2025-09-03 02:00:03,729,2034,0.293729,2,2465,0.129921,0.0685025,0.682652,0.4,0.66888,0.75,0.000338734,0.0001,1.7969e-12,999999,-8.424499e-02,3,Thailand Exclusive Economic Zone,,,SVDNB_npp_d20250902_t1858434_e1900076_b71766_c20250902202635057000_oeac_ops.h5,GDNBO_npp_d20250902_t1858434_e1900076_b71766_c20250902202419882000_oeac_ops.h5,SVI04_npp_d20250902_t1858434_e1900076_b71766_c20250902202643623000_oeac_ops.dspace_rad,,eez_v11.shp,WPP_BFAR_merge.shp,vbd_mpa_r20170830.shp,VNF-VBD_npp_20120301-20151231_global_asia-enhanced_c201607211230.bitmask,vbd_landsea_r20220824.mask,timezone.shp,VBD_platforms-recurring_2015_r20170330.shp,999999,VBD_bridges_c20160811.shp,14.122167;12.311656;9.816022;4.968679;7.298583;9.219633,85.094513;99.171051;112.915886;111.630913;98.030373;84.189926,npp_d20250902_t1858434_e1900076_b71766;npp_d20250902_t1900088_e1901330_b71766;npp_d20250902_t1901342_e1902584_b71766;npp_d20250902_t1902596_e1904238_b71766,152.318,57.3115,0.0756751,9.80346,90.2775,-118.436
32,VBD_npp_d20250902_t1900037_x0980946E_y075254N_l0733_s2034_v23,2025-09-02 21:06:36,7.525421,98.094574,1.19743,2025-09-02 19:00:03,2025-09-03 02:00:03,733,2034,0.346864,2,2465,0.0760738,0.0685025,0.599685,0.4,0.569599,0.75,0.000338734,0.0001,2.05763e-12,999999,-2.471718e-01,3,Thailand Exclusive Economic Zone,,,SVDNB_npp_d20250902_t1858434_e1900076_b71766_c20250902202635057000_oeac_ops.h5,GDNBO_npp_d20250902_t1858434_e1900076_b71766_c20250902202419882000_oeac_ops.h5,SVI04_npp_d20250902_t1858434_e1900076_b71766_c20250902202643623000_oeac_ops.dspace_rad,,eez_v11.shp,WPP_BFAR_merge.shp,vbd_mpa_r20170830.shp,VNF-VBD_npp_20120301-20151231_global_asia-enhanced_c201607211230.bitmask,vbd_landsea_r20220824.mask,timezone.shp,VBD_platforms-recurring_2015_r20170330.shp,999999,VBD_bridges_c20160811.shp,14.122167;12.311656;9.816022;4.968679;7.298583;9.219633,85.094513;99.171051;112.915886;111.630913;98.030373;84.189926,npp_d20250902_t1858434_e1900076_b71766;npp_d20250902_t1900088_e1901330_b71766;npp_d20250902_t1901342_e1902584_b71766;npp_d20250902_t1902596_e1904238_b71766,152.335,57.3491,0.307401,9.18664,90.2613,-118.437
33,VBD_npp_d20250902_t1900037_x0981194E_y075962N_l0722_s2036_v23,2025-09-02 21:06:36,7.596169,98.119400,1.7411,2025-09-02 19:00:03,2025-09-03 02:00:03,722,2036,0.285051,2,2465,0.117604,0.0685025,0.656009,0.4,0.661752,0.75,0.000336954,0.0001,1.2903e-12,999999,1.188939e-01,3,Thailand Exclusive Economic Zone,,,SVDNB_npp_d20250902_t1858434_e1900076_b71766_c20250902202635057000_oeac_ops.h5,GDNBO_npp_d20250902_t1858434_e1900076_b71766_c20250902202419882000_oeac_ops.h5,SVI04_npp_d20250902_t1858434_e1900076_b71766_c20250902202643623000_oeac_ops.dspace_rad,,eez_v11.shp,WPP_BFAR_merge.shp,vbd_mpa_r20170830.shp,VNF-VBD_npp_20120301-20151231_global_asia-enhanced_c201607211230.bitmask,vbd_landsea_r20220824.mask,timezone.shp,VBD_platforms-recurring_2015_r20170330.shp,999999,VBD_bridges_c20160811.shp,14.122167;12.311656;9.816022;4.968679;7.298583;9.219633,85.094513;99.171051;112.915886;111.630913;98.030373;84.189926,npp_d20250902_t1858434_e1900076_b71766;npp_d20250902_t1900088_e1901330_b71766;npp_d20250902_t1901342_e1902584_b71766;npp_d20250902_t1902596_e1904238_b71766,152.276,57.2643,0.349468,-151.854,90.3166,-118.434
34,VBD_npp_d20250902_t1900037_x0981162E_y075763N_l0725_s2036_v23,2025-09-02 21:06:36,7.576303,98.116249,1.92376,2025-09-02 19:00:03,2025-09-03 02:00:03,725,2036,0.316633,2,2465,0.127859,0.0685025,0.715395,0.4,0.692942,0.75,0.000336954,0.0001,1.43195e-12,999999,1.310232e-01,3,Thailand Exclusive Economic Zone,,,SVDNB_npp_d20250902_t1858434_e1900076_b71766_c20250902202635057000_oeac_ops.h5,GDNBO_npp_d20250902_t1858434_e1900076_b71766_c20250902202419882000_oeac_ops.h5,SVI04_npp_d20250902_t1858434_e1900076_b71766_c20250902202643623000_oeac_ops.dspace_rad,,eez_v11.shp,WPP_BFAR_merge.shp,vbd_mpa_r20170830.shp,VNF-VBD_npp_20120301-20151231_global_asia-enhanced_c201607211230.bitmask,vbd_landsea_r20220824.mask,timezone.shp,VBD_platforms-recurring_2015_r20170330.shp,999999,VBD_bridges_c20160811.shp,14.122167;12.311656;9.816022;4.968679;7.298583;9.219633,85.094513;99.171051;112.915886;111.630913;98.030373;84.189926,npp_d20250902_t1858434_e1900076_b71766;npp_d20250902_t1900088_e1901330_b71766;npp_d20250902_t1901342_e1902584_b71766;npp_d20250902_t1902596_e1904238_b71766,152.29,57.2925,0.193875,-134.746,90.3044,-118.434
35,VBD_npp_d20250902_t1900055_x0981939E_y074284N_l0745_s2052_v23,2025-09-02 21:06:36,7.428355,98.193878,7.3038,2025-09-02 19:00:05,2025-09-03 02:00:05,745,2052,0.394237,1,2529,0.47034,0.0685025,0.843372,0.4,0.946971,0.75,0.000322713,0.0001,8.3756e-13,999999,1.355756e-01,3,Thailand Exclusive Economic Zone,,,SVDNB_npp_d20250902_t1858434_e1900076_b71766_c20250902202635057000_oeac_ops.h5,GDNBO_npp_d20250902_t1858434_e1900076_b71766_c20250902202419882000_oeac_ops.h5,SVI04_npp_d20250902_t1858434_e1900076_b71766_c20250902202643623000_oeac_ops.dspace_rad,,eez_v11.shp,WPP_BFAR_merge.shp,vbd_mpa_r20170830.shp,VNF-VBD_npp_20120301-20151231_global_asia-enhanced_c201607211230.bitmask,vbd_landsea_r20220824.mask,timezone.shp,VBD_platforms-recurring_2015_r20170330.shp,999999,VBD_bridges_c20160811.shp,14.122167;12.311656;9.816022;4.968679;7.298583;9.219633,85.094513;99.171051;112.915886;111.630913;98.030373;84.189926,npp_d20250902_t1858434_e1900076_b71766;npp_d20250902_t1900088_e1901330_b71766;npp_d20250902_t1901342_e1902584_b71766;npp_d20250902_t1902596_e1904238_b71766,152.298,57.6275,1.0388,-76.8483,90.3079,-118.421
36,VBD_npp_d20250902_t1900055_x0981907E_y074085N_l0748_s2052_v23,2025-09-02 21:06:36,7.408487,98.190727,6.74325,2025-09-02 19:00:05,2025-09-03 02:00:05,748,2052,0.399714,1,2529,0.44054,0.0685025,0.844301,0.4,0.884704,0.75,0.000322713,0.0001,9.27711e-13,999999,-1.315412e-02,3,Thailand Exclusive Economic Zone,,,SVDNB_npp_d20250902_t1858434_e1900076_b71766_c20250902202635057000_oeac_ops.h5,GDNBO_npp_d20250902_t1858434_e1900076_b71766_c20250902202419882000_oeac_ops.h5,SVI04_npp_d20250902_t1858434_e1900076_b71766_c20250902202643623000_oeac_ops.dspace_rad,,eez_v11.shp,WPP_BFAR_merge.shp,vbd_mpa_r20170830.shp,VNF-VBD_npp_20120301-20151231_global_asia-enhanced_c201607211230.bitmask,vbd_landsea_r20220824.mask,timezone.shp,VBD_platforms-recurring_2015_r20170330.shp,999999,VBD_bridges_c20160811.shp,14.122167;12.311656;9.816022;4.968679;7.298583;9.219633,85.094513;99.171051;112.915886;111.630913;98.030373;84.189926,npp_d20250902_t1858434_e1900076_b71766;npp_d20250902_t1900088_e1901330_b71766;npp_d20250902_t1901342_e1902584_b71766;npp_d20250902_t1902596_e1904238_b71766,152.312,57.6558,1.06558,-67.486,90.2957,-118.421
37,VBD_npp_d20250902_t1900002_x0983050E_y077767N_l0691_s2057_v23,2025-09-02 21:06:36,7.776658,98.305031,14.7655,2025-09-02 19:00:00,2025-09-03 02:00:00,691,2057,0.392459,1,2529,0.434451,0.0685025,0.753148,0.4,0.801748,0.75,0.000318262,0.0001,4.51662e-13,999999,-4.142973e-01,1,Thailand Exclusive Economic Zone,,,SVDNB_npp_d20250902_t1858434_e1900076_b71766_c20250902202635057000_oeac_ops.h5,GDNBO_npp_d20250902_t1858434_e1900076_b71766_c20250902202419882000_oeac_ops.h5,SVI04_npp_d20250902_t1858434_e1900076_b71766_c20250902202643623000_oeac_ops.dspace_rad,,eez_v11.shp,WPP_BFAR_merge.shp,vbd_mpa_r20170830.shp,VNF-VBD_npp_20120301-20151231_global_asia-enhanced_c201607211230.bitmask,vbd_landsea_r20220824.mask,timezone.shp,VBD_platforms-recurring_2015_r20170330.shp,999999,VBD_bridges_c20160811.shp,14.122167;12.311656;9.816022;4.968679;7.298583;9.219633,85.094513;99.171051;112.915886;111.630913;98.030373;84.189926,npp_d20250902_t1858434_e1900076_b71766;npp_d20250902_t1900088_e1901330_b71766;npp_d20250902_t1901342_e1902584_b71766;npp_d20250902_t1902596_e1904238_b71766,152.036,57.1734,1.35653,-92.6578,90.5518,-118.412
38,VBD_npp_d20250902_t1859566_x0984065E_y079365N_l0665_s2066_v23,2025-09-02 21:06:36,7.936487,98.406487,5.06616,2025-09-02 18:59:56,2025-09-03 01:59:56,665,2066,0.348073,2,2465,0.0685337,0.0685025,0.741441,0.4,0.383951,0.75,0.000304715,0.0001,3.2032e-13,999999,-5.216405e-01,1,Thailand Exclusive Economic Zone,,,SVDNB_npp_d20250902_t1858434_e1900076_b71766_c20250902202635057000_oeac_ops.h5,GDNBO_npp_d20250902_t1858434_e1900076_b71766_c20250902202419882000_oeac_ops.h5,SVI04_npp_d20250902_t1858434_e1900076_b71766_c20250902202643623000_oeac_ops.dspace_rad,,eez_v11.shp,WPP_BFAR_merge.shp,vbd_mpa_r20170830.shp,VNF-VBD_npp_20120301-20151231_global_asia-enhanced_c201607211230.bitmask,vbd_landsea_r20220824.mask,timezone.shp,VBD_platforms-recurring_2015_r20170330.shp,999999,VBD_bridges_c20160811.shp,14.122167;12.311656;9.816022;4.968679;7.298583;9.219633,85.094513;99.171051;112.915886;111.630913;98.030373;84.189926,npp_d20250902_t1858434_e1900076_b71766;npp_d20250902_t1900088_e1901330_b71766;npp_d20250902_t1901342_e1902584_b71766;npp_d20250902_t1902596_e1904238_b71766,151.878,57.0208,1.85456,-78.738,90.7038,-118.4
39,VBD_npp_d20250902_t1900055_x0982994E_y073641N_l0752_s2069_v23,2025-09-02 21:06:36,7.364125,98.299355,1.47845,2025-09-02 19:00:05,2025-09-03 02:00:05,752,2069,0.404694,2,2465,0.113067,0.0685025,0.852455,0.4,0.732447,0.75,0.000307581,0.0001,4.71821e-13,999999,2.170117e-02,3,Thailand Exclusive Economic Zone,,,SVDNB_npp_d20250902_t1858434_e1900076_b71766_c20250902202635057000_oeac_ops.h5,GDNBO_npp_d20250902_t1858434_e1900076_b71766_c20250902202419882000_oeac_ops.h5,SVI04_npp_d20250902_t1858434_e1900076_b71766_c20250902202643623000_oeac_ops.dspace_rad,,eez_v11.shp,WPP_BFAR_merge.shp,vbd_mpa_r20170830.shp,VNF-VBD_npp_20120301-20151231_global_asia-enhanced_c201607211230.bitmask,vbd_landsea_r20220824.mask,timezone.shp,VBD_platforms-recurring_2015_r20170330.shp,999999,VBD_bridges_c20160811.shp,14.122167;12.311656;9.816022;4.968679;7.298583;9.219633,85.094513;99.171051;112.915886;111.630913;98.030373;84.189926,npp_d20250902_t1858434_e1900076_b71766;npp_d20250902_t1900088_e1901330_b71766;npp_d20250902_t1901342_e1902584_b71766;npp_d20250902_t1902596_e1904238_b71766,152.244,57.8506,2.07634,-67.6583,90.3693,-118.406
40,VBD_npp_d20250902_t1900073_x0982864E_y073260N_l0758_s2069_v23,2025-09-02 21:06:36,7.326020,98.286385,4.75938,2025-09-02 19:00:07,2025-09-03 02:00:07,758,2069,0.40071,1,2529,0.350276,0.0685025,0.83756,0.4,0.905613,0.75,0.000307581,0.0001,3.53846e-13,999999,4.244205e-02,3,Thailand Exclusive Economic Zone,,,SVDNB_npp_d20250902_t1858434_e1900076_b71766_c20250902202635057000_oeac_ops.h5,GDNBO_npp_d20250902_t1858434_e1900076_b71766_c20250902202419882000_oeac_ops.h5,SVI04_npp_d20250902_t1858434_e1900076_b71766_c20250902202643623000_oeac_ops.dspace_rad,,eez_v11.shp,WPP_BFAR_merge.shp,vbd_mpa_r20170830.shp,VNF-VBD_npp_20120301-20151231_global_asia-enhanced_c201607211230.bitmask,vbd_landsea_r20220824.mask,timezone.shp,VBD_platforms-recurring_2015_r20170330.shp,999999,VBD_bridges_c20160811.shp,14.122167;12.311656;9.816022;4.968679;7.298583;9.219633,85.094513;99.171051;112.915886;111.630913;98.030373;84.189926,npp_d20250902_t1858434_e1900076_b71766;npp_d20250902_t1900088_e1901330_b71766;npp_d20250902_t1901342_e1902584_b71766;npp_d20250902_t1902596_e1904238_b71766,152.269,57.9057,2.02495,-83.9011,90.3461,-118.407
41,VBD_npp_d20250902_t1859566_x0984352E_y079455N_l0663_s2070_v23,2025-09-02 21:06:36,7.945523,98.435204,2.84296,2025-09-02 18:59:56,2025-09-03 01:59:56,663,2070,0.341031,2,2465,0.10456,0.0685025,0.729414,0.4,0.458597,0.75,0.000299798,0.0001,2.45154e-13,999999,-5.355746e-02,3,,,,SVDNB_npp_d20250902_t1858434_e1900076_b71766_c20250902202635057000_oeac_ops.h5,GDNBO_npp_d20250902_t1858434_e1900076_b71766_c20250902202419882000_oeac_ops.h5,SVI04_npp_d20250902_t1858434_e1900076_b71766_c20250902202643623000_oeac_ops.dspace_rad,,eez_v11.shp,WPP_BFAR_merge.shp,vbd_mpa_r20170830.shp,VNF-VBD_npp_20120301-20151231_global_asia-enhanced_c201607211230.bitmask,vbd_landsea_r20220824.mask,timezone.shp,VBD_platforms-recurring_2015_r20170330.shp,999999,VBD_bridges_c20160811.shp,14.122167;12.311656;9.816022;4.968679;7.298583;9.219633,85.094513;99.171051;112.915886;111.630913;98.030373;84.189926,npp_d20250902_t1858434_e1900076_b71766;npp_d20250902_t1900088_e1901330_b71766;npp_d20250902_t1901342_e1902584_b71766;npp_d20250902_t1902596_e1904238_b71766,151.849,57.0395,2.08531,-82.1803,90.7331,-118.396
42,VBD_npp_d20250902_t1859584_x0984077E_y078210N_l0682_s2070_v23,2025-09-02 21:06:36,7.820987,98.407692,24.6623,2025-09-02 18:59:58,2025-09-03 01:59:58,682,2070,0.360806,1,2529,0.466747,0.0685025,0.766751,0.4,0.803396,0.75,0.000306691,0.0001,2.90011e-13,999999,-3.948683e-01,1,Thailand Exclusive Economic Zone,,,SVDNB_npp_d20250902_t1858434_e1900076_b71766_c20250902202635057000_oeac_ops.h5,GDNBO_npp_d20250902_t1858434_e1900076_b71766_c20250902202419882000_oeac_ops.h5,SVI04_npp_d20250902_t1858434_e1900076_b71766_c20250902202643623000_oeac_ops.dspace_rad,,eez_v11.shp,WPP_BFAR_merge.shp,vbd_mpa_r20170830.shp,VNF-VBD_npp_20120301-20151231_global_asia-enhanced_c201607211230.bitmask,vbd_landsea_r20220824.mask,timezone.shp,VBD_platforms-recurring_2015_r20170330.shp,999999,VBD_bridges_c20160811.shp,14.122167;12.311656;9.816022;4.968679;7.298583;9.219633,85.094513;99.171051;112.915886;111.630913;98.030373;84.189926,npp_d20250902_t1858434_e1900076_b71766;npp_d20250902_t1900088_e1901330_b71766;npp_d20250902_t1901342_e1902584_b71766;npp_d20250902_t1902596_e1904238_b71766,151.933,57.2124,2.08456,-77.3598,90.6562,-118.399
43,VBD_npp_d20250902_t1900055_x0983224E_y073808N_l0749_s2072_v23,2025-09-02 21:06:36,7.380843,98.322441,8.66092,2025-09-02 19:00:05,2025-09-03 02:00:05,749,2072,0.397011,1,2529,0.527425,0.0685025,0.868982,0.4,0.94498,0.75,0.000304911,0.0001,3.67957e-13,999999,2.224134e-01,3,Thailand Exclusive Economic Zone,,,SVDNB_npp_d20250902_t1858434_e1900076_b71766_c20250902202635057000_oeac_ops.h5,GDNBO_npp_d20250902_t1858434_e1900076_b71766_c20250902202419882000_oeac_ops.h5,SVI04_npp_d20250902_t1858434_e1900076_b71766_c20250902202643623000_oeac_ops.dspace_rad,,eez_v11.shp,WPP_BFAR_merge.shp,vbd_mpa_r20170830.shp,VNF-VBD_npp_20120301-20151231_global_asia-enhanced_c201607211230.bitmask,vbd_landsea_r20220824.mask,timezone.shp,VBD_platforms-recurring_2015_r20170330.shp,999999,VBD_bridges_c20160811.shp,14.122167;12.311656;9.816022;4.968679;7.298583;9.219633,85.094513;99.171051;112.915886;111.630913;98.030373;84.189926,npp_d20250902_t1858434_e1900076_b71766;npp_d20250902_t1900088_e1901330_b71766;npp_d20250902_t1901342_e1902584_b71766;npp_d20250902_t1902596_e1904238_b71766,152.216,57.8498,2.21517,-73.0839,90.3974,-118.404
44,VBD_npp_d20250902_t1900037_x0983580E_y074702N_l0735_s2074_v23,2025-09-02 21:06:36,7.470166,98.358009,1.6866,2025-09-02 19:00:03,2025-09-03 02:00:03,735,2074,0.360735,2,2465,0.107254,0.0685025,0.842069,0.4,0.634543,0.75,0.000303131,0.0001,3.34976e-13,999999,1.656102e-01,3,Thailand Exclusive Economic Zone,,,SVDNB_npp_d20250902_t1858434_e1900076_b71766_c20250902202635057000_oeac_ops.h5,GDNBO_npp_d20250902_t1858434_e1900076_b71766_c20250902202419882000_oeac_ops.h5,SVI04_npp_d20250902_t1858434_e1900076_b71766_c20250902202643623000_oeac_ops.dspace_rad,,eez_v11.shp,WPP_BFAR_merge.shp,vbd_mpa_r20170830.shp,VNF-VBD_npp_20120301-20151231_global_asia-enhanced_c201607211230.bitmask,vbd_landsea_r20220824.mask,timezone.shp,VBD_platforms-recurring_2015_r20170330.shp,999999,VBD_bridges_c20160811.shp,14.122167;12.311656;9.816022;4.968679;7.298583;9.219633,85.094513;99.171051;112.915886;111.630913;98.030373;84.189926,npp_d20250902_t1858434_e1900076_b71766;npp_d20250902_t1900088_e1901330_b71766;npp_d20250902_t1901342_e1902584_b71766;npp_d20250902_t1902596_e1904238_b71766,152.145,57.7384,2.35257,-70.7381,90.4647,-118.4
45,VBD_npp_d20250902_t1900055_x0983484E_y074583N_l0737_s2074_v23,2025-09-02 21:06:36,7.458252,98.348373,7.42464,2025-09-02 19:00:05,2025-09-03 02:00:05,737,2074,0.366354,1,2529,0.445648,0.0685025,0.842069,0.4,0.923517,0.75,0.000303131,0.0001,2.19588e-13,999999,4.960253e-03,3,Thailand Exclusive Economic Zone,,,SVDNB_npp_d20250902_t1858434_e1900076_b71766_c20250902202635057000_oeac_ops.h5,GDNBO_npp_d20250902_t1858434_e1900076_b71766_c20250902202419882000_oeac_ops.h5,SVI04_npp_d20250902_t1858434_e1900076_b71766_c20250902202643623000_oeac_ops.dspace_rad,,eez_v11.shp,WPP_BFAR_merge.shp,vbd_mpa_r20170830.shp,VNF-VBD_npp_20120301-20151231_global_asia-enhanced_c201607211230.bitmask,vbd_landsea_r20220824.mask,timezone.shp,VBD_platforms-recurring_2015_r20170330.shp,999999,VBD_bridges_c20160811.shp,14.122167;12.311656;9.816022;4.968679;7.298583;9.219633,85.094513;99.171051;112.915886;111.630913;98.030373;84.189926,npp_d20250902_t1858434_e1900076_b71766;npp_d20250902_t1900088_e1901330_b71766;npp_d20250902_t1901342_e1902584_b71766;npp_d20250902_t1902596_e1904238_b71766,152.153,57.755,2.3428,-90.5918,90.4569,-118.401
46,VBD_npp_d20250902_t1859584_x0984378E_y077958N_l0685_s2075_v23,2025-09-02 21:06:36,7.795840,98.437767,8.32508,2025-09-02 18:59:58,2025-09-03 01:59:58,685,2075,0.337048,1,2529,0.425226,0.0685025,0.771104,0.4,0.854615,0.75,0.000302241,0.0001,2.50887e-13,999999,2.451376e-01,3,Thailand Exclusive Economic Zone,,,SVDNB_npp_d20250902_t1858434_e1900076_b71766_c20250902202635057000_oeac_ops.h5,GDNBO_npp_d20250902_t1858434_e1900076_b71766_c20250902202419882000_oeac_ops.h5,SVI04_npp_d20250902_t1858434_e1900076_b71766_c20250902202643623000_oeac_ops.dspace_rad,,eez_v11.shp,WPP_BFAR_merge.shp,vbd_mpa_r20170830.shp,VNF-VBD_npp_20120301-20151231_global_asia-enhanced_c201607211230.bitmask,vbd_landsea_r20220824.mask,timezone.shp,VBD_platforms-recurring_2015_r20170330.shp,999999,VBD_bridges_c20160811.shp,14.122167;12.311656;9.816022;4.968679;7.298583;9.219633,85.094513;99.171051;112.915886;111.630913;98.030373;84.189926,npp_d20250902_t1858434_e1900076_b71766;npp_d20250902_t1900088_e1901330_b71766;npp_d20250902_t1901342_e1902584_b71766;npp_d20250902_t1902596_e1904238_b71766,151.922,57.2863,2.38944,-73.6456,90.6704,-118.394
47,VBD_npp_d20250902_t1900037_x0983668E_y074824N_l0733_s2075_v23,2025-09-02 21:06:36,7.482365,98.366768,3.40699,2025-09-02 19:00:03,2025-09-03 02:00:03,733,2075,0.35917,1,2529,0.252164,0.0685025,0.834685,0.4,0.823494,0.75,0.000302241,0.0001,2.97741e-13,999999,2.782252e-01,3,Thailand Exclusive Economic Zone,,,SVDNB_npp_d20250902_t1858434_e1900076_b71766_c20250902202635057000_oeac_ops.h5,GDNBO_npp_d20250902_t1858434_e1900076_b71766_c20250902202419882000_oeac_ops.h5,SVI04_npp_d20250902_t1858434_e1900076_b71766_c20250902202643623000_oeac_ops.dspace_rad,,eez_v11.shp,WPP_BFAR_merge.shp,vbd_mpa_r20170830.shp,VNF-VBD_npp_20120301-20151231_global_asia-enhanced_c201607211230.bitmask,vbd_landsea_r20220824.mask,timezone.shp,VBD_platforms-recurring_2015_r20170330.shp,999999,VBD_bridges_c20160811.shp,14.122167;12.311656;9.816022;4.968679;7.298583;9.219633,85.094513;99.171051;112.915886;111.630913;98.030373;84.189926,npp_d20250902_t1858434_e1900076_b71766;npp_d20250902_t1900088_e1901330_b71766;npp_d20250902_t1901342_e1902584_b71766;npp_d20250902_t1902596_e1904238_b71766,152.131,57.7288,2.39218,-73.7195,90.4781,-118.399
48,VBD_npp_d20250902_t1900055_x0983519E_y074373N_l0740_s2075_v23,2025-09-02 21:06:36,7.437323,98.351852,2.44429,2025-09-02 19:00:05,2025-09-03 02:00:05,740,2075,0.4032,1,2529,0.191924,0.0685025,0.862384,0.4,0.815998,0.75,0.000302241,0.0001,2.323e-13,999999,-3.923434e-01,3,Thailand Exclusive Economic Zone,,,SVDNB_npp_d20250902_t1858434_e1900076_b71766_c20250902202635057000_oeac_ops.h5,GDNBO_npp_d20250902_t1858434_e1900076_b71766_c20250902202419882000_oeac_ops.h5,SVI04_npp_d20250902_t1858434_e1900076_b71766_c20250902202643623000_oeac_ops.dspace_rad,,eez_v11.shp,WPP_BFAR_merge.shp,vbd_mpa_r20170830.shp,VNF-VBD_npp_20120301-20151231_global_asia-enhanced_c201607211230.bitmask,vbd_landsea_r20220824.mask,timezone.shp,VBD_platforms-recurring_2015_r20170330.shp,999999,VBD_bridges_c20160811.shp,14.122167;12.311656;9.816022;4.968679;7.298583;9.219633,85.094513;99.171051;112.915886;111.630913;98.030373;84.189926,npp_d20250902_t1858434_e1900076_b71766;npp_d20250902_t1900088_e1901330_b71766;npp_d20250902_t1901342_e1902584_b71766;npp_d20250902_t1902596_e1904238_b71766,152.161,57.7924,2.37781,-86.2271,90.4499,-118.4
49,VBD_npp_d20250902_t1900055_x0983403E_y073644N_l0751_s2075_v23,2025-09-02 21:06:36,7.364430,98.340256,7.90827,2025-09-02 19:00:05,2025-09-03 02:00:05,751,2075,0.406828,1,2529,0.496456,0.0685025,0.871974,0.4,0.942728,0.75,0.000302241,0.0001,3.39647e-13,999999,-1.727085e-01,3,Thailand Exclusive Economic Zone,,,SVDNB_npp_d20250902_t1858434_e1900076_b71766_c20250902202635057000_oeac_ops.h5,GDNBO_npp_d20250902_t1858434_e1900076_b71766_c20250902202419882000_oeac_ops.h5,SVI04_npp_d20250902_t1858434_e1900076_b71766_c20250902202643623000_oeac_ops.dspace_rad,,eez_v11.shp,WPP_BFAR_merge.shp,vbd_mpa_r20170830.shp,VNF-VBD_npp_20120301-20151231_global_asia-enhanced_c201607211230.bitmask,vbd_landsea_r20220824.mask,timezone.shp,VBD_platforms-recurring_2015_r20170330.shp,999999,VBD_bridges_c20160811.shp,14.122167;12.311656;9.816022;4.968679;7.298583;9.219633,85.094513;99.171051;112.915886;111.630913;98.030373;84.189926,npp_d20250902_t1858434_e1900076_b71766;npp_d20250902_t1900088_e1901330_b71766;npp_d20250902_t1901342_e1902584_b71766;npp_d20250902_t1902596_e1904238_b71766,152.21,57.8963,2.40482,-70.9236,90.4052,-118.401
50,VBD_npp_d20250902_t1900073_x0983273E_y073263N_l0757_s2075_v23,2025-09-02 21:06:36,7.326342,98.327271,6.02269,2025-09-02 19:00:07,2025-09-03 02:00:07,757,2075,0.396727,1,2529,0.408696,0.0685025,0.860914,0.4,0.920926,0.75,0.000302241,0.0001,2.54404e-13,999999,2.609117e-02,3,Thailand Exclusive Economic Zone,,,SVDNB_npp_d20250902_t1858434_e1900076_b71766_c20250902202635057000_oeac_ops.h5,GDNBO_npp_d20250902_t1858434_e1900076_b71766_c20250902202419882000_oeac_ops.h5,SVI04_npp_d20250902_t1858434_e1900076_b71766_c20250902202643623000_oeac_ops.dspace_rad,,eez_v11.shp,WPP_BFAR_merge.shp,vbd_mpa_r20170830.shp,VNF-VBD_npp_20120301-20151231_global_asia-enhanced_c201607211230.bitmask,vbd_landsea_r20220824.mask,timezone.shp,VBD_platforms-recurring_2015_r20170330.shp,999999,VBD_bridges_c20160811.shp,14.122167;12.311656;9.816022;4.968679;7.298583;9.219633,85.094513;99.171051;112.915886;111.630913;98.030373;84.189926,npp_d20250902_t1858434_e1900076_b71766;npp_d20250902_t1900088_e1901330_b71766;npp_d20250902_t1901342_e1902584_b71766;npp_d20250902_t1902596_e1904238_b71766,152.235,57.9513,2.37519,-84.885,90.382,-118.402
51,VBD_npp_d20250902_t1859584_x0984455E_y078014N_l0684_s2076_v23,2025-09-02 21:06:36,7.801411,98.445473,4.88612,2025-09-02 18:59:58,2025-09-03 01:59:58,684,2076,0.351345,1,2529,0.241935,0.0685025,0.771104,0.4,0.758444,0.75,0.000301351,0.0001,2.30525e-13,999999,1.660885e-01,3,Thailand Exclusive Economic Zone,,,SVDNB_npp_d20250902_t1858434_e1900076_b71766_c20250902202635057000_oeac_ops.h5,GDNBO_npp_d20250902_t1858434_e1900076_b71766_c20250902202419882000_oeac_ops.h5,SVI04_npp_d20250902_t1858434_e1900076_b71766_c20250902202643623000_oeac_ops.dspace_rad,,eez_v11.shp,WPP_BFAR_merge.shp,vbd_mpa_r20170830.shp,VNF-VBD_npp_20120301-20151231_global_asia-enhanced_c201607211230.bitmask,vbd_landsea_r20220824.mask,timezone.shp,VBD_platforms-recurring_2015_r20170330.shp,999999,VBD_bridges_c20160811.shp,14.122167;12.311656;9.816022;4.968679;7.298583;9.219633,85.094513;99.171051;112.915886;111.630913;98.030373;84.189926,npp_d20250902_t1858434_e1900076_b71766;npp_d20250902_t1900088_e1901330_b71766;npp_d20250902_t1901342_e1902584_b71766;npp_d20250902_t1902596_e1904238_b71766,151.912,57.2863,2.44034,-75.1704,90.6798,-118.393
52,VBD_npp_d20250902_t1900020_x0984099E_y076244N_l0711_s2077_v23,2025-09-02 21:06:36,7.624390,98.409927,4.75787,2025-09-02 19:00:02,2025-09-03 02:00:02,711,2077,0.324102,1,2529,0.343864,0.0685025,0.783692,0.4,0.905156,0.75,0.000300461,0.0001,2.07034e-13,999999,5.717171e-02,3,Thailand Exclusive Economic Zone,,,SVDNB_npp_d20250902_t1858434_e1900076_b71766_c20250902202635057000_oeac_ops.h5,GDNBO_npp_d20250902_t1858434_e1900076_b71766_c20250902202419882000_oeac_ops.h5,SVI04_npp_d20250902_t1858434_e1900076_b71766_c20250902202643623000_oeac_ops.dspace_rad,,eez_v11.shp,WPP_BFAR_merge.shp,vbd_mpa_r20170830.shp,VNF-VBD_npp_20120301-20151231_global_asia-enhanced_c201607211230.bitmask,vbd_landsea_r20220824.mask,timezone.shp,VBD_platforms-recurring_2015_r20170330.shp,999999,VBD_bridges_c20160811.shp,14.122167;12.311656;9.816022;4.968679;7.298583;9.219633,85.094513;99.171051;112.915886;111.630913;98.030373;84.189926,npp_d20250902_t1858434_e1900076_b71766;npp_d20250902_t1900088_e1901330_b71766;npp_d20250902_t1901342_e1902584_b71766;npp_d20250902_t1902596_e1904238_b71766,152.025,57.5429,2.48725,-81.9801,90.5771,-118.395
53,VBD_npp_d20250902_t1900055_x0983683E_y074551N_l0737_s2077_v23,2025-09-02 21:06:36,7.455100,98.368309,4.05612,2025-09-02 19:00:05,2025-09-03 02:00:05,737,2077,0.380651,1,2529,0.285239,0.0685025,0.864704,0.4,0.860045,0.75,0.000300461,0.0001,1.891e-13,999999,1.222452e-02,3,Thailand Exclusive Economic Zone,,,SVDNB_npp_d20250902_t1858434_e1900076_b71766_c20250902202635057000_oeac_ops.h5,GDNBO_npp_d20250902_t1858434_e1900076_b71766_c20250902202419882000_oeac_ops.h5,SVI04_npp_d20250902_t1858434_e1900076_b71766_c20250902202643623000_oeac_ops.dspace_rad,,eez_v11.shp,WPP_BFAR_merge.shp,vbd_mpa_r20170830.shp,VNF-VBD_npp_20120301-20151231_global_asia-enhanced_c201607211230.bitmask,vbd_landsea_r20220824.mask,timezone.shp,VBD_platforms-recurring_2015_r20170330.shp,999999,VBD_bridges_c20160811.shp,14.122167;12.311656;9.816022;4.968679;7.298583;9.219633,85.094513;99.171051;112.915886;111.630913;98.030373;84.189926,npp_d20250902_t1858434_e1900076_b71766;npp_d20250902_t1900088_e1901330_b71766;npp_d20250902_t1901342_e1902584_b71766;npp_d20250902_t1902596_e1904238_b71766,152.138,57.7826,2.51431,-89.9372,90.4727,-118.398
54,VBD_npp_d20250902_t1900073_x0983332E_y072778N_l0764_s2077_v23,2025-09-02 21:06:36,7.277849,98.333183,3.80576,2025-09-02 19:00:07,2025-09-03 02:00:07,764,2077,0.309876,1,2529,0.286718,0.0685025,0.795505,0.4,0.864371,0.75,0.000300461,0.0001,2.93454e-13,999999,1.163018e-02,3,Thailand Exclusive Economic Zone,,,SVDNB_npp_d20250902_t1858434_e1900076_b71766_c20250902202635057000_oeac_ops.h5,GDNBO_npp_d20250902_t1858434_e1900076_b71766_c20250902202419882000_oeac_ops.h5,SVI04_npp_d20250902_t1858434_e1900076_b71766_c20250902202643623000_oeac_ops.dspace_rad,,eez_v11.shp,WPP_BFAR_merge.shp,vbd_mpa_r20170830.shp,VNF-VBD_npp_20120301-20151231_global_asia-enhanced_c201607211230.bitmask,vbd_landsea_r20220824.mask,timezone.shp,VBD_platforms-recurring_2015_r20170330.shp,999999,VBD_bridges_c20160811.shp,14.122167;12.311656;9.816022;4.968679;7.298583;9.219633,85.094513;99.171051;112.915886;111.630913;98.030373;84.189926,npp_d20250902_t1858434_e1900076_b71766;npp_d20250902_t1900088_e1901330_b71766;npp_d20250902_t1901342_e1902584_b71766;npp_d20250902_t1902596_e1904238_b71766,152.255,58.0361,2.49742,-75.3809,90.364,-118.4
55,VBD_npp_d20250902_t1859584_x0984672E_y078523N_l0676_s2078_v23,2025-09-02 21:06:36,7.852316,98.467232,2.42901,2025-09-02 18:59:58,2025-09-03 01:59:58,676,2078,0.341529,2,2465,0.128825,0.0685025,0.715563,0.4,0.594962,0.75,0.000299571,0.0001,1.5745e-13,999999,9.614066e-02,3,Thailand Exclusive Economic Zone,,,SVDNB_npp_d20250902_t1858434_e1900076_b71766_c20250902202635057000_oeac_ops.h5,GDNBO_npp_d20250902_t1858434_e1900076_b71766_c20250902202419882000_oeac_ops.h5,SVI04_npp_d20250902_t1858434_e1900076_b71766_c20250902202643623000_oeac_ops.dspace_rad,,eez_v11.shp,WPP_BFAR_merge.shp,vbd_mpa_r20170830.shp,VNF-VBD_npp_20120301-20151231_global_asia-enhanced_c201607211230.bitmask,vbd_landsea_r20220824.mask,timezone.shp,VBD_platforms-recurring_2015_r20170330.shp,999999,VBD_bridges_c20160811.shp,14.122167;12.311656;9.816022;4.968679;7.298583;9.219633,85.094513;99.171051;112.915886;111.630913;98.030373;84.189926,npp_d20250902_t1858434_e1900076_b71766;npp_d20250902_t1900088_e1901330_b71766;npp_d20250902_t1901342_e1902584_b71766;npp_d20250902_t1902596_e1904238_b71766,151.867,57.231,2.55293,-85.8489,90.7229,-118.391
56,VBD_npp_d20250902_t1900020_x0984092E_y075769N_l0718_s2078_v23,2025-09-02 21:06:36,7.576949,98.409172,1.82556,2025-09-02 19:00:02,2025-09-03 02:00:02,718,2078,0.282419,2,2465,0.130891,0.0685025,0.749619,0.4,0.682153,0.75,0.000299571,0.0001,2.50905e-13,999999,-1.388762e-02,3,Thailand Exclusive Economic Zone,,,SVDNB_npp_d20250902_t1858434_e1900076_b71766_c20250902202635057000_oeac_ops.h5,GDNBO_npp_d20250902_t1858434_e1900076_b71766_c20250902202419882000_oeac_ops.h5,SVI04_npp_d20250902_t1858434_e1900076_b71766_c20250902202643623000_oeac_ops.dspace_rad,,eez_v11.shp,WPP_BFAR_merge.shp,vbd_mpa_r20170830.shp,VNF-VBD_npp_20120301-20151231_global_asia-enhanced_c201607211230.bitmask,vbd_landsea_r20220824.mask,timezone.shp,VBD_platforms-recurring_2015_r20170330.shp,999999,VBD_bridges_c20160811.shp,14.122167;12.311656;9.816022;4.968679;7.298583;9.219633,85.094513;99.171051;112.915886;111.630913;98.030373;84.189926,npp_d20250902_t1858434_e1900076_b71766;npp_d20250902_t1900088_e1901330_b71766;npp_d20250902_t1901342_e1902584_b71766;npp_d20250902_t1902596_e1904238_b71766,152.051,57.6175,2.57036,-72.8811,90.5539,-118.395
57,VBD_npp_d20250902_t1900037_x0983835E_y074593N_l0736_s2078_v23,2025-09-02 21:06:36,7.459321,98.383537,4.22671,2025-09-02 19:00:03,2025-09-03 02:00:03,736,2078,0.376312,1,2529,0.270324,0.0685025,0.864704,0.4,0.831953,0.75,0.000299571,0.0001,2.83977e-13,999999,1.807066e-01,3,Thailand Exclusive Economic Zone,,,SVDNB_npp_d20250902_t1858434_e1900076_b71766_c20250902202635057000_oeac_ops.h5,GDNBO_npp_d20250902_t1858434_e1900076_b71766_c20250902202419882000_oeac_ops.h5,SVI04_npp_d20250902_t1858434_e1900076_b71766_c20250902202643623000_oeac_ops.dspace_rad,,eez_v11.shp,WPP_BFAR_merge.shp,vbd_mpa_r20170830.shp,VNF-VBD_npp_20120301-20151231_global_asia-enhanced_c201607211230.bitmask,vbd_landsea_r20220824.mask,timezone.shp,VBD_platforms-recurring_2015_r20170330.shp,999999,VBD_bridges_c20160811.shp,14.122167;12.311656;9.816022;4.968679;7.298583;9.219633,85.094513;99.171051;112.915886;111.630913;98.030373;84.189926,npp_d20250902_t1858434_e1900076_b71766;npp_d20250902_t1900088_e1901330_b71766;npp_d20250902_t1901342_e1902584_b71766;npp_d20250902_t1902596_e1904238_b71766,152.129,57.7846,2.59075,-70.395,90.4818,-118.397
58,VBD_npp_d20250902_t1900055_x0983707E_y074275N_l0741_s2078_v23,2025-09-02 21:06:36,7.427540,98.370735,1.68892,2025-09-02 19:00:05,2025-09-03 02:00:05,741,2078,0.39438,2,2465,0.106774,0.0685025,0.862384,0.4,0.64452,0.75,0.000299571,0.0001,2.07153e-13,999999,-2.306999e-03,3,Thailand Exclusive Economic Zone,,,SVDNB_npp_d20250902_t1858434_e1900076_b71766_c20250902202635057000_oeac_ops.h5,GDNBO_npp_d20250902_t1858434_e1900076_b71766_c20250902202419882000_oeac_ops.h5,SVI04_npp_d20250902_t1858434_e1900076_b71766_c20250902202643623000_oeac_ops.dspace_rad,,eez_v11.shp,WPP_BFAR_merge.shp,vbd_mpa_r20170830.shp,VNF-VBD_npp_20120301-20151231_global_asia-enhanced_c201607211230.bitmask,vbd_landsea_r20220824.mask,timezone.shp,VBD_platforms-recurring_2015_r20170330.shp,999999,VBD_bridges_c20160811.shp,14.122167;12.311656;9.816022;4.968679;7.298583;9.219633,85.094513;99.171051;112.915886;111.630913;98.030373;84.189926,npp_d20250902_t1858434_e1900076_b71766;npp_d20250902_t1900088_e1901330_b71766;npp_d20250902_t1901342_e1902584_b71766;npp_d20250902_t1902596_e1904238_b71766,152.15,57.8294,2.54661,-84.5775,90.4618,-118.397
59,VBD_npp_d20250902_t1900055_x0983805E_y074464N_l0738_s2079_v23,2025-09-02 21:06:36,7.446371,98.380539,7.66604,2025-09-02 19:00:05,2025-09-03 02:00:05,738,2079,0.392032,8,18913,0.464111,0.0685025,0.859842,0.4,0.907597,0.75,0.000298681,0.0001,1.77233e-13,999999,9.279575e-03,3,Thailand Exclusive Economic Zone,,,SVDNB_npp_d20250902_t1858434_e1900076_b71766_c20250902202635057000_oeac_ops.h5,GDNBO_npp_d20250902_t1858434_e1900076_b71766_c20250902202419882000_oeac_ops.h5,SVI04_npp_d20250902_t1858434_e1900076_b71766_c20250902202643623000_oeac_ops.dspace_rad,,eez_v11.shp,WPP_BFAR_merge.shp,vbd_mpa_r20170830.shp,VNF-VBD_npp_20120301-20151231_global_asia-enhanced_c201607211230.bitmask,vbd_landsea_r20220824.mask,timezone.shp,VBD_platforms-recurring_2015_r20170330.shp,0.544533,VBD_bridges_c20160811.shp,14.122167;12.311656;9.816022;4.968679;7.298583;9.219633,85.094513;99.171051;112.915886;111.630913;98.030373;84.189926,npp_d20250902_t1858434_e1900076_b71766;npp_d20250902_t1900088_e1901330_b71766;npp_d20250902_t1901342_e1902584_b71766;npp_d20250902_t1902596_e1904238_b71766,152.132,57.8104,2.62083,-88.2954,90.4793,-118.396
60,VBD_npp_d20250902_t1859584_x0984805E_y078502N_l0676_s2080_v23,2025-09-02 21:06:36,7.850209,98.480545,3.71595,2025-09-02 18:59:58,2025-09-03 01:59:58,676,2080,0.34722,8,18849,0.215026,0.0685025,0.638711,0.4,0.718044,0.75,0.000297791,0.0001,1.42263e-13,999999,-5.974855e-02,3,Thailand Exclusive Economic Zone,,,SVDNB_npp_d20250902_t1858434_e1900076_b71766_c20250902202635057000_oeac_ops.h5,GDNBO_npp_d20250902_t1858434_e1900076_b71766_c20250902202419882000_oeac_ops.h5,SVI04_npp_d20250902_t1858434_e1900076_b71766_c20250902202643623000_oeac_ops.dspace_rad,,eez_v11.shp,WPP_BFAR_merge.shp,vbd_mpa_r20170830.shp,VNF-VBD_npp_20120301-20151231_global_asia-enhanced_c201607211230.bitmask,vbd_landsea_r20220824.mask,timezone.shp,VBD_platforms-recurring_2015_r20170330.shp,0.95416,VBD_bridges_c20160811.shp,14.122167;12.311656;9.816022;4.968679;7.298583;9.219633,85.094513;99.171051;112.915886;111.630913;98.030373;84.189926,npp_d20250902_t1858434_e1900076_b71766;npp_d20250902_t1900088_e1901330_b71766;npp_d20250902_t1901342_e1902584_b71766;npp_d20250902_t1902596_e1904238_b71766,151.857,57.2494,2.66838,-85.641,90.7335,-118.389
61,VBD_npp_d20250902_t1900037_x0984112E_y074617N_l0735_s2082_v23,2025-09-02 21:06:36,7.461728,98.411171,2.73412,2025-09-02 19:00:03,2025-09-03 02:00:03,735,2082,0.366212,1,2529,0.210747,0.108972,0.859842,0.4,0.825689,0.75,0.00029601,0.0001,2.24466e-13,999999,4.988072e-01,3,Thailand Exclusive Economic Zone,,,SVDNB_npp_d20250902_t1858434_e1900076_b71766_c20250902202635057000_oeac_ops.h5,GDNBO_npp_d20250902_t1858434_e1900076_b71766_c20250902202419882000_oeac_ops.h5,SVI04_npp_d20250902_t1858434_e1900076_b71766_c20250902202643623000_oeac_ops.dspace_rad,,eez_v11.shp,WPP_BFAR_merge.shp,vbd_mpa_r20170830.shp,VNF-VBD_npp_20120301-20151231_global_asia-enhanced_c201607211230.bitmask,vbd_landsea_r20220824.mask,timezone.shp,VBD_platforms-recurring_2015_r20170330.shp,999999,VBD_bridges_c20160811.shp,14.122167;12.311656;9.816022;4.968679;7.298583;9.219633,85.094513;99.171051;112.915886;111.630913;98.030373;84.189926,npp_d20250902_t1858434_e1900076_b71766;npp_d20250902_t1900088_e1901330_b71766;npp_d20250902_t1901342_e1902584_b71766;npp_d20250902_t1902596_e1904238_b71766,152.105,57.812,2.80942,-72.4305,90.5071,-118.393
62,VBD_npp_d20250902_t1900055_x0984096E_y074146N_l0742_s2084_v23,2025-09-02 21:06:36,7.414595,98.409561,5.439,2025-09-02 19:00:05,2025-09-03 02:00:05,742,2084,0.386057,1,2529,0.374873,0.108972,0.841719,0.4,0.909673,0.75,0.000294334,0.0001,1.58489e-13,999999,-1.416861e-01,3,Thailand Exclusive Economic Zone,,,SVDNB_npp_d20250902_t1858434_e1900076_b71766_c20250902202635057000_oeac_ops.h5,GDNBO_npp_d20250902_t1858434_e1900076_b71766_c20250902202419882000_oeac_ops.h5,SVI04_npp_d20250902_t1858434_e1900076_b71766_c20250902202643623000_oeac_ops.dspace_rad,,eez_v11.shp,WPP_BFAR_merge.shp,vbd_mpa_r20170830.shp,VNF-VBD_npp_20120301-20151231_global_asia-enhanced_c201607211230.bitmask,vbd_landsea_r20220824.mask,timezone.shp,VBD_platforms-recurring_2015_r20170330.shp,999999,VBD_bridges_c20160811.shp,14.122167;12.311656;9.816022;4.968679;7.298583;9.219633,85.094513;99.171051;112.915886;111.630913;98.030373;84.189926,npp_d20250902_t1858434_e1900076_b71766;npp_d20250902_t1900088_e1901330_b71766;npp_d20250902_t1901342_e1902584_b71766;npp_d20250902_t1902596_e1904238_b71766,152.125,57.894,2.89091,-83.009,90.4895,-118.392
63,VBD_npp_d20250902_t1900073_x0983958E_y073291N_l0755_s2085_v23,2025-09-02 21:06:36,7.329078,98.395844,6.31616,2025-09-02 19:00:07,2025-09-03 02:00:07,755,2085,0.394949,1,2529,0.419135,0.108972,0.835928,0.4,0.904405,0.75,0.000293517,0.0001,1.43456e-13,999999,6.413569e-02,3,Thailand Exclusive Economic Zone,,,SVDNB_npp_d20250902_t1858434_e1900076_b71766_c20250902202635057000_oeac_ops.h5,GDNBO_npp_d20250902_t1858434_e1900076_b71766_c20250902202419882000_oeac_ops.h5,SVI04_npp_d20250902_t1858434_e1900076_b71766_c20250902202643623000_oeac_ops.dspace_rad,,eez_v11.shp,WPP_BFAR_merge.shp,vbd_mpa_r20170830.shp,VNF-VBD_npp_20120301-20151231_global_asia-enhanced_c201607211230.bitmask,vbd_landsea_r20220824.mask,timezone.shp,VBD_platforms-recurring_2015_r20170330.shp,999999,VBD_bridges_c20160811.shp,14.122167;12.311656;9.816022;4.968679;7.298583;9.219633,85.094513;99.171051;112.915886;111.630913;98.030373;84.189926,npp_d20250902_t1858434_e1900076_b71766;npp_d20250902_t1900088_e1901330_b71766;npp_d20250902_t1901342_e1902584_b71766;npp_d20250902_t1902596_e1904238_b71766,152.175,58.0241,2.96197,-86.3764,90.4431,-118.392
64,VBD_npp_d20250902_t1859531_x0985894E_y080969N_l0637_s2087_v23,2025-09-02 21:06:36,8.096937,98.589417,2.26705,2025-09-02 18:59:53,2025-09-03 01:59:53,637,2087,0.250624,2,2465,0.1377,0.108972,0.782353,0.4,0.670691,0.75,0.000267476,0.0001,1.13449e-13,999999,-1.823260e-01,1,,,,SVDNB_npp_d20250902_t1858434_e1900076_b71766_c20250902202635057000_oeac_ops.h5,GDNBO_npp_d20250902_t1858434_e1900076_b71766_c20250902202419882000_oeac_ops.h5,SVI04_npp_d20250902_t1858434_e1900076_b71766_c20250902202643623000_oeac_ops.dspace_rad,,eez_v11.shp,WPP_BFAR_merge.shp,vbd_mpa_r20170830.shp,VNF-VBD_npp_20120301-20151231_global_asia-enhanced_c201607211230.bitmask,vbd_landsea_r20220824.mask,timezone.shp,VBD_platforms-recurring_2015_r20170330.shp,999999,VBD_bridges_c20160811.shp,14.122167;12.311656;9.816022;4.968679;7.298583;9.219633,85.094513;99.171051;112.915886;111.630913;98.030373;84.189926,npp_d20250902_t1858434_e1900076_b71766;npp_d20250902_t1900088_e1901330_b71766;npp_d20250902_t1901342_e1902584_b71766;npp_d20250902_t1902596_e1904238_b71766,151.651,56.9625,3.08207,-75.3289,90.927,-118.377
65,VBD_npp_d20250902_t1900055_x0984487E_y073608N_l0749_s2091_v23,2025-09-02 21:06:36,7.360798,98.448738,9.69642,2025-09-02 19:00:05,2025-09-03 02:00:05,749,2091,0.413656,1,2529,0.557428,0.108972,0.880939,0.4,0.949075,0.75,0.00028861,0.0001,1.41174e-13,999999,6.414871e-02,3,Thailand Exclusive Economic Zone,,,SVDNB_npp_d20250902_t1858434_e1900076_b71766_c20250902202635057000_oeac_ops.h5,GDNBO_npp_d20250902_t1858434_e1900076_b71766_c20250902202419882000_oeac_ops.h5,SVI04_npp_d20250902_t1858434_e1900076_b71766_c20250902202643623000_oeac_ops.dspace_rad,,eez_v11.shp,WPP_BFAR_merge.shp,vbd_mpa_r20170830.shp,VNF-VBD_npp_20120301-20151231_global_asia-enhanced_c201607211230.bitmask,vbd_landsea_r20220824.mask,timezone.shp,VBD_platforms-recurring_2015_r20170330.shp,999999,VBD_bridges_c20160811.shp,14.122167;12.311656;9.816022;4.968679;7.298583;9.219633,85.094513;99.171051;112.915886;111.630913;98.030373;84.189926,npp_d20250902_t1858434_e1900076_b71766;npp_d20250902_t1900088_e1901330_b71766;npp_d20250902_t1901342_e1902584_b71766;npp_d20250902_t1902596_e1904238_b71766,152.12,58.0242,3.30835,-75.7281,90.4981,-118.387
66,VBD_npp_d20250902_t1900073_x0984435E_y073283N_l0754_s2092_v23,2025-09-02 21:06:36,7.328336,98.443459,1.97857,2025-09-02 19:00:07,2025-09-03 02:00:07,754,2092,0.389472,1,2529,0.156944,0.108972,0.869909,0.4,0.770227,0.75,0.000287792,0.0001,9.66051e-14,999999,6.057841e-02,3,Thailand Exclusive Economic Zone,,,SVDNB_npp_d20250902_t1858434_e1900076_b71766_c20250902202635057000_oeac_ops.h5,GDNBO_npp_d20250902_t1858434_e1900076_b71766_c20250902202419882000_oeac_ops.h5,SVI04_npp_d20250902_t1858434_e1900076_b71766_c20250902202643623000_oeac_ops.dspace_rad,,eez_v11.shp,WPP_BFAR_merge.shp,vbd_mpa_r20170830.shp,VNF-VBD_npp_20120301-20151231_global_asia-enhanced_c201607211230.bitmask,vbd_landsea_r20220824.mask,timezone.shp,VBD_platforms-recurring_2015_r20170330.shp,999999,VBD_bridges_c20160811.shp,14.122167;12.311656;9.816022;4.968679;7.298583;9.219633,85.094513;99.171051;112.915886;111.630913;98.030373;84.189926,npp_d20250902_t1858434_e1900076_b71766;npp_d20250902_t1900088_e1901330_b71766;npp_d20250902_t1901342_e1902584_b71766;npp_d20250902_t1902596_e1904238_b71766,152.136,58.0787,3.37124,-86.7181,90.4843,-118.386
67,VBD_npp_d20250902_t1900055_x0984918E_y073744N_l0746_s2097_v23,2025-09-02 21:06:36,7.374351,98.491837,5.13067,2025-09-02 19:00:05,2025-09-03 02:00:05,746,2097,0.414723,1,2529,0.369507,0.108972,0.874334,0.4,0.912312,0.75,0.000283703,0.0001,9.30788e-14,999999,5.899780e-02,3,Thailand Exclusive Economic Zone,,,SVDNB_npp_d20250902_t1858434_e1900076_b71766_c20250902202635057000_oeac_ops.h5,GDNBO_npp_d20250902_t1858434_e1900076_b71766_c20250902202419882000_oeac_ops.h5,SVI04_npp_d20250902_t1858434_e1900076_b71766_c20250902202643623000_oeac_ops.dspace_rad,,eez_v11.shp,WPP_BFAR_merge.shp,vbd_mpa_r20170830.shp,VNF-VBD_npp_20120301-20151231_global_asia-enhanced_c201607211230.bitmask,vbd_landsea_r20220824.mask,timezone.shp,VBD_platforms-recurring_2015_r20170330.shp,999999,VBD_bridges_c20160811.shp,14.122167;12.311656;9.816022;4.968679;7.298583;9.219633,85.094513;99.171051;112.915886;111.630913;98.030373;84.189926,npp_d20250902_t1858434_e1900076_b71766;npp_d20250902_t1900088_e1901330_b71766;npp_d20250902_t1901342_e1902584_b71766;npp_d20250902_t1902596_e1904238_b71766,152.077,58.0507,3.64429,-78.9577,90.5421,-118.381
68,VBD_npp_d20250902_t1900037_x0985264E_y074570N_l0733_s2099_v23,2025-09-02 21:06:36,7.457005,98.526421,4.69262,2025-09-02 19:00:03,2025-09-03 02:00:03,733,2099,0.381718,1,2529,0.341614,0.108972,0.822614,0.4,0.924582,0.75,0.000282067,0.0001,8.69558e-14,999999,-9.751798e-02,3,Thailand Exclusive Economic Zone,,,SVDNB_npp_d20250902_t1858434_e1900076_b71766_c20250902202635057000_oeac_ops.h5,GDNBO_npp_d20250902_t1858434_e1900076_b71766_c20250902202419882000_oeac_ops.h5,SVI04_npp_d20250902_t1858434_e1900076_b71766_c20250902202643623000_oeac_ops.dspace_rad,,eez_v11.shp,WPP_BFAR_merge.shp,vbd_mpa_r20170830.shp,VNF-VBD_npp_20120301-20151231_global_asia-enhanced_c201607211230.bitmask,vbd_landsea_r20220824.mask,timezone.shp,VBD_platforms-recurring_2015_r20170330.shp,999999,VBD_bridges_c20160811.shp,14.122167;12.311656;9.816022;4.968679;7.298583;9.219633,85.094513;99.171051;112.915886;111.630913;98.030373;84.189926,npp_d20250902_t1858434_e1900076_b71766;npp_d20250902_t1900088_e1901330_b71766;npp_d20250902_t1901342_e1902584_b71766;npp_d20250902_t1902596_e1904238_b71766,152.01,57.949,3.77497,-76.4101,90.6053,-118.378
69,VBD_npp_d20250902_t1900037_x0985243E_y074437N_l0735_s2099_v23,2025-09-02 21:06:36,7.443738,98.524307,2.70048,2025-09-02 19:00:03,2025-09-03 02:00:03,735,2099,0.369555,1,2529,0.205848,0.108972,0.868954,0.4,0.862155,0.75,0.000282067,0.0001,9.31712e-14,999999,4.791637e-03,3,Thailand Exclusive Economic Zone,,,SVDNB_npp_d20250902_t1858434_e1900076_b71766_c20250902202635057000_oeac_ops.h5,GDNBO_npp_d20250902_t1858434_e1900076_b71766_c20250902202419882000_oeac_ops.h5,SVI04_npp_d20250902_t1858434_e1900076_b71766_c20250902202643623000_oeac_ops.dspace_rad,,eez_v11.shp,WPP_BFAR_merge.shp,vbd_mpa_r20170830.shp,VNF-VBD_npp_20120301-20151231_global_asia-enhanced_c201607211230.bitmask,vbd_landsea_r20220824.mask,timezone.shp,VBD_platforms-recurring_2015_r20170330.shp,999999,VBD_bridges_c20160811.shp,14.122167;12.311656;9.816022;4.968679;7.298583;9.219633,85.094513;99.171051;112.915886;111.630913;98.030373;84.189926,npp_d20250902_t1858434_e1900076_b71766;npp_d20250902_t1900088_e1901330_b71766;npp_d20250902_t1901342_e1902584_b71766;npp_d20250902_t1902596_e1904238_b71766,152.019,57.9678,3.78591,-74.6609,90.5972,-118.378
70,VBD_npp_d20250902_t1900055_x0985136E_y074253N_l0738_s2099_v23,2025-09-02 21:06:36,7.425304,98.513618,4.39948,2025-09-02 19:00:05,2025-09-03 02:00:05,738,2099,0.403129,1,2529,0.336579,0.108972,0.868954,0.4,0.910913,0.75,0.000282067,0.0001,6.31344e-14,999999,-1.377590e-01,3,Thailand Exclusive Economic Zone,,,SVDNB_npp_d20250902_t1858434_e1900076_b71766_c20250902202635057000_oeac_ops.h5,GDNBO_npp_d20250902_t1858434_e1900076_b71766_c20250902202419882000_oeac_ops.h5,SVI04_npp_d20250902_t1858434_e1900076_b71766_c20250902202643623000_oeac_ops.dspace_rad,,eez_v11.shp,WPP_BFAR_merge.shp,vbd_mpa_r20170830.shp,VNF-VBD_npp_20120301-20151231_global_asia-enhanced_c201607211230.bitmask,vbd_landsea_r20220824.mask,timezone.shp,VBD_platforms-recurring_2015_r20170330.shp,999999,VBD_bridges_c20160811.shp,14.122167;12.311656;9.816022;4.968679;7.298583;9.219633,85.094513;99.171051;112.915886;111.630913;98.030373;84.189926,npp_d20250902_t1858434_e1900076_b71766;npp_d20250902_t1900088_e1901330_b71766;npp_d20250902_t1901342_e1902584_b71766;npp_d20250902_t1902596_e1904238_b71766,152.032,57.9936,3.77291,-86.0773,90.5853,-118.379
71,VBD_npp_d20250902_t1900055_x0985094E_y073988N_l0742_s2099_v23,2025-09-02 21:06:36,7.398770,98.509384,5.92748,2025-09-02 19:00:05,2025-09-03 02:00:05,742,2099,0.410669,1,2529,0.423005,0.108972,0.875921,0.4,0.918831,0.75,0.000282067,0.0001,7.27911e-14,999999,5.066570e-02,3,Thailand Exclusive Economic Zone,,,SVDNB_npp_d20250902_t1858434_e1900076_b71766_c20250902202635057000_oeac_ops.h5,GDNBO_npp_d20250902_t1858434_e1900076_b71766_c20250902202419882000_oeac_ops.h5,SVI04_npp_d20250902_t1858434_e1900076_b71766_c20250902202643623000_oeac_ops.dspace_rad,,eez_v11.shp,WPP_BFAR_merge.shp,vbd_mpa_r20170830.shp,VNF-VBD_npp_20120301-20151231_global_asia-enhanced_c201607211230.bitmask,vbd_landsea_r20220824.mask,timezone.shp,VBD_platforms-recurring_2015_r20170330.shp,999999,VBD_bridges_c20160811.shp,14.122167;12.311656;9.816022;4.968679;7.298583;9.219633,85.094513;99.171051;112.915886;111.630913;98.030373;84.189926,npp_d20250902_t1858434_e1900076_b71766;npp_d20250902_t1900088_e1901330_b71766;npp_d20250902_t1901342_e1902584_b71766;npp_d20250902_t1902596_e1904238_b71766,152.049,58.0313,3.75937,-82.5555,90.569,-118.379
72,VBD_npp_d20250902_t1859121_x0992313E_y104665N_l0272_s2101_v23,2025-09-02 21:06:36,10.466475,99.231262,4.34906,2025-09-02 18:59:12,2025-09-03 01:59:12,272,2101,0.338969,2,2337,0.13024,0.055,0.789835,0.4,0.620916,0.75,7.7873e-05,0.0001,1.38898e-14,999999,-3.596566e-01,3,Thailand Exclusive Economic Zone,,,SVDNB_npp_d20250902_t1858434_e1900076_b71766_c20250902202635057000_oeac_ops.h5,GDNBO_npp_d20250902_t1858434_e1900076_b71766_c20250902202419882000_oeac_ops.h5,SVI04_npp_d20250902_t1858434_e1900076_b71766_c20250902202643623000_oeac_ops.dspace_rad,,eez_v11.shp,WPP_BFAR_merge.shp,vbd_mpa_r20170830.shp,VNF-VBD_npp_20120301-20151231_global_asia-enhanced_c201607211230.bitmask,vbd_landsea_r20220824.mask,timezone.shp,VBD_platforms-recurring_2015_r20170330.shp,999999,VBD_bridges_c20160811.shp,14.122167;12.311656;9.816022;4.968679;7.298583;9.219633,85.094513;99.171051;112.915886;111.630913;98.030373;84.189926,npp_d20250902_t1858434_e1900076_b71766;npp_d20250902_t1900088_e1901330_b71766;npp_d20250902_t1901342_e1902584_b71766;npp_d20250902_t1902596_e1904238_b71766,149.924,54.0171,3.90421,-73.8635,92.4657,-118.275
73,VBD_npp_d20250902_t1900002_x0985967E_y077237N_l0692_s2101_v23,2025-09-02 21:06:36,7.723691,98.596687,2.66133,2025-09-02 19:00:00,2025-09-03 02:00:00,692,2101,0.304114,1,2529,0.193762,0.108972,0.773611,0.4,0.80723,0.75,0.000280432,0.0001,5.04218e-14,999999,8.076065e-02,3,Thailand Exclusive Economic Zone,,,SVDNB_npp_d20250902_t1858434_e1900076_b71766_c20250902202635057000_oeac_ops.h5,GDNBO_npp_d20250902_t1858434_e1900076_b71766_c20250902202419882000_oeac_ops.h5,SVI04_npp_d20250902_t1858434_e1900076_b71766_c20250902202643623000_oeac_ops.dspace_rad,,eez_v11.shp,WPP_BFAR_merge.shp,vbd_mpa_r20170830.shp,VNF-VBD_npp_20120301-20151231_global_asia-enhanced_c201607211230.bitmask,vbd_landsea_r20220824.mask,timezone.shp,VBD_platforms-recurring_2015_r20170330.shp,999999,VBD_bridges_c20160811.shp,14.122167;12.311656;9.816022;4.968679;7.298583;9.219633,85.094513;99.171051;112.915886;111.630913;98.030373;84.189926,npp_d20250902_t1858434_e1900076_b71766;npp_d20250902_t1900088_e1901330_b71766;npp_d20250902_t1901342_e1902584_b71766;npp_d20250902_t1902596_e1904238_b71766,151.822,57.5885,3.88306,-84.2297,90.7809,-118.371
74,VBD_npp_d20250902_t1859121_x0992423E_y104919N_l0268_s2102_v23,2025-09-02 21:06:36,10.491926,99.242287,6.25738,2025-09-02 18:59:12,2025-09-03 01:59:12,268,2102,0.34914,2,2337,0.23387,0.055,0.780881,0.4,0.6781,0.75,7.60925e-05,0.0001,1.13161e-14,999999,-2.123097e-01,1,Thailand Exclusive Economic Zone,,,SVDNB_npp_d20250902_t1858434_e1900076_b71766_c20250902202635057000_oeac_ops.h5,GDNBO_npp_d20250902_t1858434_e1900076_b71766_c20250902202419882000_oeac_ops.h5,SVI04_npp_d20250902_t1858434_e1900076_b71766_c20250902202643623000_oeac_ops.dspace_rad,,eez_v11.shp,WPP_BFAR_merge.shp,vbd_mpa_r20170830.shp,VNF-VBD_npp_20120301-20151231_global_asia-enhanced_c201607211230.bitmask,vbd_landsea_r20220824.mask,timezone.shp,VBD_platforms-recurring_2015_r20170330.shp,999999,VBD_bridges_c20160811.shp,14.122167;12.311656;9.816022;4.968679;7.298583;9.219633,85.094513;99.171051;112.915886;111.630913;98.030373;84.189926,npp_d20250902_t1858434_e1900076_b71766;npp_d20250902_t1900088_e1901330_b71766;npp_d20250902_t1901342_e1902584_b71766;npp_d20250902_t1902596_e1904238_b71766,149.9,53.9945,3.94063,-77.3145,92.4873,-118.273
75,VBD_npp_d20250902_t1900002_x0986090E_y077149N_l0693_s2103_v23,2025-09-02 21:06:36,7.714942,98.608963,5.3562,2025-09-02 19:00:00,2025-09-03 02:00:00,693,2103,0.323889,1,2529,0.356883,0.108972,0.761487,0.4,0.869966,0.75,0.000278796,0.0001,4.69361e-14,999999,4.840343e-02,3,Thailand Exclusive Economic Zone,,,SVDNB_npp_d20250902_t1858434_e1900076_b71766_c20250902202635057000_oeac_ops.h5,GDNBO_npp_d20250902_t1858434_e1900076_b71766_c20250902202419882000_oeac_ops.h5,SVI04_npp_d20250902_t1858434_e1900076_b71766_c20250902202643623000_oeac_ops.dspace_rad,,eez_v11.shp,WPP_BFAR_merge.shp,vbd_mpa_r20170830.shp,VNF-VBD_npp_20120301-20151231_global_asia-enhanced_c201607211230.bitmask,vbd_landsea_r20220824.mask,timezone.shp,VBD_platforms-recurring_2015_r20170330.shp,999999,VBD_bridges_c20160811.shp,14.122167;12.311656;9.816022;4.968679;7.298583;9.219633,85.094513;99.171051;112.915886;111.630913;98.030373;84.189926,npp_d20250902_t1858434_e1900076_b71766;npp_d20250902_t1900088_e1901330_b71766;npp_d20250902_t1901342_e1902584_b71766;npp_d20250902_t1902596_e1904238_b71766,151.816,57.6161,3.99596,-83.3068,90.7874,-118.37
76,VBD_npp_d20250902_t1900002_x0986068E_y077017N_l0695_s2103_v23,2025-09-02 21:06:36,7.701674,98.606834,3.59771,2025-09-02 19:00:00,2025-09-03 02:00:00,695,2103,0.322822,1,2529,0.26348,0.108972,0.744733,0.4,0.839592,0.75,0.000278796,0.0001,5.04079e-14,999999,1.674526e-01,3,Thailand Exclusive Economic Zone,,,SVDNB_npp_d20250902_t1858434_e1900076_b71766_c20250902202635057000_oeac_ops.h5,GDNBO_npp_d20250902_t1858434_e1900076_b71766_c20250902202419882000_oeac_ops.h5,SVI04_npp_d20250902_t1858434_e1900076_b71766_c20250902202643623000_oeac_ops.dspace_rad,,eez_v11.shp,WPP_BFAR_merge.shp,vbd_mpa_r20170830.shp,VNF-VBD_npp_20120301-20151231_global_asia-enhanced_c201607211230.bitmask,vbd_landsea_r20220824.mask,timezone.shp,VBD_platforms-recurring_2015_r20170330.shp,999999,VBD_bridges_c20160811.shp,14.122167;12.311656;9.816022;4.968679;7.298583;9.219633,85.094513;99.171051;112.915886;111.630913;98.030373;84.189926,npp_d20250902_t1858434_e1900076_b71766;npp_d20250902_t1900088_e1901330_b71766;npp_d20250902_t1901342_e1902584_b71766;npp_d20250902_t1902596_e1904238_b71766,151.825,57.6346,3.99288,-81.6444,90.7793,-118.37
77,VBD_npp_d20250902_t1859193_x0991751E_y100420N_l0336_s2107_v23,2025-09-02 21:06:36,10.042032,99.175087,5.39018,2025-09-02 18:59:19,2025-09-03 01:59:19,336,2107,0.29316,1,2401,0.269413,0.055,0.750354,0.4,0.779827,0.75,9.15878e-05,0.0001,1.28107e-14,999999,-3.825766e-01,3,Thailand Exclusive Economic Zone,,,SVDNB_npp_d20250902_t1858434_e1900076_b71766_c20250902202635057000_oeac_ops.h5,GDNBO_npp_d20250902_t1858434_e1900076_b71766_c20250902202419882000_oeac_ops.h5,SVI04_npp_d20250902_t1858434_e1900076_b71766_c20250902202643623000_oeac_ops.dspace_rad,,eez_v11.shp,WPP_BFAR_merge.shp,vbd_mpa_r20170830.shp,VNF-VBD_npp_20120301-20151231_global_asia-enhanced_c201607211230.bitmask,vbd_landsea_r20220824.mask,timezone.shp,VBD_platforms-recurring_2015_r20170330.shp,999999,VBD_bridges_c20160811.shp,14.122167;12.311656;9.816022;4.968679;7.298583;9.219633,85.094513;99.171051;112.915886;111.630913;98.030373;84.189926,npp_d20250902_t1858434_e1900076_b71766;npp_d20250902_t1900088_e1901330_b71766;npp_d20250902_t1901342_e1902584_b71766;npp_d20250902_t1902596_e1904238_b71766,150.193,54.5844,4.24949,-74.4628,92.2408,-118.289
78,VBD_npp_d20250902_t1859121_x0992859E_y105054N_l0265_s2108_v23,2025-09-02 21:06:36,10.505394,99.285851,1.26261,2025-09-02 18:59:12,2025-09-03 01:59:12,265,2108,0.371475,2,2337,0.0597857,0.055,0.748844,0.4,0.486791,0.75,7.26958e-05,0.0001,7.15327e-15,999999,-2.134422e-01,3,Thailand Exclusive Economic Zone,,,SVDNB_npp_d20250902_t1858434_e1900076_b71766_c20250902202635057000_oeac_ops.h5,GDNBO_npp_d20250902_t1858434_e1900076_b71766_c20250902202419882000_oeac_ops.h5,SVI04_npp_d20250902_t1858434_e1900076_b71766_c20250902202643623000_oeac_ops.dspace_rad,,eez_v11.shp,WPP_BFAR_merge.shp,vbd_mpa_r20170830.shp,VNF-VBD_npp_20120301-20151231_global_asia-enhanced_c201607211230.bitmask,vbd_landsea_r20220824.mask,timezone.shp,VBD_platforms-recurring_2015_r20170330.shp,999999,VBD_bridges_c20160811.shp,14.122167;12.311656;9.816022;4.968679;7.298583;9.219633,85.094513;99.171051;112.915886;111.630913;98.030373;84.189926,npp_d20250902_t1858434_e1900076_b71766;npp_d20250902_t1900088_e1901330_b71766;npp_d20250902_t1901342_e1902584_b71766;npp_d20250902_t1902596_e1904238_b71766,149.858,54.0271,4.28131,-79.9283,92.5313,-118.265
79,VBD_npp_d20250902_t1859531_x0987460E_y080924N_l0634_s2110_v23,2025-09-02 21:06:36,8.092439,98.745995,5.81014,2025-09-02 18:59:53,2025-09-03 01:59:53,634,2110,0.158509,2,2465,0.262958,0.108972,0.65936,0.4,0.738893,0.75,0.000247189,0.0001,2.97238e-14,999999,-2.542820e-01,1,Thailand Exclusive Economic Zone,,,SVDNB_npp_d20250902_t1858434_e1900076_b71766_c20250902202635057000_oeac_ops.h5,GDNBO_npp_d20250902_t1858434_e1900076_b71766_c20250902202419882000_oeac_ops.h5,SVI04_npp_d20250902_t1858434_e1900076_b71766_c20250902202643623000_oeac_ops.dspace_rad,,eez_v11.shp,WPP_BFAR_merge.shp,vbd_mpa_r20170830.shp,VNF-VBD_npp_20120301-20151231_global_asia-enhanced_c201607211230.bitmask,vbd_landsea_r20220824.mask,timezone.shp,VBD_platforms-recurring_2015_r20170330.shp,999999,VBD_bridges_c20160811.shp,14.122167;12.311656;9.816022;4.968679;7.298583;9.219633,85.094513;99.171051;112.915886;111.630913;98.030373;84.189926,npp_d20250902_t1858434_e1900076_b71766;npp_d20250902_t1900088_e1901330_b71766;npp_d20250902_t1901342_e1902584_b71766;npp_d20250902_t1902596_e1904238_b71766,151.523,57.1474,4.40135,-79.2993,91.0612,-118.355
80,VBD_npp_d20250902_t1900020_x0986275E_y075763N_l0713_s2110_v23,2025-09-02 21:06:36,7.576250,98.627548,3.13677,2025-09-02 19:00:02,2025-09-03 02:00:02,713,2110,0.307031,1,2529,0.239208,0.108972,0.697209,0.4,0.829102,0.75,0.000273072,0.0001,3.9443e-14,999999,-1.515308e-01,3,Thailand Exclusive Economic Zone,,,SVDNB_npp_d20250902_t1858434_e1900076_b71766_c20250902202635057000_oeac_ops.h5,GDNBO_npp_d20250902_t1858434_e1900076_b71766_c20250902202419882000_oeac_ops.h5,SVI04_npp_d20250902_t1858434_e1900076_b71766_c20250902202643623000_oeac_ops.dspace_rad,,eez_v11.shp,WPP_BFAR_merge.shp,vbd_mpa_r20170830.shp,VNF-VBD_npp_20120301-20151231_global_asia-enhanced_c201607211230.bitmask,vbd_landsea_r20220824.mask,timezone.shp,VBD_platforms-recurring_2015_r20170330.shp,999999,VBD_bridges_c20160811.shp,14.122167;12.311656;9.816022;4.968679;7.298583;9.219633,85.094513;99.171051;112.915886;111.630913;98.030373;84.189926,npp_d20250902_t1858434_e1900076_b71766;npp_d20250902_t1900088_e1901330_b71766;npp_d20250902_t1901342_e1902584_b71766;npp_d20250902_t1902596_e1904238_b71766,151.868,57.8644,4.39887,-80.0587,90.744,-118.366
81,VBD_npp_d20250902_t1900037_x0985987E_y074387N_l0734_s2110_v23,2025-09-02 21:06:36,7.438692,98.598694,2.09689,2025-09-02 19:00:03,2025-09-03 02:00:03,734,2110,0.408962,1,2529,0.161239,0.108972,0.760956,0.4,0.798648,0.75,0.000273072,0.0001,4.98877e-14,999999,1.910486e-01,3,Thailand Exclusive Economic Zone,,,SVDNB_npp_d20250902_t1858434_e1900076_b71766_c20250902202635057000_oeac_ops.h5,GDNBO_npp_d20250902_t1858434_e1900076_b71766_c20250902202419882000_oeac_ops.h5,SVI04_npp_d20250902_t1858434_e1900076_b71766_c20250902202643623000_oeac_ops.dspace_rad,,eez_v11.shp,WPP_BFAR_merge.shp,vbd_mpa_r20170830.shp,VNF-VBD_npp_20120301-20151231_global_asia-enhanced_c201607211230.bitmask,vbd_landsea_r20220824.mask,timezone.shp,VBD_platforms-recurring_2015_r20170330.shp,999999,VBD_bridges_c20160811.shp,14.122167;12.311656;9.816022;4.968679;7.298583;9.219633,85.094513;99.171051;112.915886;111.630913;98.030373;84.189926,npp_d20250902_t1858434_e1900076_b71766;npp_d20250902_t1900088_e1901330_b71766;npp_d20250902_t1901342_e1902584_b71766;npp_d20250902_t1902596_e1904238_b71766,151.959,58.059,4.41468,-76.3236,90.6597,-118.368
82,VBD_npp_d20250902_t1900037_x0986032E_y074244N_l0736_s2111_v23,2025-09-02 21:06:36,7.424352,98.603241,6.75422,2025-09-02 19:00:03,2025-09-03 02:00:03,736,2111,0.409886,1,2529,0.414963,0.108972,0.790541,0.4,0.920315,0.75,0.000272254,0.0001,5.06299e-14,999999,6.328796e-02,3,Thailand Exclusive Economic Zone,,,SVDNB_npp_d20250902_t1858434_e1900076_b71766_c20250902202635057000_oeac_ops.h5,GDNBO_npp_d20250902_t1858434_e1900076_b71766_c20250902202419882000_oeac_ops.h5,SVI04_npp_d20250902_t1858434_e1900076_b71766_c20250902202643623000_oeac_ops.dspace_rad,,eez_v11.shp,WPP_BFAR_merge.shp,vbd_mpa_r20170830.shp,VNF-VBD_npp_20120301-20151231_global_asia-enhanced_c201607211230.bitmask,vbd_landsea_r20220824.mask,timezone.shp,VBD_platforms-recurring_2015_r20170330.shp,999999,VBD_bridges_c20160811.shp,14.122167;12.311656;9.816022;4.968679;7.298583;9.219633,85.094513;99.171051;112.915886;111.630913;98.030373;84.189926,npp_d20250902_t1858434_e1900076_b71766;npp_d20250902_t1900088_e1901330_b71766;npp_d20250902_t1901342_e1902584_b71766;npp_d20250902_t1902596_e1904238_b71766,151.963,58.0869,4.48311,-74.9066,90.6568,-118.368
83,VBD_npp_d20250902_t1859104_x0993295E_y105594N_l0256_s2112_v23,2025-09-02 21:06:36,10.559389,99.329506,4.09794,2025-09-02 18:59:10,2025-09-03 01:59:10,256,2112,0.352341,1,2401,0.279533,0.055,0.762861,0.4,0.829148,0.75,6.8177e-05,0.0001,6.85895e-15,999999,1.511051e-01,3,Thailand Exclusive Economic Zone,,,SVDNB_npp_d20250902_t1858434_e1900076_b71766_c20250902202635057000_oeac_ops.h5,GDNBO_npp_d20250902_t1858434_e1900076_b71766_c20250902202419882000_oeac_ops.h5,SVI04_npp_d20250902_t1858434_e1900076_b71766_c20250902202643623000_oeac_ops.dspace_rad,,eez_v11.shp,WPP_BFAR_merge.shp,vbd_mpa_r20170830.shp,VNF-VBD_npp_20120301-20151231_global_asia-enhanced_c201607211230.bitmask,vbd_landsea_r20220824.mask,timezone.shp,VBD_platforms-recurring_2015_r20170330.shp,999999,VBD_bridges_c20160811.shp,14.122167;12.311656;9.816022;4.968679;7.298583;9.219633,85.094513;99.171051;112.915886;111.630913;98.030373;84.189926,npp_d20250902_t1858434_e1900076_b71766;npp_d20250902_t1900088_e1901330_b71766;npp_d20250902_t1901342_e1902584_b71766;npp_d20250902_t1902596_e1904238_b71766,149.797,53.9946,4.53815,-74.8695,92.5885,-118.258
84,VBD_npp_d20250902_t1859246_x0991446E_y097695N_l0377_s2112_v23,2025-09-02 21:06:36,9.769518,99.144577,3.01189,2025-09-02 18:59:24,2025-09-03 01:59:24,377,2112,0.149405,2,2337,0.114658,0.055,0.640122,0.4,0.492168,0.75,9.81292e-05,0.0001,8.99711e-15,999999,-1.668995e-01,1,Thailand Exclusive Economic Zone,,,SVDNB_npp_d20250902_t1858434_e1900076_b71766_c20250902202635057000_oeac_ops.h5,GDNBO_npp_d20250902_t1858434_e1900076_b71766_c20250902202419882000_oeac_ops.h5,SVI04_npp_d20250902_t1858434_e1900076_b71766_c20250902202643623000_oeac_ops.dspace_rad,,eez_v11.shp,WPP_BFAR_merge.shp,vbd_mpa_r20170830.shp,VNF-VBD_npp_20120301-20151231_global_asia-enhanced_c201607211230.bitmask,vbd_landsea_r20220824.mask,timezone.shp,VBD_platforms-recurring_2015_r20170330.shp,999999,VBD_bridges_c20160811.shp,14.122167;12.311656;9.816022;4.968679;7.298583;9.219633,85.094513;99.171051;112.915886;111.630913;98.030373;84.189926,npp_d20250902_t1858434_e1900076_b71766;npp_d20250902_t1900088_e1901330_b71766;npp_d20250902_t1901342_e1902584_b71766;npp_d20250902_t1902596_e1904238_b71766,150.357,54.9646,4.51883,-80.0273,92.1038,-118.296
85,VBD_npp_d20250902_t1900055_x0985855E_y073186N_l0752_s2112_v23,2025-09-02 21:06:36,7.318619,98.585464,1.4888,2025-09-02 19:00:05,2025-09-03 02:00:05,752,2112,0.401066,1,2529,0.124579,0.108972,0.71115,0.4,0.793339,0.75,0.000271436,0.0001,5.13294e-14,999999,-1.133510e-01,3,Thailand Exclusive Economic Zone,,,SVDNB_npp_d20250902_t1858434_e1900076_b71766_c20250902202635057000_oeac_ops.h5,GDNBO_npp_d20250902_t1858434_e1900076_b71766_c20250902202419882000_oeac_ops.h5,SVI04_npp_d20250902_t1858434_e1900076_b71766_c20250902202643623000_oeac_ops.dspace_rad,,eez_v11.shp,WPP_BFAR_merge.shp,vbd_mpa_r20170830.shp,VNF-VBD_npp_20120301-20151231_global_asia-enhanced_c201607211230.bitmask,vbd_landsea_r20220824.mask,timezone.shp,VBD_platforms-recurring_2015_r20170330.shp,999999,VBD_bridges_c20160811.shp,14.122167;12.311656;9.816022;4.968679;7.298583;9.219633,85.094513;99.171051;112.915886;111.630913;98.030373;84.189926,npp_d20250902_t1858434_e1900076_b71766;npp_d20250902_t1900088_e1901330_b71766;npp_d20250902_t1901342_e1902584_b71766;npp_d20250902_t1902596_e1904238_b71766,152.027,58.2443,4.53583,-74.9581,90.5973,-118.369
86,VBD_npp_d20250902_t1859104_x0993406E_y105849N_l0252_s2113_v23,2025-09-02 21:06:36,10.584853,99.340561,2.07717,2025-09-02 18:59:10,2025-09-03 01:59:10,252,2113,0.335056,2,2337,0.14263,0.055,0.765272,0.4,0.676617,0.75,6.64971e-05,0.0001,5.56873e-15,999999,-2.400499e-01,3,Thailand Exclusive Economic Zone,,,SVDNB_npp_d20250902_t1858434_e1900076_b71766_c20250902202635057000_oeac_ops.h5,GDNBO_npp_d20250902_t1858434_e1900076_b71766_c20250902202419882000_oeac_ops.h5,SVI04_npp_d20250902_t1858434_e1900076_b71766_c20250902202643623000_oeac_ops.dspace_rad,,eez_v11.shp,WPP_BFAR_merge.shp,vbd_mpa_r20170830.shp,VNF-VBD_npp_20120301-20151231_global_asia-enhanced_c201607211230.bitmask,vbd_landsea_r20220824.mask,timezone.shp,VBD_platforms-recurring_2015_r20170330.shp,999999,VBD_bridges_c20160811.shp,14.122167;12.311656;9.816022;4.968679;7.298583;9.219633,85.094513;99.171051;112.915886;111.630913;98.030373;84.189926,npp_d20250902_t1858434_e1900076_b71766;npp_d20250902_t1900088_e1901330_b71766;npp_d20250902_t1901342_e1902584_b71766;npp_d20250902_t1902596_e1904238_b71766,149.773,53.9722,4.57778,-77.8397,92.6101,-118.255
87,VBD_npp_d20250902_t1859121_x0993195E_y105000N_l0265_s2113_v23,2025-09-02 21:06:36,10.500032,99.319458,1.34594,2025-09-02 18:59:12,2025-09-03 01:59:12,265,2113,0.352412,2,2337,0.0738024,0.055,0.661147,0.4,0.554184,0.75,7.07243e-05,0.0001,5.33661e-15,999999,-3.484167e-01,3,Thailand Exclusive Economic Zone,,,SVDNB_npp_d20250902_t1858434_e1900076_b71766_c20250902202635057000_oeac_ops.h5,GDNBO_npp_d20250902_t1858434_e1900076_b71766_c20250902202419882000_oeac_ops.h5,SVI04_npp_d20250902_t1858434_e1900076_b71766_c20250902202643623000_oeac_ops.dspace_rad,,eez_v11.shp,WPP_BFAR_merge.shp,vbd_mpa_r20170830.shp,VNF-VBD_npp_20120301-20151231_global_asia-enhanced_c201607211230.bitmask,vbd_landsea_r20220824.mask,timezone.shp,VBD_platforms-recurring_2015_r20170330.shp,999999,VBD_bridges_c20160811.shp,14.122167;12.311656;9.816022;4.968679;7.298583;9.219633,85.094513;99.171051;112.915886;111.630913;98.030373;84.189926,npp_d20250902_t1858434_e1900076_b71766;npp_d20250902_t1900088_e1901330_b71766;npp_d20250902_t1901342_e1902584_b71766;npp_d20250902_t1902596_e1904238_b71766,149.834,54.0741,4.57093,-79.9907,92.5579,-118.259
88,VBD_npp_d20250902_t1900073_x0985813E_y072929N_l0756_s2113_v23,2025-09-02 21:06:36,7.292892,98.581276,2.7673,2025-09-02 19:00:07,2025-09-03 02:00:07,756,2113,0.39189,1,2529,0.227591,0.108972,0.724223,0.4,0.839131,0.75,0.000270618,0.0001,3.38636e-14,999999,1.788427e-01,3,Thailand Exclusive Economic Zone,,,SVDNB_npp_d20250902_t1858434_e1900076_b71766_c20250902202635057000_oeac_ops.h5,GDNBO_npp_d20250902_t1858434_e1900076_b71766_c20250902202419882000_oeac_ops.h5,SVI04_npp_d20250902_t1858434_e1900076_b71766_c20250902202643623000_oeac_ops.dspace_rad,,eez_v11.shp,WPP_BFAR_merge.shp,vbd_mpa_r20170830.shp,VNF-VBD_npp_20120301-20151231_global_asia-enhanced_c201607211230.bitmask,vbd_landsea_r20220824.mask,timezone.shp,VBD_platforms-recurring_2015_r20170330.shp,999999,VBD_bridges_c20160811.shp,14.122167;12.311656;9.816022;4.968679;7.298583;9.219633,85.094513;99.171051;112.915886;111.630913;98.030373;84.189926,npp_d20250902_t1858434_e1900076_b71766;npp_d20250902_t1900088_e1901330_b71766;npp_d20250902_t1901342_e1902584_b71766;npp_d20250902_t1902596_e1904238_b71766,152.038,58.2891,4.57635,-83.7588,90.5877,-118.368
89,VBD_npp_d20250902_t1859121_x0993229E_y104791N_l0268_s2114_v23,2025-09-02 21:06:36,10.479053,99.322945,1.25912,2025-09-02 18:59:12,2025-09-03 01:59:12,268,2114,0.344872,8,18721,0.0550046,0.055,0.639266,0.4,0.490964,0.75,7.13005e-05,0.0001,5.63123e-15,999999,-1.212618e-01,3,Thailand Exclusive Economic Zone,,,SVDNB_npp_d20250902_t1858434_e1900076_b71766_c20250902202635057000_oeac_ops.h5,GDNBO_npp_d20250902_t1858434_e1900076_b71766_c20250902202419882000_oeac_ops.h5,SVI04_npp_d20250902_t1858434_e1900076_b71766_c20250902202643623000_oeac_ops.dspace_rad,,eez_v11.shp,WPP_BFAR_merge.shp,vbd_mpa_r20170830.shp,VNF-VBD_npp_20120301-20151231_global_asia-enhanced_c201607211230.bitmask,vbd_landsea_r20220824.mask,timezone.shp,VBD_platforms-recurring_2015_r20170330.shp,0.225098,VBD_bridges_c20160811.shp,14.122167;12.311656;9.816022;4.968679;7.298583;9.219633,85.094513;99.171051;112.915886;111.630913;98.030373;84.189926,npp_d20250902_t1858434_e1900076_b71766;npp_d20250902_t1900088_e1901330_b71766;npp_d20250902_t1901342_e1902584_b71766;npp_d20250902_t1902596_e1904238_b71766,149.844,54.1074,4.63467,-77.8556,92.551,-118.259
90,VBD_npp_d20250902_t1859121_x0993264E_y104581N_l0271_s2115_v23,2025-09-02 21:06:36,10.458068,99.326431,1.55107,2025-09-02 18:59:12,2025-09-03 01:59:12,271,2115,0.364078,2,2337,0.0998507,0.055,0.607346,0.4,0.637606,0.75,7.18667e-05,0.0001,5.93724e-15,999999,1.468108e-02,3,Thailand Exclusive Economic Zone,,,SVDNB_npp_d20250902_t1858434_e1900076_b71766_c20250902202635057000_oeac_ops.h5,GDNBO_npp_d20250902_t1858434_e1900076_b71766_c20250902202419882000_oeac_ops.h5,SVI04_npp_d20250902_t1858434_e1900076_b71766_c20250902202643623000_oeac_ops.dspace_rad,,eez_v11.shp,WPP_BFAR_merge.shp,vbd_mpa_r20170830.shp,VNF-VBD_npp_20120301-20151231_global_asia-enhanced_c201607211230.bitmask,vbd_landsea_r20220824.mask,timezone.shp,VBD_platforms-recurring_2015_r20170330.shp,999999,VBD_bridges_c20160811.shp,14.122167;12.311656;9.816022;4.968679;7.298583;9.219633,85.094513;99.171051;112.915886;111.630913;98.030373;84.189926,npp_d20250902_t1858434_e1900076_b71766;npp_d20250902_t1900088_e1901330_b71766;npp_d20250902_t1901342_e1902584_b71766;npp_d20250902_t1902596_e1904238_b71766,149.853,54.1408,4.70469,-75.7738,92.5441,-118.259
91,VBD_npp_d20250902_t1859157_x0993059E_y103332N_l0290_s2117_v23,2025-09-02 21:06:36,10.333202,99.305939,1.14103,2025-09-02 18:59:15,2025-09-03 01:59:15,290,2117,0.361802,8,18721,0.0751459,0.055,0.697785,0.4,0.608846,0.75,7.70036e-05,0.0001,3.68262e-15,999999,-3.073664e-01,3,Thailand Exclusive Economic Zone,,,SVDNB_npp_d20250902_t1858434_e1900076_b71766_c20250902202635057000_oeac_ops.h5,GDNBO_npp_d20250902_t1858434_e1900076_b71766_c20250902202419882000_oeac_ops.h5,SVI04_npp_d20250902_t1858434_e1900076_b71766_c20250902202643623000_oeac_ops.dspace_rad,,eez_v11.shp,WPP_BFAR_merge.shp,vbd_mpa_r20170830.shp,VNF-VBD_npp_20120301-20151231_global_asia-enhanced_c201607211230.bitmask,vbd_landsea_r20220824.mask,timezone.shp,VBD_platforms-recurring_2015_r20170330.shp,0.717903,VBD_bridges_c20160811.shp,14.122167;12.311656;9.816022;4.968679;7.298583;9.219633,85.094513;99.171051;112.915886;111.630913;98.030373;84.189926,npp_d20250902_t1858434_e1900076_b71766;npp_d20250902_t1900088_e1901330_b71766;npp_d20250902_t1901342_e1902584_b71766;npp_d20250902_t1902596_e1904238_b71766,149.931,54.3089,4.8168,-84.8787,92.4796,-118.263
92,VBD_npp_d20250902_t1859121_x0993499E_y104747N_l0268_s2118_v23,2025-09-02 21:06:36,10.474750,99.349861,1.48103,2025-09-02 18:59:12,2025-09-03 01:59:12,268,2118,0.367065,2,2337,0.084545,0.055,0.620316,0.4,0.614367,0.75,6.97032e-05,0.0001,4.44056e-15,999999,-2.276003e-01,3,Thailand Exclusive Economic Zone,,,SVDNB_npp_d20250902_t1858434_e1900076_b71766_c20250902202635057000_oeac_ops.h5,GDNBO_npp_d20250902_t1858434_e1900076_b71766_c20250902202419882000_oeac_ops.h5,SVI04_npp_d20250902_t1858434_e1900076_b71766_c20250902202643623000_oeac_ops.dspace_rad,,eez_v11.shp,WPP_BFAR_merge.shp,vbd_mpa_r20170830.shp,VNF-VBD_npp_20120301-20151231_global_asia-enhanced_c201607211230.bitmask,vbd_landsea_r20220824.mask,timezone.shp,VBD_platforms-recurring_2015_r20170330.shp,999999,VBD_bridges_c20160811.shp,14.122167;12.311656;9.816022;4.968679;7.298583;9.219633,85.094513;99.171051;112.915886;111.630913;98.030373;84.189926,npp_d20250902_t1858434_e1900076_b71766;npp_d20250902_t1900088_e1901330_b71766;npp_d20250902_t1901342_e1902584_b71766;npp_d20250902_t1902596_e1904238_b71766,149.825,54.145,4.86614,-77.9983,92.5723,-118.255
93,VBD_npp_d20250902_t1859121_x0993766E_y105114N_l0262_s2121_v23,2025-09-02 21:06:36,10.511354,99.376564,1.97437,2025-09-02 18:59:12,2025-09-03 01:59:12,262,2121,0.368844,1,2401,0.137636,0.055,0.679729,0.4,0.75175,0.75,6.66347e-05,0.0001,2.95429e-15,999999,1.545455e-01,3,Thailand Exclusive Economic Zone,,,SVDNB_npp_d20250902_t1858434_e1900076_b71766_c20250902202635057000_oeac_ops.h5,GDNBO_npp_d20250902_t1858434_e1900076_b71766_c20250902202419882000_oeac_ops.h5,SVI04_npp_d20250902_t1858434_e1900076_b71766_c20250902202643623000_oeac_ops.dspace_rad,,eez_v11.shp,WPP_BFAR_merge.shp,vbd_mpa_r20170830.shp,VNF-VBD_npp_20120301-20151231_global_asia-enhanced_c201607211230.bitmask,vbd_landsea_r20220824.mask,timezone.shp,VBD_platforms-recurring_2015_r20170330.shp,999999,VBD_bridges_c20160811.shp,14.122167;12.311656;9.816022;4.968679;7.298583;9.219633,85.094513;99.171051;112.915886;111.630913;98.030373;84.189926,npp_d20250902_t1858434_e1900076_b71766;npp_d20250902_t1900088_e1901330_b71766;npp_d20250902_t1901342_e1902584_b71766;npp_d20250902_t1902596_e1904238_b71766,149.782,54.1253,5.03516,-82.0458,92.6127,-118.25
94,VBD_npp_d20250902_t1900020_x0987063E_y075978N_l0708_s2121_v23,2025-09-02 21:06:36,7.597776,98.706322,6.54519,2025-09-02 19:00:02,2025-09-03 02:00:02,708,2121,0.326236,1,2529,0.432109,0.108972,0.862665,0.4,0.915436,0.75,0.000264076,0.0001,1.79122e-14,999999,-2.203603e-01,3,Thailand Exclusive Economic Zone,,,SVDNB_npp_d20250902_t1858434_e1900076_b71766_c20250902202635057000_oeac_ops.h5,GDNBO_npp_d20250902_t1858434_e1900076_b71766_c20250902202419882000_oeac_ops.h5,SVI04_npp_d20250902_t1858434_e1900076_b71766_c20250902202643623000_oeac_ops.dspace_rad,,eez_v11.shp,WPP_BFAR_merge.shp,vbd_mpa_r20170830.shp,VNF-VBD_npp_20120301-20151231_global_asia-enhanced_c201607211230.bitmask,vbd_landsea_r20220824.mask,timezone.shp,VBD_platforms-recurring_2015_r20170330.shp,999999,VBD_bridges_c20160811.shp,14.122167;12.311656;9.816022;4.968679;7.298583;9.219633,85.094513;99.171051;112.915886;111.630913;98.030373;84.189926,npp_d20250902_t1858434_e1900076_b71766;npp_d20250902_t1900088_e1901330_b71766;npp_d20250902_t1901342_e1902584_b71766;npp_d20250902_t1902596_e1904238_b71766,151.791,57.9183,5.0407,-83.4703,90.8229,-118.356
95,VBD_npp_d20250902_t1859121_x0993822E_y105036N_l0263_s2122_v23,2025-09-02 21:06:36,10.503641,99.382210,1.11245,2025-09-02 18:59:12,2025-09-03 01:59:12,263,2122,0.374605,2,2337,0.0591931,0.055,0.707057,0.4,0.488554,0.75,6.65555e-05,0.0001,2.88973e-15,999999,1.431822e-02,3,Thailand Exclusive Economic Zone,,,SVDNB_npp_d20250902_t1858434_e1900076_b71766_c20250902202635057000_oeac_ops.h5,GDNBO_npp_d20250902_t1858434_e1900076_b71766_c20250902202419882000_oeac_ops.h5,SVI04_npp_d20250902_t1858434_e1900076_b71766_c20250902202643623000_oeac_ops.dspace_rad,,eez_v11.shp,WPP_BFAR_merge.shp,vbd_mpa_r20170830.shp,VNF-VBD_npp_20120301-20151231_global_asia-enhanced_c201607211230.bitmask,vbd_landsea_r20220824.mask,timezone.shp,VBD_platforms-recurring_2015_r20170330.shp,999999,VBD_bridges_c20160811.shp,14.122167;12.311656;9.816022;4.968679;7.298583;9.219633,85.094513;99.171051;112.915886;111.630913;98.030373;84.189926,npp_d20250902_t1858434_e1900076_b71766;npp_d20250902_t1900088_e1901330_b71766;npp_d20250902_t1901342_e1902584_b71766;npp_d20250902_t1902596_e1904238_b71766,149.782,54.1427,5.09221,-81.3813,92.6139,-118.249
96,VBD_npp_d20250902_t1859121_x0993779E_y104771N_l0267_s2122_v23,2025-09-02 21:06:36,10.477082,99.377876,3.27583,2025-09-02 18:59:12,2025-09-03 01:59:12,267,2122,0.377379,1,2401,0.239397,0.055,0.703579,0.4,0.80744,0.75,6.77958e-05,0.0001,3.36364e-15,999999,-8.151619e-02,3,Thailand Exclusive Economic Zone,,,SVDNB_npp_d20250902_t1858434_e1900076_b71766_c20250902202635057000_oeac_ops.h5,GDNBO_npp_d20250902_t1858434_e1900076_b71766_c20250902202419882000_oeac_ops.h5,SVI04_npp_d20250902_t1858434_e1900076_b71766_c20250902202643623000_oeac_ops.dspace_rad,,eez_v11.shp,WPP_BFAR_merge.shp,vbd_mpa_r20170830.shp,VNF-VBD_npp_20120301-20151231_global_asia-enhanced_c201607211230.bitmask,vbd_landsea_r20220824.mask,timezone.shp,VBD_platforms-recurring_2015_r20170330.shp,999999,VBD_bridges_c20160811.shp,14.122167;12.311656;9.816022;4.968679;7.298583;9.219633,85.094513;99.171051;112.915886;111.630913;98.030373;84.189926,npp_d20250902_t1858434_e1900076_b71766;npp_d20250902_t1900088_e1901330_b71766;npp_d20250902_t1901342_e1902584_b71766;npp_d20250902_t1902596_e1904238_b71766,149.801,54.1746,5.09526,-78.778,92.5976,-118.25
97,VBD_npp_d20250902_t1859246_x0992128E_y097654N_l0376_s2122_v23,2025-09-02 21:06:36,9.765445,99.212807,3.70779,2025-09-02 18:59:24,2025-09-03 01:59:24,376,2122,0.138308,1,2401,0.241522,0.055,0.664275,0.4,0.794616,0.75,9.2768e-05,0.0001,4.8236e-15,999999,8.291758e-02,3,Thailand Exclusive Economic Zone,,,SVDNB_npp_d20250902_t1858434_e1900076_b71766_c20250902202635057000_oeac_ops.h5,GDNBO_npp_d20250902_t1858434_e1900076_b71766_c20250902202419882000_oeac_ops.h5,SVI04_npp_d20250902_t1858434_e1900076_b71766_c20250902202643623000_oeac_ops.dspace_rad,,eez_v11.shp,WPP_BFAR_merge.shp,vbd_mpa_r20170830.shp,VNF-VBD_npp_20120301-20151231_global_asia-enhanced_c201607211230.bitmask,vbd_landsea_r20220824.mask,timezone.shp,VBD_platforms-recurring_2015_r20170330.shp,999999,VBD_bridges_c20160811.shp,14.122167;12.311656;9.816022;4.968679;7.298583;9.219633,85.094513;99.171051;112.915886;111.630913;98.030373;84.189926,npp_d20250902_t1858434_e1900076_b71766;npp_d20250902_t1900088_e1901330_b71766;npp_d20250902_t1901342_e1902584_b71766;npp_d20250902_t1902596_e1904238_b71766,150.304,55.0498,5.09773,-80.7756,92.1611,-118.285
98,VBD_npp_d20250902_t1859086_x0994324E_y106783N_l0236_s2123_v23,2025-09-02 21:06:36,10.678335,99.432365,7.56501,2025-09-02 18:59:08,2025-09-03 01:59:08,236,2123,0.339182,1,2401,0.424579,0.055,0.781009,0.4,0.876015,0.75,5.78375e-05,0.0001,2.85131e-15,999999,4.356140e-02,3,Thailand Exclusive Economic Zone,,,SVDNB_npp_d20250902_t1858434_e1900076_b71766_c20250902202635057000_oeac_ops.h5,GDNBO_npp_d20250902_t1858434_e1900076_b71766_c20250902202419882000_oeac_ops.h5,SVI04_npp_d20250902_t1858434_e1900076_b71766_c20250902202643623000_oeac_ops.dspace_rad,,eez_v11.shp,WPP_BFAR_merge.shp,vbd_mpa_r20170830.shp,VNF-VBD_npp_20120301-20151231_global_asia-enhanced_c201607211230.bitmask,vbd_landsea_r20220824.mask,timezone.shp,VBD_platforms-recurring_2015_r20170330.shp,999999,VBD_bridges_c20160811.shp,14.122167;12.311656;9.816022;4.968679;7.298583;9.219633,85.094513;99.171051;112.915886;111.630913;98.030373;84.189926,npp_d20250902_t1858434_e1900076_b71766;npp_d20250902_t1900088_e1901330_b71766;npp_d20250902_t1901342_e1902584_b71766;npp_d20250902_t1902596_e1904238_b71766,149.651,53.9419,5.15918,-78.153,92.7276,-118.238
99,VBD_npp_d20250902_t1859139_x0993640E_y103916N_l0280_s2123_v23,2025-09-02 21:06:36,10.391607,99.364014,1.02827,2025-09-02 18:59:13,2025-09-03 01:59:13,280,2123,0.399714,2,2337,0.0642165,0.055,0.599975,0.4,0.588525,0.75,7.14075e-05,0.0001,3.01649e-15,999999,-2.289808e-01,3,Thailand Exclusive Economic Zone,,,SVDNB_npp_d20250902_t1858434_e1900076_b71766_c20250902202635057000_oeac_ops.h5,GDNBO_npp_d20250902_t1858434_e1900076_b71766_c20250902202419882000_oeac_ops.h5,SVI04_npp_d20250902_t1858434_e1900076_b71766_c20250902202643623000_oeac_ops.dspace_rad,,eez_v11.shp,WPP_BFAR_merge.shp,vbd_mpa_r20170830.shp,VNF-VBD_npp_20120301-20151231_global_asia-enhanced_c201607211230.bitmask,vbd_landsea_r20220824.mask,timezone.shp,VBD_platforms-recurring_2015_r20170330.shp,999999,VBD_bridges_c20160811.shp,14.122167;12.311656;9.816022;4.968679;7.298583;9.219633,85.094513;99.171051;112.915886;111.630913;98.030373;84.189926,npp_d20250902_t1858434_e1900076_b71766;npp_d20250902_t1900088_e1901330_b71766;npp_d20250902_t1901342_e1902584_b71766;npp_d20250902_t1902596_e1904238_b71766,149.856,54.2863,5.15251,-80.7594,92.5514,-118.254
100,VBD_npp_d20250902_t1859157_x0993398E_y102869N_l0296_s2123_v23,2025-09-02 21:06:36,10.286935,99.339828,2.98349,2025-09-02 18:59:15,2025-09-03 01:59:15,296,2123,0.35853,1,2401,0.2372,0.055,0.713961,0.4,0.858189,0.75,7.56371e-05,0.0001,3.23522e-15,999999,1.993233e-01,3,Thailand Exclusive Economic Zone,,,SVDNB_npp_d20250902_t1858434_e1900076_b71766_c20250902202635057000_oeac_ops.h5,GDNBO_npp_d20250902_t1858434_e1900076_b71766_c20250902202419882000_oeac_ops.h5,SVI04_npp_d20250902_t1858434_e1900076_b71766_c20250902202643623000_oeac_ops.dspace_rad,,eez_v11.shp,WPP_BFAR_merge.shp,vbd_mpa_r20170830.shp,VNF-VBD_npp_20120301-20151231_global_asia-enhanced_c201607211230.bitmask,vbd_landsea_r20220824.mask,timezone.shp,VBD_platforms-recurring_2015_r20170330.shp,999999,VBD_bridges_c20160811.shp,14.122167;12.311656;9.816022;4.968679;7.298583;9.219633,85.094513;99.171051;112.915886;111.630913;98.030373;84.189926,npp_d20250902_t1858434_e1900076_b71766;npp_d20250902_t1900088_e1901330_b71766;npp_d20250902_t1901342_e1902584_b71766;npp_d20250902_t1902596_e1904238_b71766,149.93,54.4134,5.15262,-80.7485,92.4871,-118.259
101,VBD_npp_d20250902_t1859050_x0994948E_y109328N_l0197_s2124_v23,2025-09-02 21:06:36,10.932779,99.494766,2.44747,2025-09-02 18:59:05,2025-09-03 01:59:05,197,2124,0.286474,2,2337,0.123443,0.055,0.785842,0.4,0.579775,0.75,4.55292e-05,0.0001,1.78981e-15,999999,5.178484e-02,3,Thailand Exclusive Economic Zone,,,SVDNB_npp_d20250902_t1858434_e1900076_b71766_c20250902202635057000_oeac_ops.h5,GDNBO_npp_d20250902_t1858434_e1900076_b71766_c20250902202419882000_oeac_ops.h5,SVI04_npp_d20250902_t1858434_e1900076_b71766_c20250902202643623000_oeac_ops.dspace_rad,,eez_v11.shp,WPP_BFAR_merge.shp,vbd_mpa_r20170830.shp,VNF-VBD_npp_20120301-20151231_global_asia-enhanced_c201607211230.bitmask,vbd_landsea_r20220824.mask,timezone.shp,VBD_platforms-recurring_2015_r20170330.shp,999999,VBD_bridges_c20160811.shp,14.122167;12.311656;9.816022;4.968679;7.298583;9.219633,85.094513;99.171051;112.915886;111.630913;98.030373;84.189926,npp_d20250902_t1858434_e1900076_b71766;npp_d20250902_t1900088_e1901330_b71766;npp_d20250902_t1901342_e1902584_b71766;npp_d20250902_t1902596_e1904238_b71766,149.463,53.6484,5.21059,-82.6241,92.8895,-118.222
102,VBD_npp_d20250902_t1859086_x0994380E_y106706N_l0237_s2124_v23,2025-09-02 21:06:36,10.670616,99.438019,3.89285,2025-09-02 18:59:08,2025-09-03 01:59:08,237,2124,0.341458,8,18785,0.222091,0.055,0.781009,0.4,0.753093,0.75,5.77985e-05,0.0001,2.78624e-15,999999,5.626904e-02,3,Thailand Exclusive Economic Zone,,,SVDNB_npp_d20250902_t1858434_e1900076_b71766_c20250902202635057000_oeac_ops.h5,GDNBO_npp_d20250902_t1858434_e1900076_b71766_c20250902202419882000_oeac_ops.h5,SVI04_npp_d20250902_t1858434_e1900076_b71766_c20250902202643623000_oeac_ops.dspace_rad,,eez_v11.shp,WPP_BFAR_merge.shp,vbd_mpa_r20170830.shp,VNF-VBD_npp_20120301-20151231_global_asia-enhanced_c201607211230.bitmask,vbd_landsea_r20220824.mask,timezone.shp,VBD_platforms-recurring_2015_r20170330.shp,0.061598,VBD_bridges_c20160811.shp,14.122167;12.311656;9.816022;4.968679;7.298583;9.219633,85.094513;99.171051;112.915886;111.630913;98.030373;84.189926,npp_d20250902_t1858434_e1900076_b71766;npp_d20250902_t1900088_e1901330_b71766;npp_d20250902_t1901342_e1902584_b71766;npp_d20250902_t1902596_e1904238_b71766,149.651,53.9592,5.22005,-77.5469,92.7288,-118.237
103,VBD_npp_d20250902_t1859104_x0994266E_y106461N_l0241_s2124_v23,2025-09-02 21:06:36,10.646053,99.426567,1.15658,2025-09-02 18:59:10,2025-09-03 01:59:10,241,2124,0.324956,2,2337,0.0612295,0.055,0.742832,0.4,0.519692,0.75,5.90255e-05,0.0001,1.88627e-15,999999,2.673947e-01,3,Thailand Exclusive Economic Zone,,,SVDNB_npp_d20250902_t1858434_e1900076_b71766_c20250902202635057000_oeac_ops.h5,GDNBO_npp_d20250902_t1858434_e1900076_b71766_c20250902202419882000_oeac_ops.h5,SVI04_npp_d20250902_t1858434_e1900076_b71766_c20250902202643623000_oeac_ops.dspace_rad,,eez_v11.shp,WPP_BFAR_merge.shp,vbd_mpa_r20170830.shp,VNF-VBD_npp_20120301-20151231_global_asia-enhanced_c201607211230.bitmask,vbd_landsea_r20220824.mask,timezone.shp,VBD_platforms-recurring_2015_r20170330.shp,999999,VBD_bridges_c20160811.shp,14.122167;12.311656;9.816022;4.968679;7.298583;9.219633,85.094513;99.171051;112.915886;111.630913;98.030373;84.189926,npp_d20250902_t1858434_e1900076_b71766;npp_d20250902_t1900088_e1901330_b71766;npp_d20250902_t1901342_e1902584_b71766;npp_d20250902_t1902596_e1904238_b71766,149.669,53.9884,5.22417,-85.2074,92.7135,-118.239
104,VBD_npp_d20250902_t1900020_x0987285E_y076079N_l0706_s2124_v23,2025-09-02 21:06:36,7.607880,98.728516,9.75383,2025-09-02 19:00:02,2025-09-03 02:00:02,706,2124,0.303901,1,2529,0.543771,0.108972,0.881014,0.4,0.93189,0.75,0.000261623,0.0001,1.40528e-14,999999,-2.861945e-02,3,Thailand Exclusive Economic Zone,,,SVDNB_npp_d20250902_t1858434_e1900076_b71766_c20250902202635057000_oeac_ops.h5,GDNBO_npp_d20250902_t1858434_e1900076_b71766_c20250902202419882000_oeac_ops.h5,SVI04_npp_d20250902_t1858434_e1900076_b71766_c20250902202643623000_oeac_ops.dspace_rad,,eez_v11.shp,WPP_BFAR_merge.shp,vbd_mpa_r20170830.shp,VNF-VBD_npp_20120301-20151231_global_asia-enhanced_c201607211230.bitmask,vbd_landsea_r20220824.mask,timezone.shp,VBD_platforms-recurring_2015_r20170330.shp,999999,VBD_bridges_c20160811.shp,14.122167;12.311656;9.816022;4.968679;7.298583;9.219633,85.094513;99.171051;112.915886;111.630913;98.030373;84.189926,npp_d20250902_t1858434_e1900076_b71766;npp_d20250902_t1900088_e1901330_b71766;npp_d20250902_t1901342_e1902584_b71766;npp_d20250902_t1902596_e1904238_b71766,151.767,57.927,5.22065,-84.6614,90.8471,-118.353
105,VBD_npp_d20250902_t1900055_x0986751E_y073656N_l0743_s2124_v23,2025-09-02 21:06:36,7.365635,98.675133,6.38458,2025-09-02 19:00:05,2025-09-03 02:00:05,743,2124,0.410526,1,2529,0.432549,0.108972,0.848859,0.4,0.928716,0.75,0.000261623,0.0001,1.92322e-14,999999,-1.723616e-02,3,Thailand Exclusive Economic Zone,,,SVDNB_npp_d20250902_t1858434_e1900076_b71766_c20250902202635057000_oeac_ops.h5,GDNBO_npp_d20250902_t1858434_e1900076_b71766_c20250902202419882000_oeac_ops.h5,SVI04_npp_d20250902_t1858434_e1900076_b71766_c20250902202643623000_oeac_ops.dspace_rad,,eez_v11.shp,WPP_BFAR_merge.shp,vbd_mpa_r20170830.shp,VNF-VBD_npp_20120301-20151231_global_asia-enhanced_c201607211230.bitmask,vbd_landsea_r20220824.mask,timezone.shp,VBD_platforms-recurring_2015_r20170330.shp,999999,VBD_bridges_c20160811.shp,14.122167;12.311656;9.816022;4.968679;7.298583;9.219633,85.094513;99.171051;112.915886;111.630913;98.030373;84.189926,npp_d20250902_t1858434_e1900076_b71766;npp_d20250902_t1900088_e1901330_b71766;npp_d20250902_t1901342_e1902584_b71766;npp_d20250902_t1902596_e1904238_b71766,151.927,58.2685,5.20669,-81.4871,90.6979,-118.357
106,VBD_npp_d20250902_t1859086_x0994415E_y106496N_l0240_s2125_v23,2025-09-02 21:06:36,10.649612,99.441513,1.76871,2025-09-02 18:59:08,2025-09-03 01:59:08,240,2125,0.338613,2,2337,0.101565,0.055,0.742832,0.4,0.653986,0.75,5.83663e-05,0.0001,2.93484e-15,999999,2.439708e-01,3,Thailand Exclusive Economic Zone,,,SVDNB_npp_d20250902_t1858434_e1900076_b71766_c20250902202635057000_oeac_ops.h5,GDNBO_npp_d20250902_t1858434_e1900076_b71766_c20250902202419882000_oeac_ops.h5,SVI04_npp_d20250902_t1858434_e1900076_b71766_c20250902202643623000_oeac_ops.dspace_rad,,eez_v11.shp,WPP_BFAR_merge.shp,vbd_mpa_r20170830.shp,VNF-VBD_npp_20120301-20151231_global_asia-enhanced_c201607211230.bitmask,vbd_landsea_r20220824.mask,timezone.shp,VBD_platforms-recurring_2015_r20170330.shp,999999,VBD_bridges_c20160811.shp,14.122167;12.311656;9.816022;4.968679;7.298583;9.219633,85.094513;99.171051;112.915886;111.630913;98.030373;84.189926,npp_d20250902_t1858434_e1900076_b71766;npp_d20250902_t1900088_e1901330_b71766;npp_d20250902_t1901342_e1902584_b71766;npp_d20250902_t1902596_e1904238_b71766,149.661,53.9923,5.29058,-75.6969,92.7219,-118.237
107,VBD_npp_d20250902_t1859139_x0993764E_y103828N_l0281_s2125_v23,2025-09-02 21:06:36,10.382814,99.376404,1.3444,2025-09-02 18:59:13,2025-09-03 01:59:13,281,2125,0.384279,2,2337,0.0957499,0.055,0.599975,0.4,0.740343,0.75,7.08736e-05,0.0001,2.77565e-15,999999,-3.848036e-01,3,Thailand Exclusive Economic Zone,,,SVDNB_npp_d20250902_t1858434_e1900076_b71766_c20250902202635057000_oeac_ops.h5,GDNBO_npp_d20250902_t1858434_e1900076_b71766_c20250902202419882000_oeac_ops.h5,SVI04_npp_d20250902_t1858434_e1900076_b71766_c20250902202643623000_oeac_ops.dspace_rad,,eez_v11.shp,WPP_BFAR_merge.shp,vbd_mpa_r20170830.shp,VNF-VBD_npp_20120301-20151231_global_asia-enhanced_c201607211230.bitmask,vbd_landsea_r20220824.mask,timezone.shp,VBD_platforms-recurring_2015_r20170330.shp,999999,VBD_bridges_c20160811.shp,14.122167;12.311656;9.816022;4.968679;7.298583;9.219633,85.094513;99.171051;112.915886;111.630913;98.030373;84.189926,npp_d20250902_t1858434_e1900076_b71766;npp_d20250902_t1900088_e1901330_b71766;npp_d20250902_t1901342_e1902584_b71766;npp_d20250902_t1902596_e1904238_b71766,149.851,54.3131,5.2688,-80.1323,92.5579,-118.252
108,VBD_npp_d20250902_t1859210_x0992797E_y099648N_l0345_s2125_v23,2025-09-02 21:06:36,9.964761,99.279724,2.27833,2025-09-02 18:59:21,2025-09-03 01:59:21,345,2125,0.256741,8,18785,0.163441,0.055,0.539679,0.4,0.761382,0.75,8.48429e-05,0.0001,3.66219e-15,999999,-1.852142e-02,3,Thailand Exclusive Economic Zone,,,SVDNB_npp_d20250902_t1858434_e1900076_b71766_c20250902202635057000_oeac_ops.h5,GDNBO_npp_d20250902_t1858434_e1900076_b71766_c20250902202419882000_oeac_ops.h5,SVI04_npp_d20250902_t1858434_e1900076_b71766_c20250902202643623000_oeac_ops.dspace_rad,,eez_v11.shp,WPP_BFAR_merge.shp,vbd_mpa_r20170830.shp,VNF-VBD_npp_20120301-20151231_global_asia-enhanced_c201607211230.bitmask,vbd_landsea_r20220824.mask,timezone.shp,VBD_platforms-recurring_2015_r20170330.shp,0.575224,VBD_bridges_c20160811.shp,14.122167;12.311656;9.816022;4.968679;7.298583;9.219633,85.094513;99.171051;112.915886;111.630913;98.030373;84.189926,npp_d20250902_t1858434_e1900076_b71766;npp_d20250902_t1900088_e1901330_b71766;npp_d20250902_t1901342_e1902584_b71766;npp_d20250902_t1902596_e1904238_b71766,150.147,54.825,5.26837,-80.1482,92.3011,-118.272
109,VBD_npp_d20250902_t1859246_x0992394E_y098021N_l0370_s2125_v23,2025-09-02 21:06:36,9.802080,99.239449,1.59879,2025-09-02 18:59:24,2025-09-03 01:59:24,370,2125,0.128136,11,18721,0.0833619,0.055,0.508679,0.4,0.540111,0.75,8.99897e-05,0.0001,3.21122e-15,999999,-3.890721e-01,3,Thailand Exclusive Economic Zone,,,SVDNB_npp_d20250902_t1858434_e1900076_b71766_c20250902202635057000_oeac_ops.h5,GDNBO_npp_d20250902_t1858434_e1900076_b71766_c20250902202419882000_oeac_ops.h5,SVI04_npp_d20250902_t1858434_e1900076_b71766_c20250902202643623000_oeac_ops.dspace_rad,,eez_v11.shp,WPP_BFAR_merge.shp,vbd_mpa_r20170830.shp,VNF-VBD_npp_20120301-20151231_global_asia-enhanced_c201607211230.bitmask,vbd_landsea_r20220824.mask,timezone.shp,VBD_platforms-recurring_2015_r20170330.shp,0.708832,VBD_bridges_c20160811.shp,14.122167;12.311656;9.816022;4.968679;7.298583;9.219633,85.094513;99.171051;112.915886;111.630913;98.030373;84.189926,npp_d20250902_t1858434_e1900076_b71766;npp_d20250902_t1900088_e1901330_b71766;npp_d20250902_t1901342_e1902584_b71766;npp_d20250902_t1902596_e1904238_b71766,150.261,55.0281,5.28254,-84.5537,92.2015,-118.28
110,VBD_npp_d20250902_t1900055_x0986871E_y073978N_l0738_s2125_v23,2025-09-02 21:06:36,7.397800,98.687126,3.7878,2025-09-02 19:00:05,2025-09-03 02:00:05,738,2125,0.413087,1,2529,0.307312,0.108972,0.816326,0.4,0.928829,0.75,0.000260805,0.0001,1.51772e-14,999999,1.565083e-01,3,Thailand Exclusive Economic Zone,,,SVDNB_npp_d20250902_t1858434_e1900076_b71766_c20250902202635057000_oeac_ops.h5,GDNBO_npp_d20250902_t1858434_e1900076_b71766_c20250902202419882000_oeac_ops.h5,SVI04_npp_d20250902_t1858434_e1900076_b71766_c20250902202643623000_oeac_ops.dspace_rad,,eez_v11.shp,WPP_BFAR_merge.shp,vbd_mpa_r20170830.shp,VNF-VBD_npp_20120301-20151231_global_asia-enhanced_c201607211230.bitmask,vbd_landsea_r20220824.mask,timezone.shp,VBD_platforms-recurring_2015_r20170330.shp,999999,VBD_bridges_c20160811.shp,14.122167;12.311656;9.816022;4.968679;7.298583;9.219633,85.094513;99.171051;112.915886;111.630913;98.030373;84.189926,npp_d20250902_t1858434_e1900076_b71766;npp_d20250902_t1900088_e1901330_b71766;npp_d20250902_t1901342_e1902584_b71766;npp_d20250902_t1902596_e1904238_b71766,151.9,58.2306,5.27532,-84.6319,90.7237,-118.356
111,VBD_npp_d20250902_t1859086_x0994569E_y107017N_l0232_s2126_v23,2025-09-02 21:06:36,10.701662,99.456947,2.96799,2025-09-02 18:59:08,2025-09-03 01:59:08,232,2126,0.332709,2,2337,0.19308,0.055,0.774846,0.4,0.735167,0.75,5.55869e-05,0.0001,2.03821e-15,999999,-1.274592e-01,3,Thailand Exclusive Economic Zone,,,SVDNB_npp_d20250902_t1858434_e1900076_b71766_c20250902202635057000_oeac_ops.h5,GDNBO_npp_d20250902_t1858434_e1900076_b71766_c20250902202419882000_oeac_ops.h5,SVI04_npp_d20250902_t1858434_e1900076_b71766_c20250902202643623000_oeac_ops.dspace_rad,,eez_v11.shp,WPP_BFAR_merge.shp,vbd_mpa_r20170830.shp,VNF-VBD_npp_20120301-20151231_global_asia-enhanced_c201607211230.bitmask,vbd_landsea_r20220824.mask,timezone.shp,VBD_platforms-recurring_2015_r20170330.shp,999999,VBD_bridges_c20160811.shp,14.122167;12.311656;9.816022;4.968679;7.298583;9.219633,85.094513;99.171051;112.915886;111.630913;98.030373;84.189926,npp_d20250902_t1858434_e1900076_b71766;npp_d20250902_t1900088_e1901330_b71766;npp_d20250902_t1901342_e1902584_b71766;npp_d20250902_t1902596_e1904238_b71766,149.618,53.9385,5.32746,-80.7287,92.7599,-118.233
112,VBD_npp_d20250902_t1859086_x0994537E_y106817N_l0235_s2126_v23,2025-09-02 21:06:36,10.681737,99.453690,2.55517,2025-09-02 18:59:08,2025-09-03 01:59:08,235,2126,0.315353,2,2337,0.127909,0.055,0.781009,0.4,0.559091,0.75,5.6497e-05,0.0001,2.28557e-15,999999,1.998978e-01,3,Thailand Exclusive Economic Zone,,,SVDNB_npp_d20250902_t1858434_e1900076_b71766_c20250902202635057000_oeac_ops.h5,GDNBO_npp_d20250902_t1858434_e1900076_b71766_c20250902202419882000_oeac_ops.h5,SVI04_npp_d20250902_t1858434_e1900076_b71766_c20250902202643623000_oeac_ops.dspace_rad,,eez_v11.shp,WPP_BFAR_merge.shp,vbd_mpa_r20170830.shp,VNF-VBD_npp_20120301-20151231_global_asia-enhanced_c201607211230.bitmask,vbd_landsea_r20220824.mask,timezone.shp,VBD_platforms-recurring_2015_r20170330.shp,999999,VBD_bridges_c20160811.shp,14.122167;12.311656;9.816022;4.968679;7.298583;9.219633,85.094513;99.171051;112.915886;111.630913;98.030373;84.189926,npp_d20250902_t1858434_e1900076_b71766;npp_d20250902_t1900088_e1901330_b71766;npp_d20250902_t1901342_e1902584_b71766;npp_d20250902_t1902596_e1904238_b71766,149.632,53.9622,5.33057,-78.8621,92.7476,-118.234
113,VBD_npp_d20250902_t1859104_x0994249E_y105509N_l0255_s2126_v23,2025-09-02 21:06:36,10.550926,99.424858,2.54194,2025-09-02 18:59:10,2025-09-03 01:59:10,255,2126,0.332994,2,2337,0.177412,0.055,0.736148,0.4,0.740406,0.75,6.25646e-05,0.0001,2.85469e-15,999999,-2.701222e-01,3,Thailand Exclusive Economic Zone,,,SVDNB_npp_d20250902_t1858434_e1900076_b71766_c20250902202635057000_oeac_ops.h5,GDNBO_npp_d20250902_t1858434_e1900076_b71766_c20250902202419882000_oeac_ops.h5,SVI04_npp_d20250902_t1858434_e1900076_b71766_c20250902202643623000_oeac_ops.dspace_rad,,eez_v11.shp,WPP_BFAR_merge.shp,vbd_mpa_r20170830.shp,VNF-VBD_npp_20120301-20151231_global_asia-enhanced_c201607211230.bitmask,vbd_landsea_r20220824.mask,timezone.shp,VBD_platforms-recurring_2015_r20170330.shp,999999,VBD_bridges_c20160811.shp,14.122167;12.311656;9.816022;4.968679;7.298583;9.219633,85.094513;99.171051;112.915886;111.630913;98.030373;84.189926,npp_d20250902_t1858434_e1900076_b71766;npp_d20250902_t1900088_e1901330_b71766;npp_d20250902_t1901342_e1902584_b71766;npp_d20250902_t1902596_e1904238_b71766,149.726,54.1182,5.34079,-76.3963,92.667,-118.242
114,VBD_npp_d20250902_t1859157_x0993633E_y103036N_l0293_s2126_v23,2025-09-02 21:06:36,10.303635,99.363274,2.49342,2025-09-02 18:59:15,2025-09-03 01:59:15,293,2126,0.348714,1,2401,0.18669,0.055,0.72376,0.4,0.80953,0.75,7.36994e-05,0.0001,2.40559e-15,999999,1.619588e-01,3,Thailand Exclusive Economic Zone,,,SVDNB_npp_d20250902_t1858434_e1900076_b71766_c20250902202635057000_oeac_ops.h5,GDNBO_npp_d20250902_t1858434_e1900076_b71766_c20250902202419882000_oeac_ops.h5,SVI04_npp_d20250902_t1858434_e1900076_b71766_c20250902202643623000_oeac_ops.dspace_rad,,eez_v11.shp,WPP_BFAR_merge.shp,vbd_mpa_r20170830.shp,VNF-VBD_npp_20120301-20151231_global_asia-enhanced_c201607211230.bitmask,vbd_landsea_r20220824.mask,timezone.shp,VBD_platforms-recurring_2015_r20170330.shp,999999,VBD_bridges_c20160811.shp,14.122167;12.311656;9.816022;4.968679;7.298583;9.219633,85.094513;99.171051;112.915886;111.630913;98.030373;84.189926,npp_d20250902_t1858434_e1900076_b71766;npp_d20250902_t1900088_e1901330_b71766;npp_d20250902_t1901342_e1902584_b71766;npp_d20250902_t1902596_e1904238_b71766,149.902,54.4174,5.32903,-82.6196,92.5153,-118.255
115,VBD_npp_d20250902_t1859228_x0992678E_y098921N_l0356_s2126_v23,2025-09-02 21:06:36,9.892125,99.267784,1.49251,2025-09-02 18:59:22,2025-09-03 01:59:22,356,2126,0.149974,8,18689,0.0866639,0.055,0.342175,0.4,0.606127,0.75,8.66115e-05,0.0001,3.05823e-15,999999,-1.275436e-01,3,Thailand Exclusive Economic Zone,,,SVDNB_npp_d20250902_t1858434_e1900076_b71766_c20250902202635057000_oeac_ops.h5,GDNBO_npp_d20250902_t1858434_e1900076_b71766_c20250902202419882000_oeac_ops.h5,SVI04_npp_d20250902_t1858434_e1900076_b71766_c20250902202643623000_oeac_ops.dspace_rad,,eez_v11.shp,WPP_BFAR_merge.shp,vbd_mpa_r20170830.shp,VNF-VBD_npp_20120301-20151231_global_asia-enhanced_c201607211230.bitmask,vbd_landsea_r20220824.mask,timezone.shp,VBD_platforms-recurring_2015_r20170330.shp,0.528691,VBD_bridges_c20160811.shp,14.122167;12.311656;9.816022;4.968679;7.298583;9.219633,85.094513;99.171051;112.915886;111.630913;98.030373;84.189926,npp_d20250902_t1858434_e1900076_b71766;npp_d20250902_t1900088_e1901330_b71766;npp_d20250902_t1901342_e1902584_b71766;npp_d20250902_t1902596_e1904238_b71766,150.193,54.9234,5.33144,-83.2503,92.2626,-118.275
116,VBD_npp_d20250902_t1900020_x0987344E_y075592N_l0713_s2126_v23,2025-09-02 21:06:36,7.559236,98.734444,7.32019,2025-09-02 19:00:02,2025-09-03 02:00:02,713,2126,0.297642,1,2529,0.447548,0.108972,0.851292,0.4,0.900531,0.75,0.000259987,0.0001,1.61436e-14,999999,-1.461022e-01,3,Thailand Exclusive Economic Zone,,,SVDNB_npp_d20250902_t1858434_e1900076_b71766_c20250902202635057000_oeac_ops.h5,GDNBO_npp_d20250902_t1858434_e1900076_b71766_c20250902202419882000_oeac_ops.h5,SVI04_npp_d20250902_t1858434_e1900076_b71766_c20250902202643623000_oeac_ops.dspace_rad,,eez_v11.shp,WPP_BFAR_merge.shp,vbd_mpa_r20170830.shp,VNF-VBD_npp_20120301-20151231_global_asia-enhanced_c201607211230.bitmask,vbd_landsea_r20220824.mask,timezone.shp,VBD_platforms-recurring_2015_r20170330.shp,999999,VBD_bridges_c20160811.shp,14.122167;12.311656;9.816022;4.968679;7.298583;9.219633,85.094513;99.171051;112.915886;111.630913;98.030373;84.189926,npp_d20250902_t1858434_e1900076_b71766;npp_d20250902_t1900088_e1901330_b71766;npp_d20250902_t1901342_e1902584_b71766;npp_d20250902_t1902596_e1904238_b71766,151.787,58.0104,5.32597,-80.2221,90.8291,-118.352
117,VBD_npp_d20250902_t1859086_x0994593E_y106740N_l0236_s2127_v23,2025-09-02 21:06:36,10.674016,99.459343,3.18053,2025-09-02 18:59:08,2025-09-03 01:59:08,236,2127,0.330433,2,2337,0.179027,0.055,0.794752,0.4,0.692796,0.75,5.64547e-05,0.0001,2.23258e-15,999999,1.063689e-01,3,Thailand Exclusive Economic Zone,,,SVDNB_npp_d20250902_t1858434_e1900076_b71766_c20250902202635057000_oeac_ops.h5,GDNBO_npp_d20250902_t1858434_e1900076_b71766_c20250902202419882000_oeac_ops.h5,SVI04_npp_d20250902_t1858434_e1900076_b71766_c20250902202643623000_oeac_ops.dspace_rad,,eez_v11.shp,WPP_BFAR_merge.shp,vbd_mpa_r20170830.shp,VNF-VBD_npp_20120301-20151231_global_asia-enhanced_c201607211230.bitmask,vbd_landsea_r20220824.mask,timezone.shp,VBD_platforms-recurring_2015_r20170330.shp,999999,VBD_bridges_c20160811.shp,14.122167;12.311656;9.816022;4.968679;7.298583;9.219633,85.094513;99.171051;112.915886;111.630913;98.030373;84.189926,npp_d20250902_t1858434_e1900076_b71766;npp_d20250902_t1900088_e1901330_b71766;npp_d20250902_t1901342_e1902584_b71766;npp_d20250902_t1902596_e1904238_b71766,149.632,53.9795,5.39078,-78.2677,92.7489,-118.234
118,VBD_npp_d20250902_t1859121_x0994202E_y105248N_l0259_s2127_v23,2025-09-02 21:06:36,10.524832,99.420250,2.00055,2025-09-02 18:59:12,2025-09-03 01:59:12,259,2127,0.364291,1,2401,0.146502,0.055,0.729087,0.4,0.752105,0.75,6.33939e-05,0.0001,1.8262e-15,999999,-6.262249e-02,3,Thailand Exclusive Economic Zone,,,SVDNB_npp_d20250902_t1858434_e1900076_b71766_c20250902202635057000_oeac_ops.h5,GDNBO_npp_d20250902_t1858434_e1900076_b71766_c20250902202419882000_oeac_ops.h5,SVI04_npp_d20250902_t1858434_e1900076_b71766_c20250902202643623000_oeac_ops.dspace_rad,,eez_v11.shp,WPP_BFAR_merge.shp,vbd_mpa_r20170830.shp,VNF-VBD_npp_20120301-20151231_global_asia-enhanced_c201607211230.bitmask,vbd_landsea_r20220824.mask,timezone.shp,VBD_platforms-recurring_2015_r20170330.shp,999999,VBD_bridges_c20160811.shp,14.122167;12.311656;9.816022;4.968679;7.298583;9.219633,85.094513;99.171051;112.915886;111.630913;98.030373;84.189926,npp_d20250902_t1858434_e1900076_b71766;npp_d20250902_t1900088_e1901330_b71766;npp_d20250902_t1901342_e1902584_b71766;npp_d20250902_t1902596_e1904238_b71766,149.739,54.1577,5.38903,-83.8178,92.6569,-118.242
119,VBD_npp_d20250902_t1859139_x0993964E_y104205N_l0275_s2127_v23,2025-09-02 21:06:36,10.420517,99.396393,1.37344,2025-09-02 18:59:13,2025-09-03 01:59:13,275,2127,0.394806,8,18721,0.100004,0.055,0.530843,0.4,0.726887,0.75,6.82212e-05,0.0001,1.95139e-15,999999,-1.225921e-01,3,Thailand Exclusive Economic Zone,,,SVDNB_npp_d20250902_t1858434_e1900076_b71766_c20250902202635057000_oeac_ops.h5,GDNBO_npp_d20250902_t1858434_e1900076_b71766_c20250902202419882000_oeac_ops.h5,SVI04_npp_d20250902_t1858434_e1900076_b71766_c20250902202643623000_oeac_ops.dspace_rad,,eez_v11.shp,WPP_BFAR_merge.shp,vbd_mpa_r20170830.shp,VNF-VBD_npp_20120301-20151231_global_asia-enhanced_c201607211230.bitmask,vbd_landsea_r20220824.mask,timezone.shp,VBD_platforms-recurring_2015_r20170330.shp,0.582199,VBD_bridges_c20160811.shp,14.122167;12.311656;9.816022;4.968679;7.298583;9.219633,85.094513;99.171051;112.915886;111.630913;98.030373;84.189926,npp_d20250902_t1858434_e1900076_b71766;npp_d20250902_t1900088_e1901330_b71766;npp_d20250902_t1901342_e1902584_b71766;npp_d20250902_t1902596_e1904238_b71766,149.813,54.2838,5.39172,-83.843,92.5931,-118.247
120,VBD_npp_d20250902_t1859086_x0994737E_y107194N_l0229_s2128_v23,2025-09-02 21:06:36,10.719432,99.473701,1.6255,2025-09-02 18:59:08,2025-09-03 01:59:08,229,2128,0.322111,8,18721,0.0966993,0.055,0.776162,0.4,0.629559,0.75,5.40089e-05,0.0001,1.60475e-15,999999,-2.126447e-01,3,Thailand Exclusive Economic Zone,,,SVDNB_npp_d20250902_t1858434_e1900076_b71766_c20250902202635057000_oeac_ops.h5,GDNBO_npp_d20250902_t1858434_e1900076_b71766_c20250902202419882000_oeac_ops.h5,SVI04_npp_d20250902_t1858434_e1900076_b71766_c20250902202643623000_oeac_ops.dspace_rad,,eez_v11.shp,WPP_BFAR_merge.shp,vbd_mpa_r20170830.shp,VNF-VBD_npp_20120301-20151231_global_asia-enhanced_c201607211230.bitmask,vbd_landsea_r20220824.mask,timezone.shp,VBD_platforms-recurring_2015_r20170330.shp,0.21072,VBD_bridges_c20160811.shp,14.122167;12.311656;9.816022;4.968679;7.298583;9.219633,85.094513;99.171051;112.915886;111.630913;98.030373;84.189926,npp_d20250902_t1858434_e1900076_b71766;npp_d20250902_t1900088_e1901330_b71766;npp_d20250902_t1901342_e1902584_b71766;npp_d20250902_t1902596_e1904238_b71766,149.594,53.9337,5.44594,-82.5585,92.7828,-118.23
121,VBD_npp_d20250902_t1859086_x0994639E_y106596N_l0238_s2128_v23,2025-09-02 21:06:36,10.659650,99.463921,1.96235,2025-09-02 18:59:08,2025-09-03 01:59:08,238,2128,0.333349,8,18721,0.120722,0.055,0.794752,0.4,0.690849,0.75,5.67091e-05,0.0001,2.26431e-15,999999,-1.688958e-01,3,Thailand Exclusive Economic Zone,,,SVDNB_npp_d20250902_t1858434_e1900076_b71766_c20250902202635057000_oeac_ops.h5,GDNBO_npp_d20250902_t1858434_e1900076_b71766_c20250902202419882000_oeac_ops.h5,SVI04_npp_d20250902_t1858434_e1900076_b71766_c20250902202643623000_oeac_ops.dspace_rad,,eez_v11.shp,WPP_BFAR_merge.shp,vbd_mpa_r20170830.shp,VNF-VBD_npp_20120301-20151231_global_asia-enhanced_c201607211230.bitmask,vbd_landsea_r20220824.mask,timezone.shp,VBD_platforms-recurring_2015_r20170330.shp,0.629187,VBD_bridges_c20160811.shp,14.122167;12.311656;9.816022;4.968679;7.298583;9.219633,85.094513;99.171051;112.915886;111.630913;98.030373;84.189926,npp_d20250902_t1858434_e1900076_b71766;npp_d20250902_t1900088_e1901330_b71766;npp_d20250902_t1901342_e1902584_b71766;npp_d20250902_t1902596_e1904238_b71766,149.637,54.0047,5.45503,-77.0772,92.746,-118.233
122,VBD_npp_d20250902_t1859121_x0994281E_y105304N_l0258_s2128_v23,2025-09-02 21:06:36,10.530399,99.428078,1.15355,2025-09-02 18:59:12,2025-09-03 01:59:12,258,2128,0.357249,2,2337,0.0572245,0.055,0.77329,0.4,0.554179,0.75,6.27097e-05,0.0001,1.65151e-15,999999,-7.710916e-02,3,Thailand Exclusive Economic Zone,,,SVDNB_npp_d20250902_t1858434_e1900076_b71766_c20250902202635057000_oeac_ops.h5,GDNBO_npp_d20250902_t1858434_e1900076_b71766_c20250902202419882000_oeac_ops.h5,SVI04_npp_d20250902_t1858434_e1900076_b71766_c20250902202643623000_oeac_ops.dspace_rad,,eez_v11.shp,WPP_BFAR_merge.shp,vbd_mpa_r20170830.shp,VNF-VBD_npp_20120301-20151231_global_asia-enhanced_c201607211230.bitmask,vbd_landsea_r20220824.mask,timezone.shp,VBD_platforms-recurring_2015_r20170330.shp,999999,VBD_bridges_c20160811.shp,14.122167;12.311656;9.816022;4.968679;7.298583;9.219633,85.094513;99.171051;112.915886;111.630913;98.030373;84.189926,npp_d20250902_t1858434_e1900076_b71766;npp_d20250902_t1900088_e1901330_b71766;npp_d20250902_t1901342_e1902584_b71766;npp_d20250902_t1902596_e1904238_b71766,149.73,54.1591,5.45022,-84.3962,92.6663,-118.24
123,VBD_npp_d20250902_t1859104_x0994484E_y105676N_l0252_s2129_v23,2025-09-02 21:06:36,10.567610,99.448357,4.55908,2025-09-02 18:59:10,2025-09-03 01:59:10,252,2129,0.308311,1,2401,0.305278,0.055,0.782456,0.4,0.840818,0.75,6.0537e-05,0.0001,2.1206e-15,999999,1.361976e-02,3,Thailand Exclusive Economic Zone,,,SVDNB_npp_d20250902_t1858434_e1900076_b71766_c20250902202635057000_oeac_ops.h5,GDNBO_npp_d20250902_t1858434_e1900076_b71766_c20250902202419882000_oeac_ops.h5,SVI04_npp_d20250902_t1858434_e1900076_b71766_c20250902202643623000_oeac_ops.dspace_rad,,eez_v11.shp,WPP_BFAR_merge.shp,vbd_mpa_r20170830.shp,VNF-VBD_npp_20120301-20151231_global_asia-enhanced_c201607211230.bitmask,vbd_landsea_r20220824.mask,timezone.shp,VBD_platforms-recurring_2015_r20170330.shp,999999,VBD_bridges_c20160811.shp,14.122167;12.311656;9.816022;4.968679;7.298583;9.219633,85.094513;99.171051;112.915886;111.630913;98.030373;84.189926,npp_d20250902_t1858434_e1900076_b71766;npp_d20250902_t1900088_e1901330_b71766;npp_d20250902_t1901342_e1902584_b71766;npp_d20250902_t1902596_e1904238_b71766,149.698,54.1225,5.50392,-78.3437,92.6952,-118.237
124,VBD_npp_d20250902_t1859086_x0994883E_y107239N_l0228_s2130_v23,2025-09-02 21:06:36,10.723921,99.488289,2.4874,2025-09-02 18:59:08,2025-09-03 01:59:08,228,2130,0.30696,2,2337,0.16218,0.055,0.776162,0.4,0.663894,0.75,5.30443e-05,0.0001,1.3634e-15,999999,-5.022894e-01,3,Thailand Exclusive Economic Zone,,,SVDNB_npp_d20250902_t1858434_e1900076_b71766_c20250902202635057000_oeac_ops.h5,GDNBO_npp_d20250902_t1858434_e1900076_b71766_c20250902202419882000_oeac_ops.h5,SVI04_npp_d20250902_t1858434_e1900076_b71766_c20250902202643623000_oeac_ops.dspace_rad,,eez_v11.shp,WPP_BFAR_merge.shp,vbd_mpa_r20170830.shp,VNF-VBD_npp_20120301-20151231_global_asia-enhanced_c201607211230.bitmask,vbd_landsea_r20220824.mask,timezone.shp,VBD_platforms-recurring_2015_r20170330.shp,999999,VBD_bridges_c20160811.shp,14.122167;12.311656;9.816022;4.968679;7.298583;9.219633,85.094513;99.171051;112.915886;111.630913;98.030373;84.189926,npp_d20250902_t1858434_e1900076_b71766;npp_d20250902_t1900088_e1901330_b71766;npp_d20250902_t1901342_e1902584_b71766;npp_d20250902_t1902596_e1904238_b71766,149.58,53.9446,5.56387,-83.1193,92.7975,-118.227
125,VBD_npp_d20250902_t1859086_x0994818E_y106841N_l0234_s2130_v23,2025-09-02 21:06:36,10.684059,99.481766,2.77096,2025-09-02 18:59:08,2025-09-03 01:59:08,234,2130,0.329722,1,2401,0.186129,0.055,0.800588,0.4,0.763879,0.75,5.48243e-05,0.0001,1.71894e-15,999999,1.744933e-01,3,Thailand Exclusive Economic Zone,,,SVDNB_npp_d20250902_t1858434_e1900076_b71766_c20250902202635057000_oeac_ops.h5,GDNBO_npp_d20250902_t1858434_e1900076_b71766_c20250902202419882000_oeac_ops.h5,SVI04_npp_d20250902_t1858434_e1900076_b71766_c20250902202643623000_oeac_ops.dspace_rad,,eez_v11.shp,WPP_BFAR_merge.shp,vbd_mpa_r20170830.shp,VNF-VBD_npp_20120301-20151231_global_asia-enhanced_c201607211230.bitmask,vbd_landsea_r20220824.mask,timezone.shp,VBD_platforms-recurring_2015_r20170330.shp,999999,VBD_bridges_c20160811.shp,14.122167;12.311656;9.816022;4.968679;7.298583;9.219633,85.094513;99.171051;112.915886;111.630913;98.030373;84.189926,npp_d20250902_t1858434_e1900076_b71766;npp_d20250902_t1900088_e1901330_b71766;npp_d20250902_t1901342_e1902584_b71766;npp_d20250902_t1902596_e1904238_b71766,149.609,53.9919,5.56076,-79.5397,92.773,-118.229
126,VBD_npp_d20250902_t1859139_x0994036E_y103376N_l0287_s2130_v23,2025-09-02 21:06:36,10.337571,99.403572,4.928,2025-09-02 18:59:13,2025-09-03 01:59:13,287,2130,0.376455,1,2401,0.338946,0.055,0.749581,0.4,0.860522,0.75,7.05481e-05,0.0001,2.56405e-15,999999,-9.988548e-02,3,Thailand Exclusive Economic Zone,,,SVDNB_npp_d20250902_t1858434_e1900076_b71766_c20250902202635057000_oeac_ops.h5,GDNBO_npp_d20250902_t1858434_e1900076_b71766_c20250902202419882000_oeac_ops.h5,SVI04_npp_d20250902_t1858434_e1900076_b71766_c20250902202643623000_oeac_ops.dspace_rad,,eez_v11.shp,WPP_BFAR_merge.shp,vbd_mpa_r20170830.shp,VNF-VBD_npp_20120301-20151231_global_asia-enhanced_c201607211230.bitmask,vbd_landsea_r20220824.mask,timezone.shp,VBD_platforms-recurring_2015_r20170330.shp,999999,VBD_bridges_c20160811.shp,14.122167;12.311656;9.816022;4.968679;7.298583;9.219633,85.094513;99.171051;112.915886;111.630913;98.030373;84.189926,npp_d20250902_t1858434_e1900076_b71766;npp_d20250902_t1900088_e1901330_b71766;npp_d20250902_t1901342_e1902584_b71766;npp_d20250902_t1902596_e1904238_b71766,149.856,54.4081,5.57335,-76.5904,92.5601,-118.248
127,VBD_npp_d20250902_t1900055_x0987078E_y073127N_l0750_s2130_v23,2025-09-02 21:06:36,7.312710,98.707825,4.7526,2025-09-02 19:00:05,2025-09-03 02:00:05,750,2130,0.349923,1,2529,0.352907,0.108972,0.804172,0.4,0.923183,0.75,0.000256716,0.0001,1.75133e-14,999999,-1.566654e-01,3,Thailand Exclusive Economic Zone,,,SVDNB_npp_d20250902_t1858434_e1900076_b71766_c20250902202635057000_oeac_ops.h5,GDNBO_npp_d20250902_t1858434_e1900076_b71766_c20250902202419882000_oeac_ops.h5,SVI04_npp_d20250902_t1858434_e1900076_b71766_c20250902202643623000_oeac_ops.dspace_rad,,eez_v11.shp,WPP_BFAR_merge.shp,vbd_mpa_r20170830.shp,VNF-VBD_npp_20120301-20151231_global_asia-enhanced_c201607211230.bitmask,vbd_landsea_r20220824.mask,timezone.shp,VBD_platforms-recurring_2015_r20170330.shp,999999,VBD_bridges_c20160811.shp,14.122167;12.311656;9.816022;4.968679;7.298583;9.219633,85.094513;99.171051;112.915886;111.630913;98.030373;84.189926,npp_d20250902_t1858434_e1900076_b71766;npp_d20250902_t1900088_e1901330_b71766;npp_d20250902_t1901342_e1902584_b71766;npp_d20250902_t1902596_e1904238_b71766,151.927,58.3891,5.56555,-77.2766,90.7013,-118.353
128,VBD_npp_d20250902_t1859121_x0994472E_y105205N_l0259_s2131_v23,2025-09-02 21:06:36,10.520531,99.447235,2.55388,2025-09-02 18:59:12,2025-09-03 01:59:12,259,2131,0.373752,1,2401,0.195285,0.055,0.725602,0.4,0.852982,0.75,6.1857e-05,0.0001,1.42663e-15,999999,5.009654e-02,3,Thailand Exclusive Economic Zone,,,SVDNB_npp_d20250902_t1858434_e1900076_b71766_c20250902202635057000_oeac_ops.h5,GDNBO_npp_d20250902_t1858434_e1900076_b71766_c20250902202419882000_oeac_ops.h5,SVI04_npp_d20250902_t1858434_e1900076_b71766_c20250902202643623000_oeac_ops.dspace_rad,,eez_v11.shp,WPP_BFAR_merge.shp,vbd_mpa_r20170830.shp,VNF-VBD_npp_20120301-20151231_global_asia-enhanced_c201607211230.bitmask,vbd_landsea_r20220824.mask,timezone.shp,VBD_platforms-recurring_2015_r20170330.shp,999999,VBD_bridges_c20160811.shp,14.122167;12.311656;9.816022;4.968679;7.298583;9.219633,85.094513;99.171051;112.915886;111.630913;98.030373;84.189926,npp_d20250902_t1858434_e1900076_b71766;npp_d20250902_t1900088_e1901330_b71766;npp_d20250902_t1901342_e1902584_b71766;npp_d20250902_t1902596_e1904238_b71766,149.72,54.1952,5.62065,-83.6955,92.6782,-118.237
129,VBD_npp_d20250902_t1859139_x0994092E_y103298N_l0288_s2131_v23,2025-09-02 21:06:36,10.329844,99.409241,2.23082,2025-09-02 18:59:13,2025-09-03 01:59:13,288,2131,0.354191,2,2337,0.134521,0.055,0.737675,0.4,0.70122,0.75,7.04119e-05,0.0001,2.50305e-15,999999,4.194833e-02,3,Thailand Exclusive Economic Zone,,,SVDNB_npp_d20250902_t1858434_e1900076_b71766_c20250902202635057000_oeac_ops.h5,GDNBO_npp_d20250902_t1858434_e1900076_b71766_c20250902202419882000_oeac_ops.h5,SVI04_npp_d20250902_t1858434_e1900076_b71766_c20250902202643623000_oeac_ops.dspace_rad,,eez_v11.shp,WPP_BFAR_merge.shp,vbd_mpa_r20170830.shp,VNF-VBD_npp_20120301-20151231_global_asia-enhanced_c201607211230.bitmask,vbd_landsea_r20220824.mask,timezone.shp,VBD_platforms-recurring_2015_r20170330.shp,999999,VBD_bridges_c20160811.shp,14.122167;12.311656;9.816022;4.968679;7.298583;9.219633,85.094513;99.171051;112.915886;111.630913;98.030373;84.189926,npp_d20250902_t1858434_e1900076_b71766;npp_d20250902_t1900088_e1901330_b71766;npp_d20250902_t1901342_e1902584_b71766;npp_d20250902_t1902596_e1904238_b71766,149.856,54.4256,5.63569,-76.0438,92.5613,-118.248
130,VBD_npp_d20250902_t1859086_x0995029E_y107284N_l0227_s2132_v23,2025-09-02 21:06:36,10.728412,99.502876,2.79925,2025-09-02 18:59:08,2025-09-03 01:59:08,227,2132,0.303119,1,2401,0.189203,0.055,0.781322,0.4,0.753851,0.75,5.20864e-05,0.0001,1.15732e-15,999999,-4.026149e-01,3,Thailand Exclusive Economic Zone,,,SVDNB_npp_d20250902_t1858434_e1900076_b71766_c20250902202635057000_oeac_ops.h5,GDNBO_npp_d20250902_t1858434_e1900076_b71766_c20250902202419882000_oeac_ops.h5,SVI04_npp_d20250902_t1858434_e1900076_b71766_c20250902202643623000_oeac_ops.dspace_rad,,eez_v11.shp,WPP_BFAR_merge.shp,vbd_mpa_r20170830.shp,VNF-VBD_npp_20120301-20151231_global_asia-enhanced_c201607211230.bitmask,vbd_landsea_r20220824.mask,timezone.shp,VBD_platforms-recurring_2015_r20170330.shp,999999,VBD_bridges_c20160811.shp,14.122167;12.311656;9.816022;4.968679;7.298583;9.219633,85.094513;99.171051;112.915886;111.630913;98.030373;84.189926,npp_d20250902_t1858434_e1900076_b71766;npp_d20250902_t1900088_e1901330_b71766;npp_d20250902_t1901342_e1902584_b71766;npp_d20250902_t1902596_e1904238_b71766,149.566,53.9555,5.68228,-83.6573,92.8122,-118.225
131,VBD_npp_d20250902_t1859086_x0995007E_y107151N_l0229_s2132_v23,2025-09-02 21:06:36,10.715121,99.500710,2.81979,2025-09-02 18:59:08,2025-09-03 01:59:08,229,2132,0.304043,2,2337,0.171206,0.055,0.781322,0.4,0.699349,0.75,5.26731e-05,0.0001,1.25149e-15,999999,-1.564933e-01,3,Thailand Exclusive Economic Zone,,,SVDNB_npp_d20250902_t1858434_e1900076_b71766_c20250902202635057000_oeac_ops.h5,GDNBO_npp_d20250902_t1858434_e1900076_b71766_c20250902202419882000_oeac_ops.h5,SVI04_npp_d20250902_t1858434_e1900076_b71766_c20250902202643623000_oeac_ops.dspace_rad,,eez_v11.shp,WPP_BFAR_merge.shp,vbd_mpa_r20170830.shp,VNF-VBD_npp_20120301-20151231_global_asia-enhanced_c201607211230.bitmask,vbd_landsea_r20220824.mask,timezone.shp,VBD_platforms-recurring_2015_r20170330.shp,999999,VBD_bridges_c20160811.shp,14.122167;12.311656;9.816022;4.968679;7.298583;9.219633,85.094513;99.171051;112.915886;111.630913;98.030373;84.189926,npp_d20250902_t1858434_e1900076_b71766;npp_d20250902_t1900088_e1901330_b71766;npp_d20250902_t1901342_e1902584_b71766;npp_d20250902_t1902596_e1904238_b71766,149.575,53.9713,5.67772,-82.488,92.8041,-118.225
132,VBD_npp_d20250902_t1859086_x0994985E_y107018N_l0231_s2132_v23,2025-09-02 21:06:36,10.701833,99.498528,2.64505,2025-09-02 18:59:08,2025-09-03 01:59:08,231,2132,0.309307,2,2337,0.170589,0.055,0.785895,0.4,0.711556,0.75,5.32597e-05,0.0001,1.35249e-15,999999,-5.998518e-02,3,Thailand Exclusive Economic Zone,,,SVDNB_npp_d20250902_t1858434_e1900076_b71766_c20250902202635057000_oeac_ops.h5,GDNBO_npp_d20250902_t1858434_e1900076_b71766_c20250902202419882000_oeac_ops.h5,SVI04_npp_d20250902_t1858434_e1900076_b71766_c20250902202643623000_oeac_ops.dspace_rad,,eez_v11.shp,WPP_BFAR_merge.shp,vbd_mpa_r20170830.shp,VNF-VBD_npp_20120301-20151231_global_asia-enhanced_c201607211230.bitmask,vbd_landsea_r20220824.mask,timezone.shp,VBD_platforms-recurring_2015_r20170330.shp,999999,VBD_bridges_c20160811.shp,14.122167;12.311656;9.816022;4.968679;7.298583;9.219633,85.094513;99.171051;112.915886;111.630913;98.030373;84.189926,npp_d20250902_t1858434_e1900076_b71766;npp_d20250902_t1900088_e1901330_b71766;npp_d20250902_t1901342_e1902584_b71766;npp_d20250902_t1902596_e1904238_b71766,149.585,53.987,5.67552,-81.3189,92.7959,-118.226
133,VBD_npp_d20250902_t1859086_x0994920E_y106620N_l0237_s2132_v23,2025-09-02 21:06:36,10.661963,99.492004,1.63633,2025-09-02 18:59:08,2025-09-03 01:59:08,237,2132,0.336906,2,2337,0.0746951,0.055,0.764595,0.4,0.482641,0.75,5.50197e-05,0.0001,1.70173e-15,999999,4.534710e-02,3,Thailand Exclusive Economic Zone,,,SVDNB_npp_d20250902_t1858434_e1900076_b71766_c20250902202635057000_oeac_ops.h5,GDNBO_npp_d20250902_t1858434_e1900076_b71766_c20250902202419882000_oeac_ops.h5,SVI04_npp_d20250902_t1858434_e1900076_b71766_c20250902202643623000_oeac_ops.dspace_rad,,eez_v11.shp,WPP_BFAR_merge.shp,vbd_mpa_r20170830.shp,VNF-VBD_npp_20120301-20151231_global_asia-enhanced_c201607211230.bitmask,vbd_landsea_r20220824.mask,timezone.shp,VBD_platforms-recurring_2015_r20170330.shp,999999,VBD_bridges_c20160811.shp,14.122167;12.311656;9.816022;4.968679;7.298583;9.219633,85.094513;99.171051;112.915886;111.630913;98.030373;84.189926,npp_d20250902_t1858434_e1900076_b71766;npp_d20250902_t1900088_e1901330_b71766;npp_d20250902_t1901342_e1902584_b71766;npp_d20250902_t1902596_e1904238_b71766,149.613,54.0344,5.68308,-77.813,92.7714,-118.228
134,VBD_npp_d20250902_t1859157_x0994080E_y103238N_l0289_s2132_v23,2025-09-02 21:06:36,10.323767,99.408035,3.26162,2025-09-02 18:59:15,2025-09-03 01:59:15,289,2132,0.343094,1,2401,0.249099,0.055,0.737675,0.4,0.786583,0.75,7.02723e-05,0.0001,1.42467e-15,999999,2.178495e-01,3,Thailand Exclusive Economic Zone,,,SVDNB_npp_d20250902_t1858434_e1900076_b71766_c20250902202635057000_oeac_ops.h5,GDNBO_npp_d20250902_t1858434_e1900076_b71766_c20250902202419882000_oeac_ops.h5,SVI04_npp_d20250902_t1858434_e1900076_b71766_c20250902202643623000_oeac_ops.dspace_rad,,eez_v11.shp,WPP_BFAR_merge.shp,vbd_mpa_r20170830.shp,VNF-VBD_npp_20120301-20151231_global_asia-enhanced_c201607211230.bitmask,vbd_landsea_r20220824.mask,timezone.shp,VBD_platforms-recurring_2015_r20170330.shp,999999,VBD_bridges_c20160811.shp,14.122167;12.311656;9.816022;4.968679;7.298583;9.219633,85.094513;99.171051;112.915886;111.630913;98.030373;84.189926,npp_d20250902_t1858434_e1900076_b71766;npp_d20250902_t1900088_e1901330_b71766;npp_d20250902_t1901342_e1902584_b71766;npp_d20250902_t1902596_e1904238_b71766,149.854,54.4413,5.68816,-84.8509,92.5636,-118.247
135,VBD_npp_d20250902_t1859264_x0992611E_y096423N_l0393_s2133_v23,2025-09-02 21:06:36,9.642308,99.261116,1.274,2025-09-02 18:59:26,2025-09-03 01:59:26,393,2133,0.226724,8,18721,0.0633765,0.055,0.486826,0.4,0.547627,0.75,9.27978e-05,0.0001,2.7816e-15,999999,-1.186062e-01,3,Thailand Exclusive Economic Zone,,,SVDNB_npp_d20250902_t1858434_e1900076_b71766_c20250902202635057000_oeac_ops.h5,GDNBO_npp_d20250902_t1858434_e1900076_b71766_c20250902202419882000_oeac_ops.h5,SVI04_npp_d20250902_t1858434_e1900076_b71766_c20250902202643623000_oeac_ops.dspace_rad,,eez_v11.shp,WPP_BFAR_merge.shp,vbd_mpa_r20170830.shp,VNF-VBD_npp_20120301-20151231_global_asia-enhanced_c201607211230.bitmask,vbd_landsea_r20220824.mask,timezone.shp,VBD_platforms-recurring_2015_r20170330.shp,0.856715,VBD_bridges_c20160811.shp,14.122167;12.311656;9.816022;4.968679;7.298583;9.219633,85.094513;99.171051;112.915886;111.630913;98.030373;84.189926,npp_d20250902_t1858434_e1900076_b71766;npp_d20250902_t1900088_e1901330_b71766;npp_d20250902_t1901342_e1902584_b71766;npp_d20250902_t1902596_e1904238_b71766,150.329,55.2915,5.73167,-80.1915,92.1509,-118.278
136,VBD_npp_d20250902_t1900002_x0987988E_y076166N_l0703_s2133_v23,2025-09-02 21:06:36,7.616588,98.798820,2.57932,2025-09-02 19:00:00,2025-09-03 02:00:00,703,2133,0.231916,2,2465,0.143633,0.108972,0.734214,0.4,0.623931,0.75,0.000254263,0.0001,1.24939e-14,999999,2.082788e-02,3,Thailand Exclusive Economic Zone,,,SVDNB_npp_d20250902_t1858434_e1900076_b71766_c20250902202635057000_oeac_ops.h5,GDNBO_npp_d20250902_t1858434_e1900076_b71766_c20250902202419882000_oeac_ops.h5,SVI04_npp_d20250902_t1858434_e1900076_b71766_c20250902202643623000_oeac_ops.dspace_rad,,eez_v11.shp,WPP_BFAR_merge.shp,vbd_mpa_r20170830.shp,VNF-VBD_npp_20120301-20151231_global_asia-enhanced_c201607211230.bitmask,vbd_landsea_r20220824.mask,timezone.shp,VBD_platforms-recurring_2015_r20170330.shp,999999,VBD_bridges_c20160811.shp,14.122167;12.311656;9.816022;4.968679;7.298583;9.219633,85.094513;99.171051;112.915886;111.630913;98.030373;84.189926,npp_d20250902_t1858434_e1900076_b71766;npp_d20250902_t1900088_e1901330_b71766;npp_d20250902_t1901342_e1902584_b71766;npp_d20250902_t1902596_e1904238_b71766,151.709,57.9831,5.74587,-76.8147,90.9063,-118.344
137,VBD_npp_d20250902_t1859086_x0995175E_y107329N_l0226_s2134_v23,2025-09-02 21:06:36,10.732902,99.517479,4.11779,2025-09-02 18:59:08,2025-09-03 01:59:08,226,2134,0.319123,1,2401,0.2828,0.055,0.741571,0.4,0.840807,0.75,5.11353e-05,0.0001,9.81432e-16,999999,-3.824704e-01,3,Thailand Exclusive Economic Zone,,,SVDNB_npp_d20250902_t1858434_e1900076_b71766_c20250902202635057000_oeac_ops.h5,GDNBO_npp_d20250902_t1858434_e1900076_b71766_c20250902202419882000_oeac_ops.h5,SVI04_npp_d20250902_t1858434_e1900076_b71766_c20250902202643623000_oeac_ops.dspace_rad,,eez_v11.shp,WPP_BFAR_merge.shp,vbd_mpa_r20170830.shp,VNF-VBD_npp_20120301-20151231_global_asia-enhanced_c201607211230.bitmask,vbd_landsea_r20220824.mask,timezone.shp,VBD_platforms-recurring_2015_r20170330.shp,999999,VBD_bridges_c20160811.shp,14.122167;12.311656;9.816022;4.968679;7.298583;9.219633,85.094513;99.171051;112.915886;111.630913;98.030373;84.189926,npp_d20250902_t1858434_e1900076_b71766;npp_d20250902_t1900088_e1901330_b71766;npp_d20250902_t1901342_e1902584_b71766;npp_d20250902_t1902596_e1904238_b71766,149.552,53.9664,5.80121,-84.1737,92.827,-118.222
138,VBD_npp_d20250902_t1859086_x0995142E_y107130N_l0229_s2134_v23,2025-09-02 21:06:36,10.712964,99.514214,1.79106,2025-09-02 18:59:08,2025-09-03 01:59:08,229,2134,0.300202,2,2337,0.0881844,0.055,0.781322,0.4,0.580188,0.75,5.20052e-05,0.0001,1.10407e-15,999999,-1.026491e-01,3,Thailand Exclusive Economic Zone,,,SVDNB_npp_d20250902_t1858434_e1900076_b71766_c20250902202635057000_oeac_ops.h5,GDNBO_npp_d20250902_t1858434_e1900076_b71766_c20250902202419882000_oeac_ops.h5,SVI04_npp_d20250902_t1858434_e1900076_b71766_c20250902202643623000_oeac_ops.dspace_rad,,eez_v11.shp,WPP_BFAR_merge.shp,vbd_mpa_r20170830.shp,VNF-VBD_npp_20120301-20151231_global_asia-enhanced_c201607211230.bitmask,vbd_landsea_r20220824.mask,timezone.shp,VBD_platforms-recurring_2015_r20170330.shp,999999,VBD_bridges_c20160811.shp,14.122167;12.311656;9.816022;4.968679;7.298583;9.219633,85.094513;99.171051;112.915886;111.630913;98.030373;84.189926,npp_d20250902_t1858434_e1900076_b71766;npp_d20250902_t1900088_e1901330_b71766;npp_d20250902_t1901342_e1902584_b71766;npp_d20250902_t1902596_e1904238_b71766,149.566,53.99,5.79363,-82.4546,92.8148,-118.223
139,VBD_npp_d20250902_t1859086_x0995044E_y106532N_l0238_s2134_v23,2025-09-02 21:06:36,10.653152,99.504433,2.89435,2025-09-02 18:59:08,2025-09-03 01:59:08,238,2134,0.313361,2,2337,0.191977,0.055,0.764595,0.4,0.740765,0.75,5.46149e-05,0.0001,1.55998e-15,999999,2.326811e-01,3,Thailand Exclusive Economic Zone,,,SVDNB_npp_d20250902_t1858434_e1900076_b71766_c20250902202635057000_oeac_ops.h5,GDNBO_npp_d20250902_t1858434_e1900076_b71766_c20250902202419882000_oeac_ops.h5,SVI04_npp_d20250902_t1858434_e1900076_b71766_c20250902202643623000_oeac_ops.dspace_rad,,eez_v11.shp,WPP_BFAR_merge.shp,vbd_mpa_r20170830.shp,VNF-VBD_npp_20120301-20151231_global_asia-enhanced_c201607211230.bitmask,vbd_landsea_r20220824.mask,timezone.shp,VBD_platforms-recurring_2015_r20170330.shp,999999,VBD_bridges_c20160811.shp,14.122167;12.311656;9.816022;4.968679;7.298583;9.219633,85.094513;99.171051;112.915886;111.630913;98.030373;84.189926,npp_d20250902_t1858434_e1900076_b71766;npp_d20250902_t1900088_e1901330_b71766;npp_d20250902_t1901342_e1902584_b71766;npp_d20250902_t1902596_e1904238_b71766,149.609,54.061,5.80211,-77.3002,92.778,-118.227
140,VBD_npp_d20250902_t1859193_x0993731E_y100717N_l0327_s2135_v23,2025-09-02 21:06:36,10.071690,99.373146,1.07428,2025-09-02 18:59:19,2025-09-03 01:59:19,327,2135,0.296361,2,2337,0.0567895,0.055,0.573441,0.4,0.545484,0.75,7.64432e-05,0.0001,1.72408e-15,999999,-3.965742e-01,3,Thailand Exclusive Economic Zone,,,SVDNB_npp_d20250902_t1858434_e1900076_b71766_c20250902202635057000_oeac_ops.h5,GDNBO_npp_d20250902_t1858434_e1900076_b71766_c20250902202419882000_oeac_ops.h5,SVI04_npp_d20250902_t1858434_e1900076_b71766_c20250902202643623000_oeac_ops.dspace_rad,,eez_v11.shp,WPP_BFAR_merge.shp,vbd_mpa_r20170830.shp,VNF-VBD_npp_20120301-20151231_global_asia-enhanced_c201607211230.bitmask,vbd_landsea_r20220824.mask,timezone.shp,VBD_platforms-recurring_2015_r20170330.shp,999999,VBD_bridges_c20160811.shp,14.122167;12.311656;9.816022;4.968679;7.298583;9.219633,85.094513;99.171051;112.915886;111.630913;98.030373;84.189926,npp_d20250902_t1858434_e1900076_b71766;npp_d20250902_t1900088_e1901330_b71766;npp_d20250902_t1901342_e1902584_b71766;npp_d20250902_t1902596_e1904238_b71766,150.017,54.773,5.84587,-81.336,92.4265,-118.256
141,VBD_npp_d20250902_t1859264_x0992703E_y096136N_l0397_s2135_v23,2025-09-02 21:06:36,9.613563,99.270264,1.38848,2025-09-02 18:59:26,2025-09-03 01:59:26,397,2135,0.261863,2,2337,0.0751672,0.055,0.563419,0.4,0.539317,0.75,9.36664e-05,0.0001,2.85794e-15,999999,-6.559055e-02,3,Thailand Exclusive Economic Zone,,,SVDNB_npp_d20250902_t1858434_e1900076_b71766_c20250902202635057000_oeac_ops.h5,GDNBO_npp_d20250902_t1858434_e1900076_b71766_c20250902202419882000_oeac_ops.h5,SVI04_npp_d20250902_t1858434_e1900076_b71766_c20250902202643623000_oeac_ops.dspace_rad,,eez_v11.shp,WPP_BFAR_merge.shp,vbd_mpa_r20170830.shp,VNF-VBD_npp_20120301-20151231_global_asia-enhanced_c201607211230.bitmask,vbd_landsea_r20220824.mask,timezone.shp,VBD_platforms-recurring_2015_r20170330.shp,999999,VBD_bridges_c20160811.shp,14.122167;12.311656;9.816022;4.968679;7.298583;9.219633,85.094513;99.171051;112.915886;111.630913;98.030373;84.189926,npp_d20250902_t1858434_e1900076_b71766;npp_d20250902_t1900088_e1901330_b71766;npp_d20250902_t1901342_e1902584_b71766;npp_d20250902_t1902596_e1904238_b71766,150.338,55.3436,5.85478,-77.9359,92.1452,-118.277
142,VBD_npp_d20250902_t1859015_x0996203E_y111022N_l0169_s2136_v23,2025-09-02 21:06:36,11.102223,99.620293,1.71478,2025-09-02 18:59:01,2025-09-03 01:59:01,169,2136,0.283344,10,2305,0.0669473,0.055,0.383156,0.4,0.49261,0.75,3.6797e-05,0.0001,8.5343e-16,999999,-5.317030e-01,3,Thailand Exclusive Economic Zone,,,SVDNB_npp_d20250902_t1858434_e1900076_b71766_c20250902202635057000_oeac_ops.h5,GDNBO_npp_d20250902_t1858434_e1900076_b71766_c20250902202419882000_oeac_ops.h5,SVI04_npp_d20250902_t1858434_e1900076_b71766_c20250902202643623000_oeac_ops.dspace_rad,,eez_v11.shp,WPP_BFAR_merge.shp,vbd_mpa_r20170830.shp,VNF-VBD_npp_20120301-20151231_global_asia-enhanced_c201607211230.bitmask,vbd_landsea_r20220824.mask,timezone.shp,VBD_platforms-recurring_2015_r20170330.shp,999999,VBD_bridges_c20160811.shp,14.122167;12.311656;9.816022;4.968679;7.298583;9.219633,85.094513;99.171051;112.915886;111.630913;98.030373;84.189926,npp_d20250902_t1858434_e1900076_b71766;npp_d20250902_t1900088_e1901330_b71766;npp_d20250902_t1901342_e1902584_b71766;npp_d20250902_t1902596_e1904238_b71766,149.275,53.5481,5.90595,-80.1562,93.0656,-118.198
143,VBD_npp_d20250902_t1859050_x0995638E_y108467N_l0208_s2136_v23,2025-09-02 21:06:36,10.846722,99.563843,2.52529,2025-09-02 18:59:05,2025-09-03 01:59:05,208,2136,0.321399,1,2401,0.188867,0.055,0.629128,0.4,0.781277,0.75,4.53184e-05,0.0001,1.29229e-15,999999,-2.302107e-01,3,Thailand Exclusive Economic Zone,,,SVDNB_npp_d20250902_t1858434_e1900076_b71766_c20250902202635057000_oeac_ops.h5,GDNBO_npp_d20250902_t1858434_e1900076_b71766_c20250902202419882000_oeac_ops.h5,SVI04_npp_d20250902_t1858434_e1900076_b71766_c20250902202643623000_oeac_ops.dspace_rad,,eez_v11.shp,WPP_BFAR_merge.shp,vbd_mpa_r20170830.shp,VNF-VBD_npp_20120301-20151231_global_asia-enhanced_c201607211230.bitmask,vbd_landsea_r20220824.mask,timezone.shp,VBD_platforms-recurring_2015_r20170330.shp,999999,VBD_bridges_c20160811.shp,14.122167;12.311656;9.816022;4.968679;7.298583;9.219633,85.094513;99.171051;112.915886;111.630913;98.030373;84.189926,npp_d20250902_t1858434_e1900076_b71766;npp_d20250902_t1900088_e1901330_b71766;npp_d20250902_t1901342_e1902584_b71766;npp_d20250902_t1902596_e1904238_b71766,149.459,53.8471,5.9223,-76.2314,92.9085,-118.213
144,VBD_npp_d20250902_t1859175_x0993980E_y101354N_l0317_s2136_v23,2025-09-02 21:06:36,10.135372,99.398041,4.92891,2025-09-02 18:59:17,2025-09-03 01:59:17,317,2136,0.318625,1,2401,0.328982,0.055,0.818326,0.4,0.841492,0.75,7.4016e-05,0.0001,1.88526e-15,999999,7.509343e-02,3,Thailand Exclusive Economic Zone,,,SVDNB_npp_d20250902_t1858434_e1900076_b71766_c20250902202635057000_oeac_ops.h5,GDNBO_npp_d20250902_t1858434_e1900076_b71766_c20250902202419882000_oeac_ops.h5,SVI04_npp_d20250902_t1858434_e1900076_b71766_c20250902202643623000_oeac_ops.dspace_rad,,eez_v11.shp,WPP_BFAR_merge.shp,vbd_mpa_r20170830.shp,VNF-VBD_npp_20120301-20151231_global_asia-enhanced_c201607211230.bitmask,vbd_landsea_r20220824.mask,timezone.shp,VBD_platforms-recurring_2015_r20170330.shp,999999,VBD_bridges_c20160811.shp,14.122167;12.311656;9.816022;4.968679;7.298583;9.219633,85.094513;99.171051;112.915886;111.630913;98.030373;84.189926,npp_d20250902_t1858434_e1900076_b71766;npp_d20250902_t1900088_e1901330_b71766;npp_d20250902_t1901342_e1902584_b71766;npp_d20250902_t1902596_e1904238_b71766,149.966,54.7032,5.91472,-77.9752,92.472,-118.252
145,VBD_npp_d20250902_t1859210_x0993603E_y099928N_l0339_s2136_v23,2025-09-02 21:06:36,9.992808,99.360291,2.76468,2025-09-02 18:59:21,2025-09-03 01:59:21,339,2136,0.21954,2,2337,0.166172,0.055,0.627661,0.4,0.66791,0.75,7.83232e-05,0.0001,1.48685e-15,999999,-7.941405e-02,3,Thailand Exclusive Economic Zone,,,SVDNB_npp_d20250902_t1858434_e1900076_b71766_c20250902202635057000_oeac_ops.h5,GDNBO_npp_d20250902_t1858434_e1900076_b71766_c20250902202419882000_oeac_ops.h5,SVI04_npp_d20250902_t1858434_e1900076_b71766_c20250902202643623000_oeac_ops.dspace_rad,,eez_v11.shp,WPP_BFAR_merge.shp,vbd_mpa_r20170830.shp,VNF-VBD_npp_20120301-20151231_global_asia-enhanced_c201607211230.bitmask,vbd_landsea_r20220824.mask,timezone.shp,VBD_platforms-recurring_2015_r20170330.shp,999999,VBD_bridges_c20160811.shp,14.122167;12.311656;9.816022;4.968679;7.298583;9.219633,85.094513;99.171051;112.915886;111.630913;98.030373;84.189926,npp_d20250902_t1858434_e1900076_b71766;npp_d20250902_t1900088_e1901330_b71766;npp_d20250902_t1901342_e1902584_b71766;npp_d20250902_t1902596_e1904238_b71766,150.066,54.8786,5.91244,-83.5956,92.3842,-118.259
146,VBD_npp_d20250902_t1859264_x0992867E_y096723N_l0388_s2136_v23,2025-09-02 21:06:36,9.672320,99.286720,1.2271,2025-09-02 18:59:26,2025-09-03 01:59:26,388,2136,0.227293,2,2337,0.0600772,0.055,0.635575,0.4,0.53113,0.75,8.87782e-05,0.0001,1.91473e-15,999999,-1.339700e-01,3,Thailand Exclusive Economic Zone,,,SVDNB_npp_d20250902_t1858434_e1900076_b71766_c20250902202635057000_oeac_ops.h5,GDNBO_npp_d20250902_t1858434_e1900076_b71766_c20250902202419882000_oeac_ops.h5,SVI04_npp_d20250902_t1858434_e1900076_b71766_c20250902202643623000_oeac_ops.dspace_rad,,eez_v11.shp,WPP_BFAR_merge.shp,vbd_mpa_r20170830.shp,VNF-VBD_npp_20120301-20151231_global_asia-enhanced_c201607211230.bitmask,vbd_landsea_r20220824.mask,timezone.shp,VBD_platforms-recurring_2015_r20170330.shp,999999,VBD_bridges_c20160811.shp,14.122167;12.311656;9.816022;4.968679;7.298583;9.219633,85.094513;99.171051;112.915886;111.630913;98.030373;84.189926,npp_d20250902_t1858434_e1900076_b71766;npp_d20250902_t1900088_e1901330_b71766;npp_d20250902_t1901342_e1902584_b71766;npp_d20250902_t1902596_e1904238_b71766,150.291,55.2778,5.90942,-83.0207,92.1873,-118.274
147,VBD_npp_d20250902_t1858561_x0996999E_y114148N_l0121_s2137_v23,2025-09-02 21:06:36,11.414819,99.699860,1.59535,2025-09-02 18:58:56,2025-09-03 01:58:56,121,2137,0.386271,2,2337,0.0894199,0.055,0.668667,0.4,0.607588,0.75,2.81647e-05,0.0001,6.44039e-16,999999,-2.984224e-01,3,Thailand Exclusive Economic Zone,,,SVDNB_npp_d20250902_t1858434_e1900076_b71766_c20250902202635057000_oeac_ops.h5,GDNBO_npp_d20250902_t1858434_e1900076_b71766_c20250902202419882000_oeac_ops.h5,SVI04_npp_d20250902_t1858434_e1900076_b71766_c20250902202643623000_oeac_ops.dspace_rad,,eez_v11.shp,WPP_BFAR_merge.shp,vbd_mpa_r20170830.shp,VNF-VBD_npp_20120301-20151231_global_asia-enhanced_c201607211230.bitmask,vbd_landsea_r20220824.mask,timezone.shp,VBD_platforms-recurring_2015_r20170330.shp,999999,VBD_bridges_c20160811.shp,14.122167;12.311656;9.816022;4.968679;7.298583;9.219633,85.094513;99.171051;112.915886;111.630913;98.030373;84.189926,npp_d20250902_t1858434_e1900076_b71766;npp_d20250902_t1900088_e1901330_b71766;npp_d20250902_t1901342_e1902584_b71766;npp_d20250902_t1902596_e1904238_b71766,149.044,53.1953,5.96212,-80.1626,93.2634,-118.177
148,VBD_npp_d20250902_t1859015_x0996347E_y111477N_l0162_s2137_v23,2025-09-02 21:06:36,11.147667,99.634705,2.01582,2025-09-02 18:59:01,2025-09-03 01:59:01,162,2137,0.222527,2,2337,0.0866558,0.055,0.558649,0.4,0.463027,0.75,3.53288e-05,0.0001,6.07751e-16,999999,-3.596549e-01,3,Thailand Exclusive Economic Zone,,,SVDNB_npp_d20250902_t1858434_e1900076_b71766_c20250902202635057000_oeac_ops.h5,GDNBO_npp_d20250902_t1858434_e1900076_b71766_c20250902202419882000_oeac_ops.h5,SVI04_npp_d20250902_t1858434_e1900076_b71766_c20250902202643623000_oeac_ops.dspace_rad,,eez_v11.shp,WPP_BFAR_merge.shp,vbd_mpa_r20170830.shp,VNF-VBD_npp_20120301-20151231_global_asia-enhanced_c201607211230.bitmask,vbd_landsea_r20220824.mask,timezone.shp,VBD_platforms-recurring_2015_r20170330.shp,999999,VBD_bridges_c20160811.shp,14.122167;12.311656;9.816022;4.968679;7.298583;9.219633,85.094513;99.171051;112.915886;111.630913;98.030373;84.189926,npp_d20250902_t1858434_e1900076_b71766;npp_d20250902_t1900088_e1901330_b71766;npp_d20250902_t1901342_e1902584_b71766;npp_d20250902_t1902596_e1904238_b71766,149.237,53.5036,5.97323,-84.0575,93.0995,-118.194
149,VBD_npp_d20250902_t1859264_x0992956E_y096845N_l0386_s2137_v23,2025-09-02 21:06:36,9.684544,99.295624,1.38242,2025-09-02 18:59:26,2025-09-03 01:59:26,386,2137,0.21513,2,2337,0.0762411,0.055,0.573935,0.4,0.547195,0.75,8.7288e-05,0.0001,1.6668e-15,999999,-1.502821e-01,3,Thailand Exclusive Economic Zone,,,SVDNB_npp_d20250902_t1858434_e1900076_b71766_c20250902202635057000_oeac_ops.h5,GDNBO_npp_d20250902_t1858434_e1900076_b71766_c20250902202419882000_oeac_ops.h5,SVI04_npp_d20250902_t1858434_e1900076_b71766_c20250902202643623000_oeac_ops.dspace_rad,,eez_v11.shp,WPP_BFAR_merge.shp,vbd_mpa_r20170830.shp,VNF-VBD_npp_20120301-20151231_global_asia-enhanced_c201607211230.bitmask,vbd_landsea_r20220824.mask,timezone.shp,VBD_platforms-recurring_2015_r20170330.shp,999999,VBD_bridges_c20160811.shp,14.122167;12.311656;9.816022;4.968679;7.298583;9.219633,85.094513;99.171051;112.915886;111.630913;98.030373;84.189926,npp_d20250902_t1858434_e1900076_b71766;npp_d20250902_t1900088_e1901330_b71766;npp_d20250902_t1901342_e1902584_b71766;npp_d20250902_t1902596_e1904238_b71766,150.277,55.2704,5.97281,-84.1132,92.2008,-118.272
150,VBD_npp_d20250902_t1900037_x0987856E_y074498N_l0728_s2137_v23,2025-09-02 21:06:36,7.449796,98.785561,3.35144,2025-09-02 19:00:03,2025-09-03 02:00:03,728,2137,0.385559,1,2529,0.262498,0.108972,0.668722,0.4,0.869361,0.75,0.000250992,0.0001,8.78089e-15,999999,-2.984789e-01,3,Thailand Exclusive Economic Zone,,,SVDNB_npp_d20250902_t1858434_e1900076_b71766_c20250902202635057000_oeac_ops.h5,GDNBO_npp_d20250902_t1858434_e1900076_b71766_c20250902202419882000_oeac_ops.h5,SVI04_npp_d20250902_t1858434_e1900076_b71766_c20250902202643623000_oeac_ops.dspace_rad,,eez_v11.shp,WPP_BFAR_merge.shp,vbd_mpa_r20170830.shp,VNF-VBD_npp_20120301-20151231_global_asia-enhanced_c201607211230.bitmask,vbd_landsea_r20220824.mask,timezone.shp,VBD_platforms-recurring_2015_r20170330.shp,999999,VBD_bridges_c20160811.shp,14.122167;12.311656;9.816022;4.968679;7.298583;9.219633,85.094513;99.171051;112.915886;111.630913;98.030373;84.189926,npp_d20250902_t1858434_e1900076_b71766;npp_d20250902_t1900088_e1901330_b71766;npp_d20250902_t1901342_e1902584_b71766;npp_d20250902_t1902596_e1904238_b71766,151.796,58.2485,5.96525,-80.8805,90.828,-118.344
151,VBD_npp_d20250902_t1858561_x0997045E_y114004N_l0123_s2138_v23,2025-09-02 21:06:36,11.400437,99.704453,3.12472,2025-09-02 18:58:56,2025-09-03 01:58:56,123,2138,0.307173,1,2401,0.207693,0.055,0.694289,0.4,0.757303,0.75,2.83237e-05,0.0001,6.52882e-16,999999,-3.053514e-01,3,Thailand Exclusive Economic Zone,,,SVDNB_npp_d20250902_t1858434_e1900076_b71766_c20250902202635057000_oeac_ops.h5,GDNBO_npp_d20250902_t1858434_e1900076_b71766_c20250902202419882000_oeac_ops.h5,SVI04_npp_d20250902_t1858434_e1900076_b71766_c20250902202643623000_oeac_ops.dspace_rad,,eez_v11.shp,WPP_BFAR_merge.shp,vbd_mpa_r20170830.shp,VNF-VBD_npp_20120301-20151231_global_asia-enhanced_c201607211230.bitmask,vbd_landsea_r20220824.mask,timezone.shp,VBD_platforms-recurring_2015_r20170330.shp,999999,VBD_bridges_c20160811.shp,14.122167;12.311656;9.816022;4.968679;7.298583;9.219633,85.094513;99.171051;112.915886;111.630913;98.030373;84.189926,npp_d20250902_t1858434_e1900076_b71766;npp_d20250902_t1900088_e1901330_b71766;npp_d20250902_t1901342_e1902584_b71766;npp_d20250902_t1902596_e1904238_b71766,149.049,53.2199,6.02246,-79.0662,93.2606,-118.176
152,VBD_npp_d20250902_t1858597_x0996549E_y111848N_l0156_s2138_v23,2025-09-02 21:06:36,11.184767,99.654945,4.01638,2025-09-02 18:58:59,2025-09-03 01:58:59,156,2138,0.349283,1,2401,0.249419,0.055,0.594703,0.4,0.783749,0.75,3.40508e-05,0.0001,7.8334e-16,999999,1.348461e-01,3,Thailand Exclusive Economic Zone,,,SVDNB_npp_d20250902_t1858434_e1900076_b71766_c20250902202635057000_oeac_ops.h5,GDNBO_npp_d20250902_t1858434_e1900076_b71766_c20250902202419882000_oeac_ops.h5,SVI04_npp_d20250902_t1858434_e1900076_b71766_c20250902202643623000_oeac_ops.dspace_rad,,eez_v11.shp,WPP_BFAR_merge.shp,vbd_mpa_r20170830.shp,VNF-VBD_npp_20120301-20151231_global_asia-enhanced_c201607211230.bitmask,vbd_landsea_r20220824.mask,timezone.shp,VBD_platforms-recurring_2015_r20170330.shp,999999,VBD_bridges_c20160811.shp,14.122167;12.311656;9.816022;4.968679;7.298583;9.219633,85.094513;99.171051;112.915886;111.630913;98.030373;84.189926,npp_d20250902_t1858434_e1900076_b71766;npp_d20250902_t1900088_e1901330_b71766;npp_d20250902_t1901342_e1902584_b71766;npp_d20250902_t1902596_e1904238_b71766,149.205,53.4686,6.0267,-78.5251,93.1284,-118.19
153,VBD_npp_d20250902_t1859175_x0994104E_y101266N_l0318_s2138_v23,2025-09-02 21:06:36,10.126559,99.410446,5.74923,2025-09-02 18:59:17,2025-09-03 01:59:17,318,2138,0.319763,1,2401,0.358695,0.055,0.818326,0.4,0.870914,0.75,7.32895e-05,0.0001,1.72807e-15,999999,3.782630e-02,3,Thailand Exclusive Economic Zone,,,SVDNB_npp_d20250902_t1858434_e1900076_b71766_c20250902202635057000_oeac_ops.h5,GDNBO_npp_d20250902_t1858434_e1900076_b71766_c20250902202419882000_oeac_ops.h5,SVI04_npp_d20250902_t1858434_e1900076_b71766_c20250902202643623000_oeac_ops.dspace_rad,,eez_v11.shp,WPP_BFAR_merge.shp,vbd_mpa_r20170830.shp,VNF-VBD_npp_20120301-20151231_global_asia-enhanced_c201607211230.bitmask,vbd_landsea_r20220824.mask,timezone.shp,VBD_platforms-recurring_2015_r20170330.shp,999999,VBD_bridges_c20160811.shp,14.122167;12.311656;9.816022;4.968679;7.298583;9.219633,85.094513;99.171051;112.915886;111.630913;98.030373;84.189926,npp_d20250902_t1858434_e1900076_b71766;npp_d20250902_t1900088_e1901330_b71766;npp_d20250902_t1901342_e1902584_b71766;npp_d20250902_t1902596_e1904238_b71766,149.961,54.7301,6.03359,-77.4791,92.4786,-118.25
154,VBD_npp_d20250902_t1859264_x0993002E_y096702N_l0388_s2138_v23,2025-09-02 21:06:36,9.670172,99.300201,1.39818,2025-09-02 18:59:26,2025-09-03 01:59:26,388,2138,0.229925,2,2337,0.078198,0.055,0.635575,0.4,0.658366,0.75,8.77238e-05,0.0001,1.69217e-15,999999,-1.972101e-01,3,Thailand Exclusive Economic Zone,,,SVDNB_npp_d20250902_t1858434_e1900076_b71766_c20250902202635057000_oeac_ops.h5,GDNBO_npp_d20250902_t1858434_e1900076_b71766_c20250902202419882000_oeac_ops.h5,SVI04_npp_d20250902_t1858434_e1900076_b71766_c20250902202643623000_oeac_ops.dspace_rad,,eez_v11.shp,WPP_BFAR_merge.shp,vbd_mpa_r20170830.shp,VNF-VBD_npp_20120301-20151231_global_asia-enhanced_c201607211230.bitmask,vbd_landsea_r20220824.mask,timezone.shp,VBD_platforms-recurring_2015_r20170330.shp,999999,VBD_bridges_c20160811.shp,14.122167;12.311656;9.816022;4.968679;7.298583;9.219633,85.094513;99.171051;112.915886;111.630913;98.030373;84.189926,npp_d20250902_t1858434_e1900076_b71766;npp_d20250902_t1900088_e1901330_b71766;npp_d20250902_t1901342_e1902584_b71766;npp_d20250902_t1902596_e1904238_b71766,150.282,55.2964,6.02527,-82.9794,92.198,-118.272
155,VBD_npp_d20250902_t1858472_x0998342E_y119283N_l0042_s2139_v23,2025-09-02 21:06:36,11.928277,99.834206,2.3703,2025-09-02 18:58:47,2025-09-03 01:58:47,42,2139,0.375957,2,2337,0.0578933,0.055,0.789703,0.4,0.339476,0.75,1.81451e-05,0.0001,4.07444e-16,999999,4.105828e-01,3,Thailand Exclusive Economic Zone,,,SVDNB_npp_d20250902_t1858434_e1900076_b71766_c20250902202635057000_oeac_ops.h5,GDNBO_npp_d20250902_t1858434_e1900076_b71766_c20250902202419882000_oeac_ops.h5,SVI04_npp_d20250902_t1858434_e1900076_b71766_c20250902202643623000_oeac_ops.dspace_rad,,eez_v11.shp,WPP_BFAR_merge.shp,vbd_mpa_r20170830.shp,VNF-VBD_npp_20120301-20151231_global_asia-enhanced_c201607211230.bitmask,vbd_landsea_r20220824.mask,timezone.shp,VBD_platforms-recurring_2015_r20170330.shp,999999,VBD_bridges_c20160811.shp,14.122167;12.311656;9.816022;4.968679;7.298583;9.219633,85.094513;99.171051;112.915886;111.630913;98.030373;84.189926,npp_d20250902_t1858434_e1900076_b71766;npp_d20250902_t1900088_e1901330_b71766;npp_d20250902_t1901342_e1902584_b71766;npp_d20250902_t1902596_e1904238_b71766,148.658,52.6323,6.07854,-79.592,93.5906,-118.139
156,VBD_npp_d20250902_t1859086_x0995469E_y107009N_l0230_s2139_v23,2025-09-02 21:06:36,10.700916,99.546928,1.71065,2025-09-02 18:59:08,2025-09-03 01:59:08,230,2139,0.300558,2,2337,0.103397,0.055,0.734018,0.4,0.653571,0.75,5.0617e-05,0.0001,8.36695e-16,999999,-2.061683e-02,3,Thailand Exclusive Economic Zone,,,SVDNB_npp_d20250902_t1858434_e1900076_b71766_c20250902202635057000_oeac_ops.h5,GDNBO_npp_d20250902_t1858434_e1900076_b71766_c20250902202419882000_oeac_ops.h5,SVI04_npp_d20250902_t1858434_e1900076_b71766_c20250902202643623000_oeac_ops.dspace_rad,,eez_v11.shp,WPP_BFAR_merge.shp,vbd_mpa_r20170830.shp,VNF-VBD_npp_20120301-20151231_global_asia-enhanced_c201607211230.bitmask,vbd_landsea_r20220824.mask,timezone.shp,VBD_platforms-recurring_2015_r20170330.shp,999999,VBD_bridges_c20160811.shp,14.122167;12.311656;9.816022;4.968679;7.298583;9.219633,85.094513;99.171051;112.915886;111.630913;98.030373;84.189926,npp_d20250902_t1858434_e1900076_b71766;npp_d20250902_t1900088_e1901330_b71766;npp_d20250902_t1901342_e1902584_b71766;npp_d20250902_t1902596_e1904238_b71766,149.547,54.0448,6.08215,-81.8307,92.8374,-118.218
157,VBD_npp_d20250902_t1859086_x0995393E_y106544N_l0237_s2139_v23,2025-09-02 21:06:36,10.654373,99.539307,1.55369,2025-09-02 18:59:08,2025-09-03 01:59:08,237,2139,0.312437,2,2337,0.101087,0.055,0.734767,0.4,0.660272,0.75,5.25881e-05,0.0001,1.09571e-15,999999,-7.610669e-02,3,Thailand Exclusive Economic Zone,,,SVDNB_npp_d20250902_t1858434_e1900076_b71766_c20250902202635057000_oeac_ops.h5,GDNBO_npp_d20250902_t1858434_e1900076_b71766_c20250902202419882000_oeac_ops.h5,SVI04_npp_d20250902_t1858434_e1900076_b71766_c20250902202643623000_oeac_ops.dspace_rad,,eez_v11.shp,WPP_BFAR_merge.shp,vbd_mpa_r20170830.shp,VNF-VBD_npp_20120301-20151231_global_asia-enhanced_c201607211230.bitmask,vbd_landsea_r20220824.mask,timezone.shp,VBD_platforms-recurring_2015_r20170330.shp,999999,VBD_bridges_c20160811.shp,14.122167;12.311656;9.816022;4.968679;7.298583;9.219633,85.094513;99.171051;112.915886;111.630913;98.030373;84.189926,npp_d20250902_t1858434_e1900076_b71766;npp_d20250902_t1900088_e1901330_b71766;npp_d20250902_t1901342_e1902584_b71766;npp_d20250902_t1902596_e1904238_b71766,149.58,54.1001,6.08839,-78.0114,92.8088,-118.221
158,VBD_npp_d20250902_t1859104_x0995115E_y105302N_l0256_s2139_v23,2025-09-02 21:06:36,10.530190,99.511528,6.51206,2025-09-02 18:59:10,2025-09-03 01:59:10,256,2139,0.370409,8,18785,0.391873,0.055,0.791878,0.4,0.887869,0.75,5.79383e-05,0.0001,1.32119e-15,999999,7.547197e-02,3,Thailand Exclusive Economic Zone,,,SVDNB_npp_d20250902_t1858434_e1900076_b71766_c20250902202635057000_oeac_ops.h5,GDNBO_npp_d20250902_t1858434_e1900076_b71766_c20250902202419882000_oeac_ops.h5,SVI04_npp_d20250902_t1858434_e1900076_b71766_c20250902202643623000_oeac_ops.dspace_rad,,eez_v11.shp,WPP_BFAR_merge.shp,vbd_mpa_r20170830.shp,VNF-VBD_npp_20120301-20151231_global_asia-enhanced_c201607211230.bitmask,vbd_landsea_r20220824.mask,timezone.shp,VBD_platforms-recurring_2015_r20170330.shp,0.661642,VBD_bridges_c20160811.shp,14.122167;12.311656;9.816022;4.968679;7.298583;9.219633,85.094513;99.171051;112.915886;111.630913;98.030373;84.189926,npp_d20250902_t1858434_e1900076_b71766;npp_d20250902_t1900088_e1901330_b71766;npp_d20250902_t1901342_e1902584_b71766;npp_d20250902_t1902596_e1904238_b71766,149.669,54.2481,6.09654,-76.3953,92.7322,-118.228
159,VBD_npp_d20250902_t1859139_x0994741E_y103877N_l0278_s2139_v23,2025-09-02 21:06:36,10.387665,99.474060,1.83158,2025-09-02 18:59:13,2025-09-03 01:59:13,278,2139,0.400639,1,2401,0.149747,0.055,0.522752,0.4,0.828144,0.75,6.41332e-05,0.0001,1.03933e-15,999999,-1.321762e-02,3,Thailand Exclusive Economic Zone,,,SVDNB_npp_d20250902_t1858434_e1900076_b71766_c20250902202635057000_oeac_ops.h5,GDNBO_npp_d20250902_t1858434_e1900076_b71766_c20250902202419882000_oeac_ops.h5,SVI04_npp_d20250902_t1858434_e1900076_b71766_c20250902202643623000_oeac_ops.dspace_rad,,eez_v11.shp,WPP_BFAR_merge.shp,vbd_mpa_r20170830.shp,VNF-VBD_npp_20120301-20151231_global_asia-enhanced_c201607211230.bitmask,vbd_landsea_r20220824.mask,timezone.shp,VBD_platforms-recurring_2015_r20170330.shp,999999,VBD_bridges_c20160811.shp,14.122167;12.311656;9.816022;4.968679;7.298583;9.219633,85.094513;99.171051;112.915886;111.630913;98.030373;84.189926,npp_d20250902_t1858434_e1900076_b71766;npp_d20250902_t1900088_e1901330_b71766;npp_d20250902_t1901342_e1902584_b71766;npp_d20250902_t1902596_e1904238_b71766,149.77,54.4202,6.08081,-81.8628,92.6448,-118.235
160,VBD_npp_d20250902_t1859193_x0994034E_y100873N_l0324_s2139_v23,2025-09-02 21:06:36,10.087325,99.403381,1.60513,2025-09-02 18:59:19,2025-09-03 01:59:19,324,2139,0.312294,2,2337,0.11164,0.055,0.765367,0.4,0.682456,0.75,7.39866e-05,0.0001,1.19699e-15,999999,-8.552911e-02,3,Thailand Exclusive Economic Zone,,,SVDNB_npp_d20250902_t1858434_e1900076_b71766_c20250902202635057000_oeac_ops.h5,GDNBO_npp_d20250902_t1858434_e1900076_b71766_c20250902202419882000_oeac_ops.h5,SVI04_npp_d20250902_t1858434_e1900076_b71766_c20250902202643623000_oeac_ops.dspace_rad,,eez_v11.shp,WPP_BFAR_merge.shp,vbd_mpa_r20170830.shp,VNF-VBD_npp_20120301-20151231_global_asia-enhanced_c201607211230.bitmask,vbd_landsea_r20220824.mask,timezone.shp,VBD_platforms-recurring_2015_r20170330.shp,999999,VBD_bridges_c20160811.shp,14.122167;12.311656;9.816022;4.968679;7.298583;9.219633,85.094513;99.171051;112.915886;111.630913;98.030373;84.189926,npp_d20250902_t1858434_e1900076_b71766;npp_d20250902_t1900088_e1901330_b71766;npp_d20250902_t1901342_e1902584_b71766;npp_d20250902_t1902596_e1904238_b71766,149.983,54.7859,6.08171,-82.9555,92.4601,-118.251
161,VBD_npp_d20250902_t1859032_x0996217E_y109870N_l0186_s2140_v23,2025-09-02 21:06:36,10.987002,99.621704,3.7641,2025-09-02 18:59:03,2025-09-03 01:59:03,186,2140,0.259871,1,2401,0.253671,0.055,0.77859,0.4,0.786396,0.75,3.87266e-05,0.0001,7.39894e-16,999999,-2.881884e-01,3,Thailand Exclusive Economic Zone,,,SVDNB_npp_d20250902_t1858434_e1900076_b71766_c20250902202635057000_oeac_ops.h5,GDNBO_npp_d20250902_t1858434_e1900076_b71766_c20250902202419882000_oeac_ops.h5,SVI04_npp_d20250902_t1858434_e1900076_b71766_c20250902202643623000_oeac_ops.dspace_rad,,eez_v11.shp,WPP_BFAR_merge.shp,vbd_mpa_r20170830.shp,VNF-VBD_npp_20120301-20151231_global_asia-enhanced_c201607211230.bitmask,vbd_landsea_r20220824.mask,timezone.shp,VBD_platforms-recurring_2015_r20170330.shp,999999,VBD_bridges_c20160811.shp,14.122167;12.311656;9.816022;4.968679;7.298583;9.219633,85.094513;99.171051;112.915886;111.630913;98.030373;84.189926,npp_d20250902_t1858434_e1900076_b71766;npp_d20250902_t1900088_e1901330_b71766;npp_d20250902_t1901342_e1902584_b71766;npp_d20250902_t1902596_e1904238_b71766,149.337,53.7148,6.13613,-79.6603,93.0186,-118.2
162,VBD_npp_d20250902_t1859104_x0995194E_y105358N_l0255_s2140_v23,2025-09-02 21:06:36,10.535753,99.519371,6.23773,2025-09-02 18:59:10,2025-09-03 01:59:10,255,2140,0.364647,8,18785,0.389593,0.055,0.791878,0.4,0.878278,0.75,5.72792e-05,0.0001,1.19408e-15,999999,1.285554e-01,3,Thailand Exclusive Economic Zone,,,SVDNB_npp_d20250902_t1858434_e1900076_b71766_c20250902202635057000_oeac_ops.h5,GDNBO_npp_d20250902_t1858434_e1900076_b71766_c20250902202419882000_oeac_ops.h5,SVI04_npp_d20250902_t1858434_e1900076_b71766_c20250902202643623000_oeac_ops.dspace_rad,,eez_v11.shp,WPP_BFAR_merge.shp,vbd_mpa_r20170830.shp,VNF-VBD_npp_20120301-20151231_global_asia-enhanced_c201607211230.bitmask,vbd_landsea_r20220824.mask,timezone.shp,VBD_platforms-recurring_2015_r20170330.shp,0.39978,VBD_bridges_c20160811.shp,14.122167;12.311656;9.816022;4.968679;7.298583;9.219633,85.094513;99.171051;112.915886;111.630913;98.030373;84.189926,npp_d20250902_t1858434_e1900076_b71766;npp_d20250902_t1900088_e1901330_b71766;npp_d20250902_t1901342_e1902584_b71766;npp_d20250902_t1902596_e1904238_b71766,149.66,54.2496,6.15021,-76.9771,92.7417,-118.226
163,VBD_npp_d20250902_t1859121_x0995102E_y105241N_l0257_s2140_v23,2025-09-02 21:06:36,10.524136,99.510201,10.5364,2025-09-02 18:59:12,2025-09-03 01:59:12,257,2140,0.365643,1,2401,0.544694,0.055,0.791878,0.4,0.936864,0.75,5.7839e-05,0.0001,7.49008e-16,999999,-1.288006e-01,3,Thailand Exclusive Economic Zone,,,SVDNB_npp_d20250902_t1858434_e1900076_b71766_c20250902202635057000_oeac_ops.h5,GDNBO_npp_d20250902_t1858434_e1900076_b71766_c20250902202419882000_oeac_ops.h5,SVI04_npp_d20250902_t1858434_e1900076_b71766_c20250902202643623000_oeac_ops.dspace_rad,,eez_v11.shp,WPP_BFAR_merge.shp,vbd_mpa_r20170830.shp,VNF-VBD_npp_20120301-20151231_global_asia-enhanced_c201607211230.bitmask,vbd_landsea_r20220824.mask,timezone.shp,VBD_platforms-recurring_2015_r20170330.shp,999999,VBD_bridges_c20160811.shp,14.122167;12.311656;9.816022;4.968679;7.298583;9.219633,85.094513;99.171051;112.915886;111.630913;98.030373;84.189926,npp_d20250902_t1858434_e1900076_b71766;npp_d20250902_t1900088_e1901330_b71766;npp_d20250902_t1901342_e1902584_b71766;npp_d20250902_t1902596_e1904238_b71766,149.668,54.2636,6.14834,-84.5346,92.7344,-118.227
164,VBD_npp_d20250902_t1859175_x0994294E_y101576N_l0313_s2140_v23,2025-09-02 21:06:36,10.157644,99.429367,1.87463,2025-09-02 18:59:17,2025-09-03 01:59:17,313,2140,0.204104,2,2337,0.0875265,0.055,0.798752,0.4,0.493231,0.75,7.14067e-05,0.0001,1.26155e-15,999999,-6.537098e-01,3,Thailand Exclusive Economic Zone,,,SVDNB_npp_d20250902_t1858434_e1900076_b71766_c20250902202635057000_oeac_ops.h5,GDNBO_npp_d20250902_t1858434_e1900076_b71766_c20250902202419882000_oeac_ops.h5,SVI04_npp_d20250902_t1858434_e1900076_b71766_c20250902202643623000_oeac_ops.dspace_rad,,eez_v11.shp,WPP_BFAR_merge.shp,vbd_mpa_r20170830.shp,VNF-VBD_npp_20120301-20151231_global_asia-enhanced_c201607211230.bitmask,vbd_landsea_r20220824.mask,timezone.shp,VBD_platforms-recurring_2015_r20170330.shp,999999,VBD_bridges_c20160811.shp,14.122167;12.311656;9.816022;4.968679;7.298583;9.219633,85.094513;99.171051;112.915886;111.630913;98.030373;84.189926,npp_d20250902_t1858434_e1900076_b71766;npp_d20250902_t1900088_e1901330_b71766;npp_d20250902_t1901342_e1902584_b71766;npp_d20250902_t1902596_e1904238_b71766,149.928,54.7081,6.13957,-80.244,92.5097,-118.246
165,VBD_npp_d20250902_t1859210_x0993884E_y099952N_l0338_s2140_v23,2025-09-02 21:06:36,9.995157,99.388359,1.88305,2025-09-02 18:59:21,2025-09-03 01:59:21,338,2140,0.224519,2,2337,0.125086,0.055,0.578241,0.4,0.67285,0.75,7.62095e-05,0.0001,1.11397e-15,999999,1.171192e-01,3,Thailand Exclusive Economic Zone,,,SVDNB_npp_d20250902_t1858434_e1900076_b71766_c20250902202635057000_oeac_ops.h5,GDNBO_npp_d20250902_t1858434_e1900076_b71766_c20250902202419882000_oeac_ops.h5,SVI04_npp_d20250902_t1858434_e1900076_b71766_c20250902202643623000_oeac_ops.dspace_rad,,eez_v11.shp,WPP_BFAR_merge.shp,vbd_mpa_r20170830.shp,VNF-VBD_npp_20120301-20151231_global_asia-enhanced_c201607211230.bitmask,vbd_landsea_r20220824.mask,timezone.shp,VBD_platforms-recurring_2015_r20170330.shp,999999,VBD_bridges_c20160811.shp,14.122167;12.311656;9.816022;4.968679;7.298583;9.219633,85.094513;99.171051;112.915886;111.630913;98.030373;84.189926,npp_d20250902_t1858434_e1900076_b71766;npp_d20250902_t1900088_e1901330_b71766;npp_d20250902_t1901342_e1902584_b71766;npp_d20250902_t1902596_e1904238_b71766,150.042,54.9077,6.14704,-84.0331,92.4097,-118.254
166,VBD_npp_d20250902_t1858597_x0996862E_y112480N_l0146_s2141_v23,2025-09-02 21:06:36,11.247995,99.686203,1.68223,2025-09-02 18:58:59,2025-09-03 01:58:59,146,2141,0.331784,2,2337,0.103901,0.055,0.416658,0.4,0.616574,0.75,3.1662e-05,0.0001,4.35517e-16,999999,-1.915063e-02,3,Thailand Exclusive Economic Zone,,,SVDNB_npp_d20250902_t1858434_e1900076_b71766_c20250902202635057000_oeac_ops.h5,GDNBO_npp_d20250902_t1858434_e1900076_b71766_c20250902202419882000_oeac_ops.h5,SVI04_npp_d20250902_t1858434_e1900076_b71766_c20250902202643623000_oeac_ops.dspace_rad,,eez_v11.shp,WPP_BFAR_merge.shp,vbd_mpa_r20170830.shp,VNF-VBD_npp_20120301-20151231_global_asia-enhanced_c201607211230.bitmask,vbd_landsea_r20220824.mask,timezone.shp,VBD_platforms-recurring_2015_r20170330.shp,999999,VBD_bridges_c20160811.shp,14.122167;12.311656;9.816022;4.968679;7.298583;9.219633,85.094513;99.171051;112.915886;111.630913;98.030373;84.189926,npp_d20250902_t1858434_e1900076_b71766;npp_d20250902_t1900088_e1901330_b71766;npp_d20250902_t1901342_e1902584_b71766;npp_d20250902_t1902596_e1904238_b71766,149.142,53.4202,6.20538,-83.9442,93.1852,-118.182
167,VBD_npp_d20250902_t1859086_x0995637E_y107187N_l0227_s2141_v23,2025-09-02 21:06:36,10.718702,99.563721,2.81934,2025-09-02 18:59:08,2025-09-03 01:59:08,227,2141,0.316633,8,18785,0.201069,0.055,0.734018,0.4,0.773192,0.75,4.91111e-05,0.0001,6.54586e-16,999999,-2.227896e-01,3,Thailand Exclusive Economic Zone,,,SVDNB_npp_d20250902_t1858434_e1900076_b71766_c20250902202635057000_oeac_ops.h5,GDNBO_npp_d20250902_t1858434_e1900076_b71766_c20250902202419882000_oeac_ops.h5,SVI04_npp_d20250902_t1858434_e1900076_b71766_c20250902202643623000_oeac_ops.dspace_rad,,eez_v11.shp,WPP_BFAR_merge.shp,vbd_mpa_r20170830.shp,VNF-VBD_npp_20120301-20151231_global_asia-enhanced_c201607211230.bitmask,vbd_landsea_r20220824.mask,timezone.shp,VBD_platforms-recurring_2015_r20170330.shp,0.914744,VBD_bridges_c20160811.shp,14.122167;12.311656;9.816022;4.968679;7.298583;9.219633,85.094513;99.171051;112.915886;111.630913;98.030373;84.189926,npp_d20250902_t1858434_e1900076_b71766;npp_d20250902_t1900088_e1901330_b71766;npp_d20250902_t1901342_e1902584_b71766;npp_d20250902_t1902596_e1904238_b71766,149.523,54.0399,6.20355,-83.4184,92.8603,-118.215
168,VBD_npp_d20250902_t1858561_x0997261E_y113628N_l0128_s2142_v23,2025-09-02 21:06:36,11.362837,99.726089,3.58288,2025-09-02 18:58:56,2025-09-03 01:58:56,128,2142,0.290244,2,2337,0.204076,0.055,0.797039,0.4,0.680968,0.75,2.84059e-05,0.0001,6.11511e-16,999999,-2.555357e-01,3,Thailand Exclusive Economic Zone,,,SVDNB_npp_d20250902_t1858434_e1900076_b71766_c20250902202635057000_oeac_ops.h5,GDNBO_npp_d20250902_t1858434_e1900076_b71766_c20250902202419882000_oeac_ops.h5,SVI04_npp_d20250902_t1858434_e1900076_b71766_c20250902202643623000_oeac_ops.dspace_rad,,eez_v11.shp,WPP_BFAR_merge.shp,vbd_mpa_r20170830.shp,VNF-VBD_npp_20120301-20151231_global_asia-enhanced_c201607211230.bitmask,vbd_landsea_r20220824.mask,timezone.shp,VBD_platforms-recurring_2015_r20170330.shp,999999,VBD_bridges_c20160811.shp,14.122167;12.311656;9.816022;4.968679;7.298583;9.219633,85.094513;99.171051;112.915886;111.630913;98.030373;84.189926,npp_d20250902_t1858434_e1900076_b71766;npp_d20250902_t1900088_e1901330_b71766;npp_d20250902_t1901342_e1902584_b71766;npp_d20250902_t1902596_e1904238_b71766,149.054,53.2956,6.26927,-76.4753,93.2615,-118.174
169,VBD_npp_d20250902_t1859015_x0996533E_y110492N_l0176_s2142_v23,2025-09-02 21:06:36,11.049162,99.653259,1.95742,2025-09-02 18:59:01,2025-09-03 01:59:01,176,2142,0.246569,2,2337,0.118631,0.055,0.683673,0.4,0.619147,0.75,3.65081e-05,0.0001,7.60721e-16,999999,-6.373496e-01,3,Thailand Exclusive Economic Zone,,,SVDNB_npp_d20250902_t1858434_e1900076_b71766_c20250902202635057000_oeac_ops.h5,GDNBO_npp_d20250902_t1858434_e1900076_b71766_c20250902202419882000_oeac_ops.h5,SVI04_npp_d20250902_t1858434_e1900076_b71766_c20250902202643623000_oeac_ops.dspace_rad,,eez_v11.shp,WPP_BFAR_merge.shp,vbd_mpa_r20170830.shp,VNF-VBD_npp_20120301-20151231_global_asia-enhanced_c201607211230.bitmask,vbd_landsea_r20220824.mask,timezone.shp,VBD_platforms-recurring_2015_r20170330.shp,999999,VBD_bridges_c20160811.shp,14.122167;12.311656;9.816022;4.968679;7.298583;9.219633,85.094513;99.171051;112.915886;111.630913;98.030373;84.189926,npp_d20250902_t1858434_e1900076_b71766;npp_d20250902_t1900088_e1901330_b71766;npp_d20250902_t1901342_e1902584_b71766;npp_d20250902_t1902596_e1904238_b71766,149.281,53.6587,6.27107,-76.4767,93.0691,-118.194
170,VBD_npp_d20250902_t1859032_x0996407E_y110181N_l0181_s2142_v23,2025-09-02 21:06:36,11.018082,99.640709,4.017,2025-09-02 18:59:03,2025-09-03 01:59:03,181,2142,0.290528,1,2401,0.277198,0.055,0.756346,0.4,0.828088,0.75,3.7352e-05,0.0001,5.3488e-16,999999,-1.461862e-02,3,Thailand Exclusive Economic Zone,,,SVDNB_npp_d20250902_t1858434_e1900076_b71766_c20250902202635057000_oeac_ops.h5,GDNBO_npp_d20250902_t1858434_e1900076_b71766_c20250902202419882000_oeac_ops.h5,SVI04_npp_d20250902_t1858434_e1900076_b71766_c20250902202643623000_oeac_ops.dspace_rad,,eez_v11.shp,WPP_BFAR_merge.shp,vbd_mpa_r20170830.shp,VNF-VBD_npp_20120301-20151231_global_asia-enhanced_c201607211230.bitmask,vbd_landsea_r20220824.mask,timezone.shp,VBD_platforms-recurring_2015_r20170330.shp,999999,VBD_bridges_c20160811.shp,14.122167;12.311656;9.816022;4.968679;7.298583;9.219633,85.094513;99.171051;112.915886;111.630913;98.030373;84.189926,npp_d20250902_t1858434_e1900076_b71766;npp_d20250902_t1900088_e1901330_b71766;npp_d20250902_t1901342_e1902584_b71766;npp_d20250902_t1902596_e1904238_b71766,149.303,53.6948,6.25318,-82.3356,93.0497,-118.196
171,VBD_npp_d20250902_t1859032_x0996374E_y109981N_l0184_s2142_v23,2025-09-02 21:06:36,10.998131,99.637428,1.32469,2025-09-02 18:59:03,2025-09-03 01:59:03,184,2142,0.27552,2,2337,0.0681324,0.055,0.77859,0.4,0.532159,0.75,3.78584e-05,0.0001,6.0177e-16,999999,-8.839746e-02,3,Thailand Exclusive Economic Zone,,,SVDNB_npp_d20250902_t1858434_e1900076_b71766_c20250902202635057000_oeac_ops.h5,GDNBO_npp_d20250902_t1858434_e1900076_b71766_c20250902202419882000_oeac_ops.h5,SVI04_npp_d20250902_t1858434_e1900076_b71766_c20250902202643623000_oeac_ops.dspace_rad,,eez_v11.shp,WPP_BFAR_merge.shp,vbd_mpa_r20170830.shp,VNF-VBD_npp_20120301-20151231_global_asia-enhanced_c201607211230.bitmask,vbd_landsea_r20220824.mask,timezone.shp,VBD_platforms-recurring_2015_r20170330.shp,999999,VBD_bridges_c20160811.shp,14.122167;12.311656;9.816022;4.968679;7.298583;9.219633,85.094513;99.171051;112.915886;111.630913;98.030373;84.189926,npp_d20250902_t1858434_e1900076_b71766;npp_d20250902_t1900088_e1901330_b71766;npp_d20250902_t1901342_e1902584_b71766;npp_d20250902_t1902596_e1904238_b71766,149.318,53.7181,6.25091,-80.7427,93.0375,-118.197
172,VBD_npp_d20250902_t1859086_x0995596E_y106511N_l0237_s2142_v23,2025-09-02 21:06:36,10.651115,99.559593,1.9799,2025-09-02 18:59:08,2025-09-03 01:59:08,237,2142,0.311512,8,18721,0.139437,0.055,0.734767,0.4,0.710215,0.75,5.15461e-05,0.0001,9.05046e-16,999999,6.118251e-02,3,Thailand Exclusive Economic Zone,,,SVDNB_npp_d20250902_t1858434_e1900076_b71766_c20250902202635057000_oeac_ops.h5,GDNBO_npp_d20250902_t1858434_e1900076_b71766_c20250902202419882000_oeac_ops.h5,SVI04_npp_d20250902_t1858434_e1900076_b71766_c20250902202643623000_oeac_ops.dspace_rad,,eez_v11.shp,WPP_BFAR_merge.shp,vbd_mpa_r20170830.shp,VNF-VBD_npp_20120301-20151231_global_asia-enhanced_c201607211230.bitmask,vbd_landsea_r20220824.mask,timezone.shp,VBD_platforms-recurring_2015_r20170330.shp,0.997868,VBD_bridges_c20160811.shp,14.122167;12.311656;9.816022;4.968679;7.298583;9.219633,85.094513;99.171051;112.915886;111.630913;98.030373;84.189926,npp_d20250902_t1858434_e1900076_b71766;npp_d20250902_t1900088_e1901330_b71766;npp_d20250902_t1901342_e1902584_b71766;npp_d20250902_t1902596_e1904238_b71766,149.566,54.1282,6.26208,-78.0883,92.8248,-118.217
173,VBD_npp_d20250902_t1859175_x0994374E_y101222N_l0318_s2142_v23,2025-09-02 21:06:36,10.122231,99.437416,5.93903,2025-09-02 18:59:17,2025-09-03 01:59:17,318,2142,0.302834,8,18785,0.385977,0.055,0.840504,0.4,0.873834,0.75,7.1445e-05,0.0001,1.34408e-15,999999,8.408964e-02,3,Thailand Exclusive Economic Zone,,,SVDNB_npp_d20250902_t1858434_e1900076_b71766_c20250902202635057000_oeac_ops.h5,GDNBO_npp_d20250902_t1858434_e1900076_b71766_c20250902202419882000_oeac_ops.h5,SVI04_npp_d20250902_t1858434_e1900076_b71766_c20250902202643623000_oeac_ops.dspace_rad,,eez_v11.shp,WPP_BFAR_merge.shp,vbd_mpa_r20170830.shp,VNF-VBD_npp_20120301-20151231_global_asia-enhanced_c201607211230.bitmask,vbd_landsea_r20220824.mask,timezone.shp,VBD_platforms-recurring_2015_r20170330.shp,0.891262,VBD_bridges_c20160811.shp,14.122167;12.311656;9.816022;4.968679;7.298583;9.219633,85.094513;99.171051;112.915886;111.630913;98.030373;84.189926,npp_d20250902_t1858434_e1900076_b71766;npp_d20250902_t1900088_e1901330_b71766;npp_d20250902_t1901342_e1902584_b71766;npp_d20250902_t1902596_e1904238_b71766,149.942,54.7674,6.26507,-77.6023,92.4999,-118.246
174,VBD_npp_d20250902_t1859193_x0994269E_y101040N_l0321_s2142_v23,2025-09-02 21:06:36,10.104048,99.426895,2.17788,2025-09-02 18:59:19,2025-09-03 01:59:19,321,2142,0.285265,2,2337,0.153172,0.055,0.829332,0.4,0.725499,0.75,7.20158e-05,0.0001,8.81271e-16,999999,2.010610e-01,3,Thailand Exclusive Economic Zone,,,SVDNB_npp_d20250902_t1858434_e1900076_b71766_c20250902202635057000_oeac_ops.h5,GDNBO_npp_d20250902_t1858434_e1900076_b71766_c20250902202419882000_oeac_ops.h5,SVI04_npp_d20250902_t1858434_e1900076_b71766_c20250902202643623000_oeac_ops.dspace_rad,,eez_v11.shp,WPP_BFAR_merge.shp,vbd_mpa_r20170830.shp,VNF-VBD_npp_20120301-20151231_global_asia-enhanced_c201607211230.bitmask,vbd_landsea_r20220824.mask,timezone.shp,VBD_platforms-recurring_2015_r20170330.shp,999999,VBD_bridges_c20160811.shp,14.122167;12.311656;9.816022;4.968679;7.298583;9.219633,85.094513;99.171051;112.915886;111.630913;98.030373;84.189926,npp_d20250902_t1858434_e1900076_b71766;npp_d20250902_t1900088_e1901330_b71766;npp_d20250902_t1901342_e1902584_b71766;npp_d20250902_t1902596_e1904238_b71766,149.955,54.7895,6.26421,-84.49,92.4884,-118.247
175,VBD_npp_d20250902_t1859210_x0993964E_y099597N_l0343_s2142_v23,2025-09-02 21:06:36,9.959747,99.396439,1.36788,2025-09-02 18:59:21,2025-09-03 01:59:21,343,2142,0.159505,2,2337,0.0709161,0.055,0.531502,0.4,0.555654,0.75,7.62019e-05,0.0001,1.19157e-15,999999,-6.105596e-02,3,Thailand Exclusive Economic Zone,,,SVDNB_npp_d20250902_t1858434_e1900076_b71766_c20250902202635057000_oeac_ops.h5,GDNBO_npp_d20250902_t1858434_e1900076_b71766_c20250902202419882000_oeac_ops.h5,SVI04_npp_d20250902_t1858434_e1900076_b71766_c20250902202643623000_oeac_ops.dspace_rad,,eez_v11.shp,WPP_BFAR_merge.shp,vbd_mpa_r20170830.shp,VNF-VBD_npp_20120301-20151231_global_asia-enhanced_c201607211230.bitmask,vbd_landsea_r20220824.mask,timezone.shp,VBD_platforms-recurring_2015_r20170330.shp,999999,VBD_bridges_c20160811.shp,14.122167;12.311656;9.816022;4.968679;7.298583;9.219633,85.094513;99.171051;112.915886;111.630913;98.030373;84.189926,npp_d20250902_t1858434_e1900076_b71766;npp_d20250902_t1900088_e1901330_b71766;npp_d20250902_t1901342_e1902584_b71766;npp_d20250902_t1902596_e1904238_b71766,150.056,54.9674,6.25368,-81.3197,92.3999,-118.254
176,VBD_npp_d20250902_t1859264_x0993261E_y096592N_l0389_s2142_v23,2025-09-02 21:06:36,9.659218,99.326088,2.12842,2025-09-02 18:59:26,2025-09-03 01:59:26,389,2142,0.236327,2,2337,0.151824,0.055,0.710803,0.4,0.743369,0.75,8.60889e-05,0.0001,1.37058e-15,999999,-1.728060e-02,3,Thailand Exclusive Economic Zone,,,SVDNB_npp_d20250902_t1858434_e1900076_b71766_c20250902202635057000_oeac_ops.h5,GDNBO_npp_d20250902_t1858434_e1900076_b71766_c20250902202419882000_oeac_ops.h5,SVI04_npp_d20250902_t1858434_e1900076_b71766_c20250902202643623000_oeac_ops.dspace_rad,,eez_v11.shp,WPP_BFAR_merge.shp,vbd_mpa_r20170830.shp,VNF-VBD_npp_20120301-20151231_global_asia-enhanced_c201607211230.bitmask,vbd_landsea_r20220824.mask,timezone.shp,VBD_platforms-recurring_2015_r20170330.shp,999999,VBD_bridges_c20160811.shp,14.122167;12.311656;9.816022;4.968679;7.298583;9.219633,85.094513;99.171051;112.915886;111.630913;98.030373;84.189926,npp_d20250902_t1858434_e1900076_b71766;npp_d20250902_t1900088_e1901330_b71766;npp_d20250902_t1901342_e1902584_b71766;npp_d20250902_t1902596_e1904238_b71766,150.267,55.3419,6.25522,-82.37,92.2153,-118.268
177,VBD_npp_d20250902_t1900020_x0988385E_y075222N_l0716_s2142_v23,2025-09-02 21:06:36,7.522175,98.838463,3.39589,2025-09-02 19:00:02,2025-09-03 02:00:02,716,2142,0.380936,1,2529,0.248325,0.108972,0.852097,0.4,0.830961,0.75,0.000246903,0.0001,7.07935e-15,999999,9.644989e-02,3,Thailand Exclusive Economic Zone,,,SVDNB_npp_d20250902_t1858434_e1900076_b71766_c20250902202635057000_oeac_ops.h5,GDNBO_npp_d20250902_t1858434_e1900076_b71766_c20250902202419882000_oeac_ops.h5,SVI04_npp_d20250902_t1858434_e1900076_b71766_c20250902202643623000_oeac_ops.dspace_rad,,eez_v11.shp,WPP_BFAR_merge.shp,vbd_mpa_r20170830.shp,VNF-VBD_npp_20120301-20151231_global_asia-enhanced_c201607211230.bitmask,vbd_landsea_r20220824.mask,timezone.shp,VBD_platforms-recurring_2015_r20170330.shp,999999,VBD_bridges_c20160811.shp,14.122167;12.311656;9.816022;4.968679;7.298583;9.219633,85.094513;99.171051;112.915886;111.630913;98.030373;84.189926,npp_d20250902_t1858434_e1900076_b71766;npp_d20250902_t1900088_e1901330_b71766;npp_d20250902_t1901342_e1902584_b71766;npp_d20250902_t1902596_e1904238_b71766,151.719,58.1841,6.25766,-78.7392,90.9023,-118.338
178,VBD_npp_d20250902_t1858561_x0997405E_y114083N_l0121_s2143_v23,2025-09-02 21:06:36,11.408297,99.740540,2.99569,2025-09-02 18:58:56,2025-09-03 01:58:56,121,2143,0.406187,1,2401,0.222591,0.055,0.8692,0.4,0.825461,0.75,2.70362e-05,0.0001,4.36326e-16,999999,2.119454e-01,3,Thailand Exclusive Economic Zone,,,SVDNB_npp_d20250902_t1858434_e1900076_b71766_c20250902202635057000_oeac_ops.h5,GDNBO_npp_d20250902_t1858434_e1900076_b71766_c20250902202419882000_oeac_ops.h5,SVI04_npp_d20250902_t1858434_e1900076_b71766_c20250902202643623000_oeac_ops.dspace_rad,,eez_v11.shp,WPP_BFAR_merge.shp,vbd_mpa_r20170830.shp,VNF-VBD_npp_20120301-20151231_global_asia-enhanced_c201607211230.bitmask,vbd_landsea_r20220824.mask,timezone.shp,VBD_platforms-recurring_2015_r20170330.shp,999999,VBD_bridges_c20160811.shp,14.122167;12.311656;9.816022;4.968679;7.298583;9.219633,85.094513;99.171051;112.915886;111.630913;98.030373;84.189926,npp_d20250902_t1858434_e1900076_b71766;npp_d20250902_t1900088_e1901330_b71766;npp_d20250902_t1901342_e1902584_b71766;npp_d20250902_t1902596_e1904238_b71766,149.016,53.2519,6.31002,-80.1952,93.2954,-118.17
179,VBD_npp_d20250902_t1858561_x0997383E_y113950N_l0123_s2143_v23,2025-09-02 21:06:36,11.394997,99.738350,1.9794,2025-09-02 18:58:56,2025-09-03 01:58:56,123,2143,0.411807,2,2337,0.141463,0.055,0.885594,0.4,0.680248,0.75,2.73714e-05,0.0001,4.71906e-16,999999,7.634534e-02,3,Thailand Exclusive Economic Zone,,,SVDNB_npp_d20250902_t1858434_e1900076_b71766_c20250902202635057000_oeac_ops.h5,GDNBO_npp_d20250902_t1858434_e1900076_b71766_c20250902202419882000_oeac_ops.h5,SVI04_npp_d20250902_t1858434_e1900076_b71766_c20250902202643623000_oeac_ops.dspace_rad,,eez_v11.shp,WPP_BFAR_merge.shp,vbd_mpa_r20170830.shp,VNF-VBD_npp_20120301-20151231_global_asia-enhanced_c201607211230.bitmask,vbd_landsea_r20220824.mask,timezone.shp,VBD_platforms-recurring_2015_r20170330.shp,999999,VBD_bridges_c20160811.shp,14.122167;12.311656;9.816022;4.968679;7.298583;9.219633,85.094513;99.171051;112.915886;111.630913;98.030373;84.189926,npp_d20250902_t1858434_e1900076_b71766;npp_d20250902_t1900088_e1901330_b71766;npp_d20250902_t1901342_e1902584_b71766;npp_d20250902_t1902596_e1904238_b71766,149.025,53.2671,6.31223,-79.1433,93.2873,-118.171
180,VBD_npp_d20250902_t1859264_x0993307E_y096448N_l0391_s2143_v23,2025-09-02 21:06:36,9.644835,99.330666,2.9855,2025-09-02 18:59:26,2025-09-03 01:59:26,391,2143,0.220891,2,2337,0.203687,0.055,0.743753,0.4,0.741891,0.75,8.65049e-05,0.0001,1.38944e-15,999999,-8.887441e-03,3,Thailand Exclusive Economic Zone,,,SVDNB_npp_d20250902_t1858434_e1900076_b71766_c20250902202635057000_oeac_ops.h5,GDNBO_npp_d20250902_t1858434_e1900076_b71766_c20250902202419882000_oeac_ops.h5,SVI04_npp_d20250902_t1858434_e1900076_b71766_c20250902202643623000_oeac_ops.dspace_rad,,eez_v11.shp,WPP_BFAR_merge.shp,vbd_mpa_r20170830.shp,VNF-VBD_npp_20120301-20151231_global_asia-enhanced_c201607211230.bitmask,vbd_landsea_r20220824.mask,timezone.shp,VBD_platforms-recurring_2015_r20170330.shp,999999,VBD_bridges_c20160811.shp,14.122167;12.311656;9.816022;4.968679;7.298583;9.219633,85.094513;99.171051;112.915886;111.630913;98.030373;84.189926,npp_d20250902_t1858434_e1900076_b71766;npp_d20250902_t1900088_e1901330_b71766;npp_d20250902_t1901342_e1902584_b71766;npp_d20250902_t1902596_e1904238_b71766,150.271,55.3679,6.31119,-81.304,92.2124,-118.267
181,VBD_npp_d20250902_t1859299_x0992728E_y093759N_l0432_s2143_v23,2025-09-02 21:06:36,9.375916,99.272797,4.13802,2025-09-02 18:59:29,2025-09-03 01:59:29,432,2143,0.142434,2,2465,0.181921,0.108972,0.645522,0.4,0.514923,0.75,0.000105871,0.0001,2.23949e-15,999999,-1.780538e-01,1,,,,SVDNB_npp_d20250902_t1858434_e1900076_b71766_c20250902202635057000_oeac_ops.h5,GDNBO_npp_d20250902_t1858434_e1900076_b71766_c20250902202419882000_oeac_ops.h5,SVI04_npp_d20250902_t1858434_e1900076_b71766_c20250902202643623000_oeac_ops.dspace_rad,,eez_v11.shp,WPP_BFAR_merge.shp,vbd_mpa_r20170830.shp,VNF-VBD_npp_20120301-20151231_global_asia-enhanced_c201607211230.bitmask,vbd_landsea_r20220824.mask,timezone.shp,VBD_platforms-recurring_2015_r20170330.shp,999999,VBD_bridges_c20160811.shp,14.122167;12.311656;9.816022;4.968679;7.298583;9.219633,85.094513;99.171051;112.915886;111.630913;98.030373;84.189926,npp_d20250902_t1858434_e1900076_b71766;npp_d20250902_t1900088_e1901330_b71766;npp_d20250902_t1901342_e1902584_b71766;npp_d20250902_t1902596_e1904238_b71766,150.459,55.7084,6.32922,-76.5808,92.0473,-118.279
182,VBD_npp_d20250902_t1900020_x0988420E_y075011N_l0719_s2143_v23,2025-09-02 21:06:36,7.501134,98.841972,12.4669,2025-09-02 19:00:02,2025-09-03 02:00:02,719,2143,0.392388,1,2529,0.620611,0.108972,0.841167,0.4,0.940136,0.75,0.000246085,0.0001,7.42175e-15,999999,-7.989265e-02,3,Thailand Exclusive Economic Zone,,,SVDNB_npp_d20250902_t1858434_e1900076_b71766_c20250902202635057000_oeac_ops.h5,GDNBO_npp_d20250902_t1858434_e1900076_b71766_c20250902202419882000_oeac_ops.h5,SVI04_npp_d20250902_t1858434_e1900076_b71766_c20250902202643623000_oeac_ops.dspace_rad,,eez_v11.shp,WPP_BFAR_merge.shp,vbd_mpa_r20170830.shp,VNF-VBD_npp_20120301-20151231_global_asia-enhanced_c201607211230.bitmask,vbd_landsea_r20220824.mask,timezone.shp,VBD_platforms-recurring_2015_r20170330.shp,999999,VBD_bridges_c20160811.shp,14.122167;12.311656;9.816022;4.968679;7.298583;9.219633,85.094513;99.171051;112.915886;111.630913;98.030373;84.189926,npp_d20250902_t1858434_e1900076_b71766;npp_d20250902_t1900088_e1901330_b71766;npp_d20250902_t1901342_e1902584_b71766;npp_d20250902_t1902596_e1904238_b71766,151.728,58.2212,6.32452,-77.182,90.8954,-118.338
183,VBD_npp_d20250902_t1859032_x0996564E_y110292N_l0179_s2144_v23,2025-09-02 21:06:36,11.029216,99.656441,1.98497,2025-09-02 18:59:03,2025-09-03 01:59:03,179,2144,0.285051,2,2337,0.123788,0.055,0.759674,0.4,0.644543,0.75,3.65005e-05,0.0001,4.33933e-16,999999,-1.742151e-01,3,Thailand Exclusive Economic Zone,,,SVDNB_npp_d20250902_t1858434_e1900076_b71766_c20250902202635057000_oeac_ops.h5,GDNBO_npp_d20250902_t1858434_e1900076_b71766_c20250902202419882000_oeac_ops.h5,SVI04_npp_d20250902_t1858434_e1900076_b71766_c20250902202643623000_oeac_ops.dspace_rad,,eez_v11.shp,WPP_BFAR_merge.shp,vbd_mpa_r20170830.shp,VNF-VBD_npp_20120301-20151231_global_asia-enhanced_c201607211230.bitmask,vbd_landsea_r20220824.mask,timezone.shp,VBD_platforms-recurring_2015_r20170330.shp,999999,VBD_bridges_c20160811.shp,14.122167;12.311656;9.816022;4.968679;7.298583;9.219633,85.094513;99.171051;112.915886;111.630913;98.030373;84.189926,npp_d20250902_t1858434_e1900076_b71766;npp_d20250902_t1900088_e1901330_b71766;npp_d20250902_t1901342_e1902584_b71766;npp_d20250902_t1902596_e1904238_b71766,149.284,53.6981,6.37324,-83.3502,93.0686,-118.193
184,VBD_npp_d20250902_t1859086_x0995709E_y106356N_l0239_s2144_v23,2025-09-02 21:06:36,10.635644,99.570908,1.6572,2025-09-02 18:59:08,2025-09-03 01:59:08,239,2144,0.307315,2,2337,0.111603,0.055,0.681836,0.4,0.661614,0.75,5.13978e-05,0.0001,8.59169e-16,999999,2.604730e-02,3,Thailand Exclusive Economic Zone,,,SVDNB_npp_d20250902_t1858434_e1900076_b71766_c20250902202635057000_oeac_ops.h5,GDNBO_npp_d20250902_t1858434_e1900076_b71766_c20250902202419882000_oeac_ops.h5,SVI04_npp_d20250902_t1858434_e1900076_b71766_c20250902202643623000_oeac_ops.dspace_rad,,eez_v11.shp,WPP_BFAR_merge.shp,vbd_mpa_r20170830.shp,VNF-VBD_npp_20120301-20151231_global_asia-enhanced_c201607211230.bitmask,vbd_landsea_r20220824.mask,timezone.shp,VBD_platforms-recurring_2015_r20170330.shp,999999,VBD_bridges_c20160811.shp,14.122167;12.311656;9.816022;4.968679;7.298583;9.219633,85.094513;99.171051;112.915886;111.630913;98.030373;84.189926,npp_d20250902_t1858434_e1900076_b71766;npp_d20250902_t1900088_e1901330_b71766;npp_d20250902_t1901342_e1902584_b71766;npp_d20250902_t1902596_e1904238_b71766,149.566,54.1628,6.3843,-77.0956,92.8273,-118.216
185,VBD_npp_d20250902_t1859139_x0995002E_y103357N_l0285_s2144_v23,2025-09-02 21:06:36,10.335698,99.500244,1.15856,2025-09-02 18:59:13,2025-09-03 01:59:13,285,2144,0.262645,2,2337,0.0674048,0.055,0.461624,0.4,0.555605,0.75,6.39651e-05,0.0001,9.8936e-16,999999,-2.098369e-01,3,Thailand Exclusive Economic Zone,,,SVDNB_npp_d20250902_t1858434_e1900076_b71766_c20250902202635057000_oeac_ops.h5,GDNBO_npp_d20250902_t1858434_e1900076_b71766_c20250902202419882000_oeac_ops.h5,SVI04_npp_d20250902_t1858434_e1900076_b71766_c20250902202643623000_oeac_ops.dspace_rad,,eez_v11.shp,WPP_BFAR_merge.shp,vbd_mpa_r20170830.shp,VNF-VBD_npp_20120301-20151231_global_asia-enhanced_c201607211230.bitmask,vbd_landsea_r20220824.mask,timezone.shp,VBD_platforms-recurring_2015_r20170330.shp,999999,VBD_bridges_c20160811.shp,14.122167;12.311656;9.816022;4.968679;7.298583;9.219633,85.094513;99.171051;112.915886;111.630913;98.030373;84.189926,npp_d20250902_t1858434_e1900076_b71766;npp_d20250902_t1900088_e1901330_b71766;npp_d20250902_t1901342_e1902584_b71766;npp_d20250902_t1902596_e1904238_b71766,149.78,54.5232,6.37645,-78.1677,92.6429,-118.232
186,VBD_npp_d20250902_t1900020_x0988551E_y075400N_l0713_s2144_v23,2025-09-02 21:06:36,7.539999,98.855080,8.45043,2025-09-02 19:00:02,2025-09-03 02:00:02,713,2144,0.356609,1,2529,0.485508,0.108972,0.832347,0.4,0.909572,0.75,0.000245267,0.0001,5.64244e-15,999999,8.651712e-02,3,Thailand Exclusive Economic Zone,,,SVDNB_npp_d20250902_t1858434_e1900076_b71766_c20250902202635057000_oeac_ops.h5,GDNBO_npp_d20250902_t1858434_e1900076_b71766_c20250902202419882000_oeac_ops.h5,SVI04_npp_d20250902_t1858434_e1900076_b71766_c20250902202643623000_oeac_ops.dspace_rad,,eez_v11.shp,WPP_BFAR_merge.shp,vbd_mpa_r20170830.shp,VNF-VBD_npp_20120301-20151231_global_asia-enhanced_c201607211230.bitmask,vbd_landsea_r20220824.mask,timezone.shp,VBD_platforms-recurring_2015_r20170330.shp,999999,VBD_bridges_c20160811.shp,14.122167;12.311656;9.816022;4.968679;7.298583;9.219633,85.094513;99.171051;112.915886;111.630913;98.030373;84.189926,npp_d20250902_t1858434_e1900076_b71766;npp_d20250902_t1900088_e1901330_b71766;npp_d20250902_t1901342_e1902584_b71766;npp_d20250902_t1902596_e1904238_b71766,151.696,58.1743,6.36943,-80.3426,90.9252,-118.336
187,VBD_npp_d20250902_t1859050_x0996335E_y108901N_l0200_s2145_v23,2025-09-02 21:06:36,10.890141,99.633469,2.95375,2025-09-02 18:59:05,2025-09-03 01:59:05,200,2145,0.344019,8,18785,0.224909,0.055,0.708515,0.4,0.804294,0.75,4.04575e-05,0.0001,5.33663e-16,999999,2.577216e-01,3,Thailand Exclusive Economic Zone,,,SVDNB_npp_d20250902_t1858434_e1900076_b71766_c20250902202635057000_oeac_ops.h5,GDNBO_npp_d20250902_t1858434_e1900076_b71766_c20250902202419882000_oeac_ops.h5,SVI04_npp_d20250902_t1858434_e1900076_b71766_c20250902202643623000_oeac_ops.dspace_rad,,eez_v11.shp,WPP_BFAR_merge.shp,vbd_mpa_r20170830.shp,VNF-VBD_npp_20120301-20151231_global_asia-enhanced_c201607211230.bitmask,vbd_landsea_r20220824.mask,timezone.shp,VBD_platforms-recurring_2015_r20170330.shp,0.170304,VBD_bridges_c20160811.shp,14.122167;12.311656;9.816022;4.968679;7.298583;9.219633,85.094513;99.171051;112.915886;111.630913;98.030373;84.189926,npp_d20250902_t1858434_e1900076_b71766;npp_d20250902_t1900088_e1901330_b71766;npp_d20250902_t1901342_e1902584_b71766;npp_d20250902_t1902596_e1904238_b71766,149.379,53.8692,6.42539,-80.7302,92.9892,-118.2
188,VBD_npp_d20250902_t1859086_x0995821E_y106612N_l0235_s2145_v23,2025-09-02 21:06:36,10.661160,99.582062,3.49631,2025-09-02 18:59:08,2025-09-03 01:59:08,235,2145,0.314428,1,2401,0.246479,0.055,0.762356,0.4,0.810231,0.75,4.99609e-05,0.0001,6.91242e-16,999999,-9.134215e-02,3,Thailand Exclusive Economic Zone,,,SVDNB_npp_d20250902_t1858434_e1900076_b71766_c20250902202635057000_oeac_ops.h5,GDNBO_npp_d20250902_t1858434_e1900076_b71766_c20250902202419882000_oeac_ops.h5,SVI04_npp_d20250902_t1858434_e1900076_b71766_c20250902202643623000_oeac_ops.dspace_rad,,eez_v11.shp,WPP_BFAR_merge.shp,vbd_mpa_r20170830.shp,VNF-VBD_npp_20120301-20151231_global_asia-enhanced_c201607211230.bitmask,vbd_landsea_r20220824.mask,timezone.shp,VBD_platforms-recurring_2015_r20170330.shp,999999,VBD_bridges_c20160811.shp,14.122167;12.311656;9.816022;4.968679;7.298583;9.219633,85.094513;99.171051;112.915886;111.630913;98.030373;84.189926,npp_d20250902_t1858434_e1900076_b71766;npp_d20250902_t1900088_e1901330_b71766;npp_d20250902_t1901342_e1902584_b71766;npp_d20250902_t1902596_e1904238_b71766,149.542,54.1405,6.43151,-79.1931,92.849,-118.213
189,VBD_npp_d20250902_t1859139_x0995081E_y103413N_l0284_s2145_v23,2025-09-02 21:06:36,10.341265,99.508095,1.54493,2025-09-02 18:59:13,2025-09-03 01:59:13,284,2145,0.263356,2,2337,0.0930274,0.055,0.461624,0.4,0.644519,0.75,6.32658e-05,0.0001,8.93398e-16,999999,-2.143515e-01,3,Thailand Exclusive Economic Zone,,,SVDNB_npp_d20250902_t1858434_e1900076_b71766_c20250902202635057000_oeac_ops.h5,GDNBO_npp_d20250902_t1858434_e1900076_b71766_c20250902202419882000_oeac_ops.h5,SVI04_npp_d20250902_t1858434_e1900076_b71766_c20250902202643623000_oeac_ops.dspace_rad,,eez_v11.shp,WPP_BFAR_merge.shp,vbd_mpa_r20170830.shp,VNF-VBD_npp_20120301-20151231_global_asia-enhanced_c201607211230.bitmask,vbd_landsea_r20220824.mask,timezone.shp,VBD_platforms-recurring_2015_r20170330.shp,999999,VBD_bridges_c20160811.shp,14.122167;12.311656;9.816022;4.968679;7.298583;9.219633,85.094513;99.171051;112.915886;111.630913;98.030373;84.189926,npp_d20250902_t1858434_e1900076_b71766;npp_d20250902_t1900088_e1901330_b71766;npp_d20250902_t1901342_e1902584_b71766;npp_d20250902_t1902596_e1904238_b71766,149.77,54.5245,6.432,-78.7076,92.6524,-118.231
190,VBD_npp_d20250902_t1859175_x0994707E_y101988N_l0306_s2145_v23,2025-09-02 21:06:36,10.198813,99.470718,2.03425,2025-09-02 18:59:17,2025-09-03 01:59:17,306,2145,0.216908,8,18721,0.137748,0.055,0.702953,0.4,0.683999,0.75,6.78113e-05,0.0001,7.00446e-16,999999,5.599059e-03,3,Thailand Exclusive Economic Zone,,,SVDNB_npp_d20250902_t1858434_e1900076_b71766_c20250902202635057000_oeac_ops.h5,GDNBO_npp_d20250902_t1858434_e1900076_b71766_c20250902202419882000_oeac_ops.h5,SVI04_npp_d20250902_t1858434_e1900076_b71766_c20250902202643623000_oeac_ops.dspace_rad,,eez_v11.shp,WPP_BFAR_merge.shp,vbd_mpa_r20170830.shp,VNF-VBD_npp_20120301-20151231_global_asia-enhanced_c201607211230.bitmask,vbd_landsea_r20220824.mask,timezone.shp,VBD_platforms-recurring_2015_r20170330.shp,0.462606,VBD_bridges_c20160811.shp,14.122167;12.311656;9.816022;4.968679;7.298583;9.219633,85.094513;99.171051;112.915886;111.630913;98.030373;84.189926,npp_d20250902_t1858434_e1900076_b71766;npp_d20250902_t1900088_e1901330_b71766;npp_d20250902_t1901342_e1902584_b71766;npp_d20250902_t1902596_e1904238_b71766,149.871,54.6981,6.4383,-83.8847,92.565,-118.238
191,VBD_npp_d20250902_t1859175_x0994609E_y101389N_l0315_s2145_v23,2025-09-02 21:06:36,10.138936,99.460945,1.62655,2025-09-02 18:59:17,2025-09-03 01:59:17,315,2145,0.292164,2,2337,0.0972077,0.055,0.828145,0.4,0.613384,0.75,6.9499e-05,0.0001,9.91808e-16,999999,2.064098e-01,3,Thailand Exclusive Economic Zone,,,SVDNB_npp_d20250902_t1858434_e1900076_b71766_c20250902202635057000_oeac_ops.h5,GDNBO_npp_d20250902_t1858434_e1900076_b71766_c20250902202419882000_oeac_ops.h5,SVI04_npp_d20250902_t1858434_e1900076_b71766_c20250902202643623000_oeac_ops.dspace_rad,,eez_v11.shp,WPP_BFAR_merge.shp,vbd_mpa_r20170830.shp,VNF-VBD_npp_20120301-20151231_global_asia-enhanced_c201607211230.bitmask,vbd_landsea_r20220824.mask,timezone.shp,VBD_platforms-recurring_2015_r20170330.shp,999999,VBD_bridges_c20160811.shp,14.122167;12.311656;9.816022;4.968679;7.298583;9.219633,85.094513;99.171051;112.915886;111.630913;98.030373;84.189926,npp_d20250902_t1858434_e1900076_b71766;npp_d20250902_t1900088_e1901330_b71766;npp_d20250902_t1901342_e1902584_b71766;npp_d20250902_t1902596_e1904238_b71766,149.913,54.7711,6.43158,-79.2372,92.5282,-118.241
192,VBD_npp_d20250902_t1859264_x0993420E_y096294N_l0393_s2145_v23,2025-09-02 21:06:36,9.629369,99.342003,2.00907,2025-09-02 18:59:26,2025-09-03 01:59:26,393,2145,0.272603,2,2337,0.122062,0.055,0.743753,0.4,0.671482,0.75,8.63799e-05,0.0001,1.32186e-15,999999,-1.351415e-01,3,Thailand Exclusive Economic Zone,,,SVDNB_npp_d20250902_t1858434_e1900076_b71766_c20250902202635057000_oeac_ops.h5,GDNBO_npp_d20250902_t1858434_e1900076_b71766_c20250902202419882000_oeac_ops.h5,SVI04_npp_d20250902_t1858434_e1900076_b71766_c20250902202643623000_oeac_ops.dspace_rad,,eez_v11.shp,WPP_BFAR_merge.shp,vbd_mpa_r20170830.shp,VNF-VBD_npp_20120301-20151231_global_asia-enhanced_c201607211230.bitmask,vbd_landsea_r20220824.mask,timezone.shp,VBD_platforms-recurring_2015_r20170330.shp,999999,VBD_bridges_c20160811.shp,14.122167;12.311656;9.816022;4.968679;7.298583;9.219633,85.094513;99.171051;112.915886;111.630913;98.030373;84.189926,npp_d20250902_t1858434_e1900076_b71766;npp_d20250902_t1900088_e1901330_b71766;npp_d20250902_t1901342_e1902584_b71766;npp_d20250902_t1902596_e1904238_b71766,150.271,55.4032,6.42729,-80.2626,92.215,-118.266
193,VBD_npp_d20250902_t1859264_x0993398E_y096161N_l0395_s2145_v23,2025-09-02 21:06:36,9.616060,99.339836,2.81778,2025-09-02 18:59:26,2025-09-03 01:59:26,395,2145,0.291382,1,2401,0.209978,0.055,0.70009,0.4,0.762831,0.75,8.73185e-05,0.0001,1.42544e-15,999999,-1.153755e-01,3,Thailand Exclusive Economic Zone,,,SVDNB_npp_d20250902_t1858434_e1900076_b71766_c20250902202635057000_oeac_ops.h5,GDNBO_npp_d20250902_t1858434_e1900076_b71766_c20250902202419882000_oeac_ops.h5,SVI04_npp_d20250902_t1858434_e1900076_b71766_c20250902202643623000_oeac_ops.dspace_rad,,eez_v11.shp,WPP_BFAR_merge.shp,vbd_mpa_r20170830.shp,VNF-VBD_npp_20120301-20151231_global_asia-enhanced_c201607211230.bitmask,vbd_landsea_r20220824.mask,timezone.shp,VBD_platforms-recurring_2015_r20170330.shp,999999,VBD_bridges_c20160811.shp,14.122167;12.311656;9.816022;4.968679;7.298583;9.219633,85.094513;99.171051;112.915886;111.630913;98.030373;84.189926,npp_d20250902_t1858434_e1900076_b71766;npp_d20250902_t1900088_e1901330_b71766;npp_d20250902_t1901342_e1902584_b71766;npp_d20250902_t1902596_e1904238_b71766,150.28,55.4199,6.4295,-79.2298,92.2068,-118.267
194,VBD_npp_d20250902_t1859175_x0994699E_y101512N_l0313_s2146_v23,2025-09-02 21:06:36,10.151159,99.469872,1.78771,2025-09-02 18:59:17,2025-09-03 01:59:17,313,2146,0.282917,2,2337,0.11253,0.055,0.804388,0.4,0.626873,0.75,6.86674e-05,0.0001,8.6204e-16,999999,-6.979193e-02,3,Thailand Exclusive Economic Zone,,,SVDNB_npp_d20250902_t1858434_e1900076_b71766_c20250902202635057000_oeac_ops.h5,GDNBO_npp_d20250902_t1858434_e1900076_b71766_c20250902202419882000_oeac_ops.h5,SVI04_npp_d20250902_t1858434_e1900076_b71766_c20250902202643623000_oeac_ops.dspace_rad,,eez_v11.shp,WPP_BFAR_merge.shp,vbd_mpa_r20170830.shp,VNF-VBD_npp_20120301-20151231_global_asia-enhanced_c201607211230.bitmask,vbd_landsea_r20220824.mask,timezone.shp,VBD_platforms-recurring_2015_r20170330.shp,999999,VBD_bridges_c20160811.shp,14.122167;12.311656;9.816022;4.968679;7.298583;9.219633,85.094513;99.171051;112.915886;111.630913;98.030373;84.189926,npp_d20250902_t1858434_e1900076_b71766;npp_d20250902_t1900088_e1901330_b71766;npp_d20250902_t1901342_e1902584_b71766;npp_d20250902_t1902596_e1904238_b71766,149.899,54.7642,6.4874,-80.2746,92.5417,-118.24
195,VBD_npp_d20250902_t1859264_x0993520E_y096483N_l0390_s2146_v23,2025-09-02 21:06:36,9.648253,99.351990,2.25794,2025-09-02 18:59:26,2025-09-03 01:59:26,390,2146,0.231347,2,2337,0.143931,0.055,0.729667,0.4,0.59709,0.75,8.44418e-05,0.0001,1.10716e-15,999999,-5.689464e-02,3,Thailand Exclusive Economic Zone,,,SVDNB_npp_d20250902_t1858434_e1900076_b71766_c20250902202635057000_oeac_ops.h5,GDNBO_npp_d20250902_t1858434_e1900076_b71766_c20250902202419882000_oeac_ops.h5,SVI04_npp_d20250902_t1858434_e1900076_b71766_c20250902202643623000_oeac_ops.dspace_rad,,eez_v11.shp,WPP_BFAR_merge.shp,vbd_mpa_r20170830.shp,VNF-VBD_npp_20120301-20151231_global_asia-enhanced_c201607211230.bitmask,vbd_landsea_r20220824.mask,timezone.shp,VBD_platforms-recurring_2015_r20170330.shp,999999,VBD_bridges_c20160811.shp,14.122167;12.311656;9.816022;4.968679;7.298583;9.219633,85.094513;99.171051;112.915886;111.630913;98.030373;84.189926,npp_d20250902_t1858434_e1900076_b71766;npp_d20250902_t1900088_e1901330_b71766;npp_d20250902_t1901342_e1902584_b71766;npp_d20250902_t1902596_e1904238_b71766,150.252,55.3875,6.48584,-81.8036,92.2326,-118.264
196,VBD_npp_d20250902_t1858597_x0997203E_y112016N_l0152_s2147_v23,2025-09-02 21:06:36,11.201579,99.720322,1.53283,2025-09-02 18:58:59,2025-09-03 01:58:59,152,2147,0.272105,8,18721,0.0831551,0.055,0.427481,0.4,0.573311,0.75,3.13325e-05,0.0001,3.73408e-16,999999,-1.261374e-01,3,Thailand Exclusive Economic Zone,,,SVDNB_npp_d20250902_t1858434_e1900076_b71766_c20250902202635057000_oeac_ops.h5,GDNBO_npp_d20250902_t1858434_e1900076_b71766_c20250902202419882000_oeac_ops.h5,SVI04_npp_d20250902_t1858434_e1900076_b71766_c20250902202643623000_oeac_ops.dspace_rad,,eez_v11.shp,WPP_BFAR_merge.shp,vbd_mpa_r20170830.shp,VNF-VBD_npp_20120301-20151231_global_asia-enhanced_c201607211230.bitmask,vbd_landsea_r20220824.mask,timezone.shp,VBD_platforms-recurring_2015_r20170330.shp,0.491628,VBD_bridges_c20160811.shp,14.122167;12.311656;9.816022;4.968679;7.298583;9.219633,85.094513;99.171051;112.915886;111.630913;98.030373;84.189926,npp_d20250902_t1858434_e1900076_b71766;npp_d20250902_t1900088_e1901330_b71766;npp_d20250902_t1901342_e1902584_b71766;npp_d20250902_t1902596_e1904238_b71766,149.143,53.5226,6.54392,-80.7312,93.1928,-118.178
197,VBD_npp_d20250902_t1859015_x0996893E_y110570N_l0174_s2147_v23,2025-09-02 21:06:36,11.057011,99.689331,2.10947,2025-09-02 18:59:01,2025-09-03 01:59:01,174,2147,0.217904,2,2337,0.0728554,0.055,0.70497,0.4,0.406497,0.75,3.49153e-05,0.0001,5.08911e-16,999999,1.672728e-01,3,Thailand Exclusive Economic Zone,,,SVDNB_npp_d20250902_t1858434_e1900076_b71766_c20250902202635057000_oeac_ops.h5,GDNBO_npp_d20250902_t1858434_e1900076_b71766_c20250902202419882000_oeac_ops.h5,SVI04_npp_d20250902_t1858434_e1900076_b71766_c20250902202643623000_oeac_ops.dspace_rad,,eez_v11.shp,WPP_BFAR_merge.shp,vbd_mpa_r20170830.shp,VNF-VBD_npp_20120301-20151231_global_asia-enhanced_c201607211230.bitmask,vbd_landsea_r20220824.mask,timezone.shp,VBD_platforms-recurring_2015_r20170330.shp,999999,VBD_bridges_c20160811.shp,14.122167;12.311656;9.816022;4.968679;7.298583;9.219633,85.094513;99.171051;112.915886;111.630913;98.030373;84.189926,npp_d20250902_t1858434_e1900076_b71766;npp_d20250902_t1900088_e1901330_b71766;npp_d20250902_t1901342_e1902584_b71766;npp_d20250902_t1902596_e1904238_b71766,149.248,53.6902,6.5529,-77.6793,93.104,-118.187
198,VBD_npp_d20250902_t1859032_x0996735E_y110060N_l0182_s2147_v23,2025-09-02 21:06:36,11.006009,99.673492,1.93634,2025-09-02 18:59:03,2025-09-03 01:59:03,182,2147,0.211146,2,2337,0.0990794,0.055,0.698291,0.4,0.516237,0.75,3.62182e-05,0.0001,4.01819e-16,999999,-1.200119e-01,3,Thailand Exclusive Economic Zone,,,SVDNB_npp_d20250902_t1858434_e1900076_b71766_c20250902202635057000_oeac_ops.h5,GDNBO_npp_d20250902_t1858434_e1900076_b71766_c20250902202419882000_oeac_ops.h5,SVI04_npp_d20250902_t1858434_e1900076_b71766_c20250902202643623000_oeac_ops.dspace_rad,,eez_v11.shp,WPP_BFAR_merge.shp,vbd_mpa_r20170830.shp,VNF-VBD_npp_20120301-20151231_global_asia-enhanced_c201607211230.bitmask,vbd_landsea_r20220824.mask,timezone.shp,VBD_platforms-recurring_2015_r20170330.shp,999999,VBD_bridges_c20160811.shp,14.122167;12.311656;9.816022;4.968679;7.298583;9.219633,85.094513;99.171051;112.915886;111.630913;98.030373;84.189926,npp_d20250902_t1858434_e1900076_b71766;npp_d20250902_t1900088_e1901330_b71766;npp_d20250902_t1901342_e1902584_b71766;npp_d20250902_t1902596_e1904238_b71766,149.284,53.7495,6.54174,-81.7589,93.0724,-118.19
199,VBD_npp_d20250902_t1859032_x0996669E_y109661N_l0188_s2147_v23,2025-09-02 21:06:36,10.966088,99.666924,2.80427,2025-09-02 18:59:03,2025-09-03 01:59:03,188,2147,0.266628,1,2401,0.192519,0.055,0.716251,0.4,0.762336,0.75,3.71953e-05,0.0001,5.07997e-16,999999,-1.951751e-01,3,Thailand Exclusive Economic Zone,,,SVDNB_npp_d20250902_t1858434_e1900076_b71766_c20250902202635057000_oeac_ops.h5,GDNBO_npp_d20250902_t1858434_e1900076_b71766_c20250902202419882000_oeac_ops.h5,SVI04_npp_d20250902_t1858434_e1900076_b71766_c20250902202643623000_oeac_ops.dspace_rad,,eez_v11.shp,WPP_BFAR_merge.shp,vbd_mpa_r20170830.shp,VNF-VBD_npp_20120301-20151231_global_asia-enhanced_c201607211230.bitmask,vbd_landsea_r20220824.mask,timezone.shp,VBD_platforms-recurring_2015_r20170330.shp,999999,VBD_bridges_c20160811.shp,14.122167;12.311656;9.816022;4.968679;7.298583;9.219633,85.094513;99.171051;112.915886;111.630913;98.030373;84.189926,npp_d20250902_t1858434_e1900076_b71766;npp_d20250902_t1900088_e1901330_b71766;npp_d20250902_t1901342_e1902584_b71766;npp_d20250902_t1902596_e1904238_b71766,149.313,53.7961,6.54503,-78.7137,93.0479,-118.193
200,VBD_npp_d20250902_t1859175_x0994831E_y101900N_l0307_s2147_v23,2025-09-02 21:06:36,10.190003,99.483147,3.11148,2025-09-02 18:59:17,2025-09-03 01:59:17,307,2147,0.237109,8,18785,0.219195,0.055,0.762718,0.4,0.785077,0.75,6.70967e-05,0.0001,6.40767e-16,999999,2.847541e-02,3,Thailand Exclusive Economic Zone,,,SVDNB_npp_d20250902_t1858434_e1900076_b71766_c20250902202635057000_oeac_ops.h5,GDNBO_npp_d20250902_t1858434_e1900076_b71766_c20250902202419882000_oeac_ops.h5,SVI04_npp_d20250902_t1858434_e1900076_b71766_c20250902202643623000_oeac_ops.dspace_rad,,eez_v11.shp,WPP_BFAR_merge.shp,vbd_mpa_r20170830.shp,VNF-VBD_npp_20120301-20151231_global_asia-enhanced_c201607211230.bitmask,vbd_landsea_r20220824.mask,timezone.shp,VBD_platforms-recurring_2015_r20170330.shp,0.27915,VBD_bridges_c20160811.shp,14.122167;12.311656;9.816022;4.968679;7.298583;9.219633,85.094513;99.171051;112.915886;111.630913;98.030373;84.189926,npp_d20250902_t1858434_e1900076_b71766;npp_d20250902_t1900088_e1901330_b71766;npp_d20250902_t1901342_e1902584_b71766;npp_d20250902_t1902596_e1904238_b71766,149.866,54.7249,6.55132,-83.3232,92.5716,-118.236
201,VBD_npp_d20250902_t1858561_x0997712E_y113829N_l0124_s2148_v23,2025-09-02 21:06:36,11.382892,99.771179,20.0422,2025-09-02 18:58:56,2025-09-03 01:58:56,124,2148,0.406899,1,2401,0.795802,0.055,0.89568,0.4,0.968805,0.75,2.65808e-05,0.0001,3.53158e-16,999999,9.875713e-02,3,Thailand Exclusive Economic Zone,,,SVDNB_npp_d20250902_t1858434_e1900076_b71766_c20250902202635057000_oeac_ops.h5,GDNBO_npp_d20250902_t1858434_e1900076_b71766_c20250902202419882000_oeac_ops.h5,SVI04_npp_d20250902_t1858434_e1900076_b71766_c20250902202643623000_oeac_ops.dspace_rad,,eez_v11.shp,WPP_BFAR_merge.shp,vbd_mpa_r20170830.shp,VNF-VBD_npp_20120301-20151231_global_asia-enhanced_c201607211230.bitmask,vbd_landsea_r20220824.mask,timezone.shp,VBD_platforms-recurring_2015_r20170330.shp,999999,VBD_bridges_c20160811.shp,14.122167;12.311656;9.816022;4.968679;7.298583;9.219633,85.094513;99.171051;112.915886;111.630913;98.030373;84.189926,npp_d20250902_t1858434_e1900076_b71766;npp_d20250902_t1900088_e1901330_b71766;npp_d20250902_t1901342_e1902584_b71766;npp_d20250902_t1902596_e1904238_b71766,149.007,53.3217,6.60383,-78.71,93.3099,-118.165
202,VBD_npp_d20250902_t1859015_x0997005E_y110825N_l0170_s2148_v23,2025-09-02 21:06:36,11.082535,99.700485,1.93824,2025-09-02 18:59:01,2025-09-03 01:59:01,170,2148,0.236042,2,2337,0.0646072,0.055,0.71696,0.4,0.461758,0.75,3.40176e-05,0.0001,4.08046e-16,999999,-2.448807e-02,3,Thailand Exclusive Economic Zone,,,SVDNB_npp_d20250902_t1858434_e1900076_b71766_c20250902202635057000_oeac_ops.h5,GDNBO_npp_d20250902_t1858434_e1900076_b71766_c20250902202419882000_oeac_ops.h5,SVI04_npp_d20250902_t1858434_e1900076_b71766_c20250902202643623000_oeac_ops.dspace_rad,,eez_v11.shp,WPP_BFAR_merge.shp,vbd_mpa_r20170830.shp,VNF-VBD_npp_20120301-20151231_global_asia-enhanced_c201607211230.bitmask,vbd_landsea_r20220824.mask,timezone.shp,VBD_platforms-recurring_2015_r20170330.shp,999999,VBD_bridges_c20160811.shp,14.122167;12.311656;9.816022;4.968679;7.298583;9.219633,85.094513;99.171051;112.915886;111.630913;98.030373;84.189926,npp_d20250902_t1858434_e1900076_b71766;npp_d20250902_t1900088_e1901330_b71766;npp_d20250902_t1901342_e1902584_b71766;npp_d20250902_t1902596_e1904238_b71766,149.224,53.6687,6.60248,-79.7174,93.1257,-118.184
203,VBD_npp_d20250902_t1859175_x0994769E_y101091N_l0319_s2148_v23,2025-09-02 21:06:36,10.109061,99.476868,2.4308,2025-09-02 18:59:17,2025-09-03 01:59:17,319,2148,0.242728,2,2337,0.158854,0.055,0.762692,0.4,0.743749,0.75,6.88629e-05,0.0001,9.52561e-16,999999,-6.423321e-02,3,Thailand Exclusive Economic Zone,,,SVDNB_npp_d20250902_t1858434_e1900076_b71766_c20250902202635057000_oeac_ops.h5,GDNBO_npp_d20250902_t1858434_e1900076_b71766_c20250902202419882000_oeac_ops.h5,SVI04_npp_d20250902_t1858434_e1900076_b71766_c20250902202643623000_oeac_ops.dspace_rad,,eez_v11.shp,WPP_BFAR_merge.shp,vbd_mpa_r20170830.shp,VNF-VBD_npp_20120301-20151231_global_asia-enhanced_c201607211230.bitmask,vbd_landsea_r20220824.mask,timezone.shp,VBD_platforms-recurring_2015_r20170330.shp,999999,VBD_bridges_c20160811.shp,14.122167;12.311656;9.816022;4.968679;7.298583;9.219633,85.094513;99.171051;112.915886;111.630913;98.030373;84.189926,npp_d20250902_t1858434_e1900076_b71766;npp_d20250902_t1900088_e1901330_b71766;npp_d20250902_t1901342_e1902584_b71766;npp_d20250902_t1902596_e1904238_b71766,149.918,54.8316,6.6157,-77.2676,92.5279,-118.24
204,VBD_npp_d20250902_t1859264_x0993644E_y096394N_l0391_s2148_v23,2025-09-02 21:06:36,9.639440,99.364410,1.50321,2025-09-02 18:59:26,2025-09-03 01:59:26,391,2148,0.268336,2,2337,0.085487,0.055,0.70822,0.4,0.57425,0.75,8.3846e-05,0.0001,1.01332e-15,999999,-3.949049e-01,3,Thailand Exclusive Economic Zone,,,SVDNB_npp_d20250902_t1858434_e1900076_b71766_c20250902202635057000_oeac_ops.h5,GDNBO_npp_d20250902_t1858434_e1900076_b71766_c20250902202419882000_oeac_ops.h5,SVI04_npp_d20250902_t1858434_e1900076_b71766_c20250902202643623000_oeac_ops.dspace_rad,,eez_v11.shp,WPP_BFAR_merge.shp,vbd_mpa_r20170830.shp,VNF-VBD_npp_20120301-20151231_global_asia-enhanced_c201607211230.bitmask,vbd_landsea_r20220824.mask,timezone.shp,VBD_platforms-recurring_2015_r20170330.shp,999999,VBD_bridges_c20160811.shp,14.122167;12.311656;9.816022;4.968679;7.298583;9.219633,85.094513;99.171051;112.915886;111.630913;98.030373;84.189926,npp_d20250902_t1858434_e1900076_b71766;npp_d20250902_t1900088_e1901330_b71766;npp_d20250902_t1901342_e1902584_b71766;npp_d20250902_t1902596_e1904238_b71766,150.247,55.4144,6.60106,-81.2837,92.2392,-118.262
205,VBD_npp_d20250902_t1859015_x0997040E_y110615N_l0173_s2149_v23,2025-09-02 21:06:36,11.061482,99.703987,4.35977,2025-09-02 18:59:01,2025-09-03 01:59:01,173,2149,0.270967,8,18721,0.248946,0.055,0.70497,0.4,0.721857,0.75,3.42528e-05,0.0001,4.29328e-16,999999,2.966912e-02,3,Thailand Exclusive Economic Zone,,,SVDNB_npp_d20250902_t1858434_e1900076_b71766_c20250902202635057000_oeac_ops.h5,GDNBO_npp_d20250902_t1858434_e1900076_b71766_c20250902202419882000_oeac_ops.h5,SVI04_npp_d20250902_t1858434_e1900076_b71766_c20250902202643623000_oeac_ops.dspace_rad,,eez_v11.shp,WPP_BFAR_merge.shp,vbd_mpa_r20170830.shp,VNF-VBD_npp_20120301-20151231_global_asia-enhanced_c201607211230.bitmask,vbd_landsea_r20220824.mask,timezone.shp,VBD_platforms-recurring_2015_r20170330.shp,0.722203,VBD_bridges_c20160811.shp,14.122167;12.311656;9.816022;4.968679;7.298583;9.219633,85.094513;99.171051;112.915886;111.630913;98.030373;84.189926,npp_d20250902_t1858434_e1900076_b71766;npp_d20250902_t1900088_e1901330_b71766;npp_d20250902_t1901342_e1902584_b71766;npp_d20250902_t1902596_e1904238_b71766,149.233,53.7013,6.66589,-78.2309,93.1187,-118.184
206,VBD_npp_d20250902_t1859050_x0996660E_y109191N_l0195_s2149_v23,2025-09-02 21:06:36,10.919069,99.666046,2.24301,2025-09-02 18:59:05,2025-09-03 01:59:05,195,2149,0.347931,1,2401,0.175093,0.055,0.736727,0.4,0.80029,0.75,3.79921e-05,0.0001,3.37265e-16,999999,1.517158e-01,3,Thailand Exclusive Economic Zone,,,SVDNB_npp_d20250902_t1858434_e1900076_b71766_c20250902202635057000_oeac_ops.h5,GDNBO_npp_d20250902_t1858434_e1900076_b71766_c20250902202419882000_oeac_ops.h5,SVI04_npp_d20250902_t1858434_e1900076_b71766_c20250902202643623000_oeac_ops.dspace_rad,,eez_v11.shp,WPP_BFAR_merge.shp,vbd_mpa_r20170830.shp,VNF-VBD_npp_20120301-20151231_global_asia-enhanced_c201607211230.bitmask,vbd_landsea_r20220824.mask,timezone.shp,VBD_platforms-recurring_2015_r20170330.shp,999999,VBD_bridges_c20160811.shp,14.122167;12.311656;9.816022;4.968679;7.298583;9.219633,85.094513;99.171051;112.915886;111.630913;98.030373;84.189926,npp_d20250902_t1858434_e1900076_b71766;npp_d20250902_t1900088_e1901330_b71766;npp_d20250902_t1901342_e1902584_b71766;npp_d20250902_t1902596_e1904238_b71766,149.336,53.8677,6.66335,-83.2255,93.0311,-118.193
207,VBD_npp_d20250902_t1859175_x0994912E_y101546N_l0312_s2149_v23,2025-09-02 21:06:36,10.154565,99.491241,2.34147,2025-09-02 18:59:17,2025-09-03 01:59:17,312,2149,0.254465,2,2337,0.158589,0.055,0.792957,0.4,0.733541,0.75,6.71139e-05,0.0001,6.84111e-16,999999,2.306037e-01,3,Thailand Exclusive Economic Zone,,,SVDNB_npp_d20250902_t1858434_e1900076_b71766_c20250902202635057000_oeac_ops.h5,GDNBO_npp_d20250902_t1858434_e1900076_b71766_c20250902202419882000_oeac_ops.h5,SVI04_npp_d20250902_t1858434_e1900076_b71766_c20250902202643623000_oeac_ops.dspace_rad,,eez_v11.shp,WPP_BFAR_merge.shp,vbd_mpa_r20170830.shp,VNF-VBD_npp_20120301-20151231_global_asia-enhanced_c201607211230.bitmask,vbd_landsea_r20220824.mask,timezone.shp,VBD_platforms-recurring_2015_r20170330.shp,999999,VBD_bridges_c20160811.shp,14.122167;12.311656;9.816022;4.968679;7.298583;9.219633,85.094513;99.171051;112.915886;111.630913;98.030373;84.189926,npp_d20250902_t1858434_e1900076_b71766;npp_d20250902_t1900088_e1901330_b71766;npp_d20250902_t1901342_e1902584_b71766;npp_d20250902_t1902596_e1904238_b71766,149.88,54.7841,6.66105,-80.7869,92.5619,-118.236
208,VBD_npp_d20250902_t1859548_x0989824E_y079393N_l0651_s2149_v23,2025-09-02 21:06:36,7.939313,98.982384,2.13282,2025-09-02 18:59:54,2025-09-03 01:59:54,651,2149,0.202682,2,2465,0.114935,0.108972,0.64672,0.4,0.56121,0.75,0.00022711,0.0001,3.40756e-15,999999,-3.792802e-01,1,,,,SVDNB_npp_d20250902_t1858434_e1900076_b71766_c20250902202635057000_oeac_ops.h5,GDNBO_npp_d20250902_t1858434_e1900076_b71766_c20250902202419882000_oeac_ops.h5,SVI04_npp_d20250902_t1858434_e1900076_b71766_c20250902202643623000_oeac_ops.dspace_rad,,eez_v11.shp,WPP_BFAR_merge.shp,vbd_mpa_r20170830.shp,VNF-VBD_npp_20120301-20151231_global_asia-enhanced_c201607211230.bitmask,vbd_landsea_r20220824.mask,timezone.shp,VBD_platforms-recurring_2015_r20170330.shp,999999,VBD_bridges_c20160811.shp,14.122167;12.311656;9.816022;4.968679;7.298583;9.219633,85.094513;99.171051;112.915886;111.630913;98.030373;84.189926,npp_d20250902_t1858434_e1900076_b71766;npp_d20250902_t1900088_e1901330_b71766;npp_d20250902_t1901342_e1902584_b71766;npp_d20250902_t1902596_e1904238_b71766,151.402,57.6578,6.66299,-79.3478,91.2008,-118.322
209,VBD_npp_d20250902_t1858455_x0999340E_y120209N_l0026_s2150_v23,2025-09-02 21:06:36,12.020923,99.933952,1.31647,2025-09-02 18:58:45,2025-09-03 01:58:45,26,2150,0.361802,2,2337,0.0553437,0.055,0.520606,0.4,0.447337,0.75,1.53394e-05,0.0001,1.80526e-16,999999,-8.608531e-01,3,Thailand Exclusive Economic Zone,,,SVDNB_npp_d20250902_t1858434_e1900076_b71766_c20250902202635057000_oeac_ops.h5,GDNBO_npp_d20250902_t1858434_e1900076_b71766_c20250902202419882000_oeac_ops.h5,SVI04_npp_d20250902_t1858434_e1900076_b71766_c20250902202643623000_oeac_ops.dspace_rad,,eez_v11.shp,WPP_BFAR_merge.shp,vbd_mpa_r20170830.shp,VNF-VBD_npp_20120301-20151231_global_asia-enhanced_c201607211230.bitmask,vbd_landsea_r20220824.mask,timezone.shp,VBD_platforms-recurring_2015_r20170330.shp,999999,VBD_bridges_c20160811.shp,14.122167;12.311656;9.816022;4.968679;7.298583;9.219633,85.094513;99.171051;112.915886;111.630913;98.030373;84.189926,npp_d20250902_t1858434_e1900076_b71766;npp_d20250902_t1900088_e1901330_b71766;npp_d20250902_t1901342_e1902584_b71766;npp_d20250902_t1902596_e1904238_b71766,148.53,52.6207,6.72017,-79.7129,93.714,-118.118
210,VBD_npp_d20250902_t1859015_x0997206E_y111203N_l0164_s2150_v23,2025-09-02 21:06:36,11.120287,99.720634,4.16989,2025-09-02 18:59:01,2025-09-03 01:59:01,164,2150,0.313717,1,2401,0.265198,0.055,0.691782,0.4,0.782804,0.75,3.25693e-05,0.0001,2.82115e-16,999999,-2.237394e-01,3,Thailand Exclusive Economic Zone,,,SVDNB_npp_d20250902_t1858434_e1900076_b71766_c20250902202635057000_oeac_ops.h5,GDNBO_npp_d20250902_t1858434_e1900076_b71766_c20250902202419882000_oeac_ops.h5,SVI04_npp_d20250902_t1858434_e1900076_b71766_c20250902202643623000_oeac_ops.dspace_rad,,eez_v11.shp,WPP_BFAR_merge.shp,vbd_mpa_r20170830.shp,VNF-VBD_npp_20120301-20151231_global_asia-enhanced_c201607211230.bitmask,vbd_landsea_r20220824.mask,timezone.shp,VBD_platforms-recurring_2015_r20170330.shp,999999,VBD_bridges_c20160811.shp,14.122167;12.311656;9.816022;4.968679;7.298583;9.219633,85.094513;99.171051;112.915886;111.630913;98.030373;84.189926,npp_d20250902_t1858434_e1900076_b71766;npp_d20250902_t1900088_e1901330_b71766;npp_d20250902_t1901342_e1902584_b71766;npp_d20250902_t1902596_e1904238_b71766,149.185,53.6412,6.72113,-82.7011,93.1609,-118.18
211,VBD_npp_d20250902_t1859175_x0994915E_y101135N_l0318_s2150_v23,2025-09-02 21:06:36,10.113544,99.491486,2.09283,2025-09-02 18:59:17,2025-09-03 01:59:17,318,2150,0.226511,8,18721,0.130953,0.055,0.802032,0.4,0.685389,0.75,6.77559e-05,0.0001,8.06441e-16,999999,-3.752026e-02,3,Thailand Exclusive Economic Zone,,,SVDNB_npp_d20250902_t1858434_e1900076_b71766_c20250902202635057000_oeac_ops.h5,GDNBO_npp_d20250902_t1858434_e1900076_b71766_c20250902202419882000_oeac_ops.h5,SVI04_npp_d20250902_t1858434_e1900076_b71766_c20250902202643623000_oeac_ops.dspace_rad,,eez_v11.shp,WPP_BFAR_merge.shp,vbd_mpa_r20170830.shp,VNF-VBD_npp_20120301-20151231_global_asia-enhanced_c201607211230.bitmask,vbd_landsea_r20220824.mask,timezone.shp,VBD_platforms-recurring_2015_r20170330.shp,0.994635,VBD_bridges_c20160811.shp,14.122167;12.311656;9.816022;4.968679;7.298583;9.219633,85.094513;99.171051;112.915886;111.630913;98.030373;84.189926,npp_d20250902_t1858434_e1900076_b71766;npp_d20250902_t1900088_e1901330_b71766;npp_d20250902_t1901342_e1902584_b71766;npp_d20250902_t1902596_e1904238_b71766,149.903,54.8422,6.72817,-77.8223,92.5427,-118.237
212,VBD_npp_d20250902_t1859193_x0994766E_y100688N_l0325_s2150_v23,2025-09-02 21:06:36,10.068799,99.476646,1.22332,2025-09-02 18:59:19,2025-09-03 01:59:19,325,2150,0.196707,2,2337,0.0591858,0.055,0.678007,0.4,0.562187,0.75,6.90364e-05,0.0001,6.17531e-16,999999,-8.514404e-02,3,Thailand Exclusive Economic Zone,,,SVDNB_npp_d20250902_t1858434_e1900076_b71766_c20250902202635057000_oeac_ops.h5,GDNBO_npp_d20250902_t1858434_e1900076_b71766_c20250902202419882000_oeac_ops.h5,SVI04_npp_d20250902_t1858434_e1900076_b71766_c20250902202643623000_oeac_ops.dspace_rad,,eez_v11.shp,WPP_BFAR_merge.shp,vbd_mpa_r20170830.shp,VNF-VBD_npp_20120301-20151231_global_asia-enhanced_c201607211230.bitmask,vbd_landsea_r20220824.mask,timezone.shp,VBD_platforms-recurring_2015_r20170330.shp,999999,VBD_bridges_c20160811.shp,14.122167;12.311656;9.816022;4.968679;7.298583;9.219633,85.094513;99.171051;112.915886;111.630913;98.030373;84.189926,npp_d20250902_t1858434_e1900076_b71766;npp_d20250902_t1900088_e1901330_b71766;npp_d20250902_t1901342_e1902584_b71766;npp_d20250902_t1902596_e1904238_b71766,149.935,54.8968,6.71763,-82.2592,92.5148,-118.239
213,VBD_npp_d20250902_t1859175_x0995115E_y101513N_l0312_s2152_v23,2025-09-02 21:06:36,10.151314,99.511543,1.7856,2025-09-02 18:59:17,2025-09-03 01:59:17,312,2152,0.256243,2,2337,0.108667,0.055,0.726752,0.4,0.617327,0.75,6.5747e-05,0.0001,5.63245e-16,999999,2.916593e-01,3,Thailand Exclusive Economic Zone,,,SVDNB_npp_d20250902_t1858434_e1900076_b71766_c20250902202635057000_oeac_ops.h5,GDNBO_npp_d20250902_t1858434_e1900076_b71766_c20250902202419882000_oeac_ops.h5,SVI04_npp_d20250902_t1858434_e1900076_b71766_c20250902202643623000_oeac_ops.dspace_rad,,eez_v11.shp,WPP_BFAR_merge.shp,vbd_mpa_r20170830.shp,VNF-VBD_npp_20120301-20151231_global_asia-enhanced_c201607211230.bitmask,vbd_landsea_r20220824.mask,timezone.shp,VBD_platforms-recurring_2015_r20170330.shp,999999,VBD_bridges_c20160811.shp,14.122167;12.311656;9.816022;4.968679;7.298583;9.219633,85.094513;99.171051;112.915886;111.630913;98.030373;84.189926,npp_d20250902_t1858434_e1900076_b71766;npp_d20250902_t1900088_e1901330_b71766;npp_d20250902_t1901342_e1902584_b71766;npp_d20250902_t1902596_e1904238_b71766,149.865,54.8121,6.83503,-80.7872,92.5779,-118.233
214,VBD_npp_d20250902_t1859175_x0995040E_y101047N_l0319_s2152_v23,2025-09-02 21:06:36,10.104702,99.503960,1.39972,2025-09-02 18:59:17,2025-09-03 01:59:17,319,2152,0.215627,2,2337,0.0684123,0.055,0.676411,0.4,0.485665,0.75,6.70147e-05,0.0001,7.35855e-16,999999,1.881105e-01,3,Thailand Exclusive Economic Zone,,,SVDNB_npp_d20250902_t1858434_e1900076_b71766_c20250902202635057000_oeac_ops.h5,GDNBO_npp_d20250902_t1858434_e1900076_b71766_c20250902202419882000_oeac_ops.h5,SVI04_npp_d20250902_t1858434_e1900076_b71766_c20250902202643623000_oeac_ops.dspace_rad,,eez_v11.shp,WPP_BFAR_merge.shp,vbd_mpa_r20170830.shp,VNF-VBD_npp_20120301-20151231_global_asia-enhanced_c201607211230.bitmask,vbd_landsea_r20220824.mask,timezone.shp,VBD_platforms-recurring_2015_r20170330.shp,999999,VBD_bridges_c20160811.shp,14.122167;12.311656;9.816022;4.968679;7.298583;9.219633,85.094513;99.171051;112.915886;111.630913;98.030373;84.189926,npp_d20250902_t1858434_e1900076_b71766;npp_d20250902_t1900088_e1901330_b71766;npp_d20250902_t1901342_e1902584_b71766;npp_d20250902_t1902596_e1904238_b71766,149.898,54.869,6.8472,-77.3868,92.5493,-118.235
215,VBD_npp_d20250902_t1859246_x0994204E_y097664N_l0371_s2152_v23,2025-09-02 21:06:36,9.766415,99.420425,2.51486,2025-09-02 18:59:24,2025-09-03 01:59:24,371,2152,0.233055,1,2401,0.18626,0.055,0.723711,0.4,0.798198,0.75,7.6432e-05,0.0001,6.21324e-16,999999,1.794625e-01,3,Thailand Exclusive Economic Zone,,,SVDNB_npp_d20250902_t1858434_e1900076_b71766_c20250902202635057000_oeac_ops.h5,GDNBO_npp_d20250902_t1858434_e1900076_b71766_c20250902202419882000_oeac_ops.h5,SVI04_npp_d20250902_t1858434_e1900076_b71766_c20250902202643623000_oeac_ops.dspace_rad,,eez_v11.shp,WPP_BFAR_merge.shp,vbd_mpa_r20170830.shp,VNF-VBD_npp_20120301-20151231_global_asia-enhanced_c201607211230.bitmask,vbd_landsea_r20220824.mask,timezone.shp,VBD_platforms-recurring_2015_r20170330.shp,999999,VBD_bridges_c20160811.shp,14.122167;12.311656;9.816022;4.968679;7.298583;9.219633,85.094513;99.171051;112.915886;111.630913;98.030373;84.189926,npp_d20250902_t1858434_e1900076_b71766;npp_d20250902_t1900088_e1901330_b71766;npp_d20250902_t1901342_e1902584_b71766;npp_d20250902_t1902596_e1904238_b71766,150.135,55.2879,6.84298,-83.2239,92.3417,-118.252
216,VBD_npp_d20250902_t1858544_x0998262E_y114618N_l0111_s2153_v23,2025-09-02 21:06:36,11.461823,99.826187,1.04779,2025-09-02 18:58:54,2025-09-03 01:58:54,111,2153,0.399714,2,2337,0.0624966,0.055,0.659231,0.4,0.592532,0.75,2.3598e-05,0.0001,2.64103e-16,999999,-1.048070e-01,3,Thailand Exclusive Economic Zone,,,SVDNB_npp_d20250902_t1858434_e1900076_b71766_c20250902202635057000_oeac_ops.h5,GDNBO_npp_d20250902_t1858434_e1900076_b71766_c20250902202419882000_oeac_ops.h5,SVI04_npp_d20250902_t1858434_e1900076_b71766_c20250902202643623000_oeac_ops.dspace_rad,,eez_v11.shp,WPP_BFAR_merge.shp,vbd_mpa_r20170830.shp,VNF-VBD_npp_20120301-20151231_global_asia-enhanced_c201607211230.bitmask,vbd_landsea_r20220824.mask,timezone.shp,VBD_platforms-recurring_2015_r20170330.shp,999999,VBD_bridges_c20160811.shp,14.122167;12.311656;9.816022;4.968679;7.298583;9.219633,85.094513;99.171051;112.915886;111.630913;98.030373;84.189926,npp_d20250902_t1858434_e1900076_b71766;npp_d20250902_t1900088_e1901330_b71766;npp_d20250902_t1901342_e1902584_b71766;npp_d20250902_t1902596_e1904238_b71766,148.922,53.2723,6.90147,-77.335,93.3885,-118.154
217,VBD_npp_d20250902_t1858561_x0998007E_y113508N_l0128_s2153_v23,2025-09-02 21:06:36,11.350806,99.800713,2.43467,2025-09-02 18:58:56,2025-09-03 01:58:56,128,2153,0.350847,8,18721,0.168161,0.055,0.864097,0.4,0.740282,0.75,2.62455e-05,0.0001,2.95758e-16,999999,-2.006699e-01,3,Thailand Exclusive Economic Zone,,,SVDNB_npp_d20250902_t1858434_e1900076_b71766_c20250902202635057000_oeac_ops.h5,GDNBO_npp_d20250902_t1858434_e1900076_b71766_c20250902202419882000_oeac_ops.h5,SVI04_npp_d20250902_t1858434_e1900076_b71766_c20250902202643623000_oeac_ops.dspace_rad,,eez_v11.shp,WPP_BFAR_merge.shp,vbd_mpa_r20170830.shp,VNF-VBD_npp_20120301-20151231_global_asia-enhanced_c201607211230.bitmask,vbd_landsea_r20220824.mask,timezone.shp,VBD_platforms-recurring_2015_r20170330.shp,0.991669,VBD_bridges_c20160811.shp,14.122167;12.311656;9.816022;4.968679;7.298583;9.219633,85.094513;99.171051;112.915886;111.630913;98.030373;84.189926,npp_d20250902_t1858434_e1900076_b71766;npp_d20250902_t1900088_e1901330_b71766;npp_d20250902_t1901342_e1902584_b71766;npp_d20250902_t1902596_e1904238_b71766,149.003,53.3992,6.90538,-76.8669,93.3203,-118.161
218,VBD_npp_d20250902_t1859015_x0997355E_y110837N_l0169_s2153_v23,2025-09-02 21:06:36,11.083748,99.735481,3.4659,2025-09-02 18:59:01,2025-09-03 01:59:01,169,2153,0.228929,2,2337,0.221209,0.055,0.72076,0.4,0.74987,0.75,3.26305e-05,0.0001,2.81722e-16,999999,-2.897627e-01,3,Thailand Exclusive Economic Zone,,,SVDNB_npp_d20250902_t1858434_e1900076_b71766_c20250902202635057000_oeac_ops.h5,GDNBO_npp_d20250902_t1858434_e1900076_b71766_c20250902202419882000_oeac_ops.h5,SVI04_npp_d20250902_t1858434_e1900076_b71766_c20250902202643623000_oeac_ops.dspace_rad,,eez_v11.shp,WPP_BFAR_merge.shp,vbd_mpa_r20170830.shp,VNF-VBD_npp_20120301-20151231_global_asia-enhanced_c201607211230.bitmask,vbd_landsea_r20220824.mask,timezone.shp,VBD_platforms-recurring_2015_r20170330.shp,999999,VBD_bridges_c20160811.shp,14.122167;12.311656;9.816022;4.968679;7.298583;9.219633,85.094513;99.171051;112.915886;111.630913;98.030373;84.189926,npp_d20250902_t1858434_e1900076_b71766;npp_d20250902_t1900088_e1901330_b71766;npp_d20250902_t1901342_e1902584_b71766;npp_d20250902_t1902596_e1904238_b71766,149.195,53.708,6.89162,-80.2422,93.1565,-118.178
219,VBD_npp_d20250902_t1859032_x0997033E_y109329N_l0192_s2153_v23,2025-09-02 21:06:36,10.932912,99.703255,1.55212,2025-09-02 18:59:03,2025-09-03 01:59:03,192,2153,0.349852,2,2337,0.106241,0.055,0.670671,0.4,0.695334,0.75,3.62123e-05,0.0001,3.99206e-16,999999,2.942211e-01,3,Thailand Exclusive Economic Zone,,,SVDNB_npp_d20250902_t1858434_e1900076_b71766_c20250902202635057000_oeac_ops.h5,GDNBO_npp_d20250902_t1858434_e1900076_b71766_c20250902202419882000_oeac_ops.h5,SVI04_npp_d20250902_t1858434_e1900076_b71766_c20250902202643623000_oeac_ops.dspace_rad,,eez_v11.shp,WPP_BFAR_merge.shp,vbd_mpa_r20170830.shp,VNF-VBD_npp_20120301-20151231_global_asia-enhanced_c201607211230.bitmask,vbd_landsea_r20220824.mask,timezone.shp,VBD_platforms-recurring_2015_r20170330.shp,999999,VBD_bridges_c20160811.shp,14.122167;12.311656;9.816022;4.968679;7.298583;9.219633,85.094513;99.171051;112.915886;111.630913;98.030373;84.189926,npp_d20250902_t1858434_e1900076_b71766;npp_d20250902_t1900088_e1901330_b71766;npp_d20250902_t1901342_e1902584_b71766;npp_d20250902_t1902596_e1904238_b71766,149.304,53.8836,6.90462,-76.8884,93.0636,-118.188
220,VBD_npp_d20250902_t1859050_x0996877E_y108814N_l0200_s2153_v23,2025-09-02 21:06:36,10.881444,99.687706,1.94803,2025-09-02 18:59:05,2025-09-03 01:59:05,200,2153,0.311228,8,18785,0.14452,0.055,0.700879,0.4,0.762629,0.75,3.81749e-05,0.0001,3.15554e-16,999999,-9.076458e-02,3,Thailand Exclusive Economic Zone,,,SVDNB_npp_d20250902_t1858434_e1900076_b71766_c20250902202635057000_oeac_ops.h5,GDNBO_npp_d20250902_t1858434_e1900076_b71766_c20250902202419882000_oeac_ops.h5,SVI04_npp_d20250902_t1858434_e1900076_b71766_c20250902202643623000_oeac_ops.dspace_rad,,eez_v11.shp,WPP_BFAR_merge.shp,vbd_mpa_r20170830.shp,VNF-VBD_npp_20120301-20151231_global_asia-enhanced_c201607211230.bitmask,vbd_landsea_r20220824.mask,timezone.shp,VBD_platforms-recurring_2015_r20170330.shp,0.673739,VBD_bridges_c20160811.shp,14.122167;12.311656;9.816022;4.968679;7.298583;9.219633,85.094513;99.171051;112.915886;111.630913;98.030373;84.189926,npp_d20250902_t1858434_e1900076_b71766;npp_d20250902_t1900088_e1901330_b71766;npp_d20250902_t1901342_e1902584_b71766;npp_d20250902_t1902596_e1904238_b71766,149.341,53.9442,6.8893,-80.7323,93.032,-118.191
221,VBD_npp_d20250902_t1859050_x0996855E_y108681N_l0202_s2153_v23,2025-09-02 21:06:36,10.868129,99.685516,1.42481,2025-09-02 18:59:05,2025-09-03 01:59:05,202,2153,0.333563,2,2337,0.103745,0.055,0.700879,0.4,0.698486,0.75,3.86911e-05,0.0001,3.41247e-16,999999,-5.487955e-02,3,Thailand Exclusive Economic Zone,,,SVDNB_npp_d20250902_t1858434_e1900076_b71766_c20250902202635057000_oeac_ops.h5,GDNBO_npp_d20250902_t1858434_e1900076_b71766_c20250902202419882000_oeac_ops.h5,SVI04_npp_d20250902_t1858434_e1900076_b71766_c20250902202643623000_oeac_ops.dspace_rad,,eez_v11.shp,WPP_BFAR_merge.shp,vbd_mpa_r20170830.shp,VNF-VBD_npp_20120301-20151231_global_asia-enhanced_c201607211230.bitmask,vbd_landsea_r20220824.mask,timezone.shp,VBD_platforms-recurring_2015_r20170330.shp,999999,VBD_bridges_c20160811.shp,14.122167;12.311656;9.816022;4.968679;7.298583;9.219633,85.094513;99.171051;112.915886;111.630913;98.030373;84.189926,npp_d20250902_t1858434_e1900076_b71766;npp_d20250902_t1900088_e1901330_b71766;npp_d20250902_t1901342_e1902584_b71766;npp_d20250902_t1902596_e1904238_b71766,149.35,53.9598,6.89037,-79.7682,93.0239,-118.192
222,VBD_npp_d20250902_t1859104_x0996128E_y105549N_l0250_s2153_v23,2025-09-02 21:06:36,10.554891,99.612778,1.99978,2025-09-02 18:59:10,2025-09-03 01:59:10,250,2153,0.377735,1,2401,0.163135,0.055,0.707856,0.4,0.767284,0.75,5.10806e-05,0.0001,4.25607e-16,999999,2.144254e-01,3,Thailand Exclusive Economic Zone,,,SVDNB_npp_d20250902_t1858434_e1900076_b71766_c20250902202635057000_oeac_ops.h5,GDNBO_npp_d20250902_t1858434_e1900076_b71766_c20250902202419882000_oeac_ops.h5,SVI04_npp_d20250902_t1858434_e1900076_b71766_c20250902202643623000_oeac_ops.dspace_rad,,eez_v11.shp,WPP_BFAR_merge.shp,vbd_mpa_r20170830.shp,VNF-VBD_npp_20120301-20151231_global_asia-enhanced_c201607211230.bitmask,vbd_landsea_r20220824.mask,timezone.shp,VBD_platforms-recurring_2015_r20170330.shp,999999,VBD_bridges_c20160811.shp,14.122167;12.311656;9.816022;4.968679;7.298583;9.219633,85.094513;99.171051;112.915886;111.630913;98.030373;84.189926,npp_d20250902_t1858434_e1900076_b71766;npp_d20250902_t1900088_e1901330_b71766;npp_d20250902_t1901342_e1902584_b71766;npp_d20250902_t1902596_e1904238_b71766,149.574,54.3316,6.89137,-79.8004,92.8316,-118.21
223,VBD_npp_d20250902_t1859157_x0995505E_y102191N_l0301_s2155_v23,2025-09-02 21:06:36,10.219065,99.550484,1.23798,2025-09-02 18:59:15,2025-09-03 01:59:15,301,2155,0.160501,2,2337,0.060187,0.055,0.531848,0.4,0.473935,0.75,6.24182e-05,0.0001,5.22335e-16,999999,4.067705e-01,3,Thailand Exclusive Economic Zone,,,SVDNB_npp_d20250902_t1858434_e1900076_b71766_c20250902202635057000_oeac_ops.h5,GDNBO_npp_d20250902_t1858434_e1900076_b71766_c20250902202419882000_oeac_ops.h5,SVI04_npp_d20250902_t1858434_e1900076_b71766_c20250902202643623000_oeac_ops.dspace_rad,,eez_v11.shp,WPP_BFAR_merge.shp,vbd_mpa_r20170830.shp,VNF-VBD_npp_20120301-20151231_global_asia-enhanced_c201607211230.bitmask,vbd_landsea_r20220824.mask,timezone.shp,VBD_platforms-recurring_2015_r20170330.shp,999999,VBD_bridges_c20160811.shp,14.122167;12.311656;9.816022;4.968679;7.298583;9.219633,85.094513;99.171051;112.915886;111.630913;98.030373;84.189926,npp_d20250902_t1858434_e1900076_b71766;npp_d20250902_t1900088_e1901330_b71766;npp_d20250902_t1901342_e1902584_b71766;npp_d20250902_t1902596_e1904238_b71766,149.801,54.7532,7.0142,-78.3982,92.6375,-118.226
224,VBD_npp_d20250902_t1859175_x0995232E_y100948N_l0320_s2155_v23,2025-09-02 21:06:36,10.094771,99.523178,1.41047,2025-09-02 18:59:17,2025-09-03 01:59:17,320,2155,0.186179,2,2337,0.0812486,0.055,0.550109,0.4,0.606479,0.75,6.58069e-05,0.0001,6.28566e-16,999999,2.629456e-01,3,Thailand Exclusive Economic Zone,,,SVDNB_npp_d20250902_t1858434_e1900076_b71766_c20250902202635057000_oeac_ops.h5,GDNBO_npp_d20250902_t1858434_e1900076_b71766_c20250902202419882000_oeac_ops.h5,SVI04_npp_d20250902_t1858434_e1900076_b71766_c20250902202643623000_oeac_ops.dspace_rad,,eez_v11.shp,WPP_BFAR_merge.shp,vbd_mpa_r20170830.shp,VNF-VBD_npp_20120301-20151231_global_asia-enhanced_c201607211230.bitmask,vbd_landsea_r20220824.mask,timezone.shp,VBD_platforms-recurring_2015_r20170330.shp,999999,VBD_bridges_c20160811.shp,14.122167;12.311656;9.816022;4.968679;7.298583;9.219633,85.094513;99.171051;112.915886;111.630913;98.030373;84.189926,npp_d20250902_t1858434_e1900076_b71766;npp_d20250902_t1900088_e1901330_b71766;npp_d20250902_t1901342_e1902584_b71766;npp_d20250902_t1902596_e1904238_b71766,149.888,54.9051,7.02447,-76.9969,92.5613,-118.232
225,VBD_npp_d20250902_t1859246_x0994418E_y097698N_l0370_s2155_v23,2025-09-02 21:06:36,9.769833,99.441833,3.396,2025-09-02 18:59:24,2025-09-03 01:59:24,370,2155,0.263783,1,2401,0.24706,0.055,0.744074,0.4,0.819711,0.75,7.47243e-05,0.0001,4.91906e-16,999999,4.969193e-02,3,Thailand Exclusive Economic Zone,,,SVDNB_npp_d20250902_t1858434_e1900076_b71766_c20250902202635057000_oeac_ops.h5,GDNBO_npp_d20250902_t1858434_e1900076_b71766_c20250902202419882000_oeac_ops.h5,SVI04_npp_d20250902_t1858434_e1900076_b71766_c20250902202643623000_oeac_ops.dspace_rad,,eez_v11.shp,WPP_BFAR_merge.shp,vbd_mpa_r20170830.shp,VNF-VBD_npp_20120301-20151231_global_asia-enhanced_c201607211230.bitmask,vbd_landsea_r20220824.mask,timezone.shp,VBD_platforms-recurring_2015_r20170330.shp,999999,VBD_bridges_c20160811.shp,14.122167;12.311656;9.816022;4.968679;7.298583;9.219633,85.094513;99.171051;112.915886;111.630913;98.030373;84.189926,npp_d20250902_t1858434_e1900076_b71766;npp_d20250902_t1900088_e1901330_b71766;npp_d20250902_t1901342_e1902584_b71766;npp_d20250902_t1902596_e1904238_b71766,150.116,55.3075,7.01943,-83.6385,92.3618,-118.248
226,VBD_npp_d20250902_t1859246_x0994299E_y096966N_l0381_s2155_v23,2025-09-02 21:06:36,9.696564,99.429893,1.71833,2025-09-02 18:59:24,2025-09-03 01:59:24,381,2155,0.281922,1,2401,0.121535,0.055,0.671246,0.4,0.789236,0.75,7.66862e-05,0.0001,7.50652e-16,999999,-1.733681e-01,3,Thailand Exclusive Economic Zone,,,SVDNB_npp_d20250902_t1858434_e1900076_b71766_c20250902202635057000_oeac_ops.h5,GDNBO_npp_d20250902_t1858434_e1900076_b71766_c20250902202419882000_oeac_ops.h5,SVI04_npp_d20250902_t1858434_e1900076_b71766_c20250902202643623000_oeac_ops.dspace_rad,,eez_v11.shp,WPP_BFAR_merge.shp,vbd_mpa_r20170830.shp,VNF-VBD_npp_20120301-20151231_global_asia-enhanced_c201607211230.bitmask,vbd_landsea_r20220824.mask,timezone.shp,VBD_platforms-recurring_2015_r20170330.shp,999999,VBD_bridges_c20160811.shp,14.122167;12.311656;9.816022;4.968679;7.298583;9.219633,85.094513;99.171051;112.915886;111.630913;98.030373;84.189926,npp_d20250902_t1858434_e1900076_b71766;npp_d20250902_t1900088_e1901330_b71766;npp_d20250902_t1901342_e1902584_b71766;npp_d20250902_t1902596_e1904238_b71766,150.167,55.3988,7.01712,-78.4268,92.3168,-118.252
227,VBD_npp_d20250902_t1858544_x0998609E_y115451N_l0098_s2156_v23,2025-09-02 21:06:36,11.545093,99.860893,2.86714,2025-09-02 18:58:54,2025-09-03 01:58:54,98,2156,0.330148,1,2401,0.220287,0.055,0.791163,0.4,0.804189,0.75,2.10912e-05,0.0001,1.28412e-16,999999,-2.942121e-01,3,Thailand Exclusive Economic Zone,,,SVDNB_npp_d20250902_t1858434_e1900076_b71766_c20250902202635057000_oeac_ops.h5,GDNBO_npp_d20250902_t1858434_e1900076_b71766_c20250902202419882000_oeac_ops.h5,SVI04_npp_d20250902_t1858434_e1900076_b71766_c20250902202643623000_oeac_ops.dspace_rad,,eez_v11.shp,WPP_BFAR_merge.shp,vbd_mpa_r20170830.shp,VNF-VBD_npp_20120301-20151231_global_asia-enhanced_c201607211230.bitmask,vbd_landsea_r20220824.mask,timezone.shp,VBD_platforms-recurring_2015_r20170330.shp,999999,VBD_bridges_c20160811.shp,14.122167;12.311656;9.816022;4.968679;7.298583;9.219633,85.094513;99.171051;112.915886;111.630913;98.030373;84.189926,npp_d20250902_t1858434_e1900076_b71766;npp_d20250902_t1900088_e1901330_b71766;npp_d20250902_t1901342_e1902584_b71766;npp_d20250902_t1902596_e1904238_b71766,148.845,53.2025,7.07161,-83.5306,93.4577,-118.144
228,VBD_npp_d20250902_t1859157_x0995551E_y102046N_l0303_s2156_v23,2025-09-02 21:06:36,10.204646,99.555107,1.40578,2025-09-02 18:59:15,2025-09-03 01:59:15,303,2156,0.203322,2,2337,0.0744036,0.055,0.580065,0.4,0.39476,0.75,6.23276e-05,0.0001,5.27822e-16,999999,4.186104e-02,3,Thailand Exclusive Economic Zone,,,SVDNB_npp_d20250902_t1858434_e1900076_b71766_c20250902202635057000_oeac_ops.h5,GDNBO_npp_d20250902_t1858434_e1900076_b71766_c20250902202419882000_oeac_ops.h5,SVI04_npp_d20250902_t1858434_e1900076_b71766_c20250902202643623000_oeac_ops.dspace_rad,,eez_v11.shp,WPP_BFAR_merge.shp,vbd_mpa_r20170830.shp,VNF-VBD_npp_20120301-20151231_global_asia-enhanced_c201607211230.bitmask,vbd_landsea_r20220824.mask,timezone.shp,VBD_platforms-recurring_2015_r20170330.shp,999999,VBD_bridges_c20160811.shp,14.122167;12.311656;9.816022;4.968679;7.298583;9.219633,85.094513;99.171051;112.915886;111.630913;98.030373;84.189926,npp_d20250902_t1858434_e1900076_b71766;npp_d20250902_t1900088_e1901330_b71766;npp_d20250902_t1901342_e1902584_b71766;npp_d20250902_t1902596_e1904238_b71766,149.805,54.7787,7.07792,-77.4777,92.6347,-118.226
229,VBD_npp_d20250902_t1858544_x0998589E_y114907N_l0106_s2157_v23,2025-09-02 21:06:36,11.490735,99.858864,4.46078,2025-09-02 18:58:54,2025-09-03 01:58:54,106,2157,0.361446,1,2401,0.326247,0.055,0.826188,0.4,0.895615,0.75,2.21383e-05,0.0001,1.65501e-16,999999,-1.471305e-01,3,Thailand Exclusive Economic Zone,,,SVDNB_npp_d20250902_t1858434_e1900076_b71766_c20250902202635057000_oeac_ops.h5,GDNBO_npp_d20250902_t1858434_e1900076_b71766_c20250902202419882000_oeac_ops.h5,SVI04_npp_d20250902_t1858434_e1900076_b71766_c20250902202643623000_oeac_ops.dspace_rad,,eez_v11.shp,WPP_BFAR_merge.shp,vbd_mpa_r20170830.shp,VNF-VBD_npp_20120301-20151231_global_asia-enhanced_c201607211230.bitmask,vbd_landsea_r20220824.mask,timezone.shp,VBD_platforms-recurring_2015_r20170330.shp,999999,VBD_bridges_c20160811.shp,14.122167;12.311656;9.816022;4.968679;7.298583;9.219633,85.094513;99.171051;112.915886;111.630913;98.030373;84.189926,npp_d20250902_t1858434_e1900076_b71766;npp_d20250902_t1900088_e1901330_b71766;npp_d20250902_t1901342_e1902584_b71766;npp_d20250902_t1902596_e1904238_b71766,148.879,53.2722,7.12234,-79.7758,93.4303,-118.147
230,VBD_npp_d20250902_t1859104_x0996487E_y106038N_l0242_s2157_v23,2025-09-02 21:06:36,10.603818,99.648651,3.60657,2025-09-02 18:59:10,2025-09-03 01:59:10,242,2157,0.360166,1,2401,0.278764,0.055,0.816125,0.4,0.871866,0.75,4.75927e-05,0.0001,2.38266e-16,999999,-2.919799e-02,3,Thailand Exclusive Economic Zone,,,SVDNB_npp_d20250902_t1858434_e1900076_b71766_c20250902202635057000_oeac_ops.h5,GDNBO_npp_d20250902_t1858434_e1900076_b71766_c20250902202419882000_oeac_ops.h5,SVI04_npp_d20250902_t1858434_e1900076_b71766_c20250902202643623000_oeac_ops.dspace_rad,,eez_v11.shp,WPP_BFAR_merge.shp,vbd_mpa_r20170830.shp,VNF-VBD_npp_20120301-20151231_global_asia-enhanced_c201607211230.bitmask,vbd_landsea_r20220824.mask,timezone.shp,VBD_platforms-recurring_2015_r20170330.shp,999999,VBD_bridges_c20160811.shp,14.122167;12.311656;9.816022;4.968679;7.298583;9.219633,85.094513;99.171051;112.915886;111.630913;98.030373;84.189926,npp_d20250902_t1858434_e1900076_b71766;npp_d20250902_t1900088_e1901330_b71766;npp_d20250902_t1901342_e1902584_b71766;npp_d20250902_t1902596_e1904238_b71766,149.517,54.3056,7.13069,-83.5632,92.8857,-118.202
231,VBD_npp_d20250902_t1859175_x0995520E_y101859N_l0306_s2157_v23,2025-09-02 21:06:36,10.185852,99.551964,1.42511,2025-09-02 18:59:17,2025-09-03 01:59:17,306,2157,0.215201,2,2337,0.0838401,0.055,0.580065,0.4,0.591002,0.75,6.24097e-05,0.0001,3.20882e-16,999999,-1.665708e-01,3,Thailand Exclusive Economic Zone,,,SVDNB_npp_d20250902_t1858434_e1900076_b71766_c20250902202635057000_oeac_ops.h5,GDNBO_npp_d20250902_t1858434_e1900076_b71766_c20250902202419882000_oeac_ops.h5,SVI04_npp_d20250902_t1858434_e1900076_b71766_c20250902202643623000_oeac_ops.dspace_rad,,eez_v11.shp,WPP_BFAR_merge.shp,vbd_mpa_r20170830.shp,VNF-VBD_npp_20120301-20151231_global_asia-enhanced_c201607211230.bitmask,vbd_landsea_r20220824.mask,timezone.shp,VBD_platforms-recurring_2015_r20170330.shp,999999,VBD_bridges_c20160811.shp,14.122167;12.311656;9.816022;4.968679;7.298583;9.219633,85.094513;99.171051;112.915886;111.630913;98.030373;84.189926,npp_d20250902_t1858434_e1900076_b71766;npp_d20250902_t1900088_e1901330_b71766;npp_d20250902_t1901342_e1902584_b71766;npp_d20250902_t1902596_e1904238_b71766,149.813,54.8101,7.13336,-83.5852,92.6293,-118.225
232,VBD_npp_d20250902_t1859264_x0994220E_y096097N_l0394_s2157_v23,2025-09-02 21:06:36,9.609714,99.422012,3.09637,2025-09-02 18:59:26,2025-09-03 01:59:26,394,2157,0.313006,1,2401,0.232136,0.055,0.728511,0.4,0.834436,0.75,8.0413e-05,0.0001,6.367e-16,999999,4.535698e-02,3,Thailand Exclusive Economic Zone,,,SVDNB_npp_d20250902_t1858434_e1900076_b71766_c20250902202635057000_oeac_ops.h5,GDNBO_npp_d20250902_t1858434_e1900076_b71766_c20250902202419882000_oeac_ops.h5,SVI04_npp_d20250902_t1858434_e1900076_b71766_c20250902202643623000_oeac_ops.dspace_rad,,eez_v11.shp,WPP_BFAR_merge.shp,vbd_mpa_r20170830.shp,VNF-VBD_npp_20120301-20151231_global_asia-enhanced_c201607211230.bitmask,vbd_landsea_r20220824.mask,timezone.shp,VBD_platforms-recurring_2015_r20170330.shp,999999,VBD_bridges_c20160811.shp,14.122167;12.311656;9.816022;4.968679;7.298583;9.219633,85.094513;99.171051;112.915886;111.630913;98.030373;84.189926,npp_d20250902_t1858434_e1900076_b71766;npp_d20250902_t1900088_e1901330_b71766;npp_d20250902_t1901342_e1902584_b71766;npp_d20250902_t1902596_e1904238_b71766,150.217,55.5232,7.12399,-79.851,92.2751,-118.254
233,VBD_npp_d20250902_t1858490_x0999426E_y118232N_l0055_s2158_v23,2025-09-02 21:06:36,11.823158,99.942589,1.96561,2025-09-02 18:58:49,2025-09-03 01:58:49,55,2158,0.14663,8,18721,0.0633637,0.055,0.509375,0.4,0.367556,0.75,1.69784e-05,0.0001,1.08368e-16,999999,-4.715253e-01,3,Thailand Exclusive Economic Zone,,,SVDNB_npp_d20250902_t1858434_e1900076_b71766_c20250902202635057000_oeac_ops.h5,GDNBO_npp_d20250902_t1858434_e1900076_b71766_c20250902202419882000_oeac_ops.h5,SVI04_npp_d20250902_t1858434_e1900076_b71766_c20250902202643623000_oeac_ops.dspace_rad,,eez_v11.shp,WPP_BFAR_merge.shp,vbd_mpa_r20170830.shp,VNF-VBD_npp_20120301-20151231_global_asia-enhanced_c201607211230.bitmask,vbd_landsea_r20220824.mask,timezone.shp,VBD_platforms-recurring_2015_r20170330.shp,0.590472,VBD_bridges_c20160811.shp,14.122167;12.311656;9.816022;4.968679;7.298583;9.219633,85.094513;99.171051;112.915886;111.630913;98.030373;84.189926,npp_d20250902_t1858434_e1900076_b71766;npp_d20250902_t1900088_e1901330_b71766;npp_d20250902_t1901342_e1902584_b71766;npp_d20250902_t1902596_e1904238_b71766,148.631,52.9061,7.18151,-81.1674,93.6406,-118.122
234,VBD_npp_d20250902_t1859104_x0996522E_y105827N_l0245_s2158_v23,2025-09-02 21:06:36,10.582749,99.652161,1.14717,2025-09-02 18:59:10,2025-09-03 01:59:10,245,2158,0.373681,2,2337,0.0792053,0.055,0.809448,0.4,0.6988,0.75,4.79862e-05,0.0001,2.51118e-16,999999,-4.274664e-01,3,Thailand Exclusive Economic Zone,,,SVDNB_npp_d20250902_t1858434_e1900076_b71766_c20250902202635057000_oeac_ops.h5,GDNBO_npp_d20250902_t1858434_e1900076_b71766_c20250902202419882000_oeac_ops.h5,SVI04_npp_d20250902_t1858434_e1900076_b71766_c20250902202643623000_oeac_ops.dspace_rad,,eez_v11.shp,WPP_BFAR_merge.shp,vbd_mpa_r20170830.shp,VNF-VBD_npp_20120301-20151231_global_asia-enhanced_c201607211230.bitmask,vbd_landsea_r20220824.mask,timezone.shp,VBD_platforms-recurring_2015_r20170330.shp,999999,VBD_bridges_c20160811.shp,14.122167;12.311656;9.816022;4.968679;7.298583;9.219633,85.094513;99.171051;112.915886;111.630913;98.030373;84.189926,npp_d20250902_t1858434_e1900076_b71766;npp_d20250902_t1900088_e1901330_b71766;npp_d20250902_t1901342_e1902584_b71766;npp_d20250902_t1902596_e1904238_b71766,149.526,54.3387,7.1824,-82.1524,92.8788,-118.202
235,VBD_npp_d20250902_t1859264_x0994331E_y096353N_l0390_s2158_v23,2025-09-02 21:06:36,9.635280,99.433113,2.43422,2025-09-02 18:59:26,2025-09-03 01:59:26,390,2158,0.31201,1,2401,0.186832,0.055,0.684413,0.4,0.777837,0.75,7.80789e-05,0.0001,5.11765e-16,999999,2.433177e-02,3,Thailand Exclusive Economic Zone,,,SVDNB_npp_d20250902_t1858434_e1900076_b71766_c20250902202635057000_oeac_ops.h5,GDNBO_npp_d20250902_t1858434_e1900076_b71766_c20250902202419882000_oeac_ops.h5,SVI04_npp_d20250902_t1858434_e1900076_b71766_c20250902202643623000_oeac_ops.dspace_rad,,eez_v11.shp,WPP_BFAR_merge.shp,vbd_mpa_r20170830.shp,VNF-VBD_npp_20120301-20151231_global_asia-enhanced_c201607211230.bitmask,vbd_landsea_r20220824.mask,timezone.shp,VBD_platforms-recurring_2015_r20170330.shp,999999,VBD_bridges_c20160811.shp,14.122167;12.311656;9.816022;4.968679;7.298583;9.219633,85.094513;99.171051;112.915886;111.630913;98.030373;84.189926,npp_d20250902_t1858434_e1900076_b71766;npp_d20250902_t1900088_e1901330_b71766;npp_d20250902_t1901342_e1902584_b71766;npp_d20250902_t1902596_e1904238_b71766,150.194,55.499,7.18182,-81.7092,92.2968,-118.252
236,VBD_npp_d20250902_t1858490_x0999439E_y117888N_l0060_s2159_v23,2025-09-02 21:06:36,11.788761,99.943878,2.94694,2025-09-02 18:58:49,2025-09-03 01:58:49,60,2159,0.264566,2,2337,0.174358,0.055,0.581999,0.4,0.654286,0.75,1.72784e-05,0.0001,1.23592e-16,999999,-1.019023e-02,3,Thailand Exclusive Economic Zone,,,SVDNB_npp_d20250902_t1858434_e1900076_b71766_c20250902202635057000_oeac_ops.h5,GDNBO_npp_d20250902_t1858434_e1900076_b71766_c20250902202419882000_oeac_ops.h5,SVI04_npp_d20250902_t1858434_e1900076_b71766_c20250902202643623000_oeac_ops.dspace_rad,,eez_v11.shp,WPP_BFAR_merge.shp,vbd_mpa_r20170830.shp,VNF-VBD_npp_20120301-20151231_global_asia-enhanced_c201607211230.bitmask,vbd_landsea_r20220824.mask,timezone.shp,VBD_platforms-recurring_2015_r20170330.shp,999999,VBD_bridges_c20160811.shp,14.122167;12.311656;9.816022;4.968679;7.298583;9.219633,85.094513;99.171051;112.915886;111.630913;98.030373;84.189926,npp_d20250902_t1858434_e1900076_b71766;npp_d20250902_t1900088_e1901330_b71766;npp_d20250902_t1901342_e1902584_b71766;npp_d20250902_t1902596_e1904238_b71766,148.651,52.9526,7.24309,-78.8693,93.6256,-118.123
237,VBD_npp_d20250902_t1858526_x0998964E_y115864N_l0091_s2159_v23,2025-09-02 21:06:36,11.586380,99.896362,2.35155,2025-09-02 18:58:52,2025-09-03 01:58:52,91,2159,0.403271,1,2401,0.185137,0.055,0.766995,0.4,0.77995,0.75,1.99443e-05,0.0001,1.38268e-16,999999,-1.397419e-01,3,Thailand Exclusive Economic Zone,,,SVDNB_npp_d20250902_t1858434_e1900076_b71766_c20250902202635057000_oeac_ops.h5,GDNBO_npp_d20250902_t1858434_e1900076_b71766_c20250902202419882000_oeac_ops.h5,SVI04_npp_d20250902_t1858434_e1900076_b71766_c20250902202643623000_oeac_ops.dspace_rad,,eez_v11.shp,WPP_BFAR_merge.shp,vbd_mpa_r20170830.shp,VNF-VBD_npp_20120301-20151231_global_asia-enhanced_c201607211230.bitmask,vbd_landsea_r20220824.mask,timezone.shp,VBD_platforms-recurring_2015_r20170330.shp,999999,VBD_bridges_c20160811.shp,14.122167;12.311656;9.816022;4.968679;7.298583;9.219633,85.094513;99.171051;112.915886;111.630913;98.030373;84.189926,npp_d20250902_t1858434_e1900076_b71766;npp_d20250902_t1900088_e1901330_b71766;npp_d20250902_t1901342_e1902584_b71766;npp_d20250902_t1902596_e1904238_b71766,148.798,53.1807,7.24389,-79.3351,93.5016,-118.138
238,VBD_npp_d20250902_t1859086_x0996726E_y106193N_l0239_s2159_v23,2025-09-02 21:06:36,10.619258,99.672607,3.63113,2025-09-02 18:59:08,2025-09-03 01:59:08,239,2159,0.360806,1,2401,0.274884,0.055,0.840763,0.4,0.860083,0.75,4.61371e-05,0.0001,3.21048e-16,999999,1.740061e-01,3,Thailand Exclusive Economic Zone,,,SVDNB_npp_d20250902_t1858434_e1900076_b71766_c20250902202635057000_oeac_ops.h5,GDNBO_npp_d20250902_t1858434_e1900076_b71766_c20250902202419882000_oeac_ops.h5,SVI04_npp_d20250902_t1858434_e1900076_b71766_c20250902202643623000_oeac_ops.dspace_rad,,eez_v11.shp,WPP_BFAR_merge.shp,vbd_mpa_r20170830.shp,VNF-VBD_npp_20120301-20151231_global_asia-enhanced_c201607211230.bitmask,vbd_landsea_r20220824.mask,timezone.shp,VBD_platforms-recurring_2015_r20170330.shp,999999,VBD_bridges_c20160811.shp,14.122167;12.311656;9.816022;4.968679;7.298583;9.219633,85.094513;99.171051;112.915886;111.630913;98.030373;84.189926,npp_d20250902_t1858434_e1900076_b71766;npp_d20250902_t1900088_e1901330_b71766;npp_d20250902_t1901342_e1902584_b71766;npp_d20250902_t1902596_e1904238_b71766,149.495,54.3034,7.25257,-77.5336,92.9076,-118.199
239,VBD_npp_d20250902_t1859246_x0994591E_y097055N_l0379_s2159_v23,2025-09-02 21:06:36,9.705539,99.459129,2.32054,2025-09-02 18:59:24,2025-09-03 01:59:24,379,2159,0.28057,1,2401,0.175811,0.055,0.637479,0.4,0.786998,0.75,7.42611e-05,0.0001,5.36156e-16,999999,-1.268911e-01,3,Thailand Exclusive Economic Zone,,,SVDNB_npp_d20250902_t1858434_e1900076_b71766_c20250902202635057000_oeac_ops.h5,GDNBO_npp_d20250902_t1858434_e1900076_b71766_c20250902202419882000_oeac_ops.h5,SVI04_npp_d20250902_t1858434_e1900076_b71766_c20250902202643623000_oeac_ops.dspace_rad,,eez_v11.shp,WPP_BFAR_merge.shp,vbd_mpa_r20170830.shp,VNF-VBD_npp_20120301-20151231_global_asia-enhanced_c201607211230.bitmask,vbd_landsea_r20220824.mask,timezone.shp,VBD_platforms-recurring_2015_r20170330.shp,999999,VBD_bridges_c20160811.shp,14.122167;12.311656;9.816022;4.968679;7.298583;9.219633,85.094513;99.171051;112.915886;111.630913;98.030373;84.189926,npp_d20250902_t1858434_e1900076_b71766;npp_d20250902_t1900088_e1901330_b71766;npp_d20250902_t1901342_e1902584_b71766;npp_d20250902_t1902596_e1904238_b71766,150.139,55.4194,7.24515,-79.4197,92.3464,-118.247
240,VBD_npp_d20250902_t1858526_x0999010E_y115720N_l0093_s2160_v23,2025-09-02 21:06:36,11.571959,99.900970,2.1546,2025-09-02 18:58:52,2025-09-03 01:58:52,93,2160,0.355044,1,2401,0.153388,0.055,0.766995,0.4,0.759798,0.75,1.99595e-05,0.0001,1.39726e-16,999999,1.167805e-01,3,Thailand Exclusive Economic Zone,,,SVDNB_npp_d20250902_t1858434_e1900076_b71766_c20250902202635057000_oeac_ops.h5,GDNBO_npp_d20250902_t1858434_e1900076_b71766_c20250902202419882000_oeac_ops.h5,SVI04_npp_d20250902_t1858434_e1900076_b71766_c20250902202643623000_oeac_ops.dspace_rad,,eez_v11.shp,WPP_BFAR_merge.shp,vbd_mpa_r20170830.shp,VNF-VBD_npp_20120301-20151231_global_asia-enhanced_c201607211230.bitmask,vbd_landsea_r20220824.mask,timezone.shp,VBD_platforms-recurring_2015_r20170330.shp,999999,VBD_bridges_c20160811.shp,14.122167;12.311656;9.816022;4.968679;7.298583;9.219633,85.094513;99.171051;112.915886;111.630913;98.030373;84.189926,npp_d20250902_t1858434_e1900076_b71766;npp_d20250902_t1900088_e1901330_b71766;npp_d20250902_t1901342_e1902584_b71766;npp_d20250902_t1902596_e1904238_b71766,148.803,53.2051,7.30559,-78.4357,93.4988,-118.137
241,VBD_npp_d20250902_t1858544_x0998749E_y114608N_l0110_s2160_v23,2025-09-02 21:06:36,11.460800,99.874886,2.18186,2025-09-02 18:58:54,2025-09-03 01:58:54,110,2160,0.385702,1,2401,0.162387,0.055,0.803337,0.4,0.770195,0.75,2.22171e-05,0.0001,1.5788e-16,999999,-1.908809e-01,3,Thailand Exclusive Economic Zone,,,SVDNB_npp_d20250902_t1858434_e1900076_b71766_c20250902202635057000_oeac_ops.h5,GDNBO_npp_d20250902_t1858434_e1900076_b71766_c20250902202419882000_oeac_ops.h5,SVI04_npp_d20250902_t1858434_e1900076_b71766_c20250902202643623000_oeac_ops.dspace_rad,,eez_v11.shp,WPP_BFAR_merge.shp,vbd_mpa_r20170830.shp,VNF-VBD_npp_20120301-20151231_global_asia-enhanced_c201607211230.bitmask,vbd_landsea_r20220824.mask,timezone.shp,VBD_platforms-recurring_2015_r20170330.shp,999999,VBD_bridges_c20160811.shp,14.122167;12.311656;9.816022;4.968679;7.298583;9.219633,85.094513;99.171051;112.915886;111.630913;98.030373;84.189926,npp_d20250902_t1858434_e1900076_b71766;npp_d20250902_t1900088_e1901330_b71766;npp_d20250902_t1901342_e1902584_b71766;npp_d20250902_t1902596_e1904238_b71766,148.884,53.3307,7.30385,-77.9765,93.43,-118.145
242,VBD_npp_d20250902_t1858579_x0998371E_y113184N_l0132_s2160_v23,2025-09-02 21:06:36,11.318378,99.837128,17.3102,2025-09-02 18:58:57,2025-09-03 01:58:57,132,2160,0.409459,1,2401,0.759399,0.055,0.884452,0.4,0.968417,0.75,2.54603e-05,0.0001,1.23658e-16,999999,4.688825e-02,3,Thailand Exclusive Economic Zone,,,SVDNB_npp_d20250902_t1858434_e1900076_b71766_c20250902202635057000_oeac_ops.h5,GDNBO_npp_d20250902_t1858434_e1900076_b71766_c20250902202419882000_oeac_ops.h5,SVI04_npp_d20250902_t1858434_e1900076_b71766_c20250902202643623000_oeac_ops.dspace_rad,,eez_v11.shp,WPP_BFAR_merge.shp,vbd_mpa_r20170830.shp,VNF-VBD_npp_20120301-20151231_global_asia-enhanced_c201607211230.bitmask,vbd_landsea_r20220824.mask,timezone.shp,VBD_platforms-recurring_2015_r20170330.shp,999999,VBD_bridges_c20160811.shp,14.122167;12.311656;9.816022;4.968679;7.298583;9.219633,85.094513;99.171051;112.915886;111.630913;98.030373;84.189926,npp_d20250902_t1858434_e1900076_b71766;npp_d20250902_t1900088_e1901330_b71766;npp_d20250902_t1901342_e1902584_b71766;npp_d20250902_t1902596_e1904238_b71766,148.987,53.4938,7.29944,-82.5348,93.3426,-118.155
243,VBD_npp_d20250902_t1859104_x0996690E_y106006N_l0242_s2160_v23,2025-09-02 21:06:36,10.600565,99.669006,3.17614,2025-09-02 18:59:10,2025-09-03 01:59:10,242,2160,0.363367,1,2401,0.245627,0.055,0.840763,0.4,0.850554,0.75,4.65255e-05,0.0001,1.94851e-16,999999,-2.345776e-02,3,Thailand Exclusive Economic Zone,,,SVDNB_npp_d20250902_t1858434_e1900076_b71766_c20250902202635057000_oeac_ops.h5,GDNBO_npp_d20250902_t1858434_e1900076_b71766_c20250902202419882000_oeac_ops.h5,SVI04_npp_d20250902_t1858434_e1900076_b71766_c20250902202643623000_oeac_ops.dspace_rad,,eez_v11.shp,WPP_BFAR_merge.shp,vbd_mpa_r20170830.shp,VNF-VBD_npp_20120301-20151231_global_asia-enhanced_c201607211230.bitmask,vbd_landsea_r20220824.mask,timezone.shp,VBD_platforms-recurring_2015_r20170330.shp,999999,VBD_bridges_c20160811.shp,14.122167;12.311656;9.816022;4.968679;7.298583;9.219633,85.094513;99.171051;112.915886;111.630913;98.030373;84.189926,npp_d20250902_t1858434_e1900076_b71766;npp_d20250902_t1900088_e1901330_b71766;npp_d20250902_t1901342_e1902584_b71766;npp_d20250902_t1902596_e1904238_b71766,149.502,54.3337,7.30448,-83.4966,92.9018,-118.199
244,VBD_npp_d20250902_t1859104_x0996627E_y105195N_l0254_s2161_v23,2025-09-02 21:06:36,10.519516,99.662682,5.20318,2025-09-02 18:59:10,2025-09-03 01:59:10,254,2161,0.349211,8,18785,0.366755,0.055,0.81148,0.4,0.904899,0.75,4.91062e-05,0.0001,2.91764e-16,999999,1.495907e-01,3,Thailand Exclusive Economic Zone,,,SVDNB_npp_d20250902_t1858434_e1900076_b71766_c20250902202635057000_oeac_ops.h5,GDNBO_npp_d20250902_t1858434_e1900076_b71766_c20250902202419882000_oeac_ops.h5,SVI04_npp_d20250902_t1858434_e1900076_b71766_c20250902202643623000_oeac_ops.dspace_rad,,eez_v11.shp,WPP_BFAR_merge.shp,vbd_mpa_r20170830.shp,VNF-VBD_npp_20120301-20151231_global_asia-enhanced_c201607211230.bitmask,vbd_landsea_r20220824.mask,timezone.shp,VBD_platforms-recurring_2015_r20170330.shp,0.317487,VBD_bridges_c20160811.shp,14.122167;12.311656;9.816022;4.968679;7.298583;9.219633,85.094513;99.171051;112.915886;111.630913;98.030373;84.189926,npp_d20250902_t1858434_e1900076_b71766;npp_d20250902_t1900088_e1901330_b71766;npp_d20250902_t1901342_e1902584_b71766;npp_d20250902_t1902596_e1904238_b71766,149.555,54.4383,7.36263,-78.0537,92.8581,-118.203
245,VBD_npp_d20250902_t1859228_x0994911E_y097744N_l0368_s2161_v23,2025-09-02 21:06:36,9.774423,99.491074,1.85632,2025-09-02 18:59:22,2025-09-03 01:59:22,368,2161,0.293303,2,2337,0.131056,0.055,0.713552,0.4,0.736973,0.75,7.13256e-05,0.0001,5.29838e-16,999999,1.673373e-01,3,Thailand Exclusive Economic Zone,,,SVDNB_npp_d20250902_t1858434_e1900076_b71766_c20250902202635057000_oeac_ops.h5,GDNBO_npp_d20250902_t1858434_e1900076_b71766_c20250902202419882000_oeac_ops.h5,SVI04_npp_d20250902_t1858434_e1900076_b71766_c20250902202643623000_oeac_ops.dspace_rad,,eez_v11.shp,WPP_BFAR_merge.shp,vbd_mpa_r20170830.shp,VNF-VBD_npp_20120301-20151231_global_asia-enhanced_c201607211230.bitmask,vbd_landsea_r20220824.mask,timezone.shp,VBD_platforms-recurring_2015_r20170330.shp,999999,VBD_bridges_c20160811.shp,14.122167;12.311656;9.816022;4.968679;7.298583;9.219633,85.094513;99.171051;112.915886;111.630913;98.030373;84.189926,npp_d20250902_t1858434_e1900076_b71766;npp_d20250902_t1900088_e1901330_b71766;npp_d20250902_t1901342_e1902584_b71766;npp_d20250902_t1902596_e1904238_b71766,150.08,55.3488,7.37111,-77.1671,92.4006,-118.242
246,VBD_npp_d20250902_t1858544_x0998984E_y115186N_l0101_s2162_v23,2025-09-02 21:06:36,11.518567,99.898422,5.69042,2025-09-02 18:58:54,2025-09-03 01:58:54,101,2162,0.349923,1,2401,0.388844,0.055,0.860181,0.4,0.911055,0.75,2.05617e-05,0.0001,9.60752e-17,999999,2.734028e-02,3,Thailand Exclusive Economic Zone,,,SVDNB_npp_d20250902_t1858434_e1900076_b71766_c20250902202635057000_oeac_ops.h5,GDNBO_npp_d20250902_t1858434_e1900076_b71766_c20250902202419882000_oeac_ops.h5,SVI04_npp_d20250902_t1858434_e1900076_b71766_c20250902202643623000_oeac_ops.dspace_rad,,eez_v11.shp,WPP_BFAR_merge.shp,vbd_mpa_r20170830.shp,VNF-VBD_npp_20120301-20151231_global_asia-enhanced_c201607211230.bitmask,vbd_landsea_r20220824.mask,timezone.shp,VBD_platforms-recurring_2015_r20170330.shp,999999,VBD_bridges_c20160811.shp,14.122167;12.311656;9.816022;4.968679;7.298583;9.219633,85.094513;99.171051;112.915886;111.630913;98.030373;84.189926,npp_d20250902_t1858434_e1900076_b71766;npp_d20250902_t1900088_e1901330_b71766;npp_d20250902_t1901342_e1902584_b71766;npp_d20250902_t1902596_e1904238_b71766,148.831,53.2815,7.41336,-82.0531,93.4776,-118.139
247,VBD_npp_d20250902_t1859104_x0996872E_y105840N_l0244_s2163_v23,2025-09-02 21:06:36,10.583972,99.687241,5.07842,2025-09-02 18:59:10,2025-09-03 01:59:10,244,2163,0.381647,1,2401,0.362877,0.055,0.80996,0.4,0.909796,0.75,4.5941e-05,0.0001,1.72329e-16,999999,-6.457187e-02,3,Thailand Exclusive Economic Zone,,,SVDNB_npp_d20250902_t1858434_e1900076_b71766_c20250902202635057000_oeac_ops.h5,GDNBO_npp_d20250902_t1858434_e1900076_b71766_c20250902202419882000_oeac_ops.h5,SVI04_npp_d20250902_t1858434_e1900076_b71766_c20250902202643623000_oeac_ops.dspace_rad,,eez_v11.shp,WPP_BFAR_merge.shp,vbd_mpa_r20170830.shp,VNF-VBD_npp_20120301-20151231_global_asia-enhanced_c201607211230.bitmask,vbd_landsea_r20220824.mask,timezone.shp,VBD_platforms-recurring_2015_r20170330.shp,999999,VBD_bridges_c20160811.shp,14.122167;12.311656;9.816022;4.968679;7.298583;9.219633,85.094513;99.171051;112.915886;111.630913;98.030373;84.189926,npp_d20250902_t1858434_e1900076_b71766;npp_d20250902_t1900088_e1901330_b71766;npp_d20250902_t1901342_e1902584_b71766;npp_d20250902_t1902596_e1904238_b71766,149.498,54.3776,7.47391,-82.5433,92.9098,-118.196
248,VBD_npp_d20250902_t1859104_x0996796E_y105373N_l0251_s2163_v23,2025-09-02 21:06:36,10.537321,99.679550,1.22794,2025-09-02 18:59:10,2025-09-03 01:59:10,251,2163,0.325738,8,18721,0.0668549,0.055,0.775601,0.4,0.672994,0.75,4.76304e-05,0.0001,2.27008e-16,999999,-8.218150e-02,3,Thailand Exclusive Economic Zone,,,SVDNB_npp_d20250902_t1858434_e1900076_b71766_c20250902202635057000_oeac_ops.h5,GDNBO_npp_d20250902_t1858434_e1900076_b71766_c20250902202419882000_oeac_ops.h5,SVI04_npp_d20250902_t1858434_e1900076_b71766_c20250902202643623000_oeac_ops.dspace_rad,,eez_v11.shp,WPP_BFAR_merge.shp,vbd_mpa_r20170830.shp,VNF-VBD_npp_20120301-20151231_global_asia-enhanced_c201607211230.bitmask,vbd_landsea_r20220824.mask,timezone.shp,VBD_platforms-recurring_2015_r20170330.shp,0.606386,VBD_bridges_c20160811.shp,14.122167;12.311656;9.816022;4.968679;7.298583;9.219633,85.094513;99.171051;112.915886;111.630913;98.030373;84.189926,npp_d20250902_t1858434_e1900076_b71766;npp_d20250902_t1900088_e1901330_b71766;npp_d20250902_t1901342_e1902584_b71766;npp_d20250902_t1902596_e1904238_b71766,149.531,54.4332,7.47245,-79.4294,92.8811,-118.199
249,VBD_npp_d20250902_t1900055_x0989283E_y072706N_l0751_s2163_v23,2025-09-02 21:06:36,7.270577,98.928276,3.3922,2025-09-02 19:00:05,2025-09-03 02:00:05,751,2163,0.3623,1,2529,0.252773,0.108972,0.845136,0.4,0.839897,0.75,0.000229729,0.0001,2.52171e-15,999999,-1.031663e-01,3,Thailand Exclusive Economic Zone,,,SVDNB_npp_d20250902_t1858434_e1900076_b71766_c20250902202635057000_oeac_ops.h5,GDNBO_npp_d20250902_t1858434_e1900076_b71766_c20250902202419882000_oeac_ops.h5,SVI04_npp_d20250902_t1858434_e1900076_b71766_c20250902202643623000_oeac_ops.dspace_rad,,eez_v11.shp,WPP_BFAR_merge.shp,vbd_mpa_r20170830.shp,VNF-VBD_npp_20120301-20151231_global_asia-enhanced_c201607211230.bitmask,vbd_landsea_r20220824.mask,timezone.shp,VBD_platforms-recurring_2015_r20170330.shp,999999,VBD_bridges_c20160811.shp,14.122167;12.311656;9.816022;4.968679;7.298583;9.219633,85.094513;99.171051;112.915886;111.630913;98.030373;84.189926,npp_d20250902_t1858434_e1900076_b71766;npp_d20250902_t1900088_e1901330_b71766;npp_d20250902_t1901342_e1902584_b71766;npp_d20250902_t1902596_e1904238_b71766,151.763,58.6975,7.47917,-77.7677,90.8738,-118.324
250,VBD_npp_d20250902_t1859246_x0995017E_y097534N_l0371_s2164_v23,2025-09-02 21:06:36,9.753433,99.501724,1.93168,2025-09-02 18:59:24,2025-09-03 01:59:24,371,2164,0.314784,2,2337,0.140511,0.055,0.641353,0.4,0.738457,0.75,7.03148e-05,0.0001,2.82702e-16,999999,-2.583501e-01,3,Thailand Exclusive Economic Zone,,,SVDNB_npp_d20250902_t1858434_e1900076_b71766_c20250902202635057000_oeac_ops.h5,GDNBO_npp_d20250902_t1858434_e1900076_b71766_c20250902202419882000_oeac_ops.h5,SVI04_npp_d20250902_t1858434_e1900076_b71766_c20250902202643623000_oeac_ops.dspace_rad,,eez_v11.shp,WPP_BFAR_merge.shp,vbd_mpa_r20170830.shp,VNF-VBD_npp_20120301-20151231_global_asia-enhanced_c201607211230.bitmask,vbd_landsea_r20220824.mask,timezone.shp,VBD_platforms-recurring_2015_r20170330.shp,999999,VBD_bridges_c20160811.shp,14.122167;12.311656;9.816022;4.968679;7.298583;9.219633,85.094513;99.171051;112.915886;111.630913;98.030373;84.189926,npp_d20250902_t1858434_e1900076_b71766;npp_d20250902_t1900088_e1901330_b71766;npp_d20250902_t1901342_e1902584_b71766;npp_d20250902_t1902596_e1904238_b71766,150.077,55.3994,7.53859,-83.0018,92.4061,-118.239
251,VBD_npp_d20250902_t1900055_x0989468E_y073429N_l0740_s2164_v23,2025-09-02 21:06:36,7.342874,98.946808,8.70617,2025-09-02 19:00:05,2025-09-03 02:00:05,740,2164,0.366141,1,2529,0.491519,0.108972,0.823365,0.4,0.91053,0.75,0.000228911,0.0001,1.58781e-15,999999,-2.078830e-03,3,Thailand Exclusive Economic Zone,,,SVDNB_npp_d20250902_t1858434_e1900076_b71766_c20250902202635057000_oeac_ops.h5,GDNBO_npp_d20250902_t1858434_e1900076_b71766_c20250902202419882000_oeac_ops.h5,SVI04_npp_d20250902_t1858434_e1900076_b71766_c20250902202643623000_oeac_ops.dspace_rad,,eez_v11.shp,WPP_BFAR_merge.shp,vbd_mpa_r20170830.shp,VNF-VBD_npp_20120301-20151231_global_asia-enhanced_c201607211230.bitmask,vbd_landsea_r20220824.mask,timezone.shp,VBD_platforms-recurring_2015_r20170330.shp,999999,VBD_bridges_c20160811.shp,14.122167;12.311656;9.816022;4.968679;7.298583;9.219633,85.094513;99.171051;112.915886;111.630913;98.030373;84.189926,npp_d20250902_t1858434_e1900076_b71766;npp_d20250902_t1900088_e1901330_b71766;npp_d20250902_t1901342_e1902584_b71766;npp_d20250902_t1902596_e1904238_b71766,151.709,58.6028,7.52949,-82.6496,90.9242,-118.322
252,VBD_npp_d20250902_t1900055_x0989393E_y072962N_l0747_s2164_v23,2025-09-02 21:06:36,7.296175,98.939323,3.89405,2025-09-02 19:00:05,2025-09-03 02:00:05,747,2164,0.385062,1,2529,0.245598,0.108972,0.846324,0.4,0.794762,0.75,0.000228911,0.0001,2.05143e-15,999999,2.709532e-02,3,Thailand Exclusive Economic Zone,,,SVDNB_npp_d20250902_t1858434_e1900076_b71766_c20250902202635057000_oeac_ops.h5,GDNBO_npp_d20250902_t1858434_e1900076_b71766_c20250902202419882000_oeac_ops.h5,SVI04_npp_d20250902_t1858434_e1900076_b71766_c20250902202643623000_oeac_ops.dspace_rad,,eez_v11.shp,WPP_BFAR_merge.shp,vbd_mpa_r20170830.shp,VNF-VBD_npp_20120301-20151231_global_asia-enhanced_c201607211230.bitmask,vbd_landsea_r20220824.mask,timezone.shp,VBD_platforms-recurring_2015_r20170330.shp,999999,VBD_bridges_c20160811.shp,14.122167;12.311656;9.816022;4.968679;7.298583;9.219633,85.094513;99.171051;112.915886;111.630913;98.030373;84.189926,npp_d20250902_t1858434_e1900076_b71766;npp_d20250902_t1900088_e1901330_b71766;npp_d20250902_t1901342_e1902584_b71766;npp_d20250902_t1902596_e1904238_b71766,151.74,58.6687,7.52812,-79.558,90.8955,-118.323
253,VBD_npp_d20250902_t1858544_x0999189E_y115153N_l0101_s2165_v23,2025-09-02 21:06:36,11.515285,99.918869,1.81303,2025-09-02 18:58:54,2025-09-03 01:58:54,101,2165,0.368986,2,2337,0.134479,0.055,0.864788,0.4,0.722746,0.75,2.00687e-05,0.0001,7.79959e-17,999999,9.395829e-02,3,Thailand Exclusive Economic Zone,,,SVDNB_npp_d20250902_t1858434_e1900076_b71766_c20250902202635057000_oeac_ops.h5,GDNBO_npp_d20250902_t1858434_e1900076_b71766_c20250902202419882000_oeac_ops.h5,SVI04_npp_d20250902_t1858434_e1900076_b71766_c20250902202643623000_oeac_ops.dspace_rad,,eez_v11.shp,WPP_BFAR_merge.shp,vbd_mpa_r20170830.shp,VNF-VBD_npp_20120301-20151231_global_asia-enhanced_c201607211230.bitmask,vbd_landsea_r20220824.mask,timezone.shp,VBD_platforms-recurring_2015_r20170330.shp,999999,VBD_bridges_c20160811.shp,14.122167;12.311656;9.816022;4.968679;7.298583;9.219633,85.094513;99.171051;112.915886;111.630913;98.030373;84.189926,npp_d20250902_t1858434_e1900076_b71766;npp_d20250902_t1900088_e1901330_b71766;npp_d20250902_t1901342_e1902584_b71766;npp_d20250902_t1902596_e1904238_b71766,148.817,53.3098,7.58737,-82.022,93.4937,-118.135
254,VBD_npp_d20250902_t1858561_x0998923E_y113976N_l0119_s2165_v23,2025-09-02 21:06:36,11.397601,99.892273,1.13821,2025-09-02 18:58:56,2025-09-03 01:58:56,119,2165,0.367777,2,2337,0.0744406,0.055,0.611855,0.4,0.644529,0.75,2.26153e-05,0.0001,9.1375e-17,999999,-2.373068e-01,3,Thailand Exclusive Economic Zone,,,SVDNB_npp_d20250902_t1858434_e1900076_b71766_c20250902202635057000_oeac_ops.h5,GDNBO_npp_d20250902_t1858434_e1900076_b71766_c20250902202419882000_oeac_ops.h5,SVI04_npp_d20250902_t1858434_e1900076_b71766_c20250902202643623000_oeac_ops.dspace_rad,,eez_v11.shp,WPP_BFAR_merge.shp,vbd_mpa_r20170830.shp,VNF-VBD_npp_20120301-20151231_global_asia-enhanced_c201607211230.bitmask,vbd_landsea_r20220824.mask,timezone.shp,VBD_platforms-recurring_2015_r20170330.shp,999999,VBD_bridges_c20160811.shp,14.122167;12.311656;9.816022;4.968679;7.298583;9.219633,85.094513;99.171051;112.915886;111.630913;98.030373;84.189926,npp_d20250902_t1858434_e1900076_b71766;npp_d20250902_t1900088_e1901330_b71766;npp_d20250902_t1901342_e1902584_b71766;npp_d20250902_t1902596_e1904238_b71766,148.903,53.4437,7.58579,-81.1588,93.4214,-118.143
255,VBD_npp_d20250902_t1900073_x0989245E_y072041N_l0761_s2165_v23,2025-09-02 21:06:36,7.204127,98.924515,4.75483,2025-09-02 19:00:07,2025-09-03 02:00:07,761,2165,0.397509,8,18913,0.322475,0.108972,0.811485,0.4,0.858705,0.75,0.000228093,0.0001,1.91615e-15,999999,8.184848e-02,3,Thailand Exclusive Economic Zone,,,SVDNB_npp_d20250902_t1858434_e1900076_b71766_c20250902202635057000_oeac_ops.h5,GDNBO_npp_d20250902_t1858434_e1900076_b71766_c20250902202419882000_oeac_ops.h5,SVI04_npp_d20250902_t1858434_e1900076_b71766_c20250902202643623000_oeac_ops.dspace_rad,,eez_v11.shp,WPP_BFAR_merge.shp,vbd_mpa_r20170830.shp,VNF-VBD_npp_20120301-20151231_global_asia-enhanced_c201607211230.bitmask,vbd_landsea_r20220824.mask,timezone.shp,VBD_platforms-recurring_2015_r20170330.shp,0.40614,VBD_bridges_c20160811.shp,14.122167;12.311656;9.816022;4.968679;7.298583;9.219633,85.094513;99.171051;112.915886;111.630913;98.030373;84.189926,npp_d20250902_t1858434_e1900076_b71766;npp_d20250902_t1900088_e1901330_b71766;npp_d20250902_t1901342_e1902584_b71766;npp_d20250902_t1902596_e1904238_b71766,151.794,58.8073,7.58602,-80.465,90.8452,-118.324
256,VBD_npp_d20250902_t1858490_x1000038E_y118544N_l0049_s2166_v23,2025-09-02 21:06:36,11.854378,100.003807,5.08092,2025-09-02 18:58:49,2025-09-03 01:58:49,49,2166,0.159434,2,2337,0.252375,0.055,0.629713,0.4,0.704571,0.75,1.54528e-05,0.0001,4.84859e-17,999999,-5.167643e-02,3,Thailand Exclusive Economic Zone,,,SVDNB_npp_d20250902_t1858434_e1900076_b71766_c20250902202635057000_oeac_ops.h5,GDNBO_npp_d20250902_t1858434_e1900076_b71766_c20250902202419882000_oeac_ops.h5,SVI04_npp_d20250902_t1858434_e1900076_b71766_c20250902202643623000_oeac_ops.dspace_rad,,eez_v11.shp,WPP_BFAR_merge.shp,vbd_mpa_r20170830.shp,VNF-VBD_npp_20120301-20151231_global_asia-enhanced_c201607211230.bitmask,vbd_landsea_r20220824.mask,timezone.shp,VBD_platforms-recurring_2015_r20170330.shp,999999,VBD_bridges_c20160811.shp,14.122167;12.311656;9.816022;4.968679;7.298583;9.219633,85.094513;99.171051;112.915886;111.630913;98.030373;84.189926,npp_d20250902_t1858434_e1900076_b71766;npp_d20250902_t1900088_e1901330_b71766;npp_d20250902_t1901342_e1902584_b71766;npp_d20250902_t1902596_e1904238_b71766,148.565,52.937,7.65604,-83.7459,93.7081,-118.11
257,VBD_npp_d20250902_t1858455_x1000455E_y119756N_l0030_s2167_v23,2025-09-02 21:06:36,11.975582,100.045479,3.49297,2025-09-02 18:58:45,2025-09-03 01:58:45,30,2167,0.149333,10,2305,0.0719519,0.055,0.279497,0.4,0.294123,0.75,1.38006e-05,0.0001,6.52582e-17,999999,-1.595364e-01,3,Thailand Exclusive Economic Zone,,,SVDNB_npp_d20250902_t1858434_e1900076_b71766_c20250902202635057000_oeac_ops.h5,GDNBO_npp_d20250902_t1858434_e1900076_b71766_c20250902202419882000_oeac_ops.h5,SVI04_npp_d20250902_t1858434_e1900076_b71766_c20250902202643623000_oeac_ops.dspace_rad,,eez_v11.shp,WPP_BFAR_merge.shp,vbd_mpa_r20170830.shp,VNF-VBD_npp_20120301-20151231_global_asia-enhanced_c201607211230.bitmask,vbd_landsea_r20220824.mask,timezone.shp,VBD_platforms-recurring_2015_r20170330.shp,999999,VBD_bridges_c20160811.shp,14.122167;12.311656;9.816022;4.968679;7.298583;9.219633,85.094513;99.171051;112.915886;111.630913;98.030373;84.189926,npp_d20250902_t1858434_e1900076_b71766;npp_d20250902_t1900088_e1901330_b71766;npp_d20250902_t1901342_e1902584_b71766;npp_d20250902_t1902596_e1904238_b71766,148.471,52.8106,7.71323,-78.1092,93.7888,-118.099
258,VBD_npp_d20250902_t1858544_x0999292E_y114931N_l0104_s2167_v23,2025-09-02 21:06:36,11.493095,99.929207,6.17756,2025-09-02 18:58:54,2025-09-03 01:58:54,104,2167,0.391392,8,18785,0.416424,0.055,0.830578,0.4,0.92793,0.75,2.01573e-05,0.0001,7.65625e-17,999999,1.098942e-01,3,Thailand Exclusive Economic Zone,,,SVDNB_npp_d20250902_t1858434_e1900076_b71766_c20250902202635057000_oeac_ops.h5,GDNBO_npp_d20250902_t1858434_e1900076_b71766_c20250902202419882000_oeac_ops.h5,SVI04_npp_d20250902_t1858434_e1900076_b71766_c20250902202643623000_oeac_ops.dspace_rad,,eez_v11.shp,WPP_BFAR_merge.shp,vbd_mpa_r20170830.shp,VNF-VBD_npp_20120301-20151231_global_asia-enhanced_c201607211230.bitmask,vbd_landsea_r20220824.mask,timezone.shp,VBD_platforms-recurring_2015_r20170330.shp,0.158962,VBD_bridges_c20160811.shp,14.122167;12.311656;9.816022;4.968679;7.298583;9.219633,85.094513;99.171051;112.915886;111.630913;98.030373;84.189926,npp_d20250902_t1858434_e1900076_b71766;npp_d20250902_t1900088_e1901330_b71766;npp_d20250902_t1901342_e1902584_b71766;npp_d20250902_t1902596_e1904238_b71766,148.822,53.3512,7.7015,-80.7072,93.4922,-118.134
259,VBD_npp_d20250902_t1900055_x0989542E_y072596N_l0752_s2167_v23,2025-09-02 21:06:36,7.259566,98.954201,6.71384,2025-09-02 19:00:05,2025-09-03 02:00:05,752,2167,0.332425,1,2529,0.417486,0.108972,0.85139,0.4,0.892214,0.75,0.000226458,0.0001,2.03292e-15,999999,-1.390129e-01,3,Thailand Exclusive Economic Zone,,,SVDNB_npp_d20250902_t1858434_e1900076_b71766_c20250902202635057000_oeac_ops.h5,GDNBO_npp_d20250902_t1858434_e1900076_b71766_c20250902202419882000_oeac_ops.h5,SVI04_npp_d20250902_t1858434_e1900076_b71766_c20250902202643623000_oeac_ops.dspace_rad,,eez_v11.shp,WPP_BFAR_merge.shp,vbd_mpa_r20170830.shp,VNF-VBD_npp_20120301-20151231_global_asia-enhanced_c201607211230.bitmask,vbd_landsea_r20220824.mask,timezone.shp,VBD_platforms-recurring_2015_r20170330.shp,999999,VBD_bridges_c20160811.shp,14.122167;12.311656;9.816022;4.968679;7.298583;9.219633,85.094513;99.171051;112.915886;111.630913;98.030373;84.189926,npp_d20250902_t1858434_e1900076_b71766;npp_d20250902_t1900088_e1901330_b71766;npp_d20250902_t1901342_e1902584_b71766;npp_d20250902_t1902596_e1904238_b71766,151.746,58.7431,7.71423,-77.4305,90.8912,-118.321
260,VBD_npp_d20250902_t1858526_x0999522E_y115432N_l0096_s2168_v23,2025-09-02 21:06:36,11.543158,99.952171,2.00742,2025-09-02 18:58:52,2025-09-03 01:58:52,96,2168,0.343165,1,2401,0.150938,0.055,0.85117,0.4,0.759793,0.75,1.89444e-05,0.0001,9.02005e-17,999999,-4.814324e-02,3,Thailand Exclusive Economic Zone,,,SVDNB_npp_d20250902_t1858434_e1900076_b71766_c20250902202635057000_oeac_ops.h5,GDNBO_npp_d20250902_t1858434_e1900076_b71766_c20250902202419882000_oeac_ops.h5,SVI04_npp_d20250902_t1858434_e1900076_b71766_c20250902202643623000_oeac_ops.dspace_rad,,eez_v11.shp,WPP_BFAR_merge.shp,vbd_mpa_r20170830.shp,VNF-VBD_npp_20120301-20151231_global_asia-enhanced_c201607211230.bitmask,vbd_landsea_r20220824.mask,timezone.shp,VBD_platforms-recurring_2015_r20170330.shp,999999,VBD_bridges_c20160811.shp,14.122167;12.311656;9.816022;4.968679;7.298583;9.219633,85.094513;99.171051;112.915886;111.630913;98.030373;84.189926,npp_d20250902_t1858434_e1900076_b71766;npp_d20250902_t1900088_e1901330_b71766;npp_d20250902_t1901342_e1902584_b71766;npp_d20250902_t1902596_e1904238_b71766,148.78,53.303,7.77776,-77.2848,93.5294,-118.129
261,VBD_npp_d20250902_t1859228_x0995497E_y097924N_l0364_s2169_v23,2025-09-02 21:06:36,9.792353,99.549683,1.15481,2025-09-02 18:59:22,2025-09-03 01:59:22,364,2169,0.306604,2,2337,0.0725196,0.055,0.725054,0.4,0.610721,0.75,6.66075e-05,0.0001,2.66898e-16,999999,4.204225e-02,3,Thailand Exclusive Economic Zone,,,SVDNB_npp_d20250902_t1858434_e1900076_b71766_c20250902202635057000_oeac_ops.h5,GDNBO_npp_d20250902_t1858434_e1900076_b71766_c20250902202419882000_oeac_ops.h5,SVI04_npp_d20250902_t1858434_e1900076_b71766_c20250902202643623000_oeac_ops.dspace_rad,,eez_v11.shp,WPP_BFAR_merge.shp,vbd_mpa_r20170830.shp,VNF-VBD_npp_20120301-20151231_global_asia-enhanced_c201607211230.bitmask,vbd_landsea_r20220824.mask,timezone.shp,VBD_platforms-recurring_2015_r20170330.shp,999999,VBD_bridges_c20160811.shp,14.122167;12.311656;9.816022;4.968679;7.298583;9.219633,85.094513;99.171051;112.915886;111.630913;98.030373;84.189926,npp_d20250902_t1858434_e1900076_b71766;npp_d20250902_t1900088_e1901330_b71766;npp_d20250902_t1901342_e1902584_b71766;npp_d20250902_t1902596_e1904238_b71766,150.022,55.3901,7.8239,-79.0798,92.4599,-118.232
262,VBD_npp_d20250902_t1900073_x0989558E_y072265N_l0757_s2169_v23,2025-09-02 21:06:36,7.226515,98.955772,8.12119,2025-09-02 19:00:07,2025-09-03 02:00:07,757,2169,0.312152,1,2529,0.46886,0.108972,0.85054,0.4,0.897003,0.75,0.000224822,0.0001,1.2852e-15,999999,-3.814580e-01,3,Thailand Exclusive Economic Zone,,,SVDNB_npp_d20250902_t1858434_e1900076_b71766_c20250902202635057000_oeac_ops.h5,GDNBO_npp_d20250902_t1858434_e1900076_b71766_c20250902202419882000_oeac_ops.h5,SVI04_npp_d20250902_t1858434_e1900076_b71766_c20250902202643623000_oeac_ops.dspace_rad,,eez_v11.shp,WPP_BFAR_merge.shp,vbd_mpa_r20170830.shp,VNF-VBD_npp_20120301-20151231_global_asia-enhanced_c201607211230.bitmask,vbd_landsea_r20220824.mask,timezone.shp,VBD_platforms-recurring_2015_r20170330.shp,999999,VBD_bridges_c20160811.shp,14.122167;12.311656;9.816022;4.968679;7.298583;9.219633,85.094513;99.171051;112.915886;111.630913;98.030373;84.189926,npp_d20250902_t1858434_e1900076_b71766;npp_d20250902_t1900088_e1901330_b71766;npp_d20250902_t1901342_e1902584_b71766;npp_d20250902_t1902596_e1904238_b71766,151.756,58.8055,7.81981,-82.1797,90.8831,-118.32
263,VBD_npp_d20250902_t1858544_x0999574E_y115365N_l0097_s2170_v23,2025-09-02 21:06:36,11.536483,99.957413,5.4689,2025-09-02 18:58:54,2025-09-03 01:58:54,97,2170,0.349994,1,2401,0.365279,0.055,0.85117,0.4,0.896736,0.75,1.87048e-05,0.0001,4.65697e-17,999999,-2.285096e-01,3,Thailand Exclusive Economic Zone,,,SVDNB_npp_d20250902_t1858434_e1900076_b71766_c20250902202635057000_oeac_ops.h5,GDNBO_npp_d20250902_t1858434_e1900076_b71766_c20250902202419882000_oeac_ops.h5,SVI04_npp_d20250902_t1858434_e1900076_b71766_c20250902202643623000_oeac_ops.dspace_rad,,eez_v11.shp,WPP_BFAR_merge.shp,vbd_mpa_r20170830.shp,VNF-VBD_npp_20120301-20151231_global_asia-enhanced_c201607211230.bitmask,vbd_landsea_r20220824.mask,timezone.shp,VBD_platforms-recurring_2015_r20170330.shp,999999,VBD_bridges_c20160811.shp,14.122167;12.311656;9.816022;4.968679;7.298583;9.219633,85.094513;99.171051;112.915886;111.630913;98.030373;84.189926,npp_d20250902_t1858434_e1900076_b71766;npp_d20250902_t1900088_e1901330_b71766;npp_d20250902_t1901342_e1902584_b71766;npp_d20250902_t1902596_e1904238_b71766,148.774,53.3267,7.88582,-83.6613,93.537,-118.127
264,VBD_npp_d20250902_t1859086_x0997518E_y106339N_l0235_s2170_v23,2025-09-02 21:06:36,10.633867,99.751762,2.85761,2025-09-02 18:59:08,2025-09-03 01:59:08,235,2170,0.369484,1,2401,0.236811,0.055,0.747231,0.4,0.882995,0.75,4.13608e-05,0.0001,1.3005e-16,999999,3.421071e-02,3,Thailand Exclusive Economic Zone,,,SVDNB_npp_d20250902_t1858434_e1900076_b71766_c20250902202635057000_oeac_ops.h5,GDNBO_npp_d20250902_t1858434_e1900076_b71766_c20250902202419882000_oeac_ops.h5,SVI04_npp_d20250902_t1858434_e1900076_b71766_c20250902202643623000_oeac_ops.dspace_rad,,eez_v11.shp,WPP_BFAR_merge.shp,vbd_mpa_r20170830.shp,VNF-VBD_npp_20120301-20151231_global_asia-enhanced_c201607211230.bitmask,vbd_landsea_r20220824.mask,timezone.shp,VBD_platforms-recurring_2015_r20170330.shp,999999,VBD_bridges_c20160811.shp,14.122167;12.311656;9.816022;4.968679;7.298583;9.219633,85.094513;99.171051;112.915886;111.630913;98.030373;84.189926,npp_d20250902_t1858434_e1900076_b71766;npp_d20250902_t1900088_e1901330_b71766;npp_d20250902_t1901342_e1902584_b71766;npp_d20250902_t1902596_e1904238_b71766,149.423,54.3748,7.88115,-79.4781,92.983,-118.185
265,VBD_npp_d20250902_t1858526_x0999826E_y115999N_l0087_s2171_v23,2025-09-02 21:06:36,11.599869,99.982590,5.64713,2025-09-02 18:58:52,2025-09-03 01:58:52,87,2171,0.363153,1,2401,0.376933,0.055,0.812696,0.4,0.896039,0.75,1.77701e-05,0.0001,5.09252e-17,999999,3.998880e-03,3,Thailand Exclusive Economic Zone,,,SVDNB_npp_d20250902_t1858434_e1900076_b71766_c20250902202635057000_oeac_ops.h5,GDNBO_npp_d20250902_t1858434_e1900076_b71766_c20250902202419882000_oeac_ops.h5,SVI04_npp_d20250902_t1858434_e1900076_b71766_c20250902202643623000_oeac_ops.dspace_rad,,eez_v11.shp,WPP_BFAR_merge.shp,vbd_mpa_r20170830.shp,VNF-VBD_npp_20120301-20151231_global_asia-enhanced_c201607211230.bitmask,vbd_landsea_r20220824.mask,timezone.shp,VBD_platforms-recurring_2015_r20170330.shp,999999,VBD_bridges_c20160811.shp,14.122167;12.311656;9.816022;4.968679;7.298583;9.219633,85.094513;99.171051;112.915886;111.630913;98.030373;84.189926,npp_d20250902_t1858434_e1900076_b71766;npp_d20250902_t1900088_e1901330_b71766;npp_d20250902_t1901342_e1902584_b71766;npp_d20250902_t1902596_e1904238_b71766,148.723,53.2636,7.93807,-81.1268,93.5824,-118.121
266,VBD_npp_d20250902_t1859121_x0997062E_y104038N_l0270_s2171_v23,2025-09-02 21:06:36,10.403843,99.706238,1.22982,2025-09-02 18:59:12,2025-09-03 01:59:12,270,2171,0.287328,2,2337,0.0716364,0.055,0.481181,0.4,0.534108,0.75,4.89946e-05,0.0001,1.59839e-16,999999,-8.806307e-02,3,Thailand Exclusive Economic Zone,,,SVDNB_npp_d20250902_t1858434_e1900076_b71766_c20250902202635057000_oeac_ops.h5,GDNBO_npp_d20250902_t1858434_e1900076_b71766_c20250902202419882000_oeac_ops.h5,SVI04_npp_d20250902_t1858434_e1900076_b71766_c20250902202643623000_oeac_ops.dspace_rad,,eez_v11.shp,WPP_BFAR_merge.shp,vbd_mpa_r20170830.shp,VNF-VBD_npp_20120301-20151231_global_asia-enhanced_c201607211230.bitmask,vbd_landsea_r20220824.mask,timezone.shp,VBD_platforms-recurring_2015_r20170330.shp,999999,VBD_bridges_c20160811.shp,14.122167;12.311656;9.816022;4.968679;7.298583;9.219633,85.094513;99.171051;112.915886;111.630913;98.030373;84.189926,npp_d20250902_t1858434_e1900076_b71766;npp_d20250902_t1900088_e1901330_b71766;npp_d20250902_t1901342_e1902584_b71766;npp_d20250902_t1902596_e1904238_b71766,149.581,54.6574,7.94128,-78.2386,92.8474,-118.198
267,VBD_npp_d20250902_t1900020_x0990433E_y075510N_l0707_s2171_v23,2025-09-02 21:06:36,7.551007,99.043312,4.13505,2025-09-02 19:00:02,2025-09-03 02:00:02,707,2171,0.394806,1,2529,0.256916,0.108972,0.871257,0.4,0.810077,0.75,0.000223187,0.0001,8.46019e-16,999999,-2.379919e-02,1,,,,SVDNB_npp_d20250902_t1858434_e1900076_b71766_c20250902202635057000_oeac_ops.h5,GDNBO_npp_d20250902_t1858434_e1900076_b71766_c20250902202419882000_oeac_ops.h5,SVI04_npp_d20250902_t1858434_e1900076_b71766_c20250902202643623000_oeac_ops.dspace_rad,,eez_v11.shp,WPP_BFAR_merge.shp,vbd_mpa_r20170830.shp,VNF-VBD_npp_20120301-20151231_global_asia-enhanced_c201607211230.bitmask,vbd_landsea_r20220824.mask,timezone.shp,VBD_platforms-recurring_2015_r20170330.shp,999999,VBD_bridges_c20160811.shp,14.122167;12.311656;9.816022;4.968679;7.298583;9.219633,85.094513;99.171051;112.915886;111.630913;98.030373;84.189926,npp_d20250902_t1858434_e1900076_b71766;npp_d20250902_t1900088_e1901330_b71766;npp_d20250902_t1901342_e1902584_b71766;npp_d20250902_t1902596_e1904238_b71766,151.532,58.3633,7.94049,-82.9707,91.0947,-118.311
268,VBD_npp_d20250902_t1858472_x1000535E_y118587N_l0047_s2172_v23,2025-09-02 21:06:36,11.858736,100.053505,2.79373,2025-09-02 18:58:47,2025-09-03 01:58:47,47,2172,0.142149,2,2337,0.0815098,0.055,0.514355,0.4,0.405834,0.75,1.45451e-05,0.0001,5.1848e-17,999999,2.441956e-02,3,Thailand Exclusive Economic Zone,,,SVDNB_npp_d20250902_t1858434_e1900076_b71766_c20250902202635057000_oeac_ops.h5,GDNBO_npp_d20250902_t1858434_e1900076_b71766_c20250902202419882000_oeac_ops.h5,SVI04_npp_d20250902_t1858434_e1900076_b71766_c20250902202643623000_oeac_ops.dspace_rad,,eez_v11.shp,WPP_BFAR_merge.shp,vbd_mpa_r20170830.shp,VNF-VBD_npp_20120301-20151231_global_asia-enhanced_c201607211230.bitmask,vbd_landsea_r20220824.mask,timezone.shp,VBD_platforms-recurring_2015_r20170330.shp,999999,VBD_bridges_c20160811.shp,14.122167;12.311656;9.816022;4.968679;7.298583;9.219633,85.094513;99.171051;112.915886;111.630913;98.030373;84.189926,npp_d20250902_t1858434_e1900076_b71766;npp_d20250902_t1900088_e1901330_b71766;npp_d20250902_t1901342_e1902584_b71766;npp_d20250902_t1902596_e1904238_b71766,148.529,52.9807,8.00176,-77.7718,93.7469,-118.102
269,VBD_npp_d20250902_t1859086_x0997709E_y106650N_l0230_s2172_v23,2025-09-02 21:06:36,10.665034,99.770866,2.2326,2025-09-02 18:59:08,2025-09-03 01:59:08,230,2172,0.322182,1,2401,0.183653,0.055,0.699304,0.4,0.852177,0.75,3.95415e-05,0.0001,9.28867e-17,999999,-1.670160e-01,3,Thailand Exclusive Economic Zone,,,SVDNB_npp_d20250902_t1858434_e1900076_b71766_c20250902202635057000_oeac_ops.h5,GDNBO_npp_d20250902_t1858434_e1900076_b71766_c20250902202419882000_oeac_ops.h5,SVI04_npp_d20250902_t1858434_e1900076_b71766_c20250902202643623000_oeac_ops.dspace_rad,,eez_v11.shp,WPP_BFAR_merge.shp,vbd_mpa_r20170830.shp,VNF-VBD_npp_20120301-20151231_global_asia-enhanced_c201607211230.bitmask,vbd_landsea_r20220824.mask,timezone.shp,VBD_platforms-recurring_2015_r20170330.shp,999999,VBD_bridges_c20160811.shp,14.122167;12.311656;9.816022;4.968679;7.298583;9.219633,85.094513;99.171051;112.915886;111.630913;98.030373;84.189926,npp_d20250902_t1858434_e1900076_b71766;npp_d20250902_t1900088_e1901330_b71766;npp_d20250902_t1901342_e1902584_b71766;npp_d20250902_t1902596_e1904238_b71766,149.389,54.354,7.99598,-81.5751,93.0142,-118.181
270,VBD_npp_d20250902_t1859139_x0997011E_y103719N_l0275_s2172_v23,2025-09-02 21:06:36,10.371858,99.701096,1.192,2025-09-02 18:59:13,2025-09-03 01:59:13,275,2172,0.244222,2,2337,0.0704771,0.055,0.41867,0.4,0.612593,0.75,4.97233e-05,0.0001,1.04082e-16,999999,-9.314844e-02,3,Thailand Exclusive Economic Zone,,,SVDNB_npp_d20250902_t1858434_e1900076_b71766_c20250902202635057000_oeac_ops.h5,GDNBO_npp_d20250902_t1858434_e1900076_b71766_c20250902202419882000_oeac_ops.h5,SVI04_npp_d20250902_t1858434_e1900076_b71766_c20250902202643623000_oeac_ops.dspace_rad,,eez_v11.shp,WPP_BFAR_merge.shp,vbd_mpa_r20170830.shp,VNF-VBD_npp_20120301-20151231_global_asia-enhanced_c201607211230.bitmask,vbd_landsea_r20220824.mask,timezone.shp,VBD_platforms-recurring_2015_r20170330.shp,999999,VBD_bridges_c20160811.shp,14.122167;12.311656;9.816022;4.968679;7.298583;9.219633,85.094513;99.171051;112.915886;111.630913;98.030373;84.189926,npp_d20250902_t1858434_e1900076_b71766;npp_d20250902_t1900088_e1901330_b71766;npp_d20250902_t1901342_e1902584_b71766;npp_d20250902_t1902596_e1904238_b71766,149.598,54.7046,7.99921,-82.852,92.834,-118.198
271,VBD_npp_d20250902_t1858544_x0999614E_y114331N_l0112_s2173_v23,2025-09-02 21:06:36,11.433120,99.961357,2.3654,2025-09-02 18:58:54,2025-09-03 01:58:54,112,2173,0.335697,2,2337,0.172407,0.055,0.780226,0.4,0.723533,0.75,2.02058e-05,0.0001,6.896e-17,999999,-3.073326e-01,3,Thailand Exclusive Economic Zone,,,SVDNB_npp_d20250902_t1858434_e1900076_b71766_c20250902202635057000_oeac_ops.h5,GDNBO_npp_d20250902_t1858434_e1900076_b71766_c20250902202419882000_oeac_ops.h5,SVI04_npp_d20250902_t1858434_e1900076_b71766_c20250902202643623000_oeac_ops.dspace_rad,,eez_v11.shp,WPP_BFAR_merge.shp,vbd_mpa_r20170830.shp,VNF-VBD_npp_20120301-20151231_global_asia-enhanced_c201607211230.bitmask,vbd_landsea_r20220824.mask,timezone.shp,VBD_platforms-recurring_2015_r20170330.shp,999999,VBD_bridges_c20160811.shp,14.122167;12.311656;9.816022;4.968679;7.298583;9.219633,85.094513;99.171051;112.915886;111.630913;98.030373;84.189926,npp_d20250902_t1858434_e1900076_b71766;npp_d20250902_t1900088_e1901330_b71766;npp_d20250902_t1901342_e1902584_b71766;npp_d20250902_t1902596_e1904238_b71766,148.833,53.4682,8.06307,-77.4018,93.4917,-118.131
272,VBD_npp_d20250902_t1858561_x0999502E_y114088N_l0116_s2173_v23,2025-09-02 21:06:36,11.408834,99.950211,8.75803,2025-09-02 18:58:56,2025-09-03 01:58:56,116,2173,0.3485,1,2401,0.486527,0.055,0.793219,0.4,0.912278,0.75,2.07337e-05,0.0001,4.60802e-17,999999,-2.151154e-02,3,Thailand Exclusive Economic Zone,,,SVDNB_npp_d20250902_t1858434_e1900076_b71766_c20250902202635057000_oeac_ops.h5,GDNBO_npp_d20250902_t1858434_e1900076_b71766_c20250902202419882000_oeac_ops.h5,SVI04_npp_d20250902_t1858434_e1900076_b71766_c20250902202643623000_oeac_ops.dspace_rad,,eez_v11.shp,WPP_BFAR_merge.shp,vbd_mpa_r20170830.shp,VNF-VBD_npp_20120301-20151231_global_asia-enhanced_c201607211230.bitmask,vbd_landsea_r20220824.mask,timezone.shp,VBD_platforms-recurring_2015_r20170330.shp,999999,VBD_bridges_c20160811.shp,14.122167;12.311656;9.816022;4.968679;7.298583;9.219633,85.094513;99.171051;112.915886;111.630913;98.030373;84.189926,npp_d20250902_t1858434_e1900076_b71766;npp_d20250902_t1900088_e1901330_b71766;npp_d20250902_t1901342_e1902584_b71766;npp_d20250902_t1902596_e1904238_b71766,148.85,53.4962,8.05302,-82.3704,93.4767,-118.132
273,VBD_npp_d20250902_t1859121_x0997199E_y104016N_l0270_s2173_v23,2025-09-02 21:06:36,10.401644,99.719864,1.1955,2025-09-02 18:59:12,2025-09-03 01:59:12,270,2173,0.252616,2,2337,0.0719314,0.055,0.481181,0.4,0.634522,0.75,4.81893e-05,0.0001,1.39215e-16,999999,-1.890615e-01,3,Thailand Exclusive Economic Zone,,,SVDNB_npp_d20250902_t1858434_e1900076_b71766_c20250902202635057000_oeac_ops.h5,GDNBO_npp_d20250902_t1858434_e1900076_b71766_c20250902202419882000_oeac_ops.h5,SVI04_npp_d20250902_t1858434_e1900076_b71766_c20250902202643623000_oeac_ops.dspace_rad,,eez_v11.shp,WPP_BFAR_merge.shp,vbd_mpa_r20170830.shp,VNF-VBD_npp_20120301-20151231_global_asia-enhanced_c201607211230.bitmask,vbd_landsea_r20220824.mask,timezone.shp,VBD_platforms-recurring_2015_r20170330.shp,999999,VBD_bridges_c20160811.shp,14.122167;12.311656;9.816022;4.968679;7.298583;9.219633,85.094513;99.171051;112.915886;111.630913;98.030373;84.189926,npp_d20250902_t1858434_e1900076_b71766;npp_d20250902_t1900088_e1901330_b71766;npp_d20250902_t1901342_e1902584_b71766;npp_d20250902_t1902596_e1904238_b71766,149.571,54.6761,8.05724,-78.2743,92.8581,-118.195
274,VBD_npp_d20250902_t1858526_x0999942E_y115432N_l0095_s2174_v23,2025-09-02 21:06:36,11.543191,99.994240,4.98845,2025-09-02 18:58:52,2025-09-03 01:58:52,95,2174,0.394593,1,2401,0.357269,0.055,0.848754,0.4,0.915753,0.75,1.79157e-05,0.0001,5.66909e-17,999999,1.291724e-01,3,Thailand Exclusive Economic Zone,,,SVDNB_npp_d20250902_t1858434_e1900076_b71766_c20250902202635057000_oeac_ops.h5,GDNBO_npp_d20250902_t1858434_e1900076_b71766_c20250902202419882000_oeac_ops.h5,SVI04_npp_d20250902_t1858434_e1900076_b71766_c20250902202643623000_oeac_ops.dspace_rad,,eez_v11.shp,WPP_BFAR_merge.shp,vbd_mpa_r20170830.shp,VNF-VBD_npp_20120301-20151231_global_asia-enhanced_c201607211230.bitmask,vbd_landsea_r20220824.mask,timezone.shp,VBD_platforms-recurring_2015_r20170330.shp,999999,VBD_bridges_c20160811.shp,14.122167;12.311656;9.816022;4.968679;7.298583;9.219633,85.094513;99.171051;112.915886;111.630913;98.030373;84.189926,npp_d20250902_t1858434_e1900076_b71766;npp_d20250902_t1900088_e1901330_b71766;npp_d20250902_t1901342_e1902584_b71766;npp_d20250902_t1902596_e1904238_b71766,148.747,53.352,8.12213,-77.8382,93.5657,-118.122
275,VBD_npp_d20250902_t1859228_x0995858E_y098002N_l0362_s2174_v23,2025-09-02 21:06:36,9.800232,99.585831,3.41255,2025-09-02 18:59:22,2025-09-03 01:59:22,362,2174,0.247636,1,2401,0.249597,0.055,0.780425,0.4,0.839412,0.75,6.37689e-05,0.0001,1.75891e-16,999999,-1.314375e-01,3,Thailand Exclusive Economic Zone,,,SVDNB_npp_d20250902_t1858434_e1900076_b71766_c20250902202635057000_oeac_ops.h5,GDNBO_npp_d20250902_t1858434_e1900076_b71766_c20250902202419882000_oeac_ops.h5,SVI04_npp_d20250902_t1858434_e1900076_b71766_c20250902202643623000_oeac_ops.dspace_rad,,eez_v11.shp,WPP_BFAR_merge.shp,vbd_mpa_r20170830.shp,VNF-VBD_npp_20120301-20151231_global_asia-enhanced_c201607211230.bitmask,vbd_landsea_r20220824.mask,timezone.shp,VBD_platforms-recurring_2015_r20170330.shp,999999,VBD_bridges_c20160811.shp,14.122167;12.311656;9.816022;4.968679;7.298583;9.219633,85.094513;99.171051;112.915886;111.630913;98.030373;84.189926,npp_d20250902_t1858434_e1900076_b71766;npp_d20250902_t1900088_e1901330_b71766;npp_d20250902_t1901342_e1902584_b71766;npp_d20250902_t1902596_e1904238_b71766,149.988,55.4201,8.11135,-79.9596,92.495,-118.226
276,VBD_npp_d20250902_t1859210_x0996113E_y098705N_l0351_s2175_v23,2025-09-02 21:06:36,9.870514,99.611336,3.52276,2025-09-02 18:59:21,2025-09-03 01:59:21,351,2175,0.17551,8,18785,0.250617,0.055,0.756481,0.4,0.795194,0.75,6.15074e-05,0.0001,1.84327e-16,999999,-1.379057e-01,3,Thailand Exclusive Economic Zone,,,SVDNB_npp_d20250902_t1858434_e1900076_b71766_c20250902202635057000_oeac_ops.h5,GDNBO_npp_d20250902_t1858434_e1900076_b71766_c20250902202419882000_oeac_ops.h5,SVI04_npp_d20250902_t1858434_e1900076_b71766_c20250902202643623000_oeac_ops.dspace_rad,,eez_v11.shp,WPP_BFAR_merge.shp,vbd_mpa_r20170830.shp,VNF-VBD_npp_20120301-20151231_global_asia-enhanced_c201607211230.bitmask,vbd_landsea_r20220824.mask,timezone.shp,VBD_platforms-recurring_2015_r20170330.shp,0.597471,VBD_bridges_c20160811.shp,14.122167;12.311656;9.816022;4.968679;7.298583;9.219633,85.094513;99.171051;112.915886;111.630913;98.030373;84.189926,npp_d20250902_t1858434_e1900076_b71766;npp_d20250902_t1900088_e1901330_b71766;npp_d20250902_t1901342_e1902584_b71766;npp_d20250902_t1902596_e1904238_b71766,149.934,55.3406,8.17773,-77.9401,92.5441,-118.222
277,VBD_npp_d20250902_t1900020_x0990639E_y075066N_l0713_s2175_v23,2025-09-02 21:06:36,7.506625,99.063889,7.19839,2025-09-02 19:00:02,2025-09-03 02:00:02,713,2175,0.350563,1,2529,0.456549,0.108972,0.85789,0.4,0.932096,0.75,0.000219916,0.0001,8.16382e-16,999999,-1.460249e-02,3,,,,SVDNB_npp_d20250902_t1858434_e1900076_b71766_c20250902202635057000_oeac_ops.h5,GDNBO_npp_d20250902_t1858434_e1900076_b71766_c20250902202419882000_oeac_ops.h5,SVI04_npp_d20250902_t1858434_e1900076_b71766_c20250902202643623000_oeac_ops.dspace_rad,,eez_v11.shp,WPP_BFAR_merge.shp,vbd_mpa_r20170830.shp,VNF-VBD_npp_20120301-20151231_global_asia-enhanced_c201607211230.bitmask,vbd_landsea_r20220824.mask,timezone.shp,VBD_platforms-recurring_2015_r20170330.shp,999999,VBD_bridges_c20160811.shp,14.122167;12.311656;9.816022;4.968679;7.298583;9.219633,85.094513;99.171051;112.915886;111.630913;98.030373;84.189926,npp_d20250902_t1858434_e1900076_b71766;npp_d20250902_t1900088_e1901330_b71766;npp_d20250902_t1901342_e1902584_b71766;npp_d20250902_t1902596_e1904238_b71766,151.537,58.4555,8.16767,-80.4687,91.0916,-118.309
278,VBD_npp_d20250902_t1858455_x1001182E_y120323N_l0020_s2176_v23,2025-09-02 21:06:36,12.032350,100.118156,2.79875,2025-09-02 18:58:45,2025-09-03 01:58:45,20,2176,0.210079,2,2337,0.0583849,0.055,0.567706,0.4,0.26798,0.75,1.20505e-05,0.0001,2.27387e-17,999999,2.436206e-02,3,Thailand Exclusive Economic Zone,,,SVDNB_npp_d20250902_t1858434_e1900076_b71766_c20250902202635057000_oeac_ops.h5,GDNBO_npp_d20250902_t1858434_e1900076_b71766_c20250902202419882000_oeac_ops.h5,SVI04_npp_d20250902_t1858434_e1900076_b71766_c20250902202643623000_oeac_ops.dspace_rad,,eez_v11.shp,WPP_BFAR_merge.shp,vbd_mpa_r20170830.shp,VNF-VBD_npp_20120301-20151231_global_asia-enhanced_c201607211230.bitmask,vbd_landsea_r20220824.mask,timezone.shp,VBD_platforms-recurring_2015_r20170330.shp,999999,VBD_bridges_c20160811.shp,14.122167;12.311656;9.816022;4.968679;7.298583;9.219633,85.094513;99.171051;112.915886;111.630913;98.030373;84.189926,npp_d20250902_t1858434_e1900076_b71766;npp_d20250902_t1900088_e1901330_b71766;npp_d20250902_t1901342_e1902584_b71766;npp_d20250902_t1902596_e1904238_b71766,148.38,52.822,8.23081,-82.3092,93.8782,-118.083
279,VBD_npp_d20250902_t1859121_x0997414E_y104050N_l0269_s2176_v23,2025-09-02 21:06:36,10.405020,99.741386,1.50186,2025-09-02 18:59:12,2025-09-03 01:59:12,269,2176,0.201899,2,2337,0.10104,0.055,0.474499,0.4,0.702107,0.75,4.67617e-05,0.0001,1.08694e-16,999999,-2.175345e-01,3,Thailand Exclusive Economic Zone,,,SVDNB_npp_d20250902_t1858434_e1900076_b71766_c20250902202635057000_oeac_ops.h5,GDNBO_npp_d20250902_t1858434_e1900076_b71766_c20250902202419882000_oeac_ops.h5,SVI04_npp_d20250902_t1858434_e1900076_b71766_c20250902202643623000_oeac_ops.dspace_rad,,eez_v11.shp,WPP_BFAR_merge.shp,vbd_mpa_r20170830.shp,VNF-VBD_npp_20120301-20151231_global_asia-enhanced_c201607211230.bitmask,vbd_landsea_r20220824.mask,timezone.shp,VBD_platforms-recurring_2015_r20170330.shp,999999,VBD_bridges_c20160811.shp,14.122167;12.311656;9.816022;4.968679;7.298583;9.219633,85.094513;99.171051;112.915886;111.630913;98.030373;84.189926,npp_d20250902_t1858434_e1900076_b71766;npp_d20250902_t1900088_e1901330_b71766;npp_d20250902_t1901342_e1902584_b71766;npp_d20250902_t1902596_e1904238_b71766,149.552,54.6962,8.2289,-78.73,92.8784,-118.192
280,VBD_npp_d20250902_t1859228_x0995951E_y097713N_l0366_s2176_v23,2025-09-02 21:06:36,9.771336,99.595062,5.07172,2025-09-02 18:59:22,2025-09-03 01:59:22,366,2176,0.320617,1,2401,0.355812,0.055,0.825156,0.4,0.902942,0.75,6.34022e-05,0.0001,1.78851e-16,999999,4.398516e-02,3,Thailand Exclusive Economic Zone,,,SVDNB_npp_d20250902_t1858434_e1900076_b71766_c20250902202635057000_oeac_ops.h5,GDNBO_npp_d20250902_t1858434_e1900076_b71766_c20250902202419882000_oeac_ops.h5,SVI04_npp_d20250902_t1858434_e1900076_b71766_c20250902202643623000_oeac_ops.dspace_rad,,eez_v11.shp,WPP_BFAR_merge.shp,vbd_mpa_r20170830.shp,VNF-VBD_npp_20120301-20151231_global_asia-enhanced_c201607211230.bitmask,vbd_landsea_r20220824.mask,timezone.shp,VBD_platforms-recurring_2015_r20170330.shp,999999,VBD_bridges_c20160811.shp,14.122167;12.311656;9.816022;4.968679;7.298583;9.219633,85.094513;99.171051;112.915886;111.630913;98.030373;84.189926,npp_d20250902_t1858434_e1900076_b71766;npp_d20250902_t1900088_e1901330_b71766;npp_d20250902_t1901342_e1902584_b71766;npp_d20250902_t1902596_e1904238_b71766,149.997,55.4718,8.23397,-78.3541,92.4893,-118.225
281,VBD_npp_d20250902_t1858455_x1001194E_y119979N_l0025_s2177_v23,2025-09-02 21:06:36,11.997879,100.119438,3.33266,2025-09-02 18:58:45,2025-09-03 01:58:45,25,2177,0.205811,2,2337,0.0558907,0.055,0.491551,0.4,0.286114,0.75,1.23117e-05,0.0001,2.59837e-17,999999,-4.204565e-01,3,Thailand Exclusive Economic Zone,,,SVDNB_npp_d20250902_t1858434_e1900076_b71766_c20250902202635057000_oeac_ops.h5,GDNBO_npp_d20250902_t1858434_e1900076_b71766_c20250902202419882000_oeac_ops.h5,SVI04_npp_d20250902_t1858434_e1900076_b71766_c20250902202643623000_oeac_ops.dspace_rad,,eez_v11.shp,WPP_BFAR_merge.shp,vbd_mpa_r20170830.shp,VNF-VBD_npp_20120301-20151231_global_asia-enhanced_c201607211230.bitmask,vbd_landsea_r20220824.mask,timezone.shp,VBD_platforms-recurring_2015_r20170330.shp,999999,VBD_bridges_c20160811.shp,14.122167;12.311656;9.816022;4.968679;7.298583;9.219633,85.094513;99.171051;112.915886;111.630913;98.030373;84.189926,npp_d20250902_t1858434_e1900076_b71766;npp_d20250902_t1900088_e1901330_b71766;npp_d20250902_t1901342_e1902584_b71766;npp_d20250902_t1902596_e1904238_b71766,148.4,52.8682,8.28577,-80.2906,93.8631,-118.085
282,VBD_npp_d20250902_t1858526_x1000181E_y115599N_l0092_s2177_v23,2025-09-02 21:06:36,11.559890,100.018082,1.81248,2025-09-02 18:58:52,2025-09-03 01:58:52,92,2177,0.382999,8,18721,0.136511,0.055,0.798737,0.4,0.737035,0.75,1.72214e-05,0.0001,4.05494e-17,999999,1.496300e-01,3,Thailand Exclusive Economic Zone,,,SVDNB_npp_d20250902_t1858434_e1900076_b71766_c20250902202635057000_oeac_ops.h5,GDNBO_npp_d20250902_t1858434_e1900076_b71766_c20250902202419882000_oeac_ops.h5,SVI04_npp_d20250902_t1858434_e1900076_b71766_c20250902202643623000_oeac_ops.dspace_rad,,eez_v11.shp,WPP_BFAR_merge.shp,vbd_mpa_r20170830.shp,VNF-VBD_npp_20120301-20151231_global_asia-enhanced_c201607211230.bitmask,vbd_landsea_r20220824.mask,timezone.shp,VBD_platforms-recurring_2015_r20170330.shp,0.968252,VBD_bridges_c20160811.shp,14.122167;12.311656;9.816022;4.968679;7.298583;9.219633,85.094513;99.171051;112.915886;111.630913;98.030373;84.189926,npp_d20250902_t1858434_e1900076_b71766;npp_d20250902_t1900088_e1901330_b71766;npp_d20250902_t1901342_e1902584_b71766;npp_d20250902_t1902596_e1904238_b71766,148.719,53.3577,8.28938,-79.1004,93.5942,-118.117
283,VBD_npp_d20250902_t1900055_x0990292E_y072955N_l0745_s2177_v23,2025-09-02 21:06:36,7.295478,99.029236,4.23811,2025-09-02 19:00:05,2025-09-03 02:00:05,745,2177,0.399714,2,2465,0.239243,0.108972,0.779969,0.4,0.663191,0.75,0.00021828,0.0001,8.31425e-16,999999,-1.444745e-01,3,Thailand Exclusive Economic Zone,,,SVDNB_npp_d20250902_t1858434_e1900076_b71766_c20250902202635057000_oeac_ops.h5,GDNBO_npp_d20250902_t1858434_e1900076_b71766_c20250902202419882000_oeac_ops.h5,SVI04_npp_d20250902_t1858434_e1900076_b71766_c20250902202643623000_oeac_ops.dspace_rad,,eez_v11.shp,WPP_BFAR_merge.shp,vbd_mpa_r20170830.shp,VNF-VBD_npp_20120301-20151231_global_asia-enhanced_c201607211230.bitmask,vbd_landsea_r20220824.mask,timezone.shp,VBD_platforms-recurring_2015_r20170330.shp,999999,VBD_bridges_c20160811.shp,14.122167;12.311656;9.816022;4.968679;7.298583;9.219633,85.094513;99.171051;112.915886;111.630913;98.030373;84.189926,npp_d20250902_t1858434_e1900076_b71766;npp_d20250902_t1900088_e1901330_b71766;npp_d20250902_t1901342_e1902584_b71766;npp_d20250902_t1902596_e1904238_b71766,151.664,58.7673,8.28065,-80.4837,90.9737,-118.312
284,VBD_npp_d20250902_t1859104_x0997806E_y105142N_l0252_s2178_v23,2025-09-02 21:06:36,10.514189,99.780579,1.27115,2025-09-02 18:59:10,2025-09-03 01:59:10,252,2178,0.30824,2,2337,0.0842847,0.055,0.463019,0.4,0.597323,0.75,4.22842e-05,0.0001,8.38119e-17,999999,3.485753e-02,3,Thailand Exclusive Economic Zone,,,SVDNB_npp_d20250902_t1858434_e1900076_b71766_c20250902202635057000_oeac_ops.h5,GDNBO_npp_d20250902_t1858434_e1900076_b71766_c20250902202419882000_oeac_ops.h5,SVI04_npp_d20250902_t1858434_e1900076_b71766_c20250902202643623000_oeac_ops.dspace_rad,,eez_v11.shp,WPP_BFAR_merge.shp,vbd_mpa_r20170830.shp,VNF-VBD_npp_20120301-20151231_global_asia-enhanced_c201607211230.bitmask,vbd_landsea_r20220824.mask,timezone.shp,VBD_platforms-recurring_2015_r20170330.shp,999999,VBD_bridges_c20160811.shp,14.122167;12.311656;9.816022;4.968679;7.298583;9.219633,85.094513;99.171051;112.915886;111.630913;98.030373;84.189926,npp_d20250902_t1858434_e1900076_b71766;npp_d20250902_t1900088_e1901330_b71766;npp_d20250902_t1901342_e1902584_b71766;npp_d20250902_t1902596_e1904238_b71766,149.463,54.5815,8.34398,-79.1651,92.9576,-118.183
285,VBD_npp_d20250902_t1900055_x0990406E_y072799N_l0747_s2179_v23,2025-09-02 21:06:36,7.279945,99.040611,6.3747,2025-09-02 19:00:05,2025-09-03 02:00:05,747,2179,0.390183,1,2529,0.421996,0.108972,0.791708,0.4,0.904405,0.75,0.000216644,0.0001,7.85365e-16,999999,2.146801e-01,3,Thailand Exclusive Economic Zone,,,SVDNB_npp_d20250902_t1858434_e1900076_b71766_c20250902202635057000_oeac_ops.h5,GDNBO_npp_d20250902_t1858434_e1900076_b71766_c20250902202419882000_oeac_ops.h5,SVI04_npp_d20250902_t1858434_e1900076_b71766_c20250902202643623000_oeac_ops.dspace_rad,,eez_v11.shp,WPP_BFAR_merge.shp,vbd_mpa_r20170830.shp,VNF-VBD_npp_20120301-20151231_global_asia-enhanced_c201607211230.bitmask,vbd_landsea_r20220824.mask,timezone.shp,VBD_platforms-recurring_2015_r20170330.shp,999999,VBD_bridges_c20160811.shp,14.122167;12.311656;9.816022;4.968679;7.298583;9.219633,85.094513;99.171051;112.915886;111.630913;98.030373;84.189926,npp_d20250902_t1858434_e1900076_b71766;npp_d20250902_t1900088_e1901330_b71766;npp_d20250902_t1901342_e1902584_b71766;npp_d20250902_t1902596_e1904238_b71766,151.663,58.8042,8.39833,-79.6971,90.9763,-118.31
286,VBD_npp_d20250902_t1858544_x1000247E_y115188N_l0098_s2180_v23,2025-09-02 21:06:36,11.518846,100.024727,2.75551,2025-09-02 18:58:54,2025-09-03 01:58:54,98,2180,0.388689,8,18785,0.22295,0.055,0.726243,0.4,0.835499,0.75,1.72327e-05,0.0001,2.36633e-17,999999,1.066684e-01,3,Thailand Exclusive Economic Zone,,,SVDNB_npp_d20250902_t1858434_e1900076_b71766_c20250902202635057000_oeac_ops.h5,GDNBO_npp_d20250902_t1858434_e1900076_b71766_c20250902202419882000_oeac_ops.h5,SVI04_npp_d20250902_t1858434_e1900076_b71766_c20250902202643623000_oeac_ops.dspace_rad,,eez_v11.shp,WPP_BFAR_merge.shp,vbd_mpa_r20170830.shp,VNF-VBD_npp_20120301-20151231_global_asia-enhanced_c201607211230.bitmask,vbd_landsea_r20220824.mask,timezone.shp,VBD_platforms-recurring_2015_r20170330.shp,0.244138,VBD_bridges_c20160811.shp,14.122167;12.311656;9.816022;4.968679;7.298583;9.219633,85.094513;99.171051;112.915886;111.630913;98.030373;84.189926,npp_d20250902_t1858434_e1900076_b71766;npp_d20250902_t1900088_e1901330_b71766;npp_d20250902_t1901342_e1902584_b71766;npp_d20250902_t1902596_e1904238_b71766,148.732,53.4282,8.46296,-83.063,93.5867,-118.116
287,VBD_npp_d20250902_t1858455_x1001558E_y120469N_l0017_s2181_v23,2025-09-02 21:06:36,12.046871,100.155777,5.51404,2025-09-02 18:58:45,2025-09-03 01:58:45,17,2181,0.262147,8,18721,0.177696,0.055,0.632297,0.4,0.592619,0.75,1.13133e-05,0.0001,1.38845e-17,999999,2.927839e-01,3,Thailand Exclusive Economic Zone,,,SVDNB_npp_d20250902_t1858434_e1900076_b71766_c20250902202635057000_oeac_ops.h5,GDNBO_npp_d20250902_t1858434_e1900076_b71766_c20250902202419882000_oeac_ops.h5,SVI04_npp_d20250902_t1858434_e1900076_b71766_c20250902202643623000_oeac_ops.dspace_rad,,eez_v11.shp,WPP_BFAR_merge.shp,vbd_mpa_r20170830.shp,VNF-VBD_npp_20120301-20151231_global_asia-enhanced_c201607211230.bitmask,vbd_landsea_r20220824.mask,timezone.shp,VBD_platforms-recurring_2015_r20170330.shp,0.74017,VBD_bridges_c20160811.shp,14.122167;12.311656;9.816022;4.968679;7.298583;9.219633,85.094513;99.171051;112.915886;111.630913;98.030373;84.189926,npp_d20250902_t1858434_e1900076_b71766;npp_d20250902_t1900088_e1901330_b71766;npp_d20250902_t1901342_e1902584_b71766;npp_d20250902_t1902596_e1904238_b71766,148.342,52.8472,8.5274,-83.4233,93.9174,-118.076
288,VBD_npp_d20250902_t1858455_x1001524E_y120268N_l0020_s2181_v23,2025-09-02 21:06:36,12.026838,100.152435,6.05586,2025-09-02 18:58:45,2025-09-03 01:58:45,20,2181,0.288608,2,2337,0.222795,0.055,0.620605,0.4,0.527554,0.75,1.15246e-05,0.0001,1.57506e-17,999999,3.027724e-02,3,Thailand Exclusive Economic Zone,,,SVDNB_npp_d20250902_t1858434_e1900076_b71766_c20250902202635057000_oeac_ops.h5,GDNBO_npp_d20250902_t1858434_e1900076_b71766_c20250902202419882000_oeac_ops.h5,SVI04_npp_d20250902_t1858434_e1900076_b71766_c20250902202643623000_oeac_ops.dspace_rad,,eez_v11.shp,WPP_BFAR_merge.shp,vbd_mpa_r20170830.shp,VNF-VBD_npp_20120301-20151231_global_asia-enhanced_c201607211230.bitmask,vbd_landsea_r20220824.mask,timezone.shp,VBD_platforms-recurring_2015_r20170330.shp,999999,VBD_bridges_c20160811.shp,14.122167;12.311656;9.816022;4.968679;7.298583;9.219633,85.094513;99.171051;112.915886;111.630913;98.030373;84.189926,npp_d20250902_t1858434_e1900076_b71766;npp_d20250902_t1900088_e1901330_b71766;npp_d20250902_t1901342_e1902584_b71766;npp_d20250902_t1902596_e1904238_b71766,148.356,52.8692,8.52091,-82.2517,93.9051,-118.077
289,VBD_npp_d20250902_t1859228_x0996411E_y098393N_l0355_s2181_v23,2025-09-02 21:06:36,9.839332,99.641129,2.99418,2025-09-02 18:59:22,2025-09-03 01:59:22,355,2181,0.18625,1,2401,0.21507,0.055,0.800253,0.4,0.823201,0.75,5.91769e-05,0.0001,8.22562e-17,999999,2.481023e-01,3,Thailand Exclusive Economic Zone,,,SVDNB_npp_d20250902_t1858434_e1900076_b71766_c20250902202635057000_oeac_ops.h5,GDNBO_npp_d20250902_t1858434_e1900076_b71766_c20250902202419882000_oeac_ops.h5,SVI04_npp_d20250902_t1858434_e1900076_b71766_c20250902202643623000_oeac_ops.dspace_rad,,eez_v11.shp,WPP_BFAR_merge.shp,vbd_mpa_r20170830.shp,VNF-VBD_npp_20120301-20151231_global_asia-enhanced_c201607211230.bitmask,vbd_landsea_r20220824.mask,timezone.shp,VBD_platforms-recurring_2015_r20170330.shp,999999,VBD_bridges_c20160811.shp,14.122167;12.311656;9.816022;4.968679;7.298583;9.219633,85.094513;99.171051;112.915886;111.630913;98.030373;84.189926,npp_d20250902_t1858434_e1900076_b71766;npp_d20250902_t1900088_e1901330_b71766;npp_d20250902_t1901342_e1902584_b71766;npp_d20250902_t1902596_e1904238_b71766,149.921,55.4273,8.52171,-82.7313,92.5614,-118.216
290,VBD_npp_d20250902_t1859228_x0996378E_y098193N_l0358_s2181_v23,2025-09-02 21:06:36,9.819287,99.637848,2.51666,2025-09-02 18:59:22,2025-09-03 01:59:22,358,2181,0.247067,1,2401,0.181186,0.055,0.800253,0.4,0.758165,0.75,5.96404e-05,0.0001,9.26527e-17,999999,-1.863732e-04,3,Thailand Exclusive Economic Zone,,,SVDNB_npp_d20250902_t1858434_e1900076_b71766_c20250902202635057000_oeac_ops.h5,GDNBO_npp_d20250902_t1858434_e1900076_b71766_c20250902202419882000_oeac_ops.h5,SVI04_npp_d20250902_t1858434_e1900076_b71766_c20250902202643623000_oeac_ops.dspace_rad,,eez_v11.shp,WPP_BFAR_merge.shp,vbd_mpa_r20170830.shp,VNF-VBD_npp_20120301-20151231_global_asia-enhanced_c201607211230.bitmask,vbd_landsea_r20220824.mask,timezone.shp,VBD_platforms-recurring_2015_r20170330.shp,999999,VBD_bridges_c20160811.shp,14.122167;12.311656;9.816022;4.968679;7.298583;9.219633,85.094513;99.171051;112.915886;111.630913;98.030373;84.189926,npp_d20250902_t1858434_e1900076_b71766;npp_d20250902_t1900088_e1901330_b71766;npp_d20250902_t1901342_e1902584_b71766;npp_d20250902_t1902596_e1904238_b71766,149.935,55.4521,8.51763,-81.5595,92.5491,-118.217
291,VBD_npp_d20250902_t1859228_x0996346E_y097992N_l0361_s2181_v23,2025-09-02 21:06:36,9.799244,99.634575,2.07213,2025-09-02 18:59:22,2025-09-03 01:59:22,361,2181,0.278507,2,2337,0.147306,0.055,0.801783,0.4,0.713947,0.75,6.01039e-05,0.0001,1.0423e-16,999999,-4.884179e-03,3,Thailand Exclusive Economic Zone,,,SVDNB_npp_d20250902_t1858434_e1900076_b71766_c20250902202635057000_oeac_ops.h5,GDNBO_npp_d20250902_t1858434_e1900076_b71766_c20250902202419882000_oeac_ops.h5,SVI04_npp_d20250902_t1858434_e1900076_b71766_c20250902202643623000_oeac_ops.dspace_rad,,eez_v11.shp,WPP_BFAR_merge.shp,vbd_mpa_r20170830.shp,VNF-VBD_npp_20120301-20151231_global_asia-enhanced_c201607211230.bitmask,vbd_landsea_r20220824.mask,timezone.shp,VBD_platforms-recurring_2015_r20170330.shp,999999,VBD_bridges_c20160811.shp,14.122167;12.311656;9.816022;4.968679;7.298583;9.219633,85.094513;99.171051;112.915886;111.630913;98.030373;84.189926,npp_d20250902_t1858434_e1900076_b71766;npp_d20250902_t1900088_e1901330_b71766;npp_d20250902_t1901342_e1902584_b71766;npp_d20250902_t1902596_e1904238_b71766,149.949,55.4769,8.51708,-80.3877,92.5368,-118.218
292,VBD_npp_d20250902_t1859086_x0998380E_y106474N_l0231_s2182_v23,2025-09-02 21:06:36,10.647390,99.838005,2.90256,2025-09-02 18:59:08,2025-09-03 01:59:08,231,2182,0.377877,1,2401,0.242373,0.055,0.730708,0.4,0.872584,0.75,3.64447e-05,0.0001,4.77067e-17,999999,7.325561e-02,3,Thailand Exclusive Economic Zone,,,SVDNB_npp_d20250902_t1858434_e1900076_b71766_c20250902202635057000_oeac_ops.h5,GDNBO_npp_d20250902_t1858434_e1900076_b71766_c20250902202419882000_oeac_ops.h5,SVI04_npp_d20250902_t1858434_e1900076_b71766_c20250902202643623000_oeac_ops.dspace_rad,,eez_v11.shp,WPP_BFAR_merge.shp,vbd_mpa_r20170830.shp,VNF-VBD_npp_20120301-20151231_global_asia-enhanced_c201607211230.bitmask,vbd_landsea_r20220824.mask,timezone.shp,VBD_platforms-recurring_2015_r20170330.shp,999999,VBD_bridges_c20160811.shp,14.122167;12.311656;9.816022;4.968679;7.298583;9.219633,85.094513;99.171051;112.915886;111.630913;98.030373;84.189926,npp_d20250902_t1858434_e1900076_b71766;npp_d20250902_t1900088_e1901330_b71766;npp_d20250902_t1901342_e1902584_b71766;npp_d20250902_t1902596_e1904238_b71766,149.346,54.4555,8.57586,-81.1285,93.064,-118.17
293,VBD_npp_d20250902_t1858437_x1001771E_y120487N_l0016_s2183_v23,2025-09-02 21:06:36,12.048719,100.177132,8.26352,2025-09-02 18:58:43,2025-09-03 01:58:43,16,2183,0.222527,2,2337,0.293121,0.055,0.61477,0.4,0.697856,0.75,1.11045e-05,0.0001,2.0529e-17,999999,3.661180e-01,3,Thailand Exclusive Economic Zone,,,SVDNB_npp_d20250902_t1858434_e1900076_b71766_c20250902202635057000_oeac_ops.h5,GDNBO_npp_d20250902_t1858434_e1900076_b71766_c20250902202419882000_oeac_ops.h5,SVI04_npp_d20250902_t1858434_e1900076_b71766_c20250902202643623000_oeac_ops.dspace_rad,,eez_v11.shp,WPP_BFAR_merge.shp,vbd_mpa_r20170830.shp,VNF-VBD_npp_20120301-20151231_global_asia-enhanced_c201607211230.bitmask,vbd_landsea_r20220824.mask,timezone.shp,VBD_platforms-recurring_2015_r20170330.shp,999999,VBD_bridges_c20160811.shp,14.122167;12.311656;9.816022;4.968679;7.298583;9.219633,85.094513;99.171051;112.915886;111.630913;98.030373;84.189926,npp_d20250902_t1858434_e1900076_b71766;npp_d20250902_t1900088_e1901330_b71766;npp_d20250902_t1901342_e1902584_b71766;npp_d20250902_t1902596_e1904238_b71766,148.33,52.861,8.64478,-77.587,93.9305,-118.073
294,VBD_npp_d20250902_t1858490_x1001146E_y118023N_l0054_s2183_v23,2025-09-02 21:06:36,11.802330,100.114601,5.02511,2025-09-02 18:58:49,2025-09-03 01:58:49,54,2183,0.233268,8,18785,0.314612,0.055,0.673424,0.4,0.818266,0.75,1.37457e-05,0.0001,1.74653e-17,999999,-2.100389e-01,3,Thailand Exclusive Economic Zone,,,SVDNB_npp_d20250902_t1858434_e1900076_b71766_c20250902202635057000_oeac_ops.h5,GDNBO_npp_d20250902_t1858434_e1900076_b71766_c20250902202419882000_oeac_ops.h5,SVI04_npp_d20250902_t1858434_e1900076_b71766_c20250902202643623000_oeac_ops.dspace_rad,,eez_v11.shp,WPP_BFAR_merge.shp,vbd_mpa_r20170830.shp,VNF-VBD_npp_20120301-20151231_global_asia-enhanced_c201607211230.bitmask,vbd_landsea_r20220824.mask,timezone.shp,VBD_platforms-recurring_2015_r20170330.shp,0.303715,VBD_bridges_c20160811.shp,14.122167;12.311656;9.816022;4.968679;7.298583;9.219633,85.094513;99.171051;112.915886;111.630913;98.030373;84.189926,npp_d20250902_t1858434_e1900076_b71766;npp_d20250902_t1900088_e1901330_b71766;npp_d20250902_t1901342_e1902584_b71766;npp_d20250902_t1902596_e1904238_b71766,148.509,53.1342,8.63269,-81.4658,93.7792,-118.092
295,VBD_npp_d20250902_t1858455_x1001764E_y120436N_l0017_s2184_v23,2025-09-02 21:06:36,12.043566,100.176369,3.76854,2025-09-02 18:58:45,2025-09-03 01:58:45,17,2184,0.228858,2,2337,0.0736736,0.055,0.61477,0.4,0.300834,0.75,1.11217e-05,0.0001,1.11082e-17,999999,2.168694e-01,3,Thailand Exclusive Economic Zone,,,SVDNB_npp_d20250902_t1858434_e1900076_b71766_c20250902202635057000_oeac_ops.h5,GDNBO_npp_d20250902_t1858434_e1900076_b71766_c20250902202419882000_oeac_ops.h5,SVI04_npp_d20250902_t1858434_e1900076_b71766_c20250902202643623000_oeac_ops.dspace_rad,,eez_v11.shp,WPP_BFAR_merge.shp,vbd_mpa_r20170830.shp,VNF-VBD_npp_20120301-20151231_global_asia-enhanced_c201607211230.bitmask,vbd_landsea_r20220824.mask,timezone.shp,VBD_platforms-recurring_2015_r20170330.shp,999999,VBD_bridges_c20160811.shp,14.122167;12.311656;9.816022;4.968679;7.298583;9.219633,85.094513;99.171051;112.915886;111.630913;98.030373;84.189926,npp_d20250902_t1858434_e1900076_b71766;npp_d20250902_t1900088_e1901330_b71766;npp_d20250902_t1901342_e1902584_b71766;npp_d20250902_t1902596_e1904238_b71766,148.328,52.8755,8.70137,-83.3672,93.9336,-118.072
296,VBD_npp_d20250902_t1859086_x0998528E_y106519N_l0230_s2184_v23,2025-09-02 21:06:36,10.651875,99.852768,2.86459,2025-09-02 18:59:08,2025-09-03 01:59:08,230,2184,0.383283,1,2401,0.22709,0.055,0.73221,0.4,0.870687,0.75,3.58777e-05,0.0001,3.96969e-17,999999,5.011299e-02,3,Thailand Exclusive Economic Zone,,,SVDNB_npp_d20250902_t1858434_e1900076_b71766_c20250902202635057000_oeac_ops.h5,GDNBO_npp_d20250902_t1858434_e1900076_b71766_c20250902202419882000_oeac_ops.h5,SVI04_npp_d20250902_t1858434_e1900076_b71766_c20250902202643623000_oeac_ops.dspace_rad,,eez_v11.shp,WPP_BFAR_merge.shp,vbd_mpa_r20170830.shp,VNF-VBD_npp_20120301-20151231_global_asia-enhanced_c201607211230.bitmask,vbd_landsea_r20220824.mask,timezone.shp,VBD_platforms-recurring_2015_r20170330.shp,999999,VBD_bridges_c20160811.shp,14.122167;12.311656;9.816022;4.968679;7.298583;9.219633,85.094513;99.171051;112.915886;111.630913;98.030373;84.189926,npp_d20250902_t1858434_e1900076_b71766;npp_d20250902_t1900088_e1901330_b71766;npp_d20250902_t1901342_e1902584_b71766;npp_d20250902_t1902596_e1904238_b71766,149.332,54.4663,8.69252,-81.5055,93.0789,-118.168
297,VBD_npp_d20250902_t1859228_x0996673E_y098283N_l0356_s2185_v23,2025-09-02 21:06:36,9.828281,99.667297,3.50665,2025-09-02 18:59:22,2025-09-03 01:59:22,356,2185,0.200334,1,2401,0.246225,0.055,0.782781,0.4,0.820016,0.75,5.8027e-05,0.0001,6.45937e-17,999999,1.375278e-01,3,Thailand Exclusive Economic Zone,,,SVDNB_npp_d20250902_t1858434_e1900076_b71766_c20250902202635057000_oeac_ops.h5,GDNBO_npp_d20250902_t1858434_e1900076_b71766_c20250902202419882000_oeac_ops.h5,SVI04_npp_d20250902_t1858434_e1900076_b71766_c20250902202643623000_oeac_ops.dspace_rad,,eez_v11.shp,WPP_BFAR_merge.shp,vbd_mpa_r20170830.shp,VNF-VBD_npp_20120301-20151231_global_asia-enhanced_c201607211230.bitmask,vbd_landsea_r20220824.mask,timezone.shp,VBD_platforms-recurring_2015_r20170330.shp,999999,VBD_bridges_c20160811.shp,14.122167;12.311656;9.816022;4.968679;7.298583;9.219633,85.094513;99.171051;112.915886;111.630913;98.030373;84.189926,npp_d20250902_t1858434_e1900076_b71766;npp_d20250902_t1900088_e1901330_b71766;npp_d20250902_t1901342_e1902584_b71766;npp_d20250902_t1902596_e1904238_b71766,149.906,55.4727,8.75203,-82.2986,92.5789,-118.213
298,VBD_npp_d20250902_t1858437_x1001977E_y120454N_l0016_s2186_v23,2025-09-02 21:06:36,12.045368,100.197731,3.43716,2025-09-02 18:58:43,2025-09-03 01:58:43,16,2186,0.22146,2,2337,0.0602778,0.055,0.61477,0.4,0.330953,0.75,1.09488e-05,0.0001,1.64178e-17,999999,2.242040e-01,3,Thailand Exclusive Economic Zone,,,SVDNB_npp_d20250902_t1858434_e1900076_b71766_c20250902202635057000_oeac_ops.h5,GDNBO_npp_d20250902_t1858434_e1900076_b71766_c20250902202419882000_oeac_ops.h5,SVI04_npp_d20250902_t1858434_e1900076_b71766_c20250902202643623000_oeac_ops.dspace_rad,,eez_v11.shp,WPP_BFAR_merge.shp,vbd_mpa_r20170830.shp,VNF-VBD_npp_20120301-20151231_global_asia-enhanced_c201607211230.bitmask,vbd_landsea_r20220824.mask,timezone.shp,VBD_platforms-recurring_2015_r20170330.shp,999999,VBD_bridges_c20160811.shp,14.122167;12.311656;9.816022;4.968679;7.298583;9.219633,85.094513;99.171051;112.915886;111.630913;98.030373;84.189926,npp_d20250902_t1858434_e1900076_b71766;npp_d20250902_t1900088_e1901330_b71766;npp_d20250902_t1901342_e1902584_b71766;npp_d20250902_t1902596_e1904238_b71766,148.316,52.8894,8.81871,-77.6457,93.9467,-118.069
299,VBD_npp_d20250902_t1858544_x1000705E_y114978N_l0100_s2187_v23,2025-09-02 21:06:36,11.497777,100.070496,2.10137,2025-09-02 18:58:54,2025-09-03 01:58:54,100,2187,0.385986,8,18785,0.173611,0.055,0.682425,0.4,0.810073,0.75,1.67678e-05,0.0001,1.5367e-17,999999,-1.525309e-01,3,Thailand Exclusive Economic Zone,,,SVDNB_npp_d20250902_t1858434_e1900076_b71766_c20250902202635057000_oeac_ops.h5,GDNBO_npp_d20250902_t1858434_e1900076_b71766_c20250902202419882000_oeac_ops.h5,SVI04_npp_d20250902_t1858434_e1900076_b71766_c20250902202643623000_oeac_ops.dspace_rad,,eez_v11.shp,WPP_BFAR_merge.shp,vbd_mpa_r20170830.shp,VNF-VBD_npp_20120301-20151231_global_asia-enhanced_c201607211230.bitmask,vbd_landsea_r20220824.mask,timezone.shp,VBD_platforms-recurring_2015_r20170330.shp,0.219271,VBD_bridges_c20160811.shp,14.122167;12.311656;9.816022;4.968679;7.298583;9.219633,85.094513;99.171051;112.915886;111.630913;98.030373;84.189926,npp_d20250902_t1858434_e1900076_b71766;npp_d20250902_t1900088_e1901330_b71766;npp_d20250902_t1901342_e1902584_b71766;npp_d20250902_t1902596_e1904238_b71766,148.708,53.5092,8.86536,-82.2013,93.6163,-118.109
300,VBD_npp_d20250902_t1859246_x0996538E_y097017N_l0375_s2187_v23,2025-09-02 21:06:36,9.701660,99.653778,1.30943,2025-09-02 18:59:24,2025-09-03 01:59:24,375,2187,0.210506,10,2305,0.0794072,0.055,0.369376,0.4,0.666797,0.75,6.0293e-05,0.0001,6.80266e-17,999999,-2.878620e-01,3,Thailand Exclusive Economic Zone,,,SVDNB_npp_d20250902_t1858434_e1900076_b71766_c20250902202635057000_oeac_ops.h5,GDNBO_npp_d20250902_t1858434_e1900076_b71766_c20250902202419882000_oeac_ops.h5,SVI04_npp_d20250902_t1858434_e1900076_b71766_c20250902202643623000_oeac_ops.dspace_rad,,eez_v11.shp,WPP_BFAR_merge.shp,vbd_mpa_r20170830.shp,VNF-VBD_npp_20120301-20151231_global_asia-enhanced_c201607211230.bitmask,vbd_landsea_r20220824.mask,timezone.shp,VBD_platforms-recurring_2015_r20170330.shp,999999,VBD_bridges_c20160811.shp,14.122167;12.311656;9.816022;4.968679;7.298583;9.219633,85.094513;99.171051;112.915886;111.630913;98.030373;84.189926,npp_d20250902_t1858434_e1900076_b71766;npp_d20250902_t1900088_e1901330_b71766;npp_d20250902_t1901342_e1902584_b71766;npp_d20250902_t1902596_e1904238_b71766,149.983,55.6463,8.86809,-81.1662,92.5135,-118.217
301,VBD_npp_d20250902_t1859228_x0996812E_y097849N_l0362_s2188_v23,2025-09-02 21:06:36,9.784874,99.681198,1.23731,2025-09-02 18:59:22,2025-09-03 01:59:22,362,2188,0.145208,2,2337,0.0664043,0.055,0.676606,0.4,0.565463,0.75,5.80486e-05,0.0001,6.61616e-17,999999,-2.251105e-01,1,Thailand Exclusive Economic Zone,,,SVDNB_npp_d20250902_t1858434_e1900076_b71766_c20250902202635057000_oeac_ops.h5,GDNBO_npp_d20250902_t1858434_e1900076_b71766_c20250902202419882000_oeac_ops.h5,SVI04_npp_d20250902_t1858434_e1900076_b71766_c20250902202643623000_oeac_ops.dspace_rad,,eez_v11.shp,WPP_BFAR_merge.shp,vbd_mpa_r20170830.shp,VNF-VBD_npp_20120301-20151231_global_asia-enhanced_c201607211230.bitmask,vbd_landsea_r20220824.mask,timezone.shp,VBD_platforms-recurring_2015_r20170330.shp,999999,VBD_bridges_c20160811.shp,14.122167;12.311656;9.816022;4.968679;7.298583;9.219633,85.094513;99.171051;112.915886;111.630913;98.030373;84.189926,npp_d20250902_t1858434_e1900076_b71766;npp_d20250902_t1900088_e1901330_b71766;npp_d20250902_t1901342_e1902584_b71766;npp_d20250902_t1902596_e1904238_b71766,149.919,55.5502,8.92393,-80.0306,92.5705,-118.212
302,VBD_npp_d20250902_t1858526_x1001004E_y115466N_l0092_s2189_v23,2025-09-02 21:06:36,11.546573,100.100357,4.40843,2025-09-02 18:58:52,2025-09-03 01:58:52,92,2189,0.31514,8,18721,0.180171,0.055,0.603956,0.4,0.544717,0.75,1.59147e-05,0.0001,1.68188e-17,999999,-5.794275e-01,3,Thailand Exclusive Economic Zone,,,SVDNB_npp_d20250902_t1858434_e1900076_b71766_c20250902202635057000_oeac_ops.h5,GDNBO_npp_d20250902_t1858434_e1900076_b71766_c20250902202419882000_oeac_ops.h5,SVI04_npp_d20250902_t1858434_e1900076_b71766_c20250902202643623000_oeac_ops.dspace_rad,,eez_v11.shp,WPP_BFAR_merge.shp,vbd_mpa_r20170830.shp,VNF-VBD_npp_20120301-20151231_global_asia-enhanced_c201607211230.bitmask,vbd_landsea_r20220824.mask,timezone.shp,VBD_platforms-recurring_2015_r20170330.shp,0.950329,VBD_bridges_c20160811.shp,14.122167;12.311656;9.816022;4.968679;7.298583;9.219633,85.094513;99.171051;112.915886;111.630913;98.030373;84.189926,npp_d20250902_t1858434_e1900076_b71766;npp_d20250902_t1900088_e1901330_b71766;npp_d20250902_t1901342_e1902584_b71766;npp_d20250902_t1902596_e1904238_b71766,148.662,53.4707,8.98571,-79.2177,93.6589,-118.103
303,VBD_npp_d20250902_t1900073_x0990857E_y071715N_l0762_s2189_v23,2025-09-02 21:06:36,7.171466,99.085732,3.20847,2025-09-02 19:00:07,2025-09-03 02:00:07,762,2189,0.349283,1,2529,0.231163,0.108972,0.738906,0.4,0.782086,0.75,0.000208987,0.0001,4.19083e-16,999999,1.335606e-01,3,Thailand Exclusive Economic Zone,,,SVDNB_npp_d20250902_t1858434_e1900076_b71766_c20250902202635057000_oeac_ops.h5,GDNBO_npp_d20250902_t1858434_e1900076_b71766_c20250902202419882000_oeac_ops.h5,SVI04_npp_d20250902_t1858434_e1900076_b71766_c20250902202643623000_oeac_ops.dspace_rad,,eez_v11.shp,WPP_BFAR_merge.shp,vbd_mpa_r20170830.shp,VNF-VBD_npp_20120301-20151231_global_asia-enhanced_c201607211230.bitmask,vbd_landsea_r20220824.mask,timezone.shp,VBD_platforms-recurring_2015_r20170330.shp,999999,VBD_bridges_c20160811.shp,14.122167;12.311656;9.816022;4.968679;7.298583;9.219633,85.094513;99.171051;112.915886;111.630913;98.030373;84.189926,npp_d20250902_t1858434_e1900076_b71766;npp_d20250902_t1900088_e1901330_b71766;npp_d20250902_t1901342_e1902584_b71766;npp_d20250902_t1902596_e1904238_b71766,151.674,59.0331,8.97949,-80.1622,90.9705,-118.304
304,VBD_npp_d20250902_t1900073_x0990836E_y071581N_l0764_s2189_v23,2025-09-02 21:06:36,7.158081,99.083580,3.33474,2025-09-02 19:00:07,2025-09-03 02:00:07,764,2189,0.327872,1,2529,0.244419,0.108972,0.751094,0.4,0.784107,0.75,0.000208987,0.0001,4.51063e-16,999999,1.429818e-02,3,Thailand Exclusive Economic Zone,,,SVDNB_npp_d20250902_t1858434_e1900076_b71766_c20250902202635057000_oeac_ops.h5,GDNBO_npp_d20250902_t1858434_e1900076_b71766_c20250902202419882000_oeac_ops.h5,SVI04_npp_d20250902_t1858434_e1900076_b71766_c20250902202643623000_oeac_ops.dspace_rad,,eez_v11.shp,WPP_BFAR_merge.shp,vbd_mpa_r20170830.shp,VNF-VBD_npp_20120301-20151231_global_asia-enhanced_c201607211230.bitmask,vbd_landsea_r20220824.mask,timezone.shp,VBD_platforms-recurring_2015_r20170330.shp,999999,VBD_bridges_c20160811.shp,14.122167;12.311656;9.816022;4.968679;7.298583;9.219633,85.094513;99.171051;112.915886;111.630913;98.030373;84.189926,npp_d20250902_t1858434_e1900076_b71766;npp_d20250902_t1900088_e1901330_b71766;npp_d20250902_t1901342_e1902584_b71766;npp_d20250902_t1902596_e1904238_b71766,151.683,59.0521,8.9817,-79.4209,90.9623,-118.304
305,VBD_npp_d20250902_t1900037_x0991408E_y073793N_l0730_s2190_v23,2025-09-02 21:06:36,7.379313,99.140808,1.53365,2025-09-02 19:00:03,2025-09-03 02:00:03,730,2190,0.422903,2,2465,0.129463,0.108972,0.540367,0.4,0.743969,0.75,0.000208241,0.0001,3.36394e-16,999999,-7.227529e-02,3,Thailand Exclusive Economic Zone,,,SVDNB_npp_d20250902_t1858434_e1900076_b71766_c20250902202635057000_oeac_ops.h5,GDNBO_npp_d20250902_t1858434_e1900076_b71766_c20250902202419882000_oeac_ops.h5,SVI04_npp_d20250902_t1858434_e1900076_b71766_c20250902202643623000_oeac_ops.dspace_rad,,eez_v11.shp,WPP_BFAR_merge.shp,vbd_mpa_r20170830.shp,VNF-VBD_npp_20120301-20151231_global_asia-enhanced_c201607211230.bitmask,vbd_landsea_r20220824.mask,timezone.shp,VBD_platforms-recurring_2015_r20170330.shp,999999,VBD_bridges_c20160811.shp,14.122167;12.311656;9.816022;4.968679;7.298583;9.219633,85.094513;99.171051;112.915886;111.630913;98.030373;84.189926,npp_d20250902_t1858434_e1900076_b71766;npp_d20250902_t1900088_e1901330_b71766;npp_d20250902_t1901342_e1902584_b71766;npp_d20250902_t1902596_e1904238_b71766,151.532,58.7471,9.04091,-80.1567,91.1047,-118.298
306,VBD_npp_d20250902_t1900073_x0990947E_y071838N_l0760_s2190_v23,2025-09-02 21:06:36,7.183760,99.094696,3.49021,2025-09-02 19:00:07,2025-09-03 02:00:07,760,2190,0.33719,2,2465,0.215826,0.108972,0.738906,0.4,0.747169,0.75,0.000208241,0.0001,3.63909e-16,999999,8.760931e-02,3,Thailand Exclusive Economic Zone,,,SVDNB_npp_d20250902_t1858434_e1900076_b71766_c20250902202635057000_oeac_ops.h5,GDNBO_npp_d20250902_t1858434_e1900076_b71766_c20250902202419882000_oeac_ops.h5,SVI04_npp_d20250902_t1858434_e1900076_b71766_c20250902202643623000_oeac_ops.dspace_rad,,eez_v11.shp,WPP_BFAR_merge.shp,vbd_mpa_r20170830.shp,VNF-VBD_npp_20120301-20151231_global_asia-enhanced_c201607211230.bitmask,vbd_landsea_r20220824.mask,timezone.shp,VBD_platforms-recurring_2015_r20170330.shp,999999,VBD_bridges_c20160811.shp,14.122167;12.311656;9.816022;4.968679;7.298583;9.219633,85.094513;99.171051;112.915886;111.630913;98.030373;84.189926,npp_d20250902_t1858434_e1900076_b71766;npp_d20250902_t1900088_e1901330_b71766;npp_d20250902_t1901342_e1902584_b71766;npp_d20250902_t1902596_e1904238_b71766,151.66,59.0231,9.03684,-80.9035,90.9842,-118.303
307,VBD_npp_d20250902_t1859264_x0996629E_y096328N_l0385_s2191_v23,2025-09-02 21:06:36,9.632767,99.662918,1.28274,2025-09-02 18:59:26,2025-09-03 01:59:26,385,2191,0.270683,10,2305,0.0882764,0.055,0.375852,0.4,0.678297,0.75,6.05411e-05,0.0001,4.38638e-17,999999,-1.092746e-01,3,Thailand Exclusive Economic Zone,,,SVDNB_npp_d20250902_t1858434_e1900076_b71766_c20250902202635057000_oeac_ops.h5,GDNBO_npp_d20250902_t1858434_e1900076_b71766_c20250902202419882000_oeac_ops.h5,SVI04_npp_d20250902_t1858434_e1900076_b71766_c20250902202643623000_oeac_ops.dspace_rad,,eez_v11.shp,WPP_BFAR_merge.shp,vbd_mpa_r20170830.shp,VNF-VBD_npp_20120301-20151231_global_asia-enhanced_c201607211230.bitmask,vbd_landsea_r20220824.mask,timezone.shp,VBD_platforms-recurring_2015_r20170330.shp,999999,VBD_bridges_c20160811.shp,14.122167;12.311656;9.816022;4.968679;7.298583;9.219633,85.094513;99.171051;112.915886;111.630913;98.030373;84.189926,npp_d20250902_t1858434_e1900076_b71766;npp_d20250902_t1900088_e1901330_b71766;npp_d20250902_t1901342_e1902584_b71766;npp_d20250902_t1902596_e1904238_b71766,150.008,55.7636,9.10522,-83.3431,92.4951,-118.216
308,VBD_npp_d20250902_t1858526_x1001254E_y115700N_l0088_s2192_v23,2025-09-02 21:06:36,11.569986,100.125412,4.09727,2025-09-02 18:58:52,2025-09-03 01:58:52,88,2192,0.221318,2,2337,0.197059,0.055,0.571041,0.4,0.621877,0.75,1.54133e-05,0.0001,1.14077e-17,999999,-3.449282e-01,3,Thailand Exclusive Economic Zone,,,SVDNB_npp_d20250902_t1858434_e1900076_b71766_c20250902202635057000_oeac_ops.h5,GDNBO_npp_d20250902_t1858434_e1900076_b71766_c20250902202419882000_oeac_ops.h5,SVI04_npp_d20250902_t1858434_e1900076_b71766_c20250902202643623000_oeac_ops.dspace_rad,,eez_v11.shp,WPP_BFAR_merge.shp,vbd_mpa_r20170830.shp,VNF-VBD_npp_20120301-20151231_global_asia-enhanced_c201607211230.bitmask,vbd_landsea_r20220824.mask,timezone.shp,VBD_platforms-recurring_2015_r20170330.shp,999999,VBD_bridges_c20160811.shp,14.122167;12.311656;9.816022;4.968679;7.298583;9.219633,85.094513;99.171051;112.915886;111.630913;98.030373;84.189926,npp_d20250902_t1858434_e1900076_b71766;npp_d20250902_t1900088_e1901330_b71766;npp_d20250902_t1901342_e1902584_b71766;npp_d20250902_t1902596_e1904238_b71766,148.628,53.4688,9.15697,-80.6976,93.6916,-118.097
309,VBD_npp_d20250902_t1859032_x0999847E_y109835N_l0178_s2192_v23,2025-09-02 21:06:36,10.983505,99.984680,5.67638,2025-09-02 18:59:03,2025-09-03 01:59:03,178,2192,0.300985,1,2401,0.397906,0.055,0.800413,0.4,0.902407,0.75,2.53519e-05,0.0001,1.47568e-17,999999,-9.843700e-02,3,Thailand Exclusive Economic Zone,,,SVDNB_npp_d20250902_t1858434_e1900076_b71766_c20250902202635057000_oeac_ops.h5,GDNBO_npp_d20250902_t1858434_e1900076_b71766_c20250902202419882000_oeac_ops.h5,SVI04_npp_d20250902_t1858434_e1900076_b71766_c20250902202643623000_oeac_ops.dspace_rad,,eez_v11.shp,WPP_BFAR_merge.shp,vbd_mpa_r20170830.shp,VNF-VBD_npp_20120301-20151231_global_asia-enhanced_c201607211230.bitmask,vbd_landsea_r20220824.mask,timezone.shp,VBD_platforms-recurring_2015_r20170330.shp,999999,VBD_bridges_c20160811.shp,14.122167;12.311656;9.816022;4.968679;7.298583;9.219633,85.094513;99.171051;112.915886;111.630913;98.030373;84.189926,npp_d20250902_t1858434_e1900076_b71766;npp_d20250902_t1900088_e1901330_b71766;npp_d20250902_t1901342_e1902584_b71766;npp_d20250902_t1902596_e1904238_b71766,149.051,54.1406,9.15869,-82.9142,93.3309,-118.138
310,VBD_npp_d20250902_t1859032_x0999803E_y109567N_l0182_s2192_v23,2025-09-02 21:06:36,10.956749,99.980255,2.88818,2025-09-02 18:59:03,2025-09-03 01:59:03,182,2192,0.302194,1,2401,0.226155,0.055,0.811479,0.4,0.811416,0.75,2.58132e-05,0.0001,1.73986e-17,999999,4.078731e-02,3,Thailand Exclusive Economic Zone,,,SVDNB_npp_d20250902_t1858434_e1900076_b71766_c20250902202635057000_oeac_ops.h5,GDNBO_npp_d20250902_t1858434_e1900076_b71766_c20250902202419882000_oeac_ops.h5,SVI04_npp_d20250902_t1858434_e1900076_b71766_c20250902202643623000_oeac_ops.dspace_rad,,eez_v11.shp,WPP_BFAR_merge.shp,vbd_mpa_r20170830.shp,VNF-VBD_npp_20120301-20151231_global_asia-enhanced_c201607211230.bitmask,vbd_landsea_r20220824.mask,timezone.shp,VBD_platforms-recurring_2015_r20170330.shp,999999,VBD_bridges_c20160811.shp,14.122167;12.311656;9.816022;4.968679;7.298583;9.219633,85.094513;99.171051;112.915886;111.630913;98.030373;84.189926,npp_d20250902_t1858434_e1900076_b71766;npp_d20250902_t1900088_e1901330_b71766;npp_d20250902_t1901342_e1902584_b71766;npp_d20250902_t1902596_e1904238_b71766,149.07,54.1717,9.15281,-81.4594,93.3144,-118.139
311,VBD_npp_d20250902_t1900073_x0991175E_y071526N_l0764_s2194_v23,2025-09-02 21:06:36,7.152626,99.117531,3.62595,2025-09-02 19:00:07,2025-09-03 02:00:07,764,2194,0.349709,8,18913,0.264174,0.108972,0.756239,0.4,0.762104,0.75,0.000205254,0.0001,3.22034e-16,999999,6.790880e-02,3,Thailand Exclusive Economic Zone,,,SVDNB_npp_d20250902_t1858434_e1900076_b71766_c20250902202635057000_oeac_ops.h5,GDNBO_npp_d20250902_t1858434_e1900076_b71766_c20250902202419882000_oeac_ops.h5,SVI04_npp_d20250902_t1858434_e1900076_b71766_c20250902202643623000_oeac_ops.dspace_rad,,eez_v11.shp,WPP_BFAR_merge.shp,vbd_mpa_r20170830.shp,VNF-VBD_npp_20120301-20151231_global_asia-enhanced_c201607211230.bitmask,vbd_landsea_r20220824.mask,timezone.shp,VBD_platforms-recurring_2015_r20170330.shp,0.761293,VBD_bridges_c20160811.shp,14.122167;12.311656;9.816022;4.968679;7.298583;9.219633,85.094513;99.171051;112.915886;111.630913;98.030373;84.189926,npp_d20250902_t1858434_e1900076_b71766;npp_d20250902_t1900088_e1901330_b71766;npp_d20250902_t1901342_e1902584_b71766;npp_d20250902_t1902596_e1904238_b71766,151.656,59.0971,9.27201,-79.4662,90.9894,-118.3
312,VBD_npp_d20250902_t1858526_x1001440E_y115120N_l0096_s2196_v23,2025-09-02 21:06:36,11.512006,100.144005,2.97296,2025-09-02 18:58:52,2025-09-03 01:58:52,96,2196,0.30696,1,2401,0.223368,0.055,0.784688,0.4,0.783952,0.75,1.56235e-05,0.0001,1.16739e-17,999999,-3.725116e-01,3,Thailand Exclusive Economic Zone,,,SVDNB_npp_d20250902_t1858434_e1900076_b71766_c20250902202635057000_oeac_ops.h5,GDNBO_npp_d20250902_t1858434_e1900076_b71766_c20250902202419882000_oeac_ops.h5,SVI04_npp_d20250902_t1858434_e1900076_b71766_c20250902202643623000_oeac_ops.dspace_rad,,eez_v11.shp,WPP_BFAR_merge.shp,vbd_mpa_r20170830.shp,VNF-VBD_npp_20120301-20151231_global_asia-enhanced_c201607211230.bitmask,vbd_landsea_r20220824.mask,timezone.shp,VBD_platforms-recurring_2015_r20170330.shp,999999,VBD_bridges_c20160811.shp,14.122167;12.311656;9.816022;4.968679;7.298583;9.219633,85.094513;99.171051;112.915886;111.630913;98.030373;84.189926,npp_d20250902_t1858434_e1900076_b71766;npp_d20250902_t1900088_e1901330_b71766;npp_d20250902_t1901342_e1902584_b71766;npp_d20250902_t1902596_e1904238_b71766,148.648,53.5668,9.40055,-77.8589,93.6804,-118.096
313,VBD_npp_d20250902_t1858544_x1001439E_y114722N_l0102_s2198_v23,2025-09-02 21:06:36,11.472222,100.143852,11.2209,2025-09-02 18:58:54,2025-09-03 01:58:54,102,2198,0.372685,8,18785,0.606454,0.055,0.854153,0.4,0.955377,0.75,1.60857e-05,0.0001,7.29125e-18,999999,-8.067791e-02,3,Thailand Exclusive Economic Zone,,,SVDNB_npp_d20250902_t1858434_e1900076_b71766_c20250902202635057000_oeac_ops.h5,GDNBO_npp_d20250902_t1858434_e1900076_b71766_c20250902202419882000_oeac_ops.h5,SVI04_npp_d20250902_t1858434_e1900076_b71766_c20250902202643623000_oeac_ops.dspace_rad,,eez_v11.shp,WPP_BFAR_merge.shp,vbd_mpa_r20170830.shp,VNF-VBD_npp_20120301-20151231_global_asia-enhanced_c201607211230.bitmask,vbd_landsea_r20220824.mask,timezone.shp,VBD_platforms-recurring_2015_r20170330.shp,0.283876,VBD_bridges_c20160811.shp,14.122167;12.311656;9.816022;4.968679;7.298583;9.219633,85.094513;99.171051;112.915886;111.630913;98.030373;84.189926,npp_d20250902_t1858434_e1900076_b71766;npp_d20250902_t1900088_e1901330_b71766;npp_d20250902_t1901342_e1902584_b71766;npp_d20250902_t1902596_e1904238_b71766,148.666,53.6278,9.50183,-81.3941,93.6677,-118.097
314,VBD_npp_d20250902_t1859299_x0996846E_y093369N_l0428_s2203_v23,2025-09-02 21:06:36,9.336939,99.684578,3.0098,2025-09-02 18:59:29,2025-09-03 01:59:29,428,2203,0.151183,2,2337,0.142596,0.055,0.738546,0.4,0.672293,0.75,7.29399e-05,0.0001,3.33273e-17,999999,1.848872e-02,1,,,,SVDNB_npp_d20250902_t1858434_e1900076_b71766_c20250902202635057000_oeac_ops.h5,GDNBO_npp_d20250902_t1858434_e1900076_b71766_c20250902202419882000_oeac_ops.h5,SVI04_npp_d20250902_t1858434_e1900076_b71766_c20250902202643623000_oeac_ops.dspace_rad,,eez_v11.shp,WPP_BFAR_merge.shp,vbd_mpa_r20170830.shp,VNF-VBD_npp_20120301-20151231_global_asia-enhanced_c201607211230.bitmask,vbd_landsea_r20220824.mask,timezone.shp,VBD_platforms-recurring_2015_r20170330.shp,999999,VBD_bridges_c20160811.shp,14.122167;12.311656;9.816022;4.968679;7.298583;9.219633,85.094513;99.171051;112.915886;111.630913;98.030373;84.189926,npp_d20250902_t1858434_e1900076_b71766;npp_d20250902_t1900088_e1901330_b71766;npp_d20250902_t1901342_e1902584_b71766;npp_d20250902_t1902596_e1904238_b71766,150.144,56.2306,9.79659,-79.4275,92.3866,-118.217
315,VBD_npp_d20250902_t1859299_x0996824E_y093235N_l0430_s2203_v23,2025-09-02 21:06:36,9.323533,99.682381,7.41387,2025-09-02 18:59:29,2025-09-03 01:59:29,430,2203,0.160999,1,2401,0.38273,0.055,0.738546,0.4,0.804373,0.75,7.36911e-05,0.0001,3.60204e-17,999999,-1.068367e-01,1,,,,SVDNB_npp_d20250902_t1858434_e1900076_b71766_c20250902202635057000_oeac_ops.h5,GDNBO_npp_d20250902_t1858434_e1900076_b71766_c20250902202419882000_oeac_ops.h5,SVI04_npp_d20250902_t1858434_e1900076_b71766_c20250902202643623000_oeac_ops.dspace_rad,,eez_v11.shp,WPP_BFAR_merge.shp,vbd_mpa_r20170830.shp,VNF-VBD_npp_20120301-20151231_global_asia-enhanced_c201607211230.bitmask,vbd_landsea_r20220824.mask,timezone.shp,VBD_platforms-recurring_2015_r20170330.shp,999999,VBD_bridges_c20160811.shp,14.122167;12.311656;9.816022;4.968679;7.298583;9.219633,85.094513;99.171051;112.915886;111.630913;98.030373;84.189926,npp_d20250902_t1858434_e1900076_b71766;npp_d20250902_t1900088_e1901330_b71766;npp_d20250902_t1901342_e1902584_b71766;npp_d20250902_t1902596_e1904238_b71766,150.153,56.2476,9.8,-78.7474,92.3784,-118.218
316,VBD_npp_d20250902_t1859210_x0998116E_y098518N_l0349_s2204_v23,2025-09-02 21:06:36,9.851846,99.811584,1.22858,2025-09-02 18:59:21,2025-09-03 01:59:21,349,2204,0.109144,10,2305,0.0729317,0.055,0.315344,0.4,0.621106,0.75,5.1535e-05,0.0001,2.1406e-17,999999,-2.400163e-01,3,Thailand Exclusive Economic Zone,,,SVDNB_npp_d20250902_t1858434_e1900076_b71766_c20250902202635057000_oeac_ops.h5,GDNBO_npp_d20250902_t1858434_e1900076_b71766_c20250902202419882000_oeac_ops.h5,SVI04_npp_d20250902_t1858434_e1900076_b71766_c20250902202643623000_oeac_ops.dspace_rad,,eez_v11.shp,WPP_BFAR_merge.shp,vbd_mpa_r20170830.shp,VNF-VBD_npp_20120301-20151231_global_asia-enhanced_c201607211230.bitmask,vbd_landsea_r20220824.mask,timezone.shp,VBD_platforms-recurring_2015_r20170330.shp,999999,VBD_bridges_c20160811.shp,14.122167;12.311656;9.816022;4.968679;7.298583;9.219633,85.094513;99.171051;112.915886;111.630913;98.030373;84.189926,npp_d20250902_t1858434_e1900076_b71766;npp_d20250902_t1900088_e1901330_b71766;npp_d20250902_t1901342_e1902584_b71766;npp_d20250902_t1902596_e1904238_b71766,149.782,55.594,9.8556,-79.0873,92.7091,-118.19
317,VBD_npp_d20250902_t1858437_x1003527E_y120408N_l0013_s2208_v23,2025-09-02 21:06:36,12.040759,100.352745,6.21991,2025-09-02 18:58:43,2025-09-03 01:58:43,13,2208,0.284767,8,18785,0.343977,0.055,0.6859,0.4,0.795846,0.75,9.62443e-06,0.0001,2.65682e-18,999999,-5.989571e-02,3,Thailand Exclusive Economic Zone,,,SVDNB_npp_d20250902_t1858434_e1900076_b71766_c20250902202635057000_oeac_ops.h5,GDNBO_npp_d20250902_t1858434_e1900076_b71766_c20250902202419882000_oeac_ops.h5,SVI04_npp_d20250902_t1858434_e1900076_b71766_c20250902202643623000_oeac_ops.dspace_rad,,eez_v11.shp,WPP_BFAR_merge.shp,vbd_mpa_r20170830.shp,VNF-VBD_npp_20120301-20151231_global_asia-enhanced_c201607211230.bitmask,vbd_landsea_r20220824.mask,timezone.shp,VBD_platforms-recurring_2015_r20170330.shp,0.18461,VBD_bridges_c20160811.shp,14.122167;12.311656;9.816022;4.968679;7.298583;9.219633,85.094513;99.171051;112.915886;111.630913;98.030373;84.189926,npp_d20250902_t1858434_e1900076_b71766;npp_d20250902_t1900088_e1901330_b71766;npp_d20250902_t1901342_e1902584_b71766;npp_d20250902_t1902596_e1904238_b71766,148.197,53.0752,10.0884,-79.001,94.0782,-118.041
318,VBD_npp_d20250902_t1858437_x1003675E_y120866N_l0006_s2209_v23,2025-09-02 21:06:36,12.086562,100.367523,1.47917,2025-09-02 18:58:43,2025-09-03 01:58:43,6,2209,0.274453,8,18721,0.0654623,0.055,0.495059,0.4,0.476439,0.75,9.15116e-06,0.0001,1.82762e-18,999999,-4.182541e-01,3,Thailand Exclusive Economic Zone,,,SVDNB_npp_d20250902_t1858434_e1900076_b71766_c20250902202635057000_oeac_ops.h5,GDNBO_npp_d20250902_t1858434_e1900076_b71766_c20250902202419882000_oeac_ops.h5,SVI04_npp_d20250902_t1858434_e1900076_b71766_c20250902202643623000_oeac_ops.dspace_rad,,eez_v11.shp,WPP_BFAR_merge.shp,vbd_mpa_r20170830.shp,VNF-VBD_npp_20120301-20151231_global_asia-enhanced_c201607211230.bitmask,vbd_landsea_r20220824.mask,timezone.shp,VBD_platforms-recurring_2015_r20170330.shp,0.139783,VBD_bridges_c20160811.shp,14.122167;12.311656;9.816022;4.968679;7.298583;9.219633,85.094513;99.171051;112.915886;111.630913;98.030373;84.189926,npp_d20250902_t1858434_e1900076_b71766;npp_d20250902_t1900088_e1901330_b71766;npp_d20250902_t1901342_e1902584_b71766;npp_d20250902_t1902596_e1904238_b71766,148.158,53.0333,10.1431,-81.3087,94.1124,-118.036
319,VBD_npp_d20250902_t1859104_x1000032E_y104988N_l0249_s2210_v23,2025-09-02 21:06:36,10.498825,100.003204,1.31438,2025-09-02 18:59:10,2025-09-03 01:59:10,249,2210,0.222029,1,2401,0.0967735,0.055,0.429374,0.4,0.753305,0.75,3.46529e-05,0.0001,7.02366e-18,999999,6.236297e-03,3,Thailand Exclusive Economic Zone,,,SVDNB_npp_d20250902_t1858434_e1900076_b71766_c20250902202635057000_oeac_ops.h5,GDNBO_npp_d20250902_t1858434_e1900076_b71766_c20250902202419882000_oeac_ops.h5,SVI04_npp_d20250902_t1858434_e1900076_b71766_c20250902202643623000_oeac_ops.dspace_rad,,eez_v11.shp,WPP_BFAR_merge.shp,vbd_mpa_r20170830.shp,VNF-VBD_npp_20120301-20151231_global_asia-enhanced_c201607211230.bitmask,vbd_landsea_r20220824.mask,timezone.shp,VBD_platforms-recurring_2015_r20170330.shp,999999,VBD_bridges_c20160811.shp,14.122167;12.311656;9.816022;4.968679;7.298583;9.219633,85.094513;99.171051;112.915886;111.630913;98.030373;84.189926,npp_d20250902_t1858434_e1900076_b71766;npp_d20250902_t1900088_e1901330_b71766;npp_d20250902_t1901342_e1902584_b71766;npp_d20250902_t1902596_e1904238_b71766,149.294,54.8569,10.1995,-80.4165,93.1432,-118.147
320,VBD_npp_d20250902_t1859228_x0999895E_y097074N_l0366_s2234_v23,2025-09-02 21:06:36,9.707373,99.989456,14.027,2025-09-02 18:59:22,2025-09-03 01:59:22,366,2234,0.157016,2,2337,0.202761,0.055,0.643058,0.4,0.658533,0.75,4.49107e-05,0.0001,2.46467e-18,999999,-5.555357e-01,1,,,,SVDNB_npp_d20250902_t1858434_e1900076_b71766_c20250902202635057000_oeac_ops.h5,GDNBO_npp_d20250902_t1858434_e1900076_b71766_c20250902202419882000_oeac_ops.h5,SVI04_npp_d20250902_t1858434_e1900076_b71766_c20250902202643623000_oeac_ops.dspace_rad,,eez_v11.shp,WPP_BFAR_merge.shp,vbd_mpa_r20170830.shp,VNF-VBD_npp_20120301-20151231_global_asia-enhanced_c201607211230.bitmask,vbd_landsea_r20220824.mask,timezone.shp,VBD_platforms-recurring_2015_r20170330.shp,999999,VBD_bridges_c20160811.shp,14.122167;12.311656;9.816022;4.968679;7.298583;9.219633,85.094513;99.171051;112.915886;111.630913;98.030373;84.189926,npp_d20250902_t1858434_e1900076_b71766;npp_d20250902_t1900088_e1901330_b71766;npp_d20250902_t1901342_e1902584_b71766;npp_d20250902_t1902596_e1904238_b71766,149.712,56.0064,11.5709,-79.0223,92.8015,-118.166
321,VBD_npp_d20250902_t1859015_x1003467E_y109711N_l0171_s2243_v23,2025-09-02 21:06:36,10.971096,100.346657,8.6919,2025-09-02 18:59:01,2025-09-03 01:59:01,171,2243,0.329864,1,2401,0.516267,0.055,0.860923,0.4,0.938511,0.75,1.8122e-05,0.0001,3.57472e-19,999999,-2.387633e-01,3,Thailand Exclusive Economic Zone,,,SVDNB_npp_d20250902_t1858434_e1900076_b71766_c20250902202635057000_oeac_ops.h5,GDNBO_npp_d20250902_t1858434_e1900076_b71766_c20250902202419882000_oeac_ops.h5,SVI04_npp_d20250902_t1858434_e1900076_b71766_c20250902202643623000_oeac_ops.dspace_rad,,eez_v11.shp,WPP_BFAR_merge.shp,vbd_mpa_r20170830.shp,VNF-VBD_npp_20120301-20151231_global_asia-enhanced_c201607211230.bitmask,vbd_landsea_r20220824.mask,timezone.shp,VBD_platforms-recurring_2015_r20170330.shp,999999,VBD_bridges_c20160811.shp,14.122167;12.311656;9.816022;4.968679;7.298583;9.219633,85.094513;99.171051;112.915886;111.630913;98.030373;84.189926,npp_d20250902_t1858434_e1900076_b71766;npp_d20250902_t1900088_e1901330_b71766;npp_d20250902_t1901342_e1902584_b71766;npp_d20250902_t1902596_e1904238_b71766,148.775,54.5613,12.0739,-79.8506,93.632,-118.078
322,VBD_npp_d20250902_t1858455_x1005923E_y119696N_l0018_s2245_v23,2025-09-02 21:06:36,11.969639,100.592339,2.76752,2025-09-02 18:58:45,2025-09-03 01:58:45,18,2245,0.277867,2,2337,0.151556,0.055,0.530448,0.4,0.610965,0.75,7.9808e-06,0.0001,8.67425e-20,999999,-6.993602e-01,3,Thailand Exclusive Economic Zone,,,SVDNB_npp_d20250902_t1858434_e1900076_b71766_c20250902202635057000_oeac_ops.h5,GDNBO_npp_d20250902_t1858434_e1900076_b71766_c20250902202419882000_oeac_ops.h5,SVI04_npp_d20250902_t1858434_e1900076_b71766_c20250902202643623000_oeac_ops.dspace_rad,,eez_v11.shp,WPP_BFAR_merge.shp,vbd_mpa_r20170830.shp,VNF-VBD_npp_20120301-20151231_global_asia-enhanced_c201607211230.bitmask,vbd_landsea_r20220824.mask,timezone.shp,VBD_platforms-recurring_2015_r20170330.shp,999999,VBD_bridges_c20160811.shp,14.122167;12.311656;9.816022;4.968679;7.298583;9.219633,85.094513;99.171051;112.915886;111.630913;98.030373;84.189926,npp_d20250902_t1858434_e1900076_b71766;npp_d20250902_t1900088_e1901330_b71766;npp_d20250902_t1901342_e1902584_b71766;npp_d20250902_t1902596_e1904238_b71766,148.046,53.4506,12.1925,-82.2801,94.2577,-118
323,VBD_npp_d20250902_t1858490_x1005438E_y117259N_l0055_s2246_v23,2025-09-02 21:06:36,11.725944,100.543839,73.3945,2025-09-02 18:58:49,2025-09-03 01:58:49,55,2246,0.384066,4,35173,1.27765,0.055,0.912687,0.4,0.978275,0.75,9.67848e-06,0.0001,1.20676e-19,999999,8.442970e-02,3,Thailand Exclusive Economic Zone,,,SVDNB_npp_d20250902_t1858434_e1900076_b71766_c20250902202635057000_oeac_ops.h5,GDNBO_npp_d20250902_t1858434_e1900076_b71766_c20250902202419882000_oeac_ops.h5,SVI04_npp_d20250902_t1858434_e1900076_b71766_c20250902202643623000_oeac_ops.dspace_rad,,eez_v11.shp,WPP_BFAR_merge.shp,vbd_mpa_r20170830.shp,VNF-VBD_npp_20120301-20151231_global_asia-enhanced_c201607211230.bitmask,vbd_landsea_r20220824.mask,timezone.shp,VBD_platforms-recurring_2015_r20170330.shp,999999,VBD_bridges_c20160811.shp,14.122167;12.311656;9.816022;4.968679;7.298583;9.219633,85.094513;99.171051;112.915886;111.630913;98.030373;84.189926,npp_d20250902_t1858434_e1900076_b71766;npp_d20250902_t1900088_e1901330_b71766;npp_d20250902_t1901342_e1902584_b71766;npp_d20250902_t1902596_e1904238_b71766,148.217,53.7277,12.2423,-80.9172,94.1138,-118.018
324,VBD_npp_d20250902_t1858490_x1005597E_y117372N_l0053_s2248_v23,2025-09-02 21:06:36,11.737228,100.559708,5.33763,2025-09-02 18:58:49,2025-09-03 01:58:49,53,2248,0.366212,8,51553,0.338435,0.055,0.907195,0.4,0.863052,0.75,9.45396e-06,0.0001,9.31273e-20,999999,1.758883e-01,3,Thailand Exclusive Economic Zone,,,SVDNB_npp_d20250902_t1858434_e1900076_b71766_c20250902202635057000_oeac_ops.h5,GDNBO_npp_d20250902_t1858434_e1900076_b71766_c20250902202419882000_oeac_ops.h5,SVI04_npp_d20250902_t1858434_e1900076_b71766_c20250902202643623000_oeac_ops.dspace_rad,,eez_v11.shp,WPP_BFAR_merge.shp,vbd_mpa_r20170830.shp,VNF-VBD_npp_20120301-20151231_global_asia-enhanced_c201607211230.bitmask,vbd_landsea_r20220824.mask,timezone.shp,VBD_platforms-recurring_2015_r20170330.shp,0.60399,VBD_bridges_c20160811.shp,14.122167;12.311656;9.816022;4.968679;7.298583;9.219633,85.094513;99.171051;112.915886;111.630913;98.030373;84.189926,npp_d20250902_t1858434_e1900076_b71766;npp_d20250902_t1900088_e1901330_b71766;npp_d20250902_t1901342_e1902584_b71766;npp_d20250902_t1902596_e1904238_b71766,148.198,53.7311,12.3563,-81.4535,94.1328,-118.015
325,VBD_npp_d20250902_t1859032_x1003658E_y109222N_l0178_s2248_v23,2025-09-02 21:06:36,10.922161,100.365822,6.65529,2025-09-02 18:59:03,2025-09-03 01:59:03,178,2248,0.344588,1,2401,0.44877,0.055,0.847251,0.4,0.941917,0.75,1.80588e-05,0.0001,1.76173e-19,999999,-6.772035e-02,3,Thailand Exclusive Economic Zone,,,SVDNB_npp_d20250902_t1858434_e1900076_b71766_c20250902202635057000_oeac_ops.h5,GDNBO_npp_d20250902_t1858434_e1900076_b71766_c20250902202419882000_oeac_ops.h5,SVI04_npp_d20250902_t1858434_e1900076_b71766_c20250902202643623000_oeac_ops.dspace_rad,,eez_v11.shp,WPP_BFAR_merge.shp,vbd_mpa_r20170830.shp,VNF-VBD_npp_20120301-20151231_global_asia-enhanced_c201607211230.bitmask,vbd_landsea_r20220824.mask,timezone.shp,VBD_platforms-recurring_2015_r20170330.shp,999999,VBD_bridges_c20160811.shp,14.122167;12.311656;9.816022;4.968679;7.298583;9.219633,85.094513;99.171051;112.915886;111.630913;98.030373;84.189926,npp_d20250902_t1858434_e1900076_b71766;npp_d20250902_t1900088_e1901330_b71766;npp_d20250902_t1901342_e1902584_b71766;npp_d20250902_t1902596_e1904238_b71766,148.782,54.6571,12.3574,-82.3129,93.6318,-118.075
326,VBD_npp_d20250902_t1858455_x1006196E_y119652N_l0018_s2249_v23,2025-09-02 21:06:36,11.965231,100.619568,2.71907,2025-09-02 18:58:45,2025-09-03 01:58:45,18,2249,0.347078,1,2401,0.192462,0.055,0.536693,0.4,0.809295,0.75,7.7703e-06,0.0001,6.13766e-20,999999,-3.813308e-01,3,Thailand Exclusive Economic Zone,,,SVDNB_npp_d20250902_t1858434_e1900076_b71766_c20250902202635057000_oeac_ops.h5,GDNBO_npp_d20250902_t1858434_e1900076_b71766_c20250902202419882000_oeac_ops.h5,SVI04_npp_d20250902_t1858434_e1900076_b71766_c20250902202643623000_oeac_ops.dspace_rad,,eez_v11.shp,WPP_BFAR_merge.shp,vbd_mpa_r20170830.shp,VNF-VBD_npp_20120301-20151231_global_asia-enhanced_c201607211230.bitmask,vbd_landsea_r20220824.mask,timezone.shp,VBD_platforms-recurring_2015_r20170330.shp,999999,VBD_bridges_c20160811.shp,14.122167;12.311656;9.816022;4.968679;7.298583;9.219633,85.094513;99.171051;112.915886;111.630913;98.030373;84.189926,npp_d20250902_t1858434_e1900076_b71766;npp_d20250902_t1900088_e1901330_b71766;npp_d20250902_t1901342_e1902584_b71766;npp_d20250902_t1902596_e1904238_b71766,148.027,53.4874,12.4183,-82.2465,94.2791,-117.995
327,VBD_npp_d20250902_t1858597_x1004165E_y110544N_l0157_s2250_v23,2025-09-02 21:06:36,11.054438,100.416512,3.26287,2025-09-02 18:58:59,2025-09-03 01:58:59,157,2250,0.309805,1,2401,0.255472,0.055,0.816058,0.4,0.87993,0.75,1.61248e-05,0.0001,1.96453e-19,999999,1.585757e-02,3,Thailand Exclusive Economic Zone,,,SVDNB_npp_d20250902_t1858434_e1900076_b71766_c20250902202635057000_oeac_ops.h5,GDNBO_npp_d20250902_t1858434_e1900076_b71766_c20250902202419882000_oeac_ops.h5,SVI04_npp_d20250902_t1858434_e1900076_b71766_c20250902202643623000_oeac_ops.dspace_rad,,eez_v11.shp,WPP_BFAR_merge.shp,vbd_mpa_r20170830.shp,VNF-VBD_npp_20120301-20151231_global_asia-enhanced_c201607211230.bitmask,vbd_landsea_r20220824.mask,timezone.shp,VBD_platforms-recurring_2015_r20170330.shp,999999,VBD_bridges_c20160811.shp,14.122167;12.311656;9.816022;4.968679;7.298583;9.219633,85.094513;99.171051;112.915886;111.630913;98.030373;84.189926,npp_d20250902_t1858434_e1900076_b71766;npp_d20250902_t1900088_e1901330_b71766;npp_d20250902_t1901342_e1902584_b71766;npp_d20250902_t1902596_e1904238_b71766,148.677,54.52,12.4716,-79.3358,93.7255,-118.064
328,VBD_npp_d20250902_t1859015_x1004031E_y110174N_l0163_s2250_v23,2025-09-02 21:06:36,11.017376,100.403130,7.60879,2025-09-02 18:59:01,2025-09-03 01:59:01,163,2250,0.344872,1,2401,0.491227,0.055,0.860012,0.4,0.94518,0.75,1.66029e-05,0.0001,1.40902e-19,999999,9.481095e-02,3,Thailand Exclusive Economic Zone,,,SVDNB_npp_d20250902_t1858434_e1900076_b71766_c20250902202635057000_oeac_ops.h5,GDNBO_npp_d20250902_t1858434_e1900076_b71766_c20250902202419882000_oeac_ops.h5,SVI04_npp_d20250902_t1858434_e1900076_b71766_c20250902202643623000_oeac_ops.dspace_rad,,eez_v11.shp,WPP_BFAR_merge.shp,vbd_mpa_r20170830.shp,VNF-VBD_npp_20120301-20151231_global_asia-enhanced_c201607211230.bitmask,vbd_landsea_r20220824.mask,timezone.shp,VBD_platforms-recurring_2015_r20170330.shp,999999,VBD_bridges_c20160811.shp,14.122167;12.311656;9.816022;4.968679;7.298583;9.219633,85.094513;99.171051;112.915886;111.630913;98.030373;84.189926,npp_d20250902_t1858434_e1900076_b71766;npp_d20250902_t1900088_e1901330_b71766;npp_d20250902_t1901342_e1902584_b71766;npp_d20250902_t1902596_e1904238_b71766,148.703,54.5629,12.4714,-82.014,93.7026,-118.066
329,VBD_npp_d20250902_t1859299_x1000121E_y093462N_l0419_s2250_v23,2025-09-02 21:06:36,9.346240,100.012138,1.48919,2025-09-02 18:59:29,2025-09-03 01:59:29,419,2250,0.112843,8,18689,0.0755193,0.055,0.312793,0.4,0.501818,0.75,5.2038e-05,0.0001,6.264e-19,999999,-2.739426e-01,3,Thailand Exclusive Economic Zone,,,SVDNB_npp_d20250902_t1858434_e1900076_b71766_c20250902202635057000_oeac_ops.h5,GDNBO_npp_d20250902_t1858434_e1900076_b71766_c20250902202419882000_oeac_ops.h5,SVI04_npp_d20250902_t1858434_e1900076_b71766_c20250902202643623000_oeac_ops.dspace_rad,,eez_v11.shp,WPP_BFAR_merge.shp,vbd_mpa_r20170830.shp,VNF-VBD_npp_20120301-20151231_global_asia-enhanced_c201607211230.bitmask,vbd_landsea_r20220824.mask,timezone.shp,VBD_platforms-recurring_2015_r20170330.shp,0.510119,VBD_bridges_c20160811.shp,14.122167;12.311656;9.816022;4.968679;7.298583;9.219633,85.094513;99.171051;112.915886;111.630913;98.030373;84.189926,npp_d20250902_t1858434_e1900076_b71766;npp_d20250902_t1900088_e1901330_b71766;npp_d20250902_t1901342_e1902584_b71766;npp_d20250902_t1902596_e1904238_b71766,149.869,56.5802,12.4718,-82.1027,92.6757,-118.168
330,VBD_npp_d20250902_t1858437_x1006486E_y120132N_l0010_s2251_v23,2025-09-02 21:06:36,12.013197,100.648582,3.03539,2025-09-02 18:58:43,2025-09-03 01:58:43,10,2251,0.317345,10,2305,0.100215,0.055,0.346262,0.4,0.47351,0.75,7.3007e-06,0.0001,6.68818e-20,999999,-2.755533e-01,3,Thailand Exclusive Economic Zone,,,SVDNB_npp_d20250902_t1858434_e1900076_b71766_c20250902202635057000_oeac_ops.h5,GDNBO_npp_d20250902_t1858434_e1900076_b71766_c20250902202419882000_oeac_ops.h5,SVI04_npp_d20250902_t1858434_e1900076_b71766_c20250902202643623000_oeac_ops.dspace_rad,,eez_v11.shp,WPP_BFAR_merge.shp,vbd_mpa_r20170830.shp,VNF-VBD_npp_20120301-20151231_global_asia-enhanced_c201607211230.bitmask,vbd_landsea_r20220824.mask,timezone.shp,VBD_platforms-recurring_2015_r20170330.shp,999999,VBD_bridges_c20160811.shp,14.122167;12.311656;9.816022;4.968679;7.298583;9.219633,85.094513;99.171051;112.915886;111.630913;98.030373;84.189926,npp_d20250902_t1858434_e1900076_b71766;npp_d20250902_t1900088_e1901330_b71766;npp_d20250902_t1901342_e1902584_b71766;npp_d20250902_t1902596_e1904238_b71766,147.982,53.4503,12.5249,-80.0808,94.3204,-117.989
331,VBD_npp_d20250902_t1900055_x0995385E_y072345N_l0742_s2252_v23,2025-09-02 21:06:36,7.234480,99.538544,7.05242,2025-09-02 19:00:05,2025-09-03 02:00:05,742,2252,0.316278,1,2529,0.315864,0.108972,0.804455,0.4,0.828997,0.75,0.000161951,0.0001,3.58163e-18,999999,-1.871550e-01,1,,,,SVDNB_npp_d20250902_t1858434_e1900076_b71766_c20250902202635057000_oeac_ops.h5,GDNBO_npp_d20250902_t1858434_e1900076_b71766_c20250902202419882000_oeac_ops.h5,SVI04_npp_d20250902_t1858434_e1900076_b71766_c20250902202643623000_oeac_ops.dspace_rad,,eez_v11.shp,WPP_BFAR_merge.shp,vbd_mpa_r20170830.shp,VNF-VBD_npp_20120301-20151231_global_asia-enhanced_c201607211230.bitmask,vbd_landsea_r20220824.mask,timezone.shp,VBD_platforms-recurring_2015_r20170330.shp,999999,VBD_bridges_c20160811.shp,14.122167;12.311656;9.816022;4.968679;7.298583;9.219633,85.094513;99.171051;112.915886;111.630913;98.030373;84.189926,npp_d20250902_t1858434_e1900076_b71766;npp_d20250902_t1900088_e1901330_b71766;npp_d20250902_t1901342_e1902584_b71766;npp_d20250902_t1902596_e1904238_b71766,151.262,59.4053,12.5783,-81.4002,91.3897,-118.248
332,VBD_npp_d20250902_t1859015_x1004246E_y110208N_l0162_s2253_v23,2025-09-02 21:06:36,11.020837,100.424637,3.3662,2025-09-02 18:59:01,2025-09-03 01:59:01,162,2253,0.346366,1,2401,0.264513,0.055,0.86878,0.4,0.866047,0.75,1.6162e-05,0.0001,1.04395e-19,999999,3.690873e-02,3,Thailand Exclusive Economic Zone,,,SVDNB_npp_d20250902_t1858434_e1900076_b71766_c20250902202635057000_oeac_ops.h5,GDNBO_npp_d20250902_t1858434_e1900076_b71766_c20250902202419882000_oeac_ops.h5,SVI04_npp_d20250902_t1858434_e1900076_b71766_c20250902202643623000_oeac_ops.dspace_rad,,eez_v11.shp,WPP_BFAR_merge.shp,vbd_mpa_r20170830.shp,VNF-VBD_npp_20120301-20151231_global_asia-enhanced_c201607211230.bitmask,vbd_landsea_r20220824.mask,timezone.shp,VBD_platforms-recurring_2015_r20170330.shp,999999,VBD_bridges_c20160811.shp,14.122167;12.311656;9.816022;4.968679;7.298583;9.219633,85.094513;99.171051;112.915886;111.630913;98.030373;84.189926,npp_d20250902_t1858434_e1900076_b71766;npp_d20250902_t1900088_e1901330_b71766;npp_d20250902_t1901342_e1902584_b71766;npp_d20250902_t1902596_e1904238_b71766,148.684,54.5825,12.6422,-82.2581,93.7229,-118.063
333,VBD_npp_d20250902_t1858437_x1006713E_y120234N_l0008_s2254_v23,2025-09-02 21:06:36,12.023363,100.671318,3.93037,2025-09-02 18:58:43,2025-09-03 01:58:43,8,2254,0.222243,10,2305,0.0832516,0.055,0.346262,0.4,0.359838,0.75,7.06231e-06,0.0001,4.70904e-20,999999,-2.249788e-02,3,Thailand Exclusive Economic Zone,,,SVDNB_npp_d20250902_t1858434_e1900076_b71766_c20250902202635057000_oeac_ops.h5,GDNBO_npp_d20250902_t1858434_e1900076_b71766_c20250902202419882000_oeac_ops.h5,SVI04_npp_d20250902_t1858434_e1900076_b71766_c20250902202643623000_oeac_ops.dspace_rad,,eez_v11.shp,WPP_BFAR_merge.shp,vbd_mpa_r20170830.shp,VNF-VBD_npp_20120301-20151231_global_asia-enhanced_c201607211230.bitmask,vbd_landsea_r20220824.mask,timezone.shp,VBD_platforms-recurring_2015_r20170330.shp,999999,VBD_bridges_c20160811.shp,14.122167;12.311656;9.816022;4.968679;7.298583;9.219633,85.094513;99.171051;112.915886;111.630913;98.030373;84.189926,npp_d20250902_t1858434_e1900076_b71766;npp_d20250902_t1900088_e1901330_b71766;npp_d20250902_t1901342_e1902584_b71766;npp_d20250902_t1902596_e1904238_b71766,147.958,53.4631,12.6938,-80.6112,94.3448,-117.984
334,VBD_npp_d20250902_t1859317_x1000176E_y091678N_l0445_s2256_v23,2025-09-02 21:06:36,9.167757,100.017632,1.47513,2025-09-02 18:59:31,2025-09-03 01:59:31,445,2256,0.229285,2,2337,0.0818271,0.055,0.774778,0.4,0.600226,0.75,5.71334e-05,0.0001,6.31962e-19,999999,-8.531887e-03,3,Thailand Exclusive Economic Zone,,,SVDNB_npp_d20250902_t1858434_e1900076_b71766_c20250902202635057000_oeac_ops.h5,GDNBO_npp_d20250902_t1858434_e1900076_b71766_c20250902202419882000_oeac_ops.h5,SVI04_npp_d20250902_t1858434_e1900076_b71766_c20250902202643623000_oeac_ops.dspace_rad,,eez_v11.shp,WPP_BFAR_merge.shp,vbd_mpa_r20170830.shp,VNF-VBD_npp_20120301-20151231_global_asia-enhanced_c201607211230.bitmask,vbd_landsea_r20220824.mask,timezone.shp,VBD_platforms-recurring_2015_r20170330.shp,999999,VBD_bridges_c20160811.shp,14.122167;12.311656;9.816022;4.968679;7.298583;9.219633,85.094513;99.171051;112.915886;111.630913;98.030373;84.189926,npp_d20250902_t1858434_e1900076_b71766;npp_d20250902_t1900088_e1901330_b71766;npp_d20250902_t1901342_e1902584_b71766;npp_d20250902_t1902596_e1904238_b71766,149.956,56.8519,12.8126,-79.4675,92.6025,-118.171
335,VBD_npp_d20250902_t1859335_x1000252E_y091344N_l0450_s2259_v23,2025-09-02 21:06:36,9.134399,100.025200,1.5903,2025-09-02 18:59:33,2025-09-03 01:59:33,450,2259,0.260369,2,2337,0.0897642,0.055,0.781786,0.4,0.634806,0.75,5.72608e-05,0.0001,3.45951e-19,999999,2.051047e-02,3,Thailand Exclusive Economic Zone,,,SVDNB_npp_d20250902_t1858434_e1900076_b71766_c20250902202635057000_oeac_ops.h5,GDNBO_npp_d20250902_t1858434_e1900076_b71766_c20250902202419882000_oeac_ops.h5,SVI04_npp_d20250902_t1858434_e1900076_b71766_c20250902202643623000_oeac_ops.dspace_rad,,eez_v11.shp,WPP_BFAR_merge.shp,vbd_mpa_r20170830.shp,VNF-VBD_npp_20120301-20151231_global_asia-enhanced_c201607211230.bitmask,vbd_landsea_r20220824.mask,timezone.shp,VBD_platforms-recurring_2015_r20170330.shp,999999,VBD_bridges_c20160811.shp,14.122167;12.311656;9.816022;4.968679;7.298583;9.219633,85.094513;99.171051;112.915886;111.630913;98.030373;84.189926,npp_d20250902_t1858434_e1900076_b71766;npp_d20250902_t1900088_e1901330_b71766;npp_d20250902_t1901342_e1902584_b71766;npp_d20250902_t1902596_e1904238_b71766,149.962,56.9166,12.9782,-82.3161,92.5995,-118.17
336,VBD_npp_d20250902_t1858597_x1004902E_y110354N_l0158_s2261_v23,2025-09-02 21:06:36,11.035405,100.490234,11.2314,2025-09-02 18:58:59,2025-09-03 01:58:59,158,2261,0.318839,1,2401,0.603044,0.055,0.871017,0.4,0.940476,0.75,1.49071e-05,0.0001,7.94836e-20,999999,-8.134836e-02,3,Thailand Exclusive Economic Zone,,,SVDNB_npp_d20250902_t1858434_e1900076_b71766_c20250902202635057000_oeac_ops.h5,GDNBO_npp_d20250902_t1858434_e1900076_b71766_c20250902202419882000_oeac_ops.h5,SVI04_npp_d20250902_t1858434_e1900076_b71766_c20250902202643623000_oeac_ops.dspace_rad,,eez_v11.shp,WPP_BFAR_merge.shp,vbd_mpa_r20170830.shp,VNF-VBD_npp_20120301-20151231_global_asia-enhanced_c201607211230.bitmask,vbd_landsea_r20220824.mask,timezone.shp,VBD_platforms-recurring_2015_r20170330.shp,999999,VBD_bridges_c20160811.shp,14.122167;12.311656;9.816022;4.968679;7.298583;9.219633,85.094513;99.171051;112.915886;111.630913;98.030373;84.189926,npp_d20250902_t1858434_e1900076_b71766;npp_d20250902_t1900088_e1901330_b71766;npp_d20250902_t1901342_e1902584_b71766;npp_d20250902_t1902596_e1904238_b71766,148.629,54.6285,13.0939,-79.1329,93.7803,-118.052
337,VBD_npp_d20250902_t1859317_x1000549E_y091825N_l0442_s2261_v23,2025-09-02 21:06:36,9.182543,100.054863,4.54459,2025-09-02 18:59:31,2025-09-03 01:59:31,442,2261,0.220891,1,2401,0.316755,0.055,0.793209,0.4,0.833117,0.75,5.42203e-05,0.0001,3.69444e-19,999999,8.887657e-02,3,Thailand Exclusive Economic Zone,,,SVDNB_npp_d20250902_t1858434_e1900076_b71766_c20250902202635057000_oeac_ops.h5,GDNBO_npp_d20250902_t1858434_e1900076_b71766_c20250902202419882000_oeac_ops.h5,SVI04_npp_d20250902_t1858434_e1900076_b71766_c20250902202643623000_oeac_ops.dspace_rad,,eez_v11.shp,WPP_BFAR_merge.shp,vbd_mpa_r20170830.shp,VNF-VBD_npp_20120301-20151231_global_asia-enhanced_c201607211230.bitmask,vbd_landsea_r20220824.mask,timezone.shp,VBD_platforms-recurring_2015_r20170330.shp,999999,VBD_bridges_c20160811.shp,14.122167;12.311656;9.816022;4.968679;7.298583;9.219633,85.094513;99.171051;112.915886;111.630913;98.030373;84.189926,npp_d20250902_t1858434_e1900076_b71766;npp_d20250902_t1900088_e1901330_b71766;npp_d20250902_t1901342_e1902584_b71766;npp_d20250902_t1902596_e1904238_b71766,149.918,56.8712,13.0924,-80.2578,92.6418,-118.165
338,VBD_npp_d20250902_t1859317_x1000515E_y091622N_l0445_s2261_v23,2025-09-02 21:06:36,9.162230,100.051521,2.69033,2025-09-02 18:59:31,2025-09-03 01:59:31,445,2261,0.264281,1,2401,0.188008,0.055,0.825676,0.4,0.782494,0.75,5.50398e-05,0.0001,4.1785e-19,999999,-2.197249e-01,3,Thailand Exclusive Economic Zone,,,SVDNB_npp_d20250902_t1858434_e1900076_b71766_c20250902202635057000_oeac_ops.h5,GDNBO_npp_d20250902_t1858434_e1900076_b71766_c20250902202419882000_oeac_ops.h5,SVI04_npp_d20250902_t1858434_e1900076_b71766_c20250902202643623000_oeac_ops.dspace_rad,,eez_v11.shp,WPP_BFAR_merge.shp,vbd_mpa_r20170830.shp,VNF-VBD_npp_20120301-20151231_global_asia-enhanced_c201607211230.bitmask,vbd_landsea_r20220824.mask,timezone.shp,VBD_platforms-recurring_2015_r20170330.shp,999999,VBD_bridges_c20160811.shp,14.122167;12.311656;9.816022;4.968679;7.298583;9.219633,85.094513;99.171051;112.915886;111.630913;98.030373;84.189926,npp_d20250902_t1858434_e1900076_b71766;npp_d20250902_t1900088_e1901330_b71766;npp_d20250902_t1901342_e1902584_b71766;npp_d20250902_t1902596_e1904238_b71766,149.931,56.8969,13.095,-79.4916,92.6293,-118.166
339,VBD_npp_d20250902_t1859335_x1000400E_y090973N_l0455_s2262_v23,2025-09-02 21:06:36,9.097266,100.039986,1.76309,2025-09-02 18:59:33,2025-09-03 01:59:33,455,2262,0.260084,2,2337,0.121816,0.055,0.571803,0.4,0.719112,0.75,5.73352e-05,0.0001,3.32337e-19,999999,-2.765690e-03,3,Thailand Exclusive Economic Zone,,,SVDNB_npp_d20250902_t1858434_e1900076_b71766_c20250902202635057000_oeac_ops.h5,GDNBO_npp_d20250902_t1858434_e1900076_b71766_c20250902202419882000_oeac_ops.h5,SVI04_npp_d20250902_t1858434_e1900076_b71766_c20250902202643623000_oeac_ops.dspace_rad,,eez_v11.shp,WPP_BFAR_merge.shp,vbd_mpa_r20170830.shp,VNF-VBD_npp_20120301-20151231_global_asia-enhanced_c201607211230.bitmask,vbd_landsea_r20220824.mask,timezone.shp,VBD_platforms-recurring_2015_r20170330.shp,999999,VBD_bridges_c20160811.shp,14.122167;12.311656;9.816022;4.968679;7.298583;9.219633,85.094513;99.171051;112.915886;111.630913;98.030373;84.189926,npp_d20250902_t1858434_e1900076_b71766;npp_d20250902_t1900088_e1901330_b71766;npp_d20250902_t1901342_e1902584_b71766;npp_d20250902_t1902596_e1904238_b71766,149.97,56.9866,13.143,-81.0224,92.5949,-118.169
340,VBD_npp_d20250902_t1859335_x1000591E_y091289N_l0450_s2264_v23,2025-09-02 21:06:36,9.128943,100.059128,1.69157,2025-09-02 18:59:33,2025-09-03 01:59:33,450,2264,0.268051,2,2337,0.119696,0.055,0.755396,0.4,0.707152,0.75,5.5123e-05,0.0001,2.27742e-19,999999,1.074033e-01,3,Thailand Exclusive Economic Zone,,,SVDNB_npp_d20250902_t1858434_e1900076_b71766_c20250902202635057000_oeac_ops.h5,GDNBO_npp_d20250902_t1858434_e1900076_b71766_c20250902202419882000_oeac_ops.h5,SVI04_npp_d20250902_t1858434_e1900076_b71766_c20250902202643623000_oeac_ops.dspace_rad,,eez_v11.shp,WPP_BFAR_merge.shp,vbd_mpa_r20170830.shp,VNF-VBD_npp_20120301-20151231_global_asia-enhanced_c201607211230.bitmask,vbd_landsea_r20220824.mask,timezone.shp,VBD_platforms-recurring_2015_r20170330.shp,999999,VBD_bridges_c20160811.shp,14.122167;12.311656;9.816022;4.968679;7.298583;9.219633,85.094513;99.171051;112.915886;111.630913;98.030373;84.189926,npp_d20250902_t1858434_e1900076_b71766;npp_d20250902_t1900088_e1901330_b71766;npp_d20250902_t1901342_e1902584_b71766;npp_d20250902_t1902596_e1904238_b71766,149.937,56.9615,13.2606,-82.2803,92.6265,-118.165
341,VBD_npp_d20250902_t1859317_x1000798E_y091646N_l0444_s2265_v23,2025-09-02 21:06:36,9.164577,100.079788,1.62636,2025-09-02 18:59:31,2025-09-03 01:59:31,444,2265,0.26549,2,2337,0.10117,0.055,0.788423,0.4,0.631373,0.75,5.30988e-05,0.0001,2.86866e-19,999999,-2.115805e-01,3,Thailand Exclusive Economic Zone,,,SVDNB_npp_d20250902_t1858434_e1900076_b71766_c20250902202635057000_oeac_ops.h5,GDNBO_npp_d20250902_t1858434_e1900076_b71766_c20250902202419882000_oeac_ops.h5,SVI04_npp_d20250902_t1858434_e1900076_b71766_c20250902202643623000_oeac_ops.dspace_rad,,eez_v11.shp,WPP_BFAR_merge.shp,vbd_mpa_r20170830.shp,VNF-VBD_npp_20120301-20151231_global_asia-enhanced_c201607211230.bitmask,vbd_landsea_r20220824.mask,timezone.shp,VBD_platforms-recurring_2015_r20170330.shp,999999,VBD_bridges_c20160811.shp,14.122167;12.311656;9.816022;4.968679;7.298583;9.219633,85.094513;99.171051;112.915886;111.630913;98.030373;84.189926,npp_d20250902_t1858434_e1900076_b71766;npp_d20250902_t1900088_e1901330_b71766;npp_d20250902_t1901342_e1902584_b71766;npp_d20250902_t1902596_e1904238_b71766,149.907,56.9243,13.3198,-79.7612,92.655,-118.162
342,VBD_npp_d20250902_t1859282_x1001508E_y093838N_l0410_s2268_v23,2025-09-02 21:06:36,9.383806,100.150795,1.31121,2025-09-02 18:59:28,2025-09-03 01:59:28,410,2268,0.200832,10,2305,0.0727642,0.055,0.295314,0.4,0.568464,0.75,4.29804e-05,0.0001,1.70168e-19,999999,-1.064673e-01,3,Thailand Exclusive Economic Zone,,,SVDNB_npp_d20250902_t1858434_e1900076_b71766_c20250902202635057000_oeac_ops.h5,GDNBO_npp_d20250902_t1858434_e1900076_b71766_c20250902202419882000_oeac_ops.h5,SVI04_npp_d20250902_t1858434_e1900076_b71766_c20250902202643623000_oeac_ops.dspace_rad,,eez_v11.shp,WPP_BFAR_merge.shp,vbd_mpa_r20170830.shp,VNF-VBD_npp_20120301-20151231_global_asia-enhanced_c201607211230.bitmask,vbd_landsea_r20220824.mask,timezone.shp,VBD_platforms-recurring_2015_r20170330.shp,999999,VBD_bridges_c20160811.shp,14.122167;12.311656;9.816022;4.968679;7.298583;9.219633,85.094513;99.171051;112.915886;111.630913;98.030373;84.189926,npp_d20250902_t1858434_e1900076_b71766;npp_d20250902_t1900088_e1901330_b71766;npp_d20250902_t1901342_e1902584_b71766;npp_d20250902_t1902596_e1904238_b71766,149.74,56.6701,13.4853,-80.2579,92.8077,-118.148
343,VBD_npp_d20250902_t1859335_x1001102E_y090998N_l0453_s2272_v23,2025-09-02 21:06:36,9.099824,100.110229,1.78044,2025-09-02 18:59:33,2025-09-03 01:59:33,453,2272,0.250624,2,2337,0.130164,0.055,0.617538,0.4,0.716313,0.75,5.24639e-05,0.0001,1.30927e-19,999999,-2.800641e-01,3,Thailand Exclusive Economic Zone,,,SVDNB_npp_d20250902_t1858434_e1900076_b71766_c20250902202635057000_oeac_ops.h5,GDNBO_npp_d20250902_t1858434_e1900076_b71766_c20250902202419882000_oeac_ops.h5,SVI04_npp_d20250902_t1858434_e1900076_b71766_c20250902202643623000_oeac_ops.dspace_rad,,eez_v11.shp,WPP_BFAR_merge.shp,vbd_mpa_r20170830.shp,VNF-VBD_npp_20120301-20151231_global_asia-enhanced_c201607211230.bitmask,vbd_landsea_r20220824.mask,timezone.shp,VBD_platforms-recurring_2015_r20170330.shp,999999,VBD_bridges_c20160811.shp,14.122167;12.311656;9.816022;4.968679;7.298583;9.219633,85.094513;99.171051;112.915886;111.630913;98.030373;84.189926,npp_d20250902_t1858434_e1900076_b71766;npp_d20250902_t1900088_e1901330_b71766;npp_d20250902_t1901342_e1902584_b71766;npp_d20250902_t1902596_e1904238_b71766,149.911,57.0592,13.7091,-81.4933,92.6572,-118.158
344,VBD_npp_d20250902_t1859299_x1001697E_y092442N_l0430_s2275_v23,2025-09-02 21:06:36,9.244179,100.169693,8.57017,2025-09-02 18:59:29,2025-09-03 01:59:29,430,2275,0.21705,1,2401,0.509166,0.055,0.834101,0.4,0.935964,0.75,4.54511e-05,0.0001,1.21059e-19,999999,1.612397e-01,3,Thailand Exclusive Economic Zone,,,SVDNB_npp_d20250902_t1858434_e1900076_b71766_c20250902202635057000_oeac_ops.h5,GDNBO_npp_d20250902_t1858434_e1900076_b71766_c20250902202419882000_oeac_ops.h5,SVI04_npp_d20250902_t1858434_e1900076_b71766_c20250902202643623000_oeac_ops.dspace_rad,,eez_v11.shp,WPP_BFAR_merge.shp,vbd_mpa_r20170830.shp,VNF-VBD_npp_20120301-20151231_global_asia-enhanced_c201607211230.bitmask,vbd_landsea_r20220824.mask,timezone.shp,VBD_platforms-recurring_2015_r20170330.shp,999999,VBD_bridges_c20160811.shp,14.122167;12.311656;9.816022;4.968679;7.298583;9.219633,85.094513;99.171051;112.915886;111.630913;98.030373;84.189926,npp_d20250902_t1858434_e1900076_b71766;npp_d20250902_t1900088_e1901330_b71766;npp_d20250902_t1901342_e1902584_b71766;npp_d20250902_t1902596_e1904238_b71766,149.795,56.8992,13.8848,-79.2988,92.7645,-118.148
345,VBD_npp_d20250902_t1859317_x1001672E_y091433N_l0445_s2278_v23,2025-09-02 21:06:36,9.143338,100.167221,2.4178,2025-09-02 18:59:31,2025-09-03 01:59:31,445,2278,0.239101,1,2401,0.177248,0.055,0.586971,0.4,0.790684,0.75,4.79216e-05,0.0001,9.79839e-20,999999,-1.628792e-01,3,Thailand Exclusive Economic Zone,,,SVDNB_npp_d20250902_t1858434_e1900076_b71766_c20250902202635057000_oeac_ops.h5,GDNBO_npp_d20250902_t1858434_e1900076_b71766_c20250902202419882000_oeac_ops.h5,SVI04_npp_d20250902_t1858434_e1900076_b71766_c20250902202643623000_oeac_ops.dspace_rad,,eez_v11.shp,WPP_BFAR_merge.shp,vbd_mpa_r20170830.shp,VNF-VBD_npp_20120301-20151231_global_asia-enhanced_c201607211230.bitmask,vbd_landsea_r20220824.mask,timezone.shp,VBD_platforms-recurring_2015_r20170330.shp,999999,VBD_bridges_c20160811.shp,14.122167;12.311656;9.816022;4.968679;7.298583;9.219633,85.094513;99.171051;112.915886;111.630913;98.030373;84.189926,npp_d20250902_t1858434_e1900076_b71766;npp_d20250902_t1900088_e1901330_b71766;npp_d20250902_t1901342_e1902584_b71766;npp_d20250902_t1902596_e1904238_b71766,149.846,57.0501,14.0553,-79.5649,92.7211,-118.15
346,VBD_npp_d20250902_t1859335_x1001502E_y090445N_l0460_s2279_v23,2025-09-02 21:06:36,9.044524,100.150208,5.23135,2025-09-02 18:59:33,2025-09-03 01:59:33,460,2279,0.235117,1,2401,0.362091,0.055,0.783324,0.4,0.885401,0.75,5.11237e-05,0.0001,9.57284e-20,999999,-1.550099e-02,3,Thailand Exclusive Economic Zone,,,SVDNB_npp_d20250902_t1858434_e1900076_b71766_c20250902202635057000_oeac_ops.h5,GDNBO_npp_d20250902_t1858434_e1900076_b71766_c20250902202419882000_oeac_ops.h5,SVI04_npp_d20250902_t1858434_e1900076_b71766_c20250902202643623000_oeac_ops.dspace_rad,,eez_v11.shp,WPP_BFAR_merge.shp,vbd_mpa_r20170830.shp,VNF-VBD_npp_20120301-20151231_global_asia-enhanced_c201607211230.bitmask,vbd_landsea_r20220824.mask,timezone.shp,VBD_platforms-recurring_2015_r20170330.shp,999999,VBD_bridges_c20160811.shp,14.122167;12.311656;9.816022;4.968679;7.298583;9.219633,85.094513;99.171051;112.915886;111.630913;98.030373;84.189926,npp_d20250902_t1858434_e1900076_b71766;npp_d20250902_t1900088_e1901330_b71766;npp_d20250902_t1901342_e1902584_b71766;npp_d20250902_t1902596_e1904238_b71766,149.908,57.1826,14.1054,-79.8064,92.6659,-118.154
347,VBD_npp_d20250902_t1858508_x1007564E_y115267N_l0079_s2282_v23,2025-09-02 21:06:36,11.526687,100.756386,11.9572,2025-09-02 18:58:50,2025-09-03 01:58:50,79,2282,0.41387,1,2401,0.614171,0.055,0.893651,0.4,0.957619,0.75,8.18902e-06,0.0001,7.49315e-21,999999,1.391985e-01,3,Thailand Exclusive Economic Zone,,,SVDNB_npp_d20250902_t1858434_e1900076_b71766_c20250902202635057000_oeac_ops.h5,GDNBO_npp_d20250902_t1858434_e1900076_b71766_c20250902202419882000_oeac_ops.h5,SVI04_npp_d20250902_t1858434_e1900076_b71766_c20250902202643623000_oeac_ops.dspace_rad,,eez_v11.shp,WPP_BFAR_merge.shp,vbd_mpa_r20170830.shp,VNF-VBD_npp_20120301-20151231_global_asia-enhanced_c201607211230.bitmask,vbd_landsea_r20220824.mask,timezone.shp,VBD_platforms-recurring_2015_r20170330.shp,999999,VBD_bridges_c20160811.shp,14.122167;12.311656;9.816022;4.968679;7.298583;9.219633,85.094513;99.171051;112.915886;111.630913;98.030373;84.189926,npp_d20250902_t1858434_e1900076_b71766;npp_d20250902_t1900088_e1901330_b71766;npp_d20250902_t1901342_e1902584_b71766;npp_d20250902_t1902596_e1904238_b71766,148.16,54.2362,14.2816,-78.9624,94.2102,-117.99
348,VBD_npp_d20250902_t1859282_x1002487E_y093818N_l0408_s2282_v23,2025-09-02 21:06:36,9.381829,100.248688,1.3134,2025-09-02 18:59:28,2025-09-03 01:59:28,408,2282,0.120454,10,2305,0.0752329,0.055,0.326506,0.4,0.624138,0.75,3.77103e-05,0.0001,4.60725e-20,999999,-2.944328e-01,3,Thailand Exclusive Economic Zone,,,SVDNB_npp_d20250902_t1858434_e1900076_b71766_c20250902202635057000_oeac_ops.h5,GDNBO_npp_d20250902_t1858434_e1900076_b71766_c20250902202419882000_oeac_ops.h5,SVI04_npp_d20250902_t1858434_e1900076_b71766_c20250902202643623000_oeac_ops.dspace_rad,,eez_v11.shp,WPP_BFAR_merge.shp,vbd_mpa_r20170830.shp,VNF-VBD_npp_20120301-20151231_global_asia-enhanced_c201607211230.bitmask,vbd_landsea_r20220824.mask,timezone.shp,VBD_platforms-recurring_2015_r20170330.shp,999999,VBD_bridges_c20160811.shp,14.122167;12.311656;9.816022;4.968679;7.298583;9.219633,85.094513;99.171051;112.915886;111.630913;98.030373;84.189926,npp_d20250902_t1858434_e1900076_b71766;npp_d20250902_t1900088_e1901330_b71766;npp_d20250902_t1901342_e1902584_b71766;npp_d20250902_t1902596_e1904238_b71766,149.661,56.7796,14.2763,-80.743,92.8919,-118.133
349,VBD_npp_d20250902_t1858526_x1007514E_y114961N_l0084_s2283_v23,2025-09-02 21:06:36,11.496122,100.751442,11.9278,2025-09-02 18:58:52,2025-09-03 01:58:52,84,2283,0.418351,1,2401,0.618461,0.055,0.894454,0.4,0.953911,0.75,8.32473e-06,0.0001,4.6057e-21,999999,1.452707e-01,3,Thailand Exclusive Economic Zone,,,SVDNB_npp_d20250902_t1858434_e1900076_b71766_c20250902202635057000_oeac_ops.h5,GDNBO_npp_d20250902_t1858434_e1900076_b71766_c20250902202419882000_oeac_ops.h5,SVI04_npp_d20250902_t1858434_e1900076_b71766_c20250902202643623000_oeac_ops.dspace_rad,,eez_v11.shp,WPP_BFAR_merge.shp,vbd_mpa_r20170830.shp,VNF-VBD_npp_20120301-20151231_global_asia-enhanced_c201607211230.bitmask,vbd_landsea_r20220824.mask,timezone.shp,VBD_platforms-recurring_2015_r20170330.shp,999999,VBD_bridges_c20160811.shp,14.122167;12.311656;9.816022;4.968679;7.298583;9.219633,85.094513;99.171051;112.915886;111.630913;98.030373;84.189926,npp_d20250902_t1858434_e1900076_b71766;npp_d20250902_t1900088_e1901330_b71766;npp_d20250902_t1901342_e1902584_b71766;npp_d20250902_t1902596_e1904238_b71766,148.176,54.2789,14.3369,-81.5519,94.1977,-117.991
350,VBD_npp_d20250902_t1858508_x1007713E_y115312N_l0078_s2284_v23,2025-09-02 21:06:36,11.531205,100.771324,13.4636,2025-09-02 18:58:50,2025-09-03 01:58:50,78,2284,0.412874,8,18785,0.621926,0.055,0.891558,0.4,0.93765,0.75,8.07906e-06,0.0001,5.93708e-21,999999,1.649907e-01,3,Thailand Exclusive Economic Zone,,,SVDNB_npp_d20250902_t1858434_e1900076_b71766_c20250902202635057000_oeac_ops.h5,GDNBO_npp_d20250902_t1858434_e1900076_b71766_c20250902202419882000_oeac_ops.h5,SVI04_npp_d20250902_t1858434_e1900076_b71766_c20250902202643623000_oeac_ops.dspace_rad,,eez_v11.shp,WPP_BFAR_merge.shp,vbd_mpa_r20170830.shp,VNF-VBD_npp_20120301-20151231_global_asia-enhanced_c201607211230.bitmask,vbd_landsea_r20220824.mask,timezone.shp,VBD_platforms-recurring_2015_r20170330.shp,0.806398,VBD_bridges_c20160811.shp,14.122167;12.311656;9.816022;4.968679;7.298583;9.219633,85.094513;99.171051;112.915886;111.630913;98.030373;84.189926,npp_d20250902_t1858434_e1900076_b71766;npp_d20250902_t1900088_e1901330_b71766;npp_d20250902_t1901342_e1902584_b71766;npp_d20250902_t1902596_e1904238_b71766,148.146,54.247,14.3932,-79.2057,94.2252,-117.987
351,VBD_npp_d20250902_t1858508_x1007690E_y115176N_l0080_s2284_v23,2025-09-02 21:06:36,11.517607,100.769035,3.72991,2025-09-02 18:58:50,2025-09-03 01:58:50,80,2284,0.416715,1,2401,0.231847,0.055,0.903152,0.4,0.778659,0.75,8.1481e-06,0.0001,6.48224e-21,999999,7.704400e-02,3,Thailand Exclusive Economic Zone,,,SVDNB_npp_d20250902_t1858434_e1900076_b71766_c20250902202635057000_oeac_ops.h5,GDNBO_npp_d20250902_t1858434_e1900076_b71766_c20250902202419882000_oeac_ops.h5,SVI04_npp_d20250902_t1858434_e1900076_b71766_c20250902202643623000_oeac_ops.dspace_rad,,eez_v11.shp,WPP_BFAR_merge.shp,vbd_mpa_r20170830.shp,VNF-VBD_npp_20120301-20151231_global_asia-enhanced_c201607211230.bitmask,vbd_landsea_r20220824.mask,timezone.shp,VBD_platforms-recurring_2015_r20170330.shp,999999,VBD_bridges_c20160811.shp,14.122167;12.311656;9.816022;4.968679;7.298583;9.219633,85.094513;99.171051;112.915886;111.630913;98.030373;84.189926,npp_d20250902_t1858434_e1900076_b71766;npp_d20250902_t1900088_e1901330_b71766;npp_d20250902_t1901342_e1902584_b71766;npp_d20250902_t1902596_e1904238_b71766,148.156,54.2622,14.3963,-78.7403,94.2168,-117.988
352,VBD_npp_d20250902_t1858526_x1007675E_y115075N_l0082_s2285_v23,2025-09-02 21:06:36,11.507475,100.767548,13.4642,2025-09-02 18:58:52,2025-09-03 01:58:52,82,2285,0.416999,8,18785,0.627998,0.055,0.903152,0.4,0.786714,0.75,8.17895e-06,0.0001,3.47567e-21,999999,2.470890e-01,3,Thailand Exclusive Economic Zone,,,SVDNB_npp_d20250902_t1858434_e1900076_b71766_c20250902202635057000_oeac_ops.h5,GDNBO_npp_d20250902_t1858434_e1900076_b71766_c20250902202419882000_oeac_ops.h5,SVI04_npp_d20250902_t1858434_e1900076_b71766_c20250902202643623000_oeac_ops.dspace_rad,,eez_v11.shp,WPP_BFAR_merge.shp,vbd_mpa_r20170830.shp,VNF-VBD_npp_20120301-20151231_global_asia-enhanced_c201607211230.bitmask,vbd_landsea_r20220824.mask,timezone.shp,VBD_platforms-recurring_2015_r20170330.shp,0.135338,VBD_bridges_c20160811.shp,14.122167;12.311656;9.816022;4.968679;7.298583;9.219633,85.094513;99.171051;112.915886;111.630913;98.030373;84.189926,npp_d20250902_t1858434_e1900076_b71766;npp_d20250902_t1900088_e1901330_b71766;npp_d20250902_t1901342_e1902584_b71766;npp_d20250902_t1902596_e1904238_b71766,148.157,54.2821,14.4524,-82.0061,94.217,-117.987
353,VBD_npp_d20250902_t1858508_x1007829E_y115153N_l0080_s2286_v23,2025-09-02 21:06:36,11.515320,100.782852,13.2359,2025-09-02 18:58:50,2025-09-03 01:58:50,80,2286,0.414581,1,2401,0.603844,0.055,0.903152,0.4,0.923891,0.75,8.07234e-06,0.0001,5.36158e-21,999999,2.409078e-01,3,Thailand Exclusive Economic Zone,,,SVDNB_npp_d20250902_t1858434_e1900076_b71766_c20250902202635057000_oeac_ops.h5,GDNBO_npp_d20250902_t1858434_e1900076_b71766_c20250902202419882000_oeac_ops.h5,SVI04_npp_d20250902_t1858434_e1900076_b71766_c20250902202643623000_oeac_ops.dspace_rad,,eez_v11.shp,WPP_BFAR_merge.shp,vbd_mpa_r20170830.shp,VNF-VBD_npp_20120301-20151231_global_asia-enhanced_c201607211230.bitmask,vbd_landsea_r20220824.mask,timezone.shp,VBD_platforms-recurring_2015_r20170330.shp,999999,VBD_bridges_c20160811.shp,14.122167;12.311656;9.816022;4.968679;7.298583;9.219633,85.094513;99.171051;112.915886;111.630913;98.030373;84.189926,npp_d20250902_t1858434_e1900076_b71766;npp_d20250902_t1900088_e1901330_b71766;npp_d20250902_t1901342_e1902584_b71766;npp_d20250902_t1902596_e1904238_b71766,148.146,54.2807,14.5094,-78.7524,94.2277,-117.985
354,VBD_npp_d20250902_t1858526_x1007825E_y115120N_l0081_s2287_v23,2025-09-02 21:06:36,11.512033,100.782516,12.2633,2025-09-02 18:58:52,2025-09-03 01:58:52,81,2287,0.41451,1,2401,0.595309,0.055,0.89114,0.4,0.936785,0.75,8.06849e-06,0.0001,2.74143e-21,999999,3.591922e-01,3,Thailand Exclusive Economic Zone,,,SVDNB_npp_d20250902_t1858434_e1900076_b71766_c20250902202635057000_oeac_ops.h5,GDNBO_npp_d20250902_t1858434_e1900076_b71766_c20250902202419882000_oeac_ops.h5,SVI04_npp_d20250902_t1858434_e1900076_b71766_c20250902202643623000_oeac_ops.dspace_rad,,eez_v11.shp,WPP_BFAR_merge.shp,vbd_mpa_r20170830.shp,VNF-VBD_npp_20120301-20151231_global_asia-enhanced_c201607211230.bitmask,vbd_landsea_r20220824.mask,timezone.shp,VBD_platforms-recurring_2015_r20170330.shp,999999,VBD_bridges_c20160811.shp,14.122167;12.311656;9.816022;4.968679;7.298583;9.219633,85.094513;99.171051;112.915886;111.630913;98.030373;84.189926,npp_d20250902_t1858434_e1900076_b71766;npp_d20250902_t1900088_e1901330_b71766;npp_d20250902_t1901342_e1902584_b71766;npp_d20250902_t1902596_e1904238_b71766,148.142,54.2929,14.567,-82.2234,94.232,-117.984
355,VBD_npp_d20250902_t1859317_x1002959E_y092051N_l0433_s2295_v23,2025-09-02 21:06:36,9.205084,100.295853,3.73298,2025-09-02 18:59:31,2025-09-03 01:59:31,433,2295,0.246427,1,2401,0.26375,0.055,0.681135,0.4,0.837916,0.75,4.08092e-05,0.0001,1.30749e-20,999999,-1.423944e-01,3,Thailand Exclusive Economic Zone,,,SVDNB_npp_d20250902_t1858434_e1900076_b71766_c20250902202635057000_oeac_ops.h5,GDNBO_npp_d20250902_t1858434_e1900076_b71766_c20250902202419882000_oeac_ops.h5,SVI04_npp_d20250902_t1858434_e1900076_b71766_c20250902202643623000_oeac_ops.dspace_rad,,eez_v11.shp,WPP_BFAR_merge.shp,vbd_mpa_r20170830.shp,VNF-VBD_npp_20120301-20151231_global_asia-enhanced_c201607211230.bitmask,vbd_landsea_r20220824.mask,timezone.shp,VBD_platforms-recurring_2015_r20170330.shp,999999,VBD_bridges_c20160811.shp,14.122167;12.311656;9.816022;4.968679;7.298583;9.219633,85.094513;99.171051;112.915886;111.630913;98.030373;84.189926,npp_d20250902_t1858434_e1900076_b71766;npp_d20250902_t1900088_e1901330_b71766;npp_d20250902_t1901342_e1902584_b71766;npp_d20250902_t1902596_e1904238_b71766,149.706,57.1,15.0082,-82.2671,92.8621,-118.13
356,VBD_npp_d20250902_t1859335_x1002787E_y090241N_l0460_s2298_v23,2025-09-02 21:06:36,9.024100,100.278740,3.81926,2025-09-02 18:59:33,2025-09-03 01:59:33,460,2298,0.235188,1,2401,0.288713,0.055,0.751609,0.4,0.882991,0.75,4.60362e-05,0.0001,1.7791e-20,999999,-1.241240e-02,3,Thailand Exclusive Economic Zone,,,SVDNB_npp_d20250902_t1858434_e1900076_b71766_c20250902202635057000_oeac_ops.h5,GDNBO_npp_d20250902_t1858434_e1900076_b71766_c20250902202419882000_oeac_ops.h5,SVI04_npp_d20250902_t1858434_e1900076_b71766_c20250902202643623000_oeac_ops.dspace_rad,,eez_v11.shp,WPP_BFAR_merge.shp,vbd_mpa_r20170830.shp,VNF-VBD_npp_20120301-20151231_global_asia-enhanced_c201607211230.bitmask,vbd_landsea_r20220824.mask,timezone.shp,VBD_platforms-recurring_2015_r20170330.shp,999999,VBD_bridges_c20160811.shp,14.122167;12.311656;9.816022;4.968679;7.298583;9.219633,85.094513;99.171051;112.915886;111.630913;98.030373;84.189926,npp_d20250902_t1858434_e1900076_b71766;npp_d20250902_t1900088_e1901330_b71766;npp_d20250902_t1901342_e1902584_b71766;npp_d20250902_t1902596_e1904238_b71766,149.812,57.3506,15.1632,-79.8756,92.7681,-118.136
357,VBD_npp_d20250902_t1859299_x1003379E_y092517N_l0425_s2299_v23,2025-09-02 21:06:36,9.251740,100.337852,1.45903,2025-09-02 18:59:29,2025-09-03 01:59:29,425,2299,0.160572,2,2337,0.0796081,0.055,0.453566,0.4,0.53757,0.75,3.82094e-05,0.0001,1.16528e-20,999999,1.676999e-02,3,Thailand Exclusive Economic Zone,,,SVDNB_npp_d20250902_t1858434_e1900076_b71766_c20250902202635057000_oeac_ops.h5,GDNBO_npp_d20250902_t1858434_e1900076_b71766_c20250902202419882000_oeac_ops.h5,SVI04_npp_d20250902_t1858434_e1900076_b71766_c20250902202643623000_oeac_ops.dspace_rad,,eez_v11.shp,WPP_BFAR_merge.shp,vbd_mpa_r20170830.shp,VNF-VBD_npp_20120301-20151231_global_asia-enhanced_c201607211230.bitmask,vbd_landsea_r20220824.mask,timezone.shp,VBD_platforms-recurring_2015_r20170330.shp,999999,VBD_bridges_c20160811.shp,14.122167;12.311656;9.816022;4.968679;7.298583;9.219633,85.094513;99.171051;112.915886;111.630913;98.030373;84.189926,npp_d20250902_t1858434_e1900076_b71766;npp_d20250902_t1900088_e1901330_b71766;npp_d20250902_t1901342_e1902584_b71766;npp_d20250902_t1902596_e1904238_b71766,149.652,57.0703,15.2197,-80.5095,92.9144,-118.123
358,VBD_npp_d20250902_t1859317_x1003116E_y091341N_l0443_s2299_v23,2025-09-02 21:06:36,9.134141,100.311577,2.44411,2025-09-02 18:59:31,2025-09-03 01:59:31,443,2299,0.269047,1,2401,0.175999,0.055,0.561993,0.4,0.78609,0.75,4.21065e-05,0.0001,1.3961e-20,999999,9.323153e-02,3,Thailand Exclusive Economic Zone,,,SVDNB_npp_d20250902_t1858434_e1900076_b71766_c20250902202635057000_oeac_ops.h5,GDNBO_npp_d20250902_t1858434_e1900076_b71766_c20250902202419882000_oeac_ops.h5,SVI04_npp_d20250902_t1858434_e1900076_b71766_c20250902202643623000_oeac_ops.dspace_rad,,eez_v11.shp,WPP_BFAR_merge.shp,vbd_mpa_r20170830.shp,VNF-VBD_npp_20120301-20151231_global_asia-enhanced_c201607211230.bitmask,vbd_landsea_r20220824.mask,timezone.shp,VBD_platforms-recurring_2015_r20170330.shp,999999,VBD_bridges_c20160811.shp,14.122167;12.311656;9.816022;4.968679;7.298583;9.219633,85.094513;99.171051;112.915886;111.630913;98.030373;84.189926,npp_d20250902_t1858434_e1900076_b71766;npp_d20250902_t1900088_e1901330_b71766;npp_d20250902_t1901342_e1902584_b71766;npp_d20250902_t1902596_e1904238_b71766,149.731,57.219,15.2228,-80.092,92.8423,-118.129
359,VBD_npp_d20250902_t1858437_x1009983E_y120039N_l0003_s2301_v23,2025-09-02 21:06:36,12.003941,100.998344,2.35131,2025-09-02 18:58:43,2025-09-03 01:58:43,3,2301,0.3007,8,18721,0.0955404,0.055,0.529299,0.4,0.523846,0.75,5.05763e-06,0.0001,4.62088e-22,999999,999999,3,Thailand Exclusive Economic Zone,,,SVDNB_npp_d20250902_t1858434_e1900076_b71766_c20250902202635057000_oeac_ops.h5,GDNBO_npp_d20250902_t1858434_e1900076_b71766_c20250902202419882000_oeac_ops.h5,SVI04_npp_d20250902_t1858434_e1900076_b71766_c20250902202643623000_oeac_ops.dspace_rad,,eez_v11.shp,WPP_BFAR_merge.shp,vbd_mpa_r20170830.shp,VNF-VBD_npp_20120301-20151231_global_asia-enhanced_c201607211230.bitmask,vbd_landsea_r20220824.mask,timezone.shp,VBD_platforms-recurring_2015_r20170330.shp,0.181818,VBD_bridges_c20160811.shp,14.122167;12.311656;9.816022;4.968679;7.298583;9.219633,85.094513;99.171051;112.915886;111.630913;98.030373;84.189926,npp_d20250902_t1858434_e1900076_b71766;npp_d20250902_t1900088_e1901330_b71766;npp_d20250902_t1901342_e1902584_b71766;npp_d20250902_t1902596_e1904238_b71766,147.712,53.8575,15.3319,-81.6255,94.618,-117.926
360,VBD_npp_d20250902_t1858437_x1009904E_y119573N_l0010_s2301_v23,2025-09-02 21:06:36,11.957314,100.990425,2.40456,2025-09-02 18:58:43,2025-09-03 01:58:43,10,2301,0.159576,2,2337,0.115206,0.055,0.530899,0.4,0.567362,0.75,5.28004e-06,0.0001,6.35312e-22,999999,-1.723573e-03,3,Thailand Exclusive Economic Zone,,,SVDNB_npp_d20250902_t1858434_e1900076_b71766_c20250902202635057000_oeac_ops.h5,GDNBO_npp_d20250902_t1858434_e1900076_b71766_c20250902202419882000_oeac_ops.h5,SVI04_npp_d20250902_t1858434_e1900076_b71766_c20250902202643623000_oeac_ops.dspace_rad,,eez_v11.shp,WPP_BFAR_merge.shp,vbd_mpa_r20170830.shp,VNF-VBD_npp_20120301-20151231_global_asia-enhanced_c201607211230.bitmask,vbd_landsea_r20220824.mask,timezone.shp,VBD_platforms-recurring_2015_r20170330.shp,999999,VBD_bridges_c20160811.shp,14.122167;12.311656;9.816022;4.968679;7.298583;9.219633,85.094513;99.171051;112.915886;111.630913;98.030373;84.189926,npp_d20250902_t1858434_e1900076_b71766;npp_d20250902_t1900088_e1901330_b71766;npp_d20250902_t1901342_e1902584_b71766;npp_d20250902_t1902596_e1904238_b71766,147.746,53.9083,15.3294,-80.1309,94.5893,-117.93
361,VBD_npp_d20250902_t1859282_x1003780E_y093265N_l0413_s2302_v23,2025-09-02 21:06:36,9.326469,100.377953,3.94848,2025-09-02 18:59:28,2025-09-03 01:59:28,413,2302,0.124438,1,2401,0.284999,0.055,0.718116,0.4,0.825966,0.75,3.5032e-05,0.0001,9.4668e-21,999999,-1.090198e-01,3,Thailand Exclusive Economic Zone,,,SVDNB_npp_d20250902_t1858434_e1900076_b71766_c20250902202635057000_oeac_ops.h5,GDNBO_npp_d20250902_t1858434_e1900076_b71766_c20250902202419882000_oeac_ops.h5,SVI04_npp_d20250902_t1858434_e1900076_b71766_c20250902202643623000_oeac_ops.dspace_rad,,eez_v11.shp,WPP_BFAR_merge.shp,vbd_mpa_r20170830.shp,VNF-VBD_npp_20120301-20151231_global_asia-enhanced_c201607211230.bitmask,vbd_landsea_r20220824.mask,timezone.shp,VBD_platforms-recurring_2015_r20170330.shp,999999,VBD_bridges_c20160811.shp,14.122167;12.311656;9.816022;4.968679;7.298583;9.219633,85.094513;99.171051;112.915886;111.630913;98.030373;84.189926,npp_d20250902_t1858434_e1900076_b71766;npp_d20250902_t1900088_e1901330_b71766;npp_d20250902_t1901342_e1902584_b71766;npp_d20250902_t1902596_e1904238_b71766,149.584,56.9986,15.3863,-79.66,92.9782,-118.116
362,VBD_npp_d20250902_t1858437_x1010457E_y119962N_l0003_s2308_v23,2025-09-02 21:06:36,11.996207,101.045700,2.25198,2025-09-02 18:58:43,2025-09-03 01:58:43,3,2308,0.380722,1,2401,0.1583,0.055,0.819694,0.4,0.75885,0.75,4.87971e-06,0.0001,2.31181e-22,999999,999999,3,Thailand Exclusive Economic Zone,,,SVDNB_npp_d20250902_t1858434_e1900076_b71766_c20250902202635057000_oeac_ops.h5,GDNBO_npp_d20250902_t1858434_e1900076_b71766_c20250902202419882000_oeac_ops.h5,SVI04_npp_d20250902_t1858434_e1900076_b71766_c20250902202643623000_oeac_ops.dspace_rad,,eez_v11.shp,WPP_BFAR_merge.shp,vbd_mpa_r20170830.shp,VNF-VBD_npp_20120301-20151231_global_asia-enhanced_c201607211230.bitmask,vbd_landsea_r20220824.mask,timezone.shp,VBD_platforms-recurring_2015_r20170330.shp,999999,VBD_bridges_c20160811.shp,14.122167;12.311656;9.816022;4.968679;7.298583;9.219633,85.094513;99.171051;112.915886;111.630913;98.030373;84.189926,npp_d20250902_t1858434_e1900076_b71766;npp_d20250902_t1900088_e1901330_b71766;npp_d20250902_t1901342_e1902584_b71766;npp_d20250902_t1902596_e1904238_b71766,147.679,53.9204,15.7157,-81.5921,94.6552,-117.918
363,VBD_npp_d20250902_t1858437_x1010660E_y119517N_l0009_s2312_v23,2025-09-02 21:06:36,11.951705,101.066017,12.8037,2025-09-02 18:58:43,2025-09-03 01:58:43,9,2312,0.393811,1,2401,0.589856,0.055,0.853212,0.4,0.922163,0.75,4.95799e-06,0.0001,2.03958e-22,999999,1.933624e-01,3,Thailand Exclusive Economic Zone,,,SVDNB_npp_d20250902_t1858434_e1900076_b71766_c20250902202635057000_oeac_ops.h5,GDNBO_npp_d20250902_t1858434_e1900076_b71766_c20250902202419882000_oeac_ops.h5,SVI04_npp_d20250902_t1858434_e1900076_b71766_c20250902202643623000_oeac_ops.dspace_rad,,eez_v11.shp,WPP_BFAR_merge.shp,vbd_mpa_r20170830.shp,VNF-VBD_npp_20120301-20151231_global_asia-enhanced_c201607211230.bitmask,vbd_landsea_r20220824.mask,timezone.shp,VBD_platforms-recurring_2015_r20170330.shp,999999,VBD_bridges_c20160811.shp,14.122167;12.311656;9.816022;4.968679;7.298583;9.219633,85.094513;99.171051;112.915886;111.630913;98.030373;84.189926,npp_d20250902_t1858434_e1900076_b71766;npp_d20250902_t1900088_e1901330_b71766;npp_d20250902_t1901342_e1902584_b71766;npp_d20250902_t1902596_e1904238_b71766,147.689,54,15.9325,-80.3399,94.6519,-117.917
364,VBD_npp_d20250902_t1859299_x1004196E_y092041N_l0430_s2312_v23,2025-09-02 21:06:36,9.204082,100.419571,2.02334,2025-09-02 18:59:29,2025-09-03 01:59:29,430,2312,0.166476,2,2337,0.124559,0.055,0.484633,0.4,0.626419,0.75,3.65181e-05,0.0001,4.36162e-21,999999,1.109584e-01,3,Thailand Exclusive Economic Zone,,,SVDNB_npp_d20250902_t1858434_e1900076_b71766_c20250902202635057000_oeac_ops.h5,GDNBO_npp_d20250902_t1858434_e1900076_b71766_c20250902202419882000_oeac_ops.h5,SVI04_npp_d20250902_t1858434_e1900076_b71766_c20250902202643623000_oeac_ops.dspace_rad,,eez_v11.shp,WPP_BFAR_merge.shp,vbd_mpa_r20170830.shp,VNF-VBD_npp_20120301-20151231_global_asia-enhanced_c201607211230.bitmask,vbd_landsea_r20220824.mask,timezone.shp,VBD_platforms-recurring_2015_r20170330.shp,999999,VBD_bridges_c20160811.shp,14.122167;12.311656;9.816022;4.968679;7.298583;9.219633,85.094513;99.171051;112.915886;111.630913;98.030373;84.189926,npp_d20250902_t1858434_e1900076_b71766;npp_d20250902_t1900088_e1901330_b71766;npp_d20250902_t1901342_e1902584_b71766;npp_d20250902_t1902596_e1904238_b71766,149.61,57.2264,15.9361,-79.4803,92.963,-118.113
365,VBD_npp_d20250902_t1858437_x1010751E_y119639N_l0007_s2313_v23,2025-09-02 21:06:36,11.963944,101.075081,25.7277,2025-09-02 18:58:43,2025-09-03 01:58:43,7,2313,0.392459,1,2401,0.815081,0.055,0.853212,0.4,0.953051,0.75,4.87194e-06,0.0001,1.6822e-22,999999,5.252215e-02,3,Thailand Exclusive Economic Zone,,,SVDNB_npp_d20250902_t1858434_e1900076_b71766_c20250902202635057000_oeac_ops.h5,GDNBO_npp_d20250902_t1858434_e1900076_b71766_c20250902202419882000_oeac_ops.h5,SVI04_npp_d20250902_t1858434_e1900076_b71766_c20250902202643623000_oeac_ops.dspace_rad,,eez_v11.shp,WPP_BFAR_merge.shp,vbd_mpa_r20170830.shp,VNF-VBD_npp_20120301-20151231_global_asia-enhanced_c201607211230.bitmask,vbd_landsea_r20220824.mask,timezone.shp,VBD_platforms-recurring_2015_r20170330.shp,999999,VBD_bridges_c20160811.shp,14.122167;12.311656;9.816022;4.968679;7.298583;9.219633,85.094513;99.171051;112.915886;111.630913;98.030373;84.189926,npp_d20250902_t1858434_e1900076_b71766;npp_d20250902_t1900088_e1901330_b71766;npp_d20250902_t1901342_e1902584_b71766;npp_d20250902_t1902596_e1904238_b71766,147.675,53.9945,15.9875,-80.7493,94.6655,-117.915
366,VBD_npp_d20250902_t1858437_x1010830E_y119695N_l0006_s2314_v23,2025-09-02 21:06:36,11.969509,101.083008,9.16208,2025-09-02 18:58:43,2025-09-03 01:58:43,6,2314,0.409317,1,2401,0.490156,0.055,0.846608,0.4,0.901474,0.75,4.8162e-06,0.0001,1.45154e-22,999999,-9.459253e-02,3,Thailand Exclusive Economic Zone,,,SVDNB_npp_d20250902_t1858434_e1900076_b71766_c20250902202635057000_oeac_ops.h5,GDNBO_npp_d20250902_t1858434_e1900076_b71766_c20250902202419882000_oeac_ops.h5,SVI04_npp_d20250902_t1858434_e1900076_b71766_c20250902202643623000_oeac_ops.dspace_rad,,eez_v11.shp,WPP_BFAR_merge.shp,vbd_mpa_r20170830.shp,VNF-VBD_npp_20120301-20151231_global_asia-enhanced_c201607211230.bitmask,vbd_landsea_r20220824.mask,timezone.shp,VBD_platforms-recurring_2015_r20170330.shp,999999,VBD_bridges_c20160811.shp,14.122167;12.311656;9.816022;4.968679;7.298583;9.219633,85.094513;99.171051;112.915886;111.630913;98.030373;84.189926,npp_d20250902_t1858434_e1900076_b71766;npp_d20250902_t1900088_e1901330_b71766;npp_d20250902_t1901342_e1902584_b71766;npp_d20250902_t1902596_e1904238_b71766,147.665,53.9962,16.0427,-80.9517,94.6749,-117.913
367,VBD_npp_d20250902_t1859299_x1005253E_y092556N_l0420_s2326_v23,2025-09-02 21:06:36,9.255568,100.525261,1.38963,2025-09-02 18:59:29,2025-09-03 01:59:29,420,2326,0.088303,10,2305,0.0693162,0.055,0.271293,0.4,0.597122,0.75,3.16877e-05,0.0001,7.44805e-22,999999,-1.918504e-01,3,Thailand Exclusive Economic Zone,,,SVDNB_npp_d20250902_t1858434_e1900076_b71766_c20250902202635057000_oeac_ops.h5,GDNBO_npp_d20250902_t1858434_e1900076_b71766_c20250902202419882000_oeac_ops.h5,SVI04_npp_d20250902_t1858434_e1900076_b71766_c20250902202643623000_oeac_ops.dspace_rad,,eez_v11.shp,WPP_BFAR_merge.shp,vbd_mpa_r20170830.shp,VNF-VBD_npp_20120301-20151231_global_asia-enhanced_c201607211230.bitmask,vbd_landsea_r20220824.mask,timezone.shp,VBD_platforms-recurring_2015_r20170330.shp,999999,VBD_bridges_c20160811.shp,14.122167;12.311656;9.816022;4.968679;7.298583;9.219633,85.094513;99.171051;112.915886;111.630913;98.030373;84.189926,npp_d20250902_t1858434_e1900076_b71766;npp_d20250902_t1900088_e1901330_b71766;npp_d20250902_t1901342_e1902584_b71766;npp_d20250902_t1902596_e1904238_b71766,149.494,57.2657,16.7031,-81.4887,93.0792,-118.096
368,VBD_npp_d20250902_t1858455_x1011550E_y118564N_l0021_s2328_v23,2025-09-02 21:06:36,11.856390,101.154976,3.32734,2025-09-02 18:58:45,2025-09-03 01:58:45,21,2328,0.30198,2,2337,0.0604773,0.055,0.561125,0.4,0.360735,0.75,4.86457e-06,0.0001,3.63805e-23,999999,-8.489530e-01,3,Thailand Exclusive Economic Zone,,,SVDNB_npp_d20250902_t1858434_e1900076_b71766_c20250902202635057000_oeac_ops.h5,GDNBO_npp_d20250902_t1858434_e1900076_b71766_c20250902202419882000_oeac_ops.h5,SVI04_npp_d20250902_t1858434_e1900076_b71766_c20250902202643623000_oeac_ops.dspace_rad,,eez_v11.shp,WPP_BFAR_merge.shp,vbd_mpa_r20170830.shp,VNF-VBD_npp_20120301-20151231_global_asia-enhanced_c201607211230.bitmask,vbd_landsea_r20220824.mask,timezone.shp,VBD_platforms-recurring_2015_r20170330.shp,999999,VBD_bridges_c20160811.shp,14.122167;12.311656;9.816022;4.968679;7.298583;9.219633,85.094513;99.171051;112.915886;111.630913;98.030373;84.189926,npp_d20250902_t1858434_e1900076_b71766;npp_d20250902_t1900088_e1901330_b71766;npp_d20250902_t1901342_e1902584_b71766;npp_d20250902_t1902596_e1904238_b71766,147.669,54.2293,16.8136,-81.127,94.6904,-117.906
369,VBD_npp_d20250902_t1859299_x1005492E_y091896N_l0429_s2331_v23,2025-09-02 21:06:36,9.189621,100.549210,1.98297,2025-09-02 18:59:29,2025-09-03 01:59:29,429,2331,0.154099,2,2337,0.132298,0.055,0.473996,0.4,0.733597,0.75,3.22856e-05,0.0001,6.75396e-22,999999,-1.315129e-01,3,Thailand Exclusive Economic Zone,,,SVDNB_npp_d20250902_t1858434_e1900076_b71766_c20250902202635057000_oeac_ops.h5,GDNBO_npp_d20250902_t1858434_e1900076_b71766_c20250902202419882000_oeac_ops.h5,SVI04_npp_d20250902_t1858434_e1900076_b71766_c20250902202643623000_oeac_ops.dspace_rad,,eez_v11.shp,WPP_BFAR_merge.shp,vbd_mpa_r20170830.shp,VNF-VBD_npp_20120301-20151231_global_asia-enhanced_c201607211230.bitmask,vbd_landsea_r20220824.mask,timezone.shp,VBD_platforms-recurring_2015_r20170330.shp,999999,VBD_bridges_c20160811.shp,14.122167;12.311656;9.816022;4.968679;7.298583;9.219633,85.094513;99.171051;112.915886;111.630913;98.030373;84.189926,npp_d20250902_t1858434_e1900076_b71766;npp_d20250902_t1900088_e1901330_b71766;npp_d20250902_t1901342_e1902584_b71766;npp_d20250902_t1902596_e1904238_b71766,149.51,57.3855,16.9781,-79.732,93.069,-118.095
370,VBD_npp_d20250902_t1858455_x1011755E_y118116N_l0027_s2332_v23,2025-09-02 21:06:36,11.811621,101.175522,6.39298,2025-09-02 18:58:45,2025-09-03 01:58:45,27,2332,0.256243,2,2337,0.15916,0.055,0.668946,0.4,0.504238,0.75,4.91177e-06,0.0001,3.15071e-23,999999,-9.037594e-02,3,Thailand Exclusive Economic Zone,,,SVDNB_npp_d20250902_t1858434_e1900076_b71766_c20250902202635057000_oeac_ops.h5,GDNBO_npp_d20250902_t1858434_e1900076_b71766_c20250902202419882000_oeac_ops.h5,SVI04_npp_d20250902_t1858434_e1900076_b71766_c20250902202643623000_oeac_ops.dspace_rad,,eez_v11.shp,WPP_BFAR_merge.shp,vbd_mpa_r20170830.shp,VNF-VBD_npp_20120301-20151231_global_asia-enhanced_c201607211230.bitmask,vbd_landsea_r20220824.mask,timezone.shp,VBD_platforms-recurring_2015_r20170330.shp,999999,VBD_bridges_c20160811.shp,14.122167;12.311656;9.816022;4.968679;7.298583;9.219633,85.094513;99.171051;112.915886;111.630913;98.030373;84.189926,npp_d20250902_t1858434_e1900076_b71766;npp_d20250902_t1900088_e1901330_b71766;npp_d20250902_t1901342_e1902584_b71766;npp_d20250902_t1902596_e1904238_b71766,147.678,54.3095,17.033,-79.9589,94.6872,-117.905
371,VBD_npp_d20250902_t1859335_x1005179E_y090470N_l0451_s2332_v23,2025-09-02 21:06:36,9.046972,100.517876,2.54997,2025-09-02 18:59:33,2025-09-03 01:59:33,451,2332,0.159007,1,2401,0.192444,0.055,0.619408,0.4,0.800955,0.75,3.59711e-05,0.0001,4.95501e-22,999999,-3.373592e-03,3,Thailand Exclusive Economic Zone,,,SVDNB_npp_d20250902_t1858434_e1900076_b71766_c20250902202635057000_oeac_ops.h5,GDNBO_npp_d20250902_t1858434_e1900076_b71766_c20250902202419882000_oeac_ops.h5,SVI04_npp_d20250902_t1858434_e1900076_b71766_c20250902202643623000_oeac_ops.dspace_rad,,eez_v11.shp,WPP_BFAR_merge.shp,vbd_mpa_r20170830.shp,VNF-VBD_npp_20120301-20151231_global_asia-enhanced_c201607211230.bitmask,vbd_landsea_r20220824.mask,timezone.shp,VBD_platforms-recurring_2015_r20170330.shp,999999,VBD_bridges_c20160811.shp,14.122167;12.311656;9.816022;4.968679;7.298583;9.219633,85.094513;99.171051;112.915886;111.630913;98.030373;84.189926,npp_d20250902_t1858434_e1900076_b71766;npp_d20250902_t1900088_e1901330_b71766;npp_d20250902_t1901342_e1902584_b71766;npp_d20250902_t1902596_e1904238_b71766,149.6,57.5726,17.0304,-81.6762,92.9871,-118.102
372,VBD_npp_d20250902_t1858455_x1011858E_y118306N_l0024_s2333_v23,2025-09-02 21:06:36,11.830623,101.185814,8.88788,2025-09-02 18:58:45,2025-09-03 01:58:45,24,2333,0.30006,1,2401,0.341924,0.055,0.688626,0.4,0.759058,0.75,4.80269e-06,0.0001,2.46281e-23,999999,-5.527922e-01,3,Thailand Exclusive Economic Zone,,,SVDNB_npp_d20250902_t1858434_e1900076_b71766_c20250902202635057000_oeac_ops.h5,GDNBO_npp_d20250902_t1858434_e1900076_b71766_c20250902202419882000_oeac_ops.h5,SVI04_npp_d20250902_t1858434_e1900076_b71766_c20250902202643623000_oeac_ops.dspace_rad,,eez_v11.shp,WPP_BFAR_merge.shp,vbd_mpa_r20170830.shp,VNF-VBD_npp_20120301-20151231_global_asia-enhanced_c201607211230.bitmask,vbd_landsea_r20220824.mask,timezone.shp,VBD_platforms-recurring_2015_r20170330.shp,999999,VBD_bridges_c20160811.shp,14.122167;12.311656;9.816022;4.968679;7.298583;9.219633,85.094513;99.171051;112.915886;111.630913;98.030373;84.189926,npp_d20250902_t1858434_e1900076_b71766;npp_d20250902_t1900088_e1901330_b71766;npp_d20250902_t1901342_e1902584_b71766;npp_d20250902_t1902596_e1904238_b71766,147.659,54.2965,17.0873,-80.5357,94.705,-117.902
373,VBD_npp_d20250902_t1858490_x1011289E_y115816N_l0062_s2333_v23,2025-09-02 21:06:36,11.581619,101.128883,1.88243,2025-09-02 18:58:49,2025-09-03 01:58:49,62,2333,0.366354,1,2401,0.1492,0.055,0.707687,0.4,0.794221,0.75,5.81318e-06,0.0001,4.14447e-23,999999,-1.740815e-01,3,Thailand Exclusive Economic Zone,,,SVDNB_npp_d20250902_t1858434_e1900076_b71766_c20250902202635057000_oeac_ops.h5,GDNBO_npp_d20250902_t1858434_e1900076_b71766_c20250902202419882000_oeac_ops.h5,SVI04_npp_d20250902_t1858434_e1900076_b71766_c20250902202643623000_oeac_ops.dspace_rad,,eez_v11.shp,WPP_BFAR_merge.shp,vbd_mpa_r20170830.shp,VNF-VBD_npp_20120301-20151231_global_asia-enhanced_c201607211230.bitmask,vbd_landsea_r20220824.mask,timezone.shp,VBD_platforms-recurring_2015_r20170330.shp,999999,VBD_bridges_c20160811.shp,14.122167;12.311656;9.816022;4.968679;7.298583;9.219633,85.094513;99.171051;112.915886;111.630913;98.030373;84.189926,npp_d20250902_t1858434_e1900076_b71766;npp_d20250902_t1900088_e1901330_b71766;npp_d20250902_t1901342_e1902584_b71766;npp_d20250902_t1902596_e1904238_b71766,147.837,54.571,17.0882,-79.3954,94.5517,-117.924
374,VBD_npp_d20250902_t1859317_x1005387E_y090831N_l0445_s2333_v23,2025-09-02 21:06:36,9.083133,100.538689,1.63004,2025-09-02 18:59:31,2025-09-03 01:59:31,445,2333,0.104094,2,2337,0.093289,0.055,0.521224,0.4,0.614646,0.75,3.46768e-05,0.0001,6.15566e-22,999999,-1.672539e-01,3,Thailand Exclusive Economic Zone,,,SVDNB_npp_d20250902_t1858434_e1900076_b71766_c20250902202635057000_oeac_ops.h5,GDNBO_npp_d20250902_t1858434_e1900076_b71766_c20250902202419882000_oeac_ops.h5,SVI04_npp_d20250902_t1858434_e1900076_b71766_c20250902202643623000_oeac_ops.dspace_rad,,eez_v11.shp,WPP_BFAR_merge.shp,vbd_mpa_r20170830.shp,VNF-VBD_npp_20120301-20151231_global_asia-enhanced_c201607211230.bitmask,vbd_landsea_r20220824.mask,timezone.shp,VBD_platforms-recurring_2015_r20170330.shp,999999,VBD_bridges_c20160811.shp,14.122167;12.311656;9.816022;4.968679;7.298583;9.219633,85.094513;99.171051;112.915886;111.630913;98.030373;84.189926,npp_d20250902_t1858434_e1900076_b71766;npp_d20250902_t1900088_e1901330_b71766;npp_d20250902_t1901342_e1902584_b71766;npp_d20250902_t1902596_e1904238_b71766,149.57,57.5349,17.0904,-79.7488,93.016,-118.099
375,VBD_npp_d20250902_t1858455_x1011881E_y118026N_l0028_s2334_v23,2025-09-02 21:06:36,11.802631,101.188103,5.01597,2025-09-02 18:58:45,2025-09-03 01:58:45,28,2334,0.292805,2,2337,0.0869835,0.055,0.668946,0.4,0.395957,0.75,4.87959e-06,0.0001,2.66574e-23,999999,-3.297732e-01,3,Thailand Exclusive Economic Zone,,,SVDNB_npp_d20250902_t1858434_e1900076_b71766_c20250902202635057000_oeac_ops.h5,GDNBO_npp_d20250902_t1858434_e1900076_b71766_c20250902202419882000_oeac_ops.h5,SVI04_npp_d20250902_t1858434_e1900076_b71766_c20250902202643623000_oeac_ops.dspace_rad,,eez_v11.shp,WPP_BFAR_merge.shp,vbd_mpa_r20170830.shp,VNF-VBD_npp_20120301-20151231_global_asia-enhanced_c201607211230.bitmask,vbd_landsea_r20220824.mask,timezone.shp,VBD_platforms-recurring_2015_r20170330.shp,999999,VBD_bridges_c20160811.shp,14.122167;12.311656;9.816022;4.968679;7.298583;9.219633,85.094513;99.171051;112.915886;111.630913;98.030373;84.189926,npp_d20250902_t1858434_e1900076_b71766;npp_d20250902_t1900088_e1901330_b71766;npp_d20250902_t1901342_e1902584_b71766;npp_d20250902_t1902596_e1904238_b71766,147.674,54.335,17.1435,-79.7686,94.6939,-117.903
376,VBD_npp_d20250902_t1858508_x1011223E_y115430N_l0068_s2334_v23,2025-09-02 21:06:36,11.542977,101.122284,6.9475,2025-09-02 18:58:50,2025-09-03 01:58:50,68,2334,0.377379,1,2401,0.463144,0.055,0.836795,0.4,0.942178,0.75,5.93679e-06,0.0001,2.64255e-23,999999,7.525571e-02,3,Thailand Exclusive Economic Zone,,,SVDNB_npp_d20250902_t1858434_e1900076_b71766_c20250902202635057000_oeac_ops.h5,GDNBO_npp_d20250902_t1858434_e1900076_b71766_c20250902202419882000_oeac_ops.h5,SVI04_npp_d20250902_t1858434_e1900076_b71766_c20250902202643623000_oeac_ops.dspace_rad,,eez_v11.shp,WPP_BFAR_merge.shp,vbd_mpa_r20170830.shp,VNF-VBD_npp_20120301-20151231_global_asia-enhanced_c201607211230.bitmask,vbd_landsea_r20220824.mask,timezone.shp,VBD_platforms-recurring_2015_r20170330.shp,999999,VBD_bridges_c20160811.shp,14.122167;12.311656;9.816022;4.968679;7.298583;9.219633,85.094513;99.171051;112.915886;111.630913;98.030373;84.189926,npp_d20250902_t1858434_e1900076_b71766;npp_d20250902_t1900088_e1901330_b71766;npp_d20250902_t1901342_e1902584_b71766;npp_d20250902_t1902596_e1904238_b71766,147.859,54.622,17.1423,-81.3116,94.5341,-117.926
377,VBD_npp_d20250902_t1858455_x1012099E_y118059N_l0027_s2337_v23,2025-09-02 21:06:36,11.805925,101.209862,6.59321,2025-09-02 18:58:45,2025-09-03 01:58:45,27,2337,0.294796,1,2401,0.330051,0.055,0.693278,0.4,0.769624,0.75,4.76525e-06,0.0001,1.84347e-23,999999,-2.836633e-01,3,Thailand Exclusive Economic Zone,,,SVDNB_npp_d20250902_t1858434_e1900076_b71766_c20250902202635057000_oeac_ops.h5,GDNBO_npp_d20250902_t1858434_e1900076_b71766_c20250902202419882000_oeac_ops.h5,SVI04_npp_d20250902_t1858434_e1900076_b71766_c20250902202643623000_oeac_ops.dspace_rad,,eez_v11.shp,WPP_BFAR_merge.shp,vbd_mpa_r20170830.shp,VNF-VBD_npp_20120301-20151231_global_asia-enhanced_c201607211230.bitmask,vbd_landsea_r20220824.mask,timezone.shp,VBD_platforms-recurring_2015_r20170330.shp,999999,VBD_bridges_c20160811.shp,14.122167;12.311656;9.816022;4.968679;7.298583;9.219633,85.094513;99.171051;112.915886;111.630913;98.030373;84.189926,npp_d20250902_t1858434_e1900076_b71766;npp_d20250902_t1900088_e1901330_b71766;npp_d20250902_t1901342_e1902584_b71766;npp_d20250902_t1902596_e1904238_b71766,147.654,54.3548,17.3078,-79.9618,94.7142,-117.899
378,VBD_npp_d20250902_t1858455_x1012122E_y117779N_l0031_s2338_v23,2025-09-02 21:06:36,11.777898,101.212151,8.86401,2025-09-02 18:58:45,2025-09-03 01:58:45,31,2338,0.25475,2,2337,0.244514,0.055,0.641494,0.4,0.619215,0.75,4.83908e-06,0.0001,1.99104e-23,999999,-1.784278e-01,3,Thailand Exclusive Economic Zone,,,SVDNB_npp_d20250902_t1858434_e1900076_b71766_c20250902202635057000_oeac_ops.h5,GDNBO_npp_d20250902_t1858434_e1900076_b71766_c20250902202419882000_oeac_ops.h5,SVI04_npp_d20250902_t1858434_e1900076_b71766_c20250902202643623000_oeac_ops.dspace_rad,,eez_v11.shp,WPP_BFAR_merge.shp,vbd_mpa_r20170830.shp,VNF-VBD_npp_20120301-20151231_global_asia-enhanced_c201607211230.bitmask,vbd_landsea_r20220824.mask,timezone.shp,VBD_platforms-recurring_2015_r20170330.shp,999999,VBD_bridges_c20160811.shp,14.122167;12.311656;9.816022;4.968679;7.298583;9.219633,85.094513;99.171051;112.915886;111.630913;98.030373;84.189926,npp_d20250902_t1858434_e1900076_b71766;npp_d20250902_t1900088_e1901330_b71766;npp_d20250902_t1901342_e1902584_b71766;npp_d20250902_t1902596_e1904238_b71766,147.669,54.3933,17.3662,-79.2059,94.7031,-117.9
379,VBD_npp_d20250902_t1858455_x1012202E_y117835N_l0030_s2339_v23,2025-09-02 21:06:36,11.783471,101.220177,5.48698,2025-09-02 18:58:45,2025-09-03 01:58:45,30,2339,0.291382,2,2337,0.251313,0.055,0.672168,0.4,0.666504,0.75,4.78351e-06,0.0001,1.70632e-23,999999,-2.613490e-02,3,Thailand Exclusive Economic Zone,,,SVDNB_npp_d20250902_t1858434_e1900076_b71766_c20250902202635057000_oeac_ops.h5,GDNBO_npp_d20250902_t1858434_e1900076_b71766_c20250902202419882000_oeac_ops.h5,SVI04_npp_d20250902_t1858434_e1900076_b71766_c20250902202643623000_oeac_ops.dspace_rad,,eez_v11.shp,WPP_BFAR_merge.shp,vbd_mpa_r20170830.shp,VNF-VBD_npp_20120301-20151231_global_asia-enhanced_c201607211230.bitmask,vbd_landsea_r20220824.mask,timezone.shp,VBD_platforms-recurring_2015_r20170330.shp,999999,VBD_bridges_c20160811.shp,14.122167;12.311656;9.816022;4.968679;7.298583;9.219633,85.094513;99.171051;112.915886;111.630913;98.030373;84.189926,npp_d20250902_t1858434_e1900076_b71766;npp_d20250902_t1900088_e1901330_b71766;npp_d20250902_t1901342_e1902584_b71766;npp_d20250902_t1902596_e1904238_b71766,147.659,54.395,17.42,-79.3973,94.7126,-117.899
380,VBD_npp_d20250902_t1858472_x1012096E_y117663N_l0033_s2339_v23,2025-09-02 21:06:36,11.766345,101.209572,3.77816,2025-09-02 18:58:47,2025-09-03 01:58:47,33,2339,0.21833,2,2337,0.15072,0.055,0.630946,0.4,0.603315,0.75,4.86037e-06,0.0001,1.05404e-23,999999,-3.727018e-01,3,Thailand Exclusive Economic Zone,,,SVDNB_npp_d20250902_t1858434_e1900076_b71766_c20250902202635057000_oeac_ops.h5,GDNBO_npp_d20250902_t1858434_e1900076_b71766_c20250902202419882000_oeac_ops.h5,SVI04_npp_d20250902_t1858434_e1900076_b71766_c20250902202643623000_oeac_ops.dspace_rad,,eez_v11.shp,WPP_BFAR_merge.shp,vbd_mpa_r20170830.shp,VNF-VBD_npp_20120301-20151231_global_asia-enhanced_c201607211230.bitmask,vbd_landsea_r20220824.mask,timezone.shp,VBD_platforms-recurring_2015_r20170330.shp,999999,VBD_bridges_c20160811.shp,14.122167;12.311656;9.816022;4.968679;7.298583;9.219633,85.094513;99.171051;112.915886;111.630913;98.030373;84.189926,npp_d20250902_t1858434_e1900076_b71766;npp_d20250902_t1900088_e1901330_b71766;npp_d20250902_t1901342_e1902584_b71766;npp_d20250902_t1902596_e1904238_b71766,147.672,54.4135,17.4177,-81.8482,94.7016,-117.9
381,VBD_npp_d20250902_t1858490_x1011712E_y115815N_l0061_s2339_v23,2025-09-02 21:06:36,11.581480,101.171219,1.4401,2025-09-02 18:58:49,2025-09-03 01:58:49,61,2339,0.285976,8,18721,0.0733573,0.055,0.576524,0.4,0.560706,0.75,5.57774e-06,0.0001,2.08455e-23,999999,-5.261970e-01,3,Thailand Exclusive Economic Zone,,,SVDNB_npp_d20250902_t1858434_e1900076_b71766_c20250902202635057000_oeac_ops.h5,GDNBO_npp_d20250902_t1858434_e1900076_b71766_c20250902202419882000_oeac_ops.h5,SVI04_npp_d20250902_t1858434_e1900076_b71766_c20250902202643623000_oeac_ops.dspace_rad,,eez_v11.shp,WPP_BFAR_merge.shp,vbd_mpa_r20170830.shp,VNF-VBD_npp_20120301-20151231_global_asia-enhanced_c201607211230.bitmask,vbd_landsea_r20220824.mask,timezone.shp,VBD_platforms-recurring_2015_r20170330.shp,0.210278,VBD_bridges_c20160811.shp,14.122167;12.311656;9.816022;4.968679;7.298583;9.219633,85.094513;99.171051;112.915886;111.630913;98.030373;84.189926,npp_d20250902_t1858434_e1900076_b71766;npp_d20250902_t1900088_e1901330_b71766;npp_d20250902_t1901342_e1902584_b71766;npp_d20250902_t1902596_e1904238_b71766,147.804,54.6179,17.417,-79.5982,94.5882,-117.916
382,VBD_npp_d20250902_t1859513_x1003244E_y080085N_l0609_s2339_v23,2025-09-02 21:06:36,8.008481,100.324394,8.80512,2025-09-02 18:59:51,2025-09-03 01:59:51,609,2339,0.394237,1,2401,0.384795,0.055,0.872882,0.4,0.762996,0.75,7.90157e-05,0.0001,6.85347e-22,999999,-4.179618e-01,1,Thailand Exclusive Economic Zone,,,SVDNB_npp_d20250902_t1858434_e1900076_b71766_c20250902202635057000_oeac_ops.h5,GDNBO_npp_d20250902_t1858434_e1900076_b71766_c20250902202419882000_oeac_ops.h5,SVI04_npp_d20250902_t1858434_e1900076_b71766_c20250902202643623000_oeac_ops.dspace_rad,,eez_v11.shp,WPP_BFAR_merge.shp,vbd_mpa_r20170830.shp,VNF-VBD_npp_20120301-20151231_global_asia-enhanced_c201607211230.bitmask,vbd_landsea_r20220824.mask,timezone.shp,VBD_platforms-recurring_2015_r20170330.shp,999999,VBD_bridges_c20160811.shp,14.122167;12.311656;9.816022;4.968679;7.298583;9.219633,85.094513;99.171051;112.915886;111.630913;98.030373;84.189926,npp_d20250902_t1858434_e1900076_b71766;npp_d20250902_t1900088_e1901330_b71766;npp_d20250902_t1901342_e1902584_b71766;npp_d20250902_t1902596_e1904238_b71766,150.247,58.9732,17.419,-82.088,92.3915,-118.146
383,VBD_npp_d20250902_t1858526_x1012091E_y113443N_l0095_s2352_v23,2025-09-02 21:06:36,11.344263,101.209137,1.2826,2025-09-02 18:58:52,2025-09-03 01:58:52,95,2352,0.162066,8,18721,0.0858293,0.055,0.559744,0.4,0.72412,0.75,5.92479e-06,0.0001,6.9939e-24,999999,-1.153979e-01,3,Thailand Exclusive Economic Zone,,,SVDNB_npp_d20250902_t1858434_e1900076_b71766_c20250902202635057000_oeac_ops.h5,GDNBO_npp_d20250902_t1858434_e1900076_b71766_c20250902202419882000_oeac_ops.h5,SVI04_npp_d20250902_t1858434_e1900076_b71766_c20250902202643623000_oeac_ops.dspace_rad,,eez_v11.shp,WPP_BFAR_merge.shp,vbd_mpa_r20170830.shp,VNF-VBD_npp_20120301-20151231_global_asia-enhanced_c201607211230.bitmask,vbd_landsea_r20220824.mask,timezone.shp,VBD_platforms-recurring_2015_r20170330.shp,0.301739,VBD_bridges_c20160811.shp,14.122167;12.311656;9.816022;4.968679;7.298583;9.219633,85.094513;99.171051;112.915886;111.630913;98.030373;84.189926,npp_d20250902_t1858434_e1900076_b71766;npp_d20250902_t1900088_e1901330_b71766;npp_d20250902_t1901342_e1902584_b71766;npp_d20250902_t1902596_e1904238_b71766,147.898,54.9842,18.1363,-79.2697,94.5225,-117.921
384,VBD_npp_d20250902_t1859495_x1004209E_y079975N_l0608_s2352_v23,2025-09-02 21:06:36,7.997485,100.420853,3.56168,2025-09-02 18:59:49,2025-09-03 01:59:49,608,2352,0.423401,1,2401,0.272064,0.055,0.839371,0.4,0.863232,0.75,7.22218e-05,0.0001,3.21107e-22,999999,9.072997e-02,3,Thailand Exclusive Economic Zone,,,SVDNB_npp_d20250902_t1858434_e1900076_b71766_c20250902202635057000_oeac_ops.h5,GDNBO_npp_d20250902_t1858434_e1900076_b71766_c20250902202419882000_oeac_ops.h5,SVI04_npp_d20250902_t1858434_e1900076_b71766_c20250902202643623000_oeac_ops.dspace_rad,,eez_v11.shp,WPP_BFAR_merge.shp,vbd_mpa_r20170830.shp,VNF-VBD_npp_20120301-20151231_global_asia-enhanced_c201607211230.bitmask,vbd_landsea_r20220824.mask,timezone.shp,VBD_platforms-recurring_2015_r20170330.shp,999999,VBD_bridges_c20160811.shp,14.122167;12.311656;9.816022;4.968679;7.298583;9.219633,85.094513;99.171051;112.915886;111.630913;98.030373;84.189926,npp_d20250902_t1858434_e1900076_b71766;npp_d20250902_t1900088_e1901330_b71766;npp_d20250902_t1901342_e1902584_b71766;npp_d20250902_t1902596_e1904238_b71766,150.177,59.0813,18.1334,-79.3055,92.4643,-118.135
385,VBD_npp_d20250902_t1859513_x1004202E_y079931N_l0609_s2353_v23,2025-09-02 21:06:36,7.993064,100.420174,2.612,2025-09-02 18:59:51,2025-09-03 01:59:51,609,2353,0.422903,1,2401,0.196199,0.055,0.839371,0.4,0.785073,0.75,7.21149e-05,0.0001,1.6875e-22,999999,1.008085e-01,3,Thailand Exclusive Economic Zone,,,SVDNB_npp_d20250902_t1858434_e1900076_b71766_c20250902202635057000_oeac_ops.h5,GDNBO_npp_d20250902_t1858434_e1900076_b71766_c20250902202419882000_oeac_ops.h5,SVI04_npp_d20250902_t1858434_e1900076_b71766_c20250902202643623000_oeac_ops.dspace_rad,,eez_v11.shp,WPP_BFAR_merge.shp,vbd_mpa_r20170830.shp,VNF-VBD_npp_20120301-20151231_global_asia-enhanced_c201607211230.bitmask,vbd_landsea_r20220824.mask,timezone.shp,VBD_platforms-recurring_2015_r20170330.shp,999999,VBD_bridges_c20160811.shp,14.122167;12.311656;9.816022;4.968679;7.298583;9.219633,85.094513;99.171051;112.915886;111.630913;98.030373;84.189926,npp_d20250902_t1858434_e1900076_b71766;npp_d20250902_t1900088_e1901330_b71766;npp_d20250902_t1901342_e1902584_b71766;npp_d20250902_t1902596_e1904238_b71766,150.174,59.0948,18.1889,-82.0237,92.4678,-118.134
386,VBD_npp_d20250902_t1859495_x1004572E_y080470N_l0600_s2356_v23,2025-09-02 21:06:36,8.047036,100.457222,3.60988,2025-09-02 18:59:49,2025-09-03 01:59:49,600,2356,0.419347,1,2401,0.260179,0.055,0.868929,0.4,0.871179,0.75,6.72256e-05,0.0001,1.51041e-22,999999,3.926502e-02,3,Thailand Exclusive Economic Zone,,,SVDNB_npp_d20250902_t1858434_e1900076_b71766_c20250902202635057000_oeac_ops.h5,GDNBO_npp_d20250902_t1858434_e1900076_b71766_c20250902202419882000_oeac_ops.h5,SVI04_npp_d20250902_t1858434_e1900076_b71766_c20250902202643623000_oeac_ops.dspace_rad,,eez_v11.shp,WPP_BFAR_merge.shp,vbd_mpa_r20170830.shp,VNF-VBD_npp_20120301-20151231_global_asia-enhanced_c201607211230.bitmask,vbd_landsea_r20220824.mask,timezone.shp,VBD_platforms-recurring_2015_r20170330.shp,999999,VBD_bridges_c20160811.shp,14.122167;12.311656;9.816022;4.968679;7.298583;9.219633,85.094513;99.171051;112.915886;111.630913;98.030373;84.189926,npp_d20250902_t1858434_e1900076_b71766;npp_d20250902_t1900088_e1901330_b71766;npp_d20250902_t1901342_e1902584_b71766;npp_d20250902_t1902596_e1904238_b71766,150.121,59.0446,18.3484,-80.754,92.5193,-118.129
387,VBD_npp_d20250902_t1858544_x1012333E_y113219N_l0098_s2357_v23,2025-09-02 21:06:36,11.321916,101.233337,1.95945,2025-09-02 18:58:54,2025-09-03 01:58:54,98,2357,0.201686,8,18785,0.155881,0.055,0.608092,0.4,0.819834,0.75,5.80588e-06,0.0001,2.45989e-24,999999,1.312594e-02,3,Thailand Exclusive Economic Zone,,,SVDNB_npp_d20250902_t1858434_e1900076_b71766_c20250902202635057000_oeac_ops.h5,GDNBO_npp_d20250902_t1858434_e1900076_b71766_c20250902202419882000_oeac_ops.h5,SVI04_npp_d20250902_t1858434_e1900076_b71766_c20250902202643623000_oeac_ops.dspace_rad,,eez_v11.shp,WPP_BFAR_merge.shp,vbd_mpa_r20170830.shp,VNF-VBD_npp_20120301-20151231_global_asia-enhanced_c201607211230.bitmask,vbd_landsea_r20220824.mask,timezone.shp,VBD_platforms-recurring_2015_r20170330.shp,0.342932,VBD_bridges_c20160811.shp,14.122167;12.311656;9.816022;4.968679;7.298583;9.219633,85.094513;99.171051;112.915886;111.630913;98.030373;84.189926,npp_d20250902_t1858434_e1900076_b71766;npp_d20250902_t1900088_e1901330_b71766;npp_d20250902_t1901342_e1902584_b71766;npp_d20250902_t1902596_e1904238_b71766,147.886,55.0479,18.4071,-81.6096,94.5391,-117.917
388,VBD_npp_d20250902_t1859513_x1004434E_y079199N_l0619_s2358_v23,2025-09-02 21:06:36,7.919879,100.443390,4.47842,2025-09-02 18:59:51,2025-09-03 01:59:51,619,2358,0.418209,1,2401,0.326425,0.055,0.767597,0.4,0.893182,0.75,7.34045e-05,0.0001,1.56973e-22,999999,9.188902e-02,3,Thailand Exclusive Economic Zone,,,SVDNB_npp_d20250902_t1858434_e1900076_b71766_c20250902202635057000_oeac_ops.h5,GDNBO_npp_d20250902_t1858434_e1900076_b71766_c20250902202419882000_oeac_ops.h5,SVI04_npp_d20250902_t1858434_e1900076_b71766_c20250902202643623000_oeac_ops.dspace_rad,,eez_v11.shp,WPP_BFAR_merge.shp,vbd_mpa_r20170830.shp,VNF-VBD_npp_20120301-20151231_global_asia-enhanced_c201607211230.bitmask,vbd_landsea_r20220824.mask,timezone.shp,VBD_platforms-recurring_2015_r20170330.shp,999999,VBD_bridges_c20160811.shp,14.122167;12.311656;9.816022;4.968679;7.298583;9.219633,85.094513;99.171051;112.915886;111.630913;98.030373;84.189926,npp_d20250902_t1858434_e1900076_b71766;npp_d20250902_t1900088_e1901330_b71766;npp_d20250902_t1901342_e1902584_b71766;npp_d20250902_t1902596_e1904238_b71766,150.191,59.2283,18.4602,-80.2188,92.4536,-118.133
389,VBD_npp_d20250902_t1859495_x1004734E_y080166N_l0604_s2359_v23,2025-09-02 21:06:36,8.016598,100.473427,2.99626,2025-09-02 18:59:49,2025-09-03 01:59:49,604,2359,0.417924,1,2401,0.226525,0.055,0.907998,0.4,0.81887,0.75,6.72891e-05,0.0001,1.3194e-22,999999,-1.178463e-01,3,Thailand Exclusive Economic Zone,,,SVDNB_npp_d20250902_t1858434_e1900076_b71766_c20250902202635057000_oeac_ops.h5,GDNBO_npp_d20250902_t1858434_e1900076_b71766_c20250902202419882000_oeac_ops.h5,SVI04_npp_d20250902_t1858434_e1900076_b71766_c20250902202643623000_oeac_ops.dspace_rad,,eez_v11.shp,WPP_BFAR_merge.shp,vbd_mpa_r20170830.shp,VNF-VBD_npp_20120301-20151231_global_asia-enhanced_c201607211230.bitmask,vbd_landsea_r20220824.mask,timezone.shp,VBD_platforms-recurring_2015_r20170330.shp,999999,VBD_bridges_c20160811.shp,14.122167;12.311656;9.816022;4.968679;7.298583;9.219633,85.094513;99.171051;112.915886;111.630913;98.030373;84.189926,npp_d20250902_t1858434_e1900076_b71766;npp_d20250902_t1900088_e1901330_b71766;npp_d20250902_t1901342_e1902584_b71766;npp_d20250902_t1902596_e1904238_b71766,150.123,59.1066,18.5147,-80.0405,92.5192,-118.128
390,VBD_npp_d20250902_t1859495_x1004700E_y079963N_l0607_s2359_v23,2025-09-02 21:06:36,7.996305,100.470039,11.8539,2025-09-02 18:59:49,2025-09-03 01:59:49,607,2359,0.411167,1,2401,0.630293,0.055,0.908796,0.4,0.954701,0.75,6.84101e-05,0.0001,1.50212e-22,999999,3.859150e-02,3,Thailand Exclusive Economic Zone,,,SVDNB_npp_d20250902_t1858434_e1900076_b71766_c20250902202635057000_oeac_ops.h5,GDNBO_npp_d20250902_t1858434_e1900076_b71766_c20250902202419882000_oeac_ops.h5,SVI04_npp_d20250902_t1858434_e1900076_b71766_c20250902202643623000_oeac_ops.dspace_rad,,eez_v11.shp,WPP_BFAR_merge.shp,vbd_mpa_r20170830.shp,VNF-VBD_npp_20120301-20151231_global_asia-enhanced_c201607211230.bitmask,vbd_landsea_r20220824.mask,timezone.shp,VBD_platforms-recurring_2015_r20170330.shp,999999,VBD_bridges_c20160811.shp,14.122167;12.311656;9.816022;4.968679;7.298583;9.219633,85.094513;99.171051;112.915886;111.630913;98.030373;84.189926,npp_d20250902_t1858434_e1900076_b71766;npp_d20250902_t1900088_e1901330_b71766;npp_d20250902_t1901342_e1902584_b71766;npp_d20250902_t1902596_e1904238_b71766,150.136,59.1336,18.5174,-79.5072,92.5067,-118.129
391,VBD_npp_d20250902_t1859513_x1004558E_y079526N_l0614_s2359_v23,2025-09-02 21:06:36,7.952586,100.455841,3.48022,2025-09-02 18:59:51,2025-09-03 01:59:51,614,2359,0.386057,8,18785,0.267151,0.055,0.887992,0.4,0.879991,0.75,7.10257e-05,0.0001,1.13678e-22,999999,-5.741144e-02,3,Thailand Exclusive Economic Zone,,,SVDNB_npp_d20250902_t1858434_e1900076_b71766_c20250902202635057000_oeac_ops.h5,GDNBO_npp_d20250902_t1858434_e1900076_b71766_c20250902202419882000_oeac_ops.h5,SVI04_npp_d20250902_t1858434_e1900076_b71766_c20250902202643623000_oeac_ops.dspace_rad,,eez_v11.shp,WPP_BFAR_merge.shp,vbd_mpa_r20170830.shp,VNF-VBD_npp_20120301-20151231_global_asia-enhanced_c201607211230.bitmask,vbd_landsea_r20220824.mask,timezone.shp,VBD_platforms-recurring_2015_r20170330.shp,0.254732,VBD_bridges_c20160811.shp,14.122167;12.311656;9.816022;4.968679;7.298583;9.219633,85.094513;99.171051;112.915886;111.630913;98.030373;84.189926,npp_d20250902_t1858434_e1900076_b71766;npp_d20250902_t1900088_e1901330_b71766;npp_d20250902_t1901342_e1902584_b71766;npp_d20250902_t1902596_e1904238_b71766,150.164,59.192,18.5151,-81.1085,92.4799,-118.131
392,VBD_npp_d20250902_t1859495_x1004903E_y080764N_l0595_s2360_v23,2025-09-02 21:06:36,8.076392,100.490295,2.86332,2025-09-02 18:59:49,2025-09-03 01:59:49,595,2360,0.414865,1,2401,0.226519,0.055,0.8631,0.4,0.881664,0.75,6.3458e-05,0.0001,7.98845e-23,999999,-3.471836e-02,3,Thailand Exclusive Economic Zone,,,SVDNB_npp_d20250902_t1858434_e1900076_b71766_c20250902202635057000_oeac_ops.h5,GDNBO_npp_d20250902_t1858434_e1900076_b71766_c20250902202419882000_oeac_ops.h5,SVI04_npp_d20250902_t1858434_e1900076_b71766_c20250902202643623000_oeac_ops.dspace_rad,,eez_v11.shp,WPP_BFAR_merge.shp,vbd_mpa_r20170830.shp,VNF-VBD_npp_20120301-20151231_global_asia-enhanced_c201607211230.bitmask,vbd_landsea_r20220824.mask,timezone.shp,VBD_platforms-recurring_2015_r20170330.shp,999999,VBD_bridges_c20160811.shp,14.122167;12.311656;9.816022;4.968679;7.298583;9.219633,85.094513;99.171051;112.915886;111.630913;98.030373;84.189926,npp_d20250902_t1858434_e1900076_b71766;npp_d20250902_t1900088_e1901330_b71766;npp_d20250902_t1901342_e1902584_b71766;npp_d20250902_t1902596_e1904238_b71766,150.077,59.0348,18.5711,-81.6373,92.5621,-118.124
393,VBD_npp_d20250902_t1859495_x1004859E_y080493N_l0599_s2360_v23,2025-09-02 21:06:36,8.049310,100.485893,2.90907,2025-09-02 18:59:49,2025-09-03 01:59:49,599,2360,0.420983,1,2401,0.212531,0.055,0.894701,0.4,0.823714,0.75,6.49456e-05,0.0001,9.54915e-23,999999,8.520753e-02,3,Thailand Exclusive Economic Zone,,,SVDNB_npp_d20250902_t1858434_e1900076_b71766_c20250902202635057000_oeac_ops.h5,GDNBO_npp_d20250902_t1858434_e1900076_b71766_c20250902202419882000_oeac_ops.h5,SVI04_npp_d20250902_t1858434_e1900076_b71766_c20250902202643623000_oeac_ops.dspace_rad,,eez_v11.shp,WPP_BFAR_merge.shp,vbd_mpa_r20170830.shp,VNF-VBD_npp_20120301-20151231_global_asia-enhanced_c201607211230.bitmask,vbd_landsea_r20220824.mask,timezone.shp,VBD_platforms-recurring_2015_r20170330.shp,999999,VBD_bridges_c20160811.shp,14.122167;12.311656;9.816022;4.968679;7.298583;9.219633,85.094513;99.171051;112.915886;111.630913;98.030373;84.189926,npp_d20250902_t1858434_e1900076_b71766;npp_d20250902_t1900088_e1901330_b71766;npp_d20250902_t1901342_e1902584_b71766;npp_d20250902_t1902596_e1904238_b71766,150.095,59.0706,18.5688,-80.9282,92.5454,-118.126
394,VBD_npp_d20250902_t1859495_x1004883E_y080211N_l0603_s2361_v23,2025-09-02 21:06:36,8.021112,100.488274,2.36676,2025-09-02 18:59:49,2025-09-03 01:59:49,603,2361,0.421267,1,2401,0.174507,0.055,0.907998,0.4,0.786805,0.75,6.59508e-05,0.0001,1.02594e-22,999999,5.593041e-02,3,Thailand Exclusive Economic Zone,,,SVDNB_npp_d20250902_t1858434_e1900076_b71766_c20250902202635057000_oeac_ops.h5,GDNBO_npp_d20250902_t1858434_e1900076_b71766_c20250902202419882000_oeac_ops.h5,SVI04_npp_d20250902_t1858434_e1900076_b71766_c20250902202643623000_oeac_ops.dspace_rad,,eez_v11.shp,WPP_BFAR_merge.shp,vbd_mpa_r20170830.shp,VNF-VBD_npp_20120301-20151231_global_asia-enhanced_c201607211230.bitmask,vbd_landsea_r20220824.mask,timezone.shp,VBD_platforms-recurring_2015_r20170330.shp,999999,VBD_bridges_c20160811.shp,14.122167;12.311656;9.816022;4.968679;7.298583;9.219633,85.094513;99.171051;112.915886;111.630913;98.030373;84.189926,npp_d20250902_t1858434_e1900076_b71766;npp_d20250902_t1900088_e1901330_b71766;npp_d20250902_t1901342_e1902584_b71766;npp_d20250902_t1902596_e1904238_b71766,150.108,59.1152,18.6243,-80.2198,92.5343,-118.126
395,VBD_npp_d20250902_t1859477_x1005311E_y081918N_l0577_s2362_v23,2025-09-02 21:06:36,8.191805,100.531067,1.79178,2025-09-02 18:59:47,2025-09-03 01:59:47,577,2362,0.355827,2,2337,0.132476,0.055,0.531321,0.4,0.718521,0.75,5.58911e-05,0.0001,5.23784e-23,999999,-2.554291e-01,3,Thailand Exclusive Economic Zone,,,SVDNB_npp_d20250902_t1858434_e1900076_b71766_c20250902202635057000_oeac_ops.h5,GDNBO_npp_d20250902_t1858434_e1900076_b71766_c20250902202419882000_oeac_ops.h5,SVI04_npp_d20250902_t1858434_e1900076_b71766_c20250902202643623000_oeac_ops.dspace_rad,,eez_v11.shp,WPP_BFAR_merge.shp,vbd_mpa_r20170830.shp,VNF-VBD_npp_20120301-20151231_global_asia-enhanced_c201607211230.bitmask,vbd_landsea_r20220824.mask,timezone.shp,VBD_platforms-recurring_2015_r20170330.shp,999999,VBD_bridges_c20160811.shp,14.122167;12.311656;9.816022;4.968679;7.298583;9.219633,85.094513;99.171051;112.915886;111.630913;98.030373;84.189926,npp_d20250902_t1858434_e1900076_b71766;npp_d20250902_t1900088_e1901330_b71766;npp_d20250902_t1901342_e1902584_b71766;npp_d20250902_t1902596_e1904238_b71766,149.99,58.8975,18.6867,-81.9705,92.6458,-118.117
396,VBD_npp_d20250902_t1858544_x1012647E_y112542N_l0107_s2363_v23,2025-09-02 21:06:36,11.254170,101.264717,1.46157,2025-09-02 18:58:54,2025-09-03 01:58:54,107,2363,0.327374,8,18785,0.11137,0.055,0.437716,0.4,0.793436,0.75,5.87863e-06,0.0001,1.91158e-24,999999,1.019475e-01,3,Thailand Exclusive Economic Zone,,,SVDNB_npp_d20250902_t1858434_e1900076_b71766_c20250902202635057000_oeac_ops.h5,GDNBO_npp_d20250902_t1858434_e1900076_b71766_c20250902202419882000_oeac_ops.h5,SVI04_npp_d20250902_t1858434_e1900076_b71766_c20250902202643623000_oeac_ops.dspace_rad,,eez_v11.shp,WPP_BFAR_merge.shp,vbd_mpa_r20170830.shp,VNF-VBD_npp_20120301-20151231_global_asia-enhanced_c201607211230.bitmask,vbd_landsea_r20220824.mask,timezone.shp,VBD_platforms-recurring_2015_r20170330.shp,0.24178,VBD_bridges_c20160811.shp,14.122167;12.311656;9.816022;4.968679;7.298583;9.219633,85.094513;99.171051;112.915886;111.630913;98.030373;84.189926,npp_d20250902_t1858434_e1900076_b71766;npp_d20250902_t1900088_e1901330_b71766;npp_d20250902_t1901342_e1902584_b71766;npp_d20250902_t1902596_e1904238_b71766,147.899,55.1707,18.7346,-80.0032,94.5346,-117.915
397,VBD_npp_d20250902_t1859495_x1004976E_y079917N_l0607_s2363_v23,2025-09-02 21:06:36,7.991748,100.497627,2.96949,2025-09-02 18:59:49,2025-09-03 01:59:49,607,2363,0.396727,1,2401,0.229811,0.055,0.881695,0.4,0.863293,0.75,6.64526e-05,0.0001,9.9059e-23,999999,-2.200887e-01,3,Thailand Exclusive Economic Zone,,,SVDNB_npp_d20250902_t1858434_e1900076_b71766_c20250902202635057000_oeac_ops.h5,GDNBO_npp_d20250902_t1858434_e1900076_b71766_c20250902202419882000_oeac_ops.h5,SVI04_npp_d20250902_t1858434_e1900076_b71766_c20250902202643623000_oeac_ops.dspace_rad,,eez_v11.shp,WPP_BFAR_merge.shp,vbd_mpa_r20170830.shp,VNF-VBD_npp_20120301-20151231_global_asia-enhanced_c201607211230.bitmask,vbd_landsea_r20220824.mask,timezone.shp,VBD_platforms-recurring_2015_r20170330.shp,999999,VBD_bridges_c20160811.shp,14.122167;12.311656;9.816022;4.968679;7.298583;9.219633,85.094513;99.171051;112.915886;111.630913;98.030373;84.189926,npp_d20250902_t1858434_e1900076_b71766;npp_d20250902_t1900088_e1901330_b71766;npp_d20250902_t1901342_e1902584_b71766;npp_d20250902_t1902596_e1904238_b71766,150.115,59.1686,18.7376,-79.5183,92.5286,-118.126
398,VBD_npp_d20250902_t1859513_x1004879E_y079752N_l0610_s2363_v23,2025-09-02 21:06:36,7.975198,100.487892,1.90545,2025-09-02 18:59:51,2025-09-03 01:59:51,610,2363,0.376312,8,18721,0.13736,0.055,0.881695,0.4,0.746767,0.75,6.75523e-05,0.0001,6.26144e-23,999999,8.901873e-02,3,Thailand Exclusive Economic Zone,,,SVDNB_npp_d20250902_t1858434_e1900076_b71766_c20250902202635057000_oeac_ops.h5,GDNBO_npp_d20250902_t1858434_e1900076_b71766_c20250902202419882000_oeac_ops.h5,SVI04_npp_d20250902_t1858434_e1900076_b71766_c20250902202643623000_oeac_ops.dspace_rad,,eez_v11.shp,WPP_BFAR_merge.shp,vbd_mpa_r20170830.shp,VNF-VBD_npp_20120301-20151231_global_asia-enhanced_c201607211230.bitmask,vbd_landsea_r20220824.mask,timezone.shp,VBD_platforms-recurring_2015_r20170330.shp,0.995518,VBD_bridges_c20160811.shp,14.122167;12.311656;9.816022;4.968679;7.298583;9.219633,85.094513;99.171051;112.915886;111.630913;98.030373;84.189926,npp_d20250902_t1858434_e1900076_b71766;npp_d20250902_t1900088_e1901330_b71766;npp_d20250902_t1901342_e1902584_b71766;npp_d20250902_t1902596_e1904238_b71766,150.125,59.191,18.7382,-81.8045,92.5186,-118.126
399,VBD_npp_d20250902_t1859495_x1005168E_y080651N_l0596_s2364_v23,2025-09-02 21:06:36,8.065148,100.516800,2.98974,2025-09-02 18:59:49,2025-09-03 01:59:49,596,2364,0.418564,1,2401,0.227389,0.055,0.865366,0.4,0.8359,0.75,6.195e-05,0.0001,5.48981e-23,999999,6.891631e-02,3,Thailand Exclusive Economic Zone,,,SVDNB_npp_d20250902_t1858434_e1900076_b71766_c20250902202635057000_oeac_ops.h5,GDNBO_npp_d20250902_t1858434_e1900076_b71766_c20250902202419882000_oeac_ops.h5,SVI04_npp_d20250902_t1858434_e1900076_b71766_c20250902202643623000_oeac_ops.dspace_rad,,eez_v11.shp,WPP_BFAR_merge.shp,vbd_mpa_r20170830.shp,VNF-VBD_npp_20120301-20151231_global_asia-enhanced_c201607211230.bitmask,vbd_landsea_r20220824.mask,timezone.shp,VBD_platforms-recurring_2015_r20170330.shp,999999,VBD_bridges_c20160811.shp,14.122167;12.311656;9.816022;4.968679;7.298583;9.219633,85.094513;99.171051;112.915886;111.630913;98.030373;84.189926,npp_d20250902_t1858434_e1900076_b71766;npp_d20250902_t1900088_e1901330_b71766;npp_d20250902_t1901342_e1902584_b71766;npp_d20250902_t1902596_e1904238_b71766,150.061,59.0787,18.7905,-81.4489,92.5799,-118.121
400,VBD_npp_d20250902_t1859548_x1004535E_y077641N_l0642_s2365_v23,2025-09-02 21:06:36,7.764070,100.453453,1.88766,2025-09-02 18:59:54,2025-09-03 01:59:54,642,2365,0.383141,1,2401,0.144346,0.055,0.477672,0.4,0.783624,0.75,7.81811e-05,0.0001,6.38143e-23,999999,7.518018e-03,3,Thailand Exclusive Economic Zone,,,SVDNB_npp_d20250902_t1858434_e1900076_b71766_c20250902202635057000_oeac_ops.h5,GDNBO_npp_d20250902_t1858434_e1900076_b71766_c20250902202419882000_oeac_ops.h5,SVI04_npp_d20250902_t1858434_e1900076_b71766_c20250902202643623000_oeac_ops.dspace_rad,,eez_v11.shp,WPP_BFAR_merge.shp,vbd_mpa_r20170830.shp,VNF-VBD_npp_20120301-20151231_global_asia-enhanced_c201607211230.bitmask,vbd_landsea_r20220824.mask,timezone.shp,VBD_platforms-recurring_2015_r20170330.shp,999999,VBD_bridges_c20160811.shp,14.122167;12.311656;9.816022;4.968679;7.298583;9.219633,85.094513;99.171051;112.915886;111.630913;98.030373;84.189926,npp_d20250902_t1858434_e1900076_b71766;npp_d20250902_t1900088_e1901330_b71766;npp_d20250902_t1901342_e1902584_b71766;npp_d20250902_t1902596_e1904238_b71766,150.25,59.4879,18.8506,-81.809,92.4014,-118.134
401,VBD_npp_d20250902_t1859495_x1005262E_y080358N_l0600_s2366_v23,2025-09-02 21:06:36,8.035786,100.526161,3.4588,2025-09-02 18:59:49,2025-09-03 01:59:49,600,2366,0.410455,1,2401,0.269198,0.055,0.881886,0.4,0.847257,0.75,6.24553e-05,0.0001,5.31357e-23,999999,-4.930830e-02,3,Thailand Exclusive Economic Zone,,,SVDNB_npp_d20250902_t1858434_e1900076_b71766_c20250902202635057000_oeac_ops.h5,GDNBO_npp_d20250902_t1858434_e1900076_b71766_c20250902202419882000_oeac_ops.h5,SVI04_npp_d20250902_t1858434_e1900076_b71766_c20250902202643623000_oeac_ops.dspace_rad,,eez_v11.shp,WPP_BFAR_merge.shp,vbd_mpa_r20170830.shp,VNF-VBD_npp_20120301-20151231_global_asia-enhanced_c201607211230.bitmask,vbd_landsea_r20220824.mask,timezone.shp,VBD_platforms-recurring_2015_r20170330.shp,999999,VBD_bridges_c20160811.shp,14.122167;12.311656;9.816022;4.968679;7.298583;9.219633,85.094513;99.171051;112.915886;111.630913;98.030373;84.189926,npp_d20250902_t1858434_e1900076_b71766;npp_d20250902_t1900088_e1901330_b71766;npp_d20250902_t1901342_e1902584_b71766;npp_d20250902_t1902596_e1904238_b71766,150.068,59.132,18.899,-80.7463,92.5743,-118.121
402,VBD_npp_d20250902_t1859495_x1005184E_y079883N_l0607_s2366_v23,2025-09-02 21:06:36,7.988323,100.518356,2.73102,2025-09-02 18:59:49,2025-09-03 01:59:49,607,2366,0.393028,1,2401,0.199796,0.055,0.881695,0.4,0.795914,0.75,6.49844e-05,0.0001,7.22636e-23,999999,-2.919373e-01,3,Thailand Exclusive Economic Zone,,,SVDNB_npp_d20250902_t1858434_e1900076_b71766_c20250902202635057000_oeac_ops.h5,GDNBO_npp_d20250902_t1858434_e1900076_b71766_c20250902202419882000_oeac_ops.h5,SVI04_npp_d20250902_t1858434_e1900076_b71766_c20250902202643623000_oeac_ops.dspace_rad,,eez_v11.shp,WPP_BFAR_merge.shp,vbd_mpa_r20170830.shp,VNF-VBD_npp_20120301-20151231_global_asia-enhanced_c201607211230.bitmask,vbd_landsea_r20220824.mask,timezone.shp,VBD_platforms-recurring_2015_r20170330.shp,999999,VBD_bridges_c20160811.shp,14.122167;12.311656;9.816022;4.968679;7.298583;9.219633,85.094513;99.171051;112.915886;111.630913;98.030373;84.189926,npp_d20250902_t1858434_e1900076_b71766;npp_d20250902_t1900088_e1901330_b71766;npp_d20250902_t1901342_e1902584_b71766;npp_d20250902_t1902596_e1904238_b71766,150.099,59.1949,18.9027,-79.5263,92.5451,-118.123
403,VBD_npp_d20250902_t1859495_x1005503E_y080528N_l0597_s2369_v23,2025-09-02 21:06:36,8.052752,100.550293,4.31297,2025-09-02 18:59:49,2025-09-03 01:59:49,597,2369,0.379869,1,2401,0.312161,0.055,0.849606,0.4,0.854325,0.75,5.99562e-05,0.0001,3.37456e-23,999999,1.608128e-01,3,Thailand Exclusive Economic Zone,,,SVDNB_npp_d20250902_t1858434_e1900076_b71766_c20250902202635057000_oeac_ops.h5,GDNBO_npp_d20250902_t1858434_e1900076_b71766_c20250902202419882000_oeac_ops.h5,SVI04_npp_d20250902_t1858434_e1900076_b71766_c20250902202643623000_oeac_ops.dspace_rad,,eez_v11.shp,WPP_BFAR_merge.shp,vbd_mpa_r20170830.shp,VNF-VBD_npp_20120301-20151231_global_asia-enhanced_c201607211230.bitmask,vbd_landsea_r20220824.mask,timezone.shp,VBD_platforms-recurring_2015_r20170330.shp,999999,VBD_bridges_c20160811.shp,14.122167;12.311656;9.816022;4.968679;7.298583;9.219633,85.094513;99.171051;112.915886;111.630913;98.030373;84.189926,npp_d20250902_t1858434_e1900076_b71766;npp_d20250902_t1900088_e1901330_b71766;npp_d20250902_t1901342_e1902584_b71766;npp_d20250902_t1902596_e1904238_b71766,150.039,59.1314,19.0652,-81.2624,92.6033,-118.117
404,VBD_npp_d20250902_t1859495_x1005516E_y080177N_l0602_s2370_v23,2025-09-02 21:06:36,8.017685,100.551636,2.17769,2025-09-02 18:59:49,2025-09-03 01:59:49,602,2370,0.338044,1,2401,0.161187,0.055,0.855942,0.4,0.79432,0.75,6.12556e-05,0.0001,3.79206e-23,999999,-1.215144e-01,3,Thailand Exclusive Economic Zone,,,SVDNB_npp_d20250902_t1858434_e1900076_b71766_c20250902202635057000_oeac_ops.h5,GDNBO_npp_d20250902_t1858434_e1900076_b71766_c20250902202419882000_oeac_ops.h5,SVI04_npp_d20250902_t1858434_e1900076_b71766_c20250902202643623000_oeac_ops.dspace_rad,,eez_v11.shp,WPP_BFAR_merge.shp,vbd_mpa_r20170830.shp,VNF-VBD_npp_20120301-20151231_global_asia-enhanced_c201607211230.bitmask,vbd_landsea_r20220824.mask,timezone.shp,VBD_platforms-recurring_2015_r20170330.shp,999999,VBD_bridges_c20160811.shp,14.122167;12.311656;9.816022;4.968679;7.298583;9.219633,85.094513;99.171051;112.915886;111.630913;98.030373;84.189926,npp_d20250902_t1858434_e1900076_b71766;npp_d20250902_t1900088_e1901330_b71766;npp_d20250902_t1901342_e1902584_b71766;npp_d20250902_t1902596_e1904238_b71766,150.055,59.185,19.1196,-80.3985,92.588,-118.118
405,VBD_npp_d20250902_t1859513_x1005341E_y079538N_l0612_s2370_v23,2025-09-02 21:06:36,7.953795,100.534119,3.30599,2025-09-02 18:59:51,2025-09-03 01:59:51,612,2370,0.373183,1,2401,0.241767,0.055,0.818687,0.4,0.839518,0.75,6.47981e-05,0.0001,3.26004e-23,999999,-4.409872e-02,3,Thailand Exclusive Economic Zone,,,SVDNB_npp_d20250902_t1858434_e1900076_b71766_c20250902202635057000_oeac_ops.h5,GDNBO_npp_d20250902_t1858434_e1900076_b71766_c20250902202419882000_oeac_ops.h5,SVI04_npp_d20250902_t1858434_e1900076_b71766_c20250902202643623000_oeac_ops.dspace_rad,,eez_v11.shp,WPP_BFAR_merge.shp,vbd_mpa_r20170830.shp,VNF-VBD_npp_20120301-20151231_global_asia-enhanced_c201607211230.bitmask,vbd_landsea_r20220824.mask,timezone.shp,VBD_platforms-recurring_2015_r20170330.shp,999999,VBD_bridges_c20160811.shp,14.122167;12.311656;9.816022;4.968679;7.298583;9.219633,85.094513;99.171051;112.915886;111.630913;98.030373;84.189926,npp_d20250902_t1858434_e1900076_b71766;npp_d20250902_t1900088_e1901330_b71766;npp_d20250902_t1901342_e1902584_b71766;npp_d20250902_t1902596_e1904238_b71766,150.097,59.2701,19.122,-81.434,92.5488,-118.121
406,VBD_npp_d20250902_t1859193_x1009817E_y098317N_l0324_s2371_v23,2025-09-02 21:06:36,9.831661,100.981728,1.70394,2025-09-02 18:59:19,2025-09-03 01:59:19,324,2371,0.126074,2,2337,0.0836106,0.055,0.723283,0.4,0.537684,0.75,1.54158e-05,0.0001,3.24089e-24,999999,4.520945e-01,3,Thailand Exclusive Economic Zone,,,SVDNB_npp_d20250902_t1858434_e1900076_b71766_c20250902202635057000_oeac_ops.h5,GDNBO_npp_d20250902_t1858434_e1900076_b71766_c20250902202419882000_oeac_ops.h5,SVI04_npp_d20250902_t1858434_e1900076_b71766_c20250902202643623000_oeac_ops.dspace_rad,,eez_v11.shp,WPP_BFAR_merge.shp,vbd_mpa_r20170830.shp,VNF-VBD_npp_20120301-20151231_global_asia-enhanced_c201607211230.bitmask,vbd_landsea_r20220824.mask,timezone.shp,VBD_platforms-recurring_2015_r20170330.shp,999999,VBD_bridges_c20160811.shp,14.122167;12.311656;9.816022;4.968679;7.298583;9.219633,85.094513;99.171051;112.915886;111.630913;98.030373;84.189926,npp_d20250902_t1858434_e1900076_b71766;npp_d20250902_t1900088_e1901330_b71766;npp_d20250902_t1901342_e1902584_b71766;npp_d20250902_t1902596_e1904238_b71766,148.84,56.8938,19.1761,-81.3126,93.7096,-118.014
407,VBD_npp_d20250902_t1859193_x1009783E_y098113N_l0327_s2371_v23,2025-09-02 21:06:36,9.811302,100.978302,2.69211,2025-09-02 18:59:19,2025-09-03 01:59:19,327,2371,0.14222,2,2337,0.155712,0.055,0.762299,0.4,0.624976,0.75,1.55452e-05,0.0001,3.73402e-24,999999,5.046397e-01,3,Thailand Exclusive Economic Zone,,,SVDNB_npp_d20250902_t1858434_e1900076_b71766_c20250902202635057000_oeac_ops.h5,GDNBO_npp_d20250902_t1858434_e1900076_b71766_c20250902202419882000_oeac_ops.h5,SVI04_npp_d20250902_t1858434_e1900076_b71766_c20250902202643623000_oeac_ops.dspace_rad,,eez_v11.shp,WPP_BFAR_merge.shp,vbd_mpa_r20170830.shp,VNF-VBD_npp_20120301-20151231_global_asia-enhanced_c201607211230.bitmask,vbd_landsea_r20220824.mask,timezone.shp,VBD_platforms-recurring_2015_r20170330.shp,999999,VBD_bridges_c20160811.shp,14.122167;12.311656;9.816022;4.968679;7.298583;9.219633,85.094513;99.171051;112.915886;111.630913;98.030373;84.189926,npp_d20250902_t1858434_e1900076_b71766;npp_d20250902_t1900088_e1901330_b71766;npp_d20250902_t1901342_e1902584_b71766;npp_d20250902_t1902596_e1904238_b71766,148.854,56.9183,19.1747,-80.7972,93.697,-118.015
408,VBD_npp_d20250902_t1859513_x1005355E_y079187N_l0617_s2371_v23,2025-09-02 21:06:36,7.918720,100.535477,1.22085,2025-09-02 18:59:51,2025-09-03 01:59:51,617,2371,0.276231,2,2337,0.0648855,0.055,0.701611,0.4,0.553657,0.75,6.60623e-05,0.0001,3.66456e-23,999999,-3.197925e-01,3,Thailand Exclusive Economic Zone,,,SVDNB_npp_d20250902_t1858434_e1900076_b71766_c20250902202635057000_oeac_ops.h5,GDNBO_npp_d20250902_t1858434_e1900076_b71766_c20250902202419882000_oeac_ops.h5,SVI04_npp_d20250902_t1858434_e1900076_b71766_c20250902202643623000_oeac_ops.dspace_rad,,eez_v11.shp,WPP_BFAR_merge.shp,vbd_mpa_r20170830.shp,VNF-VBD_npp_20120301-20151231_global_asia-enhanced_c201607211230.bitmask,vbd_landsea_r20220824.mask,timezone.shp,VBD_platforms-recurring_2015_r20170330.shp,999999,VBD_bridges_c20160811.shp,14.122167;12.311656;9.816022;4.968679;7.298583;9.219633,85.094513;99.171051;112.915886;111.630913;98.030373;84.189926,npp_d20250902_t1858434_e1900076_b71766;npp_d20250902_t1900088_e1901330_b71766;npp_d20250902_t1901342_e1902584_b71766;npp_d20250902_t1902596_e1904238_b71766,150.113,59.324,19.1756,-80.5721,92.5335,-118.122
409,VBD_npp_d20250902_t1859193_x1009830E_y097966N_l0329_s2372_v23,2025-09-02 21:06:36,9.796579,100.983002,2.67329,2025-09-02 18:59:19,2025-09-03 01:59:19,329,2372,0.14094,2,2337,0.122616,0.055,0.762299,0.4,0.484776,0.75,1.54947e-05,0.0001,3.66147e-24,999999,3.937104e-01,3,Thailand Exclusive Economic Zone,,,SVDNB_npp_d20250902_t1858434_e1900076_b71766_c20250902202635057000_oeac_ops.h5,GDNBO_npp_d20250902_t1858434_e1900076_b71766_c20250902202419882000_oeac_ops.h5,SVI04_npp_d20250902_t1858434_e1900076_b71766_c20250902202643623000_oeac_ops.dspace_rad,,eez_v11.shp,WPP_BFAR_merge.shp,vbd_mpa_r20170830.shp,VNF-VBD_npp_20120301-20151231_global_asia-enhanced_c201607211230.bitmask,vbd_landsea_r20220824.mask,timezone.shp,VBD_platforms-recurring_2015_r20170330.shp,999999,VBD_bridges_c20160811.shp,14.122167;12.311656;9.816022;4.968679;7.298583;9.219633,85.094513;99.171051;112.915886;111.630913;98.030373;84.189926,npp_d20250902_t1858434_e1900076_b71766;npp_d20250902_t1900088_e1901330_b71766;npp_d20250902_t1901342_e1902584_b71766;npp_d20250902_t1902596_e1904238_b71766,148.858,56.9437,19.2297,-80.453,93.6942,-118.015
410,VBD_npp_d20250902_t1859495_x1005588E_y079747N_l0608_s2372_v23,2025-09-02 21:06:36,7.974657,100.558815,2.4745,2025-09-02 18:59:49,2025-09-03 01:59:49,608,2372,0.409673,1,2401,0.194362,0.055,0.78695,0.4,0.81206,0.75,6.23988e-05,0.0001,3.98352e-23,999999,-3.882225e-02,3,Thailand Exclusive Economic Zone,,,SVDNB_npp_d20250902_t1858434_e1900076_b71766_c20250902202635057000_oeac_ops.h5,GDNBO_npp_d20250902_t1858434_e1900076_b71766_c20250902202419882000_oeac_ops.h5,SVI04_npp_d20250902_t1858434_e1900076_b71766_c20250902202643623000_oeac_ops.dspace_rad,,eez_v11.shp,WPP_BFAR_merge.shp,vbd_mpa_r20170830.shp,VNF-VBD_npp_20120301-20151231_global_asia-enhanced_c201607211230.bitmask,vbd_landsea_r20220824.mask,timezone.shp,VBD_platforms-recurring_2015_r20170330.shp,999999,VBD_bridges_c20160811.shp,14.122167;12.311656;9.816022;4.968679;7.298583;9.219633,85.094513;99.171051;112.915886;111.630913;98.030373;84.189926,npp_d20250902_t1858434_e1900076_b71766;npp_d20250902_t1900088_e1901330_b71766;npp_d20250902_t1901342_e1902584_b71766;npp_d20250902_t1902596_e1904238_b71766,150.071,59.2565,19.2344,-79.3705,92.574,-118.118
411,VBD_npp_d20250902_t1859193_x1009888E_y097886N_l0330_s2373_v23,2025-09-02 21:06:36,9.788638,100.988838,4.82423,2025-09-02 18:59:19,2025-09-03 01:59:19,330,2373,0.176292,2,2337,0.238138,0.055,0.762299,0.4,0.698294,0.75,1.54002e-05,0.0001,3.42458e-24,999999,2.839748e-01,3,Thailand Exclusive Economic Zone,,,SVDNB_npp_d20250902_t1858434_e1900076_b71766_c20250902202635057000_oeac_ops.h5,GDNBO_npp_d20250902_t1858434_e1900076_b71766_c20250902202419882000_oeac_ops.h5,SVI04_npp_d20250902_t1858434_e1900076_b71766_c20250902202643623000_oeac_ops.dspace_rad,,eez_v11.shp,WPP_BFAR_merge.shp,vbd_mpa_r20170830.shp,VNF-VBD_npp_20120301-20151231_global_asia-enhanced_c201607211230.bitmask,vbd_landsea_r20220824.mask,timezone.shp,VBD_platforms-recurring_2015_r20170330.shp,999999,VBD_bridges_c20160811.shp,14.122167;12.311656;9.816022;4.968679;7.298583;9.219633,85.094513;99.171051;112.915886;111.630913;98.030373;84.189926,npp_d20250902_t1858434_e1900076_b71766;npp_d20250902_t1900088_e1901330_b71766;npp_d20250902_t1901342_e1902584_b71766;npp_d20250902_t1902596_e1904238_b71766,148.858,56.9609,19.285,-80.2816,93.6956,-118.015
412,VBD_npp_d20250902_t1859513_x1005583E_y079708N_l0609_s2373_v23,2025-09-02 21:06:36,7.970798,100.558319,3.2044,2025-09-02 18:59:51,2025-09-03 01:59:51,609,2373,0.381718,1,2401,0.236933,0.055,0.78695,0.4,0.821643,0.75,6.22566e-05,0.0001,2.05788e-23,999999,-1.420471e-01,3,Thailand Exclusive Economic Zone,,,SVDNB_npp_d20250902_t1858434_e1900076_b71766_c20250902202635057000_oeac_ops.h5,GDNBO_npp_d20250902_t1858434_e1900076_b71766_c20250902202419882000_oeac_ops.h5,SVI04_npp_d20250902_t1858434_e1900076_b71766_c20250902202643623000_oeac_ops.dspace_rad,,eez_v11.shp,WPP_BFAR_merge.shp,vbd_mpa_r20170830.shp,VNF-VBD_npp_20120301-20151231_global_asia-enhanced_c201607211230.bitmask,vbd_landsea_r20220824.mask,timezone.shp,VBD_platforms-recurring_2015_r20170330.shp,999999,VBD_bridges_c20160811.shp,14.122167;12.311656;9.816022;4.968679;7.298583;9.219633,85.094513;99.171051;112.915886;111.630913;98.030373;84.189926,npp_d20250902_t1858434_e1900076_b71766;npp_d20250902_t1900088_e1901330_b71766;npp_d20250902_t1901342_e1902584_b71766;npp_d20250902_t1902596_e1904238_b71766,150.067,59.2694,19.2902,-81.9388,92.578,-118.118
413,VBD_npp_d20250902_t1859015_x1012656E_y108760N_l0163_s2376_v23,2025-09-02 21:06:36,10.876008,101.265556,1.04485,2025-09-02 18:59:01,2025-09-03 01:59:01,163,2376,0.122944,10,2305,0.0680862,0.055,0.340242,0.4,0.72777,0.75,7.06671e-06,0.0001,4.76227e-25,999999,-1.357719e-01,3,Thailand Exclusive Economic Zone,,,SVDNB_npp_d20250902_t1858434_e1900076_b71766_c20250902202635057000_oeac_ops.h5,GDNBO_npp_d20250902_t1858434_e1900076_b71766_c20250902202419882000_oeac_ops.h5,SVI04_npp_d20250902_t1858434_e1900076_b71766_c20250902202643623000_oeac_ops.dspace_rad,,eez_v11.shp,WPP_BFAR_merge.shp,vbd_mpa_r20170830.shp,VNF-VBD_npp_20120301-20151231_global_asia-enhanced_c201607211230.bitmask,vbd_landsea_r20220824.mask,timezone.shp,VBD_platforms-recurring_2015_r20170330.shp,999999,VBD_bridges_c20160811.shp,14.122167;12.311656;9.816022;4.968679;7.298583;9.219633,85.094513;99.171051;112.915886;111.630913;98.030373;84.189926,npp_d20250902_t1858434_e1900076_b71766;npp_d20250902_t1900088_e1901330_b71766;npp_d20250902_t1901342_e1902584_b71766;npp_d20250902_t1902596_e1904238_b71766,148.089,55.702,19.4544,-81.3914,94.3832,-117.931
414,VBD_npp_d20250902_t1859193_x1010087E_y097784N_l0331_s2376_v23,2025-09-02 21:06:36,9.778377,101.008667,10.3089,2025-09-02 18:59:19,2025-09-03 01:59:19,331,2376,0.190376,1,2401,0.440774,0.055,0.769024,0.4,0.779823,0.75,1.50295e-05,0.0001,2.54748e-24,999999,1.160835e-01,3,Thailand Exclusive Economic Zone,,,SVDNB_npp_d20250902_t1858434_e1900076_b71766_c20250902202635057000_oeac_ops.h5,GDNBO_npp_d20250902_t1858434_e1900076_b71766_c20250902202419882000_oeac_ops.h5,SVI04_npp_d20250902_t1858434_e1900076_b71766_c20250902202643623000_oeac_ops.dspace_rad,,eez_v11.shp,WPP_BFAR_merge.shp,vbd_mpa_r20170830.shp,VNF-VBD_npp_20120301-20151231_global_asia-enhanced_c201607211230.bitmask,vbd_landsea_r20220824.mask,timezone.shp,VBD_platforms-recurring_2015_r20170330.shp,999999,VBD_bridges_c20160811.shp,14.122167;12.311656;9.816022;4.968679;7.298583;9.219633,85.094513;99.171051;112.915886;111.630913;98.030373;84.189926,npp_d20250902_t1858434_e1900076_b71766;npp_d20250902_t1900088_e1901330_b71766;npp_d20250902_t1901342_e1902584_b71766;npp_d20250902_t1902596_e1904238_b71766,148.847,56.9962,19.4508,-80.112,93.708,-118.012
415,VBD_npp_d20250902_t1859193_x1010222E_y098175N_l0325_s2377_v23,2025-09-02 21:06:36,9.817455,101.022232,2.89435,2025-09-02 18:59:19,2025-09-03 01:59:19,325,2377,0.20759,2,2337,0.149372,0.055,0.737184,0.4,0.660199,0.75,1.46475e-05,0.0001,1.7234e-24,999999,1.720561e-01,3,Thailand Exclusive Economic Zone,,,SVDNB_npp_d20250902_t1858434_e1900076_b71766_c20250902202635057000_oeac_ops.h5,GDNBO_npp_d20250902_t1858434_e1900076_b71766_c20250902202419882000_oeac_ops.h5,SVI04_npp_d20250902_t1858434_e1900076_b71766_c20250902202643623000_oeac_ops.dspace_rad,,eez_v11.shp,WPP_BFAR_merge.shp,vbd_mpa_r20170830.shp,VNF-VBD_npp_20120301-20151231_global_asia-enhanced_c201607211230.bitmask,vbd_landsea_r20220824.mask,timezone.shp,VBD_platforms-recurring_2015_r20170330.shp,999999,VBD_bridges_c20160811.shp,14.122167;12.311656;9.816022;4.968679;7.298583;9.219633,85.094513;99.171051;112.915886;111.630913;98.030373;84.189926,npp_d20250902_t1858434_e1900076_b71766;npp_d20250902_t1900088_e1901330_b71766;npp_d20250902_t1901342_e1902584_b71766;npp_d20250902_t1902596_e1904238_b71766,148.814,56.9564,19.5048,-81.112,93.7381,-118.009
416,VBD_npp_d20250902_t1859193_x1010178E_y097909N_l0329_s2377_v23,2025-09-02 21:06:36,9.790926,101.017784,10.9682,2025-09-02 18:59:19,2025-09-03 01:59:19,329,2377,0.213636,1,2401,0.448749,0.055,0.775,0.4,0.848033,0.75,1.48104e-05,0.0001,2.07295e-24,999999,-1.786896e-01,3,Thailand Exclusive Economic Zone,,,SVDNB_npp_d20250902_t1858434_e1900076_b71766_c20250902202635057000_oeac_ops.h5,GDNBO_npp_d20250902_t1858434_e1900076_b71766_c20250902202419882000_oeac_ops.h5,SVI04_npp_d20250902_t1858434_e1900076_b71766_c20250902202643623000_oeac_ops.dspace_rad,,eez_v11.shp,WPP_BFAR_merge.shp,vbd_mpa_r20170830.shp,VNF-VBD_npp_20120301-20151231_global_asia-enhanced_c201607211230.bitmask,vbd_landsea_r20220824.mask,timezone.shp,VBD_platforms-recurring_2015_r20170330.shp,999999,VBD_bridges_c20160811.shp,14.122167;12.311656;9.816022;4.968679;7.298583;9.219633,85.094513;99.171051;112.915886;111.630913;98.030373;84.189926,npp_d20250902_t1858434_e1900076_b71766;npp_d20250902_t1900088_e1901330_b71766;npp_d20250902_t1901342_e1902584_b71766;npp_d20250902_t1902596_e1904238_b71766,148.833,56.9884,19.504,-80.4524,93.7218,-118.01
417,VBD_npp_d20250902_t1859193_x1010278E_y098097N_l0326_s2378_v23,2025-09-02 21:06:36,9.809730,101.027786,3.75057,2025-09-02 18:59:19,2025-09-03 01:59:19,326,2378,0.223381,2,2337,0.200438,0.055,0.737184,0.4,0.703361,0.75,1.45526e-05,0.0001,1.61744e-24,999999,-2.343911e-02,3,Thailand Exclusive Economic Zone,,,SVDNB_npp_d20250902_t1858434_e1900076_b71766_c20250902202635057000_oeac_ops.h5,GDNBO_npp_d20250902_t1858434_e1900076_b71766_c20250902202419882000_oeac_ops.h5,SVI04_npp_d20250902_t1858434_e1900076_b71766_c20250902202643623000_oeac_ops.dspace_rad,,eez_v11.shp,WPP_BFAR_merge.shp,vbd_mpa_r20170830.shp,VNF-VBD_npp_20120301-20151231_global_asia-enhanced_c201607211230.bitmask,vbd_landsea_r20220824.mask,timezone.shp,VBD_platforms-recurring_2015_r20170330.shp,999999,VBD_bridges_c20160811.shp,14.122167;12.311656;9.816022;4.968679;7.298583;9.219633,85.094513;99.171051;112.915886;111.630913;98.030373;84.189926,npp_d20250902_t1858434_e1900076_b71766;npp_d20250902_t1900088_e1901330_b71766;npp_d20250902_t1901342_e1902584_b71766;npp_d20250902_t1902596_e1904238_b71766,148.814,56.9729,19.5569,-80.9453,93.7393,-118.008
418,VBD_npp_d20250902_t1859566_x1005092E_y075846N_l0667_s2378_v23,2025-09-02 21:06:36,7.584596,100.509171,1.27323,2025-09-02 18:59:56,2025-09-03 01:59:56,667,2378,0.354902,2,2337,0.0745008,0.055,0.436083,0.4,0.618416,0.75,7.95196e-05,0.0001,2.67766e-23,999999,1.275351e-01,3,Thailand Exclusive Economic Zone,,,SVDNB_npp_d20250902_t1858434_e1900076_b71766_c20250902202635057000_oeac_ops.h5,GDNBO_npp_d20250902_t1858434_e1900076_b71766_c20250902202419882000_oeac_ops.h5,SVI04_npp_d20250902_t1858434_e1900076_b71766_c20250902202643623000_oeac_ops.dspace_rad,,eez_v11.shp,WPP_BFAR_merge.shp,vbd_mpa_r20170830.shp,VNF-VBD_npp_20120301-20151231_global_asia-enhanced_c201607211230.bitmask,vbd_landsea_r20220824.mask,timezone.shp,VBD_platforms-recurring_2015_r20170330.shp,999999,VBD_bridges_c20160811.shp,14.122167;12.311656;9.816022;4.968679;7.298583;9.219633,85.094513;99.171051;112.915886;111.630913;98.030373;84.189926,npp_d20250902_t1858434_e1900076_b71766;npp_d20250902_t1900088_e1901330_b71766;npp_d20250902_t1901342_e1902584_b71766;npp_d20250902_t1902596_e1904238_b71766,150.286,59.8229,19.562,-80.2688,92.3718,-118.13
419,VBD_npp_d20250902_t1859175_x1011154E_y099177N_l0308_s2387_v23,2025-09-02 21:06:36,9.917655,101.115387,3.9276,2025-09-02 18:59:17,2025-09-03 01:59:17,308,2387,0.117111,1,2401,0.276642,0.055,0.723193,0.4,0.858172,0.75,1.31279e-05,0.0001,4.68896e-25,999999,1.295024e-02,3,Thailand Exclusive Economic Zone,,,SVDNB_npp_d20250902_t1858434_e1900076_b71766_c20250902202635057000_oeac_ops.h5,GDNBO_npp_d20250902_t1858434_e1900076_b71766_c20250902202419882000_oeac_ops.h5,SVI04_npp_d20250902_t1858434_e1900076_b71766_c20250902202643623000_oeac_ops.dspace_rad,,eez_v11.shp,WPP_BFAR_merge.shp,vbd_mpa_r20170830.shp,VNF-VBD_npp_20120301-20151231_global_asia-enhanced_c201607211230.bitmask,vbd_landsea_r20220824.mask,timezone.shp,VBD_platforms-recurring_2015_r20170330.shp,999999,VBD_bridges_c20160811.shp,14.122167;12.311656;9.816022;4.968679;7.298583;9.219633,85.094513;99.171051;112.915886;111.630913;98.030373;84.189926,npp_d20250902_t1858434_e1900076_b71766;npp_d20250902_t1900088_e1901330_b71766;npp_d20250902_t1901342_e1902584_b71766;npp_d20250902_t1902596_e1904238_b71766,148.689,56.9086,20.0341,-81.2489,93.8598,-117.991
420,VBD_npp_d20250902_t1859015_x1013549E_y108330N_l0167_s2390_v23,2025-09-02 21:06:36,10.833034,101.354950,3.07216,2025-09-02 18:59:01,2025-09-03 01:59:01,167,2390,0.116684,1,2401,0.231274,0.055,0.706415,0.4,0.820757,0.75,6.63043e-06,0.0001,1.15678e-25,999999,-7.862912e-02,3,Thailand Exclusive Economic Zone,,,SVDNB_npp_d20250902_t1858434_e1900076_b71766_c20250902202635057000_oeac_ops.h5,GDNBO_npp_d20250902_t1858434_e1900076_b71766_c20250902202419882000_oeac_ops.h5,SVI04_npp_d20250902_t1858434_e1900076_b71766_c20250902202643623000_oeac_ops.dspace_rad,,eez_v11.shp,WPP_BFAR_merge.shp,vbd_mpa_r20170830.shp,VNF-VBD_npp_20120301-20151231_global_asia-enhanced_c201607211230.bitmask,vbd_landsea_r20220824.mask,timezone.shp,VBD_platforms-recurring_2015_r20170330.shp,999999,VBD_bridges_c20160811.shp,14.122167;12.311656;9.816022;4.968679;7.298583;9.219633,85.094513;99.171051;112.915886;111.630913;98.030373;84.189926,npp_d20250902_t1858434_e1900076_b71766;npp_d20250902_t1900088_e1901330_b71766;npp_d20250902_t1901342_e1902584_b71766;npp_d20250902_t1902596_e1904238_b71766,148.041,55.8551,20.1884,-80.6865,94.4406,-117.919
421,VBD_npp_d20250902_t1859477_x1007472E_y081077N_l0584_s2395_v23,2025-09-02 21:06:36,8.107682,100.747231,12.5029,2025-09-02 18:59:47,2025-09-03 01:59:47,584,2395,0.397581,8,18785,0.642371,0.055,0.887288,0.4,0.95742,0.75,4.66591e-05,0.0001,2.08324e-24,999999,-1.980867e-02,3,Thailand Exclusive Economic Zone,,,SVDNB_npp_d20250902_t1858434_e1900076_b71766_c20250902202635057000_oeac_ops.h5,GDNBO_npp_d20250902_t1858434_e1900076_b71766_c20250902202419882000_oeac_ops.h5,SVI04_npp_d20250902_t1858434_e1900076_b71766_c20250902202643623000_oeac_ops.dspace_rad,,eez_v11.shp,WPP_BFAR_merge.shp,vbd_mpa_r20170830.shp,VNF-VBD_npp_20120301-20151231_global_asia-enhanced_c201607211230.bitmask,vbd_landsea_r20220824.mask,timezone.shp,VBD_platforms-recurring_2015_r20170330.shp,0.557315,VBD_bridges_c20160811.shp,14.122167;12.311656;9.816022;4.968679;7.298583;9.219633,85.094513;99.171051;112.915886;111.630913;98.030373;84.189926,npp_d20250902_t1858434_e1900076_b71766;npp_d20250902_t1900088_e1901330_b71766;npp_d20250902_t1901342_e1902584_b71766;npp_d20250902_t1902596_e1904238_b71766,149.849,59.2426,20.4524,-80.7095,92.7948,-118.092
422,VBD_npp_d20250902_t1859566_x1006368E_y076116N_l0660_s2396_v23,2025-09-02 21:06:36,7.611621,100.636757,2.46453,2025-09-02 18:59:56,2025-09-03 01:59:56,660,2396,0.314713,8,18785,0.186882,0.055,0.634628,0.4,0.830117,0.75,7.0069e-05,0.0001,2.91476e-24,999999,-1.301241e-01,3,Thailand Exclusive Economic Zone,,,SVDNB_npp_d20250902_t1858434_e1900076_b71766_c20250902202635057000_oeac_ops.h5,GDNBO_npp_d20250902_t1858434_e1900076_b71766_c20250902202419882000_oeac_ops.h5,SVI04_npp_d20250902_t1858434_e1900076_b71766_c20250902202643623000_oeac_ops.dspace_rad,,eez_v11.shp,WPP_BFAR_merge.shp,vbd_mpa_r20170830.shp,VNF-VBD_npp_20120301-20151231_global_asia-enhanced_c201607211230.bitmask,vbd_landsea_r20220824.mask,timezone.shp,VBD_platforms-recurring_2015_r20170330.shp,0.127504,VBD_bridges_c20160811.shp,14.122167;12.311656;9.816022;4.968679;7.298583;9.219633,85.094513;99.171051;112.915886;111.630913;98.030373;84.189926,npp_d20250902_t1858434_e1900076_b71766;npp_d20250902_t1900088_e1901330_b71766;npp_d20250902_t1901342_e1902584_b71766;npp_d20250902_t1902596_e1904238_b71766,150.163,59.91,20.508,-81.3781,92.496,-118.114
423,VBD_npp_d20250902_t1900037_x1005440E_y071798N_l0726_s2397_v23,2025-09-02 21:06:36,7.179756,100.544037,10.9854,2025-09-02 19:00:03,2025-09-03 02:00:03,726,2397,0.272034,1,2401,0.322561,0.055,0.685146,0.4,0.786572,0.75,7.37255e-05,0.0001,4.72433e-24,999999,-3.000459e-01,1,,,,SVDNB_npp_d20250902_t1858434_e1900076_b71766_c20250902202635057000_oeac_ops.h5,GDNBO_npp_d20250902_t1858434_e1900076_b71766_c20250902202419882000_oeac_ops.h5,SVI04_npp_d20250902_t1858434_e1900076_b71766_c20250902202643623000_oeac_ops.dspace_rad,,eez_v11.shp,WPP_BFAR_merge.shp,vbd_mpa_r20170830.shp,VNF-VBD_npp_20120301-20151231_global_asia-enhanced_c201607211230.bitmask,vbd_landsea_r20220824.mask,timezone.shp,VBD_platforms-recurring_2015_r20170330.shp,999999,VBD_bridges_c20160811.shp,14.122167;12.311656;9.816022;4.968679;7.298583;9.219633,85.094513;99.171051;112.915886;111.630913;98.030373;84.189926,npp_d20250902_t1858434_e1900076_b71766;npp_d20250902_t1900088_e1901330_b71766;npp_d20250902_t1901342_e1902584_b71766;npp_d20250902_t1902596_e1904238_b71766,150.432,60.5044,20.5582,-81.0916,92.2365,-118.131
424,VBD_npp_d20250902_t1859246_x1010864E_y094612N_l0376_s2398_v23,2025-09-02 21:06:36,9.461249,101.086365,12.663,2025-09-02 18:59:24,2025-09-03 01:59:24,376,2398,0.0791271,1,2401,0.541362,0.055,0.80484,0.4,0.836101,0.75,1.48623e-05,0.0001,2.72635e-25,999999,-1.905061e-02,3,Thailand Exclusive Economic Zone,,,SVDNB_npp_d20250902_t1858434_e1900076_b71766_c20250902202635057000_oeac_ops.h5,GDNBO_npp_d20250902_t1858434_e1900076_b71766_c20250902202419882000_oeac_ops.h5,SVI04_npp_d20250902_t1858434_e1900076_b71766_c20250902202643623000_oeac_ops.dspace_rad,,eez_v11.shp,WPP_BFAR_merge.shp,vbd_mpa_r20170830.shp,VNF-VBD_npp_20120301-20151231_global_asia-enhanced_c201607211230.bitmask,vbd_landsea_r20220824.mask,timezone.shp,VBD_platforms-recurring_2015_r20170330.shp,999999,VBD_bridges_c20160811.shp,14.122167;12.311656;9.816022;4.968679;7.298583;9.219633,85.094513;99.171051;112.915886;111.630913;98.030373;84.189926,npp_d20250902_t1858434_e1900076_b71766;npp_d20250902_t1900088_e1901330_b71766;npp_d20250902_t1901342_e1902584_b71766;npp_d20250902_t1902596_e1904238_b71766,148.936,57.5433,20.612,-80.6201,93.6454,-118.011
425,VBD_npp_d20250902_t1900020_x1006094E_y072841N_l0709_s2403_v23,2025-09-02 21:06:36,7.284066,100.609444,2.41731,2025-09-02 19:00:02,2025-09-03 02:00:02,709,2403,0.266984,8,18721,0.111519,0.055,0.51925,0.4,0.366732,0.75,7.13824e-05,0.0001,2.08327e-24,999999,-5.237741e-01,3,Thailand Exclusive Economic Zone,,,SVDNB_npp_d20250902_t1858434_e1900076_b71766_c20250902202635057000_oeac_ops.h5,GDNBO_npp_d20250902_t1858434_e1900076_b71766_c20250902202419882000_oeac_ops.h5,SVI04_npp_d20250902_t1858434_e1900076_b71766_c20250902202643623000_oeac_ops.dspace_rad,,eez_v11.shp,WPP_BFAR_merge.shp,vbd_mpa_r20170830.shp,VNF-VBD_npp_20120301-20151231_global_asia-enhanced_c201607211230.bitmask,vbd_landsea_r20220824.mask,timezone.shp,VBD_platforms-recurring_2015_r20170330.shp,0.797255,VBD_bridges_c20160811.shp,14.122167;12.311656;9.816022;4.968679;7.298583;9.219633,85.094513;99.171051;112.915886;111.630913;98.030373;84.189926,npp_d20250902_t1858434_e1900076_b71766;npp_d20250902_t1900088_e1901330_b71766;npp_d20250902_t1901342_e1902584_b71766;npp_d20250902_t1902596_e1904238_b71766,150.331,60.4019,20.8722,-81.225,92.3366,-118.122
426,VBD_npp_d20250902_t1859442_x1008674E_y083322N_l0548_s2405_v23,2025-09-02 21:06:36,8.332247,100.867439,2.00867,2025-09-02 18:59:44,2025-09-03 01:59:44,548,2405,0.142505,2,2337,0.143416,0.055,0.501942,0.4,0.741735,0.75,3.68279e-05,0.0001,4.38763e-25,999999,-2.051267e-01,3,Thailand Exclusive Economic Zone,,,SVDNB_npp_d20250902_t1858434_e1900076_b71766_c20250902202635057000_oeac_ops.h5,GDNBO_npp_d20250902_t1858434_e1900076_b71766_c20250902202419882000_oeac_ops.h5,SVI04_npp_d20250902_t1858434_e1900076_b71766_c20250902202643623000_oeac_ops.dspace_rad,,eez_v11.shp,WPP_BFAR_merge.shp,vbd_mpa_r20170830.shp,VNF-VBD_npp_20120301-20151231_global_asia-enhanced_c201607211230.bitmask,vbd_landsea_r20220824.mask,timezone.shp,VBD_platforms-recurring_2015_r20170330.shp,999999,VBD_bridges_c20160811.shp,14.122167;12.311656;9.816022;4.968679;7.298583;9.219633,85.094513;99.171051;112.915886;111.630913;98.030373;84.189926,npp_d20250902_t1858434_e1900076_b71766;npp_d20250902_t1900088_e1901330_b71766;npp_d20250902_t1901342_e1902584_b71766;npp_d20250902_t1902596_e1904238_b71766,149.645,59.019,20.977,-81.3038,92.9929,-118.072
427,VBD_npp_d20250902_t1859477_x1008112E_y080766N_l0587_s2405_v23,2025-09-02 21:06:36,8.076584,100.811188,19.316,2025-09-02 18:59:47,2025-09-03 01:59:47,587,2405,0.415932,1,2401,0.810728,0.055,0.902456,0.4,0.976414,0.75,4.50526e-05,0.0001,7.82093e-25,999999,4.288028e-02,3,Thailand Exclusive Economic Zone,,,SVDNB_npp_d20250902_t1858434_e1900076_b71766_c20250902202635057000_oeac_ops.h5,GDNBO_npp_d20250902_t1858434_e1900076_b71766_c20250902202419882000_oeac_ops.h5,SVI04_npp_d20250902_t1858434_e1900076_b71766_c20250902202643623000_oeac_ops.dspace_rad,,eez_v11.shp,WPP_BFAR_merge.shp,vbd_mpa_r20170830.shp,VNF-VBD_npp_20120301-20151231_global_asia-enhanced_c201607211230.bitmask,vbd_landsea_r20220824.mask,timezone.shp,VBD_platforms-recurring_2015_r20170330.shp,999999,VBD_bridges_c20160811.shp,14.122167;12.311656;9.816022;4.968679;7.298583;9.219633,85.094513;99.171051;112.915886;111.630913;98.030373;84.189926,npp_d20250902_t1858434_e1900076_b71766;npp_d20250902_t1900088_e1901330_b71766;npp_d20250902_t1901342_e1902584_b71766;npp_d20250902_t1902596_e1904238_b71766,149.811,59.3532,20.9785,-80.2404,92.836,-118.085
428,VBD_npp_d20250902_t1859228_x1011692E_y095833N_l0356_s2406_v23,2025-09-02 21:06:36,9.583308,101.169212,4.75631,2025-09-02 18:59:22,2025-09-03 01:59:22,356,2406,0.258306,1,2401,0.330167,0.055,0.757259,0.4,0.879622,0.75,1.35562e-05,0.0001,7.77694e-26,999999,2.698854e-01,3,Thailand Exclusive Economic Zone,,,SVDNB_npp_d20250902_t1858434_e1900076_b71766_c20250902202635057000_oeac_ops.h5,GDNBO_npp_d20250902_t1858434_e1900076_b71766_c20250902202419882000_oeac_ops.h5,SVI04_npp_d20250902_t1858434_e1900076_b71766_c20250902202643623000_oeac_ops.dspace_rad,,eez_v11.shp,WPP_BFAR_merge.shp,vbd_mpa_r20170830.shp,VNF-VBD_npp_20120301-20151231_global_asia-enhanced_c201607211230.bitmask,vbd_landsea_r20220824.mask,timezone.shp,VBD_platforms-recurring_2015_r20170330.shp,999999,VBD_bridges_c20160811.shp,14.122167;12.311656;9.816022;4.968679;7.298583;9.219633,85.094513;99.171051;112.915886;111.630913;98.030373;84.189926,npp_d20250902_t1858434_e1900076_b71766;npp_d20250902_t1900088_e1901330_b71766;npp_d20250902_t1901342_e1902584_b71766;npp_d20250902_t1902596_e1904238_b71766,148.807,57.4515,21.0311,-81.2146,93.7685,-117.995
429,VBD_npp_d20250902_t1900020_x1006612E_y072619N_l0711_s2411_v23,2025-09-02 21:06:36,7.261892,100.661209,3.35016,2025-09-02 19:00:02,2025-09-03 02:00:02,711,2411,0.221958,2,2337,0.175573,0.055,0.516175,0.4,0.675693,0.75,6.82582e-05,0.0001,9.35897e-25,999999,-3.642144e-01,3,Thailand Exclusive Economic Zone,,,SVDNB_npp_d20250902_t1858434_e1900076_b71766_c20250902202635057000_oeac_ops.h5,GDNBO_npp_d20250902_t1858434_e1900076_b71766_c20250902202419882000_oeac_ops.h5,SVI04_npp_d20250902_t1858434_e1900076_b71766_c20250902202643623000_oeac_ops.dspace_rad,,eez_v11.shp,WPP_BFAR_merge.shp,vbd_mpa_r20170830.shp,VNF-VBD_npp_20120301-20151231_global_asia-enhanced_c201607211230.bitmask,vbd_landsea_r20220824.mask,timezone.shp,VBD_platforms-recurring_2015_r20170330.shp,999999,VBD_bridges_c20160811.shp,14.122167;12.311656;9.816022;4.968679;7.298583;9.219633,85.094513;99.171051;112.915886;111.630913;98.030373;84.189926,npp_d20250902_t1858434_e1900076_b71766;npp_d20250902_t1900088_e1901330_b71766;npp_d20250902_t1901342_e1902584_b71766;npp_d20250902_t1902596_e1904238_b71766,150.297,60.4867,21.2921,-80.9074,92.3714,-118.117
430,VBD_npp_d20250902_t1859495_x1008393E_y079982N_l0598_s2412_v23,2025-09-02 21:06:36,7.998244,100.839256,5.77061,2025-09-02 18:59:49,2025-09-03 01:59:49,598,2412,0.292164,8,18785,0.356698,0.055,0.761642,0.4,0.839949,0.75,4.6417e-05,0.0001,3.20763e-25,999999,-1.792144e-01,3,Thailand Exclusive Economic Zone,,,SVDNB_npp_d20250902_t1858434_e1900076_b71766_c20250902202635057000_oeac_ops.h5,GDNBO_npp_d20250902_t1858434_e1900076_b71766_c20250902202419882000_oeac_ops.h5,SVI04_npp_d20250902_t1858434_e1900076_b71766_c20250902202643623000_oeac_ops.dspace_rad,,eez_v11.shp,WPP_BFAR_merge.shp,vbd_mpa_r20170830.shp,VNF-VBD_npp_20120301-20151231_global_asia-enhanced_c201607211230.bitmask,vbd_landsea_r20220824.mask,timezone.shp,VBD_platforms-recurring_2015_r20170330.shp,0.979936,VBD_bridges_c20160811.shp,14.122167;12.311656;9.816022;4.968679;7.298583;9.219633,85.094513;99.171051;112.915886;111.630913;98.030373;84.189926,npp_d20250902_t1858434_e1900076_b71766;npp_d20250902_t1900088_e1901330_b71766;npp_d20250902_t1901342_e1902584_b71766;npp_d20250902_t1902596_e1904238_b71766,149.82,59.5048,21.343,-81.0112,92.8298,-118.083
431,VBD_npp_d20250902_t1900002_x1006868E_y073318N_l0700_s2412_v23,2025-09-02 21:06:36,7.331836,100.686760,4.96309,2025-09-02 19:00:00,2025-09-03 02:00:00,700,2412,0.353266,1,2401,0.33954,0.055,0.81961,0.4,0.890877,0.75,6.78677e-05,0.0001,9.19468e-25,999999,-5.866639e-02,3,Thailand Exclusive Economic Zone,,,SVDNB_npp_d20250902_t1858434_e1900076_b71766_c20250902202635057000_oeac_ops.h5,GDNBO_npp_d20250902_t1858434_e1900076_b71766_c20250902202419882000_oeac_ops.h5,SVI04_npp_d20250902_t1858434_e1900076_b71766_c20250902202643623000_oeac_ops.dspace_rad,,eez_v11.shp,WPP_BFAR_merge.shp,vbd_mpa_r20170830.shp,VNF-VBD_npp_20120301-20151231_global_asia-enhanced_c201607211230.bitmask,vbd_landsea_r20220824.mask,timezone.shp,VBD_platforms-recurring_2015_r20170330.shp,999999,VBD_bridges_c20160811.shp,14.122167;12.311656;9.816022;4.968679;7.298583;9.219633,85.094513;99.171051;112.915886;111.630913;98.030373;84.189926,npp_d20250902_t1858434_e1900076_b71766;npp_d20250902_t1900088_e1901330_b71766;npp_d20250902_t1901342_e1902584_b71766;npp_d20250902_t1902596_e1904238_b71766,150.247,60.398,21.3453,-80.1475,92.4204,-118.113
432,VBD_npp_d20250902_t1859228_x1012179E_y095822N_l0355_s2413_v23,2025-09-02 21:06:36,9.582210,101.217911,4.32492,2025-09-02 18:59:22,2025-09-03 01:59:22,355,2413,0.232983,1,2401,0.307033,0.055,0.743371,0.4,0.870262,0.75,1.30078e-05,0.0001,3.19779e-26,999999,1.322842e-01,3,Thailand Exclusive Economic Zone,,,SVDNB_npp_d20250902_t1858434_e1900076_b71766_c20250902202635057000_oeac_ops.h5,GDNBO_npp_d20250902_t1858434_e1900076_b71766_c20250902202419882000_oeac_ops.h5,SVI04_npp_d20250902_t1858434_e1900076_b71766_c20250902202643623000_oeac_ops.dspace_rad,,eez_v11.shp,WPP_BFAR_merge.shp,vbd_mpa_r20170830.shp,VNF-VBD_npp_20120301-20151231_global_asia-enhanced_c201607211230.bitmask,vbd_landsea_r20220824.mask,timezone.shp,VBD_platforms-recurring_2015_r20170330.shp,999999,VBD_bridges_c20160811.shp,14.122167;12.311656;9.816022;4.968679;7.298583;9.219633,85.094513;99.171051;112.915886;111.630913;98.030373;84.189926,npp_d20250902_t1858434_e1900076_b71766;npp_d20250902_t1900088_e1901330_b71766;npp_d20250902_t1901342_e1902584_b71766;npp_d20250902_t1902596_e1904238_b71766,148.767,57.5037,21.4001,-81.3485,93.8104,-117.988
433,VBD_npp_d20250902_t1859584_x1007254E_y074818N_l0677_s2413_v23,2025-09-02 21:06:36,7.481809,100.725433,3.9909,2025-09-02 18:59:58,2025-09-03 01:59:58,677,2413,0.318483,8,18785,0.291123,0.055,0.769587,0.4,0.871841,0.75,6.74771e-05,0.0001,5.26528e-25,999999,-1.851230e-01,3,Thailand Exclusive Economic Zone,,,SVDNB_npp_d20250902_t1858434_e1900076_b71766_c20250902202635057000_oeac_ops.h5,GDNBO_npp_d20250902_t1858434_e1900076_b71766_c20250902202419882000_oeac_ops.h5,SVI04_npp_d20250902_t1858434_e1900076_b71766_c20250902202643623000_oeac_ops.dspace_rad,,eez_v11.shp,WPP_BFAR_merge.shp,vbd_mpa_r20170830.shp,VNF-VBD_npp_20120301-20151231_global_asia-enhanced_c201607211230.bitmask,vbd_landsea_r20220824.mask,timezone.shp,VBD_platforms-recurring_2015_r20170330.shp,0.176099,VBD_bridges_c20160811.shp,14.122167;12.311656;9.816022;4.968679;7.298583;9.219633,85.094513;99.171051;112.915886;111.630913;98.030373;84.189926,npp_d20250902_t1858434_e1900076_b71766;npp_d20250902_t1900088_e1901330_b71766;npp_d20250902_t1901342_e1902584_b71766;npp_d20250902_t1902596_e1904238_b71766,150.146,60.2014,21.3971,-81.1919,92.5186,-118.106
434,VBD_npp_d20250902_t1859584_x1007133E_y074080N_l0688_s2413_v23,2025-09-02 21:06:36,7.408018,100.713295,6.59766,2025-09-02 18:59:58,2025-09-03 01:59:58,688,2413,0.373752,1,2401,0.443684,0.055,0.86537,0.4,0.940285,0.75,6.74771e-05,0.0001,8.64806e-25,999999,-4.744874e-02,3,Thailand Exclusive Economic Zone,,,SVDNB_npp_d20250902_t1858434_e1900076_b71766_c20250902202635057000_oeac_ops.h5,GDNBO_npp_d20250902_t1858434_e1900076_b71766_c20250902202419882000_oeac_ops.h5,SVI04_npp_d20250902_t1858434_e1900076_b71766_c20250902202643623000_oeac_ops.dspace_rad,,eez_v11.shp,WPP_BFAR_merge.shp,vbd_mpa_r20170830.shp,VNF-VBD_npp_20120301-20151231_global_asia-enhanced_c201607211230.bitmask,vbd_landsea_r20220824.mask,timezone.shp,VBD_platforms-recurring_2015_r20170330.shp,999999,VBD_bridges_c20160811.shp,14.122167;12.311656;9.816022;4.968679;7.298583;9.219633,85.094513;99.171051;112.915886;111.630913;98.030373;84.189926,npp_d20250902_t1858434_e1900076_b71766;npp_d20250902_t1900088_e1901330_b71766;npp_d20250902_t1901342_e1902584_b71766;npp_d20250902_t1902596_e1904238_b71766,150.193,60.3012,21.4003,-79.5318,92.4733,-118.109
435,VBD_npp_d20250902_t1859228_x1012315E_y095800N_l0355_s2415_v23,2025-09-02 21:06:36,9.579978,101.231544,1.54522,2025-09-02 18:59:22,2025-09-03 01:59:22,355,2415,0.182694,2,2337,0.0607624,0.055,0.670235,0.4,0.40356,0.75,1.28609e-05,0.0001,2.50735e-26,999999,3.404552e-01,3,Thailand Exclusive Economic Zone,,,SVDNB_npp_d20250902_t1858434_e1900076_b71766_c20250902202635057000_oeac_ops.h5,GDNBO_npp_d20250902_t1858434_e1900076_b71766_c20250902202419882000_oeac_ops.h5,SVI04_npp_d20250902_t1858434_e1900076_b71766_c20250902202643623000_oeac_ops.dspace_rad,,eez_v11.shp,WPP_BFAR_merge.shp,vbd_mpa_r20170830.shp,VNF-VBD_npp_20120301-20151231_global_asia-enhanced_c201607211230.bitmask,vbd_landsea_r20220824.mask,timezone.shp,VBD_platforms-recurring_2015_r20170330.shp,999999,VBD_bridges_c20160811.shp,14.122167;12.311656;9.816022;4.968679;7.298583;9.219633,85.094513;99.171051;112.915886;111.630913;98.030373;84.189926,npp_d20250902_t1858434_e1900076_b71766;npp_d20250902_t1900088_e1901330_b71766;npp_d20250902_t1901342_e1902584_b71766;npp_d20250902_t1902596_e1904238_b71766,148.757,57.521,21.5053,-81.3431,93.8212,-117.986
436,VBD_npp_d20250902_t1859584_x1007312E_y074326N_l0684_s2415_v23,2025-09-02 21:06:36,7.432625,100.731216,4.08782,2025-09-02 18:59:58,2025-09-03 01:59:58,684,2415,0.365287,1,2401,0.29629,0.055,0.880909,0.4,0.864839,0.75,6.66961e-05,0.0001,5.76165e-25,999999,-1.981906e-02,3,Thailand Exclusive Economic Zone,,,SVDNB_npp_d20250902_t1858434_e1900076_b71766_c20250902202635057000_oeac_ops.h5,GDNBO_npp_d20250902_t1858434_e1900076_b71766_c20250902202419882000_oeac_ops.h5,SVI04_npp_d20250902_t1858434_e1900076_b71766_c20250902202643623000_oeac_ops.dspace_rad,,eez_v11.shp,WPP_BFAR_merge.shp,vbd_mpa_r20170830.shp,VNF-VBD_npp_20120301-20151231_global_asia-enhanced_c201607211230.bitmask,vbd_landsea_r20220824.mask,timezone.shp,VBD_platforms-recurring_2015_r20170330.shp,999999,VBD_bridges_c20160811.shp,14.122167;12.311656;9.816022;4.968679;7.298583;9.219633,85.094513;99.171051;112.915886;111.630913;98.030373;84.189926,npp_d20250902_t1858434_e1900076_b71766;npp_d20250902_t1900088_e1901330_b71766;npp_d20250902_t1901342_e1902584_b71766;npp_d20250902_t1902596_e1904238_b71766,150.165,60.2816,21.5024,-80.1368,92.5005,-118.107
437,VBD_npp_d20250902_t1900002_x1007027E_y073016N_l0704_s2415_v23,2025-09-02 21:06:36,7.301634,100.702682,5.37195,2025-09-02 19:00:00,2025-09-03 02:00:00,704,2415,0.351345,1,2401,0.361367,0.055,0.801295,0.4,0.876541,0.75,6.66961e-05,0.0001,7.81924e-25,999999,1.730911e-02,3,Thailand Exclusive Economic Zone,,,SVDNB_npp_d20250902_t1858434_e1900076_b71766_c20250902202635057000_oeac_ops.h5,GDNBO_npp_d20250902_t1858434_e1900076_b71766_c20250902202419882000_oeac_ops.h5,SVI04_npp_d20250902_t1858434_e1900076_b71766_c20250902202643623000_oeac_ops.dspace_rad,,eez_v11.shp,WPP_BFAR_merge.shp,vbd_mpa_r20170830.shp,VNF-VBD_npp_20120301-20151231_global_asia-enhanced_c201607211230.bitmask,vbd_landsea_r20220824.mask,timezone.shp,VBD_platforms-recurring_2015_r20170330.shp,999999,VBD_bridges_c20160811.shp,14.122167;12.311656;9.816022;4.968679;7.298583;9.219633,85.094513;99.171051;112.915886;111.630913;98.030373;84.189926,npp_d20250902_t1858434_e1900076_b71766;npp_d20250902_t1900088_e1901330_b71766;npp_d20250902_t1901342_e1902584_b71766;npp_d20250902_t1902596_e1904238_b71766,150.248,60.4596,21.5062,-79.5487,92.4201,-118.112
438,VBD_npp_d20250902_t1900002_x1007227E_y073811N_l0692_s2416_v23,2025-09-02 21:06:36,7.381085,100.722710,3.39234,2025-09-02 19:00:00,2025-09-03 02:00:00,692,2416,0.384777,8,18785,0.264042,0.055,0.85047,0.4,0.849282,0.75,6.63056e-05,0.0001,4.05383e-25,999999,2.266823e-01,3,Thailand Exclusive Economic Zone,,,SVDNB_npp_d20250902_t1858434_e1900076_b71766_c20250902202635057000_oeac_ops.h5,GDNBO_npp_d20250902_t1858434_e1900076_b71766_c20250902202419882000_oeac_ops.h5,SVI04_npp_d20250902_t1858434_e1900076_b71766_c20250902202643623000_oeac_ops.dspace_rad,,eez_v11.shp,WPP_BFAR_merge.shp,vbd_mpa_r20170830.shp,VNF-VBD_npp_20120301-20151231_global_asia-enhanced_c201607211230.bitmask,vbd_landsea_r20220824.mask,timezone.shp,VBD_platforms-recurring_2015_r20170330.shp,0.330616,VBD_bridges_c20160811.shp,14.122167;12.311656;9.816022;4.968679;7.298583;9.219633,85.094513;99.171051;112.915886;111.630913;98.030373;84.189926,npp_d20250902_t1858434_e1900076_b71766;npp_d20250902_t1900088_e1901330_b71766;npp_d20250902_t1901342_e1902584_b71766;npp_d20250902_t1902596_e1904238_b71766,150.191,60.3586,21.5562,-81.3491,92.475,-118.108
439,VBD_npp_d20250902_t1859513_x1008411E_y078411N_l0621_s2417_v23,2025-09-02 21:06:36,7.841101,100.841141,1.88974,2025-09-02 18:59:51,2025-09-03 01:59:51,621,2417,0.234975,8,18721,0.126023,0.055,0.528006,0.4,0.714639,0.75,5.14538e-05,0.0001,2.82791e-25,999999,-4.400283e-02,3,Thailand Exclusive Economic Zone,,,SVDNB_npp_d20250902_t1858434_e1900076_b71766_c20250902202635057000_oeac_ops.h5,GDNBO_npp_d20250902_t1858434_e1900076_b71766_c20250902202419882000_oeac_ops.h5,SVI04_npp_d20250902_t1858434_e1900076_b71766_c20250902202643623000_oeac_ops.dspace_rad,,eez_v11.shp,WPP_BFAR_merge.shp,vbd_mpa_r20170830.shp,VNF-VBD_npp_20120301-20151231_global_asia-enhanced_c201607211230.bitmask,vbd_landsea_r20220824.mask,timezone.shp,VBD_platforms-recurring_2015_r20170330.shp,0.405939,VBD_bridges_c20160811.shp,14.122167;12.311656;9.816022;4.968679;7.298583;9.219633,85.094513;99.171051;112.915886;111.630913;98.030373;84.189926,npp_d20250902_t1858434_e1900076_b71766;npp_d20250902_t1900088_e1901330_b71766;npp_d20250902_t1901342_e1902584_b71766;npp_d20250902_t1902596_e1904238_b71766,149.892,59.7476,21.6082,-79.9598,92.7638,-118.086
440,VBD_npp_d20250902_t1858455_x1017742E_y117604N_l0020_s2418_v23,2025-09-02 21:06:36,11.760401,101.774239,2.01173,2025-09-02 18:58:45,2025-09-03 01:58:45,20,2418,0.0903658,2,2337,0.130435,0.055,0.495552,0.4,0.69709,0.75,2.79548e-06,0.0001,8.4232e-28,999999,1.764728e-01,3,Thailand Exclusive Economic Zone,,,SVDNB_npp_d20250902_t1858434_e1900076_b71766_c20250902202635057000_oeac_ops.h5,GDNBO_npp_d20250902_t1858434_e1900076_b71766_c20250902202419882000_oeac_ops.h5,SVI04_npp_d20250902_t1858434_e1900076_b71766_c20250902202643623000_oeac_ops.dspace_rad,,eez_v11.shp,WPP_BFAR_merge.shp,vbd_mpa_r20170830.shp,VNF-VBD_npp_20120301-20151231_global_asia-enhanced_c201607211230.bitmask,vbd_landsea_r20220824.mask,timezone.shp,VBD_platforms-recurring_2015_r20170330.shp,999999,VBD_bridges_c20160811.shp,14.122167;12.311656;9.816022;4.968679;7.298583;9.219633,85.094513;99.171051;112.915886;111.630913;98.030373;84.189926,npp_d20250902_t1858434_e1900076_b71766;npp_d20250902_t1900088_e1901330_b71766;npp_d20250902_t1901342_e1902584_b71766;npp_d20250902_t1902596_e1904238_b71766,147.23,55.0284,21.6632,-81.0251,95.1808,-117.805
441,VBD_npp_d20250902_t1859531_x1008508E_y078142N_l0625_s2420_v23,2025-09-02 21:06:36,7.814197,100.850777,1.19482,2025-09-02 18:59:53,2025-09-03 01:59:53,625,2420,0.308098,2,2337,0.0718945,0.055,0.455271,0.4,0.645128,0.75,5.16223e-05,0.0001,1.29624e-25,999999,2.633580e-01,3,Thailand Exclusive Economic Zone,,,SVDNB_npp_d20250902_t1858434_e1900076_b71766_c20250902202635057000_oeac_ops.h5,GDNBO_npp_d20250902_t1858434_e1900076_b71766_c20250902202419882000_oeac_ops.h5,SVI04_npp_d20250902_t1858434_e1900076_b71766_c20250902202643623000_oeac_ops.dspace_rad,,eez_v11.shp,WPP_BFAR_merge.shp,vbd_mpa_r20170830.shp,VNF-VBD_npp_20120301-20151231_global_asia-enhanced_c201607211230.bitmask,vbd_landsea_r20220824.mask,timezone.shp,VBD_platforms-recurring_2015_r20170330.shp,999999,VBD_bridges_c20160811.shp,14.122167;12.311656;9.816022;4.968679;7.298583;9.219633,85.094513;99.171051;112.915886;111.630913;98.030373;84.189926,npp_d20250902_t1858434_e1900076_b71766;npp_d20250902_t1900088_e1901330_b71766;npp_d20250902_t1901342_e1902584_b71766;npp_d20250902_t1902596_e1904238_b71766,149.891,59.8047,21.7703,-81.756,92.7658,-118.085
442,VBD_npp_d20250902_t1859584_x1007652E_y074270N_l0684_s2420_v23,2025-09-02 21:06:36,7.427020,100.765190,4.54677,2025-09-02 18:59:58,2025-09-03 01:59:58,684,2420,0.351772,1,2401,0.330605,0.055,0.84087,0.4,0.867856,0.75,6.47434e-05,0.0001,3.24018e-25,999999,-1.291787e-01,3,Thailand Exclusive Economic Zone,,,SVDNB_npp_d20250902_t1858434_e1900076_b71766_c20250902202635057000_oeac_ops.h5,GDNBO_npp_d20250902_t1858434_e1900076_b71766_c20250902202419882000_oeac_ops.h5,SVI04_npp_d20250902_t1858434_e1900076_b71766_c20250902202643623000_oeac_ops.dspace_rad,,eez_v11.shp,WPP_BFAR_merge.shp,vbd_mpa_r20170830.shp,VNF-VBD_npp_20120301-20151231_global_asia-enhanced_c201607211230.bitmask,vbd_landsea_r20220824.mask,timezone.shp,VBD_platforms-recurring_2015_r20170330.shp,999999,VBD_bridges_c20160811.shp,14.122167;12.311656;9.816022;4.968679;7.298583;9.219633,85.094513;99.171051;112.915886;111.630913;98.030373;84.189926,npp_d20250902_t1858434_e1900076_b71766;npp_d20250902_t1900088_e1901330_b71766;npp_d20250902_t1901342_e1902584_b71766;npp_d20250902_t1902596_e1904238_b71766,150.138,60.3236,21.7656,-80.1401,92.5276,-118.103
443,VBD_npp_d20250902_t1900002_x1007602E_y073543N_l0695_s2422_v23,2025-09-02 21:06:36,7.354276,100.760216,5.36842,2025-09-02 19:00:00,2025-09-03 02:00:00,695,2422,0.394166,1,2401,0.375432,0.055,0.821933,0.4,0.901884,0.75,6.39624e-05,0.0001,2.32569e-25,999999,1.265473e-01,3,Thailand Exclusive Economic Zone,,,SVDNB_npp_d20250902_t1858434_e1900076_b71766_c20250902202635057000_oeac_ops.h5,GDNBO_npp_d20250902_t1858434_e1900076_b71766_c20250902202419882000_oeac_ops.h5,SVI04_npp_d20250902_t1858434_e1900076_b71766_c20250902202643623000_oeac_ops.dspace_rad,,eez_v11.shp,WPP_BFAR_merge.shp,vbd_mpa_r20170830.shp,VNF-VBD_npp_20120301-20151231_global_asia-enhanced_c201607211230.bitmask,vbd_landsea_r20220824.mask,timezone.shp,VBD_platforms-recurring_2015_r20170330.shp,999999,VBD_bridges_c20160811.shp,14.122167;12.311656;9.816022;4.968679;7.298583;9.219633,85.094513;99.171051;112.915886;111.630913;98.030373;84.189926,npp_d20250902_t1858434_e1900076_b71766;npp_d20250902_t1900088_e1901330_b71766;npp_d20250902_t1901342_e1902584_b71766;npp_d20250902_t1902596_e1904238_b71766,150.172,60.4362,21.8709,-80.8931,92.4952,-118.104
444,VBD_npp_d20250902_t1900020_x1007483E_y072822N_l0706_s2423_v23,2025-09-02 21:06:36,7.282238,100.748268,1.95557,2025-09-02 19:00:02,2025-09-03 02:00:02,706,2423,0.362584,2,2337,0.125524,0.055,0.66554,0.4,0.714907,0.75,6.35719e-05,0.0001,1.87584e-25,999999,-2.313939e-01,3,Thailand Exclusive Economic Zone,,,SVDNB_npp_d20250902_t1858434_e1900076_b71766_c20250902202635057000_oeac_ops.h5,GDNBO_npp_d20250902_t1858434_e1900076_b71766_c20250902202419882000_oeac_ops.h5,SVI04_npp_d20250902_t1858434_e1900076_b71766_c20250902202643623000_oeac_ops.dspace_rad,,eez_v11.shp,WPP_BFAR_merge.shp,vbd_mpa_r20170830.shp,VNF-VBD_npp_20120301-20151231_global_asia-enhanced_c201607211230.bitmask,vbd_landsea_r20220824.mask,timezone.shp,VBD_platforms-recurring_2015_r20170330.shp,999999,VBD_bridges_c20160811.shp,14.122167;12.311656;9.816022;4.968679;7.298583;9.219633,85.094513;99.171051;112.915886;111.630913;98.030373;84.189926,npp_d20250902_t1858434_e1900076_b71766;npp_d20250902_t1900088_e1901330_b71766;npp_d20250902_t1901342_e1902584_b71766;npp_d20250902_t1902596_e1904238_b71766,150.212,60.5412,21.9265,-81.632,92.4571,-118.106
445,VBD_npp_d20250902_t1900020_x1007427E_y072486N_l0711_s2423_v23,2025-09-02 21:06:36,7.248591,100.742729,2.33735,2025-09-02 19:00:02,2025-09-03 02:00:02,711,2423,0.339964,2,2337,0.155992,0.055,0.559238,0.4,0.734565,0.75,6.35719e-05,0.0001,2.36633e-25,999999,-2.459703e-01,3,Thailand Exclusive Economic Zone,,,SVDNB_npp_d20250902_t1858434_e1900076_b71766_c20250902202635057000_oeac_ops.h5,GDNBO_npp_d20250902_t1858434_e1900076_b71766_c20250902202419882000_oeac_ops.h5,SVI04_npp_d20250902_t1858434_e1900076_b71766_c20250902202643623000_oeac_ops.dspace_rad,,eez_v11.shp,WPP_BFAR_merge.shp,vbd_mpa_r20170830.shp,VNF-VBD_npp_20120301-20151231_global_asia-enhanced_c201607211230.bitmask,vbd_landsea_r20220824.mask,timezone.shp,VBD_platforms-recurring_2015_r20170330.shp,999999,VBD_bridges_c20160811.shp,14.122167;12.311656;9.816022;4.968679;7.298583;9.219633,85.094513;99.171051;112.915886;111.630913;98.030373;84.189926,npp_d20250902_t1858434_e1900076_b71766;npp_d20250902_t1900088_e1901330_b71766;npp_d20250902_t1901342_e1902584_b71766;npp_d20250902_t1902596_e1904238_b71766,150.233,60.5869,21.9238,-80.8947,92.4364,-118.108
446,VBD_npp_d20250902_t1859282_x1012511E_y092381N_l0405_s2429_v23,2025-09-02 21:06:36,9.238079,101.251129,2.25545,2025-09-02 18:59:28,2025-09-03 01:59:28,405,2429,0.0903658,2,2337,0.168041,0.055,0.57129,0.4,0.741084,0.75,1.45234e-05,0.0001,7.4717e-27,999999,7.859428e-03,3,Thailand Exclusive Economic Zone,,,SVDNB_npp_d20250902_t1858434_e1900076_b71766_c20250902202635057000_oeac_ops.h5,GDNBO_npp_d20250902_t1858434_e1900076_b71766_c20250902202419882000_oeac_ops.h5,SVI04_npp_d20250902_t1858434_e1900076_b71766_c20250902202643623000_oeac_ops.dspace_rad,,eez_v11.shp,WPP_BFAR_merge.shp,vbd_mpa_r20170830.shp,VNF-VBD_npp_20120301-20151231_global_asia-enhanced_c201607211230.bitmask,vbd_landsea_r20220824.mask,timezone.shp,VBD_platforms-recurring_2015_r20170330.shp,999999,VBD_bridges_c20160811.shp,14.122167;12.311656;9.816022;4.968679;7.298583;9.219633,85.094513;99.171051;112.915886;111.630913;98.030373;84.189926,npp_d20250902_t1858434_e1900076_b71766;npp_d20250902_t1900088_e1901330_b71766;npp_d20250902_t1901342_e1902584_b71766;npp_d20250902_t1902596_e1904238_b71766,148.905,58.0424,22.2407,-81.043,93.6966,-117.996
447,VBD_npp_d20250902_t1859299_x1012231E_y091133N_l0424_s2429_v23,2025-09-02 21:06:36,9.113285,101.223068,7.58829,2025-09-02 18:59:29,2025-09-03 01:59:29,424,2429,0.295365,11,18785,0.41242,0.055,0.784458,0.4,0.846274,0.75,1.62379e-05,0.0001,1.00028e-26,999999,6.224938e-02,3,Thailand Exclusive Economic Zone,,,SVDNB_npp_d20250902_t1858434_e1900076_b71766_c20250902202635057000_oeac_ops.h5,GDNBO_npp_d20250902_t1858434_e1900076_b71766_c20250902202419882000_oeac_ops.h5,SVI04_npp_d20250902_t1858434_e1900076_b71766_c20250902202643623000_oeac_ops.dspace_rad,,eez_v11.shp,WPP_BFAR_merge.shp,vbd_mpa_r20170830.shp,VNF-VBD_npp_20120301-20151231_global_asia-enhanced_c201607211230.bitmask,vbd_landsea_r20220824.mask,timezone.shp,VBD_platforms-recurring_2015_r20170330.shp,0.260226,VBD_bridges_c20160811.shp,14.122167;12.311656;9.816022;4.968679;7.298583;9.219633,85.094513;99.171051;112.915886;111.630913;98.030373;84.189926,npp_d20250902_t1858434_e1900076_b71766;npp_d20250902_t1900088_e1901330_b71766;npp_d20250902_t1901342_e1902584_b71766;npp_d20250902_t1902596_e1904238_b71766,148.988,58.1973,22.2401,-80.6089,93.6198,-118.004
448,VBD_npp_d20250902_t1859584_x1008334E_y074573N_l0678_s2429_v23,2025-09-02 21:06:36,7.457318,100.833374,2.95488,2025-09-02 18:59:58,2025-09-03 01:59:58,678,2429,0.340676,8,18785,0.234213,0.055,0.696862,0.4,0.880342,0.75,6.12287e-05,0.0001,8.52147e-26,999999,-7.698051e-02,3,Thailand Exclusive Economic Zone,,,SVDNB_npp_d20250902_t1858434_e1900076_b71766_c20250902202635057000_oeac_ops.h5,GDNBO_npp_d20250902_t1858434_e1900076_b71766_c20250902202419882000_oeac_ops.h5,SVI04_npp_d20250902_t1858434_e1900076_b71766_c20250902202643623000_oeac_ops.dspace_rad,,eez_v11.shp,WPP_BFAR_merge.shp,vbd_mpa_r20170830.shp,VNF-VBD_npp_20120301-20151231_global_asia-enhanced_c201607211230.bitmask,vbd_landsea_r20220824.mask,timezone.shp,VBD_platforms-recurring_2015_r20170330.shp,0.350513,VBD_bridges_c20160811.shp,14.122167;12.311656;9.816022;4.968679;7.298583;9.219633,85.094513;99.171051;112.915886;111.630913;98.030373;84.189926,npp_d20250902_t1858434_e1900076_b71766;npp_d20250902_t1900088_e1901330_b71766;npp_d20250902_t1901342_e1902584_b71766;npp_d20250902_t1902596_e1904238_b71766,150.065,60.3448,22.2392,-81.0183,92.6014,-118.094
449,VBD_npp_d20250902_t1900002_x1008160E_y073521N_l0694_s2430_v23,2025-09-02 21:06:36,7.352096,100.815964,2.29721,2025-09-02 19:00:00,2025-09-03 02:00:00,694,2430,0.408535,1,2401,0.180972,0.055,0.739162,0.4,0.789273,0.75,6.08382e-05,0.0001,8.63618e-26,999999,3.981198e-02,3,Thailand Exclusive Economic Zone,,,SVDNB_npp_d20250902_t1858434_e1900076_b71766_c20250902202635057000_oeac_ops.h5,GDNBO_npp_d20250902_t1858434_e1900076_b71766_c20250902202419882000_oeac_ops.h5,SVI04_npp_d20250902_t1858434_e1900076_b71766_c20250902202643623000_oeac_ops.dspace_rad,,eez_v11.shp,WPP_BFAR_merge.shp,vbd_mpa_r20170830.shp,VNF-VBD_npp_20120301-20151231_global_asia-enhanced_c201607211230.bitmask,vbd_landsea_r20220824.mask,timezone.shp,VBD_platforms-recurring_2015_r20170330.shp,999999,VBD_bridges_c20160811.shp,14.122167;12.311656;9.816022;4.968679;7.298583;9.219633,85.094513;99.171051;112.915886;111.630913;98.030373;84.189926,npp_d20250902_t1858434_e1900076_b71766;npp_d20250902_t1900088_e1901330_b71766;npp_d20250902_t1901342_e1902584_b71766;npp_d20250902_t1902596_e1904238_b71766,150.125,60.4942,22.2926,-81.0297,92.543,-118.098
450,VBD_npp_d20250902_t1900002_x1008151E_y073037N_l0701_s2431_v23,2025-09-02 21:06:36,7.303741,100.815094,1.6788,2025-09-02 19:00:00,2025-09-03 02:00:00,701,2431,0.404196,2,2337,0.107988,0.055,0.756875,0.4,0.657631,0.75,6.04477e-05,0.0001,1.05945e-25,999999,2.173656e-01,3,Thailand Exclusive Economic Zone,,,SVDNB_npp_d20250902_t1858434_e1900076_b71766_c20250902202635057000_oeac_ops.h5,GDNBO_npp_d20250902_t1858434_e1900076_b71766_c20250902202419882000_oeac_ops.h5,SVI04_npp_d20250902_t1858434_e1900076_b71766_c20250902202643623000_oeac_ops.dspace_rad,,eez_v11.shp,WPP_BFAR_merge.shp,vbd_mpa_r20170830.shp,VNF-VBD_npp_20120301-20151231_global_asia-enhanced_c201607211230.bitmask,vbd_landsea_r20220824.mask,timezone.shp,VBD_platforms-recurring_2015_r20170330.shp,999999,VBD_bridges_c20160811.shp,14.122167;12.311656;9.816022;4.968679;7.298583;9.219633,85.094513;99.171051;112.915886;111.630913;98.030373;84.189926,npp_d20250902_t1858434_e1900076_b71766;npp_d20250902_t1900088_e1901330_b71766;npp_d20250902_t1901342_e1902584_b71766;npp_d20250902_t1902596_e1904238_b71766,150.15,60.5666,22.3462,-80.0146,92.5194,-118.099
451,VBD_npp_d20250902_t1900002_x1008252E_y073229N_l0698_s2432_v23,2025-09-02 21:06:36,7.322863,100.825233,1.40813,2025-09-02 19:00:00,2025-09-03 02:00:00,698,2432,0.404551,2,2337,0.0962975,0.055,0.750293,0.4,0.722115,0.75,6.00572e-05,0.0001,8.18872e-26,999999,-4.114676e-02,3,Thailand Exclusive Economic Zone,,,SVDNB_npp_d20250902_t1858434_e1900076_b71766_c20250902202635057000_oeac_ops.h5,GDNBO_npp_d20250902_t1858434_e1900076_b71766_c20250902202419882000_oeac_ops.h5,SVI04_npp_d20250902_t1858434_e1900076_b71766_c20250902202643623000_oeac_ops.dspace_rad,,eez_v11.shp,WPP_BFAR_merge.shp,vbd_mpa_r20170830.shp,VNF-VBD_npp_20120301-20151231_global_asia-enhanced_c201607211230.bitmask,vbd_landsea_r20220824.mask,timezone.shp,VBD_platforms-recurring_2015_r20170330.shp,999999,VBD_bridges_c20160811.shp,14.122167;12.311656;9.816022;4.968679;7.298583;9.219633,85.094513;99.171051;112.915886;111.630913;98.030373;84.189926,npp_d20250902_t1858434_e1900076_b71766;npp_d20250902_t1900088_e1901330_b71766;npp_d20250902_t1901342_e1902584_b71766;npp_d20250902_t1902596_e1904238_b71766,150.132,60.5475,22.3977,-80.449,92.5373,-118.098
452,VBD_npp_d20250902_t1859264_x1013021E_y093308N_l0390_s2433_v23,2025-09-02 21:06:36,9.330812,101.302116,2.88629,2025-09-02 18:59:26,2025-09-03 01:59:26,390,2433,0.113697,1,2401,0.210428,0.055,0.650243,0.4,0.823207,0.75,1.28394e-05,0.0001,4.10253e-27,999999,6.508374e-02,3,Thailand Exclusive Economic Zone,,,SVDNB_npp_d20250902_t1858434_e1900076_b71766_c20250902202635057000_oeac_ops.h5,GDNBO_npp_d20250902_t1858434_e1900076_b71766_c20250902202419882000_oeac_ops.h5,SVI04_npp_d20250902_t1858434_e1900076_b71766_c20250902202643623000_oeac_ops.dspace_rad,,eez_v11.shp,WPP_BFAR_merge.shp,vbd_mpa_r20170830.shp,VNF-VBD_npp_20120301-20151231_global_asia-enhanced_c201607211230.bitmask,vbd_landsea_r20220824.mask,timezone.shp,VBD_platforms-recurring_2015_r20170330.shp,999999,VBD_bridges_c20160811.shp,14.122167;12.311656;9.816022;4.968679;7.298583;9.219633,85.094513;99.171051;112.915886;111.630913;98.030373;84.189926,npp_d20250902_t1858434_e1900076_b71766;npp_d20250902_t1900088_e1901330_b71766;npp_d20250902_t1901342_e1902584_b71766;npp_d20250902_t1902596_e1904238_b71766,148.819,57.957,22.4506,-80.8766,93.7782,-117.986
453,VBD_npp_d20250902_t1859157_x1014588E_y099208N_l0299_s2435_v23,2025-09-02 21:06:36,9.920805,101.458847,2.01552,2025-09-02 18:59:15,2025-09-03 01:59:15,299,2435,0.137099,8,18785,0.157974,0.055,0.556404,0.4,0.799502,0.75,9.80596e-06,0.0001,1.66911e-27,999999,-1.504012e-01,3,Thailand Exclusive Economic Zone,,,SVDNB_npp_d20250902_t1858434_e1900076_b71766_c20250902202635057000_oeac_ops.h5,GDNBO_npp_d20250902_t1858434_e1900076_b71766_c20250902202419882000_oeac_ops.h5,SVI04_npp_d20250902_t1858434_e1900076_b71766_c20250902202643623000_oeac_ops.dspace_rad,,eez_v11.shp,WPP_BFAR_merge.shp,vbd_mpa_r20170830.shp,VNF-VBD_npp_20120301-20151231_global_asia-enhanced_c201607211230.bitmask,vbd_landsea_r20220824.mask,timezone.shp,VBD_platforms-recurring_2015_r20170330.shp,0.0563439,VBD_bridges_c20160811.shp,14.122167;12.311656;9.816022;4.968679;7.298583;9.219633,85.094513;99.171051;112.915886;111.630913;98.030373;84.189926,npp_d20250902_t1858434_e1900076_b71766;npp_d20250902_t1900088_e1901330_b71766;npp_d20250902_t1901342_e1902584_b71766;npp_d20250902_t1902596_e1904238_b71766,148.409,57.2563,22.557,-80.1133,94.1536,-117.942
454,VBD_npp_d20250902_t1900002_x1008516E_y073116N_l0699_s2436_v23,2025-09-02 21:06:36,7.311584,100.851608,1.25366,2025-09-02 19:00:00,2025-09-03 02:00:00,699,2436,0.392175,8,18721,0.0717758,0.055,0.83375,0.4,0.583473,0.75,5.84951e-05,0.0001,5.2949e-26,999999,1.033986e-01,3,Thailand Exclusive Economic Zone,,,SVDNB_npp_d20250902_t1858434_e1900076_b71766_c20250902202635057000_oeac_ops.h5,GDNBO_npp_d20250902_t1858434_e1900076_b71766_c20250902202419882000_oeac_ops.h5,SVI04_npp_d20250902_t1858434_e1900076_b71766_c20250902202643623000_oeac_ops.dspace_rad,,eez_v11.shp,WPP_BFAR_merge.shp,vbd_mpa_r20170830.shp,VNF-VBD_npp_20120301-20151231_global_asia-enhanced_c201607211230.bitmask,vbd_landsea_r20220824.mask,timezone.shp,VBD_platforms-recurring_2015_r20170330.shp,0.825103,VBD_bridges_c20160811.shp,14.122167;12.311656;9.816022;4.968679;7.298583;9.219633,85.094513;99.171051;112.915886;111.630913;98.030373;84.189926,npp_d20250902_t1858434_e1900076_b71766;npp_d20250902_t1900088_e1901330_b71766;npp_d20250902_t1901342_e1902584_b71766;npp_d20250902_t1902596_e1904238_b71766,150.114,60.5904,22.6088,-80.3054,92.5551,-118.095
455,VBD_npp_d20250902_t1900020_x1008442E_y072667N_l0706_s2437_v23,2025-09-02 21:06:36,7.266726,100.844200,3.56303,2025-09-02 19:00:02,2025-09-03 02:00:02,706,2437,0.352626,1,2401,0.268432,0.055,0.813306,0.4,0.876185,0.75,5.81045e-05,0.0001,3.52687e-26,999999,-1.064313e-01,3,Thailand Exclusive Economic Zone,,,SVDNB_npp_d20250902_t1858434_e1900076_b71766_c20250902202635057000_oeac_ops.h5,GDNBO_npp_d20250902_t1858434_e1900076_b71766_c20250902202419882000_oeac_ops.h5,SVI04_npp_d20250902_t1858434_e1900076_b71766_c20250902202643623000_oeac_ops.dspace_rad,,eez_v11.shp,WPP_BFAR_merge.shp,vbd_mpa_r20170830.shp,VNF-VBD_npp_20120301-20151231_global_asia-enhanced_c201607211230.bitmask,vbd_landsea_r20220824.mask,timezone.shp,VBD_platforms-recurring_2015_r20170330.shp,999999,VBD_bridges_c20160811.shp,14.122167;12.311656;9.816022;4.968679;7.298583;9.219633,85.094513;99.171051;112.915886;111.630913;98.030373;84.189926,npp_d20250902_t1858434_e1900076_b71766;npp_d20250902_t1900088_e1901330_b71766;npp_d20250902_t1901342_e1902584_b71766;npp_d20250902_t1902596_e1904238_b71766,150.136,60.6584,22.6642,-81.5945,92.5337,-118.096
456,VBD_npp_d20250902_t1900037_x1008240E_y070995N_l0731_s2439_v23,2025-09-02 21:06:36,7.099461,100.823967,1.527,2025-09-02 19:00:03,2025-09-03 02:00:03,731,2439,0.2359,2,2337,0.0617968,0.055,0.435051,0.4,0.472507,0.75,5.73235e-05,0.0001,4.82174e-26,999999,-4.431785e-01,3,Thailand Exclusive Economic Zone,,,SVDNB_npp_d20250902_t1858434_e1900076_b71766_c20250902202635057000_oeac_ops.h5,GDNBO_npp_d20250902_t1858434_e1900076_b71766_c20250902202419882000_oeac_ops.h5,SVI04_npp_d20250902_t1858434_e1900076_b71766_c20250902202643623000_oeac_ops.dspace_rad,,eez_v11.shp,WPP_BFAR_merge.shp,vbd_mpa_r20170830.shp,VNF-VBD_npp_20120301-20151231_global_asia-enhanced_c201607211230.bitmask,vbd_landsea_r20220824.mask,timezone.shp,VBD_platforms-recurring_2015_r20170330.shp,999999,VBD_bridges_c20160811.shp,14.122167;12.311656;9.816022;4.968679;7.298583;9.219633,85.094513;99.171051;112.915886;111.630913;98.030373;84.189926,npp_d20250902_t1858434_e1900076_b71766;npp_d20250902_t1900088_e1901330_b71766;npp_d20250902_t1901342_e1902584_b71766;npp_d20250902_t1902596_e1904238_b71766,150.229,60.9007,22.769,-80.3215,92.4435,-118.101
457,VBD_npp_d20250902_t1900055_x1008079E_y070491N_l0739_s2439_v23,2025-09-02 21:06:36,7.049110,100.807907,2.20183,2025-09-02 19:00:05,2025-09-03 02:00:05,739,2439,0.229427,2,2337,0.106422,0.055,0.440951,0.4,0.56572,0.75,5.73235e-05,0.0001,3.85267e-26,999999,-2.322102e-01,3,Thailand Exclusive Economic Zone,,,SVDNB_npp_d20250902_t1858434_e1900076_b71766_c20250902202635057000_oeac_ops.h5,GDNBO_npp_d20250902_t1858434_e1900076_b71766_c20250902202419882000_oeac_ops.h5,SVI04_npp_d20250902_t1858434_e1900076_b71766_c20250902202643623000_oeac_ops.dspace_rad,,eez_v11.shp,WPP_BFAR_merge.shp,vbd_mpa_r20170830.shp,VNF-VBD_npp_20120301-20151231_global_asia-enhanced_c201607211230.bitmask,vbd_landsea_r20220824.mask,timezone.shp,VBD_platforms-recurring_2015_r20170330.shp,999999,VBD_bridges_c20160811.shp,14.122167;12.311656;9.816022;4.968679;7.298583;9.219633,85.094513;99.171051;112.915886;111.630913;98.030373;84.189926,npp_d20250902_t1858434_e1900076_b71766;npp_d20250902_t1900088_e1901330_b71766;npp_d20250902_t1901342_e1902584_b71766;npp_d20250902_t1902596_e1904238_b71766,150.261,60.9693,22.7657,-81.4623,92.412,-118.104
458,VBD_npp_d20250902_t1859282_x1013180E_y091715N_l0413_s2440_v23,2025-09-02 21:06:36,9.171488,101.317986,1.38041,2025-09-02 18:59:28,2025-09-03 01:59:28,413,2440,0.0878051,4,35077,0.0779455,0.055,0.315637,0.4,0.589376,0.75,1.41831e-05,0.0001,2.71251e-27,999999,-2.042857e-01,3,Thailand Exclusive Economic Zone,,,SVDNB_npp_d20250902_t1858434_e1900076_b71766_c20250902202635057000_oeac_ops.h5,GDNBO_npp_d20250902_t1858434_e1900076_b71766_c20250902202419882000_oeac_ops.h5,SVI04_npp_d20250902_t1858434_e1900076_b71766_c20250902202643623000_oeac_ops.dspace_rad,,eez_v11.shp,WPP_BFAR_merge.shp,vbd_mpa_r20170830.shp,VNF-VBD_npp_20120301-20151231_global_asia-enhanced_c201607211230.bitmask,vbd_landsea_r20220824.mask,timezone.shp,VBD_platforms-recurring_2015_r20170330.shp,999999,VBD_bridges_c20160811.shp,14.122167;12.311656;9.816022;4.968679;7.298583;9.219633,85.094513;99.171051;112.915886;111.630913;98.030373;84.189926,npp_d20250902_t1858434_e1900076_b71766;npp_d20250902_t1900088_e1901330_b71766;npp_d20250902_t1901342_e1902584_b71766;npp_d20250902_t1902596_e1904238_b71766,148.884,58.2046,22.821,-79.8866,93.7236,-117.989
459,VBD_npp_d20250902_t1900002_x1008826E_y073273N_l0696_s2440_v23,2025-09-02 21:06:36,7.327331,100.882568,3.03595,2025-09-02 19:00:00,2025-09-03 02:00:00,696,2440,0.373325,1,2401,0.22714,0.055,0.83757,0.4,0.787756,0.75,5.6933e-05,0.0001,2.82435e-26,999999,-2.334094e-01,3,Thailand Exclusive Economic Zone,,,SVDNB_npp_d20250902_t1858434_e1900076_b71766_c20250902202635057000_oeac_ops.h5,GDNBO_npp_d20250902_t1858434_e1900076_b71766_c20250902202419882000_oeac_ops.h5,SVI04_npp_d20250902_t1858434_e1900076_b71766_c20250902202643623000_oeac_ops.dspace_rad,,eez_v11.shp,WPP_BFAR_merge.shp,vbd_mpa_r20170830.shp,VNF-VBD_npp_20120301-20151231_global_asia-enhanced_c201607211230.bitmask,vbd_landsea_r20220824.mask,timezone.shp,VBD_platforms-recurring_2015_r20170330.shp,999999,VBD_bridges_c20160811.shp,14.122167;12.311656;9.816022;4.968679;7.298583;9.219633,85.094513;99.171051;112.915886;111.630913;98.030373;84.189926,npp_d20250902_t1858434_e1900076_b71766;npp_d20250902_t1900088_e1901330_b71766;npp_d20250902_t1901342_e1902584_b71766;npp_d20250902_t1902596_e1904238_b71766,150.08,60.5966,22.8193,-80.7319,92.5895,-118.091
460,VBD_npp_d20250902_t1900002_x1008828E_y072856N_l0702_s2441_v23,2025-09-02 21:06:36,7.285583,100.882782,5.22619,2025-09-02 19:00:00,2025-09-03 02:00:00,702,2441,0.398363,1,2401,0.368303,0.055,0.852123,0.4,0.910746,0.75,5.65424e-05,0.0001,3.30486e-26,999999,1.395885e-01,3,Thailand Exclusive Economic Zone,,,SVDNB_npp_d20250902_t1858434_e1900076_b71766_c20250902202635057000_oeac_ops.h5,GDNBO_npp_d20250902_t1858434_e1900076_b71766_c20250902202419882000_oeac_ops.h5,SVI04_npp_d20250902_t1858434_e1900076_b71766_c20250902202643623000_oeac_ops.dspace_rad,,eez_v11.shp,WPP_BFAR_merge.shp,vbd_mpa_r20170830.shp,VNF-VBD_npp_20120301-20151231_global_asia-enhanced_c201607211230.bitmask,vbd_landsea_r20220824.mask,timezone.shp,VBD_platforms-recurring_2015_r20170330.shp,999999,VBD_bridges_c20160811.shp,14.122167;12.311656;9.816022;4.968679;7.298583;9.219633,85.094513;99.171051;112.915886;111.630913;98.030373;84.189926,npp_d20250902_t1858434_e1900076_b71766;npp_d20250902_t1900088_e1901330_b71766;npp_d20250902_t1901342_e1902584_b71766;npp_d20250902_t1902596_e1904238_b71766,150.1,60.6601,22.874,-79.8814,92.5701,-118.092
461,VBD_npp_d20250902_t1900055_x1008206E_y070401N_l0740_s2441_v23,2025-09-02 21:06:36,7.040104,100.820602,1.69287,2025-09-02 19:00:05,2025-09-03 02:00:05,740,2441,0.222883,2,2337,0.0575845,0.055,0.440951,0.4,0.509648,0.75,5.65424e-05,0.0001,3.16448e-26,999999,1.034443e-01,3,Thailand Exclusive Economic Zone,,,SVDNB_npp_d20250902_t1858434_e1900076_b71766_c20250902202635057000_oeac_ops.h5,GDNBO_npp_d20250902_t1858434_e1900076_b71766_c20250902202419882000_oeac_ops.h5,SVI04_npp_d20250902_t1858434_e1900076_b71766_c20250902202643623000_oeac_ops.dspace_rad,,eez_v11.shp,WPP_BFAR_merge.shp,vbd_mpa_r20170830.shp,VNF-VBD_npp_20120301-20151231_global_asia-enhanced_c201607211230.bitmask,vbd_landsea_r20220824.mask,timezone.shp,VBD_platforms-recurring_2015_r20170330.shp,999999,VBD_bridges_c20160811.shp,14.122167;12.311656;9.816022;4.968679;7.298583;9.219633,85.094513;99.171051;112.915886;111.630913;98.030373;84.189926,npp_d20250902_t1858434_e1900076_b71766;npp_d20250902_t1900088_e1901330_b71766;npp_d20250902_t1901342_e1902584_b71766;npp_d20250902_t1902596_e1904238_b71766,150.254,60.9953,22.8706,-81.3161,92.4189,-118.102
462,VBD_npp_d20250902_t1900002_x1009020E_y073589N_l0691_s2442_v23,2025-09-02 21:06:36,7.358922,100.901978,4.4678,2025-09-02 19:00:00,2025-09-03 02:00:00,691,2442,0.37681,1,2401,0.338366,0.055,0.817189,0.4,0.923473,0.75,5.61519e-05,0.0001,1.73885e-26,999999,-1.298814e-01,3,Thailand Exclusive Economic Zone,,,SVDNB_npp_d20250902_t1858434_e1900076_b71766_c20250902202635057000_oeac_ops.h5,GDNBO_npp_d20250902_t1858434_e1900076_b71766_c20250902202419882000_oeac_ops.h5,SVI04_npp_d20250902_t1858434_e1900076_b71766_c20250902202643623000_oeac_ops.dspace_rad,,eez_v11.shp,WPP_BFAR_merge.shp,vbd_mpa_r20170830.shp,VNF-VBD_npp_20120301-20151231_global_asia-enhanced_c201607211230.bitmask,vbd_landsea_r20220824.mask,timezone.shp,VBD_platforms-recurring_2015_r20170330.shp,999999,VBD_bridges_c20160811.shp,14.122167;12.311656;9.816022;4.968679;7.298583;9.219633,85.094513;99.171051;112.915886;111.630913;98.030373;84.189926,npp_d20250902_t1858434_e1900076_b71766;npp_d20250902_t1900088_e1901330_b71766;npp_d20250902_t1901342_e1902584_b71766;npp_d20250902_t1902596_e1904238_b71766,150.048,60.5677,22.9268,-81.437,92.6214,-118.088
463,VBD_npp_d20250902_t1900020_x1008845E_y072533N_l0707_s2443_v23,2025-09-02 21:06:36,7.253250,100.884506,2.4357,2025-09-02 19:00:02,2025-09-03 02:00:02,707,2443,0.375743,1,2401,0.19714,0.055,0.768378,0.4,0.860621,0.75,5.57614e-05,0.0001,1.76964e-26,999999,-3.549786e-02,3,Thailand Exclusive Economic Zone,,,SVDNB_npp_d20250902_t1858434_e1900076_b71766_c20250902202635057000_oeac_ops.h5,GDNBO_npp_d20250902_t1858434_e1900076_b71766_c20250902202419882000_oeac_ops.h5,SVI04_npp_d20250902_t1858434_e1900076_b71766_c20250902202643623000_oeac_ops.dspace_rad,,eez_v11.shp,WPP_BFAR_merge.shp,vbd_mpa_r20170830.shp,VNF-VBD_npp_20120301-20151231_global_asia-enhanced_c201607211230.bitmask,vbd_landsea_r20220824.mask,timezone.shp,VBD_platforms-recurring_2015_r20170330.shp,999999,VBD_bridges_c20160811.shp,14.122167;12.311656;9.816022;4.968679;7.298583;9.219633,85.094513;99.171051;112.915886;111.630913;98.030373;84.189926,npp_d20250902_t1858434_e1900076_b71766;npp_d20250902_t1900088_e1901330_b71766;npp_d20250902_t1901342_e1902584_b71766;npp_d20250902_t1902596_e1904238_b71766,150.108,60.7181,22.9799,-81.4379,92.5626,-118.092
464,VBD_npp_d20250902_t1900037_x1008505E_y070881N_l0732_s2443_v23,2025-09-02 21:06:36,7.088136,100.850471,1.89438,2025-09-02 19:00:03,2025-09-03 02:00:03,732,2443,0.177217,2,2337,0.0783515,0.055,0.41934,0.4,0.537405,0.75,5.57614e-05,0.0001,3.09623e-26,999999,9.296215e-02,3,Thailand Exclusive Economic Zone,,,SVDNB_npp_d20250902_t1858434_e1900076_b71766_c20250902202635057000_oeac_ops.h5,GDNBO_npp_d20250902_t1858434_e1900076_b71766_c20250902202419882000_oeac_ops.h5,SVI04_npp_d20250902_t1858434_e1900076_b71766_c20250902202643623000_oeac_ops.dspace_rad,,eez_v11.shp,WPP_BFAR_merge.shp,vbd_mpa_r20170830.shp,VNF-VBD_npp_20120301-20151231_global_asia-enhanced_c201607211230.bitmask,vbd_landsea_r20220824.mask,timezone.shp,VBD_platforms-recurring_2015_r20170330.shp,999999,VBD_bridges_c20160811.shp,14.122167;12.311656;9.816022;4.968679;7.298583;9.219633,85.094513;99.171051;112.915886;111.630913;98.030373;84.189926,npp_d20250902_t1858434_e1900076_b71766;npp_d20250902_t1900088_e1901330_b71766;npp_d20250902_t1901342_e1902584_b71766;npp_d20250902_t1902596_e1904238_b71766,150.212,60.9436,22.9804,-80.1813,92.4614,-118.099
465,VBD_npp_d20250902_t1859584_x1009517E_y074450N_l0677_s2446_v23,2025-09-02 21:06:36,7.444963,100.951668,1.77906,2025-09-02 18:59:58,2025-09-03 01:59:58,677,2446,0.306533,1,2401,0.129902,0.055,0.619974,0.4,0.773237,0.75,5.45898e-05,0.0001,1.01154e-26,999999,-1.076993e-01,3,Thailand Exclusive Economic Zone,,,SVDNB_npp_d20250902_t1858434_e1900076_b71766_c20250902202635057000_oeac_ops.h5,GDNBO_npp_d20250902_t1858434_e1900076_b71766_c20250902202419882000_oeac_ops.h5,SVI04_npp_d20250902_t1858434_e1900076_b71766_c20250902202643623000_oeac_ops.dspace_rad,,eez_v11.shp,WPP_BFAR_merge.shp,vbd_mpa_r20170830.shp,VNF-VBD_npp_20120301-20151231_global_asia-enhanced_c201607211230.bitmask,vbd_landsea_r20220824.mask,timezone.shp,VBD_platforms-recurring_2015_r20170330.shp,999999,VBD_bridges_c20160811.shp,14.122167;12.311656;9.816022;4.968679;7.298583;9.219633,85.094513;99.171051;112.915886;111.630913;98.030373;84.189926,npp_d20250902_t1858434_e1900076_b71766;npp_d20250902_t1900088_e1901330_b71766;npp_d20250902_t1901342_e1902584_b71766;npp_d20250902_t1902596_e1904238_b71766,149.969,60.4791,23.1361,-81.1349,92.699,-118.081
466,VBD_npp_d20250902_t1859584_x1009450E_y074043N_l0683_s2446_v23,2025-09-02 21:06:36,7.404280,100.944954,2.57708,2025-09-02 18:59:58,2025-09-03 01:59:58,683,2446,0.382074,1,2401,0.202898,0.055,0.730544,0.4,0.827362,0.75,5.45898e-05,0.0001,1.3465e-26,999999,1.433333e-01,3,Thailand Exclusive Economic Zone,,,SVDNB_npp_d20250902_t1858434_e1900076_b71766_c20250902202635057000_oeac_ops.h5,GDNBO_npp_d20250902_t1858434_e1900076_b71766_c20250902202419882000_oeac_ops.h5,SVI04_npp_d20250902_t1858434_e1900076_b71766_c20250902202643623000_oeac_ops.dspace_rad,,eez_v11.shp,WPP_BFAR_merge.shp,vbd_mpa_r20170830.shp,VNF-VBD_npp_20120301-20151231_global_asia-enhanced_c201607211230.bitmask,vbd_landsea_r20220824.mask,timezone.shp,VBD_platforms-recurring_2015_r20170330.shp,999999,VBD_bridges_c20160811.shp,14.122167;12.311656;9.816022;4.968679;7.298583;9.219633,85.094513;99.171051;112.915886;111.630913;98.030373;84.189926,npp_d20250902_t1858434_e1900076_b71766;npp_d20250902_t1900088_e1901330_b71766;npp_d20250902_t1901342_e1902584_b71766;npp_d20250902_t1902596_e1904238_b71766,149.995,60.5339,23.1357,-80.2943,92.674,-118.083
467,VBD_npp_d20250902_t1900020_x1008975E_y072024N_l0714_s2446_v23,2025-09-02 21:06:36,7.202415,100.897461,3.37631,2025-09-02 19:00:02,2025-09-03 02:00:02,714,2446,0.29501,8,18785,0.248064,0.055,0.723387,0.4,0.836994,0.75,5.45898e-05,0.0001,1.70022e-26,999999,-2.425454e-02,3,Thailand Exclusive Economic Zone,,,SVDNB_npp_d20250902_t1858434_e1900076_b71766_c20250902202635057000_oeac_ops.h5,GDNBO_npp_d20250902_t1858434_e1900076_b71766_c20250902202419882000_oeac_ops.h5,SVI04_npp_d20250902_t1858434_e1900076_b71766_c20250902202643623000_oeac_ops.dspace_rad,,eez_v11.shp,WPP_BFAR_merge.shp,vbd_mpa_r20170830.shp,VNF-VBD_npp_20120301-20151231_global_asia-enhanced_c201607211230.bitmask,vbd_landsea_r20220824.mask,timezone.shp,VBD_platforms-recurring_2015_r20170330.shp,0.341124,VBD_bridges_c20160811.shp,14.122167;12.311656;9.816022;4.968679;7.298583;9.219633,85.094513;99.171051;112.915886;111.630913;98.030373;84.189926,npp_d20250902_t1858434_e1900076_b71766;npp_d20250902_t1900088_e1901330_b71766;npp_d20250902_t1901342_e1902584_b71766;npp_d20250902_t1902596_e1904238_b71766,150.122,60.8078,23.1364,-80.4504,92.5501,-118.091
468,VBD_npp_d20250902_t1858544_x1018862E_y112190N_l0097_s2452_v23,2025-09-02 21:06:36,11.219036,101.886215,6.95036,2025-09-02 18:58:54,2025-09-03 01:58:54,97,2452,0.199338,1,2401,0.4198,0.055,0.844633,0.4,0.884689,0.75,3.25377e-06,0.0001,1.56025e-29,999999,-1.011705e-02,3,Thailand Exclusive Economic Zone,,,SVDNB_npp_d20250902_t1858434_e1900076_b71766_c20250902202635057000_oeac_ops.h5,GDNBO_npp_d20250902_t1858434_e1900076_b71766_c20250902202419882000_oeac_ops.h5,SVI04_npp_d20250902_t1858434_e1900076_b71766_c20250902202643623000_oeac_ops.dspace_rad,,eez_v11.shp,WPP_BFAR_merge.shp,vbd_mpa_r20170830.shp,VNF-VBD_npp_20120301-20151231_global_asia-enhanced_c201607211230.bitmask,vbd_landsea_r20220824.mask,timezone.shp,VBD_platforms-recurring_2015_r20170330.shp,999999,VBD_bridges_c20160811.shp,14.122167;12.311656;9.816022;4.968679;7.298583;9.219633,85.094513;99.171051;112.915886;111.630913;98.030373;84.189926,npp_d20250902_t1858434_e1900076_b71766;npp_d20250902_t1900088_e1901330_b71766;npp_d20250902_t1901342_e1902584_b71766;npp_d20250902_t1902596_e1904238_b71766,147.416,55.8825,23.4417,-81.3656,95.0565,-117.815
469,VBD_npp_d20250902_t1859584_x1010035E_y074291N_l0678_s2454_v23,2025-09-02 21:06:36,7.429086,101.003532,4.09544,2025-09-02 18:59:58,2025-09-03 01:59:58,678,2454,0.372969,2,2337,0.271161,0.055,0.744924,0.4,0.660368,0.75,5.14656e-05,0.0001,4.0374e-27,999999,1.103313e-01,3,Thailand Exclusive Economic Zone,,,SVDNB_npp_d20250902_t1858434_e1900076_b71766_c20250902202635057000_oeac_ops.h5,GDNBO_npp_d20250902_t1858434_e1900076_b71766_c20250902202419882000_oeac_ops.h5,SVI04_npp_d20250902_t1858434_e1900076_b71766_c20250902202643623000_oeac_ops.dspace_rad,,eez_v11.shp,WPP_BFAR_merge.shp,vbd_mpa_r20170830.shp,VNF-VBD_npp_20120301-20151231_global_asia-enhanced_c201607211230.bitmask,vbd_landsea_r20220824.mask,timezone.shp,VBD_platforms-recurring_2015_r20170330.shp,999999,VBD_bridges_c20160811.shp,14.122167;12.311656;9.816022;4.968679;7.298583;9.219633,85.094513;99.171051;112.915886;111.630913;98.030373;84.189926,npp_d20250902_t1858434_e1900076_b71766;npp_d20250902_t1900088_e1901330_b71766;npp_d20250902_t1901342_e1902584_b71766;npp_d20250902_t1902596_e1904238_b71766,149.932,60.5535,23.5383,-80.9758,92.7369,-118.075
470,VBD_npp_d20250902_t1858544_x1018979E_y111694N_l0104_s2455_v23,2025-09-02 21:06:36,11.169433,101.897911,2.56891,2025-09-02 18:58:54,2025-09-03 01:58:54,104,2455,0.110994,1,2401,0.185036,0.055,0.754234,0.4,0.773863,0.75,3.32738e-06,0.0001,1.50653e-29,999999,5.684255e-04,3,Thailand Exclusive Economic Zone,,,SVDNB_npp_d20250902_t1858434_e1900076_b71766_c20250902202635057000_oeac_ops.h5,GDNBO_npp_d20250902_t1858434_e1900076_b71766_c20250902202419882000_oeac_ops.h5,SVI04_npp_d20250902_t1858434_e1900076_b71766_c20250902202643623000_oeac_ops.dspace_rad,,eez_v11.shp,WPP_BFAR_merge.shp,vbd_mpa_r20170830.shp,VNF-VBD_npp_20120301-20151231_global_asia-enhanced_c201607211230.bitmask,vbd_landsea_r20220824.mask,timezone.shp,VBD_platforms-recurring_2015_r20170330.shp,999999,VBD_bridges_c20160811.shp,14.122167;12.311656;9.816022;4.968679;7.298583;9.219633,85.094513;99.171051;112.915886;111.630913;98.030373;84.189926,npp_d20250902_t1858434_e1900076_b71766;npp_d20250902_t1900088_e1901330_b71766;npp_d20250902_t1901342_e1902584_b71766;npp_d20250902_t1902596_e1904238_b71766,147.435,55.9591,23.586,-80.4184,95.0435,-117.817
471,VBD_npp_d20250902_t1859584_x1010024E_y073816N_l0685_s2455_v23,2025-09-02 21:06:36,7.381610,101.002373,2.85266,2025-09-02 18:59:58,2025-09-03 01:59:58,685,2455,0.387978,8,18785,0.227108,0.055,0.723654,0.4,0.826283,0.75,5.10751e-05,0.0001,4.96947e-27,999999,1.082483e-01,3,Thailand Exclusive Economic Zone,,,SVDNB_npp_d20250902_t1858434_e1900076_b71766_c20250902202635057000_oeac_ops.h5,GDNBO_npp_d20250902_t1858434_e1900076_b71766_c20250902202419882000_oeac_ops.h5,SVI04_npp_d20250902_t1858434_e1900076_b71766_c20250902202643623000_oeac_ops.dspace_rad,,eez_v11.shp,WPP_BFAR_merge.shp,vbd_mpa_r20170830.shp,VNF-VBD_npp_20120301-20151231_global_asia-enhanced_c201607211230.bitmask,vbd_landsea_r20220824.mask,timezone.shp,VBD_platforms-recurring_2015_r20170330.shp,0.336106,VBD_bridges_c20160811.shp,14.122167;12.311656;9.816022;4.968679;7.298583;9.219633,85.094513;99.171051;112.915886;111.630913;98.030373;84.189926,npp_d20250902_t1858434_e1900076_b71766;npp_d20250902_t1900088_e1901330_b71766;npp_d20250902_t1901342_e1902584_b71766;npp_d20250902_t1902596_e1904238_b71766,149.956,60.6238,23.5884,-80.0358,92.7136,-118.077
472,VBD_npp_d20250902_t1858526_x1019210E_y112196N_l0096_s2456_v23,2025-09-02 21:06:36,11.219639,101.920998,5.55514,2025-09-02 18:58:52,2025-09-03 01:58:52,96,2456,0.186108,1,2401,0.367382,0.055,0.842854,0.4,0.898992,0.75,3.15358e-06,0.0001,1.66591e-29,999999,-4.010469e-02,3,Thailand Exclusive Economic Zone,,,SVDNB_npp_d20250902_t1858434_e1900076_b71766_c20250902202635057000_oeac_ops.h5,GDNBO_npp_d20250902_t1858434_e1900076_b71766_c20250902202419882000_oeac_ops.h5,SVI04_npp_d20250902_t1858434_e1900076_b71766_c20250902202643623000_oeac_ops.dspace_rad,,eez_v11.shp,WPP_BFAR_merge.shp,vbd_mpa_r20170830.shp,VNF-VBD_npp_20120301-20151231_global_asia-enhanced_c201607211230.bitmask,vbd_landsea_r20220824.mask,timezone.shp,VBD_platforms-recurring_2015_r20170330.shp,999999,VBD_bridges_c20160811.shp,14.122167;12.311656;9.816022;4.968679;7.298583;9.219633,85.094513;99.171051;112.915886;111.630913;98.030373;84.189926,npp_d20250902_t1858434_e1900076_b71766;npp_d20250902_t1900088_e1901330_b71766;npp_d20250902_t1901342_e1902584_b71766;npp_d20250902_t1902596_e1904238_b71766,147.394,55.9106,23.6423,-79.3414,95.0807,-117.811
473,VBD_npp_d20250902_t1900020_x1009680E_y072183N_l0710_s2456_v23,2025-09-02 21:06:36,7.218322,100.967957,1.37328,2025-09-02 19:00:02,2025-09-03 02:00:02,710,2456,0.329508,2,2337,0.0891626,0.055,0.591179,0.4,0.720637,0.75,5.06846e-05,0.0001,4.2375e-27,999999,4.666435e-02,3,Thailand Exclusive Economic Zone,,,SVDNB_npp_d20250902_t1858434_e1900076_b71766_c20250902202635057000_oeac_ops.h5,GDNBO_npp_d20250902_t1858434_e1900076_b71766_c20250902202419882000_oeac_ops.h5,SVI04_npp_d20250902_t1858434_e1900076_b71766_c20250902202643623000_oeac_ops.dspace_rad,,eez_v11.shp,WPP_BFAR_merge.shp,vbd_mpa_r20170830.shp,VNF-VBD_npp_20120301-20151231_global_asia-enhanced_c201607211230.bitmask,vbd_landsea_r20220824.mask,timezone.shp,VBD_platforms-recurring_2015_r20170330.shp,999999,VBD_bridges_c20160811.shp,14.122167;12.311656;9.816022;4.968679;7.298583;9.219633,85.094513;99.171051;112.915886;111.630913;98.030373;84.189926,npp_d20250902_t1858434_e1900076_b71766;npp_d20250902_t1900088_e1901330_b71766;npp_d20250902_t1901342_e1902584_b71766;npp_d20250902_t1902596_e1904238_b71766,150.053,60.8517,23.6378,-80.9895,92.6192,-118.083
474,VBD_npp_d20250902_t1858544_x1019191E_y112136N_l0097_s2457_v23,2025-09-02 21:06:36,11.213611,101.919060,6.21585,2025-09-02 18:58:54,2025-09-03 01:58:54,97,2457,0.177359,1,2401,0.394199,0.055,0.842854,0.4,0.906761,0.75,3.14393e-06,0.0001,7.95043e-30,999999,-1.045339e-01,3,Thailand Exclusive Economic Zone,,,SVDNB_npp_d20250902_t1858434_e1900076_b71766_c20250902202635057000_oeac_ops.h5,GDNBO_npp_d20250902_t1858434_e1900076_b71766_c20250902202419882000_oeac_ops.h5,SVI04_npp_d20250902_t1858434_e1900076_b71766_c20250902202643623000_oeac_ops.dspace_rad,,eez_v11.shp,WPP_BFAR_merge.shp,vbd_mpa_r20170830.shp,VNF-VBD_npp_20120301-20151231_global_asia-enhanced_c201607211230.bitmask,vbd_landsea_r20220824.mask,timezone.shp,VBD_platforms-recurring_2015_r20170330.shp,999999,VBD_bridges_c20160811.shp,14.122167;12.311656;9.816022;4.968679;7.298583;9.219633,85.094513;99.171051;112.915886;111.630913;98.030373;84.189926,npp_d20250902_t1858434_e1900076_b71766;npp_d20250902_t1900088_e1901330_b71766;npp_d20250902_t1901342_e1902584_b71766;npp_d20250902_t1902596_e1904238_b71766,147.393,55.9242,23.6878,-81.3506,95.0824,-117.811
475,VBD_npp_d20250902_t1900020_x1009789E_y072438N_l0706_s2457_v23,2025-09-02 21:06:36,7.243799,100.978851,1.0968,2025-09-02 19:00:02,2025-09-03 02:00:02,706,2457,0.301483,2,2337,0.0563036,0.055,0.655058,0.4,0.500364,0.75,5.0294e-05,0.0001,3.10695e-27,999999,-1.778691e-02,3,Thailand Exclusive Economic Zone,,,SVDNB_npp_d20250902_t1858434_e1900076_b71766_c20250902202635057000_oeac_ops.h5,GDNBO_npp_d20250902_t1858434_e1900076_b71766_c20250902202419882000_oeac_ops.h5,SVI04_npp_d20250902_t1858434_e1900076_b71766_c20250902202643623000_oeac_ops.dspace_rad,,eez_v11.shp,WPP_BFAR_merge.shp,vbd_mpa_r20170830.shp,VNF-VBD_npp_20120301-20151231_global_asia-enhanced_c201607211230.bitmask,vbd_landsea_r20220824.mask,timezone.shp,VBD_platforms-recurring_2015_r20170330.shp,999999,VBD_bridges_c20160811.shp,14.122167;12.311656;9.816022;4.968679;7.298583;9.219633,85.094513;99.171051;112.915886;111.630913;98.030373;84.189926,npp_d20250902_t1858434_e1900076_b71766;npp_d20250902_t1900088_e1901330_b71766;npp_d20250902_t1901342_e1902584_b71766;npp_d20250902_t1902596_e1904238_b71766,150.031,60.8236,23.6892,-81.5226,92.6407,-118.081
476,VBD_npp_d20250902_t1858526_x1019387E_y112439N_l0092_s2458_v23,2025-09-02 21:06:36,11.243913,101.938713,1.53743,2025-09-02 18:58:52,2025-09-03 01:58:52,92,2458,0.14471,2,2337,0.110928,0.055,0.813443,0.4,0.688342,0.75,3.06127e-06,0.0001,1.03579e-29,999999,1.129079e-02,3,Thailand Exclusive Economic Zone,,,SVDNB_npp_d20250902_t1858434_e1900076_b71766_c20250902202635057000_oeac_ops.h5,GDNBO_npp_d20250902_t1858434_e1900076_b71766_c20250902202419882000_oeac_ops.h5,SVI04_npp_d20250902_t1858434_e1900076_b71766_c20250902202643623000_oeac_ops.dspace_rad,,eez_v11.shp,WPP_BFAR_merge.shp,vbd_mpa_r20170830.shp,VNF-VBD_npp_20120301-20151231_global_asia-enhanced_c201607211230.bitmask,vbd_landsea_r20220824.mask,timezone.shp,VBD_platforms-recurring_2015_r20170330.shp,999999,VBD_bridges_c20160811.shp,14.122167;12.311656;9.816022;4.968679;7.298583;9.219633,85.094513;99.171051;112.915886;111.630913;98.030373;84.189926,npp_d20250902_t1858434_e1900076_b71766;npp_d20250902_t1900088_e1901330_b71766;npp_d20250902_t1901342_e1902584_b71766;npp_d20250902_t1902596_e1904238_b71766,147.366,55.8978,23.7381,-79.8761,95.1074,-117.807
477,VBD_npp_d20250902_t1859032_x1017922E_y106451N_l0184_s2458_v23,2025-09-02 21:06:36,10.645100,101.792244,2.32536,2025-09-02 18:59:03,2025-09-03 01:59:03,184,2458,0.0506036,1,2401,0.168137,0.055,0.584832,0.4,0.789133,0.75,4.82038e-06,0.0001,2.284e-29,999999,-9.278819e-03,3,Cambodian Exclusive Economic Zone,,,SVDNB_npp_d20250902_t1858434_e1900076_b71766_c20250902202635057000_oeac_ops.h5,GDNBO_npp_d20250902_t1858434_e1900076_b71766_c20250902202419882000_oeac_ops.h5,SVI04_npp_d20250902_t1858434_e1900076_b71766_c20250902202643623000_oeac_ops.dspace_rad,,eez_v11.shp,WPP_BFAR_merge.shp,vbd_mpa_r20170830.shp,VNF-VBD_npp_20120301-20151231_global_asia-enhanced_c201607211230.bitmask,vbd_landsea_r20220824.mask,timezone.shp,VBD_platforms-recurring_2015_r20170330.shp,999999,VBD_bridges_c20160811.shp,14.122167;12.311656;9.816022;4.968679;7.298583;9.219633,85.094513;99.171051;112.915886;111.630913;98.030373;84.189926,npp_d20250902_t1858434_e1900076_b71766;npp_d20250902_t1900088_e1901330_b71766;npp_d20250902_t1901342_e1902584_b71766;npp_d20250902_t1902596_e1904238_b71766,147.782,56.5746,23.7326,-80.4617,94.7383,-117.86
478,VBD_npp_d20250902_t1900002_x1009955E_y072610N_l0703_s2458_v23,2025-09-02 21:06:36,7.261011,100.995461,1.75334,2025-09-02 19:00:00,2025-09-03 02:00:00,703,2458,0.357249,8,18721,0.126283,0.055,0.655058,0.4,0.703114,0.75,4.99035e-05,0.0001,4.38223e-27,999999,-9.782716e-02,3,Thailand Exclusive Economic Zone,,,SVDNB_npp_d20250902_t1858434_e1900076_b71766_c20250902202635057000_oeac_ops.h5,GDNBO_npp_d20250902_t1858434_e1900076_b71766_c20250902202419882000_oeac_ops.h5,SVI04_npp_d20250902_t1858434_e1900076_b71766_c20250902202643623000_oeac_ops.dspace_rad,,eez_v11.shp,WPP_BFAR_merge.shp,vbd_mpa_r20170830.shp,VNF-VBD_npp_20120301-20151231_global_asia-enhanced_c201607211230.bitmask,vbd_landsea_r20220824.mask,timezone.shp,VBD_platforms-recurring_2015_r20170330.shp,0.450007,VBD_bridges_c20160811.shp,14.122167;12.311656;9.816022;4.968679;7.298583;9.219633,85.094513;99.171051;112.915886;111.630913;98.030373;84.189926,npp_d20250902_t1858434_e1900076_b71766;npp_d20250902_t1900088_e1901330_b71766;npp_d20250902_t1901342_e1902584_b71766;npp_d20250902_t1902596_e1904238_b71766,150.015,60.8064,23.738,-79.7838,92.6571,-118.08
479,VBD_npp_d20250902_t1900055_x1009417E_y069856N_l0745_s2460_v23,2025-09-02 21:06:36,6.985561,100.941666,2.41231,2025-09-02 19:00:05,2025-09-03 02:00:05,745,2460,0.107295,2,2337,0.133014,0.055,0.463886,0.4,0.650112,0.75,4.91225e-05,0.0001,4.06726e-27,999999,8.182405e-02,3,Thailand Exclusive Economic Zone,,,SVDNB_npp_d20250902_t1858434_e1900076_b71766_c20250902202635057000_oeac_ops.h5,GDNBO_npp_d20250902_t1858434_e1900076_b71766_c20250902202419882000_oeac_ops.h5,SVI04_npp_d20250902_t1858434_e1900076_b71766_c20250902202643623000_oeac_ops.dspace_rad,,eez_v11.shp,WPP_BFAR_merge.shp,vbd_mpa_r20170830.shp,VNF-VBD_npp_20120301-20151231_global_asia-enhanced_c201607211230.bitmask,vbd_landsea_r20220824.mask,timezone.shp,VBD_platforms-recurring_2015_r20170330.shp,999999,VBD_bridges_c20160811.shp,14.122167;12.311656;9.816022;4.968679;7.298583;9.219633,85.094513;99.171051;112.915886;111.630913;98.030373;84.189926,npp_d20250902_t1858434_e1900076_b71766;npp_d20250902_t1900088_e1901330_b71766;npp_d20250902_t1901342_e1902584_b71766;npp_d20250902_t1902596_e1904238_b71766,150.176,61.195,23.8313,-80.6019,92.4992,-118.09
480,VBD_npp_d20250902_t1859424_x1012890E_y083165N_l0540_s2465_v23,2025-09-02 21:06:36,8.316539,101.289047,2.2872,2025-09-02 18:59:42,2025-09-03 01:59:42,540,2465,0.289888,8,18785,0.16108,0.055,0.539228,0.4,0.787478,0.75,2.33886e-05,0.0001,3.60004e-28,999999,3.725660e-01,3,Thailand Exclusive Economic Zone,,,SVDNB_npp_d20250902_t1858434_e1900076_b71766_c20250902202635057000_oeac_ops.h5,GDNBO_npp_d20250902_t1858434_e1900076_b71766_c20250902202419882000_oeac_ops.h5,SVI04_npp_d20250902_t1858434_e1900076_b71766_c20250902202643623000_oeac_ops.dspace_rad,,eez_v11.shp,WPP_BFAR_merge.shp,vbd_mpa_r20170830.shp,VNF-VBD_npp_20120301-20151231_global_asia-enhanced_c201607211230.bitmask,vbd_landsea_r20220824.mask,timezone.shp,VBD_platforms-recurring_2015_r20170330.shp,0.170815,VBD_bridges_c20160811.shp,14.122167;12.311656;9.816022;4.968679;7.298583;9.219633,85.094513;99.171051;112.915886;111.630913;98.030373;84.189926,npp_d20250902_t1858434_e1900076_b71766;npp_d20250902_t1900088_e1901330_b71766;npp_d20250902_t1901342_e1902584_b71766;npp_d20250902_t1902596_e1904238_b71766,149.3,59.4572,24.081,-80.1082,93.3471,-118.02
481,VBD_npp_d20250902_t1900002_x1010488E_y072590N_l0702_s2466_v23,2025-09-02 21:06:36,7.258958,101.048820,5.32202,2025-09-02 19:00:00,2025-09-03 02:00:00,702,2466,0.372614,1,2401,0.377455,0.055,0.846654,0.4,0.930225,0.75,4.67793e-05,0.0001,1.58042e-27,999999,9.028909e-02,3,Thailand Exclusive Economic Zone,,,SVDNB_npp_d20250902_t1858434_e1900076_b71766_c20250902202635057000_oeac_ops.h5,GDNBO_npp_d20250902_t1858434_e1900076_b71766_c20250902202419882000_oeac_ops.h5,SVI04_npp_d20250902_t1858434_e1900076_b71766_c20250902202643623000_oeac_ops.dspace_rad,,eez_v11.shp,WPP_BFAR_merge.shp,vbd_mpa_r20170830.shp,VNF-VBD_npp_20120301-20151231_global_asia-enhanced_c201607211230.bitmask,vbd_landsea_r20220824.mask,timezone.shp,VBD_platforms-recurring_2015_r20170330.shp,999999,VBD_bridges_c20160811.shp,14.122167;12.311656;9.816022;4.968679;7.298583;9.219633,85.094513;99.171051;112.915886;111.630913;98.030373;84.189926,npp_d20250902_t1858434_e1900076_b71766;npp_d20250902_t1900088_e1901330_b71766;npp_d20250902_t1901342_e1902584_b71766;npp_d20250902_t1902596_e1904238_b71766,149.969,60.8609,24.1314,-79.9237,92.7028,-118.074
482,VBD_npp_d20250902_t1900002_x1010784E_y072746N_l0699_s2470_v23,2025-09-02 21:06:36,7.274582,101.078354,7.93255,2025-09-02 19:00:00,2025-09-03 02:00:00,699,2470,0.359383,8,18785,0.497308,0.055,0.870547,0.4,0.916085,0.75,4.52172e-05,0.0001,8.35949e-28,999999,-2.712748e-02,3,Thailand Exclusive Economic Zone,,,SVDNB_npp_d20250902_t1858434_e1900076_b71766_c20250902202635057000_oeac_ops.h5,GDNBO_npp_d20250902_t1858434_e1900076_b71766_c20250902202419882000_oeac_ops.h5,SVI04_npp_d20250902_t1858434_e1900076_b71766_c20250902202643623000_oeac_ops.dspace_rad,,eez_v11.shp,WPP_BFAR_merge.shp,vbd_mpa_r20170830.shp,VNF-VBD_npp_20120301-20151231_global_asia-enhanced_c201607211230.bitmask,vbd_landsea_r20220824.mask,timezone.shp,VBD_platforms-recurring_2015_r20170330.shp,0.372828,VBD_bridges_c20160811.shp,14.122167;12.311656;9.816022;4.968679;7.298583;9.219633,85.094513;99.171051;112.915886;111.630913;98.030373;84.189926,npp_d20250902_t1858434_e1900076_b71766;npp_d20250902_t1900088_e1901330_b71766;npp_d20250902_t1901342_e1902584_b71766;npp_d20250902_t1902596_e1904238_b71766,149.936,60.8657,24.3271,-80.3176,92.7359,-118.07
483,VBD_npp_d20250902_t1900002_x1011278E_y072458N_l0702_s2478_v23,2025-09-02 21:06:36,7.245814,101.127769,5.35255,2025-09-02 19:00:00,2025-09-03 02:00:00,702,2478,0.332425,1,2401,0.376588,0.055,0.828227,0.4,0.914493,0.75,4.2093e-05,0.0001,3.51531e-28,999999,5.263597e-03,3,Thailand Exclusive Economic Zone,,,SVDNB_npp_d20250902_t1858434_e1900076_b71766_c20250902202635057000_oeac_ops.h5,GDNBO_npp_d20250902_t1858434_e1900076_b71766_c20250902202419882000_oeac_ops.h5,SVI04_npp_d20250902_t1858434_e1900076_b71766_c20250902202643623000_oeac_ops.dspace_rad,,eez_v11.shp,WPP_BFAR_merge.shp,vbd_mpa_r20170830.shp,VNF-VBD_npp_20120301-20151231_global_asia-enhanced_c201607211230.bitmask,vbd_landsea_r20220824.mask,timezone.shp,VBD_platforms-recurring_2015_r20170330.shp,999999,VBD_bridges_c20160811.shp,14.122167;12.311656;9.816022;4.968679;7.298583;9.219633,85.094513;99.171051;112.915886;111.630913;98.030373;84.189926,npp_d20250902_t1858434_e1900076_b71766;npp_d20250902_t1900088_e1901330_b71766;npp_d20250902_t1901342_e1902584_b71766;npp_d20250902_t1902596_e1904238_b71766,149.907,60.9565,24.7231,-79.9328,92.7656,-118.065
484,VBD_npp_d20250902_t1859299_x1015872E_y090253N_l0428_s2484_v23,2025-09-02 21:06:36,9.025337,101.587212,2.20072,2025-09-02 18:59:29,2025-09-03 01:59:29,428,2484,0.197987,1,2401,0.167898,0.055,0.814612,0.4,0.809187,0.75,1.10497e-05,0.0001,9.64856e-30,999999,1.628731e-01,3,Thailand Exclusive Economic Zone,,,SVDNB_npp_d20250902_t1858434_e1900076_b71766_c20250902202635057000_oeac_ops.h5,GDNBO_npp_d20250902_t1858434_e1900076_b71766_c20250902202419882000_oeac_ops.h5,SVI04_npp_d20250902_t1858434_e1900076_b71766_c20250902202643623000_oeac_ops.dspace_rad,,eez_v11.shp,WPP_BFAR_merge.shp,vbd_mpa_r20170830.shp,VNF-VBD_npp_20120301-20151231_global_asia-enhanced_c201607211230.bitmask,vbd_landsea_r20220824.mask,timezone.shp,VBD_platforms-recurring_2015_r20170330.shp,999999,VBD_bridges_c20160811.shp,14.122167;12.311656;9.816022;4.968679;7.298583;9.219633,85.094513;99.171051;112.915886;111.630913;98.030373;84.189926,npp_d20250902_t1858434_e1900076_b71766;npp_d20250902_t1900088_e1901330_b71766;npp_d20250902_t1901342_e1902584_b71766;npp_d20250902_t1902596_e1904238_b71766,148.727,58.6902,25.0188,-80.0489,93.8959,-117.959
485,VBD_npp_d20250902_t1859299_x1016038E_y090019N_l0431_s2487_v23,2025-09-02 21:06:36,9.001886,101.603844,7.18743,2025-09-02 18:59:29,2025-09-03 01:59:29,431,2487,0.271536,8,18785,0.460798,0.055,0.742772,0.4,0.924321,0.75,1.10641e-05,0.0001,7.4298e-30,999999,4.754852e-02,3,Thailand Exclusive Economic Zone,,,SVDNB_npp_d20250902_t1858434_e1900076_b71766_c20250902202635057000_oeac_ops.h5,GDNBO_npp_d20250902_t1858434_e1900076_b71766_c20250902202419882000_oeac_ops.h5,SVI04_npp_d20250902_t1858434_e1900076_b71766_c20250902202643623000_oeac_ops.dspace_rad,,eez_v11.shp,WPP_BFAR_merge.shp,vbd_mpa_r20170830.shp,VNF-VBD_npp_20120301-20151231_global_asia-enhanced_c201607211230.bitmask,vbd_landsea_r20220824.mask,timezone.shp,VBD_platforms-recurring_2015_r20170330.shp,0.492403,VBD_bridges_c20160811.shp,14.122167;12.311656;9.816022;4.968679;7.298583;9.219633,85.094513;99.171051;112.915886;111.630913;98.030373;84.189926,npp_d20250902_t1858434_e1900076_b71766;npp_d20250902_t1900088_e1901330_b71766;npp_d20250902_t1901342_e1902584_b71766;npp_d20250902_t1902596_e1904238_b71766,148.725,58.7398,25.1687,-79.6705,93.8994,-117.957
486,VBD_npp_d20250902_t1859317_x1015929E_y089369N_l0441_s2488_v23,2025-09-02 21:06:36,8.936865,101.592934,24.8443,2025-09-02 18:59:31,2025-09-03 01:59:31,441,2488,0.27808,4,35173,0.575163,0.055,0.675096,0.4,0.765286,0.75,1.15821e-05,0.0001,5.58852e-30,999999,-1.279106e-02,3,Thailand Exclusive Economic Zone,,,SVDNB_npp_d20250902_t1858434_e1900076_b71766_c20250902202635057000_oeac_ops.h5,GDNBO_npp_d20250902_t1858434_e1900076_b71766_c20250902202419882000_oeac_ops.h5,SVI04_npp_d20250902_t1858434_e1900076_b71766_c20250902202643623000_oeac_ops.dspace_rad,,eez_v11.shp,WPP_BFAR_merge.shp,vbd_mpa_r20170830.shp,VNF-VBD_npp_20120301-20151231_global_asia-enhanced_c201607211230.bitmask,vbd_landsea_r20220824.mask,timezone.shp,VBD_platforms-recurring_2015_r20170330.shp,999999,VBD_bridges_c20160811.shp,14.122167;12.311656;9.816022;4.968679;7.298583;9.219633,85.094513;99.171051;112.915886;111.630913;98.030373;84.189926,npp_d20250902_t1858434_e1900076_b71766;npp_d20250902_t1900088_e1901330_b71766;npp_d20250902_t1901342_e1902584_b71766;npp_d20250902_t1902596_e1904238_b71766,148.762,58.8279,25.218,-80.4391,93.8656,-117.961
487,VBD_npp_d20250902_t1859317_x1016120E_y089682N_l0436_s2490_v23,2025-09-02 21:06:36,8.968163,101.611977,1.33317,2025-09-02 18:59:31,2025-09-03 01:59:31,436,2490,0.287541,7,35105,0.0614122,0.055,0.693834,0.4,0.593761,0.75,1.11863e-05,0.0001,3.26482e-30,999999,-2.844455e-01,3,,,,SVDNB_npp_d20250902_t1858434_e1900076_b71766_c20250902202635057000_oeac_ops.h5,GDNBO_npp_d20250902_t1858434_e1900076_b71766_c20250902202419882000_oeac_ops.h5,SVI04_npp_d20250902_t1858434_e1900076_b71766_c20250902202643623000_oeac_ops.dspace_rad,,eez_v11.shp,WPP_BFAR_merge.shp,vbd_mpa_r20170830.shp,VNF-VBD_npp_20120301-20151231_global_asia-enhanced_c201607211230.bitmask,vbd_landsea_r20220824.mask,timezone.shp,VBD_platforms-recurring_2015_r20170330.shp,999999,VBD_bridges_c20160811.shp,14.122167;12.311656;9.816022;4.968679;7.298583;9.219633,85.094513;99.171051;112.915886;111.630913;98.030373;84.189926,npp_d20250902_t1858434_e1900076_b71766;npp_d20250902_t1900088_e1901330_b71766;npp_d20250902_t1901342_e1902584_b71766;npp_d20250902_t1902596_e1904238_b71766,148.73,58.8028,25.318,-81.0648,93.8969,-117.957
488,VBD_npp_d20250902_t1859388_x1015220E_y085634N_l0498_s2491_v23,2025-09-02 21:06:36,8.563443,101.522034,4.22279,2025-09-02 18:59:38,2025-09-03 01:59:38,498,2491,0.285051,1,2401,0.301296,0.055,0.740125,0.4,0.871409,0.75,1.53156e-05,0.0001,5.01921e-30,999999,-1.667305e-02,3,Thailand Exclusive Economic Zone,,,SVDNB_npp_d20250902_t1858434_e1900076_b71766_c20250902202635057000_oeac_ops.h5,GDNBO_npp_d20250902_t1858434_e1900076_b71766_c20250902202419882000_oeac_ops.h5,SVI04_npp_d20250902_t1858434_e1900076_b71766_c20250902202643623000_oeac_ops.dspace_rad,,eez_v11.shp,WPP_BFAR_merge.shp,vbd_mpa_r20170830.shp,VNF-VBD_npp_20120301-20151231_global_asia-enhanced_c201607211230.bitmask,vbd_landsea_r20220824.mask,timezone.shp,VBD_platforms-recurring_2015_r20170330.shp,999999,VBD_bridges_c20160811.shp,14.122167;12.311656;9.816022;4.968679;7.298583;9.219633,85.094513;99.171051;112.915886;111.630913;98.030373;84.189926,npp_d20250902_t1858434_e1900076_b71766;npp_d20250902_t1900088_e1901330_b71766;npp_d20250902_t1901342_e1902584_b71766;npp_d20250902_t1902596_e1904238_b71766,148.989,59.3175,25.3675,-81.3474,93.6537,-117.983
489,VBD_npp_d20250902_t1859406_x1015186E_y084210N_l0519_s2495_v23,2025-09-02 21:06:36,8.420959,101.518616,1.88601,2025-09-02 18:59:40,2025-09-03 01:59:40,519,2495,0.304043,1,2401,0.14056,0.055,0.541114,0.4,0.763374,0.75,1.70056e-05,0.0001,4.41172e-30,999999,-1.504352e-01,3,Thailand Exclusive Economic Zone,,,SVDNB_npp_d20250902_t1858434_e1900076_b71766_c20250902202635057000_oeac_ops.h5,GDNBO_npp_d20250902_t1858434_e1900076_b71766_c20250902202419882000_oeac_ops.h5,SVI04_npp_d20250902_t1858434_e1900076_b71766_c20250902202643623000_oeac_ops.dspace_rad,,eez_v11.shp,WPP_BFAR_merge.shp,vbd_mpa_r20170830.shp,VNF-VBD_npp_20120301-20151231_global_asia-enhanced_c201607211230.bitmask,vbd_landsea_r20220824.mask,timezone.shp,VBD_platforms-recurring_2015_r20170330.shp,999999,VBD_bridges_c20160811.shp,14.122167;12.311656;9.816022;4.968679;7.298583;9.219633,85.094513;99.171051;112.915886;111.630913;98.030373;84.189926,npp_d20250902_t1858434_e1900076_b71766;npp_d20250902_t1900088_e1901330_b71766;npp_d20250902_t1901342_e1902584_b71766;npp_d20250902_t1902596_e1904238_b71766,149.058,59.5258,25.5635,-80.7212,93.5902,-117.988
490,VBD_npp_d20250902_t1859335_x1016898E_y088607N_l0450_s2505_v23,2025-09-02 21:06:36,8.860687,101.689774,2.27211,2025-09-02 18:59:33,2025-09-03 01:59:33,450,2505,0.322893,1,2401,0.171667,0.055,0.593098,0.4,0.794568,0.75,1.1089e-05,0.0001,4.16949e-31,999999,1.286683e-01,3,Thailand Exclusive Economic Zone,,,SVDNB_npp_d20250902_t1858434_e1900076_b71766_c20250902202635057000_oeac_ops.h5,GDNBO_npp_d20250902_t1858434_e1900076_b71766_c20250902202419882000_oeac_ops.h5,SVI04_npp_d20250902_t1858434_e1900076_b71766_c20250902202643623000_oeac_ops.dspace_rad,,eez_v11.shp,WPP_BFAR_merge.shp,vbd_mpa_r20170830.shp,VNF-VBD_npp_20120301-20151231_global_asia-enhanced_c201607211230.bitmask,vbd_landsea_r20220824.mask,timezone.shp,VBD_platforms-recurring_2015_r20170330.shp,999999,VBD_bridges_c20160811.shp,14.122167;12.311656;9.816022;4.968679;7.298583;9.219633,85.094513;99.171051;112.915886;111.630913;98.030373;84.189926,npp_d20250902_t1858434_e1900076_b71766;npp_d20250902_t1900088_e1901330_b71766;npp_d20250902_t1901342_e1902584_b71766;npp_d20250902_t1902596_e1904238_b71766,148.713,59.0391,26.0553,-81.2872,93.9206,-117.951
491,VBD_npp_d20250902_t1859584_x1013391E_y073187N_l0686_s2506_v23,2025-09-02 21:06:36,7.318653,101.339096,9.3558,2025-09-02 18:59:58,2025-09-03 01:59:58,686,2506,0.17928,8,18785,0.504993,0.055,0.802949,0.4,0.87448,0.75,3.61593e-05,0.0001,7.25924e-30,999999,-2.919180e-02,3,Thailand Exclusive Economic Zone,,,SVDNB_npp_d20250902_t1858434_e1900076_b71766_c20250902202635057000_oeac_ops.h5,GDNBO_npp_d20250902_t1858434_e1900076_b71766_c20250902202419882000_oeac_ops.h5,SVI04_npp_d20250902_t1858434_e1900076_b71766_c20250902202643623000_oeac_ops.dspace_rad,,eez_v11.shp,WPP_BFAR_merge.shp,vbd_mpa_r20170830.shp,VNF-VBD_npp_20120301-20151231_global_asia-enhanced_c201607211230.bitmask,vbd_landsea_r20220824.mask,timezone.shp,VBD_platforms-recurring_2015_r20170330.shp,0.740598,VBD_bridges_c20160811.shp,14.122167;12.311656;9.816022;4.968679;7.298583;9.219633,85.094513;99.171051;112.915886;111.630913;98.030373;84.189926,npp_d20250902_t1858434_e1900076_b71766;npp_d20250902_t1900088_e1901330_b71766;npp_d20250902_t1901342_e1902584_b71766;npp_d20250902_t1902596_e1904238_b71766,149.695,61.0414,26.1062,-79.9373,92.9785,-118.041
492,VBD_npp_d20250902_t1859548_x1014277E_y075553N_l0649_s2511_v23,2025-09-02 21:06:36,7.555253,101.427750,43.3582,2025-09-02 18:59:54,2025-09-03 01:59:54,649,2511,0.385417,1,2401,1.10713,0.055,0.928484,0.4,0.986342,0.75,3.15116e-05,0.0001,1.98726e-30,999999,3.111879e-02,3,Thailand Exclusive Economic Zone,,,SVDNB_npp_d20250902_t1858434_e1900076_b71766_c20250902202635057000_oeac_ops.h5,GDNBO_npp_d20250902_t1858434_e1900076_b71766_c20250902202419882000_oeac_ops.h5,SVI04_npp_d20250902_t1858434_e1900076_b71766_c20250902202643623000_oeac_ops.dspace_rad,,eez_v11.shp,WPP_BFAR_merge.shp,vbd_mpa_r20170830.shp,VNF-VBD_npp_20120301-20151231_global_asia-enhanced_c201607211230.bitmask,vbd_landsea_r20220824.mask,timezone.shp,VBD_platforms-recurring_2015_r20170330.shp,999999,VBD_bridges_c20160811.shp,14.122167;12.311656;9.816022;4.968679;7.298583;9.219633,85.094513;99.171051;112.915886;111.630913;98.030373;84.189926,npp_d20250902_t1858434_e1900076_b71766;npp_d20250902_t1900088_e1901330_b71766;npp_d20250902_t1901342_e1902584_b71766;npp_d20250902_t1902596_e1904238_b71766,149.516,60.7592,26.3542,-80.5265,93.1546,-118.025
493,VBD_npp_d20250902_t1859584_x1013820E_y073254N_l0684_s2512_v23,2025-09-02 21:06:36,7.325385,101.381950,5.28275,2025-09-02 18:59:58,2025-09-03 01:59:58,684,2512,0.15289,1,2401,0.33055,0.055,0.790219,0.4,0.861125,0.75,3.49294e-05,0.0001,2.83285e-30,999999,-9.979799e-02,3,Thailand Exclusive Economic Zone,,,SVDNB_npp_d20250902_t1858434_e1900076_b71766_c20250902202635057000_oeac_ops.h5,GDNBO_npp_d20250902_t1858434_e1900076_b71766_c20250902202419882000_oeac_ops.h5,SVI04_npp_d20250902_t1858434_e1900076_b71766_c20250902202643623000_oeac_ops.dspace_rad,,eez_v11.shp,WPP_BFAR_merge.shp,vbd_mpa_r20170830.shp,VNF-VBD_npp_20120301-20151231_global_asia-enhanced_c201607211230.bitmask,vbd_landsea_r20220824.mask,timezone.shp,VBD_platforms-recurring_2015_r20170330.shp,999999,VBD_bridges_c20160811.shp,14.122167;12.311656;9.816022;4.968679;7.298583;9.219633,85.094513;99.171051;112.915886;111.630913;98.030373;84.189926,npp_d20250902_t1858434_e1900076_b71766;npp_d20250902_t1900088_e1901330_b71766;npp_d20250902_t1901342_e1902584_b71766;npp_d20250902_t1902596_e1904238_b71766,149.655,61.072,26.4023,-80.1816,93.0191,-118.036
494,VBD_npp_d20250902_t1900002_x1013700E_y072541N_l0695_s2513_v23,2025-09-02 21:06:36,7.254055,101.370010,1.68232,2025-09-02 19:00:00,2025-09-03 02:00:00,695,2513,0.0612021,2,2337,0.0582908,0.055,0.444055,0.4,0.518789,0.75,3.47245e-05,0.0001,2.24924e-30,999999,-1.747211e-01,3,Thailand Exclusive Economic Zone,,,SVDNB_npp_d20250902_t1858434_e1900076_b71766_c20250902202635057000_oeac_ops.h5,GDNBO_npp_d20250902_t1858434_e1900076_b71766_c20250902202419882000_oeac_ops.h5,SVI04_npp_d20250902_t1858434_e1900076_b71766_c20250902202643623000_oeac_ops.dspace_rad,,eez_v11.shp,WPP_BFAR_merge.shp,vbd_mpa_r20170830.shp,VNF-VBD_npp_20120301-20151231_global_asia-enhanced_c201607211230.bitmask,vbd_landsea_r20220824.mask,timezone.shp,VBD_platforms-recurring_2015_r20170330.shp,999999,VBD_bridges_c20160811.shp,14.122167;12.311656;9.816022;4.968679;7.298583;9.219633,85.094513;99.171051;112.915886;111.630913;98.030373;84.189926,npp_d20250902_t1858434_e1900076_b71766;npp_d20250902_t1900088_e1901330_b71766;npp_d20250902_t1901342_e1902584_b71766;npp_d20250902_t1902596_e1904238_b71766,149.693,61.1745,26.4518,-80.7969,92.9814,-118.038
495,VBD_npp_d20250902_t1859548_x1014617E_y075496N_l0649_s2516_v23,2025-09-02 21:06:36,7.549624,101.461739,12.4429,2025-09-02 18:59:54,2025-09-03 01:59:54,649,2516,0.396016,1,2401,0.640771,0.055,0.913507,0.4,0.94894,0.75,3.05958e-05,0.0001,9.70794e-31,999999,2.605038e-02,3,Thailand Exclusive Economic Zone,,,SVDNB_npp_d20250902_t1858434_e1900076_b71766_c20250902202635057000_oeac_ops.h5,GDNBO_npp_d20250902_t1858434_e1900076_b71766_c20250902202419882000_oeac_ops.h5,SVI04_npp_d20250902_t1858434_e1900076_b71766_c20250902202643623000_oeac_ops.dspace_rad,,eez_v11.shp,WPP_BFAR_merge.shp,vbd_mpa_r20170830.shp,VNF-VBD_npp_20120301-20151231_global_asia-enhanced_c201607211230.bitmask,vbd_landsea_r20220824.mask,timezone.shp,VBD_platforms-recurring_2015_r20170330.shp,999999,VBD_bridges_c20160811.shp,14.122167;12.311656;9.816022;4.968679;7.298583;9.219633,85.094513;99.171051;112.915886;111.630913;98.030373;84.189926,npp_d20250902_t1858434_e1900076_b71766;npp_d20250902_t1900088_e1901330_b71766;npp_d20250902_t1901342_e1902584_b71766;npp_d20250902_t1902596_e1904238_b71766,149.49,60.7999,26.6019,-80.5236,93.1817,-118.021
496,VBD_npp_d20250902_t1859584_x1014306E_y073660N_l0677_s2518_v23,2025-09-02 21:06:36,7.366026,101.430641,2.161,2025-09-02 18:59:58,2025-09-03 01:59:58,677,2518,0.151183,2,2337,0.128366,0.055,0.799797,0.4,0.691653,0.75,3.36996e-05,0.0001,8.38305e-31,999999,-1.935140e-01,3,Thailand Exclusive Economic Zone,,,SVDNB_npp_d20250902_t1858434_e1900076_b71766_c20250902202635057000_oeac_ops.h5,GDNBO_npp_d20250902_t1858434_e1900076_b71766_c20250902202419882000_oeac_ops.h5,SVI04_npp_d20250902_t1858434_e1900076_b71766_c20250902202643623000_oeac_ops.dspace_rad,,eez_v11.shp,WPP_BFAR_merge.shp,vbd_mpa_r20170830.shp,VNF-VBD_npp_20120301-20151231_global_asia-enhanced_c201607211230.bitmask,vbd_landsea_r20220824.mask,timezone.shp,VBD_platforms-recurring_2015_r20170330.shp,999999,VBD_bridges_c20160811.shp,14.122167;12.311656;9.816022;4.968679;7.298583;9.219633,85.094513;99.171051;112.915886;111.630913;98.030373;84.189926,npp_d20250902_t1858434_e1900076_b71766;npp_d20250902_t1900088_e1901330_b71766;npp_d20250902_t1901342_e1902584_b71766;npp_d20250902_t1902596_e1904238_b71766,149.593,61.0574,26.6995,-81.0177,93.0808,-118.029
497,VBD_npp_d20250902_t1858455_x1024634E_y116237N_l0023_s2520_v23,2025-09-02 21:06:36,11.623672,102.463364,6.71702,2025-09-02 18:58:45,2025-09-03 01:58:45,23,2520,0.140655,8,18785,0.433391,0.055,0.814441,0.4,0.907814,0.75,1.55411e-06,0.0001,3.35508e-34,999999,9.995951e-02,3,Thailand Exclusive Economic Zone,,,SVDNB_npp_d20250902_t1858434_e1900076_b71766_c20250902202635057000_oeac_ops.h5,GDNBO_npp_d20250902_t1858434_e1900076_b71766_c20250902202419882000_oeac_ops.h5,SVI04_npp_d20250902_t1858434_e1900076_b71766_c20250902202643623000_oeac_ops.dspace_rad,,eez_v11.shp,WPP_BFAR_merge.shp,vbd_mpa_r20170830.shp,VNF-VBD_npp_20120301-20151231_global_asia-enhanced_c201607211230.bitmask,vbd_landsea_r20220824.mask,timezone.shp,VBD_platforms-recurring_2015_r20170330.shp,0.784598,VBD_bridges_c20160811.shp,14.122167;12.311656;9.816022;4.968679;7.298583;9.219633,85.094513;99.171051;112.915886;111.630913;98.030373;84.189926,npp_d20250902_t1858434_e1900076_b71766;npp_d20250902_t1900088_e1901330_b71766;npp_d20250902_t1901342_e1902584_b71766;npp_d20250902_t1902596_e1904238_b71766,146.751,55.9302,26.8001,-80.4172,95.7136,-117.7
498,VBD_npp_d20250902_t1859566_x1014569E_y073936N_l0672_s2520_v23,2025-09-02 21:06:36,7.393593,101.456940,11.7841,2025-09-02 18:59:56,2025-09-03 01:59:56,672,2520,0.238887,1,2401,0.60132,0.055,0.867162,0.4,0.944393,0.75,3.31469e-05,0.0001,9.17469e-31,999999,-9.079621e-02,3,Thailand Exclusive Economic Zone,,,SVDNB_npp_d20250902_t1858434_e1900076_b71766_c20250902202635057000_oeac_ops.h5,GDNBO_npp_d20250902_t1858434_e1900076_b71766_c20250902202419882000_oeac_ops.h5,SVI04_npp_d20250902_t1858434_e1900076_b71766_c20250902202643623000_oeac_ops.dspace_rad,,eez_v11.shp,WPP_BFAR_merge.shp,vbd_mpa_r20170830.shp,VNF-VBD_npp_20120301-20151231_global_asia-enhanced_c201607211230.bitmask,vbd_landsea_r20220824.mask,timezone.shp,VBD_platforms-recurring_2015_r20170330.shp,999999,VBD_bridges_c20160811.shp,14.122167;12.311656;9.816022;4.968679;7.298583;9.219633,85.094513;99.171051;112.915886;111.630913;98.030373;84.189926,npp_d20250902_t1858434_e1900076_b71766;npp_d20250902_t1900088_e1901330_b71766;npp_d20250902_t1901342_e1902584_b71766;npp_d20250902_t1902596_e1904238_b71766,149.563,61.0342,26.8048,-79.702,93.1105,-118.026
499,VBD_npp_d20250902_t1859584_x1014556E_y073898N_l0673_s2521_v23,2025-09-02 21:06:36,7.389803,101.455643,11.8052,2025-09-02 18:59:58,2025-09-03 01:59:58,673,2521,0.255674,1,2401,0.570779,0.055,0.867162,0.4,0.917642,0.75,3.30847e-05,0.0001,4.38785e-31,999999,5.211992e-02,3,Thailand Exclusive Economic Zone,,,SVDNB_npp_d20250902_t1858434_e1900076_b71766_c20250902202635057000_oeac_ops.h5,GDNBO_npp_d20250902_t1858434_e1900076_b71766_c20250902202419882000_oeac_ops.h5,SVI04_npp_d20250902_t1858434_e1900076_b71766_c20250902202643623000_oeac_ops.dspace_rad,,eez_v11.shp,WPP_BFAR_merge.shp,vbd_mpa_r20170830.shp,VNF-VBD_npp_20120301-20151231_global_asia-enhanced_c201607211230.bitmask,vbd_landsea_r20220824.mask,timezone.shp,VBD_platforms-recurring_2015_r20170330.shp,999999,VBD_bridges_c20160811.shp,14.122167;12.311656;9.816022;4.968679;7.298583;9.219633,85.094513;99.171051;112.915886;111.630913;98.030373;84.189926,npp_d20250902_t1858434_e1900076_b71766;npp_d20250902_t1900088_e1901330_b71766;npp_d20250902_t1901342_e1902584_b71766;npp_d20250902_t1902596_e1904238_b71766,149.56,61.0456,26.8506,-81.4886,93.1139,-118.025
500,VBD_npp_d20250902_t1859584_x1014751E_y073378N_l0680_s2525_v23,2025-09-02 21:06:36,7.337788,101.475128,2.05091,2025-09-02 18:59:58,2025-09-03 01:59:58,680,2525,0.0520262,2,2337,0.0934069,0.055,0.722085,0.4,0.586946,0.75,3.22648e-05,0.0001,3.52815e-31,999999,-2.676593e-01,3,Thailand Exclusive Economic Zone,,,SVDNB_npp_d20250902_t1858434_e1900076_b71766_c20250902202635057000_oeac_ops.h5,GDNBO_npp_d20250902_t1858434_e1900076_b71766_c20250902202419882000_oeac_ops.h5,SVI04_npp_d20250902_t1858434_e1900076_b71766_c20250902202643623000_oeac_ops.dspace_rad,,eez_v11.shp,WPP_BFAR_merge.shp,vbd_mpa_r20170830.shp,VNF-VBD_npp_20120301-20151231_global_asia-enhanced_c201607211230.bitmask,vbd_landsea_r20220824.mask,timezone.shp,VBD_platforms-recurring_2015_r20170330.shp,999999,VBD_bridges_c20160811.shp,14.122167;12.311656;9.816022;4.968679;7.298583;9.219633,85.094513;99.171051;112.915886;111.630913;98.030373;84.189926,npp_d20250902_t1858434_e1900076_b71766;npp_d20250902_t1900088_e1901330_b71766;npp_d20250902_t1901342_e1902584_b71766;npp_d20250902_t1902596_e1904238_b71766,149.568,61.1415,27.0459,-80.6541,93.1065,-118.025
501,VBD_npp_d20250902_t1859566_x1015071E_y074411N_l0664_s2526_v23,2025-09-02 21:06:36,7.441058,101.507057,23.8442,2025-09-02 18:59:56,2025-09-03 01:59:56,664,2526,0.313717,1,2401,0.800672,0.055,0.881957,0.4,0.947668,0.75,3.0824e-05,0.0001,2.51829e-31,999999,-7.110394e-02,3,Thailand Exclusive Economic Zone,,,SVDNB_npp_d20250902_t1858434_e1900076_b71766_c20250902202635057000_oeac_ops.h5,GDNBO_npp_d20250902_t1858434_e1900076_b71766_c20250902202419882000_oeac_ops.h5,SVI04_npp_d20250902_t1858434_e1900076_b71766_c20250902202643623000_oeac_ops.dspace_rad,,eez_v11.shp,WPP_BFAR_merge.shp,vbd_mpa_r20170830.shp,VNF-VBD_npp_20120301-20151231_global_asia-enhanced_c201607211230.bitmask,vbd_landsea_r20220824.mask,timezone.shp,VBD_platforms-recurring_2015_r20170330.shp,999999,VBD_bridges_c20160811.shp,14.122167;12.311656;9.816022;4.968679;7.298583;9.219633,85.094513;99.171051;112.915886;111.630913;98.030373;84.189926,npp_d20250902_t1858434_e1900076_b71766;npp_d20250902_t1900088_e1901330_b71766;npp_d20250902_t1901342_e1902584_b71766;npp_d20250902_t1902596_e1904238_b71766,149.497,61.011,27.0994,-80.6488,93.1766,-118.019
502,VBD_npp_d20250902_t1859566_x1015003E_y074003N_l0670_s2526_v23,2025-09-02 21:06:36,7.400273,101.500267,13.3725,2025-09-02 18:59:56,2025-09-03 01:59:56,670,2526,0.163346,8,18785,0.61749,0.055,0.883779,0.4,0.923226,0.75,3.16479e-05,0.0001,3.4401e-31,999999,-1.689609e-01,3,Thailand Exclusive Economic Zone,,,SVDNB_npp_d20250902_t1858434_e1900076_b71766_c20250902202635057000_oeac_ops.h5,GDNBO_npp_d20250902_t1858434_e1900076_b71766_c20250902202419882000_oeac_ops.h5,SVI04_npp_d20250902_t1858434_e1900076_b71766_c20250902202643623000_oeac_ops.dspace_rad,,eez_v11.shp,WPP_BFAR_merge.shp,vbd_mpa_r20170830.shp,VNF-VBD_npp_20120301-20151231_global_asia-enhanced_c201607211230.bitmask,vbd_landsea_r20220824.mask,timezone.shp,VBD_platforms-recurring_2015_r20170330.shp,0.0423368,VBD_bridges_c20160811.shp,14.122167;12.311656;9.816022;4.968679;7.298583;9.219633,85.094513;99.171051;112.915886;111.630913;98.030373;84.189926,npp_d20250902_t1858434_e1900076_b71766;npp_d20250902_t1900088_e1901330_b71766;npp_d20250902_t1901342_e1902584_b71766;npp_d20250902_t1902596_e1904238_b71766,149.522,61.0652,27.1009,-79.9424,93.1516,-118.021
503,VBD_npp_d20250902_t1900002_x1014748E_y072508N_l0693_s2528_v23,2025-09-02 21:06:36,7.250784,101.474777,2.27455,2025-09-02 19:00:00,2025-09-03 02:00:00,693,2528,0.0706625,2,2337,0.112362,0.055,0.416619,0.4,0.606346,0.75,3.16499e-05,0.0001,2.29575e-31,999999,1.446950e-01,3,Thailand Exclusive Economic Zone,,,SVDNB_npp_d20250902_t1858434_e1900076_b71766_c20250902202635057000_oeac_ops.h5,GDNBO_npp_d20250902_t1858434_e1900076_b71766_c20250902202419882000_oeac_ops.h5,SVI04_npp_d20250902_t1858434_e1900076_b71766_c20250902202643623000_oeac_ops.dspace_rad,,eez_v11.shp,WPP_BFAR_merge.shp,vbd_mpa_r20170830.shp,VNF-VBD_npp_20120301-20151231_global_asia-enhanced_c201607211230.bitmask,vbd_landsea_r20220824.mask,timezone.shp,VBD_platforms-recurring_2015_r20170330.shp,999999,VBD_bridges_c20160811.shp,14.122167;12.311656;9.816022;4.968679;7.298583;9.219633,85.094513;99.171051;112.915886;111.630913;98.030373;84.189926,npp_d20250902_t1858434_e1900076_b71766;npp_d20250902_t1900088_e1901330_b71766;npp_d20250902_t1901342_e1902584_b71766;npp_d20250902_t1902596_e1904238_b71766,149.604,61.278,27.1959,-81.017,93.0716,-118.027
504,VBD_npp_d20250902_t1859566_x1015796E_y073880N_l0670_s2538_v23,2025-09-02 21:06:36,7.387955,101.579613,5.28116,2025-09-02 18:59:56,2025-09-03 01:59:56,670,2538,0.0982614,1,2401,0.332479,0.055,0.753158,0.4,0.842312,0.75,2.9221e-05,0.0001,6.06162e-32,999999,-9.613736e-02,3,Thailand Exclusive Economic Zone,,,SVDNB_npp_d20250902_t1858434_e1900076_b71766_c20250902202635057000_oeac_ops.h5,GDNBO_npp_d20250902_t1858434_e1900076_b71766_c20250902202419882000_oeac_ops.h5,SVI04_npp_d20250902_t1858434_e1900076_b71766_c20250902202643623000_oeac_ops.dspace_rad,,eez_v11.shp,WPP_BFAR_merge.shp,vbd_mpa_r20170830.shp,VNF-VBD_npp_20120301-20151231_global_asia-enhanced_c201607211230.bitmask,vbd_landsea_r20220824.mask,timezone.shp,VBD_platforms-recurring_2015_r20170330.shp,999999,VBD_bridges_c20160811.shp,14.122167;12.311656;9.816022;4.968679;7.298583;9.219633,85.094513;99.171051;112.915886;111.630913;98.030373;84.189926,npp_d20250902_t1858434_e1900076_b71766;npp_d20250902_t1900088_e1901330_b71766;npp_d20250902_t1901342_e1902584_b71766;npp_d20250902_t1902596_e1904238_b71766,149.459,61.1582,27.6707,-79.963,93.2152,-118.013
505,VBD_npp_d20250902_t1859584_x1015678E_y073634N_l0674_s2538_v23,2025-09-02 21:06:36,7.363387,101.567833,2.01744,2025-09-02 18:59:58,2025-09-03 01:59:58,674,2538,0.05352,8,18721,0.0996147,0.055,0.753583,0.4,0.569773,0.75,2.96002e-05,0.0001,3.94508e-32,999999,-3.160245e-02,3,Thailand Exclusive Economic Zone,,,SVDNB_npp_d20250902_t1858434_e1900076_b71766_c20250902202635057000_oeac_ops.h5,GDNBO_npp_d20250902_t1858434_e1900076_b71766_c20250902202419882000_oeac_ops.h5,SVI04_npp_d20250902_t1858434_e1900076_b71766_c20250902202643623000_oeac_ops.dspace_rad,,eez_v11.shp,WPP_BFAR_merge.shp,vbd_mpa_r20170830.shp,VNF-VBD_npp_20120301-20151231_global_asia-enhanced_c201607211230.bitmask,vbd_landsea_r20220824.mask,timezone.shp,VBD_platforms-recurring_2015_r20170330.shp,0.596318,VBD_bridges_c20160811.shp,14.122167;12.311656;9.816022;4.968679;7.298583;9.219633,85.094513;99.171051;112.915886;111.630913;98.030373;84.189926,npp_d20250902_t1858434_e1900076_b71766;npp_d20250902_t1900088_e1901330_b71766;npp_d20250902_t1901342_e1902584_b71766;npp_d20250902_t1902596_e1904238_b71766,149.475,61.1906,27.6675,-81.3181,93.1996,-118.014
506,VBD_npp_d20250902_t1859424_x1017923E_y082398N_l0539_s2540_v23,2025-09-02 21:06:36,8.239822,101.792290,102.77,2025-09-02 18:59:42,2025-09-03 01:59:42,539,2540,0.252616,4,117093,0.86245,0.055,0.671843,0.4,0.861607,0.75,1.4486e-05,0.0001,8.91877e-33,999999,1.572169e-01,3,Thailand Exclusive Economic Zone,,,SVDNB_npp_d20250902_t1858434_e1900076_b71766_c20250902202635057000_oeac_ops.h5,GDNBO_npp_d20250902_t1858434_e1900076_b71766_c20250902202419882000_oeac_ops.h5,SVI04_npp_d20250902_t1858434_e1900076_b71766_c20250902202643623000_oeac_ops.dspace_rad,,eez_v11.shp,WPP_BFAR_merge.shp,vbd_mpa_r20170830.shp,VNF-VBD_npp_20120301-20151231_global_asia-enhanced_c201607211230.bitmask,vbd_landsea_r20220824.mask,timezone.shp,VBD_platforms-recurring_2015_r20170330.shp,0.586964,VBD_bridges_c20160811.shp,14.122167;12.311656;9.816022;4.968679;7.298583;9.219633,85.094513;99.171051;112.915886;111.630913;98.030373;84.189926,npp_d20250902_t1858434_e1900076_b71766;npp_d20250902_t1900088_e1901330_b71766;npp_d20250902_t1901342_e1902584_b71766;npp_d20250902_t1902596_e1904238_b71766,148.909,60.0597,27.7601,-80.2313,93.7505,-117.961
507,VBD_npp_d20250902_t1858472_x1026846E_y114703N_l0040_s2557_v23,2025-09-02 21:06:36,11.470278,102.684555,1.88973,2025-09-02 18:58:47,2025-09-03 01:58:47,40,2557,0.0699512,2,2337,0.105057,0.055,0.711446,0.4,0.634689,0.75,1.35716e-06,0.0001,8.7092e-37,999999,-2.926970e-01,3,Thailand Exclusive Economic Zone,,,SVDNB_npp_d20250902_t1858434_e1900076_b71766_c20250902202635057000_oeac_ops.h5,GDNBO_npp_d20250902_t1858434_e1900076_b71766_c20250902202419882000_oeac_ops.h5,SVI04_npp_d20250902_t1858434_e1900076_b71766_c20250902202643623000_oeac_ops.dspace_rad,,eez_v11.shp,WPP_BFAR_merge.shp,vbd_mpa_r20170830.shp,VNF-VBD_npp_20120301-20151231_global_asia-enhanced_c201607211230.bitmask,vbd_landsea_r20220824.mask,timezone.shp,VBD_platforms-recurring_2015_r20170330.shp,999999,VBD_bridges_c20160811.shp,14.122167;12.311656;9.816022;4.968679;7.298583;9.219633,85.094513;99.171051;112.915886;111.630913;98.030373;84.189926,npp_d20250902_t1858434_e1900076_b71766;npp_d20250902_t1900088_e1901330_b71766;npp_d20250902_t1901342_e1902584_b71766;npp_d20250902_t1902596_e1904238_b71766,146.651,56.3599,28.5566,-80.2554,95.8403,-117.674
508,VBD_npp_d20250902_t1858472_x1026799E_y114435N_l0044_s2557_v23,2025-09-02 21:06:36,11.443521,102.679855,2.68321,2025-09-02 18:58:47,2025-09-03 01:58:47,44,2557,0.0751438,2,2337,0.158442,0.055,0.699579,0.4,0.694941,0.75,1.38395e-06,0.0001,1.10688e-36,999999,-9.294135e-02,3,Thailand Exclusive Economic Zone,,,SVDNB_npp_d20250902_t1858434_e1900076_b71766_c20250902202635057000_oeac_ops.h5,GDNBO_npp_d20250902_t1858434_e1900076_b71766_c20250902202419882000_oeac_ops.h5,SVI04_npp_d20250902_t1858434_e1900076_b71766_c20250902202643623000_oeac_ops.dspace_rad,,eez_v11.shp,WPP_BFAR_merge.shp,vbd_mpa_r20170830.shp,VNF-VBD_npp_20120301-20151231_global_asia-enhanced_c201607211230.bitmask,vbd_landsea_r20220824.mask,timezone.shp,VBD_platforms-recurring_2015_r20170330.shp,999999,VBD_bridges_c20160811.shp,14.122167;12.311656;9.816022;4.968679;7.298583;9.219633,85.094513;99.171051;112.915886;111.630913;98.030373;84.189926,npp_d20250902_t1858434_e1900076_b71766;npp_d20250902_t1900088_e1901330_b71766;npp_d20250902_t1901342_e1902584_b71766;npp_d20250902_t1902596_e1904238_b71766,146.669,56.3889,28.5571,-79.8187,95.8238,-117.677
509,VBD_npp_d20250902_t1858472_x1027012E_y114467N_l0043_s2560_v23,2025-09-02 21:06:36,11.446749,102.701218,3.69197,2025-09-02 18:58:47,2025-09-03 01:58:47,43,2560,0.064403,1,2401,0.230953,0.055,0.720269,0.4,0.767692,0.75,1.34928e-06,0.0001,6.14522e-37,999999,2.266473e-01,3,Thailand Exclusive Economic Zone,,,SVDNB_npp_d20250902_t1858434_e1900076_b71766_c20250902202635057000_oeac_ops.h5,GDNBO_npp_d20250902_t1858434_e1900076_b71766_c20250902202419882000_oeac_ops.h5,SVI04_npp_d20250902_t1858434_e1900076_b71766_c20250902202643623000_oeac_ops.dspace_rad,,eez_v11.shp,WPP_BFAR_merge.shp,vbd_mpa_r20170830.shp,VNF-VBD_npp_20120301-20151231_global_asia-enhanced_c201607211230.bitmask,vbd_landsea_r20220824.mask,timezone.shp,VBD_platforms-recurring_2015_r20170330.shp,999999,VBD_bridges_c20160811.shp,14.122167;12.311656;9.816022;4.968679;7.298583;9.219633,85.094513;99.171051;112.915886;111.630913;98.030373;84.189926,npp_d20250902_t1858434_e1900076_b71766;npp_d20250902_t1900088_e1901330_b71766;npp_d20250902_t1901342_e1902584_b71766;npp_d20250902_t1902596_e1904238_b71766,146.65,56.4067,28.698,-79.9256,95.8438,-117.673
510,VBD_npp_d20250902_t1858472_x1027139E_y114791N_l0038_s2561_v23,2025-09-02 21:06:36,11.479088,102.713852,3.05906,2025-09-02 18:58:47,2025-09-03 01:58:47,38,2561,0.0607042,1,2401,0.196125,0.055,0.687302,0.4,0.759031,0.75,1.3074e-06,0.0001,3.79972e-37,999999,-9.094954e-02,3,Thailand Exclusive Economic Zone,,,SVDNB_npp_d20250902_t1858434_e1900076_b71766_c20250902202635057000_oeac_ops.h5,GDNBO_npp_d20250902_t1858434_e1900076_b71766_c20250902202419882000_oeac_ops.h5,SVI04_npp_d20250902_t1858434_e1900076_b71766_c20250902202643623000_oeac_ops.dspace_rad,,eez_v11.shp,WPP_BFAR_merge.shp,vbd_mpa_r20170830.shp,VNF-VBD_npp_20120301-20151231_global_asia-enhanced_c201607211230.bitmask,vbd_landsea_r20220824.mask,timezone.shp,VBD_platforms-recurring_2015_r20170330.shp,999999,VBD_bridges_c20160811.shp,14.122167;12.311656;9.816022;4.968679;7.298583;9.219633,85.094513;99.171051;112.915886;111.630913;98.030373;84.189926,npp_d20250902_t1858434_e1900076_b71766;npp_d20250902_t1900088_e1901330_b71766;npp_d20250902_t1901342_e1902584_b71766;npp_d20250902_t1902596_e1904238_b71766,146.622,56.3787,28.7452,-80.4675,95.8697,-117.669
511,VBD_npp_d20250902_t1858472_x1027182E_y114645N_l0040_s2562_v23,2025-09-02 21:06:36,11.464540,102.718246,2.1846,2025-09-02 18:58:47,2025-09-03 01:58:47,40,2562,0.0615578,2,2337,0.121166,0.055,0.736041,0.4,0.638052,0.75,1.31124e-06,0.0001,3.59159e-37,999999,1.058150e-01,3,Thailand Exclusive Economic Zone,,,SVDNB_npp_d20250902_t1858434_e1900076_b71766_c20250902202635057000_oeac_ops.h5,GDNBO_npp_d20250902_t1858434_e1900076_b71766_c20250902202419882000_oeac_ops.h5,SVI04_npp_d20250902_t1858434_e1900076_b71766_c20250902202643623000_oeac_ops.dspace_rad,,eez_v11.shp,WPP_BFAR_merge.shp,vbd_mpa_r20170830.shp,VNF-VBD_npp_20120301-20151231_global_asia-enhanced_c201607211230.bitmask,vbd_landsea_r20220824.mask,timezone.shp,VBD_platforms-recurring_2015_r20170330.shp,999999,VBD_bridges_c20160811.shp,14.122167;12.311656;9.816022;4.968679;7.298583;9.219633,85.094513;99.171051;112.915886;111.630913;98.030373;84.189926,npp_d20250902_t1858434_e1900076_b71766;npp_d20250902_t1900088_e1901330_b71766;npp_d20250902_t1901342_e1902584_b71766;npp_d20250902_t1902596_e1904238_b71766,146.626,56.4016,28.7919,-80.2492,95.8668,-117.669
512,VBD_npp_d20250902_t1900055_x1016173E_y068535N_l0748_s2562_v23,2025-09-02 21:06:36,6.853517,101.617294,1.94622,2025-09-02 19:00:05,2025-09-03 02:00:05,748,2562,0.0471893,10,2305,0.0805091,0.055,0.295076,0.4,0.515778,0.75,2.4681e-05,0.0001,3.9529e-33,999999,9.360418e-02,3,Thailand Exclusive Economic Zone,,,SVDNB_npp_d20250902_t1858434_e1900076_b71766_c20250902202635057000_oeac_ops.h5,GDNBO_npp_d20250902_t1858434_e1900076_b71766_c20250902202419882000_oeac_ops.h5,SVI04_npp_d20250902_t1858434_e1900076_b71766_c20250902202643623000_oeac_ops.dspace_rad,,eez_v11.shp,WPP_BFAR_merge.shp,vbd_mpa_r20170830.shp,VNF-VBD_npp_20120301-20151231_global_asia-enhanced_c201607211230.bitmask,vbd_landsea_r20220824.mask,timezone.shp,VBD_platforms-recurring_2015_r20170330.shp,999999,VBD_bridges_c20160811.shp,14.122167;12.311656;9.816022;4.968679;7.298583;9.219633,85.094513;99.171051;112.915886;111.630913;98.030373;84.189926,npp_d20250902_t1858434_e1900076_b71766;npp_d20250902_t1900088_e1901330_b71766;npp_d20250902_t1901342_e1902584_b71766;npp_d20250902_t1902596_e1904238_b71766,149.648,62.0273,28.7924,-80.2277,93.0286,-118.023
513,VBD_npp_d20250902_t1858472_x1027294E_y114488N_l0042_s2564_v23,2025-09-02 21:06:36,11.448822,102.729416,2.76416,2025-09-02 18:58:47,2025-09-03 01:58:47,42,2564,0.0582146,2,2337,0.166365,0.055,0.69691,0.4,0.722091,0.75,1.30562e-06,0.0001,2.83476e-37,999999,9.796270e-02,3,Cambodian Exclusive Economic Zone,,,SVDNB_npp_d20250902_t1858434_e1900076_b71766_c20250902202635057000_oeac_ops.h5,GDNBO_npp_d20250902_t1858434_e1900076_b71766_c20250902202419882000_oeac_ops.h5,SVI04_npp_d20250902_t1858434_e1900076_b71766_c20250902202643623000_oeac_ops.dspace_rad,,eez_v11.shp,WPP_BFAR_merge.shp,vbd_mpa_r20170830.shp,VNF-VBD_npp_20120301-20151231_global_asia-enhanced_c201607211230.bitmask,vbd_landsea_r20220824.mask,timezone.shp,VBD_platforms-recurring_2015_r20170330.shp,999999,VBD_bridges_c20160811.shp,14.122167;12.311656;9.816022;4.968679;7.298583;9.219633,85.094513;99.171051;112.915886;111.630913;98.030373;84.189926,npp_d20250902_t1858434_e1900076_b71766;npp_d20250902_t1900088_e1901330_b71766;npp_d20250902_t1901342_e1902584_b71766;npp_d20250902_t1902596_e1904238_b71766,146.626,56.4329,28.8862,-80.0306,95.8692,-117.669
514,VBD_npp_d20250902_t1859388_x1020519E_y084753N_l0498_s2570_v23,2025-09-02 21:06:36,8.475289,102.051933,1.81378,2025-09-02 18:59:38,2025-09-03 01:59:38,498,2570,0.363082,1,2401,0.151605,0.055,0.593514,0.4,0.794627,0.75,9.20812e-06,0.0001,3.19376e-35,999999,2.763264e-01,3,Thailand Exclusive Economic Zone,,,SVDNB_npp_d20250902_t1858434_e1900076_b71766_c20250902202635057000_oeac_ops.h5,GDNBO_npp_d20250902_t1858434_e1900076_b71766_c20250902202419882000_oeac_ops.h5,SVI04_npp_d20250902_t1858434_e1900076_b71766_c20250902202643623000_oeac_ops.dspace_rad,,eez_v11.shp,WPP_BFAR_merge.shp,vbd_mpa_r20170830.shp,VNF-VBD_npp_20120301-20151231_global_asia-enhanced_c201607211230.bitmask,vbd_landsea_r20220824.mask,timezone.shp,VBD_platforms-recurring_2015_r20170330.shp,999999,VBD_bridges_c20160811.shp,14.122167;12.311656;9.816022;4.968679;7.298583;9.219633,85.094513;99.171051;112.915886;111.630913;98.030373;84.189926,npp_d20250902_t1858434_e1900076_b71766;npp_d20250902_t1900088_e1901330_b71766;npp_d20250902_t1901342_e1902584_b71766;npp_d20250902_t1902596_e1904238_b71766,148.581,59.9587,29.1753,-81.1666,94.075,-117.921
515,VBD_npp_d20250902_t1859548_x1018432E_y074933N_l0648_s2573_v23,2025-09-02 21:06:36,7.493279,101.843208,1.30292,2025-09-02 18:59:54,2025-09-03 01:59:54,648,2573,0.397154,2,2337,0.0948043,0.055,0.434924,0.4,0.72818,0.75,2.00606e-05,0.0001,1.72327e-34,999999,-3.684956e-01,3,Thailand Exclusive Economic Zone,,,SVDNB_npp_d20250902_t1858434_e1900076_b71766_c20250902202635057000_oeac_ops.h5,GDNBO_npp_d20250902_t1858434_e1900076_b71766_c20250902202419882000_oeac_ops.h5,SVI04_npp_d20250902_t1858434_e1900076_b71766_c20250902202643623000_oeac_ops.dspace_rad,,eez_v11.shp,WPP_BFAR_merge.shp,vbd_mpa_r20170830.shp,VNF-VBD_npp_20120301-20151231_global_asia-enhanced_c201607211230.bitmask,vbd_landsea_r20220824.mask,timezone.shp,VBD_platforms-recurring_2015_r20170330.shp,999999,VBD_bridges_c20160811.shp,14.122167;12.311656;9.816022;4.968679;7.298583;9.219633,85.094513;99.171051;112.915886;111.630913;98.030373;84.189926,npp_d20250902_t1858434_e1900076_b71766;npp_d20250902_t1900088_e1901330_b71766;npp_d20250902_t1901342_e1902584_b71766;npp_d20250902_t1902596_e1904238_b71766,149.186,61.2421,29.3145,-80.5975,93.4889,-117.981
516,VBD_npp_d20250902_t1859548_x1019167E_y074323N_l0655_s2585_v23,2025-09-02 21:06:36,7.432340,101.916656,3.5629,2025-09-02 18:59:54,2025-09-03 01:59:54,655,2585,0.41515,1,2401,0.261654,0.055,0.86561,0.4,0.780464,0.75,1.91029e-05,0.0001,3.52274e-35,999999,6.812241e-02,3,Thailand Exclusive Economic Zone,,,SVDNB_npp_d20250902_t1858434_e1900076_b71766_c20250902202635057000_oeac_ops.h5,GDNBO_npp_d20250902_t1858434_e1900076_b71766_c20250902202419882000_oeac_ops.h5,SVI04_npp_d20250902_t1858434_e1900076_b71766_c20250902202643623000_oeac_ops.dspace_rad,,eez_v11.shp,WPP_BFAR_merge.shp,vbd_mpa_r20170830.shp,VNF-VBD_npp_20120301-20151231_global_asia-enhanced_c201607211230.bitmask,vbd_landsea_r20220824.mask,timezone.shp,VBD_platforms-recurring_2015_r20170330.shp,999999,VBD_bridges_c20160811.shp,14.122167;12.311656;9.816022;4.968679;7.298583;9.219633,85.094513;99.171051;112.915886;111.630913;98.030373;84.189926,npp_d20250902_t1858434_e1900076_b71766;npp_d20250902_t1900088_e1901330_b71766;npp_d20250902_t1901342_e1902584_b71766;npp_d20250902_t1902596_e1904238_b71766,149.151,61.3998,29.8825,-79.8541,93.5246,-117.975
517,VBD_npp_d20250902_t1859548_x1019394E_y074424N_l0653_s2588_v23,2025-09-02 21:06:36,7.442437,101.939400,19.2596,2025-09-02 18:59:54,2025-09-03 01:59:54,653,2588,0.419489,1,2401,0.805246,0.055,0.892676,0.4,0.975204,0.75,1.86487e-05,0.0001,1.90313e-35,999999,6.393491e-02,3,Thailand Exclusive Economic Zone,,,SVDNB_npp_d20250902_t1858434_e1900076_b71766_c20250902202635057000_oeac_ops.h5,GDNBO_npp_d20250902_t1858434_e1900076_b71766_c20250902202419882000_oeac_ops.h5,SVI04_npp_d20250902_t1858434_e1900076_b71766_c20250902202643623000_oeac_ops.dspace_rad,,eez_v11.shp,WPP_BFAR_merge.shp,vbd_mpa_r20170830.shp,VNF-VBD_npp_20120301-20151231_global_asia-enhanced_c201607211230.bitmask,vbd_landsea_r20220824.mask,timezone.shp,VBD_platforms-recurring_2015_r20170330.shp,999999,VBD_bridges_c20160811.shp,14.122167;12.311656;9.816022;4.968679;7.298583;9.219633,85.094513;99.171051;112.915886;111.630913;98.030373;84.189926,npp_d20250902_t1858434_e1900076_b71766;npp_d20250902_t1900088_e1901330_b71766;npp_d20250902_t1901342_e1902584_b71766;npp_d20250902_t1902596_e1904238_b71766,149.127,61.4059,30.0234,-80.0636,93.5492,-117.972
518,VBD_npp_d20250902_t1859531_x1020947E_y075394N_l0635_s2607_v23,2025-09-02 21:06:36,7.539394,102.094704,1.98267,2025-09-02 18:59:53,2025-09-03 01:59:53,635,2607,0.418351,8,18785,0.159979,0.055,0.871256,0.4,0.829169,0.75,1.54881e-05,0.0001,5.29445e-37,999999,1.589046e-01,3,Thailand Exclusive Economic Zone,,,SVDNB_npp_d20250902_t1858434_e1900076_b71766_c20250902202635057000_oeac_ops.h5,GDNBO_npp_d20250902_t1858434_e1900076_b71766_c20250902202419882000_oeac_ops.h5,SVI04_npp_d20250902_t1858434_e1900076_b71766_c20250902202643623000_oeac_ops.dspace_rad,,eez_v11.shp,WPP_BFAR_merge.shp,vbd_mpa_r20170830.shp,VNF-VBD_npp_20120301-20151231_global_asia-enhanced_c201607211230.bitmask,vbd_landsea_r20220824.mask,timezone.shp,VBD_platforms-recurring_2015_r20170330.shp,0.419394,VBD_bridges_c20160811.shp,14.122167;12.311656;9.816022;4.968679;7.298583;9.219633,85.094513;99.171051;112.915886;111.630913;98.030373;84.189926,npp_d20250902_t1858434_e1900076_b71766;npp_d20250902_t1900088_e1901330_b71766;npp_d20250902_t1901342_e1902584_b71766;npp_d20250902_t1902596_e1904238_b71766,148.951,61.4003,30.9034,-80.2667,93.7243,-117.952
519,VBD_npp_d20250902_t1859531_x1020902E_y075128N_l0639_s2607_v23,2025-09-02 21:06:36,7.512780,102.090233,2.90034,2025-09-02 18:59:53,2025-09-03 01:59:53,639,2607,0.417355,8,18785,0.221677,0.055,0.906196,0.4,0.862913,0.75,1.57956e-05,0.0001,6.63534e-37,999999,2.548644e-02,3,Thailand Exclusive Economic Zone,,,SVDNB_npp_d20250902_t1858434_e1900076_b71766_c20250902202635057000_oeac_ops.h5,GDNBO_npp_d20250902_t1858434_e1900076_b71766_c20250902202419882000_oeac_ops.h5,SVI04_npp_d20250902_t1858434_e1900076_b71766_c20250902202643623000_oeac_ops.dspace_rad,,eez_v11.shp,WPP_BFAR_merge.shp,vbd_mpa_r20170830.shp,VNF-VBD_npp_20120301-20151231_global_asia-enhanced_c201607211230.bitmask,vbd_landsea_r20220824.mask,timezone.shp,VBD_platforms-recurring_2015_r20170330.shp,0.460124,VBD_bridges_c20160811.shp,14.122167;12.311656;9.816022;4.968679;7.298583;9.219633,85.094513;99.171051;112.915886;111.630913;98.030373;84.189926,npp_d20250902_t1858434_e1900076_b71766;npp_d20250902_t1900088_e1901330_b71766;npp_d20250902_t1901342_e1902584_b71766;npp_d20250902_t1902596_e1904238_b71766,148.968,61.435,30.9047,-79.8708,93.7079,-117.954
520,VBD_npp_d20250902_t1859548_x1020922E_y074860N_l0643_s2609_v23,2025-09-02 21:06:36,7.485991,102.092155,30.709,2025-09-02 18:59:54,2025-09-03 01:59:54,643,2609,0.419204,8,18785,0.961239,0.055,0.909653,0.4,0.97844,0.75,1.59251e-05,0.0001,2.96682e-37,999999,6.705583e-02,3,Thailand Exclusive Economic Zone,,,SVDNB_npp_d20250902_t1858434_e1900076_b71766_c20250902202635057000_oeac_ops.h5,GDNBO_npp_d20250902_t1858434_e1900076_b71766_c20250902202419882000_oeac_ops.h5,SVI04_npp_d20250902_t1858434_e1900076_b71766_c20250902202643623000_oeac_ops.dspace_rad,,eez_v11.shp,WPP_BFAR_merge.shp,vbd_mpa_r20170830.shp,VNF-VBD_npp_20120301-20151231_global_asia-enhanced_c201607211230.bitmask,vbd_landsea_r20220824.mask,timezone.shp,VBD_platforms-recurring_2015_r20170330.shp,0.63331,VBD_bridges_c20160811.shp,14.122167;12.311656;9.816022;4.968679;7.298583;9.219633,85.094513;99.171051;112.915886;111.630913;98.030373;84.189926,npp_d20250902_t1858434_e1900076_b71766;npp_d20250902_t1900088_e1901330_b71766;npp_d20250902_t1901342_e1902584_b71766;npp_d20250902_t1902596_e1904238_b71766,148.973,61.4827,30.9943,-81.0611,93.7033,-117.954
521,VBD_npp_d20250902_t1859548_x1021008E_y074572N_l0647_s2611_v23,2025-09-02 21:06:36,7.457172,102.100815,4.61163,2025-09-02 18:59:54,2025-09-03 01:59:54,647,2611,0.355684,1,2401,0.291079,0.055,0.868401,0.4,0.846799,0.75,1.60474e-05,0.0001,2.65817e-37,999999,-7.971619e-02,3,Thailand Exclusive Economic Zone,,,SVDNB_npp_d20250902_t1858434_e1900076_b71766_c20250902202635057000_oeac_ops.h5,GDNBO_npp_d20250902_t1858434_e1900076_b71766_c20250902202419882000_oeac_ops.h5,SVI04_npp_d20250902_t1858434_e1900076_b71766_c20250902202643623000_oeac_ops.dspace_rad,,eez_v11.shp,WPP_BFAR_merge.shp,vbd_mpa_r20170830.shp,VNF-VBD_npp_20120301-20151231_global_asia-enhanced_c201607211230.bitmask,vbd_landsea_r20220824.mask,timezone.shp,VBD_platforms-recurring_2015_r20170330.shp,999999,VBD_bridges_c20160811.shp,14.122167;12.311656;9.816022;4.968679;7.298583;9.219633,85.094513;99.171051;112.915886;111.630913;98.030373;84.189926,npp_d20250902_t1858434_e1900076_b71766;npp_d20250902_t1900088_e1901330_b71766;npp_d20250902_t1901342_e1902584_b71766;npp_d20250902_t1902596_e1904238_b71766,148.979,61.5328,31.0824,-80.6644,93.6974,-117.954
522,VBD_npp_d20250902_t1900037_x1020274E_y068666N_l0736_s2620_v23,2025-09-02 21:06:36,6.866589,102.027351,3.82645,2025-09-02 19:00:03,2025-09-03 02:00:03,736,2620,0.0795539,8,18785,0.243459,0.055,0.740022,0.4,0.798032,0.75,1.70762e-05,0.0001,2.86937e-37,999999,3.793686e-01,3,Thailand Exclusive Economic Zone,,,SVDNB_npp_d20250902_t1858434_e1900076_b71766_c20250902202635057000_oeac_ops.h5,GDNBO_npp_d20250902_t1858434_e1900076_b71766_c20250902202419882000_oeac_ops.h5,SVI04_npp_d20250902_t1858434_e1900076_b71766_c20250902202643623000_oeac_ops.dspace_rad,,eez_v11.shp,WPP_BFAR_merge.shp,vbd_mpa_r20170830.shp,VNF-VBD_npp_20120301-20151231_global_asia-enhanced_c201607211230.bitmask,vbd_landsea_r20220824.mask,timezone.shp,VBD_platforms-recurring_2015_r20170330.shp,0.860499,VBD_bridges_c20160811.shp,14.122167;12.311656;9.816022;4.968679;7.298583;9.219633,85.094513;99.171051;112.915886;111.630913;98.030373;84.189926,npp_d20250902_t1858434_e1900076_b71766;npp_d20250902_t1900088_e1901330_b71766;npp_d20250902_t1901342_e1902584_b71766;npp_d20250902_t1902596_e1904238_b71766,149.289,62.372,31.4869,-79.8335,93.3876,-117.982
523,VBD_npp_d20250902_t1900055_x1020155E_y068426N_l0740_s2620_v23,2025-09-02 21:06:36,6.842566,102.015495,3.41643,2025-09-02 19:00:05,2025-09-03 02:00:05,740,2620,0.0765664,1,2401,0.216574,0.055,0.714984,0.4,0.798621,0.75,1.70762e-05,0.0001,1.8437e-37,999999,2.086829e-01,3,Thailand Exclusive Economic Zone,,,SVDNB_npp_d20250902_t1858434_e1900076_b71766_c20250902202635057000_oeac_ops.h5,GDNBO_npp_d20250902_t1858434_e1900076_b71766_c20250902202419882000_oeac_ops.h5,SVI04_npp_d20250902_t1858434_e1900076_b71766_c20250902202643623000_oeac_ops.dspace_rad,,eez_v11.shp,WPP_BFAR_merge.shp,vbd_mpa_r20170830.shp,VNF-VBD_npp_20120301-20151231_global_asia-enhanced_c201607211230.bitmask,vbd_landsea_r20220824.mask,timezone.shp,VBD_platforms-recurring_2015_r20170330.shp,999999,VBD_bridges_c20160811.shp,14.122167;12.311656;9.816022;4.968679;7.298583;9.219633,85.094513;99.171051;112.915886;111.630913;98.030373;84.189926,npp_d20250902_t1858434_e1900076_b71766;npp_d20250902_t1900088_e1901330_b71766;npp_d20250902_t1901342_e1902584_b71766;npp_d20250902_t1902596_e1904238_b71766,149.304,62.4038,31.4811,-81.0077,93.3723,-117.983
524,VBD_npp_d20250902_t1900037_x1020428E_y068777N_l0734_s2622_v23,2025-09-02 21:06:36,6.877736,102.042824,3.48538,2025-09-02 19:00:03,2025-09-03 02:00:03,734,2622,0.0994706,8,18785,0.217824,0.055,0.699478,0.4,0.750204,0.75,1.68711e-05,0.0001,1.81425e-37,999999,1.688194e-01,3,Thailand Exclusive Economic Zone,,,SVDNB_npp_d20250902_t1858434_e1900076_b71766_c20250902202635057000_oeac_ops.h5,GDNBO_npp_d20250902_t1858434_e1900076_b71766_c20250902202419882000_oeac_ops.h5,SVI04_npp_d20250902_t1858434_e1900076_b71766_c20250902202643623000_oeac_ops.dspace_rad,,eez_v11.shp,WPP_BFAR_merge.shp,vbd_mpa_r20170830.shp,VNF-VBD_npp_20120301-20151231_global_asia-enhanced_c201607211230.bitmask,vbd_landsea_r20220824.mask,timezone.shp,VBD_platforms-recurring_2015_r20170330.shp,0.329951,VBD_bridges_c20160811.shp,14.122167;12.311656;9.816022;4.968679;7.298583;9.219633,85.094513;99.171051;112.915886;111.630913;98.030373;84.189926,npp_d20250902_t1858434_e1900076_b71766;npp_d20250902_t1900088_e1901330_b71766;npp_d20250902_t1901342_e1902584_b71766;npp_d20250902_t1902596_e1904238_b71766,149.27,62.3692,31.5754,-80.0282,93.4064,-117.98
525,VBD_npp_d20250902_t1900055_x1020376E_y068527N_l0738_s2623_v23,2025-09-02 21:06:36,6.852694,102.037613,2.84666,2025-09-02 19:00:05,2025-09-03 02:00:05,738,2623,0.0932822,2,2337,0.183263,0.055,0.71409,0.4,0.746403,0.75,1.67685e-05,0.0001,9.74078e-38,999999,-1.466166e-01,3,Thailand Exclusive Economic Zone,,,SVDNB_npp_d20250902_t1858434_e1900076_b71766_c20250902202635057000_oeac_ops.h5,GDNBO_npp_d20250902_t1858434_e1900076_b71766_c20250902202419882000_oeac_ops.h5,SVI04_npp_d20250902_t1858434_e1900076_b71766_c20250902202643623000_oeac_ops.dspace_rad,,eez_v11.shp,WPP_BFAR_merge.shp,vbd_mpa_r20170830.shp,VNF-VBD_npp_20120301-20151231_global_asia-enhanced_c201607211230.bitmask,vbd_landsea_r20220824.mask,timezone.shp,VBD_platforms-recurring_2015_r20170330.shp,999999,VBD_bridges_c20160811.shp,14.122167;12.311656;9.816022;4.968679;7.298583;9.219633,85.094513;99.171051;112.915886;111.630913;98.030373;84.189926,npp_d20250902_t1858434_e1900076_b71766;npp_d20250902_t1900088_e1901330_b71766;npp_d20250902_t1901342_e1902584_b71766;npp_d20250902_t1902596_e1904238_b71766,149.279,62.4085,31.6161,-81.1981,93.3964,-117.981
526,VBD_npp_d20250902_t1859459_x1023238E_y080031N_l0561_s2625_v23,2025-09-02 21:06:36,8.003083,102.323761,5.84218,2025-09-02 18:59:45,2025-09-03 01:59:45,561,2625,0.0890855,7,100609,0.0728034,0.055,0.340236,0.4,0.38966,0.75,9.31463e-06,0.0001,4.92209e-39,999999,9.585211e-01,3,,,,SVDNB_npp_d20250902_t1858434_e1900076_b71766_c20250902202635057000_oeac_ops.h5,GDNBO_npp_d20250902_t1858434_e1900076_b71766_c20250902202419882000_oeac_ops.h5,SVI04_npp_d20250902_t1858434_e1900076_b71766_c20250902202643623000_oeac_ops.dspace_rad,,eez_v11.shp,WPP_BFAR_merge.shp,vbd_mpa_r20170830.shp,VNF-VBD_npp_20120301-20151231_global_asia-enhanced_c201607211230.bitmask,vbd_landsea_r20220824.mask,timezone.shp,VBD_platforms-recurring_2015_r20170330.shp,999999,VBD_bridges_c20160811.shp,14.122167;12.311656;9.816022;4.968679;7.298583;9.219633,85.094513;99.171051;112.915886;111.630913;98.030373;84.189926,npp_d20250902_t1858434_e1900076_b71766;npp_d20250902_t1900088_e1901330_b71766;npp_d20250902_t1901342_e1902584_b71766;npp_d20250902_t1902596_e1904238_b71766,148.555,60.9149,31.7102,-81.1878,94.1166,-117.908
527,VBD_npp_d20250902_t1859548_x1022389E_y073858N_l0654_s2633_v23,2025-09-02 21:06:36,7.385808,102.238899,6.60066,2025-09-02 18:59:54,2025-09-03 01:59:54,654,2633,0.209652,1,2401,0.378626,0.055,0.770959,0.4,0.85944,0.75,1.45057e-05,0.0001,8.15768e-39,999999,-1.649519e-01,3,Thailand Exclusive Economic Zone,,,SVDNB_npp_d20250902_t1858434_e1900076_b71766_c20250902202635057000_oeac_ops.h5,GDNBO_npp_d20250902_t1858434_e1900076_b71766_c20250902202419882000_oeac_ops.h5,SVI04_npp_d20250902_t1858434_e1900076_b71766_c20250902202643623000_oeac_ops.dspace_rad,,eez_v11.shp,WPP_BFAR_merge.shp,vbd_mpa_r20170830.shp,VNF-VBD_npp_20120301-20151231_global_asia-enhanced_c201607211230.bitmask,vbd_landsea_r20220824.mask,timezone.shp,VBD_platforms-recurring_2015_r20170330.shp,999999,VBD_bridges_c20160811.shp,14.122167;12.311656;9.816022;4.968679;7.298583;9.219633,85.094513;99.171051;112.915886;111.630913;98.030373;84.189926,npp_d20250902_t1858434_e1900076_b71766;npp_d20250902_t1900088_e1901330_b71766;npp_d20250902_t1901342_e1902584_b71766;npp_d20250902_t1902596_e1904238_b71766,148.892,61.7628,32.0671,-79.9742,93.7848,-117.942
528,VBD_npp_d20250902_t1859548_x1022366E_y073724N_l0656_s2633_v23,2025-09-02 21:06:36,7.372359,102.236649,8.78582,2025-09-02 18:59:54,2025-09-03 01:59:54,656,2633,0.170602,1,2401,0.455362,0.055,0.783682,0.4,0.885846,0.75,1.46359e-05,0.0001,9.16968e-39,999999,1.480150e-01,3,Thailand Exclusive Economic Zone,,,SVDNB_npp_d20250902_t1858434_e1900076_b71766_c20250902202635057000_oeac_ops.h5,GDNBO_npp_d20250902_t1858434_e1900076_b71766_c20250902202419882000_oeac_ops.h5,SVI04_npp_d20250902_t1858434_e1900076_b71766_c20250902202643623000_oeac_ops.dspace_rad,,eez_v11.shp,WPP_BFAR_merge.shp,vbd_mpa_r20170830.shp,VNF-VBD_npp_20120301-20151231_global_asia-enhanced_c201607211230.bitmask,vbd_landsea_r20220824.mask,timezone.shp,VBD_platforms-recurring_2015_r20170330.shp,999999,VBD_bridges_c20160811.shp,14.122167;12.311656;9.816022;4.968679;7.298583;9.219633,85.094513;99.171051;112.915886;111.630913;98.030373;84.189926,npp_d20250902_t1858434_e1900076_b71766;npp_d20250902_t1900088_e1901330_b71766;npp_d20250902_t1901342_e1902584_b71766;npp_d20250902_t1902596_e1904238_b71766,148.901,61.7804,32.0681,-79.7827,93.7766,-117.943
529,VBD_npp_d20250902_t1859566_x1022337E_y073548N_l0659_s2634_v23,2025-09-02 21:06:36,7.354765,102.233719,2.57813,2025-09-02 18:59:56,2025-09-03 01:59:56,659,2634,0.0639762,2,2337,0.135101,0.055,0.74582,0.4,0.632808,0.75,1.4735e-05,0.0001,4.4159e-39,999999,4.750707e-01,3,Thailand Exclusive Economic Zone,,,SVDNB_npp_d20250902_t1858434_e1900076_b71766_c20250902202635057000_oeac_ops.h5,GDNBO_npp_d20250902_t1858434_e1900076_b71766_c20250902202419882000_oeac_ops.h5,SVI04_npp_d20250902_t1858434_e1900076_b71766_c20250902202643623000_oeac_ops.dspace_rad,,eez_v11.shp,WPP_BFAR_merge.shp,vbd_mpa_r20170830.shp,VNF-VBD_npp_20120301-20151231_global_asia-enhanced_c201607211230.bitmask,vbd_landsea_r20220824.mask,timezone.shp,VBD_platforms-recurring_2015_r20170330.shp,999999,VBD_bridges_c20160811.shp,14.122167;12.311656;9.816022;4.968679;7.298583;9.219633,85.094513;99.171051;112.915886;111.630913;98.030373;84.189926,npp_d20250902_t1858434_e1900076_b71766;npp_d20250902_t1900088_e1901330_b71766;npp_d20250902_t1901342_e1902584_b71766;npp_d20250902_t1902596_e1904238_b71766,148.905,61.8102,32.1139,-81.0398,93.772,-117.944
530,VBD_npp_d20250902_t1900055_x1021019E_y067454N_l0752_s2635_v23,2025-09-02 21:06:36,6.745367,102.101929,1.96938,2025-09-02 19:00:05,2025-09-03 02:00:05,752,2635,0.103383,2,2337,0.113631,0.055,0.543275,0.4,0.668367,0.75,1.55377e-05,0.0001,2.6316e-38,999999,1.093193e-01,3,Thailand Exclusive Economic Zone,,,SVDNB_npp_d20250902_t1858434_e1900076_b71766_c20250902202635057000_oeac_ops.h5,GDNBO_npp_d20250902_t1858434_e1900076_b71766_c20250902202419882000_oeac_ops.h5,SVI04_npp_d20250902_t1858434_e1900076_b71766_c20250902202643623000_oeac_ops.dspace_rad,,eez_v11.shp,WPP_BFAR_merge.shp,vbd_mpa_r20170830.shp,VNF-VBD_npp_20120301-20151231_global_asia-enhanced_c201607211230.bitmask,vbd_landsea_r20220824.mask,timezone.shp,VBD_platforms-recurring_2015_r20170330.shp,999999,VBD_bridges_c20160811.shp,14.122167;12.311656;9.816022;4.968679;7.298583;9.219633,85.094513;99.171051;112.915886;111.630913;98.030373;84.189926,npp_d20250902_t1858434_e1900076_b71766;npp_d20250902_t1900088_e1901330_b71766;npp_d20250902_t1901342_e1902584_b71766;npp_d20250902_t1902596_e1904238_b71766,149.272,62.6259,32.1534,-79.8434,93.4024,-117.978
531,VBD_npp_d20250902_t1859548_x1022568E_y073689N_l0656_s2636_v23,2025-09-02 21:06:36,7.368931,102.256760,3.62689,2025-09-02 18:59:54,2025-09-03 01:59:54,656,2636,0.154882,1,2401,0.18899,0.055,0.776887,0.4,0.763981,0.75,1.43513e-05,0.0001,5.29344e-39,999999,1.195549e-01,3,Thailand Exclusive Economic Zone,,,SVDNB_npp_d20250902_t1858434_e1900076_b71766_c20250902202635057000_oeac_ops.h5,GDNBO_npp_d20250902_t1858434_e1900076_b71766_c20250902202419882000_oeac_ops.h5,SVI04_npp_d20250902_t1858434_e1900076_b71766_c20250902202643623000_oeac_ops.dspace_rad,,eez_v11.shp,WPP_BFAR_merge.shp,vbd_mpa_r20170830.shp,VNF-VBD_npp_20120301-20151231_global_asia-enhanced_c201607211230.bitmask,vbd_landsea_r20220824.mask,timezone.shp,VBD_platforms-recurring_2015_r20170330.shp,999999,VBD_bridges_c20160811.shp,14.122167;12.311656;9.816022;4.968679;7.298583;9.219633,85.094513;99.171051;112.915886;111.630913;98.030373;84.189926,npp_d20250902_t1858434_e1900076_b71766;npp_d20250902_t1900088_e1901330_b71766;npp_d20250902_t1901342_e1902584_b71766;npp_d20250902_t1902596_e1904238_b71766,148.885,61.8036,32.2025,-79.7832,93.7926,-117.941
532,VBD_npp_d20250902_t1859566_x1022561E_y073649N_l0657_s2637_v23,2025-09-02 21:06:36,7.364913,102.256149,3.75447,2025-09-02 18:59:56,2025-09-03 01:59:56,657,2637,0.14848,2,2337,0.203577,0.055,0.776887,0.4,0.558633,0.75,1.43197e-05,0.0001,2.24477e-39,999999,1.195264e-01,3,Thailand Exclusive Economic Zone,,,SVDNB_npp_d20250902_t1858434_e1900076_b71766_c20250902202635057000_oeac_ops.h5,GDNBO_npp_d20250902_t1858434_e1900076_b71766_c20250902202419882000_oeac_ops.h5,SVI04_npp_d20250902_t1858434_e1900076_b71766_c20250902202643623000_oeac_ops.dspace_rad,,eez_v11.shp,WPP_BFAR_merge.shp,vbd_mpa_r20170830.shp,VNF-VBD_npp_20120301-20151231_global_asia-enhanced_c201607211230.bitmask,vbd_landsea_r20220824.mask,timezone.shp,VBD_platforms-recurring_2015_r20170330.shp,999999,VBD_bridges_c20160811.shp,14.122167;12.311656;9.816022;4.968679;7.298583;9.219633,85.094513;99.171051;112.915886;111.630913;98.030373;84.189926,npp_d20250902_t1858434_e1900076_b71766;npp_d20250902_t1900088_e1901330_b71766;npp_d20250902_t1901342_e1902584_b71766;npp_d20250902_t1902596_e1904238_b71766,148.881,61.8157,32.2494,-81.2261,93.7964,-117.941
533,VBD_npp_d20250902_t1859566_x1022764E_y073616N_l0657_s2640_v23,2025-09-02 21:06:36,7.361601,102.276360,3.224,2025-09-02 18:59:56,2025-09-03 01:59:56,657,2640,0.128919,2,2337,0.185578,0.055,0.717635,0.4,0.609637,0.75,1.40337e-05,0.0001,1.28326e-39,999999,2.687643e-01,3,Thailand Exclusive Economic Zone,,,SVDNB_npp_d20250902_t1858434_e1900076_b71766_c20250902202635057000_oeac_ops.h5,GDNBO_npp_d20250902_t1858434_e1900076_b71766_c20250902202419882000_oeac_ops.h5,SVI04_npp_d20250902_t1858434_e1900076_b71766_c20250902202643623000_oeac_ops.dspace_rad,,eez_v11.shp,WPP_BFAR_merge.shp,vbd_mpa_r20170830.shp,VNF-VBD_npp_20120301-20151231_global_asia-enhanced_c201607211230.bitmask,vbd_landsea_r20220824.mask,timezone.shp,VBD_platforms-recurring_2015_r20170330.shp,999999,VBD_bridges_c20160811.shp,14.122167;12.311656;9.816022;4.968679;7.298583;9.219633,85.094513;99.171051;112.915886;111.630913;98.030373;84.189926,npp_d20250902_t1858434_e1900076_b71766;npp_d20250902_t1900088_e1901330_b71766;npp_d20250902_t1901342_e1902584_b71766;npp_d20250902_t1902596_e1904238_b71766,148.865,61.8388,32.3839,-81.2213,93.8125,-117.939
534,VBD_npp_d20250902_t1900037_x1021631E_y068574N_l0734_s2640_v23,2025-09-02 21:06:36,6.857435,102.163063,5.26314,2025-09-02 19:00:03,2025-09-03 02:00:03,734,2640,0.24977,1,2401,0.370173,0.055,0.805149,0.4,0.88971,0.75,1.50249e-05,0.0001,7.33438e-39,999999,-4.202061e-02,3,Thailand Exclusive Economic Zone,,,SVDNB_npp_d20250902_t1858434_e1900076_b71766_c20250902202635057000_oeac_ops.h5,GDNBO_npp_d20250902_t1858434_e1900076_b71766_c20250902202419882000_oeac_ops.h5,SVI04_npp_d20250902_t1858434_e1900076_b71766_c20250902202643623000_oeac_ops.dspace_rad,,eez_v11.shp,WPP_BFAR_merge.shp,vbd_mpa_r20170830.shp,VNF-VBD_npp_20120301-20151231_global_asia-enhanced_c201607211230.bitmask,vbd_landsea_r20220824.mask,timezone.shp,VBD_platforms-recurring_2015_r20170330.shp,999999,VBD_bridges_c20160811.shp,14.122167;12.311656;9.816022;4.968679;7.298583;9.219633,85.094513;99.171051;112.915886;111.630913;98.030373;84.189926,npp_d20250902_t1858434_e1900076_b71766;npp_d20250902_t1900088_e1901330_b71766;npp_d20250902_t1901342_e1902584_b71766;npp_d20250902_t1902596_e1904238_b71766,149.173,62.5065,32.3813,-80.028,93.5023,-117.969
535,VBD_npp_d20250902_t1900055_x1021490E_y068206N_l0740_s2640_v23,2025-09-02 21:06:36,6.820609,102.149040,1.35616,2025-09-02 19:00:05,2025-09-03 02:00:05,740,2640,0.252687,2,2337,0.0661457,0.055,0.78149,0.4,0.677097,0.75,1.50249e-05,0.0001,5.23898e-39,999999,1.383920e-01,3,Thailand Exclusive Economic Zone,,,SVDNB_npp_d20250902_t1858434_e1900076_b71766_c20250902202635057000_oeac_ops.h5,GDNBO_npp_d20250902_t1858434_e1900076_b71766_c20250902202419882000_oeac_ops.h5,SVI04_npp_d20250902_t1858434_e1900076_b71766_c20250902202643623000_oeac_ops.dspace_rad,,eez_v11.shp,WPP_BFAR_merge.shp,vbd_mpa_r20170830.shp,VNF-VBD_npp_20120301-20151231_global_asia-enhanced_c201607211230.bitmask,vbd_landsea_r20220824.mask,timezone.shp,VBD_platforms-recurring_2015_r20170330.shp,999999,VBD_bridges_c20160811.shp,14.122167;12.311656;9.816022;4.968679;7.298583;9.219633,85.094513;99.171051;112.915886;111.630913;98.030373;84.189926,npp_d20250902_t1858434_e1900076_b71766;npp_d20250902_t1900088_e1901330_b71766;npp_d20250902_t1901342_e1902584_b71766;npp_d20250902_t1902596_e1904238_b71766,149.196,62.5555,32.3763,-80.9836,93.479,-117.971
536,VBD_npp_d20250902_t1900055_x1021625E_y068184N_l0740_s2642_v23,2025-09-02 21:06:36,6.818390,102.162521,2.74095,2025-09-02 19:00:05,2025-09-03 02:00:05,740,2642,0.268051,1,2401,0.202598,0.055,0.78149,0.4,0.824976,0.75,1.48197e-05,0.0001,3.62482e-39,999999,4.484882e-02,3,Thailand Exclusive Economic Zone,,,SVDNB_npp_d20250902_t1858434_e1900076_b71766_c20250902202635057000_oeac_ops.h5,GDNBO_npp_d20250902_t1858434_e1900076_b71766_c20250902202419882000_oeac_ops.h5,SVI04_npp_d20250902_t1858434_e1900076_b71766_c20250902202643623000_oeac_ops.dspace_rad,,eez_v11.shp,WPP_BFAR_merge.shp,vbd_mpa_r20170830.shp,VNF-VBD_npp_20120301-20151231_global_asia-enhanced_c201607211230.bitmask,vbd_landsea_r20220824.mask,timezone.shp,VBD_platforms-recurring_2015_r20170330.shp,999999,VBD_bridges_c20160811.shp,14.122167;12.311656;9.816022;4.968679;7.298583;9.219633,85.094513;99.171051;112.915886;111.630913;98.030373;84.189926,npp_d20250902_t1858434_e1900076_b71766;npp_d20250902_t1900088_e1901330_b71766;npp_d20250902_t1901342_e1902584_b71766;npp_d20250902_t1902596_e1904238_b71766,149.185,62.5707,32.466,-80.9812,93.4897,-117.97
537,VBD_npp_d20250902_t1900055_x1021681E_y067689N_l0747_s2644_v23,2025-09-02 21:06:36,6.768872,102.168129,3.45361,2025-09-02 19:00:05,2025-09-03 02:00:05,747,2644,0.268122,1,2401,0.249714,0.055,0.789234,0.4,0.853428,0.75,1.46146e-05,0.0001,3.81123e-39,999999,1.428088e-01,3,Thailand Exclusive Economic Zone,,,SVDNB_npp_d20250902_t1858434_e1900076_b71766_c20250902202635057000_oeac_ops.h5,GDNBO_npp_d20250902_t1858434_e1900076_b71766_c20250902202419882000_oeac_ops.h5,SVI04_npp_d20250902_t1858434_e1900076_b71766_c20250902202643623000_oeac_ops.dspace_rad,,eez_v11.shp,WPP_BFAR_merge.shp,vbd_mpa_r20170830.shp,VNF-VBD_npp_20120301-20151231_global_asia-enhanced_c201607211230.bitmask,vbd_landsea_r20220824.mask,timezone.shp,VBD_platforms-recurring_2015_r20170330.shp,999999,VBD_bridges_c20160811.shp,14.122167;12.311656;9.816022;4.968679;7.298583;9.219633,85.094513;99.171051;112.915886;111.630913;98.030373;84.189926,npp_d20250902_t1858434_e1900076_b71766;npp_d20250902_t1900088_e1901330_b71766;npp_d20250902_t1901342_e1902584_b71766;npp_d20250902_t1902596_e1904238_b71766,149.203,62.6494,32.555,-80.3176,93.4715,-117.971
538,VBD_npp_d20250902_t1859406_x1025271E_y082593N_l0518_s2645_v23,2025-09-02 21:06:36,8.259338,102.527077,2.84503,2025-09-02 18:59:40,2025-09-03 01:59:40,518,2645,0.131622,4,35077,0.148038,0.055,0.397666,0.4,0.589816,0.75,6.68652e-06,0.0001,7.30811e-41,999999,1.820147e-01,3,Thailand Exclusive Economic Zone,,,SVDNB_npp_d20250902_t1858434_e1900076_b71766_c20250902202635057000_oeac_ops.h5,GDNBO_npp_d20250902_t1858434_e1900076_b71766_c20250902202419882000_oeac_ops.h5,SVI04_npp_d20250902_t1858434_e1900076_b71766_c20250902202643623000_oeac_ops.dspace_rad,,eez_v11.shp,WPP_BFAR_merge.shp,vbd_mpa_r20170830.shp,VNF-VBD_npp_20120301-20151231_global_asia-enhanced_c201607211230.bitmask,vbd_landsea_r20220824.mask,timezone.shp,VBD_platforms-recurring_2015_r20170330.shp,999999,VBD_bridges_c20160811.shp,14.122167;12.311656;9.816022;4.968679;7.298583;9.219633,85.094513;99.171051;112.915886;111.630913;98.030373;84.189926,npp_d20250902_t1858434_e1900076_b71766;npp_d20250902_t1900088_e1901330_b71766;npp_d20250902_t1901342_e1902584_b71766;npp_d20250902_t1902596_e1904238_b71766,148.273,60.7188,32.6048,-80.6496,94.3953,-117.874
539,VBD_npp_d20250902_t1859548_x1023379E_y074386N_l0644_s2646_v23,2025-09-02 21:06:36,7.438554,102.337875,4.68293,2025-09-02 18:59:54,2025-09-03 01:59:54,644,2646,0.183547,1,2401,0.325061,0.055,0.737558,0.4,0.876444,0.75,1.26918e-05,0.0001,3.93259e-40,999999,-1.258364e-01,3,Thailand Exclusive Economic Zone,,,SVDNB_npp_d20250902_t1858434_e1900076_b71766_c20250902202635057000_oeac_ops.h5,GDNBO_npp_d20250902_t1858434_e1900076_b71766_c20250902202419882000_oeac_ops.h5,SVI04_npp_d20250902_t1858434_e1900076_b71766_c20250902202643623000_oeac_ops.dspace_rad,,eez_v11.shp,WPP_BFAR_merge.shp,vbd_mpa_r20170830.shp,VNF-VBD_npp_20120301-20151231_global_asia-enhanced_c201607211230.bitmask,vbd_landsea_r20220824.mask,timezone.shp,VBD_platforms-recurring_2015_r20170330.shp,999999,VBD_bridges_c20160811.shp,14.122167;12.311656;9.816022;4.968679;7.298583;9.219633,85.094513;99.171051;112.915886;111.630913;98.030373;84.189926,npp_d20250902_t1858434_e1900076_b71766;npp_d20250902_t1900088_e1901330_b71766;npp_d20250902_t1901342_e1902584_b71766;npp_d20250902_t1902596_e1904238_b71766,148.781,61.7755,32.6497,-80.915,93.8961,-117.93
540,VBD_npp_d20250902_t1900055_x1021907E_y067790N_l0745_s2647_v23,2025-09-02 21:06:36,6.778998,102.190697,4.19451,2025-09-02 19:00:05,2025-09-03 02:00:05,745,2647,0.293729,8,18785,0.307482,0.055,0.788443,0.4,0.887715,0.75,1.43069e-05,0.0001,1.93556e-39,999999,1.029202e-01,3,Thailand Exclusive Economic Zone,,,SVDNB_npp_d20250902_t1858434_e1900076_b71766_c20250902202635057000_oeac_ops.h5,GDNBO_npp_d20250902_t1858434_e1900076_b71766_c20250902202419882000_oeac_ops.h5,SVI04_npp_d20250902_t1858434_e1900076_b71766_c20250902202643623000_oeac_ops.dspace_rad,,eez_v11.shp,WPP_BFAR_merge.shp,vbd_mpa_r20170830.shp,VNF-VBD_npp_20120301-20151231_global_asia-enhanced_c201607211230.bitmask,vbd_landsea_r20220824.mask,timezone.shp,VBD_platforms-recurring_2015_r20170330.shp,0.108726,VBD_bridges_c20160811.shp,14.122167;12.311656;9.816022;4.968679;7.298583;9.219633,85.094513;99.171051;112.915886;111.630913;98.030373;84.189926,npp_d20250902_t1858434_e1900076_b71766;npp_d20250902_t1900088_e1901330_b71766;npp_d20250902_t1901342_e1902584_b71766;npp_d20250902_t1902596_e1904238_b71766,149.179,62.6542,32.6894,-80.5047,93.496,-117.968
541,VBD_npp_d20250902_t1900073_x1022038E_y066898N_l0758_s2652_v23,2025-09-02 21:06:36,6.689775,102.203812,4.60979,2025-09-02 19:00:07,2025-09-03 02:00:07,758,2652,0.156162,1,2401,0.299778,0.055,0.758122,0.4,0.851916,0.75,1.37941e-05,0.0001,7.94548e-40,999999,4.562910e-02,3,Thailand Exclusive Economic Zone,,,SVDNB_npp_d20250902_t1858434_e1900076_b71766_c20250902202635057000_oeac_ops.h5,GDNBO_npp_d20250902_t1858434_e1900076_b71766_c20250902202419882000_oeac_ops.h5,SVI04_npp_d20250902_t1858434_e1900076_b71766_c20250902202643623000_oeac_ops.dspace_rad,,eez_v11.shp,WPP_BFAR_merge.shp,vbd_mpa_r20170830.shp,VNF-VBD_npp_20120301-20151231_global_asia-enhanced_c201607211230.bitmask,vbd_landsea_r20220824.mask,timezone.shp,VBD_platforms-recurring_2015_r20170330.shp,999999,VBD_bridges_c20160811.shp,14.122167;12.311656;9.816022;4.968679;7.298583;9.219633,85.094513;99.171051;112.915886;111.630913;98.030373;84.189926,npp_d20250902_t1858434_e1900076_b71766;npp_d20250902_t1900088_e1901330_b71766;npp_d20250902_t1901342_e1902584_b71766;npp_d20250902_t1902596_e1904238_b71766,149.201,62.8053,32.9157,-80.796,93.4719,-117.97
542,VBD_npp_d20250902_t1900073_x1022311E_y066853N_l0758_s2656_v23,2025-09-02 21:06:36,6.685261,102.231110,5.50898,2025-09-02 19:00:07,2025-09-03 02:00:07,758,2656,0.199481,1,2401,0.348025,0.055,0.752222,0.4,0.855889,0.75,1.33838e-05,0.0001,3.70449e-40,999999,-1.087464e-01,3,Thailand Exclusive Economic Zone,,,SVDNB_npp_d20250902_t1858434_e1900076_b71766_c20250902202635057000_oeac_ops.h5,GDNBO_npp_d20250902_t1858434_e1900076_b71766_c20250902202419882000_oeac_ops.h5,SVI04_npp_d20250902_t1858434_e1900076_b71766_c20250902202643623000_oeac_ops.dspace_rad,,eez_v11.shp,WPP_BFAR_merge.shp,vbd_mpa_r20170830.shp,VNF-VBD_npp_20120301-20151231_global_asia-enhanced_c201607211230.bitmask,vbd_landsea_r20220824.mask,timezone.shp,VBD_platforms-recurring_2015_r20170330.shp,999999,VBD_bridges_c20160811.shp,14.122167;12.311656;9.816022;4.968679;7.298583;9.219633,85.094513;99.171051;112.915886;111.630913;98.030373;84.189926,npp_d20250902_t1858434_e1900076_b71766;npp_d20250902_t1900088_e1901330_b71766;npp_d20250902_t1901342_e1902584_b71766;npp_d20250902_t1902596_e1904238_b71766,149.179,62.836,33.0953,-80.7921,93.4937,-117.967
543,VBD_npp_d20250902_t1859442_x1025886E_y080464N_l0548_s2661_v23,2025-09-02 21:06:36,8.046412,102.588623,10.2568,2025-09-02 18:59:44,2025-09-03 01:59:44,548,2661,0.364576,1,2401,0.563042,0.055,0.860421,0.4,0.927564,0.75,6.92518e-06,0.0001,4.42591e-42,999999,8.016575e-02,3,Thailand Exclusive Economic Zone,,,SVDNB_npp_d20250902_t1858434_e1900076_b71766_c20250902202635057000_oeac_ops.h5,GDNBO_npp_d20250902_t1858434_e1900076_b71766_c20250902202419882000_oeac_ops.h5,SVI04_npp_d20250902_t1858434_e1900076_b71766_c20250902202643623000_oeac_ops.dspace_rad,,eez_v11.shp,WPP_BFAR_merge.shp,vbd_mpa_r20170830.shp,VNF-VBD_npp_20120301-20151231_global_asia-enhanced_c201607211230.bitmask,vbd_landsea_r20220824.mask,timezone.shp,VBD_platforms-recurring_2015_r20170330.shp,999999,VBD_bridges_c20160811.shp,14.122167;12.311656;9.816022;4.968679;7.298583;9.219633,85.094513;99.171051;112.915886;111.630913;98.030373;84.189926,npp_d20250902_t1858434_e1900076_b71766;npp_d20250902_t1900088_e1901330_b71766;npp_d20250902_t1901342_e1902584_b71766;npp_d20250902_t1902596_e1904238_b71766,148.311,61.0903,33.321,-80.836,94.3621,-117.877
544,VBD_npp_d20250902_t1859353_x1027872E_y085609N_l0467_s2672_v23,2025-09-02 21:06:36,8.560915,102.787247,7.22231,2025-09-02 18:59:35,2025-09-03 01:59:35,467,2672,0.341672,1,2401,0.469497,0.055,0.848483,0.4,0.940858,0.75,4.19584e-06,0.0001,1.17513e-43,999999,2.066856e-01,3,Vietnamese Exclusive Economic Zone,,,SVDNB_npp_d20250902_t1858434_e1900076_b71766_c20250902202635057000_oeac_ops.h5,GDNBO_npp_d20250902_t1858434_e1900076_b71766_c20250902202419882000_oeac_ops.h5,SVI04_npp_d20250902_t1858434_e1900076_b71766_c20250902202643623000_oeac_ops.dspace_rad,,eez_v11.shp,WPP_BFAR_merge.shp,vbd_mpa_r20170830.shp,VNF-VBD_npp_20120301-20151231_global_asia-enhanced_c201607211230.bitmask,vbd_landsea_r20220824.mask,timezone.shp,VBD_platforms-recurring_2015_r20170330.shp,999999,VBD_bridges_c20160811.shp,14.122167;12.311656;9.816022;4.968679;7.298583;9.219633,85.094513;99.171051;112.915886;111.630913;98.030373;84.189926,npp_d20250902_t1858434_e1900076_b71766;npp_d20250902_t1900088_e1901330_b71766;npp_d20250902_t1901342_e1902584_b71766;npp_d20250902_t1902596_e1904238_b71766,147.92,60.5169,33.7956,-80.8528,94.7446,-117.83
545,VBD_npp_d20250902_t1859388_x1027782E_y083527N_l0498_s2678_v23,2025-09-02 21:06:36,8.352704,102.778198,1.34352,2025-09-02 18:59:38,2025-09-03 01:59:38,498,2678,0.233908,10,2305,0.0772684,0.055,0.368052,0.4,0.614719,0.75,4.70443e-06,0.0001,5.57942e-44,999999,6.960906e-02,3,Vietnamese Exclusive Economic Zone,,,SVDNB_npp_d20250902_t1858434_e1900076_b71766_c20250902202635057000_oeac_ops.h5,GDNBO_npp_d20250902_t1858434_e1900076_b71766_c20250902202419882000_oeac_ops.h5,SVI04_npp_d20250902_t1858434_e1900076_b71766_c20250902202643623000_oeac_ops.dspace_rad,,eez_v11.shp,WPP_BFAR_merge.shp,vbd_mpa_r20170830.shp,VNF-VBD_npp_20120301-20151231_global_asia-enhanced_c201607211230.bitmask,vbd_landsea_r20220824.mask,timezone.shp,VBD_platforms-recurring_2015_r20170330.shp,999999,VBD_bridges_c20160811.shp,14.122167;12.311656;9.816022;4.968679;7.298583;9.219633,85.094513;99.171051;112.915886;111.630913;98.030373;84.189926,npp_d20250902_t1858434_e1900076_b71766;npp_d20250902_t1900088_e1901330_b71766;npp_d20250902_t1901342_e1902584_b71766;npp_d20250902_t1902596_e1904238_b71766,148.017,60.8124,34.0524,-80.9524,94.652,-117.841
546,VBD_npp_d20250902_t1859531_x1025911E_y074699N_l0633_s2681_v23,2025-09-02 21:06:36,7.469931,102.591103,7.14054,2025-09-02 18:59:53,2025-09-03 01:59:53,633,2681,0.346082,1,35169,0.419565,0.055,0.86164,0.4,0.869631,0.75,9.23869e-06,0.0001,4.37265e-43,999999,1.663159e-01,3,Thailand Exclusive Economic Zone,,,SVDNB_npp_d20250902_t1858434_e1900076_b71766_c20250902202635057000_oeac_ops.h5,GDNBO_npp_d20250902_t1858434_e1900076_b71766_c20250902202419882000_oeac_ops.h5,SVI04_npp_d20250902_t1858434_e1900076_b71766_c20250902202643623000_oeac_ops.dspace_rad,,eez_v11.shp,WPP_BFAR_merge.shp,vbd_mpa_r20170830.shp,VNF-VBD_npp_20120301-20151231_global_asia-enhanced_c201607211230.bitmask,vbd_landsea_r20220824.mask,timezone.shp,VBD_platforms-recurring_2015_r20170330.shp,999999,VBD_bridges_c20160811.shp,14.122167;12.311656;9.816022;4.968679;7.298583;9.219633,85.094513;99.171051;112.915886;111.630913;98.030373;84.189926,npp_d20250902_t1858434_e1900076_b71766;npp_d20250902_t1900088_e1901330_b71766;npp_d20250902_t1901342_e1902584_b71766;npp_d20250902_t1902596_e1904238_b71766,148.551,61.9508,34.1771,-80.4146,94.1262,-117.902
547,VBD_npp_d20250902_t1859531_x1026154E_y074933N_l0629_s2684_v23,2025-09-02 21:06:36,7.493346,102.615387,31.1478,2025-09-02 18:59:53,2025-09-03 01:59:53,629,2684,0.147342,4,100709,0.85125,0.055,0.873385,0.4,0.936948,0.75,8.93566e-06,0.0001,1.84816e-43,999999,-2.756179e-01,3,Thailand Exclusive Economic Zone,,,SVDNB_npp_d20250902_t1858434_e1900076_b71766_c20250902202635057000_oeac_ops.h5,GDNBO_npp_d20250902_t1858434_e1900076_b71766_c20250902202419882000_oeac_ops.h5,SVI04_npp_d20250902_t1858434_e1900076_b71766_c20250902202643623000_oeac_ops.dspace_rad,,eez_v11.shp,WPP_BFAR_merge.shp,vbd_mpa_r20170830.shp,VNF-VBD_npp_20120301-20151231_global_asia-enhanced_c201607211230.bitmask,vbd_landsea_r20220824.mask,timezone.shp,VBD_platforms-recurring_2015_r20170330.shp,999999,VBD_bridges_c20160811.shp,14.122167;12.311656;9.816022;4.968679;7.298583;9.219633,85.094513;99.171051;112.915886;111.630913;98.030373;84.189926,npp_d20250902_t1858434_e1900076_b71766;npp_d20250902_t1900088_e1901330_b71766;npp_d20250902_t1901342_e1902584_b71766;npp_d20250902_t1902596_e1904238_b71766,148.519,61.9387,34.3046,-80.7633,94.1584,-117.899
548,VBD_npp_d20250902_t1859548_x1025939E_y073678N_l0648_s2685_v23,2025-09-02 21:06:36,7.367790,102.593864,3.2897,2025-09-02 18:59:54,2025-09-03 01:59:54,648,2685,0.247352,1,2401,0.246605,0.055,0.721903,0.4,0.853935,0.75,9.71946e-06,0.0001,2.41313e-43,999999,1.988614e-01,3,Thailand Exclusive Economic Zone,,,SVDNB_npp_d20250902_t1858434_e1900076_b71766_c20250902202635057000_oeac_ops.h5,GDNBO_npp_d20250902_t1858434_e1900076_b71766_c20250902202419882000_oeac_ops.h5,SVI04_npp_d20250902_t1858434_e1900076_b71766_c20250902202643623000_oeac_ops.dspace_rad,,eez_v11.shp,WPP_BFAR_merge.shp,vbd_mpa_r20170830.shp,VNF-VBD_npp_20120301-20151231_global_asia-enhanced_c201607211230.bitmask,vbd_landsea_r20220824.mask,timezone.shp,VBD_platforms-recurring_2015_r20170330.shp,999999,VBD_bridges_c20160811.shp,14.122167;12.311656;9.816022;4.968679;7.298583;9.219633,85.094513;99.171051;112.915886;111.630913;98.030373;84.189926,npp_d20250902_t1858434_e1900076_b71766;npp_d20250902_t1900088_e1901330_b71766;npp_d20250902_t1901342_e1902584_b71766;npp_d20250902_t1902596_e1904238_b71766,148.59,62.1075,34.3469,-80.506,94.0871,-117.906
549,VBD_npp_d20250902_t1859317_x1030454E_y086647N_l0445_s2705_v23,2025-09-02 21:06:36,8.664715,103.045433,1.08553,2025-09-02 18:59:31,2025-09-03 01:59:31,445,2705,0.304755,10,2305,0.0605774,0.055,0.300164,0.4,0.701314,0.75,3.20552e-06,0.0001,1.09414e-46,999999,-1.453841e-01,3,Vietnamese Exclusive Economic Zone,,,SVDNB_npp_d20250902_t1858434_e1900076_b71766_c20250902202635057000_oeac_ops.h5,GDNBO_npp_d20250902_t1858434_e1900076_b71766_c20250902202419882000_oeac_ops.h5,SVI04_npp_d20250902_t1858434_e1900076_b71766_c20250902202643623000_oeac_ops.dspace_rad,,eez_v11.shp,WPP_BFAR_merge.shp,vbd_mpa_r20170830.shp,VNF-VBD_npp_20120301-20151231_global_asia-enhanced_c201607211230.bitmask,vbd_landsea_r20220824.mask,timezone.shp,VBD_platforms-recurring_2015_r20170330.shp,999999,VBD_bridges_c20160811.shp,14.122167;12.311656;9.816022;4.968679;7.298583;9.219633,85.094513;99.171051;112.915886;111.630913;98.030373;84.189926,npp_d20250902_t1858434_e1900076_b71766;npp_d20250902_t1900088_e1901330_b71766;npp_d20250902_t1901342_e1902584_b71766;npp_d20250902_t1902596_e1904238_b71766,147.66,60.5976,35.1972,-79.9258,95.006,-117.795
550,VBD_npp_d20250902_t1858597_x1036020E_y105539N_l0152_s2719_v23,2025-09-02 21:06:36,10.553935,103.601952,3.96096,2025-09-02 18:58:59,2025-09-03 01:58:59,152,2719,0.147342,2,2337,0.108383,0.055,0.499518,0.4,0.444811,0.75,9.12377e-07,0.0001,8.07823e-51,999999,-4.692840e-01,3,,,,SVDNB_npp_d20250902_t1858434_e1900076_b71766_c20250902202635057000_oeac_ops.h5,GDNBO_npp_d20250902_t1858434_e1900076_b71766_c20250902202419882000_oeac_ops.h5,SVI04_npp_d20250902_t1858434_e1900076_b71766_c20250902202643623000_oeac_ops.dspace_rad,,eez_v11.shp,WPP_BFAR_merge.shp,vbd_mpa_r20170830.shp,VNF-VBD_npp_20120301-20151231_global_asia-enhanced_c201607211230.bitmask,vbd_landsea_r20220824.mask,timezone.shp,VBD_platforms-recurring_2015_r20170330.shp,999999,VBD_bridges_c20160811.shp,14.122167;12.311656;9.816022;4.968679;7.298583;9.219633,85.094513;99.171051;112.915886;111.630913;98.030373;84.189926,npp_d20250902_t1858434_e1900076_b71766;npp_d20250902_t1900088_e1901330_b71766;npp_d20250902_t1901342_e1902584_b71766;npp_d20250902_t1902596_e1904238_b71766,146.342,58.4857,35.7893,-80.1337,96.2558,-117.602
551,VBD_npp_d20250902_t1859495_x1029908E_y075918N_l0605_s2734_v23,2025-09-02 21:06:36,7.591753,102.990791,18.5314,2025-09-02 18:59:49,2025-09-03 01:59:49,605,2734,0.17366,4,100709,0.511189,0.055,0.700599,0.4,0.80359,0.75,6.03969e-06,0.0001,3.31137e-48,999999,1.398080e-02,3,Malaysian Exclusive Economic Zone,,,SVDNB_npp_d20250902_t1858434_e1900076_b71766_c20250902202635057000_oeac_ops.h5,GDNBO_npp_d20250902_t1858434_e1900076_b71766_c20250902202419882000_oeac_ops.h5,SVI04_npp_d20250902_t1858434_e1900076_b71766_c20250902202643623000_oeac_ops.dspace_rad,,eez_v11.shp,WPP_BFAR_merge.shp,vbd_mpa_r20170830.shp,VNF-VBD_npp_20120301-20151231_global_asia-enhanced_c201607211230.bitmask,vbd_landsea_r20220824.mask,timezone.shp,VBD_platforms-recurring_2015_r20170330.shp,999999,VBD_bridges_c20160811.shp,14.122167;12.311656;9.816022;4.968679;7.298583;9.219633,85.094513;99.171051;112.915886;111.630913;98.030373;84.189926,npp_d20250902_t1858434_e1900076_b71766;npp_d20250902_t1900088_e1901330_b71766;npp_d20250902_t1901342_e1902584_b71766;npp_d20250902_t1902596_e1904238_b71766,148.157,62.1169,36.4121,-80.0321,94.5205,-117.856
552,VBD_npp_d20250902_t1859015_x1038110E_y103815N_l0172_s2755_v23,2025-09-02 21:06:36,10.381456,103.810959,7.74956,2025-09-02 18:59:01,2025-09-03 01:59:01,172,2755,0.0981902,8,18721,0.33521,0.055,0.626257,0.4,0.71256,0.75,8.02899e-07,0.0001,1.6083e-54,999999,4.226926e-02,3,Cambodian Exclusive Economic Zone,,,SVDNB_npp_d20250902_t1858434_e1900076_b71766_c20250902202635057000_oeac_ops.h5,GDNBO_npp_d20250902_t1858434_e1900076_b71766_c20250902202419882000_oeac_ops.h5,SVI04_npp_d20250902_t1858434_e1900076_b71766_c20250902202643623000_oeac_ops.dspace_rad,,eez_v11.shp,WPP_BFAR_merge.shp,vbd_mpa_r20170830.shp,VNF-VBD_npp_20120301-20151231_global_asia-enhanced_c201607211230.bitmask,vbd_landsea_r20220824.mask,timezone.shp,VBD_platforms-recurring_2015_r20170330.shp,0.785314,VBD_bridges_c20160811.shp,14.122167;12.311656;9.816022;4.968679;7.298583;9.219633,85.094513;99.171051;112.915886;111.630913;98.030373;84.189926,npp_d20250902_t1858434_e1900076_b71766;npp_d20250902_t1900088_e1901330_b71766;npp_d20250902_t1901342_e1902584_b71766;npp_d20250902_t1902596_e1904238_b71766,146.25,58.9117,37.2527,-79.7832,96.3641,-117.586
553,VBD_npp_d20250902_t1859388_x1034502E_y081904N_l0505_s2780_v23,2025-09-02 21:06:36,8.190447,103.450157,14.4932,2025-09-02 18:59:38,2025-09-03 01:59:38,505,2780,0.384208,1,2401,0.71483,0.055,0.898302,0.4,0.976823,0.75,2.68284e-06,0.0001,4.51641e-54,999999,2.106289e-02,3,Vietnamese Exclusive Economic Zone,,,SVDNB_npp_d20250902_t1858434_e1900076_b71766_c20250902202635057000_oeac_ops.h5,GDNBO_npp_d20250902_t1858434_e1900076_b71766_c20250902202419882000_oeac_ops.h5,SVI04_npp_d20250902_t1858434_e1900076_b71766_c20250902202643623000_oeac_ops.dspace_rad,,eez_v11.shp,WPP_BFAR_merge.shp,vbd_mpa_r20170830.shp,VNF-VBD_npp_20120301-20151231_global_asia-enhanced_c201607211230.bitmask,vbd_landsea_r20220824.mask,timezone.shp,VBD_platforms-recurring_2015_r20170330.shp,999999,VBD_bridges_c20160811.shp,14.122167;12.311656;9.816022;4.968679;7.298583;9.219633,85.094513;99.171051;112.915886;111.630913;98.030373;84.189926,npp_d20250902_t1858434_e1900076_b71766;npp_d20250902_t1900088_e1901330_b71766;npp_d20250902_t1901342_e1902584_b71766;npp_d20250902_t1902596_e1904238_b71766,147.512,61.6422,38.2569,-80.252,95.1639,-117.776
554,VBD_npp_d20250902_t1859388_x1034818E_y081711N_l0507_s2785_v23,2025-09-02 21:06:36,8.171054,103.481773,3.09102,2025-09-02 18:59:38,2025-09-03 01:59:38,507,2785,0.343165,1,2401,0.232437,0.055,0.860768,0.4,0.854002,0.75,2.65123e-06,0.0001,1.39798e-54,999999,8.387036e-02,3,Vietnamese Exclusive Economic Zone,,,SVDNB_npp_d20250902_t1858434_e1900076_b71766_c20250902202635057000_oeac_ops.h5,GDNBO_npp_d20250902_t1858434_e1900076_b71766_c20250902202419882000_oeac_ops.h5,SVI04_npp_d20250902_t1858434_e1900076_b71766_c20250902202643623000_oeac_ops.dspace_rad,,eez_v11.shp,WPP_BFAR_merge.shp,vbd_mpa_r20170830.shp,VNF-VBD_npp_20120301-20151231_global_asia-enhanced_c201607211230.bitmask,vbd_landsea_r20220824.mask,timezone.shp,VBD_platforms-recurring_2015_r20170330.shp,999999,VBD_bridges_c20160811.shp,14.122167;12.311656;9.816022;4.968679;7.298583;9.219633,85.094513;99.171051;112.915886;111.630913;98.030373;84.189926,npp_d20250902_t1858434_e1900076_b71766;npp_d20250902_t1900088_e1901330_b71766;npp_d20250902_t1901342_e1902584_b71766;npp_d20250902_t1902596_e1904238_b71766,147.494,61.6969,38.4582,-80.0934,95.1825,-117.774
555,VBD_npp_d20250902_t1859299_x1039846E_y085976N_l0431_s2843_v23,2025-09-02 21:06:36,8.597626,103.984642,1.13426,2025-09-02 18:59:29,2025-09-03 01:59:29,431,2843,0.293587,10,2305,0.0607303,0.055,0.312608,0.4,0.458715,0.75,1.35596e-06,0.0001,2.36168e-62,999999,-2.499142e-01,3,Vietnamese Exclusive Economic Zone,,,SVDNB_npp_d20250902_t1858434_e1900076_b71766_c20250902202635057000_oeac_ops.h5,GDNBO_npp_d20250902_t1858434_e1900076_b71766_c20250902202419882000_oeac_ops.h5,SVI04_npp_d20250902_t1858434_e1900076_b71766_c20250902202643623000_oeac_ops.dspace_rad,,eez_v11.shp,WPP_BFAR_merge.shp,vbd_mpa_r20170830.shp,VNF-VBD_npp_20120301-20151231_global_asia-enhanced_c201607211230.bitmask,vbd_landsea_r20220824.mask,timezone.shp,VBD_platforms-recurring_2015_r20170330.shp,999999,VBD_bridges_c20160811.shp,14.122167;12.311656;9.816022;4.968679;7.298583;9.219633,85.094513;99.171051;112.915886;111.630913;98.030373;84.189926,npp_d20250902_t1858434_e1900076_b71766;npp_d20250902_t1900088_e1901330_b71766;npp_d20250902_t1901342_e1902584_b71766;npp_d20250902_t1902596_e1904238_b71766,146.886,61.5225,40.6603,-79.7054,95.7892,-117.693
556,VBD_npp_d20250902_t1859406_x1041991E_y079535N_l0521_s2897_v23,2025-09-02 21:06:36,7.953496,104.199074,1.18374,2025-09-02 18:59:40,2025-09-03 01:59:40,521,2897,0.343948,2,2337,0.0760584,0.055,0.458891,0.4,0.633164,0.75,1.51075e-06,0.0001,8.93761e-69,999999,-1.674133e-01,3,Vietnamese Exclusive Economic Zone,,,SVDNB_npp_d20250902_t1858434_e1900076_b71766_c20250902202635057000_oeac_ops.h5,GDNBO_npp_d20250902_t1858434_e1900076_b71766_c20250902202419882000_oeac_ops.h5,SVI04_npp_d20250902_t1858434_e1900076_b71766_c20250902202643623000_oeac_ops.dspace_rad,,eez_v11.shp,WPP_BFAR_merge.shp,vbd_mpa_r20170830.shp,VNF-VBD_npp_20120301-20151231_global_asia-enhanced_c201607211230.bitmask,vbd_landsea_r20220824.mask,timezone.shp,VBD_platforms-recurring_2015_r20170330.shp,999999,VBD_bridges_c20160811.shp,14.122167;12.311656;9.816022;4.968679;7.298583;9.219633,85.094513;99.171051;112.915886;111.630913;98.030373;84.189926,npp_d20250902_t1858434_e1900076_b71766;npp_d20250902_t1900088_e1901330_b71766;npp_d20250902_t1901342_e1902584_b71766;npp_d20250902_t1902596_e1904238_b71766,146.961,62.618,42.6358,-80.1665,95.7153,-117.714
557,VBD_npp_d20250902_t1859335_x1044286E_y083463N_l0457_s2916_v23,2025-09-02 21:06:36,8.346325,104.428642,1.72016,2025-09-02 18:59:33,2025-09-03 01:59:33,457,2916,0.16356,2,2337,0.101783,0.055,0.506154,0.4,0.694099,0.75,1.00128e-06,0.0001,1.32114e-72,999999,-9.904922e-02,3,Vietnamese Exclusive Economic Zone,,,SVDNB_npp_d20250902_t1858434_e1900076_b71766_c20250902202635057000_oeac_ops.h5,GDNBO_npp_d20250902_t1858434_e1900076_b71766_c20250902202419882000_oeac_ops.h5,SVI04_npp_d20250902_t1858434_e1900076_b71766_c20250902202643623000_oeac_ops.dspace_rad,,eez_v11.shp,WPP_BFAR_merge.shp,vbd_mpa_r20170830.shp,VNF-VBD_npp_20120301-20151231_global_asia-enhanced_c201607211230.bitmask,vbd_landsea_r20220824.mask,timezone.shp,VBD_platforms-recurring_2015_r20170330.shp,999999,VBD_bridges_c20160811.shp,14.122167;12.311656;9.816022;4.968679;7.298583;9.219633,85.094513;99.171051;112.915886;111.630913;98.030373;84.189926,npp_d20250902_t1858434_e1900076_b71766;npp_d20250902_t1900088_e1901330_b71766;npp_d20250902_t1901342_e1902584_b71766;npp_d20250902_t1902596_e1904238_b71766,146.604,62.2543,43.3215,-80.0967,96.0735,-117.663
558,VBD_npp_d20250902_t1859513_x1046667E_y072313N_l0616_s2990_v23,2025-09-02 21:06:36,7.231268,104.666664,10.9317,2025-09-02 18:59:51,2025-09-03 01:59:51,616,2990,0.370409,1,2401,0.608675,0.055,0.878079,0.4,0.956851,0.75,1.38417e-06,0.0001,4.48219e-82,999999,1.751331e-01,3,Vietnamese Exclusive Economic Zone,,,SVDNB_npp_d20250902_t1858434_e1900076_b71766_c20250902202635057000_oeac_ops.h5,GDNBO_npp_d20250902_t1858434_e1900076_b71766_c20250902202419882000_oeac_ops.h5,SVI04_npp_d20250902_t1858434_e1900076_b71766_c20250902202643623000_oeac_ops.dspace_rad,,eez_v11.shp,WPP_BFAR_merge.shp,vbd_mpa_r20170830.shp,VNF-VBD_npp_20120301-20151231_global_asia-enhanced_c201607211230.bitmask,vbd_landsea_r20220824.mask,timezone.shp,VBD_platforms-recurring_2015_r20170330.shp,999999,VBD_bridges_c20160811.shp,14.122167;12.311656;9.816022;4.968679;7.298583;9.219633,85.094513;99.171051;112.915886;111.630913;98.030373;84.189926,npp_d20250902_t1858434_e1900076_b71766;npp_d20250902_t1900088_e1901330_b71766;npp_d20250902_t1901342_e1902584_b71766;npp_d20250902_t1902596_e1904238_b71766,146.832,64.0251,45.8366,-80.2348,95.8272,-117.721
559,VBD_npp_d20250902_t1900020_x1045563E_y065530N_l0719_s2997_v23,2025-09-02 21:06:36,6.553040,104.556267,2.33306,2025-09-02 19:00:02,2025-09-03 02:00:02,719,2997,0.109073,4,100613,0.0871914,0.055,0.2622,0.4,0.444964,0.75,1.71409e-06,0.0001,2.83991e-81,999999,5.001403e-01,3,Malaysian Exclusive Economic Zone,,,SVDNB_npp_d20250902_t1858434_e1900076_b71766_c20250902202635057000_oeac_ops.h5,GDNBO_npp_d20250902_t1858434_e1900076_b71766_c20250902202419882000_oeac_ops.h5,SVI04_npp_d20250902_t1858434_e1900076_b71766_c20250902202643623000_oeac_ops.dspace_rad,,eez_v11.shp,WPP_BFAR_merge.shp,vbd_mpa_r20170830.shp,VNF-VBD_npp_20120301-20151231_global_asia-enhanced_c201607211230.bitmask,vbd_landsea_r20220824.mask,timezone.shp,VBD_platforms-recurring_2015_r20170330.shp,999999,VBD_bridges_c20160811.shp,14.122167;12.311656;9.816022;4.968679;7.298583;9.219633,85.094513;99.171051;112.915886;111.630913;98.030373;84.189926,npp_d20250902_t1858434_e1900076_b71766;npp_d20250902_t1900088_e1901330_b71766;npp_d20250902_t1901342_e1902584_b71766;npp_d20250902_t1902596_e1904238_b71766,147.183,64.9165,46.0772,-79.8889,95.4527,-117.776
19,VBD_npp_d20250902_t1900340_x0992930E_y055543N_l0228_s2272_v23,2025-09-02 21:06:36,5.554320,99.292999,6.89176,2025-09-02 19:00:34,2025-09-03 02:00:34,228,2272,0.375814,1,2529,0.416931,0.0685025,0.761731,0.4,0.881511,0.75,0.000328389,0.0001,2.76811e-18,999999,-7.088532e-02,3,Malaysian Exclusive Economic Zone,,,SVDNB_npp_d20250902_t1900088_e1901330_b71766_c20250902202637512000_oeac_ops.h5,GDNBO_npp_d20250902_t1900088_e1901330_b71766_c20250902202423995000_oeac_ops.h5,SVI04_npp_d20250902_t1900088_e1901330_b71766_c20250902202650921000_oeac_ops.dspace_rad,,eez_v11.shp,WPP_BFAR_merge.shp,vbd_mpa_r20170830.shp,VNF-VBD_npp_20120301-20151231_global_asia-enhanced_c201607211230.bitmask,vbd_landsea_r20220824.mask,timezone.shp,VBD_platforms-recurring_2015_r20170330.shp,999999,VBD_bridges_c20160811.shp,9.222181;7.293076;4.969974;0.102214;2.278198;4.331449,84.183754;98.022499;111.625702;110.460236;96.899437;83.185944,npp_d20250902_t1858434_e1900076_b71766;npp_d20250902_t1900088_e1901330_b71766;npp_d20250902_t1901342_e1902584_b71766;npp_d20250902_t1902596_e1904238_b71766,152.194,62.0015,13.7134,-81.91,90.4796,-118.263
21,VBD_npp_d20250902_t1900322_x0993273E_y055947N_l0221_s2275_v23,2025-09-02 21:06:36,5.594660,99.327332,8.08564,2025-09-02 19:00:32,2025-09-03 02:00:32,221,2275,0.356396,1,2529,0.467571,0.0685025,0.793266,0.4,0.878967,0.75,0.000320427,0.0001,2.83398e-18,999999,6.243156e-03,3,Malaysian Exclusive Economic Zone,,,SVDNB_npp_d20250902_t1900088_e1901330_b71766_c20250902202637512000_oeac_ops.h5,GDNBO_npp_d20250902_t1900088_e1901330_b71766_c20250902202423995000_oeac_ops.h5,SVI04_npp_d20250902_t1900088_e1901330_b71766_c20250902202650921000_oeac_ops.dspace_rad,,eez_v11.shp,WPP_BFAR_merge.shp,vbd_mpa_r20170830.shp,VNF-VBD_npp_20120301-20151231_global_asia-enhanced_c201607211230.bitmask,vbd_landsea_r20220824.mask,timezone.shp,VBD_platforms-recurring_2015_r20170330.shp,999999,VBD_bridges_c20160811.shp,9.222181;7.293076;4.969974;0.102214;2.278198;4.331449,84.183754;98.022499;111.625702;110.460236;96.899437;83.185944,npp_d20250902_t1858434_e1900076_b71766;npp_d20250902_t1900088_e1901330_b71766;npp_d20250902_t1901342_e1902584_b71766;npp_d20250902_t1902596_e1904238_b71766,152.152,61.9604,13.8828,-79.7303,90.5225,-118.261
22,VBD_npp_d20250902_t1900340_x0993133E_y055511N_l0228_s2275_v23,2025-09-02 21:06:36,5.551076,99.313324,4.5409,2025-09-02 19:00:34,2025-09-03 02:00:34,228,2275,0.348002,8,18849,0.202448,0.0685025,0.739266,0.4,0.634087,0.75,0.000325584,0.0001,2.18477e-18,999999,9.592854e-02,3,Malaysian Exclusive Economic Zone,,,SVDNB_npp_d20250902_t1900088_e1901330_b71766_c20250902202637512000_oeac_ops.h5,GDNBO_npp_d20250902_t1900088_e1901330_b71766_c20250902202423995000_oeac_ops.h5,SVI04_npp_d20250902_t1900088_e1901330_b71766_c20250902202650921000_oeac_ops.dspace_rad,,eez_v11.shp,WPP_BFAR_merge.shp,vbd_mpa_r20170830.shp,VNF-VBD_npp_20120301-20151231_global_asia-enhanced_c201607211230.bitmask,vbd_landsea_r20220824.mask,timezone.shp,VBD_platforms-recurring_2015_r20170330.shp,0.388849,VBD_bridges_c20160811.shp,9.222181;7.293076;4.969974;0.102214;2.278198;4.331449,84.183754;98.022499;111.625702;110.460236;96.899437;83.185944,npp_d20250902_t1858434_e1900076_b71766;npp_d20250902_t1900088_e1901330_b71766;npp_d20250902_t1901342_e1902584_b71766;npp_d20250902_t1902596_e1904238_b71766,152.178,62.0268,13.883,-81.8974,90.4958,-118.261
23,VBD_npp_d20250902_t1900322_x0993308E_y055732N_l0224_s2276_v23,2025-09-02 21:06:36,5.573168,99.330849,3.34529,2025-09-02 19:00:32,2025-09-03 02:00:32,224,2276,0.355115,2,2465,0.200827,0.0685025,0.781161,0.4,0.718411,0.75,0.000321706,0.0001,2.9335e-18,999999,-2.553425e-01,3,Malaysian Exclusive Economic Zone,,,SVDNB_npp_d20250902_t1900088_e1901330_b71766_c20250902202637512000_oeac_ops.h5,GDNBO_npp_d20250902_t1900088_e1901330_b71766_c20250902202423995000_oeac_ops.h5,SVI04_npp_d20250902_t1900088_e1901330_b71766_c20250902202650921000_oeac_ops.dspace_rad,,eez_v11.shp,WPP_BFAR_merge.shp,vbd_mpa_r20170830.shp,VNF-VBD_npp_20120301-20151231_global_asia-enhanced_c201607211230.bitmask,vbd_landsea_r20220824.mask,timezone.shp,VBD_platforms-recurring_2015_r20170330.shp,999999,VBD_bridges_c20160811.shp,9.222181;7.293076;4.969974;0.102214;2.278198;4.331449,84.183754;98.022499;111.625702;110.460236;96.899437;83.185944,npp_d20250902_t1858434_e1900076_b71766;npp_d20250902_t1900088_e1901330_b71766;npp_d20250902_t1901342_e1902584_b71766;npp_d20250902_t1902596_e1904238_b71766,152.159,61.9998,13.9439,-79.014,90.5154,-118.26
24,VBD_npp_d20250902_t1900340_x0993302E_y055693N_l0225_s2277_v23,2025-09-02 21:06:36,5.569311,99.330154,6.76226,2025-09-02 19:00:34,2025-09-03 02:00:34,225,2277,0.344872,1,2529,0.269918,0.0685025,0.781161,0.4,0.760609,0.75,0.000321509,0.0001,1.65574e-18,999999,-5.939742e-02,3,Malaysian Exclusive Economic Zone,,,SVDNB_npp_d20250902_t1900088_e1901330_b71766_c20250902202637512000_oeac_ops.h5,GDNBO_npp_d20250902_t1900088_e1901330_b71766_c20250902202423995000_oeac_ops.h5,SVI04_npp_d20250902_t1900088_e1901330_b71766_c20250902202650921000_oeac_ops.dspace_rad,,eez_v11.shp,WPP_BFAR_merge.shp,vbd_mpa_r20170830.shp,VNF-VBD_npp_20120301-20151231_global_asia-enhanced_c201607211230.bitmask,vbd_landsea_r20220824.mask,timezone.shp,VBD_platforms-recurring_2015_r20170330.shp,999999,VBD_bridges_c20160811.shp,9.222181;7.293076;4.969974;0.102214;2.278198;4.331449,84.183754;98.022499;111.625702;110.460236;96.899437;83.185944,npp_d20250902_t1858434_e1900076_b71766;npp_d20250902_t1900088_e1901330_b71766;npp_d20250902_t1901342_e1902584_b71766;npp_d20250902_t1902596_e1904238_b71766,152.155,62.0129,14,-82.6071,90.5192,-118.259
25,VBD_npp_d20250902_t1900322_x0993499E_y056050N_l0219_s2278_v23,2025-09-02 21:06:36,5.604973,99.349861,3.24008,2025-09-02 19:00:32,2025-09-03 02:00:32,219,2278,0.315851,1,2529,0.217965,0.0685025,0.793266,0.4,0.770482,0.75,0.00031617,0.0001,2.06834e-18,999999,2.461368e-01,3,Malaysian Exclusive Economic Zone,,,SVDNB_npp_d20250902_t1900088_e1901330_b71766_c20250902202637512000_oeac_ops.h5,GDNBO_npp_d20250902_t1900088_e1901330_b71766_c20250902202423995000_oeac_ops.h5,SVI04_npp_d20250902_t1900088_e1901330_b71766_c20250902202650921000_oeac_ops.dspace_rad,,eez_v11.shp,WPP_BFAR_merge.shp,vbd_mpa_r20170830.shp,VNF-VBD_npp_20120301-20151231_global_asia-enhanced_c201607211230.bitmask,vbd_landsea_r20220824.mask,timezone.shp,VBD_platforms-recurring_2015_r20170330.shp,999999,VBD_bridges_c20160811.shp,9.222181;7.293076;4.969974;0.102214;2.278198;4.331449,84.183754;98.022499;111.625702;110.460236;96.899437;83.185944,npp_d20250902_t1858434_e1900076_b71766;npp_d20250902_t1900088_e1901330_b71766;npp_d20250902_t1901342_e1902584_b71766;npp_d20250902_t1902596_e1904238_b71766,152.127,61.9653,14.0506,-80.2203,90.5471,-118.258
27,VBD_npp_d20250902_t1900198_x0998517E_y063169N_l0102_s2327_v23,2025-09-02 21:06:36,6.316923,99.851685,8.79782,2025-09-02 19:00:19,2025-09-03 03:00:19,102,2327,0.232201,2,2465,0.323453,0.108972,0.541695,0.4,0.726315,0.75,0.000226066,0.0001,1.40888e-20,999999,7.632299e-01,1,,,,SVDNB_npp_d20250902_t1900088_e1901330_b71766_c20250902202637512000_oeac_ops.h5,GDNBO_npp_d20250902_t1900088_e1901330_b71766_c20250902202423995000_oeac_ops.h5,SVI04_npp_d20250902_t1900088_e1901330_b71766_c20250902202650921000_oeac_ops.dspace_rad,,eez_v11.shp,WPP_BFAR_merge.shp,vbd_mpa_r20170830.shp,VNF-VBD_npp_20120301-20151231_global_asia-enhanced_c201607211230.bitmask,vbd_landsea_r20220824.mask,timezone.shp,VBD_platforms-recurring_2015_r20170330.shp,999999,VBD_bridges_c20160811.shp,9.222181;7.293076;4.969974;0.102214;2.278198;4.331449,84.183754;98.022499;111.625702;110.460236;96.899437;83.185944,npp_d20250902_t1858434_e1900076_b71766;npp_d20250902_t1900088_e1901330_b71766;npp_d20250902_t1901342_e1902584_b71766;npp_d20250902_t1902596_e1904238_b71766,151.395,61.2422,16.7592,-81.2616,91.2797,-118.212
28,VBD_npp_d20250902_t1900304_x0999003E_y055898N_l0208_s2357_v23,2025-09-02 21:06:36,5.589751,99.900314,6.54646,2025-09-02 19:00:30,2025-09-03 02:00:30,208,2357,0.38748,1,2529,0.42739,0.108972,0.770379,0.4,0.913295,0.75,0.00024177,0.0001,2.40613e-21,999999,-1.630598e-02,3,Malaysian Exclusive Economic Zone,,,SVDNB_npp_d20250902_t1900088_e1901330_b71766_c20250902202637512000_oeac_ops.h5,GDNBO_npp_d20250902_t1900088_e1901330_b71766_c20250902202423995000_oeac_ops.h5,SVI04_npp_d20250902_t1900088_e1901330_b71766_c20250902202650921000_oeac_ops.dspace_rad,,eez_v11.shp,WPP_BFAR_merge.shp,vbd_mpa_r20170830.shp,VNF-VBD_npp_20120301-20151231_global_asia-enhanced_c201607211230.bitmask,vbd_landsea_r20220824.mask,timezone.shp,VBD_platforms-recurring_2015_r20170330.shp,999999,VBD_bridges_c20160811.shp,9.222181;7.293076;4.969974;0.102214;2.278198;4.331449,84.183754;98.022499;111.625702;110.460236;96.899437;83.185944,npp_d20250902_t1858434_e1900076_b71766;npp_d20250902_t1900088_e1901330_b71766;npp_d20250902_t1901342_e1902584_b71766;npp_d20250902_t1902596_e1904238_b71766,151.656,62.5148,18.41,-79.4582,91.0163,-118.205
29,VBD_npp_d20250902_t1900322_x0998997E_y055859N_l0209_s2358_v23,2025-09-02 21:06:36,5.585923,99.899681,5.56846,2025-09-02 19:00:32,2025-09-03 02:00:32,209,2358,0.38499,1,2529,0.370634,0.108972,0.770379,0.4,0.905406,0.75,0.000241614,0.0001,1.30429e-21,999999,-1.065297e-02,3,Malaysian Exclusive Economic Zone,,,SVDNB_npp_d20250902_t1900088_e1901330_b71766_c20250902202637512000_oeac_ops.h5,GDNBO_npp_d20250902_t1900088_e1901330_b71766_c20250902202423995000_oeac_ops.h5,SVI04_npp_d20250902_t1900088_e1901330_b71766_c20250902202650921000_oeac_ops.dspace_rad,,eez_v11.shp,WPP_BFAR_merge.shp,vbd_mpa_r20170830.shp,VNF-VBD_npp_20120301-20151231_global_asia-enhanced_c201607211230.bitmask,vbd_landsea_r20220824.mask,timezone.shp,VBD_platforms-recurring_2015_r20170330.shp,999999,VBD_bridges_c20160811.shp,9.222181;7.293076;4.969974;0.102214;2.278198;4.331449,84.183754;98.022499;111.625702;110.460236;96.899437;83.185944,npp_d20250902_t1858434_e1900076_b71766;npp_d20250902_t1900088_e1901330_b71766;npp_d20250902_t1901342_e1902584_b71766;npp_d20250902_t1902596_e1904238_b71766,151.652,62.5276,18.4652,-82.148,91.0202,-118.204
54,VBD_npp_d20250902_t1900091_x1020791E_y065672N_l0011_s2638_v23,2025-09-02 21:06:36,6.567229,102.079117,1.71106,2025-09-02 19:00:09,2025-09-03 02:00:09,11,2638,0.206594,2,2337,0.0970539,0.055,0.48921,0.4,0.621756,0.75,2.75779e-05,0.0001,1.80405e-38,999999,-6.170239e-02,3,Thailand Exclusive Economic Zone,,,SVDNB_npp_d20250902_t1900088_e1901330_b71766_c20250902202637512000_oeac_ops.h5,GDNBO_npp_d20250902_t1900088_e1901330_b71766_c20250902202423995000_oeac_ops.h5,SVI04_npp_d20250902_t1900088_e1901330_b71766_c20250902202650921000_oeac_ops.dspace_rad,,eez_v11.shp,WPP_BFAR_merge.shp,vbd_mpa_r20170830.shp,VNF-VBD_npp_20120301-20151231_global_asia-enhanced_c201607211230.bitmask,vbd_landsea_r20220824.mask,timezone.shp,VBD_platforms-recurring_2015_r20170330.shp,999999,VBD_bridges_c20160811.shp,9.222181;7.293076;4.969974;0.102214;2.278198;4.331449,84.183754;98.022499;111.625702;110.460236;96.899437;83.185944,npp_d20250902_t1858434_e1900076_b71766;npp_d20250902_t1900088_e1901330_b71766;npp_d20250902_t1901342_e1902584_b71766;npp_d20250902_t1902596_e1904238_b71766,149.361,62.8858,32.289,-80.3389,93.3115,-117.986
55,VBD_npp_d20250902_t1900109_x1020933E_y065262N_l0017_s2642_v23,2025-09-02 21:06:36,6.526171,102.093300,1.35762,2025-09-02 19:00:10,2025-09-03 02:00:10,17,2642,0.225088,2,2337,0.0689767,0.055,0.749132,0.4,0.579428,0.75,2.7901e-05,0.0001,5.99482e-39,999999,1.284459e-03,3,Thailand Exclusive Economic Zone,,,SVDNB_npp_d20250902_t1900088_e1901330_b71766_c20250902202637512000_oeac_ops.h5,GDNBO_npp_d20250902_t1900088_e1901330_b71766_c20250902202423995000_oeac_ops.h5,SVI04_npp_d20250902_t1900088_e1901330_b71766_c20250902202650921000_oeac_ops.dspace_rad,,eez_v11.shp,WPP_BFAR_merge.shp,vbd_mpa_r20170830.shp,VNF-VBD_npp_20120301-20151231_global_asia-enhanced_c201607211230.bitmask,vbd_landsea_r20220824.mask,timezone.shp,VBD_platforms-recurring_2015_r20170330.shp,999999,VBD_bridges_c20160811.shp,9.222181;7.293076;4.969974;0.102214;2.278198;4.331449,84.183754;98.022499;111.625702;110.460236;96.899437;83.185944,npp_d20250902_t1858434_e1900076_b71766;npp_d20250902_t1900088_e1901330_b71766;npp_d20250902_t1901342_e1902584_b71766;npp_d20250902_t1902596_e1904238_b71766,149.36,62.9665,32.4735,-81.2963,93.3109,-117.985
57,VBD_npp_d20250902_t1900109_x1021249E_y065071N_l0019_s2647_v23,2025-09-02 21:06:36,6.507133,102.124863,9.08532,2025-09-02 19:00:10,2025-09-03 02:00:10,19,2647,0.28747,1,2401,0.50987,0.055,0.85027,0.4,0.921495,0.75,2.7254e-05,0.0001,2.69224e-39,999999,9.143239e-02,3,Thailand Exclusive Economic Zone,,,SVDNB_npp_d20250902_t1900088_e1901330_b71766_c20250902202637512000_oeac_ops.h5,GDNBO_npp_d20250902_t1900088_e1901330_b71766_c20250902202423995000_oeac_ops.h5,SVI04_npp_d20250902_t1900088_e1901330_b71766_c20250902202650921000_oeac_ops.dspace_rad,,eez_v11.shp,WPP_BFAR_merge.shp,vbd_mpa_r20170830.shp,VNF-VBD_npp_20120301-20151231_global_asia-enhanced_c201607211230.bitmask,vbd_landsea_r20220824.mask,timezone.shp,VBD_platforms-recurring_2015_r20170330.shp,999999,VBD_bridges_c20160811.shp,9.222181;7.293076;4.969974;0.102214;2.278198;4.331449,84.183754;98.022499;111.625702;110.460236;96.899437;83.185944,npp_d20250902_t1858434_e1900076_b71766;npp_d20250902_t1900088_e1901330_b71766;npp_d20250902_t1901342_e1902584_b71766;npp_d20250902_t1902596_e1904238_b71766,149.341,63.0227,32.6967,-81.1006,93.3297,-117.983
58,VBD_npp_d20250902_t1900109_x1021305E_y064575N_l0026_s2649_v23,2025-09-02 21:06:36,6.457509,102.130531,3.91944,2025-09-02 19:00:10,2025-09-03 02:00:10,26,2649,0.220749,1,2401,0.255235,0.055,0.817096,0.4,0.757534,0.75,2.80575e-05,0.0001,2.82933e-39,999999,1.946180e-01,3,Thailand Exclusive Economic Zone,,,SVDNB_npp_d20250902_t1900088_e1901330_b71766_c20250902202637512000_oeac_ops.h5,GDNBO_npp_d20250902_t1900088_e1901330_b71766_c20250902202423995000_oeac_ops.h5,SVI04_npp_d20250902_t1900088_e1901330_b71766_c20250902202650921000_oeac_ops.dspace_rad,,eez_v11.shp,WPP_BFAR_merge.shp,vbd_mpa_r20170830.shp,VNF-VBD_npp_20120301-20151231_global_asia-enhanced_c201607211230.bitmask,vbd_landsea_r20220824.mask,timezone.shp,VBD_platforms-recurring_2015_r20170330.shp,999999,VBD_bridges_c20160811.shp,9.222181;7.293076;4.969974;0.102214;2.278198;4.331449,84.183754;98.022499;111.625702;110.460236;96.899437;83.185944,npp_d20250902_t1858434_e1900076_b71766;npp_d20250902_t1900088_e1901330_b71766;npp_d20250902_t1901342_e1902584_b71766;npp_d20250902_t1902596_e1904238_b71766,149.359,63.1023,32.7852,-80.441,93.3114,-117.984
61,VBD_npp_d20250902_t1900126_x1024191E_y063494N_l0035_s2695_v23,2025-09-02 21:06:36,6.349412,102.419113,3.14028,2025-09-02 19:00:12,2025-09-03 02:00:12,35,2695,0.181769,2,2337,0.206306,0.055,0.643012,0.4,0.695517,0.75,2.13235e-05,0.0001,3.607e-43,999999,-5.303602e-02,3,Malaysian Exclusive Economic Zone,,,SVDNB_npp_d20250902_t1900088_e1901330_b71766_c20250902202637512000_oeac_ops.h5,GDNBO_npp_d20250902_t1900088_e1901330_b71766_c20250902202423995000_oeac_ops.h5,SVI04_npp_d20250902_t1900088_e1901330_b71766_c20250902202650921000_oeac_ops.dspace_rad,,eez_v11.shp,WPP_BFAR_merge.shp,vbd_mpa_r20170830.shp,VNF-VBD_npp_20120301-20151231_global_asia-enhanced_c201607211230.bitmask,vbd_landsea_r20220824.mask,timezone.shp,VBD_platforms-recurring_2015_r20170330.shp,999999,VBD_bridges_c20160811.shp,9.222181;7.293076;4.969974;0.102214;2.278198;4.331449,84.183754;98.022499;111.625702;110.460236;96.899437;83.185944,npp_d20250902_t1858434_e1900076_b71766;npp_d20250902_t1900088_e1901330_b71766;npp_d20250902_t1901342_e1902584_b71766;npp_d20250902_t1902596_e1904238_b71766,149.144,63.5199,34.7695,-81.0359,93.5201,-117.961
62,VBD_npp_d20250902_t1900126_x1025028E_y063149N_l0038_s2708_v23,2025-09-02 21:06:36,6.314853,102.502754,1.42935,2025-09-02 19:00:12,2025-09-03 02:00:12,38,2708,0.212924,10,2305,0.0700056,0.055,0.276107,0.4,0.607622,0.75,2.02124e-05,0.0001,3.04942e-44,999999,6.701921e-02,3,Malaysian Exclusive Economic Zone,,,SVDNB_npp_d20250902_t1900088_e1901330_b71766_c20250902202637512000_oeac_ops.h5,GDNBO_npp_d20250902_t1900088_e1901330_b71766_c20250902202423995000_oeac_ops.h5,SVI04_npp_d20250902_t1900088_e1901330_b71766_c20250902202650921000_oeac_ops.dspace_rad,,eez_v11.shp,WPP_BFAR_merge.shp,vbd_mpa_r20170830.shp,VNF-VBD_npp_20120301-20151231_global_asia-enhanced_c201607211230.bitmask,vbd_landsea_r20220824.mask,timezone.shp,VBD_platforms-recurring_2015_r20170330.shp,999999,VBD_bridges_c20160811.shp,9.222181;7.293076;4.969974;0.102214;2.278198;4.331449,84.183754;98.022499;111.625702;110.460236;96.899437;83.185944,npp_d20250902_t1858434_e1900076_b71766;npp_d20250902_t1900088_e1901330_b71766;npp_d20250902_t1901342_e1902584_b71766;npp_d20250902_t1902596_e1904238_b71766,149.085,63.6427,35.3206,-80.7647,93.5772,-117.955
64,VBD_npp_d20250902_t1900162_x1026825E_y059997N_l0080_s2744_v23,2025-09-02 21:06:36,5.999671,102.682533,1.49777,2025-09-02 19:00:16,2025-09-03 03:00:16,80,2744,0.185468,10,2305,0.0632004,0.055,0.228182,0.4,0.619324,0.75,1.98971e-05,0.0001,4.8014e-47,999999,9.381135e-02,3,Malaysian Exclusive Economic Zone,,,SVDNB_npp_d20250902_t1900088_e1901330_b71766_c20250902202637512000_oeac_ops.h5,GDNBO_npp_d20250902_t1900088_e1901330_b71766_c20250902202423995000_oeac_ops.h5,SVI04_npp_d20250902_t1900088_e1901330_b71766_c20250902202650921000_oeac_ops.dspace_rad,,eez_v11.shp,WPP_BFAR_merge.shp,vbd_mpa_r20170830.shp,VNF-VBD_npp_20120301-20151231_global_asia-enhanced_c201607211230.bitmask,vbd_landsea_r20220824.mask,timezone.shp,VBD_platforms-recurring_2015_r20170330.shp,999999,VBD_bridges_c20160811.shp,9.222181;7.293076;4.969974;0.102214;2.278198;4.331449,84.183754;98.022499;111.625702;110.460236;96.899437;83.185944,npp_d20250902_t1858434_e1900076_b71766;npp_d20250902_t1900088_e1901330_b71766;npp_d20250902_t1901342_e1902584_b71766;npp_d20250902_t1902596_e1904238_b71766,149.05,64.2778,36.8153,-79.9482,93.5999,-117.952
67,VBD_npp_d20250902_t1900162_x1032127E_y059313N_l0077_s2824_v23,2025-09-02 21:06:36,5.931328,103.212715,1.85903,2025-09-02 19:00:16,2025-09-03 03:00:16,77,2824,0.174656,2,2337,0.112615,0.055,0.501585,0.4,0.737582,0.75,1.17165e-05,0.0001,2.14985e-55,999999,3.885558e-01,3,Malaysian Exclusive Economic Zone,,,SVDNB_npp_d20250902_t1900088_e1901330_b71766_c20250902202637512000_oeac_ops.h5,GDNBO_npp_d20250902_t1900088_e1901330_b71766_c20250902202423995000_oeac_ops.h5,SVI04_npp_d20250902_t1900088_e1901330_b71766_c20250902202650921000_oeac_ops.dspace_rad,,eez_v11.shp,WPP_BFAR_merge.shp,vbd_mpa_r20170830.shp,VNF-VBD_npp_20120301-20151231_global_asia-enhanced_c201607211230.bitmask,vbd_landsea_r20220824.mask,timezone.shp,VBD_platforms-recurring_2015_r20170330.shp,999999,VBD_bridges_c20160811.shp,9.222181;7.293076;4.969974;0.102214;2.278198;4.331449,84.183754;98.022499;111.625702;110.460236;96.899437;83.185944,npp_d20250902_t1858434_e1900076_b71766;npp_d20250902_t1900088_e1901330_b71766;npp_d20250902_t1901342_e1902584_b71766;npp_d20250902_t1902596_e1904238_b71766,148.603,64.8096,39.9434,-80.1741,94.0334,-117.912
95,VBD_npp_d20250902_t1900162_x1045061E_y057958N_l0065_s3017_v23,2025-09-02 21:06:36,5.795756,104.506104,1.57991,2025-09-02 19:00:16,2025-09-03 03:00:16,65,3017,0.0884453,8,18689,0.0677029,0.055,0.298902,0.4,0.492082,0.75,3.43534e-06,0.0001,4.53411e-83,999999,-1.649064e-01,3,Malaysian Exclusive Economic Zone,,,SVDNB_npp_d20250902_t1900088_e1901330_b71766_c20250902202637512000_oeac_ops.h5,GDNBO_npp_d20250902_t1900088_e1901330_b71766_c20250902202423995000_oeac_ops.h5,SVI04_npp_d20250902_t1900088_e1901330_b71766_c20250902202650921000_oeac_ops.dspace_rad,,eez_v11.shp,WPP_BFAR_merge.shp,vbd_mpa_r20170830.shp,VNF-VBD_npp_20120301-20151231_global_asia-enhanced_c201607211230.bitmask,vbd_landsea_r20220824.mask,timezone.shp,VBD_platforms-recurring_2015_r20170330.shp,0.214423,VBD_bridges_c20160811.shp,9.222181;7.293076;4.969974;0.102214;2.278198;4.331449,84.183754;98.022499;111.625702;110.460236;96.899437;83.185944,npp_d20250902_t1858434_e1900076_b71766;npp_d20250902_t1900088_e1901330_b71766;npp_d20250902_t1901342_e1902584_b71766;npp_d20250902_t1902596_e1904238_b71766,147.489,65.998,46.7303,-80.8184,95.1061,-117.826
96,VBD_npp_d20250902_t1900180_x1044779E_y055894N_l0096_s3019_v23,2025-09-02 21:06:36,5.589408,104.477875,3.23713,2025-09-02 19:00:18,2025-09-03 03:00:18,96,3019,0.089939,4,100613,0.0832587,0.055,0.262062,0.4,0.51043,0.75,3.86627e-06,0.0001,1.9766e-82,999999,4.653812e-01,3,Malaysian Exclusive Economic Zone,,,SVDNB_npp_d20250902_t1900088_e1901330_b71766_c20250902202637512000_oeac_ops.h5,GDNBO_npp_d20250902_t1900088_e1901330_b71766_c20250902202423995000_oeac_ops.h5,SVI04_npp_d20250902_t1900088_e1901330_b71766_c20250902202650921000_oeac_ops.dspace_rad,,eez_v11.shp,WPP_BFAR_merge.shp,vbd_mpa_r20170830.shp,VNF-VBD_npp_20120301-20151231_global_asia-enhanced_c201607211230.bitmask,vbd_landsea_r20220824.mask,timezone.shp,VBD_platforms-recurring_2015_r20170330.shp,999999,VBD_bridges_c20160811.shp,9.222181;7.293076;4.969974;0.102214;2.278198;4.331449,84.183754;98.022499;111.625702;110.460236;96.899437;83.185944,npp_d20250902_t1858434_e1900076_b71766;npp_d20250902_t1900088_e1901330_b71766;npp_d20250902_t1901342_e1902584_b71766;npp_d20250902_t1902596_e1904238_b71766,147.592,66.2794,46.7962,-79.9607,94.9914,-117.84
99,VBD_npp_d20250902_t1900180_x1045111E_y055836N_l0096_s3024_v23,2025-09-02 21:06:36,5.583643,104.511101,4.52371,2025-09-02 19:00:18,2025-09-03 03:00:18,96,3024,0.112488,7,35073,0.0574918,0.055,0.221484,0.4,0.268378,0.75,3.75765e-06,0.0001,2.67867e-83,999999,6.919767e-01,3,,,,SVDNB_npp_d20250902_t1900088_e1901330_b71766_c20250902202637512000_oeac_ops.h5,GDNBO_npp_d20250902_t1900088_e1901330_b71766_c20250902202423995000_oeac_ops.h5,SVI04_npp_d20250902_t1900088_e1901330_b71766_c20250902202650921000_oeac_ops.dspace_rad,,eez_v11.shp,WPP_BFAR_merge.shp,vbd_mpa_r20170830.shp,VNF-VBD_npp_20120301-20151231_global_asia-enhanced_c201607211230.bitmask,vbd_landsea_r20220824.mask,timezone.shp,VBD_platforms-recurring_2015_r20170330.shp,999999,VBD_bridges_c20160811.shp,9.222181;7.293076;4.969974;0.102214;2.278198;4.331449,84.183754;98.022499;111.625702;110.460236;96.899437;83.185944,npp_d20250902_t1858434_e1900076_b71766;npp_d20250902_t1900088_e1901330_b71766;npp_d20250902_t1901342_e1902584_b71766;npp_d20250902_t1902596_e1904238_b71766,147.564,66.3119,46.9579,-79.9589,95.0179,-117.839
131,VBD_npp_d20250902_t1900180_x1047865E_y055443N_l0095_s3065_v23,2025-09-02 21:06:36,5.544323,104.786545,4.05468,2025-09-02 19:00:18,2025-09-03 03:00:18,95,3065,0.101249,4,100613,0.122643,0.055,0.307971,0.4,0.427643,0.75,2.85588e-06,0.0001,6.60718e-91,999999,-3.673219e-01,3,Malaysian Exclusive Economic Zone,,,SVDNB_npp_d20250902_t1900088_e1901330_b71766_c20250902202637512000_oeac_ops.h5,GDNBO_npp_d20250902_t1900088_e1901330_b71766_c20250902202423995000_oeac_ops.h5,SVI04_npp_d20250902_t1900088_e1901330_b71766_c20250902202650921000_oeac_ops.dspace_rad,,eez_v11.shp,WPP_BFAR_merge.shp,vbd_mpa_r20170830.shp,VNF-VBD_npp_20120301-20151231_global_asia-enhanced_c201607211230.bitmask,vbd_landsea_r20220824.mask,timezone.shp,VBD_platforms-recurring_2015_r20170330.shp,999999,VBD_bridges_c20160811.shp,9.222181;7.293076;4.969974;0.102214;2.278198;4.331449,84.183754;98.022499;111.625702;110.460236;96.899437;83.185944,npp_d20250902_t1858434_e1900076_b71766;npp_d20250902_t1900088_e1901330_b71766;npp_d20250902_t1901342_e1902584_b71766;npp_d20250902_t1902596_e1904238_b71766,147.328,66.5668,48.2651,-80.0117,95.2417,-117.824
163,VBD_npp_d20250902_t1900180_x1049896E_y055299N_l0092_s3096_v23,2025-09-02 21:06:36,5.529884,104.989555,112.432,2025-09-02 19:00:18,2025-09-03 03:00:18,92,3096,0.124153,4,100709,1.17414,0.055,0.852884,0.4,0.964241,0.75,2.37722e-06,0.0001,4.91984e-97,999999,1.835500e-02,3,Malaysian Exclusive Economic Zone,,,SVDNB_npp_d20250902_t1900088_e1901330_b71766_c20250902202637512000_oeac_ops.h5,GDNBO_npp_d20250902_t1900088_e1901330_b71766_c20250902202423995000_oeac_ops.h5,SVI04_npp_d20250902_t1900088_e1901330_b71766_c20250902202650921000_oeac_ops.dspace_rad,,eez_v11.shp,WPP_BFAR_merge.shp,vbd_mpa_r20170830.shp,VNF-VBD_npp_20120301-20151231_global_asia-enhanced_c201607211230.bitmask,vbd_landsea_r20220824.mask,timezone.shp,VBD_platforms-recurring_2015_r20170330.shp,999999,VBD_bridges_c20160811.shp,9.222181;7.293076;4.969974;0.102214;2.278198;4.331449,84.183754;98.022499;111.625702;110.460236;96.899437;83.185944,npp_d20250902_t1858434_e1900076_b71766;npp_d20250902_t1900088_e1901330_b71766;npp_d20250902_t1901342_e1902584_b71766;npp_d20250902_t1902596_e1904238_b71766,147.148,66.7314,49.1884,-80.1612,95.4134,-117.813
