id,id_Key,Date_Proc,Lat_DNB,Lon_DNB,Rad_DNB,Date_Mscan,Date_LTZ,Line_DNB,Sample_DNB,Rad_I04,QF_Detect,QF_Bitflag,SMI,Thr_SMI,SI,Thr_SI,SHI,Thr_SHI,LI,Thr_LI,Glint,Thr_Gl_SMI,Xcorr,Land_Mask,EEZ,FMZ,MPA,File_DNB,File_GDNB,File_I04,File_VNF,File_EEZ,File_FMZ,File_MPA,File_FLM,File_LSM,File_LTZ,File_RLP,Dist_RLP,File_RLV,Lat_Gring,Lon_Gring,Gran_List,SOLZ_GDNBO,SOLA_GDNBO,SATZ_GDNBO,SATA_GDNBO,LUNZ_GDNBO,LUNA_GDNBO
1,VBD_npp_d20250910_t1808527_x0976888E_y118409N_l0302_s0050_v23,2025-09-10 20:03:39,11.840859,97.688805,38.8331,2025-09-10 18:08:52,2025-09-11 00:38:52,302,50,0.124153,1,3553,0.526721,0.524742,0.649923,0.4,0.827843,0.75,0.0820253,0.0001,6.90931e-14,999999,6.408402e-02,3,Myanmar Exclusive Economic Zone,,,SVDNB_npp_d20250910_t1808204_e1809446_b71879_c20250910193708290000_oeac_ops.h5,GDNBO_npp_d20250910_t1808204_e1809446_b71879_c20250910193435689000_oeac_ops.h5,SVI04_npp_d20250910_t1808204_e1809446_b71879_c20250910193716857000_oeac_ops.dspace_rad,,eez_v11.shp,WPP_BFAR_merge.shp,vbd_mpa_r20170830.shp,VNF-VBD_npp_20120301-20151231_global_asia-enhanced_c201607211230.bitmask,vbd_landsea_r20220824.mask,timezone.shp,VBD_platforms-recurring_2015_r20170330.shp,999999,VBD_bridges_c20160811.shp,13.807614;11.988322;9.502959;4.653294;6.975082;8.905746,97.681961;111.744194;125.481216;124.205185;110.604576;96.769409,npp_d20250910_t1804042_e1805284_b71879;npp_d20250910_t1805296_e1806538_b71879;npp_d20250910_t1806550_e1808192_b71879;npp_d20250910_t1808204_e1809446_b71879,160.387,33.4794,69.459,96.1297,25.4811,81.5833
2,VBD_npp_d20250910_t1809176_x0983266E_y103739N_l0516_s0179_v23,2025-09-10 20:03:39,10.373919,98.326599,17.9541,2025-09-10 18:09:17,2025-09-11 00:39:17,516,179,0.0856712,2,2465,0.227611,0.1375,0.725723,0.4,0.554054,0.75,0.0824172,0.0001,9.07586e-13,999999,-7.200426e-02,3,Myanmar Exclusive Economic Zone,,,SVDNB_npp_d20250910_t1808204_e1809446_b71879_c20250910193708290000_oeac_ops.h5,GDNBO_npp_d20250910_t1808204_e1809446_b71879_c20250910193435689000_oeac_ops.h5,SVI04_npp_d20250910_t1808204_e1809446_b71879_c20250910193716857000_oeac_ops.dspace_rad,,eez_v11.shp,WPP_BFAR_merge.shp,vbd_mpa_r20170830.shp,VNF-VBD_npp_20120301-20151231_global_asia-enhanced_c201607211230.bitmask,vbd_landsea_r20220824.mask,timezone.shp,VBD_platforms-recurring_2015_r20170330.shp,999999,VBD_bridges_c20160811.shp,13.807614;11.988322;9.502959;4.653294;6.975082;8.905746,97.681961;111.744194;125.481216;124.205185;110.604576;96.769409,npp_d20250910_t1804042_e1805284_b71879;npp_d20250910_t1805296_e1806538_b71879;npp_d20250910_t1806550_e1808192_b71879;npp_d20250910_t1808204_e1809446_b71879,161.156,37.7687,67.3765,96.9023,25.0167,78.3249
3,VBD_npp_d20250910_t1809176_x0983354E_y103867N_l0514_s0180_v23,2025-09-10 20:03:39,10.386736,98.335396,40.2841,2025-09-10 18:09:17,2025-09-11 00:39:17,514,180,0.0875206,1,2529,0.563872,0.1375,0.705825,0.4,0.816433,0.75,0.0824234,0.0001,9.32772e-13,999999,-2.626814e-02,3,Myanmar Exclusive Economic Zone,,,SVDNB_npp_d20250910_t1808204_e1809446_b71879_c20250910193708290000_oeac_ops.h5,GDNBO_npp_d20250910_t1808204_e1809446_b71879_c20250910193435689000_oeac_ops.h5,SVI04_npp_d20250910_t1808204_e1809446_b71879_c20250910193716857000_oeac_ops.dspace_rad,,eez_v11.shp,WPP_BFAR_merge.shp,vbd_mpa_r20170830.shp,VNF-VBD_npp_20120301-20151231_global_asia-enhanced_c201607211230.bitmask,vbd_landsea_r20220824.mask,timezone.shp,VBD_platforms-recurring_2015_r20170330.shp,999999,VBD_bridges_c20160811.shp,13.807614;11.988322;9.502959;4.653294;6.975082;8.905746,97.681961;111.744194;125.481216;124.205185;110.604576;96.769409,npp_d20250910_t1804042_e1805284_b71879;npp_d20250910_t1805296_e1806538_b71879;npp_d20250910_t1806550_e1808192_b71879;npp_d20250910_t1808204_e1809446_b71879,161.141,37.7674,67.3593,96.9651,25.0054,78.3501
4,VBD_npp_d20250910_t1809176_x0983478E_y103714N_l0516_s0182_v23,2025-09-10 20:03:39,10.371375,98.347786,31.5106,2025-09-10 18:09:17,2025-09-11 00:39:17,516,182,0.0651855,2,2465,0.433416,0.1375,0.725723,0.4,0.735742,0.75,0.0824342,0.0001,9.66945e-13,999999,3.390002e-01,3,Myanmar Exclusive Economic Zone,,,SVDNB_npp_d20250910_t1808204_e1809446_b71879_c20250910193708290000_oeac_ops.h5,GDNBO_npp_d20250910_t1808204_e1809446_b71879_c20250910193435689000_oeac_ops.h5,SVI04_npp_d20250910_t1808204_e1809446_b71879_c20250910193716857000_oeac_ops.dspace_rad,,eez_v11.shp,WPP_BFAR_merge.shp,vbd_mpa_r20170830.shp,VNF-VBD_npp_20120301-20151231_global_asia-enhanced_c201607211230.bitmask,vbd_landsea_r20220824.mask,timezone.shp,VBD_platforms-recurring_2015_r20170330.shp,999999,VBD_bridges_c20160811.shp,13.807614;11.988322;9.502959;4.653294;6.975082;8.905746,97.681961;111.744194;125.481216;124.205185;110.604576;96.769409,npp_d20250910_t1804042_e1805284_b71879;npp_d20250910_t1805296_e1806538_b71879;npp_d20250910_t1806550_e1808192_b71879;npp_d20250910_t1808204_e1809446_b71879,161.145,37.8254,67.3252,96.9061,24.9965,78.314
5,VBD_npp_d20250910_t1809123_x0994279E_y105298N_l0472_s0329_v23,2025-09-10 20:03:39,10.529776,99.427910,25.4073,2025-09-10 18:09:12,2025-09-11 01:09:12,472,329,0.250837,1,2529,0.577917,0.1375,0.672956,0.4,0.855135,0.75,0.0832736,0.0001,1.93716e-11,999999,-6.982387e-02,3,Thailand Exclusive Economic Zone,,,SVDNB_npp_d20250910_t1808204_e1809446_b71879_c20250910193708290000_oeac_ops.h5,GDNBO_npp_d20250910_t1808204_e1809446_b71879_c20250910193435689000_oeac_ops.h5,SVI04_npp_d20250910_t1808204_e1809446_b71879_c20250910193716857000_oeac_ops.dspace_rad,,eez_v11.shp,WPP_BFAR_merge.shp,vbd_mpa_r20170830.shp,VNF-VBD_npp_20120301-20151231_global_asia-enhanced_c201607211230.bitmask,vbd_landsea_r20220824.mask,timezone.shp,VBD_platforms-recurring_2015_r20170330.shp,999999,VBD_bridges_c20160811.shp,13.807614;11.988322;9.502959;4.653294;6.975082;8.905746,97.681961;111.744194;125.481216;124.205185;110.604576;96.769409,npp_d20250910_t1804042_e1805284_b71879;npp_d20250910_t1805296_e1806538_b71879;npp_d20250910_t1806550_e1808192_b71879;npp_d20250910_t1808204_e1809446_b71879,160.368,40.0499,64.719,96.907,23.9279,78.3835
6,VBD_npp_d20250910_t1808581_x0997078E_y112965N_l0350_s0347_v23,2025-09-10 20:03:39,11.296477,99.707779,12.0285,2025-09-10 18:08:58,2025-09-11 01:08:58,350,347,0.135961,7,18849,0.201739,0.1375,0.783674,0.4,0.564505,0.75,0.0836082,0.0001,2.98007e-11,999999,2.257707e-01,3,,,,SVDNB_npp_d20250910_t1808204_e1809446_b71879_c20250910193708290000_oeac_ops.h5,GDNBO_npp_d20250910_t1808204_e1809446_b71879_c20250910193435689000_oeac_ops.h5,SVI04_npp_d20250910_t1808204_e1809446_b71879_c20250910193716857000_oeac_ops.dspace_rad,,eez_v11.shp,WPP_BFAR_merge.shp,vbd_mpa_r20170830.shp,VNF-VBD_npp_20120301-20151231_global_asia-enhanced_c201607211230.bitmask,vbd_landsea_r20220824.mask,timezone.shp,VBD_platforms-recurring_2015_r20170330.shp,0.934269,VBD_bridges_c20160811.shp,13.807614;11.988322;9.502959;4.653294;6.975082;8.905746,97.681961;111.744194;125.481216;124.205185;110.604576;96.769409,npp_d20250910_t1804042_e1805284_b71879;npp_d20250910_t1805296_e1806538_b71879;npp_d20250910_t1806550_e1808192_b71879;npp_d20250910_t1808204_e1809446_b71879,159.64,39.2061,64.3824,96.5732,23.5639,80.0788
7,VBD_npp_d20250910_t1808581_x0997186E_y113235N_l0346_s0348_v23,2025-09-10 20:03:39,11.323503,99.718582,33.7495,2025-09-10 18:08:58,2025-09-11 01:08:58,346,348,0.143003,1,2529,0.563731,0.1375,0.764011,0.4,0.81381,0.75,0.0836209,0.0001,3.07292e-11,999999,1.806279e-01,3,Thailand Exclusive Economic Zone,,,SVDNB_npp_d20250910_t1808204_e1809446_b71879_c20250910193708290000_oeac_ops.h5,GDNBO_npp_d20250910_t1808204_e1809446_b71879_c20250910193435689000_oeac_ops.h5,SVI04_npp_d20250910_t1808204_e1809446_b71879_c20250910193716857000_oeac_ops.dspace_rad,,eez_v11.shp,WPP_BFAR_merge.shp,vbd_mpa_r20170830.shp,VNF-VBD_npp_20120301-20151231_global_asia-enhanced_c201607211230.bitmask,vbd_landsea_r20220824.mask,timezone.shp,VBD_platforms-recurring_2015_r20170330.shp,999999,VBD_bridges_c20160811.shp,13.807614;11.988322;9.502959;4.653294;6.975082;8.905746,97.681961;111.744194;125.481216;124.205185;110.604576;96.769409,npp_d20250910_t1804042_e1805284_b71879;npp_d20250910_t1805296_e1806538_b71879;npp_d20250910_t1806550_e1808192_b71879;npp_d20250910_t1808204_e1809446_b71879,159.612,39.1843,64.3621,96.7132,23.5486,80.1389
8,VBD_npp_d20250910_t1808581_x0997536E_y113688N_l0339_s0352_v23,2025-09-10 20:03:39,11.368793,99.753632,10.7297,2025-09-10 18:08:58,2025-09-11 01:08:58,339,352,0.147911,2,2209,0.149736,0.146035,0.725743,0.4,0.533899,0.75,0.0836553,0.0001,3.38911e-11,999999,-1.723073e-01,3,Thailand Exclusive Economic Zone,,,SVDNB_npp_d20250910_t1808204_e1809446_b71879_c20250910193708290000_oeac_ops.h5,GDNBO_npp_d20250910_t1808204_e1809446_b71879_c20250910193435689000_oeac_ops.h5,SVI04_npp_d20250910_t1808204_e1809446_b71879_c20250910193716857000_oeac_ops.dspace_rad,,eez_v11.shp,WPP_BFAR_merge.shp,vbd_mpa_r20170830.shp,VNF-VBD_npp_20120301-20151231_global_asia-enhanced_c201607211230.bitmask,vbd_landsea_r20220824.mask,timezone.shp,VBD_platforms-recurring_2015_r20170330.shp,999999,VBD_bridges_c20160811.shp,13.807614;11.988322;9.502959;4.653294;6.975082;8.905746,97.681961;111.744194;125.481216;124.205185;110.604576;96.769409,npp_d20250910_t1804042_e1805284_b71879;npp_d20250910_t1805296_e1806538_b71879;npp_d20250910_t1806550_e1808192_b71879;npp_d20250910_t1808204_e1809446_b71879,159.555,39.1859,64.2833,96.9616,23.5063,80.2365
9,VBD_npp_d20250910_t1808581_x0997483E_y113271N_l0345_s0352_v23,2025-09-10 20:03:39,11.327072,99.748337,14.5497,2025-09-10 18:08:58,2025-09-11 01:08:58,345,352,0.151325,2,2465,0.241027,0.14246,0.78217,0.4,0.532842,0.75,0.0836444,0.0001,3.33749e-11,999999,-1.321878e-01,3,Thailand Exclusive Economic Zone,,,SVDNB_npp_d20250910_t1808204_e1809446_b71879_c20250910193708290000_oeac_ops.h5,GDNBO_npp_d20250910_t1808204_e1809446_b71879_c20250910193435689000_oeac_ops.h5,SVI04_npp_d20250910_t1808204_e1809446_b71879_c20250910193716857000_oeac_ops.dspace_rad,,eez_v11.shp,WPP_BFAR_merge.shp,vbd_mpa_r20170830.shp,VNF-VBD_npp_20120301-20151231_global_asia-enhanced_c201607211230.bitmask,vbd_landsea_r20220824.mask,timezone.shp,VBD_platforms-recurring_2015_r20170330.shp,999999,VBD_bridges_c20160811.shp,13.807614;11.988322;9.502959;4.653294;6.975082;8.905746,97.681961;111.744194;125.481216;124.205185;110.604576;96.769409,npp_d20250910_t1804042_e1805284_b71879;npp_d20250910_t1805296_e1806538_b71879;npp_d20250910_t1806550_e1808192_b71879;npp_d20250910_t1808204_e1809446_b71879,159.591,39.2449,64.2838,96.7535,23.5187,80.1412
10,VBD_npp_d20250910_t1808581_x0997430E_y112854N_l0351_s0352_v23,2025-09-10 20:03:39,11.285357,99.742973,42.3658,2025-09-10 18:08:58,2025-09-11 01:08:58,351,352,0.175296,1,2529,0.605907,0.1375,0.794556,0.4,0.858345,0.75,0.0836335,0.0001,3.28496e-11,999999,2.307781e-01,3,Thailand Exclusive Economic Zone,,,SVDNB_npp_d20250910_t1808204_e1809446_b71879_c20250910193708290000_oeac_ops.h5,GDNBO_npp_d20250910_t1808204_e1809446_b71879_c20250910193435689000_oeac_ops.h5,SVI04_npp_d20250910_t1808204_e1809446_b71879_c20250910193716857000_oeac_ops.dspace_rad,,eez_v11.shp,WPP_BFAR_merge.shp,vbd_mpa_r20170830.shp,VNF-VBD_npp_20120301-20151231_global_asia-enhanced_c201607211230.bitmask,vbd_landsea_r20220824.mask,timezone.shp,VBD_platforms-recurring_2015_r20170330.shp,999999,VBD_bridges_c20160811.shp,13.807614;11.988322;9.502959;4.653294;6.975082;8.905746,97.681961;111.744194;125.481216;124.205185;110.604576;96.769409,npp_d20250910_t1804042_e1805284_b71879;npp_d20250910_t1805296_e1806538_b71879;npp_d20250910_t1806550_e1808192_b71879;npp_d20250910_t1808204_e1809446_b71879,159.626,39.3039,64.2849,96.5454,23.5313,80.0461
11,VBD_npp_d20250910_t1808563_x0997736E_y114155N_l0331_s0353_v23,2025-09-10 20:03:39,11.415542,99.773582,14.489,2025-09-10 18:08:56,2025-09-11 01:08:56,331,353,0.180916,2,2465,0.33463,0.1375,0.663996,0.4,0.685372,0.75,0.0836753,0.0001,3.42448e-11,999999,6.007525e-02,3,Thailand Exclusive Economic Zone,,,SVDNB_npp_d20250910_t1808204_e1809446_b71879_c20250910193708290000_oeac_ops.h5,GDNBO_npp_d20250910_t1808204_e1809446_b71879_c20250910193435689000_oeac_ops.h5,SVI04_npp_d20250910_t1808204_e1809446_b71879_c20250910193716857000_oeac_ops.dspace_rad,,eez_v11.shp,WPP_BFAR_merge.shp,vbd_mpa_r20170830.shp,VNF-VBD_npp_20120301-20151231_global_asia-enhanced_c201607211230.bitmask,vbd_landsea_r20220824.mask,timezone.shp,VBD_platforms-recurring_2015_r20170330.shp,999999,VBD_bridges_c20160811.shp,13.807614;11.988322;9.502959;4.653294;6.975082;8.905746,97.681961;111.744194;125.481216;124.205185;110.604576;96.769409,npp_d20250910_t1804042_e1805284_b71879;npp_d20250910_t1805296_e1806538_b71879;npp_d20250910_t1806550_e1808192_b71879;npp_d20250910_t1808204_e1809446_b71879,159.511,39.1348,64.2647,96.6682,23.4857,80.3425
12,VBD_npp_d20250910_t1808581_x0997520E_y112984N_l0349_s0353_v23,2025-09-10 20:03:39,11.298426,99.751968,35.6791,2025-09-10 18:08:58,2025-09-11 01:08:58,349,353,0.182054,2,2465,0.599047,0.1375,0.80282,0.4,0.668578,0.75,0.0836426,0.0001,3.36908e-11,999999,1.133787e-01,3,Thailand Exclusive Economic Zone,,,SVDNB_npp_d20250910_t1808204_e1809446_b71879_c20250910193708290000_oeac_ops.h5,GDNBO_npp_d20250910_t1808204_e1809446_b71879_c20250910193435689000_oeac_ops.h5,SVI04_npp_d20250910_t1808204_e1809446_b71879_c20250910193716857000_oeac_ops.dspace_rad,,eez_v11.shp,WPP_BFAR_merge.shp,vbd_mpa_r20170830.shp,VNF-VBD_npp_20120301-20151231_global_asia-enhanced_c201607211230.bitmask,vbd_landsea_r20220824.mask,timezone.shp,VBD_platforms-recurring_2015_r20170330.shp,999999,VBD_bridges_c20160811.shp,13.807614;11.988322;9.502959;4.653294;6.975082;8.905746,97.681961;111.744194;125.481216;124.205185;110.604576;96.769409,npp_d20250910_t1804042_e1805284_b71879;npp_d20250910_t1805296_e1806538_b71879;npp_d20250910_t1806550_e1808192_b71879;npp_d20250910_t1808204_e1809446_b71879,159.611,39.3018,64.2649,96.6161,23.5202,80.0744
13,VBD_npp_d20250910_t1808581_x0997565E_y112768N_l0352_s0354_v23,2025-09-10 20:03:39,11.276754,99.756462,26.9176,2025-09-10 18:08:58,2025-09-11 01:08:58,352,354,0.147271,7,2465,0.422288,0.1375,0.794556,0.4,0.726349,0.75,0.0836425,0.0001,3.40931e-11,999999,1.855366e-01,3,,,,SVDNB_npp_d20250910_t1808204_e1809446_b71879_c20250910193708290000_oeac_ops.h5,GDNBO_npp_d20250910_t1808204_e1809446_b71879_c20250910193435689000_oeac_ops.h5,SVI04_npp_d20250910_t1808204_e1809446_b71879_c20250910193716857000_oeac_ops.dspace_rad,,eez_v11.shp,WPP_BFAR_merge.shp,vbd_mpa_r20170830.shp,VNF-VBD_npp_20120301-20151231_global_asia-enhanced_c201607211230.bitmask,vbd_landsea_r20220824.mask,timezone.shp,VBD_platforms-recurring_2015_r20170330.shp,999999,VBD_bridges_c20160811.shp,13.807614;11.988322;9.502959;4.653294;6.975082;8.905746,97.681961;111.744194;125.481216;124.205185;110.604576;96.769409,npp_d20250910_t1804042_e1805284_b71879;npp_d20250910_t1805296_e1806538_b71879;npp_d20250910_t1806550_e1808192_b71879;npp_d20250910_t1808204_e1809446_b71879,159.625,39.3488,64.2461,96.5134,23.5196,80.0235
14,VBD_npp_d20250910_t1808563_x0997844E_y113861N_l0335_s0355_v23,2025-09-10 20:03:39,11.386097,99.784363,13.026,2025-09-10 18:08:56,2025-09-11 01:08:56,335,355,0.174372,2,2465,0.268798,0.1375,0.673222,0.4,0.601458,0.75,0.0836789,0.0001,3.526e-11,999999,5.791740e-02,3,Thailand Exclusive Economic Zone,,,SVDNB_npp_d20250910_t1808204_e1809446_b71879_c20250910193708290000_oeac_ops.h5,GDNBO_npp_d20250910_t1808204_e1809446_b71879_c20250910193435689000_oeac_ops.h5,SVI04_npp_d20250910_t1808204_e1809446_b71879_c20250910193716857000_oeac_ops.dspace_rad,,eez_v11.shp,WPP_BFAR_merge.shp,vbd_mpa_r20170830.shp,VNF-VBD_npp_20120301-20151231_global_asia-enhanced_c201607211230.bitmask,vbd_landsea_r20220824.mask,timezone.shp,VBD_platforms-recurring_2015_r20170330.shp,999999,VBD_bridges_c20160811.shp,13.807614;11.988322;9.502959;4.653294;6.975082;8.905746,97.681961;111.744194;125.481216;124.205185;110.604576;96.769409,npp_d20250910_t1804042_e1805284_b71879;npp_d20250910_t1805296_e1806538_b71879;npp_d20250910_t1806550_e1808192_b71879;npp_d20250910_t1808204_e1809446_b71879,159.527,39.2087,64.2266,96.5321,23.4802,80.2723
15,VBD_npp_d20250910_t1808598_x0997582E_y112773N_l0353_s0355_v23,2025-09-10 20:03:39,11.277311,99.758186,31.8519,2025-09-10 18:08:59,2025-09-11 01:08:59,353,355,0.14848,2,2465,0.429332,0.1375,0.782385,0.4,0.728193,0.75,0.0836461,0.0001,3.5876e-11,999999,1.249166e-01,3,Thailand Exclusive Economic Zone,,,SVDNB_npp_d20250910_t1808204_e1809446_b71879_c20250910193708290000_oeac_ops.h5,GDNBO_npp_d20250910_t1808204_e1809446_b71879_c20250910193435689000_oeac_ops.h5,SVI04_npp_d20250910_t1808204_e1809446_b71879_c20250910193716857000_oeac_ops.dspace_rad,,eez_v11.shp,WPP_BFAR_merge.shp,vbd_mpa_r20170830.shp,VNF-VBD_npp_20120301-20151231_global_asia-enhanced_c201607211230.bitmask,vbd_landsea_r20220824.mask,timezone.shp,VBD_platforms-recurring_2015_r20170330.shp,999999,VBD_bridges_c20160811.shp,13.807614;11.988322;9.502959;4.653294;6.975082;8.905746,97.681961;111.744194;125.481216;124.205185;110.604576;96.769409,npp_d20250910_t1804042_e1805284_b71879;npp_d20250910_t1805296_e1806538_b71879;npp_d20250910_t1806550_e1808192_b71879;npp_d20250910_t1808204_e1809446_b71879,159.619,39.3683,64.2216,97.0557,23.5108,80.0227
16,VBD_npp_d20250910_t1808598_x0997555E_y112565N_l0356_s0355_v23,2025-09-10 20:03:39,11.256480,99.755547,23.1406,2025-09-10 18:08:59,2025-09-11 01:08:59,356,355,0.128777,8,18849,0.410755,0.1375,0.741332,0.4,0.745941,0.75,0.0836407,0.0001,3.56034e-11,999999,1.856574e-01,3,Thailand Exclusive Economic Zone,,,SVDNB_npp_d20250910_t1808204_e1809446_b71879_c20250910193708290000_oeac_ops.h5,GDNBO_npp_d20250910_t1808204_e1809446_b71879_c20250910193435689000_oeac_ops.h5,SVI04_npp_d20250910_t1808204_e1809446_b71879_c20250910193716857000_oeac_ops.dspace_rad,,eez_v11.shp,WPP_BFAR_merge.shp,vbd_mpa_r20170830.shp,VNF-VBD_npp_20120301-20151231_global_asia-enhanced_c201607211230.bitmask,vbd_landsea_r20220824.mask,timezone.shp,VBD_platforms-recurring_2015_r20170330.shp,0.800783,VBD_bridges_c20160811.shp,13.807614;11.988322;9.502959;4.653294;6.975082;8.905746,97.681961;111.744194;125.481216;124.205185;110.604576;96.769409,npp_d20250910_t1804042_e1805284_b71879;npp_d20250910_t1805296_e1806538_b71879;npp_d20250910_t1806550_e1808192_b71879;npp_d20250910_t1808204_e1809446_b71879,159.636,39.398,64.2217,96.9516,23.517,79.9752
17,VBD_npp_d20250910_t1808545_x0998203E_y115433N_l0311_s0356_v23,2025-09-10 20:03:39,11.543327,99.820267,11.9861,2025-09-10 18:08:54,2025-09-11 01:08:54,311,356,0.143856,2,2465,0.211697,0.1375,0.478407,0.4,0.542245,0.75,0.083728,0.0001,3.72971e-11,999999,-6.779545e-02,3,Thailand Exclusive Economic Zone,,,SVDNB_npp_d20250910_t1808204_e1809446_b71879_c20250910193708290000_oeac_ops.h5,GDNBO_npp_d20250910_t1808204_e1809446_b71879_c20250910193435689000_oeac_ops.h5,SVI04_npp_d20250910_t1808204_e1809446_b71879_c20250910193716857000_oeac_ops.dspace_rad,,eez_v11.shp,WPP_BFAR_merge.shp,vbd_mpa_r20170830.shp,VNF-VBD_npp_20120301-20151231_global_asia-enhanced_c201607211230.bitmask,vbd_landsea_r20220824.mask,timezone.shp,VBD_platforms-recurring_2015_r20170330.shp,999999,VBD_bridges_c20160811.shp,13.807614;11.988322;9.502959;4.653294;6.975082;8.905746,97.681961;111.744194;125.481216;124.205185;110.604576;96.769409,npp_d20250910_t1804042_e1805284_b71879;npp_d20250910_t1805296_e1806538_b71879;npp_d20250910_t1806550_e1808192_b71879;npp_d20250910_t1808204_e1809446_b71879,159.388,39.0075,64.2008,96.792,23.4254,80.6317
18,VBD_npp_d20250910_t1808581_x0997726E_y112890N_l0350_s0356_v23,2025-09-10 20:03:39,11.288986,99.772614,14.956,2025-09-10 18:08:58,2025-09-11 01:08:58,350,356,0.160643,7,2465,0.227084,0.1375,0.783654,0.4,0.562863,0.75,0.083657,0.0001,3.56645e-11,999999,1.454524e-01,3,,,,SVDNB_npp_d20250910_t1808204_e1809446_b71879_c20250910193708290000_oeac_ops.h5,GDNBO_npp_d20250910_t1808204_e1809446_b71879_c20250910193435689000_oeac_ops.h5,SVI04_npp_d20250910_t1808204_e1809446_b71879_c20250910193716857000_oeac_ops.dspace_rad,,eez_v11.shp,WPP_BFAR_merge.shp,vbd_mpa_r20170830.shp,VNF-VBD_npp_20120301-20151231_global_asia-enhanced_c201607211230.bitmask,vbd_landsea_r20220824.mask,timezone.shp,VBD_platforms-recurring_2015_r20170330.shp,999999,VBD_bridges_c20160811.shp,13.807614;11.988322;9.502959;4.653294;6.975082;8.905746,97.681961;111.744194;125.481216;124.205185;110.604576;96.769409,npp_d20250910_t1804042_e1805284_b71879;npp_d20250910_t1805296_e1806538_b71879;npp_d20250910_t1806550_e1808192_b71879;npp_d20250910_t1808204_e1809446_b71879,159.605,39.364,64.2066,96.5855,23.5016,80.0485
19,VBD_npp_d20250910_t1808563_x0997987E_y113845N_l0335_s0357_v23,2025-09-10 20:03:39,11.384451,99.798691,16.0512,2025-09-10 18:08:56,2025-09-11 01:08:56,335,357,0.175652,2,2465,0.345488,0.1375,0.673222,0.4,0.7142,0.75,0.0836897,0.0001,3.66842e-11,999999,1.435833e-01,3,Thailand Exclusive Economic Zone,,,SVDNB_npp_d20250910_t1808204_e1809446_b71879_c20250910193708290000_oeac_ops.h5,GDNBO_npp_d20250910_t1808204_e1809446_b71879_c20250910193435689000_oeac_ops.h5,SVI04_npp_d20250910_t1808204_e1809446_b71879_c20250910193716857000_oeac_ops.dspace_rad,,eez_v11.shp,WPP_BFAR_merge.shp,vbd_mpa_r20170830.shp,VNF-VBD_npp_20120301-20151231_global_asia-enhanced_c201607211230.bitmask,vbd_landsea_r20220824.mask,timezone.shp,VBD_platforms-recurring_2015_r20170330.shp,999999,VBD_bridges_c20160811.shp,13.807614;11.988322;9.502959;4.653294;6.975082;8.905746,97.681961;111.744194;125.481216;124.205185;110.604576;96.769409,npp_d20250910_t1804042_e1805284_b71879;npp_d20250910_t1805296_e1806538_b71879;npp_d20250910_t1806550_e1808192_b71879;npp_d20250910_t1808204_e1809446_b71879,159.52,39.2434,64.1876,96.5349,23.4664,80.2658
20,VBD_npp_d20250910_t1808598_x0997716E_y112686N_l0354_s0357_v23,2025-09-10 20:03:39,11.268631,99.771614,25.6035,2025-09-10 18:08:59,2025-09-11 01:08:59,354,357,0.125789,2,2465,0.40538,0.1375,0.782385,0.4,0.714001,0.75,0.0836551,0.0001,3.723e-11,999999,2.882707e-01,3,Thailand Exclusive Economic Zone,,,SVDNB_npp_d20250910_t1808204_e1809446_b71879_c20250910193708290000_oeac_ops.h5,GDNBO_npp_d20250910_t1808204_e1809446_b71879_c20250910193435689000_oeac_ops.h5,SVI04_npp_d20250910_t1808204_e1809446_b71879_c20250910193716857000_oeac_ops.dspace_rad,,eez_v11.shp,WPP_BFAR_merge.shp,vbd_mpa_r20170830.shp,VNF-VBD_npp_20120301-20151231_global_asia-enhanced_c201607211230.bitmask,vbd_landsea_r20220824.mask,timezone.shp,VBD_platforms-recurring_2015_r20170330.shp,999999,VBD_bridges_c20160811.shp,13.807614;11.988322;9.502959;4.653294;6.975082;8.905746,97.681961;111.744194;125.481216;124.205185;110.604576;96.769409,npp_d20250910_t1804042_e1805284_b71879;npp_d20250910_t1805296_e1806538_b71879;npp_d20250910_t1806550_e1808192_b71879;npp_d20250910_t1808204_e1809446_b71879,159.617,39.4132,64.1826,97.0239,23.4991,79.9999
21,VBD_npp_d20250910_t1808581_x0997896E_y113081N_l0347_s0358_v23,2025-09-10 20:03:39,11.308132,99.789589,15.539,2025-09-10 18:08:58,2025-09-11 01:08:58,347,358,0.143856,2,2465,0.309795,0.1375,0.783654,0.4,0.661256,0.75,0.0836733,0.0001,3.73983e-11,999999,5.222509e-03,3,Thailand Exclusive Economic Zone,,,SVDNB_npp_d20250910_t1808204_e1809446_b71879_c20250910193708290000_oeac_ops.h5,GDNBO_npp_d20250910_t1808204_e1809446_b71879_c20250910193435689000_oeac_ops.h5,SVI04_npp_d20250910_t1808204_e1809446_b71879_c20250910193716857000_oeac_ops.dspace_rad,,eez_v11.shp,WPP_BFAR_merge.shp,vbd_mpa_r20170830.shp,VNF-VBD_npp_20120301-20151231_global_asia-enhanced_c201607211230.bitmask,vbd_landsea_r20220824.mask,timezone.shp,VBD_platforms-recurring_2015_r20170330.shp,999999,VBD_bridges_c20160811.shp,13.807614;11.988322;9.502959;4.653294;6.975082;8.905746,97.681961;111.744194;125.481216;124.205185;110.604576;96.769409,npp_d20250910_t1804042_e1805284_b71879;npp_d20250910_t1805296_e1806538_b71879;npp_d20250910_t1806550_e1808192_b71879;npp_d20250910_t1808204_e1809446_b71879,159.58,39.3693,64.167,96.6924,23.4815,80.0893
22,VBD_npp_d20250910_t1808545_x0998426E_y115477N_l0310_s0359_v23,2025-09-10 20:03:39,11.547723,99.842613,9.70895,2025-09-10 18:08:54,2025-09-11 01:08:54,310,359,0.134182,2,2209,0.153538,0.151589,0.405581,0.4,0.476309,0.75,0.083746,0.0001,3.96699e-11,999999,-2.346363e-01,3,Thailand Exclusive Economic Zone,,,SVDNB_npp_d20250910_t1808204_e1809446_b71879_c20250910193708290000_oeac_ops.h5,GDNBO_npp_d20250910_t1808204_e1809446_b71879_c20250910193435689000_oeac_ops.h5,SVI04_npp_d20250910_t1808204_e1809446_b71879_c20250910193716857000_oeac_ops.dspace_rad,,eez_v11.shp,WPP_BFAR_merge.shp,vbd_mpa_r20170830.shp,VNF-VBD_npp_20120301-20151231_global_asia-enhanced_c201607211230.bitmask,vbd_landsea_r20220824.mask,timezone.shp,VBD_platforms-recurring_2015_r20170330.shp,999999,VBD_bridges_c20160811.shp,13.807614;11.988322;9.502959;4.653294;6.975082;8.905746,97.681961;111.744194;125.481216;124.205185;110.604576;96.769409,npp_d20250910_t1804042_e1805284_b71879;npp_d20250910_t1805296_e1806538_b71879;npp_d20250910_t1806550_e1808192_b71879;npp_d20250910_t1808204_e1809446_b71879,159.37,39.0498,64.1422,96.831,23.4027,80.6379
23,VBD_npp_d20250910_t1808527_x0999553E_y115909N_l0301_s0373_v23,2025-09-10 20:03:39,11.590943,99.955292,23.1085,2025-09-10 18:08:52,2025-09-11 01:08:52,301,373,0.194644,1,2529,0.504866,0.1375,0.657992,0.4,0.827305,0.75,0.0838383,0.0001,5.17216e-11,999999,-6.970396e-02,3,Thailand Exclusive Economic Zone,,,SVDNB_npp_d20250910_t1808204_e1809446_b71879_c20250910193708290000_oeac_ops.h5,GDNBO_npp_d20250910_t1808204_e1809446_b71879_c20250910193435689000_oeac_ops.h5,SVI04_npp_d20250910_t1808204_e1809446_b71879_c20250910193716857000_oeac_ops.dspace_rad,,eez_v11.shp,WPP_BFAR_merge.shp,vbd_mpa_r20170830.shp,VNF-VBD_npp_20120301-20151231_global_asia-enhanced_c201607211230.bitmask,vbd_landsea_r20220824.mask,timezone.shp,VBD_platforms-recurring_2015_r20170330.shp,999999,VBD_bridges_c20160811.shp,13.807614;11.988322;9.502959;4.653294;6.975082;8.905746,97.681961;111.744194;125.481216;124.205185;110.604576;96.769409,npp_d20250910_t1804042_e1805284_b71879;npp_d20250910_t1805296_e1806538_b71879;npp_d20250910_t1806550_e1808192_b71879;npp_d20250910_t1808204_e1809446_b71879,159.272,39.2105,63.8721,96.5896,23.2919,80.7206
24,VBD_npp_d20250910_t1809230_x0996311E_y098797N_l0567_s0375_v23,2025-09-10 20:03:39,9.879720,99.631058,19.3352,2025-09-10 18:09:23,2025-09-11 01:09:23,567,375,0.300202,1,2529,0.565268,0.1375,0.745446,0.4,0.854733,0.75,0.083477,0.0001,4.43776e-11,999999,7.401544e-02,3,Thailand Exclusive Economic Zone,,,SVDNB_npp_d20250910_t1808204_e1809446_b71879_c20250910193708290000_oeac_ops.h5,GDNBO_npp_d20250910_t1808204_e1809446_b71879_c20250910193435689000_oeac_ops.h5,SVI04_npp_d20250910_t1808204_e1809446_b71879_c20250910193716857000_oeac_ops.dspace_rad,,eez_v11.shp,WPP_BFAR_merge.shp,vbd_mpa_r20170830.shp,VNF-VBD_npp_20120301-20151231_global_asia-enhanced_c201607211230.bitmask,vbd_landsea_r20220824.mask,timezone.shp,VBD_platforms-recurring_2015_r20170330.shp,999999,VBD_bridges_c20160811.shp,13.807614;11.988322;9.502959;4.653294;6.975082;8.905746,97.681961;111.744194;125.481216;124.205185;110.604576;96.769409,npp_d20250910_t1804042_e1805284_b71879;npp_d20250910_t1805296_e1806538_b71879;npp_d20250910_t1806550_e1808192_b71879;npp_d20250910_t1808204_e1809446_b71879,160.7,41.8197,63.837,97.1117,23.8293,76.8436
25,VBD_npp_d20250910_t1808598_x0999355E_y111512N_l0368_s0382_v23,2025-09-10 20:03:39,11.151157,99.935463,13.6212,2025-09-10 18:08:59,2025-09-11 01:08:59,368,382,0.156518,2,2465,0.320299,0.145728,0.626672,0.4,0.653832,0.75,0.0837651,0.0001,5.83049e-11,999999,-1.688578e-01,3,Thailand Exclusive Economic Zone,,,SVDNB_npp_d20250910_t1808204_e1809446_b71879_c20250910193708290000_oeac_ops.h5,GDNBO_npp_d20250910_t1808204_e1809446_b71879_c20250910193435689000_oeac_ops.h5,SVI04_npp_d20250910_t1808204_e1809446_b71879_c20250910193716857000_oeac_ops.dspace_rad,,eez_v11.shp,WPP_BFAR_merge.shp,vbd_mpa_r20170830.shp,VNF-VBD_npp_20120301-20151231_global_asia-enhanced_c201607211230.bitmask,vbd_landsea_r20220824.mask,timezone.shp,VBD_platforms-recurring_2015_r20170330.shp,999999,VBD_bridges_c20160811.shp,13.807614;11.988322;9.502959;4.653294;6.975082;8.905746,97.681961;111.744194;125.481216;124.205185;110.604576;96.769409,npp_d20250910_t1804042_e1805284_b71879;npp_d20250910_t1805296_e1806538_b71879;npp_d20250910_t1806550_e1808192_b71879;npp_d20250910_t1808204_e1809446_b71879,159.605,39.9795,63.6998,96.5705,23.3594,79.6932
26,VBD_npp_d20250910_t1809016_x0999356E_y111498N_l0369_s0383_v23,2025-09-10 20:03:39,11.149824,99.935616,14.72,2025-09-10 18:09:01,2025-09-11 01:09:01,369,383,0.156518,2,2465,0.317471,0.13958,0.611721,0.4,0.673473,0.75,0.0837687,0.0001,6.10941e-11,999999,-9.986376e-02,3,Thailand Exclusive Economic Zone,,,SVDNB_npp_d20250910_t1808204_e1809446_b71879_c20250910193708290000_oeac_ops.h5,GDNBO_npp_d20250910_t1808204_e1809446_b71879_c20250910193435689000_oeac_ops.h5,SVI04_npp_d20250910_t1808204_e1809446_b71879_c20250910193716857000_oeac_ops.dspace_rad,,eez_v11.shp,WPP_BFAR_merge.shp,vbd_mpa_r20170830.shp,VNF-VBD_npp_20120301-20151231_global_asia-enhanced_c201607211230.bitmask,vbd_landsea_r20220824.mask,timezone.shp,VBD_platforms-recurring_2015_r20170330.shp,999999,VBD_bridges_c20160811.shp,13.807614;11.988322;9.502959;4.653294;6.975082;8.905746,97.681961;111.744194;125.481216;124.205185;110.604576;96.769409,npp_d20250910_t1804042_e1805284_b71879;npp_d20250910_t1805296_e1806538_b71879;npp_d20250910_t1806550_e1808192_b71879;npp_d20250910_t1808204_e1809446_b71879,159.601,39.9986,63.6785,97.1115,23.3525,79.6881
27,VBD_npp_d20250910_t1809016_x0999339E_y111361N_l0371_s0383_v23,2025-09-10 20:03:39,11.136109,99.933876,15.6631,2025-09-10 18:09:01,2025-09-11 01:09:01,371,383,0.171099,2,2465,0.344465,0.1375,0.617688,0.4,0.694608,0.75,0.0837651,0.0001,6.07868e-11,999999,6.428736e-02,3,Thailand Exclusive Economic Zone,,,SVDNB_npp_d20250910_t1808204_e1809446_b71879_c20250910193708290000_oeac_ops.h5,GDNBO_npp_d20250910_t1808204_e1809446_b71879_c20250910193435689000_oeac_ops.h5,SVI04_npp_d20250910_t1808204_e1809446_b71879_c20250910193716857000_oeac_ops.dspace_rad,,eez_v11.shp,WPP_BFAR_merge.shp,vbd_mpa_r20170830.shp,VNF-VBD_npp_20120301-20151231_global_asia-enhanced_c201607211230.bitmask,vbd_landsea_r20220824.mask,timezone.shp,VBD_platforms-recurring_2015_r20170330.shp,999999,VBD_bridges_c20160811.shp,13.807614;11.988322;9.502959;4.653294;6.975082;8.905746,97.681961;111.744194;125.481216;124.205185;110.604576;96.769409,npp_d20250910_t1804042_e1805284_b71879;npp_d20250910_t1805296_e1806538_b71879;npp_d20250910_t1806550_e1808192_b71879;npp_d20250910_t1808204_e1809446_b71879,159.612,40.0185,63.6786,97.0418,23.3567,79.6567
28,VBD_npp_d20250910_t1809247_x0996701E_y097906N_l0580_s0383_v23,2025-09-10 20:03:39,9.790554,99.670082,6.71595,2025-09-10 18:09:24,2025-09-11 01:09:24,580,383,0.244293,10,2433,0.187879,0.165779,0.396619,0.4,0.535362,0.75,0.0835099,0.0001,5.17226e-11,999999,-3.939011e-01,3,Thailand Exclusive Economic Zone,,,SVDNB_npp_d20250910_t1808204_e1809446_b71879_c20250910193708290000_oeac_ops.h5,GDNBO_npp_d20250910_t1808204_e1809446_b71879_c20250910193435689000_oeac_ops.h5,SVI04_npp_d20250910_t1808204_e1809446_b71879_c20250910193716857000_oeac_ops.dspace_rad,,eez_v11.shp,WPP_BFAR_merge.shp,vbd_mpa_r20170830.shp,VNF-VBD_npp_20120301-20151231_global_asia-enhanced_c201607211230.bitmask,vbd_landsea_r20220824.mask,timezone.shp,VBD_platforms-recurring_2015_r20170330.shp,999999,VBD_bridges_c20160811.shp,13.807614;11.988322;9.502959;4.653294;6.975082;8.905746,97.681961;111.744194;125.481216;124.205185;110.604576;96.769409,npp_d20250910_t1804042_e1805284_b71879;npp_d20250910_t1805296_e1806538_b71879;npp_d20250910_t1806550_e1808192_b71879;npp_d20250910_t1808204_e1809446_b71879,160.736,42.0952,63.6791,97.2459,23.8052,76.6267
29,VBD_npp_d20250910_t1809265_x0996507E_y096941N_l0595_s0383_v23,2025-09-10 20:03:39,9.694145,99.650703,6.7896,2025-09-10 18:09:26,2025-09-11 01:09:26,595,383,0.280357,10,2433,0.171507,0.1375,0.383481,0.4,0.599898,0.75,0.083476,0.0001,5.12105e-11,999999,8.690662e-03,3,Thailand Exclusive Economic Zone,,,SVDNB_npp_d20250910_t1808204_e1809446_b71879_c20250910193708290000_oeac_ops.h5,GDNBO_npp_d20250910_t1808204_e1809446_b71879_c20250910193435689000_oeac_ops.h5,SVI04_npp_d20250910_t1808204_e1809446_b71879_c20250910193716857000_oeac_ops.dspace_rad,,eez_v11.shp,WPP_BFAR_merge.shp,vbd_mpa_r20170830.shp,VNF-VBD_npp_20120301-20151231_global_asia-enhanced_c201607211230.bitmask,vbd_landsea_r20220824.mask,timezone.shp,VBD_platforms-recurring_2015_r20170330.shp,999999,VBD_bridges_c20160811.shp,13.807614;11.988322;9.502959;4.653294;6.975082;8.905746,97.681961;111.744194;125.481216;124.205185;110.604576;96.769409,npp_d20250910_t1804042_e1805284_b71879;npp_d20250910_t1805296_e1806538_b71879;npp_d20250910_t1806550_e1808192_b71879;npp_d20250910_t1808204_e1809446_b71879,160.815,42.2538,63.6785,97.2979,23.8399,76.4143
30,VBD_npp_d20250910_t1809194_x0997757E_y100103N_l0544_s0391_v23,2025-09-10 20:03:39,10.010297,99.775673,13.7949,2025-09-10 18:09:19,2025-09-11 01:09:19,544,391,0.253683,1,2529,0.388162,0.1375,0.582174,0.4,0.766398,0.75,0.0835707,0.0001,6.04443e-11,999999,-9.310043e-03,3,Thailand Exclusive Economic Zone,,,SVDNB_npp_d20250910_t1808204_e1809446_b71879_c20250910193708290000_oeac_ops.h5,GDNBO_npp_d20250910_t1808204_e1809446_b71879_c20250910193435689000_oeac_ops.h5,SVI04_npp_d20250910_t1808204_e1809446_b71879_c20250910193716857000_oeac_ops.dspace_rad,,eez_v11.shp,WPP_BFAR_merge.shp,vbd_mpa_r20170830.shp,VNF-VBD_npp_20120301-20151231_global_asia-enhanced_c201607211230.bitmask,vbd_landsea_r20220824.mask,timezone.shp,VBD_platforms-recurring_2015_r20170330.shp,999999,VBD_bridges_c20160811.shp,13.807614;11.988322;9.502959;4.653294;6.975082;8.905746,97.681961;111.744194;125.481216;124.205185;110.604576;96.769409,npp_d20250910_t1804042_e1805284_b71879;npp_d20250910_t1805296_e1806538_b71879;npp_d20250910_t1806550_e1808192_b71879;npp_d20250910_t1808204_e1809446_b71879,160.517,41.8651,63.526,96.7799,23.6723,77.0944
31,VBD_npp_d20250910_t1809212_x0997742E_y100093N_l0545_s0392_v23,2025-09-10 20:03:39,10.009342,99.774216,12.432,2025-09-10 18:09:21,2025-09-11 01:09:21,545,392,0.253683,2,2465,0.32488,0.137551,0.582174,0.4,0.707331,0.75,0.0835757,0.0001,6.33541e-11,999999,-7.708731e-02,3,Thailand Exclusive Economic Zone,,,SVDNB_npp_d20250910_t1808204_e1809446_b71879_c20250910193708290000_oeac_ops.h5,GDNBO_npp_d20250910_t1808204_e1809446_b71879_c20250910193435689000_oeac_ops.h5,SVI04_npp_d20250910_t1808204_e1809446_b71879_c20250910193716857000_oeac_ops.dspace_rad,,eez_v11.shp,WPP_BFAR_merge.shp,vbd_mpa_r20170830.shp,VNF-VBD_npp_20120301-20151231_global_asia-enhanced_c201607211230.bitmask,vbd_landsea_r20220824.mask,timezone.shp,VBD_platforms-recurring_2015_r20170330.shp,999999,VBD_bridges_c20160811.shp,13.807614;11.988322;9.502959;4.653294;6.975082;8.905746,97.681961;111.744194;125.481216;124.205185;110.604576;96.769409,npp_d20250910_t1804042_e1805284_b71879;npp_d20250910_t1805296_e1806538_b71879;npp_d20250910_t1806550_e1808192_b71879;npp_d20250910_t1808204_e1809446_b71879,160.514,41.8803,63.509,97.3244,23.667,77.09
32,VBD_npp_d20250910_t1808545_x1001718E_y114741N_l0315_s0407_v23,2025-09-10 20:03:39,11.474051,100.171837,58.9172,2025-09-10 18:08:54,2025-09-11 01:08:54,315,407,0.279859,8,18913,1.02022,0.1375,0.84245,0.4,0.953147,0.75,0.0839951,0.0001,9.74587e-11,999999,-3.679664e-02,3,Thailand Exclusive Economic Zone,,,SVDNB_npp_d20250910_t1808204_e1809446_b71879_c20250910193708290000_oeac_ops.h5,GDNBO_npp_d20250910_t1808204_e1809446_b71879_c20250910193435689000_oeac_ops.h5,SVI04_npp_d20250910_t1808204_e1809446_b71879_c20250910193716857000_oeac_ops.dspace_rad,,eez_v11.shp,WPP_BFAR_merge.shp,vbd_mpa_r20170830.shp,VNF-VBD_npp_20120301-20151231_global_asia-enhanced_c201607211230.bitmask,vbd_landsea_r20220824.mask,timezone.shp,VBD_platforms-recurring_2015_r20170330.shp,0.667456,VBD_bridges_c20160811.shp,13.807614;11.988322;9.502959;4.653294;6.975082;8.905746,97.681961;111.744194;125.481216;124.205185;110.604576;96.769409,npp_d20250910_t1804042_e1805284_b71879;npp_d20250910_t1805296_e1806538_b71879;npp_d20250910_t1806550_e1808192_b71879;npp_d20250910_t1808204_e1809446_b71879,159.222,39.8982,63.2174,96.7224,23.0917,80.4052
33,VBD_npp_d20250910_t1808456_x1002970E_y119730N_l0237_s0411_v23,2025-09-10 20:03:39,11.972970,100.297035,11.4884,2025-09-10 18:08:45,2025-09-11 01:08:45,237,411,0.178284,8,18817,0.208867,0.1375,0.343391,0.4,0.549048,0.75,0.0841504,0.0001,1.0979e-10,999999,5.169162e-02,3,Thailand Exclusive Economic Zone,,,SVDNB_npp_d20250910_t1808204_e1809446_b71879_c20250910193708290000_oeac_ops.h5,GDNBO_npp_d20250910_t1808204_e1809446_b71879_c20250910193435689000_oeac_ops.h5,SVI04_npp_d20250910_t1808204_e1809446_b71879_c20250910193716857000_oeac_ops.dspace_rad,,eez_v11.shp,WPP_BFAR_merge.shp,vbd_mpa_r20170830.shp,VNF-VBD_npp_20120301-20151231_global_asia-enhanced_c201607211230.bitmask,vbd_landsea_r20220824.mask,timezone.shp,VBD_platforms-recurring_2015_r20170330.shp,0.912319,VBD_bridges_c20160811.shp,13.807614;11.988322;9.502959;4.653294;6.975082;8.905746,97.681961;111.744194;125.481216;124.205185;110.604576;96.769409,npp_d20250910_t1804042_e1805284_b71879;npp_d20250910_t1805296_e1806538_b71879;npp_d20250910_t1806550_e1808192_b71879;npp_d20250910_t1808204_e1809446_b71879,158.783,39.2611,63.1405,96.5698,22.9243,81.5748
34,VBD_npp_d20250910_t1808492_x1003122E_y118305N_l0259_s0418_v23,2025-09-10 20:03:39,11.830524,100.312195,9.27635,2025-09-10 18:08:49,2025-09-11 01:08:49,259,418,0.293089,10,2433,0.185182,0.162394,0.386606,0.4,0.507955,0.75,0.0841502,0.0001,1.24761e-10,999999,-3.559046e-01,3,Thailand Exclusive Economic Zone,,,SVDNB_npp_d20250910_t1808204_e1809446_b71879_c20250910193708290000_oeac_ops.h5,GDNBO_npp_d20250910_t1808204_e1809446_b71879_c20250910193435689000_oeac_ops.h5,SVI04_npp_d20250910_t1808204_e1809446_b71879_c20250910193716857000_oeac_ops.dspace_rad,,eez_v11.shp,WPP_BFAR_merge.shp,vbd_mpa_r20170830.shp,VNF-VBD_npp_20120301-20151231_global_asia-enhanced_c201607211230.bitmask,vbd_landsea_r20220824.mask,timezone.shp,VBD_platforms-recurring_2015_r20170330.shp,999999,VBD_bridges_c20160811.shp,13.807614;11.988322;9.502959;4.653294;6.975082;8.905746,97.681961;111.744194;125.481216;124.205185;110.604576;96.769409,npp_d20250910_t1804042_e1805284_b71879;npp_d20250910_t1805296_e1806538_b71879;npp_d20250910_t1806550_e1808192_b71879;npp_d20250910_t1808204_e1809446_b71879,158.874,39.5594,63.0085,96.9737,22.917,81.2303
35,VBD_npp_d20250910_t1808527_x1002918E_y115434N_l0302_s0422_v23,2025-09-10 20:03:39,11.543404,100.291756,16.5918,2025-09-10 18:08:52,2025-09-11 01:08:52,302,422,0.210791,2,2465,0.398247,0.11924,0.581047,0.4,0.736583,0.75,0.0840972,0.0001,1.28919e-10,999999,1.284143e-01,3,Thailand Exclusive Economic Zone,,,SVDNB_npp_d20250910_t1808204_e1809446_b71879_c20250910193708290000_oeac_ops.h5,GDNBO_npp_d20250910_t1808204_e1809446_b71879_c20250910193435689000_oeac_ops.h5,SVI04_npp_d20250910_t1808204_e1809446_b71879_c20250910193716857000_oeac_ops.dspace_rad,,eez_v11.shp,WPP_BFAR_merge.shp,vbd_mpa_r20170830.shp,VNF-VBD_npp_20120301-20151231_global_asia-enhanced_c201607211230.bitmask,vbd_landsea_r20220824.mask,timezone.shp,VBD_platforms-recurring_2015_r20170330.shp,999999,VBD_bridges_c20160811.shp,13.807614;11.988322;9.502959;4.653294;6.975082;8.905746,97.681961;111.744194;125.481216;124.205185;110.604576;96.769409,npp_d20250910_t1804042_e1805284_b71879;npp_d20250910_t1805296_e1806538_b71879;npp_d20250910_t1806550_e1808192_b71879;npp_d20250910_t1808204_e1809446_b71879,159.098,40.0256,62.9264,96.6118,22.9693,80.5482
36,VBD_npp_d20250910_t1808331_x1006120E_y127020N_l0121_s0436_v23,2025-09-10 20:03:39,12.701978,100.611961,13.2843,2025-09-10 18:08:33,2025-09-11 01:08:33,121,436,0.215343,2,2465,0.304997,0.156526,0.407364,0.4,0.697839,0.75,0.0844655,0.0001,1.86941e-10,999999,-2.900452e-01,3,Thailand Exclusive Economic Zone,,,SVDNB_npp_d20250910_t1808204_e1809446_b71879_c20250910193708290000_oeac_ops.h5,GDNBO_npp_d20250910_t1808204_e1809446_b71879_c20250910193435689000_oeac_ops.h5,SVI04_npp_d20250910_t1808204_e1809446_b71879_c20250910193716857000_oeac_ops.dspace_rad,,eez_v11.shp,WPP_BFAR_merge.shp,vbd_mpa_r20170830.shp,VNF-VBD_npp_20120301-20151231_global_asia-enhanced_c201607211230.bitmask,vbd_landsea_r20220824.mask,timezone.shp,VBD_platforms-recurring_2015_r20170330.shp,999999,VBD_bridges_c20160811.shp,13.807614;11.988322;9.502959;4.653294;6.975082;8.905746,97.681961;111.744194;125.481216;124.205185;110.604576;96.769409,npp_d20250910_t1804042_e1805284_b71879;npp_d20250910_t1805296_e1806538_b71879;npp_d20250910_t1806550_e1808192_b71879;npp_d20250910_t1808204_e1809446_b71879,158.054,38.6635,62.6471,96.6238,22.5661,83.3079
37,VBD_npp_d20250910_t1809212_x1001749E_y098757N_l0557_s0452_v23,2025-09-10 20:03:39,9.875735,100.174911,9.43691,2025-09-10 18:09:21,2025-09-11 01:09:21,557,452,0.19756,2,2465,0.191495,0.135643,0.422403,0.4,0.564387,0.75,0.0838841,0.0001,1.87739e-10,999999,-5.567857e-02,3,Thailand Exclusive Economic Zone,,,SVDNB_npp_d20250910_t1808204_e1809446_b71879_c20250910193708290000_oeac_ops.h5,GDNBO_npp_d20250910_t1808204_e1809446_b71879_c20250910193435689000_oeac_ops.h5,SVI04_npp_d20250910_t1808204_e1809446_b71879_c20250910193716857000_oeac_ops.dspace_rad,,eez_v11.shp,WPP_BFAR_merge.shp,vbd_mpa_r20170830.shp,VNF-VBD_npp_20120301-20151231_global_asia-enhanced_c201607211230.bitmask,vbd_landsea_r20220824.mask,timezone.shp,VBD_platforms-recurring_2015_r20170330.shp,999999,VBD_bridges_c20160811.shp,13.807614;11.988322;9.502959;4.653294;6.975082;8.905746,97.681961;111.744194;125.481216;124.205185;110.604576;96.769409,npp_d20250910_t1804042_e1805284_b71879;npp_d20250910_t1805296_e1806538_b71879;npp_d20250910_t1806550_e1808192_b71879;npp_d20250910_t1808204_e1809446_b71879,160.346,43.0223,62.3288,96.9666,23.3072,76.6436
38,VBD_npp_d20250910_t1808260_x1009046E_y130553N_l0062_s0467_v23,2025-09-10 20:03:39,13.055285,100.904625,36.9366,2025-09-10 18:08:26,2025-09-11 01:08:26,62,467,0.131693,7,2209,0.138368,0.0825,0.431608,0.4,0.387776,0.75,0.0846527,0.0001,3.39002e-10,999999,5.516292e-01,1,,,,SVDNB_npp_d20250910_t1808204_e1809446_b71879_c20250910193708290000_oeac_ops.h5,GDNBO_npp_d20250910_t1808204_e1809446_b71879_c20250910193435689000_oeac_ops.h5,SVI04_npp_d20250910_t1808204_e1809446_b71879_c20250910193716857000_oeac_ops.dspace_rad,,eez_v11.shp,WPP_BFAR_merge.shp,vbd_mpa_r20170830.shp,VNF-VBD_npp_20120301-20151231_global_asia-enhanced_c201607211230.bitmask,vbd_landsea_r20220824.mask,timezone.shp,VBD_platforms-recurring_2015_r20170330.shp,999999,VBD_bridges_c20160811.shp,13.807614;11.988322;9.502959;4.653294;6.975082;8.905746,97.681961;111.744194;125.481216;124.205185;110.604576;96.769409,npp_d20250910_t1804042_e1805284_b71879;npp_d20250910_t1805296_e1806538_b71879;npp_d20250910_t1806550_e1808192_b71879;npp_d20250910_t1808204_e1809446_b71879,157.618,38.6714,62.0154,96.4182,22.2669,84.1664
39,VBD_npp_d20250910_t1809230_x1002747E_y097645N_l0572_s0469_v23,2025-09-10 20:03:39,9.764495,100.274651,10.0425,2025-09-10 18:09:23,2025-09-11 01:09:23,572,469,0.189167,2,2465,0.252984,0.143152,0.460008,0.4,0.56021,0.75,0.0839667,0.0001,2.56349e-10,999999,-1.399479e-01,3,Thailand Exclusive Economic Zone,,,SVDNB_npp_d20250910_t1808204_e1809446_b71879_c20250910193708290000_oeac_ops.h5,GDNBO_npp_d20250910_t1808204_e1809446_b71879_c20250910193435689000_oeac_ops.h5,SVI04_npp_d20250910_t1808204_e1809446_b71879_c20250910193716857000_oeac_ops.dspace_rad,,eez_v11.shp,WPP_BFAR_merge.shp,vbd_mpa_r20170830.shp,VNF-VBD_npp_20120301-20151231_global_asia-enhanced_c201607211230.bitmask,vbd_landsea_r20220824.mask,timezone.shp,VBD_platforms-recurring_2015_r20170330.shp,999999,VBD_bridges_c20160811.shp,13.807614;11.988322;9.502959;4.653294;6.975082;8.905746,97.681961;111.744194;125.481216;124.205185;110.604576;96.769409,npp_d20250910_t1804042_e1805284_b71879;npp_d20250910_t1805296_e1806538_b71879;npp_d20250910_t1806550_e1808192_b71879;npp_d20250910_t1808204_e1809446_b71879,160.355,43.4694,61.9759,97.0392,23.2296,76.3468
40,VBD_npp_d20250910_t1808367_x1008900E_y124586N_l0153_s0481_v23,2025-09-10 20:03:39,12.458605,100.889984,21.1566,2025-09-10 18:08:36,2025-09-11 01:08:36,153,481,0.200263,2,2465,0.409527,0.122701,0.619334,0.4,0.715445,0.75,0.0846511,0.0001,4.24135e-10,999999,8.957273e-02,3,Thailand Exclusive Economic Zone,,,SVDNB_npp_d20250910_t1808204_e1809446_b71879_c20250910193708290000_oeac_ops.h5,GDNBO_npp_d20250910_t1808204_e1809446_b71879_c20250910193435689000_oeac_ops.h5,SVI04_npp_d20250910_t1808204_e1809446_b71879_c20250910193716857000_oeac_ops.dspace_rad,,eez_v11.shp,WPP_BFAR_merge.shp,vbd_mpa_r20170830.shp,VNF-VBD_npp_20120301-20151231_global_asia-enhanced_c201607211230.bitmask,vbd_landsea_r20220824.mask,timezone.shp,VBD_platforms-recurring_2015_r20170330.shp,999999,VBD_bridges_c20160811.shp,13.807614;11.988322;9.502959;4.653294;6.975082;8.905746,97.681961;111.744194;125.481216;124.205185;110.604576;96.769409,npp_d20250910_t1804042_e1805284_b71879;npp_d20250910_t1805296_e1806538_b71879;npp_d20250910_t1806550_e1808192_b71879;npp_d20250910_t1808204_e1809446_b71879,158.062,39.6589,61.7195,96.7258,22.3084,82.6889
41,VBD_npp_d20250910_t1808385_x1010077E_y123739N_l0164_s0500_v23,2025-09-10 20:03:39,12.373872,101.007683,38.383,2025-09-10 18:08:38,2025-09-11 01:08:38,164,500,0.168823,1,2529,0.586092,0.137095,0.709789,0.4,0.819019,0.75,0.084733,0.0001,6.00956e-10,999999,-7.196912e-02,3,Thailand Exclusive Economic Zone,,,SVDNB_npp_d20250910_t1808204_e1809446_b71879_c20250910193708290000_oeac_ops.h5,GDNBO_npp_d20250910_t1808204_e1809446_b71879_c20250910193435689000_oeac_ops.h5,SVI04_npp_d20250910_t1808204_e1809446_b71879_c20250910193716857000_oeac_ops.dspace_rad,,eez_v11.shp,WPP_BFAR_merge.shp,vbd_mpa_r20170830.shp,VNF-VBD_npp_20120301-20151231_global_asia-enhanced_c201607211230.bitmask,vbd_landsea_r20220824.mask,timezone.shp,VBD_platforms-recurring_2015_r20170330.shp,999999,VBD_bridges_c20160811.shp,13.807614;11.988322;9.502959;4.653294;6.975082;8.905746,97.681961;111.744194;125.481216;124.205185;110.604576;96.769409,npp_d20250910_t1804042_e1805284_b71879;npp_d20250910_t1805296_e1806538_b71879;npp_d20250910_t1806550_e1808192_b71879;npp_d20250910_t1808204_e1809446_b71879,158.049,40.0533,61.32,96.9585,22.1967,82.4669
42,VBD_npp_d20250910_t1809336_x1004156E_y090845N_l0672_s0508_v23,2025-09-10 20:03:39,9.084453,100.415649,31.1141,2025-09-10 18:09:33,2025-09-11 01:09:33,672,508,0.373823,1,2529,0.840536,0.13398,0.854333,0.4,0.942623,0.75,0.0839506,0.0001,4.80396e-10,999999,-3.701552e-02,3,Thailand Exclusive Economic Zone,,,SVDNB_npp_d20250910_t1808204_e1809446_b71879_c20250910193708290000_oeac_ops.h5,GDNBO_npp_d20250910_t1808204_e1809446_b71879_c20250910193435689000_oeac_ops.h5,SVI04_npp_d20250910_t1808204_e1809446_b71879_c20250910193716857000_oeac_ops.dspace_rad,,eez_v11.shp,WPP_BFAR_merge.shp,vbd_mpa_r20170830.shp,VNF-VBD_npp_20120301-20151231_global_asia-enhanced_c201607211230.bitmask,vbd_landsea_r20220824.mask,timezone.shp,VBD_platforms-recurring_2015_r20170330.shp,999999,VBD_bridges_c20160811.shp,13.807614;11.988322;9.502959;4.653294;6.975082;8.905746,97.681961;111.744194;125.481216;124.205185;110.604576;96.769409,npp_d20250910_t1804042_e1805284_b71879;npp_d20250910_t1805296_e1806538_b71879;npp_d20250910_t1806550_e1808192_b71879;npp_d20250910_t1808204_e1809446_b71879,160.713,45.2148,61.164,97.0347,23.2239,74.7035
43,VBD_npp_d20250910_t1808331_x1011446E_y126539N_l0119_s0512_v23,2025-09-10 20:03:39,12.653872,101.144615,68.8945,2025-09-10 18:08:33,2025-09-11 01:08:33,119,512,0.256883,2,2465,0.309925,0.123249,0.446896,0.4,0.660827,0.75,0.0848631,0.0001,7.51187e-10,999999,8.342112e-02,1,,,,SVDNB_npp_d20250910_t1808204_e1809446_b71879_c20250910193708290000_oeac_ops.h5,GDNBO_npp_d20250910_t1808204_e1809446_b71879_c20250910193435689000_oeac_ops.h5,SVI04_npp_d20250910_t1808204_e1809446_b71879_c20250910193716857000_oeac_ops.dspace_rad,,eez_v11.shp,WPP_BFAR_merge.shp,vbd_mpa_r20170830.shp,VNF-VBD_npp_20120301-20151231_global_asia-enhanced_c201607211230.bitmask,vbd_landsea_r20220824.mask,timezone.shp,VBD_platforms-recurring_2015_r20170330.shp,999999,VBD_bridges_c20160811.shp,13.807614;11.988322;9.502959;4.653294;6.975082;8.905746,97.681961;111.744194;125.481216;124.205185;110.604576;96.769409,npp_d20250910_t1804042_e1805284_b71879;npp_d20250910_t1805296_e1806538_b71879;npp_d20250910_t1806550_e1808192_b71879;npp_d20250910_t1808204_e1809446_b71879,157.763,39.8467,61.0791,96.8137,22.0474,83.154
44,VBD_npp_d20250910_t1809354_x1006339E_y090199N_l0678_s0541_v23,2025-09-10 20:03:39,9.019919,100.633926,10.0134,2025-09-10 18:09:35,2025-09-11 01:09:35,678,541,0.38058,1,2529,0.429996,0.12156,0.735416,0.4,0.817509,0.75,0.0841148,0.0001,8.98348e-10,999999,1.023761e-01,3,Thailand Exclusive Economic Zone,,,SVDNB_npp_d20250910_t1808204_e1809446_b71879_c20250910193708290000_oeac_ops.h5,GDNBO_npp_d20250910_t1808204_e1809446_b71879_c20250910193435689000_oeac_ops.h5,SVI04_npp_d20250910_t1808204_e1809446_b71879_c20250910193716857000_oeac_ops.dspace_rad,,eez_v11.shp,WPP_BFAR_merge.shp,vbd_mpa_r20170830.shp,VNF-VBD_npp_20120301-20151231_global_asia-enhanced_c201607211230.bitmask,vbd_landsea_r20220824.mask,timezone.shp,VBD_platforms-recurring_2015_r20170330.shp,999999,VBD_bridges_c20160811.shp,13.807614;11.988322;9.502959;4.653294;6.975082;8.905746,97.681961;111.744194;125.481216;124.205185;110.604576;96.769409,npp_d20250910_t1804042_e1805284_b71879;npp_d20250910_t1805296_e1806538_b71879;npp_d20250910_t1806550_e1808192_b71879;npp_d20250910_t1808204_e1809446_b71879,160.6,45.8263,60.4476,97.4668,23.0233,74.4488
45,VBD_npp_d20250910_t1809069_x1010336E_y106644N_l0422_s0551_v23,2025-09-10 20:03:39,10.664357,101.033638,9.28803,2025-09-10 18:09:06,2025-09-11 01:09:06,422,551,0.250908,2,2465,0.272795,0.161881,0.408529,0.4,0.667796,0.75,0.0845393,0.0001,1.28588e-09,999999,-3.501453e-01,3,Thailand Exclusive Economic Zone,,,SVDNB_npp_d20250910_t1808204_e1809446_b71879_c20250910193708290000_oeac_ops.h5,GDNBO_npp_d20250910_t1808204_e1809446_b71879_c20250910193435689000_oeac_ops.h5,SVI04_npp_d20250910_t1808204_e1809446_b71879_c20250910193716857000_oeac_ops.dspace_rad,,eez_v11.shp,WPP_BFAR_merge.shp,vbd_mpa_r20170830.shp,VNF-VBD_npp_20120301-20151231_global_asia-enhanced_c201607211230.bitmask,vbd_landsea_r20220824.mask,timezone.shp,VBD_platforms-recurring_2015_r20170330.shp,999999,VBD_bridges_c20160811.shp,13.807614;11.988322;9.502959;4.653294;6.975082;8.905746,97.681961;111.744194;125.481216;124.205185;110.604576;96.769409,npp_d20250910_t1804042_e1805284_b71879;npp_d20250910_t1805296_e1806538_b71879;npp_d20250910_t1806550_e1808192_b71879;npp_d20250910_t1808204_e1809446_b71879,159.233,43.259,60.2339,97.2176,22.3503,78.2376
46,VBD_npp_d20250910_t1808420_x1016073E_y120766N_l0198_s0592_v23,2025-09-10 20:03:39,12.076609,101.607315,51.48,2025-09-10 18:08:42,2025-09-11 01:08:42,198,592,0.27744,1,2529,0.798623,0.140873,0.792898,0.4,0.891967,0.75,0.0851481,0.0001,3.02486e-09,999999,-1.143760e-01,3,Thailand Exclusive Economic Zone,,,SVDNB_npp_d20250910_t1808204_e1809446_b71879_c20250910193708290000_oeac_ops.h5,GDNBO_npp_d20250910_t1808204_e1809446_b71879_c20250910193435689000_oeac_ops.h5,SVI04_npp_d20250910_t1808204_e1809446_b71879_c20250910193716857000_oeac_ops.dspace_rad,,eez_v11.shp,WPP_BFAR_merge.shp,vbd_mpa_r20170830.shp,VNF-VBD_npp_20120301-20151231_global_asia-enhanced_c201607211230.bitmask,vbd_landsea_r20220824.mask,timezone.shp,VBD_platforms-recurring_2015_r20170330.shp,999999,VBD_bridges_c20160811.shp,13.807614;11.988322;9.502959;4.653294;6.975082;8.905746,97.681961;111.744194;125.481216;124.205185;110.604576;96.769409,npp_d20250910_t1804042_e1805284_b71879;npp_d20250910_t1805296_e1806538_b71879;npp_d20250910_t1806550_e1808192_b71879;npp_d20250910_t1808204_e1809446_b71879,157.881,41.7856,59.3133,97.055,21.6344,81.6403
47,VBD_npp_d20250910_t1808420_x1016056E_y120630N_l0200_s0592_v23,2025-09-10 20:03:39,12.063048,101.605553,9.61754,2025-09-10 18:08:42,2025-09-11 01:08:42,200,592,0.207376,7,2209,0.164297,0.120159,0.75739,0.4,0.39226,0.75,0.0851448,0.0001,3.0129e-09,999999,1.181060e-01,3,,,,SVDNB_npp_d20250910_t1808204_e1809446_b71879_c20250910193708290000_oeac_ops.h5,GDNBO_npp_d20250910_t1808204_e1809446_b71879_c20250910193435689000_oeac_ops.h5,SVI04_npp_d20250910_t1808204_e1809446_b71879_c20250910193716857000_oeac_ops.dspace_rad,,eez_v11.shp,WPP_BFAR_merge.shp,vbd_mpa_r20170830.shp,VNF-VBD_npp_20120301-20151231_global_asia-enhanced_c201607211230.bitmask,vbd_landsea_r20220824.mask,timezone.shp,VBD_platforms-recurring_2015_r20170330.shp,999999,VBD_bridges_c20160811.shp,13.807614;11.988322;9.502959;4.653294;6.975082;8.905746,97.681961;111.744194;125.481216;124.205185;110.604576;96.769409,npp_d20250910_t1804042_e1805284_b71879;npp_d20250910_t1805296_e1806538_b71879;npp_d20250910_t1806550_e1808192_b71879;npp_d20250910_t1808204_e1809446_b71879,157.892,41.8043,59.3135,96.9756,21.6382,81.6061
48,VBD_npp_d20250910_t1808420_x1016210E_y120749N_l0198_s0594_v23,2025-09-10 20:03:39,12.074930,101.621040,19.173,2025-09-10 18:08:42,2025-09-11 01:08:42,198,594,0.261934,7,2465,0.180339,0.132956,0.792898,0.4,0.532396,0.75,0.0851583,0.0001,3.13072e-09,999999,-2.552531e-02,3,,,,SVDNB_npp_d20250910_t1808204_e1809446_b71879_c20250910193708290000_oeac_ops.h5,GDNBO_npp_d20250910_t1808204_e1809446_b71879_c20250910193435689000_oeac_ops.h5,SVI04_npp_d20250910_t1808204_e1809446_b71879_c20250910193716857000_oeac_ops.dspace_rad,,eez_v11.shp,WPP_BFAR_merge.shp,vbd_mpa_r20170830.shp,VNF-VBD_npp_20120301-20151231_global_asia-enhanced_c201607211230.bitmask,vbd_landsea_r20220824.mask,timezone.shp,VBD_platforms-recurring_2015_r20170330.shp,999999,VBD_bridges_c20160811.shp,13.807614;11.988322;9.502959;4.653294;6.975082;8.905746,97.681961;111.744194;125.481216;124.205185;110.604576;96.769409,npp_d20250910_t1804042_e1805284_b71879;npp_d20250910_t1805296_e1806538_b71879;npp_d20250910_t1806550_e1808192_b71879;npp_d20250910_t1808204_e1809446_b71879,157.873,41.8158,59.2687,97.0579,21.6212,81.6339
49,VBD_npp_d20250910_t1808420_x1016314E_y121012N_l0194_s0595_v23,2025-09-10 20:03:39,12.101179,101.631401,35.0439,2025-09-10 18:08:42,2025-09-11 01:08:42,194,595,0.288608,1,2529,0.700215,0.140557,0.785654,0.4,0.865117,0.75,0.0851701,0.0001,3.20965e-09,999999,-1.108326e-01,3,Thailand Exclusive Economic Zone,,,SVDNB_npp_d20250910_t1808204_e1809446_b71879_c20250910193708290000_oeac_ops.h5,GDNBO_npp_d20250910_t1808204_e1809446_b71879_c20250910193435689000_oeac_ops.h5,SVI04_npp_d20250910_t1808204_e1809446_b71879_c20250910193716857000_oeac_ops.dspace_rad,,eez_v11.shp,WPP_BFAR_merge.shp,vbd_mpa_r20170830.shp,VNF-VBD_npp_20120301-20151231_global_asia-enhanced_c201607211230.bitmask,vbd_landsea_r20220824.mask,timezone.shp,VBD_platforms-recurring_2015_r20170330.shp,999999,VBD_bridges_c20160811.shp,13.807614;11.988322;9.502959;4.653294;6.975082;8.905746,97.681961;111.744194;125.481216;124.205185;110.604576;96.769409,npp_d20250910_t1804042_e1805284_b71879;npp_d20250910_t1805296_e1806538_b71879;npp_d20250910_t1806550_e1808192_b71879;npp_d20250910_t1808204_e1809446_b71879,157.847,41.7935,59.2463,97.2182,21.6071,81.6991
50,VBD_npp_d20250910_t1808420_x1016288E_y120809N_l0197_s0595_v23,2025-09-10 20:03:39,12.080864,101.628777,26.4139,2025-09-10 18:08:42,2025-09-11 01:08:42,197,595,0.261791,1,2529,0.523722,0.13698,0.789102,0.4,0.80384,0.75,0.085165,0.0001,3.19112e-09,999999,-7.068319e-02,3,Thailand Exclusive Economic Zone,,,SVDNB_npp_d20250910_t1808204_e1809446_b71879_c20250910193708290000_oeac_ops.h5,GDNBO_npp_d20250910_t1808204_e1809446_b71879_c20250910193435689000_oeac_ops.h5,SVI04_npp_d20250910_t1808204_e1809446_b71879_c20250910193716857000_oeac_ops.dspace_rad,,eez_v11.shp,WPP_BFAR_merge.shp,vbd_mpa_r20170830.shp,VNF-VBD_npp_20120301-20151231_global_asia-enhanced_c201607211230.bitmask,vbd_landsea_r20220824.mask,timezone.shp,VBD_platforms-recurring_2015_r20170330.shp,999999,VBD_bridges_c20160811.shp,13.807614;11.988322;9.502959;4.653294;6.975082;8.905746,97.681961;111.744194;125.481216;124.205185;110.604576;96.769409,npp_d20250910_t1804042_e1805284_b71879;npp_d20250910_t1805296_e1806538_b71879;npp_d20250910_t1806550_e1808192_b71879;npp_d20250910_t1808204_e1809446_b71879,157.863,41.8215,59.2464,97.099,21.6127,81.6478
51,VBD_npp_d20250910_t1808474_x1017734E_y117596N_l0243_s0624_v23,2025-09-10 20:03:39,11.759628,101.773361,29.4757,2025-09-10 18:08:47,2025-09-11 01:08:47,243,624,0.279219,1,2529,0.683265,0.133276,0.698072,0.4,0.895679,0.75,0.0852327,0.0001,5.20504e-09,999999,-2.910735e-02,3,Thailand Exclusive Economic Zone,,,SVDNB_npp_d20250910_t1808204_e1809446_b71879_c20250910193708290000_oeac_ops.h5,GDNBO_npp_d20250910_t1808204_e1809446_b71879_c20250910193435689000_oeac_ops.h5,SVI04_npp_d20250910_t1808204_e1809446_b71879_c20250910193716857000_oeac_ops.dspace_rad,,eez_v11.shp,WPP_BFAR_merge.shp,vbd_mpa_r20170830.shp,VNF-VBD_npp_20120301-20151231_global_asia-enhanced_c201607211230.bitmask,vbd_landsea_r20220824.mask,timezone.shp,VBD_platforms-recurring_2015_r20170330.shp,999999,VBD_bridges_c20160811.shp,13.807614;11.988322;9.502959;4.653294;6.975082;8.905746,97.681961;111.744194;125.481216;124.205185;110.604576;96.769409,npp_d20250910_t1804042_e1805284_b71879;npp_d20250910_t1805296_e1806538_b71879;npp_d20250910_t1806550_e1808192_b71879;npp_d20250910_t1808204_e1809446_b71879,157.991,42.6866,58.5753,97.2738,21.4993,80.7982
52,VBD_npp_d20250910_t1809390_x1011969E_y087128N_l0713_s0629_v23,2025-09-10 20:03:39,8.712809,101.196899,29.0431,2025-09-10 18:09:39,2025-09-11 01:09:39,713,629,0.382003,1,2529,0.780325,0.129537,0.714003,0.4,0.927033,0.75,0.0845551,0.0001,4.17046e-09,999999,1.285506e-02,3,Thailand Exclusive Economic Zone,,,SVDNB_npp_d20250910_t1808204_e1809446_b71879_c20250910193708290000_oeac_ops.h5,GDNBO_npp_d20250910_t1808204_e1809446_b71879_c20250910193435689000_oeac_ops.h5,SVI04_npp_d20250910_t1808204_e1809446_b71879_c20250910193716857000_oeac_ops.dspace_rad,,eez_v11.shp,WPP_BFAR_merge.shp,vbd_mpa_r20170830.shp,VNF-VBD_npp_20120301-20151231_global_asia-enhanced_c201607211230.bitmask,vbd_landsea_r20220824.mask,timezone.shp,VBD_platforms-recurring_2015_r20170330.shp,999999,VBD_bridges_c20160811.shp,13.807614;11.988322;9.502959;4.653294;6.975082;8.905746,97.681961;111.744194;125.481216;124.205185;110.604576;96.769409,npp_d20250910_t1804042_e1805284_b71879;npp_d20250910_t1805296_e1806538_b71879;npp_d20250910_t1806550_e1808192_b71879;npp_d20250910_t1808204_e1809446_b71879,160.394,47.6514,58.4646,97.4716,22.5526,73.4384
53,VBD_npp_d20250910_t1809336_x1013119E_y090372N_l0662_s0636_v23,2025-09-10 20:03:39,9.037248,101.311928,12.644,2025-09-10 18:09:33,2025-09-11 01:09:33,662,636,0.188811,4,117157,0.270347,0.132328,0.501211,0.4,0.625354,0.75,0.0846145,0.0001,4.93457e-09,999999,-1.847557e-02,3,Thailand Exclusive Economic Zone,,,SVDNB_npp_d20250910_t1808204_e1809446_b71879_c20250910193708290000_oeac_ops.h5,GDNBO_npp_d20250910_t1808204_e1809446_b71879_c20250910193435689000_oeac_ops.h5,SVI04_npp_d20250910_t1808204_e1809446_b71879_c20250910193716857000_oeac_ops.dspace_rad,,eez_v11.shp,WPP_BFAR_merge.shp,vbd_mpa_r20170830.shp,VNF-VBD_npp_20120301-20151231_global_asia-enhanced_c201607211230.bitmask,vbd_landsea_r20220824.mask,timezone.shp,VBD_platforms-recurring_2015_r20170330.shp,0.521161,VBD_bridges_c20160811.shp,13.807614;11.988322;9.502959;4.653294;6.975082;8.905746,97.681961;111.744194;125.481216;124.205185;110.604576;96.769409,npp_d20250910_t1804042_e1805284_b71879;npp_d20250910_t1805296_e1806538_b71879;npp_d20250910_t1806550_e1808192_b71879;npp_d20250910_t1808204_e1809446_b71879,160.107,47.1732,58.2993,97.5566,22.3703,74.1583
54,VBD_npp_d20250910_t1809301_x1015699E_y091603N_l0638_s0668_v23,2025-09-10 20:03:39,9.160347,101.569885,13.9254,2025-09-10 18:09:30,2025-09-11 01:09:30,638,668,0.277654,1,2529,0.40654,0.150856,0.700585,0.4,0.787029,0.75,0.0848267,0.0001,8.62616e-09,999999,-2.264172e-01,3,Thailand Exclusive Economic Zone,,,SVDNB_npp_d20250910_t1808204_e1809446_b71879_c20250910193708290000_oeac_ops.h5,GDNBO_npp_d20250910_t1808204_e1809446_b71879_c20250910193435689000_oeac_ops.h5,SVI04_npp_d20250910_t1808204_e1809446_b71879_c20250910193716857000_oeac_ops.dspace_rad,,eez_v11.shp,WPP_BFAR_merge.shp,vbd_mpa_r20170830.shp,VNF-VBD_npp_20120301-20151231_global_asia-enhanced_c201607211230.bitmask,vbd_landsea_r20220824.mask,timezone.shp,VBD_platforms-recurring_2015_r20170330.shp,999999,VBD_bridges_c20160811.shp,13.807614;11.988322;9.502959;4.653294;6.975082;8.905746,97.681961;111.744194;125.481216;124.205185;110.604576;96.769409,npp_d20250910_t1804042_e1805284_b71879;npp_d20250910_t1805296_e1806538_b71879;npp_d20250910_t1806550_e1808192_b71879;npp_d20250910_t1808204_e1809446_b71879,159.847,47.4102,57.5332,97.2254,22.1009,74.3299
55,VBD_npp_d20250910_t1809265_x1016301E_y093859N_l0603_s0670_v23,2025-09-10 20:03:39,9.385909,101.630150,28.5871,2025-09-10 18:09:26,2025-09-11 01:09:26,603,670,0.378944,1,2529,0.815556,0.123585,0.803131,0.4,0.916029,0.75,0.0849157,0.0001,9.23805e-09,999999,7.965438e-02,3,Thailand Exclusive Economic Zone,,,SVDNB_npp_d20250910_t1808204_e1809446_b71879_c20250910193708290000_oeac_ops.h5,GDNBO_npp_d20250910_t1808204_e1809446_b71879_c20250910193435689000_oeac_ops.h5,SVI04_npp_d20250910_t1808204_e1809446_b71879_c20250910193716857000_oeac_ops.dspace_rad,,eez_v11.shp,WPP_BFAR_merge.shp,vbd_mpa_r20170830.shp,VNF-VBD_npp_20120301-20151231_global_asia-enhanced_c201607211230.bitmask,vbd_landsea_r20220824.mask,timezone.shp,VBD_platforms-recurring_2015_r20170330.shp,999999,VBD_bridges_c20160811.shp,13.807614;11.988322;9.502959;4.653294;6.975082;8.905746,97.681961;111.744194;125.481216;124.205185;110.604576;96.769409,npp_d20250910_t1804042_e1805284_b71879;npp_d20250910_t1805296_e1806538_b71879;npp_d20250910_t1806550_e1808192_b71879;npp_d20250910_t1808204_e1809446_b71879,159.661,47.0511,57.4798,97.3248,21.9955,74.8548
56,VBD_npp_d20250910_t1809319_x1015983E_y090575N_l0653_s0675_v23,2025-09-10 20:03:39,9.057535,101.598343,8.09081,2025-09-10 18:09:31,2025-09-11 01:09:31,653,675,0.385844,1,2529,0.395357,0.136198,0.637645,0.4,0.84208,0.75,0.0848274,0.0001,9.65764e-09,999999,-6.190131e-02,3,Thailand Exclusive Economic Zone,,,SVDNB_npp_d20250910_t1808204_e1809446_b71879_c20250910193708290000_oeac_ops.h5,GDNBO_npp_d20250910_t1808204_e1809446_b71879_c20250910193435689000_oeac_ops.h5,SVI04_npp_d20250910_t1808204_e1809446_b71879_c20250910193716857000_oeac_ops.dspace_rad,,eez_v11.shp,WPP_BFAR_merge.shp,vbd_mpa_r20170830.shp,VNF-VBD_npp_20120301-20151231_global_asia-enhanced_c201607211230.bitmask,vbd_landsea_r20220824.mask,timezone.shp,VBD_platforms-recurring_2015_r20170330.shp,999999,VBD_bridges_c20160811.shp,13.807614;11.988322;9.502959;4.653294;6.975082;8.905746,97.681961;111.744194;125.481216;124.205185;110.604576;96.769409,npp_d20250910_t1804042_e1805284_b71879;npp_d20250910_t1805296_e1806538_b71879;npp_d20250910_t1806550_e1808192_b71879;npp_d20250910_t1808204_e1809446_b71879,159.891,47.688,57.363,97.2909,22.095,74.0629
57,VBD_npp_d20250910_t1809301_x1016312E_y092007N_l0631_s0676_v23,2025-09-10 20:03:39,9.200716,101.631187,30.787,2025-09-10 18:09:30,2025-09-11 01:09:30,631,676,0.380936,1,2529,0.847011,0.121237,0.85844,0.4,0.942496,0.75,0.0848821,0.0001,1.0089e-08,999999,1.060009e-01,3,Thailand Exclusive Economic Zone,,,SVDNB_npp_d20250910_t1808204_e1809446_b71879_c20250910193708290000_oeac_ops.h5,GDNBO_npp_d20250910_t1808204_e1809446_b71879_c20250910193435689000_oeac_ops.h5,SVI04_npp_d20250910_t1808204_e1809446_b71879_c20250910193716857000_oeac_ops.dspace_rad,,eez_v11.shp,WPP_BFAR_merge.shp,vbd_mpa_r20170830.shp,VNF-VBD_npp_20120301-20151231_global_asia-enhanced_c201607211230.bitmask,vbd_landsea_r20220824.mask,timezone.shp,VBD_platforms-recurring_2015_r20170330.shp,999999,VBD_bridges_c20160811.shp,13.807614;11.988322;9.502959;4.653294;6.975082;8.905746,97.681961;111.744194;125.481216;124.205185;110.604576;96.769409,npp_d20250910_t1804042_e1805284_b71879;npp_d20250910_t1805296_e1806538_b71879;npp_d20250910_t1806550_e1808192_b71879;npp_d20250910_t1808204_e1809446_b71879,159.776,47.4505,57.3407,97.5289,22.0306,74.3964
58,VBD_npp_d20250910_t1809301_x1016333E_y091660N_l0636_s0677_v23,2025-09-10 20:03:39,9.165962,101.633331,6.36466,2025-09-10 18:09:30,2025-09-11 01:09:30,636,677,0.264779,8,18849,0.207671,0.183198,0.81482,0.4,0.618092,0.75,0.0848757,0.0001,1.01125e-08,999999,-5.893955e-01,3,Thailand Exclusive Economic Zone,,,SVDNB_npp_d20250910_t1808204_e1809446_b71879_c20250910193708290000_oeac_ops.h5,GDNBO_npp_d20250910_t1808204_e1809446_b71879_c20250910193435689000_oeac_ops.h5,SVI04_npp_d20250910_t1808204_e1809446_b71879_c20250910193716857000_oeac_ops.dspace_rad,,eez_v11.shp,WPP_BFAR_merge.shp,vbd_mpa_r20170830.shp,VNF-VBD_npp_20120301-20151231_global_asia-enhanced_c201607211230.bitmask,vbd_landsea_r20220824.mask,timezone.shp,VBD_platforms-recurring_2015_r20170330.shp,0.0782947,VBD_bridges_c20160811.shp,13.807614;11.988322;9.502959;4.653294;6.975082;8.905746,97.681961;111.744194;125.481216;124.205185;110.604576;96.769409,npp_d20250910_t1804042_e1805284_b71879;npp_d20250910_t1805296_e1806538_b71879;npp_d20250910_t1806550_e1808192_b71879;npp_d20250910_t1808204_e1809446_b71879,159.797,47.5242,57.3177,97.3189,22.0381,74.3111
59,VBD_npp_d20250910_t1809336_x1015877E_y089317N_l0672_s0677_v23,2025-09-10 20:03:39,8.931688,101.587677,38.2593,2025-09-10 18:09:33,2025-09-11 01:09:33,672,677,0.303474,4,35301,0.675241,0.12393,0.733699,0.4,0.828999,0.75,0.0847944,0.0001,9.78208e-09,999999,7.578027e-02,3,Thailand Exclusive Economic Zone,,,SVDNB_npp_d20250910_t1808204_e1809446_b71879_c20250910193708290000_oeac_ops.h5,GDNBO_npp_d20250910_t1808204_e1809446_b71879_c20250910193435689000_oeac_ops.h5,SVI04_npp_d20250910_t1808204_e1809446_b71879_c20250910193716857000_oeac_ops.dspace_rad,,eez_v11.shp,WPP_BFAR_merge.shp,vbd_mpa_r20170830.shp,VNF-VBD_npp_20120301-20151231_global_asia-enhanced_c201607211230.bitmask,vbd_landsea_r20220824.mask,timezone.shp,VBD_platforms-recurring_2015_r20170330.shp,999999,VBD_bridges_c20160811.shp,13.807614;11.988322;9.502959;4.653294;6.975082;8.905746,97.681961;111.744194;125.481216;124.205185;110.604576;96.769409,npp_d20250910_t1804042_e1805284_b71879;npp_d20250910_t1805296_e1806538_b71879;npp_d20250910_t1806550_e1808192_b71879;npp_d20250910_t1808204_e1809446_b71879,159.978,47.9369,57.3167,97.1794,22.1338,73.7612
60,VBD_npp_d20250910_t1808438_x1022069E_y118689N_l0218_s0681_v23,2025-09-10 20:03:39,11.868932,102.206879,10.6541,2025-09-10 18:08:43,2025-09-11 01:08:43,218,681,0.171099,8,18561,0.201624,0.194272,0.272712,0.4,0.539102,0.75,0.0855584,0.0001,1.38522e-08,999999,-1.332774e-01,3,Thailand Exclusive Economic Zone,,,SVDNB_npp_d20250910_t1808204_e1809446_b71879_c20250910193708290000_oeac_ops.h5,GDNBO_npp_d20250910_t1808204_e1809446_b71879_c20250910193435689000_oeac_ops.h5,SVI04_npp_d20250910_t1808204_e1809446_b71879_c20250910193716857000_oeac_ops.dspace_rad,,eez_v11.shp,WPP_BFAR_merge.shp,vbd_mpa_r20170830.shp,VNF-VBD_npp_20120301-20151231_global_asia-enhanced_c201607211230.bitmask,vbd_landsea_r20220824.mask,timezone.shp,VBD_platforms-recurring_2015_r20170330.shp,0.363013,VBD_bridges_c20160811.shp,13.807614;11.988322;9.502959;4.653294;6.975082;8.905746,97.681961;111.744194;125.481216;124.205185;110.604576;96.769409,npp_d20250910_t1804042_e1805284_b71879;npp_d20250910_t1805296_e1806538_b71879;npp_d20250910_t1806550_e1808192_b71879;npp_d20250910_t1808204_e1809446_b71879,157.632,43.3243,57.2167,97.0306,21.0699,80.9972
61,VBD_npp_d20250910_t1809301_x1016634E_y091826N_l0633_s0681_v23,2025-09-10 20:03:39,9.182562,101.663422,10.8466,2025-09-10 18:09:30,2025-09-11 01:09:30,633,681,0.351986,1,2529,0.430886,0.141398,0.842286,0.4,0.832387,0.75,0.0849022,0.0001,1.09154e-08,999999,-1.202645e-01,3,Thailand Exclusive Economic Zone,,,SVDNB_npp_d20250910_t1808204_e1809446_b71879_c20250910193708290000_oeac_ops.h5,GDNBO_npp_d20250910_t1808204_e1809446_b71879_c20250910193435689000_oeac_ops.h5,SVI04_npp_d20250910_t1808204_e1809446_b71879_c20250910193716857000_oeac_ops.dspace_rad,,eez_v11.shp,WPP_BFAR_merge.shp,vbd_mpa_r20170830.shp,VNF-VBD_npp_20120301-20151231_global_asia-enhanced_c201607211230.bitmask,vbd_landsea_r20220824.mask,timezone.shp,VBD_platforms-recurring_2015_r20170330.shp,999999,VBD_bridges_c20160811.shp,13.807614;11.988322;9.502959;4.653294;6.975082;8.905746,97.681961;111.744194;125.481216;124.205185;110.604576;96.769409,npp_d20250910_t1804042_e1805284_b71879;npp_d20250910_t1805296_e1806538_b71879;npp_d20250910_t1806550_e1808192_b71879;npp_d20250910_t1808204_e1809446_b71879,159.764,47.5502,57.2212,97.449,22.0044,74.3359
62,VBD_npp_d20250910_t1809354_x1016727E_y088199N_l0687_s0692_v23,2025-09-10 20:03:39,8.819885,101.672722,7.11901,2025-09-10 18:09:35,2025-09-11 01:09:35,687,692,0.345442,8,18913,0.314408,0.17804,0.549842,0.4,0.76561,0.75,0.0848662,0.0001,1.25954e-08,999999,-5.315097e-01,3,Thailand Exclusive Economic Zone,,,SVDNB_npp_d20250910_t1808204_e1809446_b71879_c20250910193708290000_oeac_ops.h5,GDNBO_npp_d20250910_t1808204_e1809446_b71879_c20250910193435689000_oeac_ops.h5,SVI04_npp_d20250910_t1808204_e1809446_b71879_c20250910193716857000_oeac_ops.dspace_rad,,eez_v11.shp,WPP_BFAR_merge.shp,vbd_mpa_r20170830.shp,VNF-VBD_npp_20120301-20151231_global_asia-enhanced_c201607211230.bitmask,vbd_landsea_r20220824.mask,timezone.shp,VBD_platforms-recurring_2015_r20170330.shp,0.413726,VBD_bridges_c20160811.shp,13.807614;11.988322;9.502959;4.653294;6.975082;8.905746,97.681961;111.744194;125.481216;124.205185;110.604576;96.769409,npp_d20250910_t1804042_e1805284_b71879;npp_d20250910_t1805296_e1806538_b71879;npp_d20250910_t1806550_e1808192_b71879;npp_d20250910_t1808204_e1809446_b71879,159.984,48.347,56.9438,97.2424,22.0771,73.4415
63,VBD_npp_d20250910_t1809390_x1018819E_y085938N_l0717_s0728_v23,2025-09-10 20:03:39,8.593832,101.881851,3.5583,2025-09-10 18:09:39,2025-09-11 01:09:39,717,728,0.390681,2,2465,0.180934,0.134493,0.566811,0.4,0.72711,0.75,0.0850369,0.0001,2.29002e-08,999999,-4.276488e-02,3,Thailand Exclusive Economic Zone,,,SVDNB_npp_d20250910_t1808204_e1809446_b71879_c20250910193708290000_oeac_ops.h5,GDNBO_npp_d20250910_t1808204_e1809446_b71879_c20250910193435689000_oeac_ops.h5,SVI04_npp_d20250910_t1808204_e1809446_b71879_c20250910193716857000_oeac_ops.dspace_rad,,eez_v11.shp,WPP_BFAR_merge.shp,vbd_mpa_r20170830.shp,VNF-VBD_npp_20120301-20151231_global_asia-enhanced_c201607211230.bitmask,vbd_landsea_r20220824.mask,timezone.shp,VBD_platforms-recurring_2015_r20170330.shp,999999,VBD_bridges_c20160811.shp,13.807614;11.988322;9.502959;4.653294;6.975082;8.905746,97.681961;111.744194;125.481216;124.205185;110.604576;96.769409,npp_d20250910_t1804042_e1805284_b71879;npp_d20250910_t1805296_e1806538_b71879;npp_d20250910_t1806550_e1808192_b71879;npp_d20250910_t1808204_e1809446_b71879,159.967,49.2477,56.0414,97.3938,21.9292,72.7673
64,VBD_npp_d20250910_t1809443_x1020271E_y082411N_l0767_s0759_v23,2025-09-10 20:03:39,8.241101,102.027100,21.3824,2025-09-10 18:09:44,2025-09-11 01:09:44,767,759,0.400853,1,2529,0.748377,0.166323,0.883691,0.4,0.934238,0.75,0.0851834,0.0001,3.67841e-08,999999,999999,3,Thailand Exclusive Economic Zone,,,SVDNB_npp_d20250910_t1808204_e1809446_b71879_c20250910193708290000_oeac_ops.h5,GDNBO_npp_d20250910_t1808204_e1809446_b71879_c20250910193435689000_oeac_ops.h5,SVI04_npp_d20250910_t1808204_e1809446_b71879_c20250910193716857000_oeac_ops.dspace_rad,,eez_v11.shp,WPP_BFAR_merge.shp,vbd_mpa_r20170830.shp,VNF-VBD_npp_20120301-20151231_global_asia-enhanced_c201607211230.bitmask,vbd_landsea_r20220824.mask,timezone.shp,VBD_platforms-recurring_2015_r20170330.shp,999999,VBD_bridges_c20160811.shp,13.807614;11.988322;9.502959;4.653294;6.975082;8.905746,97.681961;111.744194;125.481216;124.205185;110.604576;96.769409,npp_d20250910_t1804042_e1805284_b71879;npp_d20250910_t1805296_e1806538_b71879;npp_d20250910_t1806550_e1808192_b71879;npp_d20250910_t1808204_e1809446_b71879,160.068,50.3071,55.2561,97.3728,21.8786,71.8119
65,VBD_npp_d20250910_t1809390_x1021827E_y085609N_l0716_s0772_v23,2025-09-10 20:03:39,8.560906,102.182655,4.93703,2025-09-10 18:09:39,2025-09-11 01:09:39,716,772,0.392459,1,2529,0.274773,0.105391,0.70407,0.4,0.809522,0.75,0.0852448,0.0001,4.74607e-08,999999,2.838492e-01,3,Thailand Exclusive Economic Zone,,,SVDNB_npp_d20250910_t1808204_e1809446_b71879_c20250910193708290000_oeac_ops.h5,GDNBO_npp_d20250910_t1808204_e1809446_b71879_c20250910193435689000_oeac_ops.h5,SVI04_npp_d20250910_t1808204_e1809446_b71879_c20250910193716857000_oeac_ops.dspace_rad,,eez_v11.shp,WPP_BFAR_merge.shp,vbd_mpa_r20170830.shp,VNF-VBD_npp_20120301-20151231_global_asia-enhanced_c201607211230.bitmask,vbd_landsea_r20220824.mask,timezone.shp,VBD_platforms-recurring_2015_r20170330.shp,999999,VBD_bridges_c20160811.shp,13.807614;11.988322;9.502959;4.653294;6.975082;8.905746,97.681961;111.744194;125.481216;124.205185;110.604576;96.769409,npp_d20250910_t1804042_e1805284_b71879;npp_d20250910_t1805296_e1806538_b71879;npp_d20250910_t1806550_e1808192_b71879;npp_d20250910_t1808204_e1809446_b71879,159.761,49.887,54.9222,97.4799,21.6506,72.5057
66,VBD_npp_d20250910_t1809443_x1024803E_y082485N_l0757_s0824_v23,2025-09-10 20:03:39,8.248485,102.480278,4.0054,2025-09-10 18:09:44,2025-09-11 01:09:44,757,824,0.398221,1,2273,0.219391,0.172942,0.888085,0.4,0.750245,0.75,0.0854871,0.0001,1.09273e-07,999999,4.238706e-02,3,Thailand Exclusive Economic Zone,,,SVDNB_npp_d20250910_t1808204_e1809446_b71879_c20250910193708290000_oeac_ops.h5,GDNBO_npp_d20250910_t1808204_e1809446_b71879_c20250910193435689000_oeac_ops.h5,SVI04_npp_d20250910_t1808204_e1809446_b71879_c20250910193716857000_oeac_ops.dspace_rad,,eez_v11.shp,WPP_BFAR_merge.shp,vbd_mpa_r20170830.shp,VNF-VBD_npp_20120301-20151231_global_asia-enhanced_c201607211230.bitmask,vbd_landsea_r20220824.mask,timezone.shp,VBD_platforms-recurring_2015_r20170330.shp,999999,VBD_bridges_c20160811.shp,13.807614;11.988322;9.502959;4.653294;6.975082;8.905746,97.681961;111.744194;125.481216;124.205185;110.604576;96.769409,npp_d20250910_t1804042_e1805284_b71879;npp_d20250910_t1805296_e1806538_b71879;npp_d20250910_t1806550_e1808192_b71879;npp_d20250910_t1808204_e1809446_b71879,159.716,51.132,53.5388,97.8937,21.4435,71.533
67,VBD_npp_d20250910_t1809443_x1024919E_y081846N_l0766_s0827_v23,2025-09-10 20:03:39,8.184624,102.491920,4.23755,2025-09-10 18:09:44,2025-09-11 01:09:44,766,827,0.40192,1,2529,0.251886,0.226659,0.846207,0.4,0.774392,0.75,0.085501,0.0001,1.11505e-07,999999,999999,3,Thailand Exclusive Economic Zone,,,SVDNB_npp_d20250910_t1808204_e1809446_b71879_c20250910193708290000_oeac_ops.h5,GDNBO_npp_d20250910_t1808204_e1809446_b71879_c20250910193435689000_oeac_ops.h5,SVI04_npp_d20250910_t1808204_e1809446_b71879_c20250910193716857000_oeac_ops.dspace_rad,,eez_v11.shp,WPP_BFAR_merge.shp,vbd_mpa_r20170830.shp,VNF-VBD_npp_20120301-20151231_global_asia-enhanced_c201607211230.bitmask,vbd_landsea_r20220824.mask,timezone.shp,VBD_platforms-recurring_2015_r20170330.shp,999999,VBD_bridges_c20160811.shp,13.807614;11.988322;9.502959;4.653294;6.975082;8.905746,97.681961;111.744194;125.481216;124.205185;110.604576;96.769409,npp_d20250910_t1804042_e1805284_b71879;npp_d20250910_t1805296_e1806538_b71879;npp_d20250910_t1806550_e1808192_b71879;npp_d20250910_t1808204_e1809446_b71879,159.747,51.288,53.4595,97.4672,21.453,71.3681
68,VBD_npp_d20250910_t1809425_x1025290E_y082866N_l0750_s0829_v23,2025-09-10 20:03:39,8.286610,102.528984,3.47996,2025-09-10 18:09:42,2025-09-11 01:09:42,750,829,0.401066,7,51361,0.205293,0.155292,0.890091,0.4,0.718226,0.75,0.0855102,0.0001,1.16847e-07,999999,1.877488e-01,3,,,,SVDNB_npp_d20250910_t1808204_e1809446_b71879_c20250910193708290000_oeac_ops.h5,GDNBO_npp_d20250910_t1808204_e1809446_b71879_c20250910193435689000_oeac_ops.h5,SVI04_npp_d20250910_t1808204_e1809446_b71879_c20250910193716857000_oeac_ops.dspace_rad,,eez_v11.shp,WPP_BFAR_merge.shp,vbd_mpa_r20170830.shp,VNF-VBD_npp_20120301-20151231_global_asia-enhanced_c201607211230.bitmask,vbd_landsea_r20220824.mask,timezone.shp,VBD_platforms-recurring_2015_r20170330.shp,0.570018,VBD_bridges_c20160811.shp,13.807614;11.988322;9.502959;4.653294;6.975082;8.905746,97.681961;111.744194;125.481216;124.205185;110.604576;96.769409,npp_d20250910_t1804042_e1805284_b71879;npp_d20250910_t1805296_e1806538_b71879;npp_d20250910_t1806550_e1808192_b71879;npp_d20250910_t1808204_e1809446_b71879,159.66,51.127,53.3982,97.458,21.3916,71.5995
69,VBD_npp_d20250910_t1809443_x1025237E_y082632N_l0754_s0830_v23,2025-09-10 20:03:39,8.263200,102.523697,95.8745,2025-09-10 18:09:44,2025-09-11 01:09:44,754,830,0.52839,4,35301,1.3426,0.06875,0.914378,0.4,0.978461,0.75,0.0855148,0.0001,1.21267e-07,999999,9.838663e-01,3,Thailand Exclusive Economic Zone,,,SVDNB_npp_d20250910_t1808204_e1809446_b71879_c20250910193708290000_oeac_ops.h5,GDNBO_npp_d20250910_t1808204_e1809446_b71879_c20250910193435689000_oeac_ops.h5,SVI04_npp_d20250910_t1808204_e1809446_b71879_c20250910193716857000_oeac_ops.dspace_rad,,eez_v11.shp,WPP_BFAR_merge.shp,vbd_mpa_r20170830.shp,VNF-VBD_npp_20120301-20151231_global_asia-enhanced_c201607211230.bitmask,vbd_landsea_r20220824.mask,timezone.shp,VBD_platforms-recurring_2015_r20170330.shp,999999,VBD_bridges_c20160811.shp,13.807614;11.988322;9.502959;4.653294;6.975082;8.905746,97.681961;111.744194;125.481216;124.205185;110.604576;96.769409,npp_d20250910_t1804042_e1805284_b71879;npp_d20250910_t1805296_e1806538_b71879;npp_d20250910_t1806550_e1808192_b71879;npp_d20250910_t1808204_e1809446_b71879,159.673,51.1801,53.3772,98.043,21.3973,71.5401
70,VBD_npp_d20250910_t1809443_x1025362E_y082545N_l0755_s0832_v23,2025-09-10 20:03:39,8.254547,102.536209,2.8751,2025-09-10 18:09:44,2025-09-11 01:09:44,755,832,0.398861,7,51361,0.129965,0.06875,0.906635,0.4,0.566058,0.75,0.085524,0.0001,1.24787e-07,999999,9.826594e-01,3,,,,SVDNB_npp_d20250910_t1808204_e1809446_b71879_c20250910193708290000_oeac_ops.h5,GDNBO_npp_d20250910_t1808204_e1809446_b71879_c20250910193435689000_oeac_ops.h5,SVI04_npp_d20250910_t1808204_e1809446_b71879_c20250910193716857000_oeac_ops.dspace_rad,,eez_v11.shp,WPP_BFAR_merge.shp,vbd_mpa_r20170830.shp,VNF-VBD_npp_20120301-20151231_global_asia-enhanced_c201607211230.bitmask,vbd_landsea_r20220824.mask,timezone.shp,VBD_platforms-recurring_2015_r20170330.shp,0.525232,VBD_bridges_c20160811.shp,13.807614;11.988322;9.502959;4.653294;6.975082;8.905746,97.681961;111.744194;125.481216;124.205185;110.604576;96.769409,npp_d20250910_t1804042_e1805284_b71879;npp_d20250910_t1805296_e1806538_b71879;npp_d20250910_t1806550_e1808192_b71879;npp_d20250910_t1808204_e1809446_b71879,159.669,51.221,53.3233,97.9973,21.3882,71.5104
71,VBD_npp_d20250910_t1809443_x1025276E_y081936N_l0764_s0832_v23,2025-09-10 20:03:39,8.193637,102.527573,9.31529,2025-09-10 18:09:44,2025-09-11 01:09:44,764,832,0.395304,8,18913,0.457183,0.196038,0.844497,0.4,0.859491,0.75,0.085524,0.0001,1.21443e-07,999999,-1.478194e-01,3,Thailand Exclusive Economic Zone,,,SVDNB_npp_d20250910_t1808204_e1809446_b71879_c20250910193708290000_oeac_ops.h5,GDNBO_npp_d20250910_t1808204_e1809446_b71879_c20250910193435689000_oeac_ops.h5,SVI04_npp_d20250910_t1808204_e1809446_b71879_c20250910193716857000_oeac_ops.dspace_rad,,eez_v11.shp,WPP_BFAR_merge.shp,vbd_mpa_r20170830.shp,VNF-VBD_npp_20120301-20151231_global_asia-enhanced_c201607211230.bitmask,vbd_landsea_r20220824.mask,timezone.shp,VBD_platforms-recurring_2015_r20170330.shp,0.358017,VBD_bridges_c20160811.shp,13.807614;11.988322;9.502959;4.653294;6.975082;8.905746,97.681961;111.744194;125.481216;124.205185;110.604576;96.769409,npp_d20250910_t1804042_e1805284_b71879;npp_d20250910_t1805296_e1806538_b71879;npp_d20250910_t1806550_e1808192_b71879;npp_d20250910_t1808204_e1809446_b71879,159.714,51.3338,53.3243,97.567,21.4161,71.3661
72,VBD_npp_d20250910_t1809390_x1028057E_y085039N_l0712_s0863_v23,2025-09-10 20:03:39,8.503855,102.805717,13.2752,2025-09-10 18:09:39,2025-09-11 01:09:39,712,863,0.40192,1,2529,0.590059,0.159611,0.8739,0.4,0.913929,0.75,0.0856669,0.0001,2.06154e-07,999999,1.521786e-01,3,Vietnamese Exclusive Economic Zone,,,SVDNB_npp_d20250910_t1808204_e1809446_b71879_c20250910193708290000_oeac_ops.h5,GDNBO_npp_d20250910_t1808204_e1809446_b71879_c20250910193435689000_oeac_ops.h5,SVI04_npp_d20250910_t1808204_e1809446_b71879_c20250910193716857000_oeac_ops.dspace_rad,,eez_v11.shp,WPP_BFAR_merge.shp,vbd_mpa_r20170830.shp,VNF-VBD_npp_20120301-20151231_global_asia-enhanced_c201607211230.bitmask,vbd_landsea_r20220824.mask,timezone.shp,VBD_platforms-recurring_2015_r20170330.shp,999999,VBD_bridges_c20160811.shp,13.807614;11.988322;9.502959;4.653294;6.975082;8.905746,97.681961;111.744194;125.481216;124.205185;110.604576;96.769409,npp_d20250910_t1804042_e1805284_b71879;npp_d20250910_t1805296_e1806538_b71879;npp_d20250910_t1806550_e1808192_b71879;npp_d20250910_t1808204_e1809446_b71879,159.322,51.1476,52.476,97.7525,21.0718,71.9668
73,VBD_npp_d20250910_t1809390_x1028008E_y084693N_l0717_s0863_v23,2025-09-10 20:03:39,8.469321,102.800812,10.9715,2025-09-10 18:09:39,2025-09-11 01:09:39,717,863,0.396514,1,2529,0.529359,0.186891,0.871768,0.4,0.907751,0.75,0.0856669,0.0001,2.03099e-07,999999,-7.248451e-02,3,Vietnamese Exclusive Economic Zone,,,SVDNB_npp_d20250910_t1808204_e1809446_b71879_c20250910193708290000_oeac_ops.h5,GDNBO_npp_d20250910_t1808204_e1809446_b71879_c20250910193435689000_oeac_ops.h5,SVI04_npp_d20250910_t1808204_e1809446_b71879_c20250910193716857000_oeac_ops.dspace_rad,,eez_v11.shp,WPP_BFAR_merge.shp,vbd_mpa_r20170830.shp,VNF-VBD_npp_20120301-20151231_global_asia-enhanced_c201607211230.bitmask,vbd_landsea_r20220824.mask,timezone.shp,VBD_platforms-recurring_2015_r20170330.shp,999999,VBD_bridges_c20160811.shp,13.807614;11.988322;9.502959;4.653294;6.975082;8.905746,97.681961;111.744194;125.481216;124.205185;110.604576;96.769409,npp_d20250910_t1804042_e1805284_b71879;npp_d20250910_t1805296_e1806538_b71879;npp_d20250910_t1806550_e1808192_b71879;npp_d20250910_t1808204_e1809446_b71879,159.348,51.2102,52.477,97.502,21.0873,71.8833
74,VBD_npp_d20250910_t1809390_x1028257E_y084941N_l0713_s0866_v23,2025-09-10 20:03:39,8.494089,102.825714,3.14623,2025-09-10 18:09:39,2025-09-11 01:09:39,713,866,0.394451,2,2209,0.159086,0.13646,0.8739,0.4,0.699109,0.75,0.0856808,0.0001,2.15728e-07,999999,3.428394e-01,3,Vietnamese Exclusive Economic Zone,,,SVDNB_npp_d20250910_t1808204_e1809446_b71879_c20250910193708290000_oeac_ops.h5,GDNBO_npp_d20250910_t1808204_e1809446_b71879_c20250910193435689000_oeac_ops.h5,SVI04_npp_d20250910_t1808204_e1809446_b71879_c20250910193716857000_oeac_ops.dspace_rad,,eez_v11.shp,WPP_BFAR_merge.shp,vbd_mpa_r20170830.shp,VNF-VBD_npp_20120301-20151231_global_asia-enhanced_c201607211230.bitmask,vbd_landsea_r20220824.mask,timezone.shp,VBD_platforms-recurring_2015_r20170330.shp,999999,VBD_bridges_c20160811.shp,13.807614;11.988322;9.502959;4.653294;6.975082;8.905746,97.681961;111.744194;125.481216;124.205185;110.604576;96.769409,npp_d20250910_t1804042_e1805284_b71879;npp_d20250910_t1805296_e1806538_b71879;npp_d20250910_t1806550_e1808192_b71879;npp_d20250910_t1808204_e1809446_b71879,159.313,51.2036,52.39,97.7054,21.0557,71.929
75,VBD_npp_d20250910_t1809176_x1031794E_y097068N_l0524_s0880_v23,2025-09-10 20:03:39,9.706821,103.179436,68.7751,2025-09-10 18:09:17,2025-09-11 01:09:17,524,880,0.359241,1,2529,1.16417,0.181441,0.897346,0.4,0.967789,0.75,0.0859934,0.0001,2.98149e-07,999999,-2.760313e-02,3,Cambodian Exclusive Economic Zone,,,SVDNB_npp_d20250910_t1808204_e1809446_b71879_c20250910193708290000_oeac_ops.h5,GDNBO_npp_d20250910_t1808204_e1809446_b71879_c20250910193435689000_oeac_ops.h5,SVI04_npp_d20250910_t1808204_e1809446_b71879_c20250910193716857000_oeac_ops.dspace_rad,,eez_v11.shp,WPP_BFAR_merge.shp,vbd_mpa_r20170830.shp,VNF-VBD_npp_20120301-20151231_global_asia-enhanced_c201607211230.bitmask,vbd_landsea_r20220824.mask,timezone.shp,VBD_platforms-recurring_2015_r20170330.shp,999999,VBD_bridges_c20160811.shp,13.807614;11.988322;9.502959;4.653294;6.975082;8.905746,97.681961;111.744194;125.481216;124.205185;110.604576;96.769409,npp_d20250910_t1804042_e1805284_b71879;npp_d20250910_t1805296_e1806538_b71879;npp_d20250910_t1806550_e1808192_b71879;npp_d20250910_t1808204_e1809446_b71879,158.336,49.2704,51.9875,97.4223,20.4455,74.8986
76,VBD_npp_d20250910_t1809194_x1031687E_y096292N_l0536_s0881_v23,2025-09-10 20:03:39,9.629179,103.168701,18.262,2025-09-10 18:09:19,2025-09-11 01:09:19,536,881,0.351345,8,18913,0.664033,0.199779,0.839652,0.4,0.912663,0.75,0.085991,0.0001,3.03418e-07,999999,-1.786287e-01,3,Cambodian Exclusive Economic Zone,,,SVDNB_npp_d20250910_t1808204_e1809446_b71879_c20250910193708290000_oeac_ops.h5,GDNBO_npp_d20250910_t1808204_e1809446_b71879_c20250910193435689000_oeac_ops.h5,SVI04_npp_d20250910_t1808204_e1809446_b71879_c20250910193716857000_oeac_ops.dspace_rad,,eez_v11.shp,WPP_BFAR_merge.shp,vbd_mpa_r20170830.shp,VNF-VBD_npp_20120301-20151231_global_asia-enhanced_c201607211230.bitmask,vbd_landsea_r20220824.mask,timezone.shp,VBD_platforms-recurring_2015_r20170330.shp,0.233761,VBD_bridges_c20160811.shp,13.807614;11.988322;9.502959;4.653294;6.975082;8.905746,97.681961;111.744194;125.481216;124.205185;110.604576;96.769409,npp_d20250910_t1804042_e1805284_b71879;npp_d20250910_t1805296_e1806538_b71879;npp_d20250910_t1806550_e1808192_b71879;npp_d20250910_t1808204_e1809446_b71879,158.389,49.4129,51.9579,97.6358,20.4697,74.6955
77,VBD_npp_d20250910_t1809123_x1032885E_y100471N_l0471_s0886_v23,2025-09-10 20:03:39,10.047116,103.288544,41.34,2025-09-10 18:09:12,2025-09-11 01:09:12,471,886,0.345513,1,2529,0.983581,0.161575,0.886703,0.4,0.962608,0.75,0.0860664,0.0001,3.38462e-07,999999,1.360048e-01,3,Cambodian Exclusive Economic Zone,,,SVDNB_npp_d20250910_t1808204_e1809446_b71879_c20250910193708290000_oeac_ops.h5,GDNBO_npp_d20250910_t1808204_e1809446_b71879_c20250910193435689000_oeac_ops.h5,SVI04_npp_d20250910_t1808204_e1809446_b71879_c20250910193716857000_oeac_ops.dspace_rad,,eez_v11.shp,WPP_BFAR_merge.shp,vbd_mpa_r20170830.shp,VNF-VBD_npp_20120301-20151231_global_asia-enhanced_c201607211230.bitmask,vbd_landsea_r20220824.mask,timezone.shp,VBD_platforms-recurring_2015_r20170330.shp,999999,VBD_bridges_c20160811.shp,13.807614;11.988322;9.502959;4.653294;6.975082;8.905746,97.681961;111.744194;125.481216;124.205185;110.604576;96.769409,npp_d20250910_t1804042_e1805284_b71879;npp_d20250910_t1805296_e1806538_b71879;npp_d20250910_t1806550_e1808192_b71879;npp_d20250910_t1808204_e1809446_b71879,158.048,48.7834,51.8205,97.6434,20.2729,75.7585
78,VBD_npp_d20250910_t1809230_x1032011E_y093696N_l0574_s0893_v23,2025-09-10 20:03:39,9.369595,103.201149,65.1184,2025-09-10 18:09:23,2025-09-11 01:09:23,574,893,0.37617,1,2529,1.17093,0.18465,0.873075,0.4,0.971302,0.75,0.0860239,0.0001,3.53013e-07,999999,-5.403002e-02,3,Vietnamese Exclusive Economic Zone,,,SVDNB_npp_d20250910_t1808204_e1809446_b71879_c20250910193708290000_oeac_ops.h5,GDNBO_npp_d20250910_t1808204_e1809446_b71879_c20250910193435689000_oeac_ops.h5,SVI04_npp_d20250910_t1808204_e1809446_b71879_c20250910193716857000_oeac_ops.dspace_rad,,eez_v11.shp,WPP_BFAR_merge.shp,vbd_mpa_r20170830.shp,VNF-VBD_npp_20120301-20151231_global_asia-enhanced_c201607211230.bitmask,vbd_landsea_r20220824.mask,timezone.shp,VBD_platforms-recurring_2015_r20170330.shp,999999,VBD_bridges_c20160811.shp,13.807614;11.988322;9.502959;4.653294;6.975082;8.905746,97.681961;111.744194;125.481216;124.205185;110.604576;96.769409,npp_d20250910_t1804042_e1805284_b71879;npp_d20250910_t1805296_e1806538_b71879;npp_d20250910_t1806550_e1808192_b71879;npp_d20250910_t1808204_e1809446_b71879,158.521,49.9986,51.6199,97.3686,20.4959,73.9868
79,VBD_npp_d20250910_t1809158_x1033059E_y097689N_l0512_s0896_v23,2025-09-10 20:03:39,9.768899,103.305878,30.8611,2025-09-10 18:09:15,2025-09-11 01:09:15,512,896,0.362655,1,2529,0.778873,0.162141,0.857839,0.4,0.916755,0.75,0.086074,0.0001,3.80446e-07,999999,1.313447e-01,3,Cambodian Exclusive Economic Zone,,,SVDNB_npp_d20250910_t1808204_e1809446_b71879_c20250910193708290000_oeac_ops.h5,GDNBO_npp_d20250910_t1808204_e1809446_b71879_c20250910193435689000_oeac_ops.h5,SVI04_npp_d20250910_t1808204_e1809446_b71879_c20250910193716857000_oeac_ops.dspace_rad,,eez_v11.shp,WPP_BFAR_merge.shp,vbd_mpa_r20170830.shp,VNF-VBD_npp_20120301-20151231_global_asia-enhanced_c201607211230.bitmask,vbd_landsea_r20220824.mask,timezone.shp,VBD_platforms-recurring_2015_r20170330.shp,999999,VBD_bridges_c20160811.shp,13.807614;11.988322;9.502959;4.653294;6.975082;8.905746,97.681961;111.744194;125.481216;124.205185;110.604576;96.769409,npp_d20250910_t1804042_e1805284_b71879;npp_d20250910_t1805296_e1806538_b71879;npp_d20250910_t1806550_e1808192_b71879;npp_d20250910_t1808204_e1809446_b71879,158.207,49.3642,51.5345,97.2222,20.3137,74.9998
80,VBD_npp_d20250910_t1809176_x1033060E_y097662N_l0513_s0897_v23,2025-09-10 20:03:39,9.766201,103.305992,32.2681,2025-09-10 18:09:17,2025-09-11 01:09:17,513,897,0.365358,1,2529,0.82245,0.163423,0.857839,0.4,0.935903,0.75,0.0860777,0.0001,3.98093e-07,999999,1.207831e-01,3,Cambodian Exclusive Economic Zone,,,SVDNB_npp_d20250910_t1808204_e1809446_b71879_c20250910193708290000_oeac_ops.h5,GDNBO_npp_d20250910_t1808204_e1809446_b71879_c20250910193435689000_oeac_ops.h5,SVI04_npp_d20250910_t1808204_e1809446_b71879_c20250910193716857000_oeac_ops.dspace_rad,,eez_v11.shp,WPP_BFAR_merge.shp,vbd_mpa_r20170830.shp,VNF-VBD_npp_20120301-20151231_global_asia-enhanced_c201607211230.bitmask,vbd_landsea_r20220824.mask,timezone.shp,VBD_platforms-recurring_2015_r20170330.shp,999999,VBD_bridges_c20160811.shp,13.807614;11.988322;9.502959;4.653294;6.975082;8.905746,97.681961;111.744194;125.481216;124.205185;110.604576;96.769409,npp_d20250910_t1804042_e1805284_b71879;npp_d20250910_t1805296_e1806538_b71879;npp_d20250910_t1806550_e1808192_b71879;npp_d20250910_t1808204_e1809446_b71879,158.203,49.3827,51.5016,97.9991,20.3074,74.9884
81,VBD_npp_d20250910_t1809176_x1033022E_y097390N_l0517_s0897_v23,2025-09-10 20:03:39,9.739022,103.302208,16.0503,2025-09-10 18:09:17,2025-09-11 01:09:17,517,897,0.342525,1,2529,0.554442,0.206811,0.850191,0.4,0.887656,0.75,0.0860753,0.0001,3.94286e-07,999999,-2.365409e-01,3,Cambodian Exclusive Economic Zone,,,SVDNB_npp_d20250910_t1808204_e1809446_b71879_c20250910193708290000_oeac_ops.h5,GDNBO_npp_d20250910_t1808204_e1809446_b71879_c20250910193435689000_oeac_ops.h5,SVI04_npp_d20250910_t1808204_e1809446_b71879_c20250910193716857000_oeac_ops.dspace_rad,,eez_v11.shp,WPP_BFAR_merge.shp,vbd_mpa_r20170830.shp,VNF-VBD_npp_20120301-20151231_global_asia-enhanced_c201607211230.bitmask,vbd_landsea_r20220824.mask,timezone.shp,VBD_platforms-recurring_2015_r20170330.shp,999999,VBD_bridges_c20160811.shp,13.807614;11.988322;9.502959;4.653294;6.975082;8.905746,97.681961;111.744194;125.481216;124.205185;110.604576;96.769409,npp_d20250910_t1804042_e1805284_b71879;npp_d20250910_t1805296_e1806538_b71879;npp_d20250910_t1806550_e1808192_b71879;npp_d20250910_t1808204_e1809446_b71879,158.223,49.4276,51.5015,97.7959,20.3182,74.9182
82,VBD_npp_d20250910_t1809034_x1035388E_y105894N_l0385_s0906_v23,2025-09-10 20:03:39,10.589417,103.538841,23.7882,2025-09-10 18:09:03,2025-09-11 01:09:03,385,906,0.296432,2,2209,0.219618,0.213632,0.721447,0.4,0.581924,0.75,0.0863261,0.0001,4.84238e-07,999999,-2.927126e-01,3,,,,SVDNB_npp_d20250910_t1808204_e1809446_b71879_c20250910193708290000_oeac_ops.h5,GDNBO_npp_d20250910_t1808204_e1809446_b71879_c20250910193435689000_oeac_ops.h5,SVI04_npp_d20250910_t1808204_e1809446_b71879_c20250910193716857000_oeac_ops.dspace_rad,,eez_v11.shp,WPP_BFAR_merge.shp,vbd_mpa_r20170830.shp,VNF-VBD_npp_20120301-20151231_global_asia-enhanced_c201607211230.bitmask,vbd_landsea_r20220824.mask,timezone.shp,VBD_platforms-recurring_2015_r20170330.shp,999999,VBD_bridges_c20160811.shp,13.807614;11.988322;9.502959;4.653294;6.975082;8.905746,97.681961;111.744194;125.481216;124.205185;110.604576;96.769409,npp_d20250910_t1804042_e1805284_b71879;npp_d20250910_t1805296_e1806538_b71879;npp_d20250910_t1806550_e1808192_b71879;npp_d20250910_t1808204_e1809446_b71879,157.532,48.1677,51.2433,97.9187,19.9349,77.1285
83,VBD_npp_d20250910_t1808598_x1035802E_y107424N_l0361_s0907_v23,2025-09-10 20:03:39,10.742391,103.580177,17.7829,2025-09-10 18:08:59,2025-09-11 01:08:59,361,907,0.306391,2,2465,0.407678,0.203979,0.74902,0.4,0.681227,0.75,0.086374,0.0001,4.89301e-07,999999,-2.132133e-01,1,Cambodian Exclusive Economic Zone,,,SVDNB_npp_d20250910_t1808204_e1809446_b71879_c20250910193708290000_oeac_ops.h5,GDNBO_npp_d20250910_t1808204_e1809446_b71879_c20250910193435689000_oeac_ops.h5,SVI04_npp_d20250910_t1808204_e1809446_b71879_c20250910193716857000_oeac_ops.dspace_rad,,eez_v11.shp,WPP_BFAR_merge.shp,vbd_mpa_r20170830.shp,VNF-VBD_npp_20120301-20151231_global_asia-enhanced_c201607211230.bitmask,vbd_landsea_r20220824.mask,timezone.shp,VBD_platforms-recurring_2015_r20170330.shp,999999,VBD_bridges_c20160811.shp,13.807614;11.988322;9.502959;4.653294;6.975082;8.905746,97.681961;111.744194;125.481216;124.205185;110.604576;96.769409,npp_d20250910_t1804042_e1805284_b71879;npp_d20250910_t1805296_e1806538_b71879;npp_d20250910_t1806550_e1808192_b71879;npp_d20250910_t1808204_e1809446_b71879,157.41,47.9403,51.218,97.4886,19.8744,77.5378
84,VBD_npp_d20250910_t1809034_x1036019E_y105534N_l0389_s0916_v23,2025-09-10 20:03:39,10.553385,103.601898,12.5666,2025-09-10 18:09:03,2025-09-11 01:09:03,389,916,0.278294,2,2465,0.230649,0.215645,0.650216,0.4,0.575986,0.75,0.086362,0.0001,5.56884e-07,999999,-3.092929e-01,3,,,,SVDNB_npp_d20250910_t1808204_e1809446_b71879_c20250910193708290000_oeac_ops.h5,GDNBO_npp_d20250910_t1808204_e1809446_b71879_c20250910193435689000_oeac_ops.h5,SVI04_npp_d20250910_t1808204_e1809446_b71879_c20250910193716857000_oeac_ops.dspace_rad,,eez_v11.shp,WPP_BFAR_merge.shp,vbd_mpa_r20170830.shp,VNF-VBD_npp_20120301-20151231_global_asia-enhanced_c201607211230.bitmask,vbd_landsea_r20220824.mask,timezone.shp,VBD_platforms-recurring_2015_r20170330.shp,999999,VBD_bridges_c20160811.shp,13.807614;11.988322;9.502959;4.653294;6.975082;8.905746,97.681961;111.744194;125.481216;124.205185;110.604576;96.769409,npp_d20250910_t1804042_e1805284_b71879;npp_d20250910_t1805296_e1806538_b71879;npp_d20250910_t1806550_e1808192_b71879;npp_d20250910_t1808204_e1809446_b71879,157.509,48.344,50.9596,97.7272,19.8817,77.0022
85,VBD_npp_d20250910_t1809212_x1034420E_y094857N_l0552_s0925_v23,2025-09-10 20:03:39,9.485718,103.441971,52.8834,2025-09-10 18:09:21,2025-09-11 01:09:21,552,925,0.368986,1,2529,0.967837,0.174456,0.862147,0.4,0.785957,0.75,0.0861762,0.0001,5.83511e-07,999999,2.991989e-02,3,Vietnamese Exclusive Economic Zone,,,SVDNB_npp_d20250910_t1808204_e1809446_b71879_c20250910193708290000_oeac_ops.h5,GDNBO_npp_d20250910_t1808204_e1809446_b71879_c20250910193435689000_oeac_ops.h5,SVI04_npp_d20250910_t1808204_e1809446_b71879_c20250910193716857000_oeac_ops.dspace_rad,,eez_v11.shp,WPP_BFAR_merge.shp,vbd_mpa_r20170830.shp,VNF-VBD_npp_20120301-20151231_global_asia-enhanced_c201607211230.bitmask,vbd_landsea_r20220824.mask,timezone.shp,VBD_platforms-recurring_2015_r20170330.shp,999999,VBD_bridges_c20160811.shp,13.807614;11.988322;9.502959;4.653294;6.975082;8.905746,97.681961;111.744194;125.481216;124.205185;110.604576;96.769409,npp_d20250910_t1804042_e1805284_b71879;npp_d20250910_t1805296_e1806538_b71879;npp_d20250910_t1806550_e1808192_b71879;npp_d20250910_t1808204_e1809446_b71879,158.27,50.1849,50.7106,97.6973,20.2381,74.1583
86,VBD_npp_d20250910_t1809283_x1034411E_y090373N_l0619_s0938_v23,2025-09-10 20:03:39,9.037254,103.441071,20.4317,2025-09-10 18:09:28,2025-09-11 01:09:28,619,938,0.362442,1,2529,0.718464,0.182898,0.85031,0.4,0.929372,0.75,0.0861224,0.0001,6.81997e-07,999999,-3.960171e-02,3,Vietnamese Exclusive Economic Zone,,,SVDNB_npp_d20250910_t1808204_e1809446_b71879_c20250910193708290000_oeac_ops.h5,GDNBO_npp_d20250910_t1808204_e1809446_b71879_c20250910193435689000_oeac_ops.h5,SVI04_npp_d20250910_t1808204_e1809446_b71879_c20250910193716857000_oeac_ops.dspace_rad,,eez_v11.shp,WPP_BFAR_merge.shp,vbd_mpa_r20170830.shp,VNF-VBD_npp_20120301-20151231_global_asia-enhanced_c201607211230.bitmask,vbd_landsea_r20220824.mask,timezone.shp,VBD_platforms-recurring_2015_r20170330.shp,999999,VBD_bridges_c20160811.shp,13.807614;11.988322;9.502959;4.653294;6.975082;8.905746,97.681961;111.744194;125.481216;124.205185;110.604576;96.769409,npp_d20250910_t1804042_e1805284_b71879;npp_d20250910_t1805296_e1806538_b71879;npp_d20250910_t1806550_e1808192_b71879;npp_d20250910_t1808204_e1809446_b71879,158.533,51.1109,50.3265,97.5976,20.3406,72.9546
87,VBD_npp_d20250910_t1809230_x1035449E_y093717N_l0567_s0943_v23,2025-09-10 20:03:39,9.371723,103.544891,49.0706,2025-09-10 18:09:23,2025-09-11 01:09:23,567,943,0.383283,8,18913,1.03949,0.186398,0.853544,0.4,0.96246,0.75,0.0862452,0.0001,7.63199e-07,999999,-6.842941e-02,3,Vietnamese Exclusive Economic Zone,,,SVDNB_npp_d20250910_t1808204_e1809446_b71879_c20250910193708290000_oeac_ops.h5,GDNBO_npp_d20250910_t1808204_e1809446_b71879_c20250910193435689000_oeac_ops.h5,SVI04_npp_d20250910_t1808204_e1809446_b71879_c20250910193716857000_oeac_ops.dspace_rad,,eez_v11.shp,WPP_BFAR_merge.shp,vbd_mpa_r20170830.shp,VNF-VBD_npp_20120301-20151231_global_asia-enhanced_c201607211230.bitmask,vbd_landsea_r20220824.mask,timezone.shp,VBD_platforms-recurring_2015_r20170330.shp,0.143109,VBD_bridges_c20160811.shp,13.807614;11.988322;9.502959;4.653294;6.975082;8.905746,97.681961;111.744194;125.481216;124.205185;110.604576;96.769409,npp_d20250910_t1804042_e1805284_b71879;npp_d20250910_t1805296_e1806538_b71879;npp_d20250910_t1806550_e1808192_b71879;npp_d20250910_t1808204_e1809446_b71879,158.259,50.5973,50.1734,97.7812,20.164,73.7895
88,VBD_npp_d20250910_t1809052_x1037842E_y103805N_l0411_s0947_v23,2025-09-10 20:03:39,10.380522,103.784241,20.9928,2025-09-10 18:09:05,2025-09-11 01:09:05,411,947,0.281779,1,2529,0.494837,0.213079,0.819533,0.4,0.780513,0.75,0.0864544,0.0001,8.65477e-07,999999,-2.881607e-01,3,Cambodian Exclusive Economic Zone,,,SVDNB_npp_d20250910_t1808204_e1809446_b71879_c20250910193708290000_oeac_ops.h5,GDNBO_npp_d20250910_t1808204_e1809446_b71879_c20250910193435689000_oeac_ops.h5,SVI04_npp_d20250910_t1808204_e1809446_b71879_c20250910193716857000_oeac_ops.dspace_rad,,eez_v11.shp,WPP_BFAR_merge.shp,vbd_mpa_r20170830.shp,VNF-VBD_npp_20120301-20151231_global_asia-enhanced_c201607211230.bitmask,vbd_landsea_r20220824.mask,timezone.shp,VBD_platforms-recurring_2015_r20170330.shp,999999,VBD_bridges_c20160811.shp,13.807614;11.988322;9.502959;4.653294;6.975082;8.905746,97.681961;111.744194;125.481216;124.205185;110.604576;96.769409,npp_d20250910_t1804042_e1805284_b71879;npp_d20250910_t1805296_e1806538_b71879;npp_d20250910_t1806550_e1808192_b71879;npp_d20250910_t1808204_e1809446_b71879,157.484,48.9892,50.0548,97.4599,19.7377,76.4394
89,VBD_npp_d20250910_t1809052_x1037823E_y103668N_l0413_s0947_v23,2025-09-10 20:03:39,10.366796,103.782310,20.9854,2025-09-10 18:09:05,2025-09-11 01:09:05,413,947,0.279503,7,2465,0.512494,0.227149,0.819533,0.4,0.734016,0.75,0.0864505,0.0001,8.61548e-07,999999,-4.040353e-01,3,,,,SVDNB_npp_d20250910_t1808204_e1809446_b71879_c20250910193708290000_oeac_ops.h5,GDNBO_npp_d20250910_t1808204_e1809446_b71879_c20250910193435689000_oeac_ops.h5,SVI04_npp_d20250910_t1808204_e1809446_b71879_c20250910193716857000_oeac_ops.dspace_rad,,eez_v11.shp,WPP_BFAR_merge.shp,vbd_mpa_r20170830.shp,VNF-VBD_npp_20120301-20151231_global_asia-enhanced_c201607211230.bitmask,vbd_landsea_r20220824.mask,timezone.shp,VBD_platforms-recurring_2015_r20170330.shp,999999,VBD_bridges_c20160811.shp,13.807614;11.988322;9.502959;4.653294;6.975082;8.905746,97.681961;111.744194;125.481216;124.205185;110.604576;96.769409,npp_d20250910_t1804042_e1805284_b71879;npp_d20250910_t1805296_e1806538_b71879;npp_d20250910_t1806550_e1808192_b71879;npp_d20250910_t1808204_e1809446_b71879,157.494,49.0109,50.0553,97.3525,19.7428,76.4024
90,VBD_npp_d20250910_t1809052_x1037882E_y103590N_l0414_s0948_v23,2025-09-10 20:03:39,10.359032,103.788223,26.257,2025-09-10 18:09:05,2025-09-11 01:09:05,414,948,0.281708,1,2529,0.598355,0.19788,0.819533,0.4,0.866192,0.75,0.0864529,0.0001,8.7259e-07,999999,-1.629903e-01,3,Vietnamese Exclusive Economic Zone,,,SVDNB_npp_d20250910_t1808204_e1809446_b71879_c20250910193708290000_oeac_ops.h5,GDNBO_npp_d20250910_t1808204_e1809446_b71879_c20250910193435689000_oeac_ops.h5,SVI04_npp_d20250910_t1808204_e1809446_b71879_c20250910193716857000_oeac_ops.dspace_rad,,eez_v11.shp,WPP_BFAR_merge.shp,vbd_mpa_r20170830.shp,VNF-VBD_npp_20120301-20151231_global_asia-enhanced_c201607211230.bitmask,vbd_landsea_r20220824.mask,timezone.shp,VBD_platforms-recurring_2015_r20170330.shp,999999,VBD_bridges_c20160811.shp,13.807614;11.988322;9.502959;4.653294;6.975082;8.905746,97.681961;111.744194;125.481216;124.205185;110.604576;96.769409,npp_d20250910_t1804042_e1805284_b71879;npp_d20250910_t1805296_e1806538_b71879;npp_d20250910_t1806550_e1808192_b71879;npp_d20250910_t1808204_e1809446_b71879,157.495,49.0353,50.0255,97.2999,19.739,76.3782
91,VBD_npp_d20250910_t1809052_x1037989E_y103856N_l0410_s0949_v23,2025-09-10 20:03:39,10.385559,103.798935,31.7277,2025-09-10 18:09:05,2025-09-11 01:09:05,410,949,0.268478,8,18849,0.604454,0.190294,0.822065,0.4,0.702585,0.75,0.0864652,0.0001,8.93864e-07,999999,-1.005162e-01,3,Cambodian Exclusive Economic Zone,,,SVDNB_npp_d20250910_t1808204_e1809446_b71879_c20250910193708290000_oeac_ops.h5,GDNBO_npp_d20250910_t1808204_e1809446_b71879_c20250910193435689000_oeac_ops.h5,SVI04_npp_d20250910_t1808204_e1809446_b71879_c20250910193716857000_oeac_ops.dspace_rad,,eez_v11.shp,WPP_BFAR_merge.shp,vbd_mpa_r20170830.shp,VNF-VBD_npp_20120301-20151231_global_asia-enhanced_c201607211230.bitmask,vbd_landsea_r20220824.mask,timezone.shp,VBD_platforms-recurring_2015_r20170330.shp,0.912546,VBD_bridges_c20160811.shp,13.807614;11.988322;9.502959;4.653294;6.975082;8.905746,97.681961;111.744194;125.481216;124.205185;110.604576;96.769409,npp_d20250910_t1804042_e1805284_b71879;npp_d20250910_t1805296_e1806538_b71879;npp_d20250910_t1806550_e1808192_b71879;npp_d20250910_t1808204_e1809446_b71879,157.469,49.0056,49.9943,97.516,19.7222,76.4463
92,VBD_npp_d20250910_t1809052_x1038204E_y103897N_l0409_s0952_v23,2025-09-10 20:03:39,10.389674,103.820442,31.4979,2025-09-10 18:09:05,2025-09-11 01:09:05,409,952,0.256741,1,2529,0.634866,0.167943,0.833338,0.4,0.871347,0.75,0.0864803,0.0001,9.36954e-07,999999,8.355867e-02,3,Cambodian Exclusive Economic Zone,,,SVDNB_npp_d20250910_t1808204_e1809446_b71879_c20250910193708290000_oeac_ops.h5,GDNBO_npp_d20250910_t1808204_e1809446_b71879_c20250910193435689000_oeac_ops.h5,SVI04_npp_d20250910_t1808204_e1809446_b71879_c20250910193716857000_oeac_ops.dspace_rad,,eez_v11.shp,WPP_BFAR_merge.shp,vbd_mpa_r20170830.shp,VNF-VBD_npp_20120301-20151231_global_asia-enhanced_c201607211230.bitmask,vbd_landsea_r20220824.mask,timezone.shp,VBD_platforms-recurring_2015_r20170330.shp,999999,VBD_bridges_c20160811.shp,13.807614;11.988322;9.502959;4.653294;6.975082;8.905746,97.681961;111.744194;125.481216;124.205185;110.604576;96.769409,npp_d20250910_t1804042_e1805284_b71879;npp_d20250910_t1805296_e1806538_b71879;npp_d20250910_t1806550_e1808192_b71879;npp_d20250910_t1808204_e1809446_b71879,157.451,49.0354,49.9039,97.5733,19.7003,76.4475
93,VBD_npp_d20250910_t1809052_x1038419E_y103938N_l0408_s0955_v23,2025-09-10 20:03:39,10.393778,103.841873,34.5326,2025-09-10 18:09:05,2025-09-11 01:09:05,408,955,0.249201,1,2529,0.728166,0.167856,0.814399,0.4,0.886629,0.75,0.0864954,0.0001,9.81884e-07,999999,8.427971e-02,3,Vietnamese Exclusive Economic Zone,,,SVDNB_npp_d20250910_t1808204_e1809446_b71879_c20250910193708290000_oeac_ops.h5,GDNBO_npp_d20250910_t1808204_e1809446_b71879_c20250910193435689000_oeac_ops.h5,SVI04_npp_d20250910_t1808204_e1809446_b71879_c20250910193716857000_oeac_ops.dspace_rad,,eez_v11.shp,WPP_BFAR_merge.shp,vbd_mpa_r20170830.shp,VNF-VBD_npp_20120301-20151231_global_asia-enhanced_c201607211230.bitmask,vbd_landsea_r20220824.mask,timezone.shp,VBD_platforms-recurring_2015_r20170330.shp,999999,VBD_bridges_c20160811.shp,13.807614;11.988322;9.502959;4.653294;6.975082;8.905746,97.681961;111.744194;125.481216;124.205185;110.604576;96.769409,npp_d20250910_t1804042_e1805284_b71879;npp_d20250910_t1805296_e1806538_b71879;npp_d20250910_t1806550_e1808192_b71879;npp_d20250910_t1808204_e1809446_b71879,157.432,49.0651,49.8136,97.6307,19.6785,76.4486
94,VBD_npp_d20250910_t1809052_x1038623E_y103910N_l0408_s0958_v23,2025-09-10 20:03:39,10.391042,103.862274,9.81102,2025-09-10 18:09:05,2025-09-11 01:09:05,408,958,0.240097,7,2465,0.253882,0.172237,0.814399,0.4,0.633469,0.75,0.0865086,0.0001,1.02648e-06,999999,4.819265e-02,3,,,,SVDNB_npp_d20250910_t1808204_e1809446_b71879_c20250910193708290000_oeac_ops.h5,GDNBO_npp_d20250910_t1808204_e1809446_b71879_c20250910193435689000_oeac_ops.h5,SVI04_npp_d20250910_t1808204_e1809446_b71879_c20250910193716857000_oeac_ops.dspace_rad,,eez_v11.shp,WPP_BFAR_merge.shp,vbd_mpa_r20170830.shp,VNF-VBD_npp_20120301-20151231_global_asia-enhanced_c201607211230.bitmask,vbd_landsea_r20220824.mask,timezone.shp,VBD_platforms-recurring_2015_r20170330.shp,999999,VBD_bridges_c20160811.shp,13.807614;11.988322;9.502959;4.653294;6.975082;8.905746,97.681961;111.744194;125.481216;124.205185;110.604576;96.769409,npp_d20250910_t1804042_e1805284_b71879;npp_d20250910_t1805296_e1806538_b71879;npp_d20250910_t1806550_e1808192_b71879;npp_d20250910_t1808204_e1809446_b71879,157.419,49.1053,49.7235,97.6343,19.6593,76.4313
95,VBD_npp_d20250910_t1809052_x1038749E_y103824N_l0409_s0960_v23,2025-09-10 20:03:39,10.382401,103.874893,10.3359,2025-09-10 18:09:05,2025-09-11 01:09:05,409,960,0.233979,2,2465,0.264266,0.186937,0.76007,0.4,0.64039,0.75,0.0865154,0.0001,1.05489e-06,999999,-7.286583e-02,3,Vietnamese Exclusive Economic Zone,,,SVDNB_npp_d20250910_t1808204_e1809446_b71879_c20250910193708290000_oeac_ops.h5,GDNBO_npp_d20250910_t1808204_e1809446_b71879_c20250910193435689000_oeac_ops.h5,SVI04_npp_d20250910_t1808204_e1809446_b71879_c20250910193716857000_oeac_ops.dspace_rad,,eez_v11.shp,WPP_BFAR_merge.shp,vbd_mpa_r20170830.shp,VNF-VBD_npp_20120301-20151231_global_asia-enhanced_c201607211230.bitmask,vbd_landsea_r20220824.mask,timezone.shp,VBD_platforms-recurring_2015_r20170330.shp,999999,VBD_bridges_c20160811.shp,13.807614;11.988322;9.502959;4.653294;6.975082;8.905746,97.681961;111.744194;125.481216;124.205185;110.604576;96.769409,npp_d20250910_t1804042_e1805284_b71879;npp_d20250910_t1805296_e1806538_b71879;npp_d20250910_t1806550_e1808192_b71879;npp_d20250910_t1808204_e1809446_b71879,157.415,49.1428,49.6635,97.5827,19.6491,76.4013
96,VBD_npp_d20250910_t1809069_x1038521E_y102648N_l0427_s0960_v23,2025-09-10 20:03:39,10.264805,103.852112,11.25,2025-09-10 18:09:06,2025-09-11 01:09:06,427,960,0.289817,8,18913,0.405677,0.184113,0.696875,0.4,0.75532,0.75,0.0864798,0.0001,1.04442e-06,999999,-4.960924e-02,3,Vietnamese Exclusive Economic Zone,,,SVDNB_npp_d20250910_t1808204_e1809446_b71879_c20250910193708290000_oeac_ops.h5,GDNBO_npp_d20250910_t1808204_e1809446_b71879_c20250910193435689000_oeac_ops.h5,SVI04_npp_d20250910_t1808204_e1809446_b71879_c20250910193716857000_oeac_ops.dspace_rad,,eez_v11.shp,WPP_BFAR_merge.shp,vbd_mpa_r20170830.shp,VNF-VBD_npp_20120301-20151231_global_asia-enhanced_c201607211230.bitmask,vbd_landsea_r20220824.mask,timezone.shp,VBD_platforms-recurring_2015_r20170330.shp,0.959789,VBD_bridges_c20160811.shp,13.807614;11.988322;9.502959;4.653294;6.975082;8.905746,97.681961;111.744194;125.481216;124.205185;110.604576;96.769409,npp_d20250910_t1804042_e1805284_b71879;npp_d20250910_t1805296_e1806538_b71879;npp_d20250910_t1806550_e1808192_b71879;npp_d20250910_t1808204_e1809446_b71879,157.503,49.3309,49.661,97.4869,19.6928,76.0831
97,VBD_npp_d20250910_t1809069_x1038753E_y102825N_l0424_s0963_v23,2025-09-10 20:03:39,10.282537,103.875275,6.36403,2025-09-10 18:09:06,2025-09-11 01:09:06,424,963,0.291809,8,18593,0.192784,0.184098,0.678548,0.4,0.473758,0.75,0.0864989,0.0001,1.09889e-06,999999,-4.948494e-02,3,Vietnamese Exclusive Economic Zone,,,SVDNB_npp_d20250910_t1808204_e1809446_b71879_c20250910193708290000_oeac_ops.h5,GDNBO_npp_d20250910_t1808204_e1809446_b71879_c20250910193435689000_oeac_ops.h5,SVI04_npp_d20250910_t1808204_e1809446_b71879_c20250910193716857000_oeac_ops.dspace_rad,,eez_v11.shp,WPP_BFAR_merge.shp,vbd_mpa_r20170830.shp,VNF-VBD_npp_20120301-20151231_global_asia-enhanced_c201607211230.bitmask,vbd_landsea_r20220824.mask,timezone.shp,VBD_platforms-recurring_2015_r20170330.shp,0.552696,VBD_bridges_c20160811.shp,13.807614;11.988322;9.502959;4.653294;6.975082;8.905746,97.681961;111.744194;125.481216;124.205185;110.604576;96.769409,npp_d20250910_t1804042_e1805284_b71879;npp_d20250910_t1805296_e1806538_b71879;npp_d20250910_t1806550_e1808192_b71879;npp_d20250910_t1808204_e1809446_b71879,157.474,49.3384,49.5704,97.6525,19.6659,76.1206
98,VBD_npp_d20250910_t1809069_x1038946E_y102245N_l0432_s0967_v23,2025-09-10 20:03:39,10.224540,103.894554,10.5699,2025-09-10 18:09:06,2025-09-11 01:09:06,432,967,0.302905,2,2465,0.361582,0.169279,0.661008,0.4,0.66005,0.75,0.0865006,0.0001,1.14408e-06,999999,7.255761e-02,3,Vietnamese Exclusive Economic Zone,,,SVDNB_npp_d20250910_t1808204_e1809446_b71879_c20250910193708290000_oeac_ops.h5,GDNBO_npp_d20250910_t1808204_e1809446_b71879_c20250910193435689000_oeac_ops.h5,SVI04_npp_d20250910_t1808204_e1809446_b71879_c20250910193716857000_oeac_ops.dspace_rad,,eez_v11.shp,WPP_BFAR_merge.shp,vbd_mpa_r20170830.shp,VNF-VBD_npp_20120301-20151231_global_asia-enhanced_c201607211230.bitmask,vbd_landsea_r20220824.mask,timezone.shp,VBD_platforms-recurring_2015_r20170330.shp,999999,VBD_bridges_c20160811.shp,13.807614;11.988322;9.502959;4.653294;6.975082;8.905746,97.681961;111.744194;125.481216;124.205185;110.604576;96.769409,npp_d20250910_t1804042_e1805284_b71879;npp_d20250910_t1805296_e1806538_b71879;npp_d20250910_t1806550_e1808192_b71879;npp_d20250910_t1808204_e1809446_b71879,157.498,49.4779,49.4526,97.2236,19.6614,75.9505
99,VBD_npp_d20250910_t1809105_x1038606E_y100776N_l0455_s0967_v23,2025-09-10 20:03:39,10.077552,103.860611,26.434,2025-09-10 18:09:10,2025-09-11 01:09:10,455,967,0.316633,1,2529,0.673976,0.166167,0.849984,0.4,0.868413,0.75,0.0864552,0.0001,1.15295e-06,999999,9.818479e-02,3,Vietnamese Exclusive Economic Zone,,,SVDNB_npp_d20250910_t1808204_e1809446_b71879_c20250910193708290000_oeac_ops.h5,GDNBO_npp_d20250910_t1808204_e1809446_b71879_c20250910193435689000_oeac_ops.h5,SVI04_npp_d20250910_t1808204_e1809446_b71879_c20250910193716857000_oeac_ops.dspace_rad,,eez_v11.shp,WPP_BFAR_merge.shp,vbd_mpa_r20170830.shp,VNF-VBD_npp_20120301-20151231_global_asia-enhanced_c201607211230.bitmask,vbd_landsea_r20220824.mask,timezone.shp,VBD_platforms-recurring_2015_r20170330.shp,999999,VBD_bridges_c20160811.shp,13.807614;11.988322;9.502959;4.653294;6.975082;8.905746,97.681961;111.744194;125.481216;124.205185;110.604576;96.769409,npp_d20250910_t1804042_e1805284_b71879;npp_d20250910_t1805296_e1806538_b71879;npp_d20250910_t1806550_e1808192_b71879;npp_d20250910_t1808204_e1809446_b71879,157.607,49.7159,49.4475,97.7329,19.7173,75.5543
100,VBD_npp_d20250910_t1809105_x1038625E_y100427N_l0460_s0968_v23,2025-09-10 20:03:39,10.042676,103.862541,45.9907,2025-09-10 18:09:10,2025-09-11 01:09:10,460,968,0.320901,1,2529,0.866324,0.210034,0.846057,0.4,0.923609,0.75,0.0864497,0.0001,1.15649e-06,999999,-2.630868e-01,3,Vietnamese Exclusive Economic Zone,,,SVDNB_npp_d20250910_t1808204_e1809446_b71879_c20250910193708290000_oeac_ops.h5,GDNBO_npp_d20250910_t1808204_e1809446_b71879_c20250910193435689000_oeac_ops.h5,SVI04_npp_d20250910_t1808204_e1809446_b71879_c20250910193716857000_oeac_ops.dspace_rad,,eez_v11.shp,WPP_BFAR_merge.shp,vbd_mpa_r20170830.shp,VNF-VBD_npp_20120301-20151231_global_asia-enhanced_c201607211230.bitmask,vbd_landsea_r20220824.mask,timezone.shp,VBD_platforms-recurring_2015_r20170330.shp,999999,VBD_bridges_c20160811.shp,13.807614;11.988322;9.502959;4.653294;6.975082;8.905746,97.681961;111.744194;125.481216;124.205185;110.604576;96.769409,npp_d20250910_t1804042_e1805284_b71879;npp_d20250910_t1805296_e1806538_b71879;npp_d20250910_t1806550_e1808192_b71879;npp_d20250910_t1808204_e1809446_b71879,157.628,49.7839,49.4185,97.463,19.7243,75.4573
101,VBD_npp_d20250910_t1809105_x1038855E_y101088N_l0450_s0970_v23,2025-09-10 20:03:39,10.108759,103.885498,30.9208,2025-09-10 18:09:10,2025-09-11 01:09:10,450,970,0.31642,1,2529,0.749328,0.160772,0.830914,0.4,0.903385,0.75,0.0864782,0.0001,1.21792e-06,999999,1.426143e-01,3,Vietnamese Exclusive Economic Zone,,,SVDNB_npp_d20250910_t1808204_e1809446_b71879_c20250910193708290000_oeac_ops.h5,GDNBO_npp_d20250910_t1808204_e1809446_b71879_c20250910193435689000_oeac_ops.h5,SVI04_npp_d20250910_t1808204_e1809446_b71879_c20250910193716857000_oeac_ops.dspace_rad,,eez_v11.shp,WPP_BFAR_merge.shp,vbd_mpa_r20170830.shp,VNF-VBD_npp_20120301-20151231_global_asia-enhanced_c201607211230.bitmask,vbd_landsea_r20220824.mask,timezone.shp,VBD_platforms-recurring_2015_r20170330.shp,999999,VBD_bridges_c20160811.shp,13.807614;11.988322;9.502959;4.653294;6.975082;8.905746,97.681961;111.744194;125.481216;124.205185;110.604576;96.769409,npp_d20250910_t1804042_e1805284_b71879;npp_d20250910_t1805296_e1806538_b71879;npp_d20250910_t1806550_e1808192_b71879;npp_d20250910_t1808204_e1809446_b71879,157.568,49.701,49.3575,98.0078,19.6853,75.6273
102,VBD_npp_d20250910_t1809105_x1038779E_y100545N_l0458_s0970_v23,2025-09-10 20:03:39,10.054463,103.877861,31.958,2025-09-10 18:09:10,2025-09-11 01:09:10,458,970,0.316918,1,2529,0.617828,0.154436,0.849984,0.4,0.845921,0.75,0.0864624,0.0001,1.19616e-06,999999,1.947947e-01,3,Vietnamese Exclusive Economic Zone,,,SVDNB_npp_d20250910_t1808204_e1809446_b71879_c20250910193708290000_oeac_ops.h5,GDNBO_npp_d20250910_t1808204_e1809446_b71879_c20250910193435689000_oeac_ops.h5,SVI04_npp_d20250910_t1808204_e1809446_b71879_c20250910193716857000_oeac_ops.dspace_rad,,eez_v11.shp,WPP_BFAR_merge.shp,vbd_mpa_r20170830.shp,VNF-VBD_npp_20120301-20151231_global_asia-enhanced_c201607211230.bitmask,vbd_landsea_r20220824.mask,timezone.shp,VBD_platforms-recurring_2015_r20170330.shp,999999,VBD_bridges_c20160811.shp,13.807614;11.988322;9.502959;4.653294;6.975082;8.905746,97.681961;111.744194;125.481216;124.205185;110.604576;96.769409,npp_d20250910_t1804042_e1805284_b71879;npp_d20250910_t1805296_e1806538_b71879;npp_d20250910_t1806550_e1808192_b71879;npp_d20250910_t1808204_e1809446_b71879,157.609,49.7884,49.3581,97.5737,19.7065,75.4816
103,VBD_npp_d20250910_t1809087_x1039131E_y102118N_l0434_s0971_v23,2025-09-10 20:03:39,10.211758,103.913101,11.2351,2025-09-10 18:09:08,2025-09-11 01:09:08,434,971,0.293516,8,18913,0.389163,0.210974,0.616179,0.4,0.773956,0.75,0.0865142,0.0001,1.24237e-06,999999,-2.708228e-01,3,Vietnamese Exclusive Economic Zone,,,SVDNB_npp_d20250910_t1808204_e1809446_b71879_c20250910193708290000_oeac_ops.h5,GDNBO_npp_d20250910_t1808204_e1809446_b71879_c20250910193435689000_oeac_ops.h5,SVI04_npp_d20250910_t1808204_e1809446_b71879_c20250910193716857000_oeac_ops.dspace_rad,,eez_v11.shp,WPP_BFAR_merge.shp,vbd_mpa_r20170830.shp,VNF-VBD_npp_20120301-20151231_global_asia-enhanced_c201607211230.bitmask,vbd_landsea_r20220824.mask,timezone.shp,VBD_platforms-recurring_2015_r20170330.shp,0.386443,VBD_bridges_c20160811.shp,13.807614;11.988322;9.502959;4.653294;6.975082;8.905746,97.681961;111.744194;125.481216;124.205185;110.604576;96.769409,npp_d20250910_t1804042_e1805284_b71879;npp_d20250910_t1805296_e1806538_b71879;npp_d20250910_t1806550_e1808192_b71879;npp_d20250910_t1808204_e1809446_b71879,157.487,49.546,49.3305,97.9966,19.6397,75.9018
104,VBD_npp_d20250910_t1809105_x1038912E_y100527N_l0458_s0972_v23,2025-09-10 20:03:39,10.052670,103.891228,61.3164,2025-09-10 18:09:10,2025-09-11 01:09:10,458,972,0.316207,1,2529,0.735525,0.151922,0.833805,0.4,0.872693,0.75,0.0864712,0.0001,1.23133e-06,999999,2.155062e-01,3,Vietnamese Exclusive Economic Zone,,,SVDNB_npp_d20250910_t1808204_e1809446_b71879_c20250910193708290000_oeac_ops.h5,GDNBO_npp_d20250910_t1808204_e1809446_b71879_c20250910193435689000_oeac_ops.h5,SVI04_npp_d20250910_t1808204_e1809446_b71879_c20250910193716857000_oeac_ops.dspace_rad,,eez_v11.shp,WPP_BFAR_merge.shp,vbd_mpa_r20170830.shp,VNF-VBD_npp_20120301-20151231_global_asia-enhanced_c201607211230.bitmask,vbd_landsea_r20220824.mask,timezone.shp,VBD_platforms-recurring_2015_r20170330.shp,999999,VBD_bridges_c20160811.shp,13.807614;11.988322;9.502959;4.653294;6.975082;8.905746,97.681961;111.744194;125.481216;124.205185;110.604576;96.769409,npp_d20250910_t1804042_e1805284_b71879;npp_d20250910_t1805296_e1806538_b71879;npp_d20250910_t1806550_e1808192_b71879;npp_d20250910_t1808204_e1809446_b71879,157.6,49.8146,49.2983,97.5758,19.694,75.4696
105,VBD_npp_d20250910_t1809105_x1038893E_y100391N_l0460_s0972_v23,2025-09-10 20:03:39,10.039110,103.889313,59.369,2025-09-10 18:09:10,2025-09-11 01:09:10,460,972,0.319977,1,2529,0.722963,0.18971,0.836982,0.4,0.885427,0.75,0.0864672,0.0001,1.22564e-06,999999,-9.570429e-02,3,Vietnamese Exclusive Economic Zone,,,SVDNB_npp_d20250910_t1808204_e1809446_b71879_c20250910193708290000_oeac_ops.h5,GDNBO_npp_d20250910_t1808204_e1809446_b71879_c20250910193435689000_oeac_ops.h5,SVI04_npp_d20250910_t1808204_e1809446_b71879_c20250910193716857000_oeac_ops.dspace_rad,,eez_v11.shp,WPP_BFAR_merge.shp,vbd_mpa_r20170830.shp,VNF-VBD_npp_20120301-20151231_global_asia-enhanced_c201607211230.bitmask,vbd_landsea_r20220824.mask,timezone.shp,VBD_platforms-recurring_2015_r20170330.shp,999999,VBD_bridges_c20160811.shp,13.807614;11.988322;9.502959;4.653294;6.975082;8.905746,97.681961;111.744194;125.481216;124.205185;110.604576;96.769409,npp_d20250910_t1804042_e1805284_b71879;npp_d20250910_t1805296_e1806538_b71879;npp_d20250910_t1806550_e1808192_b71879;npp_d20250910_t1808204_e1809446_b71879,157.611,49.8365,49.2987,97.4672,19.6993,75.4333
106,VBD_npp_d20250910_t1809105_x1039055E_y101060N_l0450_s0973_v23,2025-09-10 20:03:39,10.105992,103.905533,30.8243,2025-09-10 18:09:10,2025-09-11 01:09:10,450,973,0.315211,1,2529,0.730296,0.16361,0.813944,0.4,0.902759,0.75,0.0864914,0.0001,1.27192e-06,999999,1.192449e-01,3,Vietnamese Exclusive Economic Zone,,,SVDNB_npp_d20250910_t1808204_e1809446_b71879_c20250910193708290000_oeac_ops.h5,GDNBO_npp_d20250910_t1808204_e1809446_b71879_c20250910193435689000_oeac_ops.h5,SVI04_npp_d20250910_t1808204_e1809446_b71879_c20250910193716857000_oeac_ops.dspace_rad,,eez_v11.shp,WPP_BFAR_merge.shp,vbd_mpa_r20170830.shp,VNF-VBD_npp_20120301-20151231_global_asia-enhanced_c201607211230.bitmask,vbd_landsea_r20220824.mask,timezone.shp,VBD_platforms-recurring_2015_r20170330.shp,999999,VBD_bridges_c20160811.shp,13.807614;11.988322;9.502959;4.653294;6.975082;8.905746,97.681961;111.744194;125.481216;124.205185;110.604576;96.769409,npp_d20250910_t1804042_e1805284_b71879;npp_d20250910_t1805296_e1806538_b71879;npp_d20250910_t1806550_e1808192_b71879;npp_d20250910_t1808204_e1809446_b71879,157.555,49.7405,49.2678,98.0117,19.6666,75.6092
107,VBD_npp_d20250910_t1809105_x1038941E_y100247N_l0462_s0973_v23,2025-09-10 20:03:39,10.024668,103.894066,32.9763,2025-09-10 18:09:10,2025-09-11 01:09:10,462,973,0.328014,1,2529,0.654307,0.218135,0.836982,0.4,0.853261,0.75,0.0864677,0.0001,1.23769e-06,999999,-3.297999e-01,3,Vietnamese Exclusive Economic Zone,,,SVDNB_npp_d20250910_t1808204_e1809446_b71879_c20250910193708290000_oeac_ops.h5,GDNBO_npp_d20250910_t1808204_e1809446_b71879_c20250910193435689000_oeac_ops.h5,SVI04_npp_d20250910_t1808204_e1809446_b71879_c20250910193716857000_oeac_ops.dspace_rad,,eez_v11.shp,WPP_BFAR_merge.shp,vbd_mpa_r20170830.shp,VNF-VBD_npp_20120301-20151231_global_asia-enhanced_c201607211230.bitmask,vbd_landsea_r20220824.mask,timezone.shp,VBD_platforms-recurring_2015_r20170330.shp,999999,VBD_bridges_c20160811.shp,13.807614;11.988322;9.502959;4.653294;6.975082;8.905746,97.681961;111.744194;125.481216;124.205185;110.604576;96.769409,npp_d20250910_t1804042_e1805284_b71879;npp_d20250910_t1805296_e1806538_b71879;npp_d20250910_t1806550_e1808192_b71879;npp_d20250910_t1808204_e1809446_b71879,157.616,49.8715,49.2694,97.3596,19.6984,75.391
108,VBD_npp_d20250910_t1809105_x1039132E_y100635N_l0456_s0975_v23,2025-09-10 20:03:39,10.063526,103.913155,32.3514,2025-09-10 18:09:10,2025-09-11 01:09:10,456,975,0.311085,1,2529,0.462995,0.134298,0.804566,0.4,0.830931,0.75,0.0864883,0.0001,1.29172e-06,999999,3.606451e-01,3,Vietnamese Exclusive Economic Zone,,,SVDNB_npp_d20250910_t1808204_e1809446_b71879_c20250910193708290000_oeac_ops.h5,GDNBO_npp_d20250910_t1808204_e1809446_b71879_c20250910193435689000_oeac_ops.h5,SVI04_npp_d20250910_t1808204_e1809446_b71879_c20250910193716857000_oeac_ops.dspace_rad,,eez_v11.shp,WPP_BFAR_merge.shp,vbd_mpa_r20170830.shp,VNF-VBD_npp_20120301-20151231_global_asia-enhanced_c201607211230.bitmask,vbd_landsea_r20220824.mask,timezone.shp,VBD_platforms-recurring_2015_r20170330.shp,999999,VBD_bridges_c20160811.shp,13.807614;11.988322;9.502959;4.653294;6.975082;8.905746,97.681961;111.744194;125.481216;124.205185;110.604576;96.769409,npp_d20250910_t1804042_e1805284_b71879;npp_d20250910_t1805296_e1806538_b71879;npp_d20250910_t1806550_e1808192_b71879;npp_d20250910_t1808204_e1809446_b71879,157.577,49.8321,49.2082,97.6879,19.6699,75.488
109,VBD_npp_d20250910_t1809105_x1039093E_y100364N_l0460_s0975_v23,2025-09-10 20:03:39,10.036445,103.909325,45.5815,2025-09-10 18:09:10,2025-09-11 01:09:10,460,975,0.325881,1,2529,0.53658,0.203334,0.82431,0.4,0.819318,0.75,0.0864804,0.0001,1.27991e-06,999999,-2.079075e-01,3,Vietnamese Exclusive Economic Zone,,,SVDNB_npp_d20250910_t1808204_e1809446_b71879_c20250910193708290000_oeac_ops.h5,GDNBO_npp_d20250910_t1808204_e1809446_b71879_c20250910193435689000_oeac_ops.h5,SVI04_npp_d20250910_t1808204_e1809446_b71879_c20250910193716857000_oeac_ops.dspace_rad,,eez_v11.shp,WPP_BFAR_merge.shp,vbd_mpa_r20170830.shp,VNF-VBD_npp_20120301-20151231_global_asia-enhanced_c201607211230.bitmask,vbd_landsea_r20220824.mask,timezone.shp,VBD_platforms-recurring_2015_r20170330.shp,999999,VBD_bridges_c20160811.shp,13.807614;11.988322;9.502959;4.653294;6.975082;8.905746,97.681961;111.744194;125.481216;124.205185;110.604576;96.769409,npp_d20250910_t1804042_e1805284_b71879;npp_d20250910_t1805296_e1806538_b71879;npp_d20250910_t1806550_e1808192_b71879;npp_d20250910_t1808204_e1809446_b71879,157.597,49.8758,49.209,97.4703,19.6806,75.4153
110,VBD_npp_d20250910_t1809105_x1039074E_y100229N_l0462_s0975_v23,2025-09-10 20:03:39,10.022903,103.907410,25.2061,2025-09-10 18:09:10,2025-09-11 01:09:10,462,975,0.333349,1,2529,0.486877,0.229823,0.82431,0.4,0.762262,0.75,0.0864764,0.0001,1.27395e-06,999999,-4.260594e-01,3,Vietnamese Exclusive Economic Zone,,,SVDNB_npp_d20250910_t1808204_e1809446_b71879_c20250910193708290000_oeac_ops.h5,GDNBO_npp_d20250910_t1808204_e1809446_b71879_c20250910193435689000_oeac_ops.h5,SVI04_npp_d20250910_t1808204_e1809446_b71879_c20250910193716857000_oeac_ops.dspace_rad,,eez_v11.shp,WPP_BFAR_merge.shp,vbd_mpa_r20170830.shp,VNF-VBD_npp_20120301-20151231_global_asia-enhanced_c201607211230.bitmask,vbd_landsea_r20220824.mask,timezone.shp,VBD_platforms-recurring_2015_r20170330.shp,999999,VBD_bridges_c20160811.shp,13.807614;11.988322;9.502959;4.653294;6.975082;8.905746,97.681961;111.744194;125.481216;124.205185;110.604576;96.769409,npp_d20250910_t1804042_e1805284_b71879;npp_d20250910_t1805296_e1806538_b71879;npp_d20250910_t1806550_e1808192_b71879;npp_d20250910_t1808204_e1809446_b71879,157.607,49.8976,49.2096,97.3615,19.6859,75.379
111,VBD_npp_d20250910_t1809141_x1038728E_y098826N_l0484_s0975_v23,2025-09-10 20:03:39,9.882625,103.872849,50.1688,2025-09-10 18:09:14,2025-09-11 01:09:14,484,975,0.354617,1,2529,1.01613,0.191007,0.892798,0.4,0.959421,0.75,0.086437,0.0001,1.28276e-06,999999,-1.063882e-01,3,Vietnamese Exclusive Economic Zone,,,SVDNB_npp_d20250910_t1808204_e1809446_b71879_c20250910193708290000_oeac_ops.h5,GDNBO_npp_d20250910_t1808204_e1809446_b71879_c20250910193435689000_oeac_ops.h5,SVI04_npp_d20250910_t1808204_e1809446_b71879_c20250910193716857000_oeac_ops.dspace_rad,,eez_v11.shp,WPP_BFAR_merge.shp,vbd_mpa_r20170830.shp,VNF-VBD_npp_20120301-20151231_global_asia-enhanced_c201607211230.bitmask,vbd_landsea_r20220824.mask,timezone.shp,VBD_platforms-recurring_2015_r20170330.shp,999999,VBD_bridges_c20160811.shp,13.807614;11.988322;9.502959;4.653294;6.975082;8.905746,97.681961;111.744194;125.481216;124.205185;110.604576;96.769409,npp_d20250910_t1804042_e1805284_b71879;npp_d20250910_t1805296_e1806538_b71879;npp_d20250910_t1806550_e1808192_b71879;npp_d20250910_t1808204_e1809446_b71879,157.712,50.1253,49.2116,97.9266,19.742,75.0037
112,VBD_npp_d20250910_t1809105_x1039217E_y100762N_l0454_s0976_v23,2025-09-10 20:03:39,10.076160,103.921707,18.7489,2025-09-10 18:09:10,2025-09-11 01:09:10,454,976,0.313006,1,2529,0.460757,0.135424,0.785422,0.4,0.771205,0.75,0.0864966,0.0001,1.31638e-06,999999,3.513721e-01,3,Vietnamese Exclusive Economic Zone,,,SVDNB_npp_d20250910_t1808204_e1809446_b71879_c20250910193708290000_oeac_ops.h5,GDNBO_npp_d20250910_t1808204_e1809446_b71879_c20250910193435689000_oeac_ops.h5,SVI04_npp_d20250910_t1808204_e1809446_b71879_c20250910193716857000_oeac_ops.dspace_rad,,eez_v11.shp,WPP_BFAR_merge.shp,vbd_mpa_r20170830.shp,VNF-VBD_npp_20120301-20151231_global_asia-enhanced_c201607211230.bitmask,vbd_landsea_r20220824.mask,timezone.shp,VBD_platforms-recurring_2015_r20170330.shp,999999,VBD_bridges_c20160811.shp,13.807614;11.988322;9.502959;4.653294;6.975082;8.905746,97.681961;111.744194;125.481216;124.205185;110.604576;96.769409,npp_d20250910_t1804042_e1805284_b71879;npp_d20250910_t1805296_e1806538_b71879;npp_d20250910_t1806550_e1808192_b71879;npp_d20250910_t1808204_e1809446_b71879,157.562,49.8234,49.178,97.7979,19.6584,75.5183
113,VBD_npp_d20250910_t1809105_x1039150E_y100288N_l0461_s0976_v23,2025-09-10 20:03:39,10.028790,103.915031,26.4234,2025-09-10 18:09:10,2025-09-11 01:09:10,461,976,0.326876,1,2529,0.370911,0.210141,0.82431,0.4,0.763445,0.75,0.0864828,0.0001,1.29546e-06,999999,-2.639665e-01,3,Vietnamese Exclusive Economic Zone,,,SVDNB_npp_d20250910_t1808204_e1809446_b71879_c20250910193708290000_oeac_ops.h5,GDNBO_npp_d20250910_t1808204_e1809446_b71879_c20250910193435689000_oeac_ops.h5,SVI04_npp_d20250910_t1808204_e1809446_b71879_c20250910193716857000_oeac_ops.dspace_rad,,eez_v11.shp,WPP_BFAR_merge.shp,vbd_mpa_r20170830.shp,VNF-VBD_npp_20120301-20151231_global_asia-enhanced_c201607211230.bitmask,vbd_landsea_r20220824.mask,timezone.shp,VBD_platforms-recurring_2015_r20170330.shp,999999,VBD_bridges_c20160811.shp,13.807614;11.988322;9.502959;4.653294;6.975082;8.905746,97.681961;111.744194;125.481216;124.205185;110.604576;96.769409,npp_d20250910_t1804042_e1805284_b71879;npp_d20250910_t1805296_e1806538_b71879;npp_d20250910_t1806550_e1808192_b71879;npp_d20250910_t1808204_e1809446_b71879,157.598,49.8997,49.1793,97.4169,19.677,75.3912
114,VBD_npp_d20250910_t1809105_x1039255E_y100550N_l0457_s0977_v23,2025-09-10 20:03:39,10.054962,103.925507,52.9211,2025-09-10 18:09:10,2025-09-11 01:09:10,457,977,0.31642,7,2209,0.200149,0.152406,0.804566,0.4,0.557716,0.75,0.0864951,0.0001,1.32641e-06,999999,2.115186e-01,3,,,,SVDNB_npp_d20250910_t1808204_e1809446_b71879_c20250910193708290000_oeac_ops.h5,GDNBO_npp_d20250910_t1808204_e1809446_b71879_c20250910193435689000_oeac_ops.h5,SVI04_npp_d20250910_t1808204_e1809446_b71879_c20250910193716857000_oeac_ops.dspace_rad,,eez_v11.shp,WPP_BFAR_merge.shp,vbd_mpa_r20170830.shp,VNF-VBD_npp_20120301-20151231_global_asia-enhanced_c201607211230.bitmask,vbd_landsea_r20220824.mask,timezone.shp,VBD_platforms-recurring_2015_r20170330.shp,999999,VBD_bridges_c20160811.shp,13.807614;11.988322;9.502959;4.653294;6.975082;8.905746,97.681961;111.744194;125.481216;124.205185;110.604576;96.769409,npp_d20250910_t1804042_e1805284_b71879;npp_d20250910_t1805296_e1806538_b71879;npp_d20250910_t1806550_e1808192_b71879;npp_d20250910_t1808204_e1809446_b71879,157.573,49.8691,49.1485,97.6357,19.6602,75.4578
115,VBD_npp_d20250910_t1809105_x1039226E_y100347N_l0460_s0977_v23,2025-09-10 20:03:39,10.034669,103.922646,21.9134,2025-09-10 18:09:10,2025-09-11 01:09:10,460,977,0.328014,7,2465,0.278475,0.197136,0.82431,0.4,0.698349,0.75,0.0864892,0.0001,1.31729e-06,999999,-1.568618e-01,3,,,,SVDNB_npp_d20250910_t1808204_e1809446_b71879_c20250910193708290000_oeac_ops.h5,GDNBO_npp_d20250910_t1808204_e1809446_b71879_c20250910193435689000_oeac_ops.h5,SVI04_npp_d20250910_t1808204_e1809446_b71879_c20250910193716857000_oeac_ops.dspace_rad,,eez_v11.shp,WPP_BFAR_merge.shp,vbd_mpa_r20170830.shp,VNF-VBD_npp_20120301-20151231_global_asia-enhanced_c201607211230.bitmask,vbd_landsea_r20220824.mask,timezone.shp,VBD_platforms-recurring_2015_r20170330.shp,999999,VBD_bridges_c20160811.shp,13.807614;11.988322;9.502959;4.653294;6.975082;8.905746,97.681961;111.744194;125.481216;124.205185;110.604576;96.769409,npp_d20250910_t1804042_e1805284_b71879;npp_d20250910_t1805296_e1806538_b71879;npp_d20250910_t1806550_e1808192_b71879;npp_d20250910_t1808204_e1809446_b71879,157.588,49.9019,49.1491,97.4724,19.6681,75.4033
116,VBD_npp_d20250910_t1809105_x1039198E_y100144N_l0463_s0977_v23,2025-09-10 20:03:39,10.014379,103.919777,9.51246,2025-09-10 18:09:10,2025-09-11 01:09:10,463,977,0.330504,7,2209,0.222763,0.197196,0.841637,0.4,0.622669,0.75,0.0864832,0.0001,1.30809e-06,999999,-1.573557e-01,3,,,,SVDNB_npp_d20250910_t1808204_e1809446_b71879_c20250910193708290000_oeac_ops.h5,GDNBO_npp_d20250910_t1808204_e1809446_b71879_c20250910193435689000_oeac_ops.h5,SVI04_npp_d20250910_t1808204_e1809446_b71879_c20250910193716857000_oeac_ops.dspace_rad,,eez_v11.shp,WPP_BFAR_merge.shp,vbd_mpa_r20170830.shp,VNF-VBD_npp_20120301-20151231_global_asia-enhanced_c201607211230.bitmask,vbd_landsea_r20220824.mask,timezone.shp,VBD_platforms-recurring_2015_r20170330.shp,999999,VBD_bridges_c20160811.shp,13.807614;11.988322;9.502959;4.653294;6.975082;8.905746,97.681961;111.744194;125.481216;124.205185;110.604576;96.769409,npp_d20250910_t1804042_e1805284_b71879;npp_d20250910_t1805296_e1806538_b71879;npp_d20250910_t1806550_e1808192_b71879;npp_d20250910_t1808204_e1809446_b71879,157.604,49.9346,49.1501,97.3091,19.6761,75.3489
117,VBD_npp_d20250910_t1809123_x1039023E_y099509N_l0473_s0977_v23,2025-09-10 20:03:39,9.950868,103.902275,9.88388,2025-09-10 18:09:12,2025-09-11 01:09:12,473,977,0.347931,1,2529,0.401921,0.168934,0.855757,0.4,0.798357,0.75,0.0864635,0.0001,1.31241e-06,999999,7.539972e-02,3,Vietnamese Exclusive Economic Zone,,,SVDNB_npp_d20250910_t1808204_e1809446_b71879_c20250910193708290000_oeac_ops.h5,GDNBO_npp_d20250910_t1808204_e1809446_b71879_c20250910193435689000_oeac_ops.h5,SVI04_npp_d20250910_t1808204_e1809446_b71879_c20250910193716857000_oeac_ops.dspace_rad,,eez_v11.shp,WPP_BFAR_merge.shp,vbd_mpa_r20170830.shp,VNF-VBD_npp_20120301-20151231_global_asia-enhanced_c201607211230.bitmask,vbd_landsea_r20220824.mask,timezone.shp,VBD_platforms-recurring_2015_r20170330.shp,999999,VBD_bridges_c20160811.shp,13.807614;11.988322;9.502959;4.653294;6.975082;8.905746,97.681961;111.744194;125.481216;124.205185;110.604576;96.769409,npp_d20250910_t1804042_e1805284_b71879;npp_d20250910_t1805296_e1806538_b71879;npp_d20250910_t1806550_e1808192_b71879;npp_d20250910_t1808204_e1809446_b71879,157.652,50.0355,49.1555,97.6441,19.7026,75.1793
118,VBD_npp_d20250910_t1809105_x1039331E_y100608N_l0456_s0978_v23,2025-09-10 20:03:39,10.060829,103.933090,48.7071,2025-09-10 18:09:10,2025-09-11 01:09:10,456,978,0.312579,7,2209,0.174082,0.142483,0.804566,0.4,0.552043,0.75,0.0865014,0.0001,1.34861e-06,999999,2.932353e-01,3,,,,SVDNB_npp_d20250910_t1808204_e1809446_b71879_c20250910193708290000_oeac_ops.h5,GDNBO_npp_d20250910_t1808204_e1809446_b71879_c20250910193435689000_oeac_ops.h5,SVI04_npp_d20250910_t1808204_e1809446_b71879_c20250910193716857000_oeac_ops.dspace_rad,,eez_v11.shp,WPP_BFAR_merge.shp,vbd_mpa_r20170830.shp,VNF-VBD_npp_20120301-20151231_global_asia-enhanced_c201607211230.bitmask,vbd_landsea_r20220824.mask,timezone.shp,VBD_platforms-recurring_2015_r20170330.shp,999999,VBD_bridges_c20160811.shp,13.807614;11.988322;9.502959;4.653294;6.975082;8.905746,97.681961;111.744194;125.481216;124.205185;110.604576;96.769409,npp_d20250910_t1804042_e1805284_b71879;npp_d20250910_t1805296_e1806538_b71879;npp_d20250910_t1806550_e1808192_b71879;npp_d20250910_t1808204_e1809446_b71879,157.564,49.8713,49.1185,97.6913,19.6513,75.47
119,VBD_npp_d20250910_t1809105_x1039312E_y100473N_l0458_s0978_v23,2025-09-10 20:03:39,10.047307,103.931183,80.3557,2025-09-10 18:09:10,2025-09-11 01:09:10,458,978,0.325027,2,2465,0.37304,0.174693,0.804566,0.4,0.696953,0.75,0.0864975,0.0001,1.34249e-06,999999,2.797394e-02,3,Vietnamese Exclusive Economic Zone,,,SVDNB_npp_d20250910_t1808204_e1809446_b71879_c20250910193708290000_oeac_ops.h5,GDNBO_npp_d20250910_t1808204_e1809446_b71879_c20250910193435689000_oeac_ops.h5,SVI04_npp_d20250910_t1808204_e1809446_b71879_c20250910193716857000_oeac_ops.dspace_rad,,eez_v11.shp,WPP_BFAR_merge.shp,vbd_mpa_r20170830.shp,VNF-VBD_npp_20120301-20151231_global_asia-enhanced_c201607211230.bitmask,vbd_landsea_r20220824.mask,timezone.shp,VBD_platforms-recurring_2015_r20170330.shp,999999,VBD_bridges_c20160811.shp,13.807614;11.988322;9.502959;4.653294;6.975082;8.905746,97.681961;111.744194;125.481216;124.205185;110.604576;96.769409,npp_d20250910_t1804042_e1805284_b71879;npp_d20250910_t1805296_e1806538_b71879;npp_d20250910_t1806550_e1808192_b71879;npp_d20250910_t1808204_e1809446_b71879,157.574,49.893,49.1188,97.5824,19.6566,75.4337
120,VBD_npp_d20250910_t1809105_x1039283E_y100270N_l0461_s0978_v23,2025-09-10 20:03:39,10.027024,103.928329,10.0791,2025-09-10 18:09:10,2025-09-11 01:09:10,461,978,0.325098,7,2209,0.203708,0.193899,0.82431,0.4,0.468828,0.75,0.0864916,0.0001,1.33321e-06,999999,-1.301992e-01,3,,,,SVDNB_npp_d20250910_t1808204_e1809446_b71879_c20250910193708290000_oeac_ops.h5,GDNBO_npp_d20250910_t1808204_e1809446_b71879_c20250910193435689000_oeac_ops.h5,SVI04_npp_d20250910_t1808204_e1809446_b71879_c20250910193716857000_oeac_ops.dspace_rad,,eez_v11.shp,WPP_BFAR_merge.shp,vbd_mpa_r20170830.shp,VNF-VBD_npp_20120301-20151231_global_asia-enhanced_c201607211230.bitmask,vbd_landsea_r20220824.mask,timezone.shp,VBD_platforms-recurring_2015_r20170330.shp,999999,VBD_bridges_c20160811.shp,13.807614;11.988322;9.502959;4.653294;6.975082;8.905746,97.681961;111.744194;125.481216;124.205185;110.604576;96.769409,npp_d20250910_t1804042_e1805284_b71879;npp_d20250910_t1805296_e1806538_b71879;npp_d20250910_t1806550_e1808192_b71879;npp_d20250910_t1808204_e1809446_b71879,157.589,49.9257,49.1196,97.419,19.6646,75.3792
121,VBD_npp_d20250910_t1809105_x1039321E_y100059N_l0464_s0979_v23,2025-09-10 20:03:39,10.005871,103.932076,21.6531,2025-09-10 18:09:10,2025-09-11 01:09:10,464,979,0.331784,1,2529,0.556775,0.181199,0.846052,0.4,0.828658,0.75,0.08649,0.0001,1.34295e-06,999999,-2.560903e-02,3,Vietnamese Exclusive Economic Zone,,,SVDNB_npp_d20250910_t1808204_e1809446_b71879_c20250910193708290000_oeac_ops.h5,GDNBO_npp_d20250910_t1808204_e1809446_b71879_c20250910193435689000_oeac_ops.h5,SVI04_npp_d20250910_t1808204_e1809446_b71879_c20250910193716857000_oeac_ops.dspace_rad,,eez_v11.shp,WPP_BFAR_merge.shp,vbd_mpa_r20170830.shp,VNF-VBD_npp_20120301-20151231_global_asia-enhanced_c201607211230.bitmask,vbd_landsea_r20220824.mask,timezone.shp,VBD_platforms-recurring_2015_r20170330.shp,999999,VBD_bridges_c20160811.shp,13.807614;11.988322;9.502959;4.653294;6.975082;8.905746,97.681961;111.744194;125.481216;124.205185;110.604576;96.769409,npp_d20250910_t1804042_e1805284_b71879;npp_d20250910_t1805296_e1806538_b71879;npp_d20250910_t1806550_e1808192_b71879;npp_d20250910_t1808204_e1809446_b71879,157.6,49.9714,49.0908,97.2565,19.6664,75.3189
122,VBD_npp_d20250910_t1809123_x1039298E_y100022N_l0465_s0980_v23,2025-09-10 20:03:39,10.002226,103.929794,25.6413,2025-09-10 18:09:12,2025-09-11 01:09:12,465,980,0.332638,1,2529,0.631549,0.147314,0.846052,0.4,0.876664,0.75,0.0864924,0.0001,1.39505e-06,999999,2.534513e-01,3,Vietnamese Exclusive Economic Zone,,,SVDNB_npp_d20250910_t1808204_e1809446_b71879_c20250910193708290000_oeac_ops.h5,GDNBO_npp_d20250910_t1808204_e1809446_b71879_c20250910193435689000_oeac_ops.h5,SVI04_npp_d20250910_t1808204_e1809446_b71879_c20250910193716857000_oeac_ops.dspace_rad,,eez_v11.shp,WPP_BFAR_merge.shp,vbd_mpa_r20170830.shp,VNF-VBD_npp_20120301-20151231_global_asia-enhanced_c201607211230.bitmask,vbd_landsea_r20220824.mask,timezone.shp,VBD_platforms-recurring_2015_r20170330.shp,999999,VBD_bridges_c20160811.shp,13.807614;11.988322;9.502959;4.653294;6.975082;8.905746,97.681961;111.744194;125.481216;124.205185;110.604576;96.769409,npp_d20250910_t1804042_e1805284_b71879;npp_d20250910_t1805296_e1806538_b71879;npp_d20250910_t1806550_e1808192_b71879;npp_d20250910_t1808204_e1809446_b71879,157.598,49.987,49.0655,98.0835,19.6626,75.3058
123,VBD_npp_d20250910_t1809123_x1039269E_y099820N_l0468_s0980_v23,2025-09-10 20:03:39,9.981957,103.926949,38.3717,2025-09-10 18:09:12,2025-09-11 01:09:12,468,980,0.345086,1,2529,0.840941,0.16944,0.871568,0.4,0.924151,0.75,0.0864865,0.0001,1.38579e-06,999999,7.123029e-02,3,Vietnamese Exclusive Economic Zone,,,SVDNB_npp_d20250910_t1808204_e1809446_b71879_c20250910193708290000_oeac_ops.h5,GDNBO_npp_d20250910_t1808204_e1809446_b71879_c20250910193435689000_oeac_ops.h5,SVI04_npp_d20250910_t1808204_e1809446_b71879_c20250910193716857000_oeac_ops.dspace_rad,,eez_v11.shp,WPP_BFAR_merge.shp,vbd_mpa_r20170830.shp,VNF-VBD_npp_20120301-20151231_global_asia-enhanced_c201607211230.bitmask,vbd_landsea_r20220824.mask,timezone.shp,VBD_platforms-recurring_2015_r20170330.shp,999999,VBD_bridges_c20160811.shp,13.807614;11.988322;9.502959;4.653294;6.975082;8.905746,97.681961;111.744194;125.481216;124.205185;110.604576;96.769409,npp_d20250910_t1804042_e1805284_b71879;npp_d20250910_t1805296_e1806538_b71879;npp_d20250910_t1806550_e1808192_b71879;npp_d20250910_t1808204_e1809446_b71879,157.613,50.0198,49.0654,97.9199,19.6706,75.2515
124,VBD_npp_d20250910_t1809123_x1039298E_y099540N_l0472_s0981_v23,2025-09-10 20:03:39,9.954040,103.929764,20.2383,2025-09-10 18:09:12,2025-09-11 01:09:12,472,981,0.346011,1,2529,0.626997,0.198702,0.873641,0.4,0.8757,0.75,0.086483,0.0001,1.39304e-06,999999,-1.697548e-01,3,Vietnamese Exclusive Economic Zone,,,SVDNB_npp_d20250910_t1808204_e1809446_b71879_c20250910193708290000_oeac_ops.h5,GDNBO_npp_d20250910_t1808204_e1809446_b71879_c20250910193435689000_oeac_ops.h5,SVI04_npp_d20250910_t1808204_e1809446_b71879_c20250910193716857000_oeac_ops.dspace_rad,,eez_v11.shp,WPP_BFAR_merge.shp,vbd_mpa_r20170830.shp,VNF-VBD_npp_20120301-20151231_global_asia-enhanced_c201607211230.bitmask,vbd_landsea_r20220824.mask,timezone.shp,VBD_platforms-recurring_2015_r20170330.shp,999999,VBD_bridges_c20160811.shp,13.807614;11.988322;9.502959;4.653294;6.975082;8.905746,97.681961;111.744194;125.481216;124.205185;110.604576;96.769409,npp_d20250910_t1804042_e1805284_b71879;npp_d20250910_t1805296_e1806538_b71879;npp_d20250910_t1806550_e1808192_b71879;npp_d20250910_t1808204_e1809446_b71879,157.629,50.0766,49.0357,97.703,19.6752,75.173
125,VBD_npp_d20250910_t1809123_x1039392E_y099734N_l0469_s0982_v23,2025-09-10 20:03:39,9.973391,103.939224,52.0023,2025-09-10 18:09:12,2025-09-11 01:09:12,469,982,0.344588,1,2529,0.882089,0.168636,0.871568,0.4,0.932741,0.75,0.0864933,0.0001,1.42271e-06,999999,7.784896e-02,3,Vietnamese Exclusive Economic Zone,,,SVDNB_npp_d20250910_t1808204_e1809446_b71879_c20250910193708290000_oeac_ops.h5,GDNBO_npp_d20250910_t1808204_e1809446_b71879_c20250910193435689000_oeac_ops.h5,SVI04_npp_d20250910_t1808204_e1809446_b71879_c20250910193716857000_oeac_ops.dspace_rad,,eez_v11.shp,WPP_BFAR_merge.shp,vbd_mpa_r20170830.shp,VNF-VBD_npp_20120301-20151231_global_asia-enhanced_c201607211230.bitmask,vbd_landsea_r20220824.mask,timezone.shp,VBD_platforms-recurring_2015_r20170330.shp,999999,VBD_bridges_c20160811.shp,13.807614;11.988322;9.502959;4.653294;6.975082;8.905746,97.681961;111.744194;125.481216;124.205185;110.604576;96.769409,npp_d20250910_t1804042_e1805284_b71879;npp_d20250910_t1805296_e1806538_b71879;npp_d20250910_t1806550_e1808192_b71879;npp_d20250910_t1808204_e1809446_b71879,157.61,50.0567,49.0056,97.8678,19.661,75.2212
126,VBD_npp_d20250910_t1809123_x1039316E_y099194N_l0477_s0982_v23,2025-09-10 20:03:39,9.919399,103.931602,23.4321,2025-09-10 18:09:12,2025-09-11 01:09:12,477,982,0.352057,1,2529,0.633192,0.174,0.872243,0.4,0.887516,0.75,0.0864775,0.0001,1.39674e-06,999999,3.368043e-02,3,Vietnamese Exclusive Economic Zone,,,SVDNB_npp_d20250910_t1808204_e1809446_b71879_c20250910193708290000_oeac_ops.h5,GDNBO_npp_d20250910_t1808204_e1809446_b71879_c20250910193435689000_oeac_ops.h5,SVI04_npp_d20250910_t1808204_e1809446_b71879_c20250910193716857000_oeac_ops.dspace_rad,,eez_v11.shp,WPP_BFAR_merge.shp,vbd_mpa_r20170830.shp,VNF-VBD_npp_20120301-20151231_global_asia-enhanced_c201607211230.bitmask,vbd_landsea_r20220824.mask,timezone.shp,VBD_platforms-recurring_2015_r20170330.shp,999999,VBD_bridges_c20160811.shp,13.807614;11.988322;9.502959;4.653294;6.975082;8.905746,97.681961;111.744194;125.481216;124.205185;110.604576;96.769409,npp_d20250910_t1804042_e1805284_b71879;npp_d20250910_t1805296_e1806538_b71879;npp_d20250910_t1806550_e1808192_b71879;npp_d20250910_t1808204_e1809446_b71879,157.65,50.1443,49.007,97.4313,19.6824,75.0767
127,VBD_npp_d20250910_t1809141_x1039183E_y098695N_l0485_s0982_v23,2025-09-10 20:03:39,9.869488,103.918297,82.0248,2025-09-10 18:09:14,2025-09-11 01:09:14,485,982,0.351417,1,2529,1.09327,0.161409,0.906074,0.4,0.955131,0.75,0.0864671,0.0001,1.41492e-06,999999,1.373674e-01,3,Vietnamese Exclusive Economic Zone,,,SVDNB_npp_d20250910_t1808204_e1809446_b71879_c20250910193708290000_oeac_ops.h5,GDNBO_npp_d20250910_t1808204_e1809446_b71879_c20250910193435689000_oeac_ops.h5,SVI04_npp_d20250910_t1808204_e1809446_b71879_c20250910193716857000_oeac_ops.dspace_rad,,eez_v11.shp,WPP_BFAR_merge.shp,vbd_mpa_r20170830.shp,VNF-VBD_npp_20120301-20151231_global_asia-enhanced_c201607211230.bitmask,vbd_landsea_r20220824.mask,timezone.shp,VBD_platforms-recurring_2015_r20170330.shp,999999,VBD_bridges_c20160811.shp,13.807614;11.988322;9.502959;4.653294;6.975082;8.905746,97.681961;111.744194;125.481216;124.205185;110.604576;96.769409,npp_d20250910_t1804042_e1805284_b71879;npp_d20250910_t1805296_e1806538_b71879;npp_d20250910_t1806550_e1808192_b71879;npp_d20250910_t1808204_e1809446_b71879,157.686,50.2276,49.0024,97.8805,19.7015,74.9424
128,VBD_npp_d20250910_t1809105_x1039585E_y100024N_l0464_s0983_v23,2025-09-10 20:03:39,10.002392,103.958549,24.8969,2025-09-10 18:09:10,2025-09-11 01:09:10,464,983,0.331784,1,2529,0.614931,0.152906,0.835955,0.4,0.853821,0.75,0.0865076,0.0001,1.42191e-06,999999,2.073945e-01,3,Vietnamese Exclusive Economic Zone,,,SVDNB_npp_d20250910_t1808204_e1809446_b71879_c20250910193708290000_oeac_ops.h5,GDNBO_npp_d20250910_t1808204_e1809446_b71879_c20250910193435689000_oeac_ops.h5,SVI04_npp_d20250910_t1808204_e1809446_b71879_c20250910193716857000_oeac_ops.dspace_rad,,eez_v11.shp,WPP_BFAR_merge.shp,vbd_mpa_r20170830.shp,VNF-VBD_npp_20120301-20151231_global_asia-enhanced_c201607211230.bitmask,vbd_landsea_r20220824.mask,timezone.shp,VBD_platforms-recurring_2015_r20170330.shp,999999,VBD_bridges_c20160811.shp,13.807614;11.988322;9.502959;4.653294;6.975082;8.905746,97.681961;111.744194;125.481216;124.205185;110.604576;96.769409,npp_d20250910_t1804042_e1805284_b71879;npp_d20250910_t1805296_e1806538_b71879;npp_d20250910_t1806550_e1808192_b71879;npp_d20250910_t1808204_e1809446_b71879,157.582,50.0231,48.9713,97.2602,19.6416,75.295
129,VBD_npp_d20250910_t1809123_x1039477E_y099860N_l0467_s0983_v23,2025-09-10 20:03:39,9.985978,103.947723,18.3008,2025-09-10 18:09:12,2025-09-11 01:09:12,467,983,0.334487,1,2529,0.477496,0.163575,0.865328,0.4,0.805943,0.75,0.0865016,0.0001,1.44959e-06,999999,1.195300e-01,3,Vietnamese Exclusive Economic Zone,,,SVDNB_npp_d20250910_t1808204_e1809446_b71879_c20250910193708290000_oeac_ops.h5,GDNBO_npp_d20250910_t1808204_e1809446_b71879_c20250910193435689000_oeac_ops.h5,SVI04_npp_d20250910_t1808204_e1809446_b71879_c20250910193716857000_oeac_ops.dspace_rad,,eez_v11.shp,WPP_BFAR_merge.shp,vbd_mpa_r20170830.shp,VNF-VBD_npp_20120301-20151231_global_asia-enhanced_c201607211230.bitmask,vbd_landsea_r20220824.mask,timezone.shp,VBD_platforms-recurring_2015_r20170330.shp,999999,VBD_bridges_c20160811.shp,13.807614;11.988322;9.502959;4.653294;6.975082;8.905746,97.681961;111.744194;125.481216;124.205185;110.604576;96.769409,npp_d20250910_t1804042_e1805284_b71879;npp_d20250910_t1805296_e1806538_b71879;npp_d20250910_t1806550_e1808192_b71879;npp_d20250910_t1808204_e1809446_b71879,157.595,50.0478,48.9758,97.9782,19.6495,75.2513
130,VBD_npp_d20250910_t1809123_x1039562E_y099986N_l0465_s0984_v23,2025-09-10 20:03:39,9.998554,103.956200,18.9836,2025-09-10 18:09:12,2025-09-11 01:09:12,465,984,0.328655,1,2529,0.533182,0.174726,0.835955,0.4,0.828494,0.75,0.08651,0.0001,1.47684e-06,999999,2.769803e-02,3,Vietnamese Exclusive Economic Zone,,,SVDNB_npp_d20250910_t1808204_e1809446_b71879_c20250910193708290000_oeac_ops.h5,GDNBO_npp_d20250910_t1808204_e1809446_b71879_c20250910193435689000_oeac_ops.h5,SVI04_npp_d20250910_t1808204_e1809446_b71879_c20250910193716857000_oeac_ops.dspace_rad,,eez_v11.shp,WPP_BFAR_merge.shp,vbd_mpa_r20170830.shp,VNF-VBD_npp_20120301-20151231_global_asia-enhanced_c201607211230.bitmask,vbd_landsea_r20220824.mask,timezone.shp,VBD_platforms-recurring_2015_r20170330.shp,999999,VBD_bridges_c20160811.shp,13.807614;11.988322;9.502959;4.653294;6.975082;8.905746,97.681961;111.744194;125.481216;124.205185;110.604576;96.769409,npp_d20250910_t1804042_e1805284_b71879;npp_d20250910_t1805296_e1806538_b71879;npp_d20250910_t1806550_e1808192_b71879;npp_d20250910_t1808204_e1809446_b71879,157.581,50.0389,48.9461,98.0886,19.638,75.2814
131,VBD_npp_d20250910_t1809123_x1039448E_y099176N_l0477_s0984_v23,2025-09-10 20:03:39,9.917642,103.944794,20.2922,2025-09-10 18:09:12,2025-09-11 01:09:12,477,984,0.351132,1,2529,0.567662,0.160931,0.869881,0.4,0.817104,0.75,0.0864863,0.0001,1.43709e-06,999999,1.413073e-01,3,Vietnamese Exclusive Economic Zone,,,SVDNB_npp_d20250910_t1808204_e1809446_b71879_c20250910193708290000_oeac_ops.h5,GDNBO_npp_d20250910_t1808204_e1809446_b71879_c20250910193435689000_oeac_ops.h5,SVI04_npp_d20250910_t1808204_e1809446_b71879_c20250910193716857000_oeac_ops.dspace_rad,,eez_v11.shp,WPP_BFAR_merge.shp,vbd_mpa_r20170830.shp,VNF-VBD_npp_20120301-20151231_global_asia-enhanced_c201607211230.bitmask,vbd_landsea_r20220824.mask,timezone.shp,VBD_platforms-recurring_2015_r20170330.shp,999999,VBD_bridges_c20160811.shp,13.807614;11.988322;9.502959;4.653294;6.975082;8.905746,97.681961;111.744194;125.481216;124.205185;110.604576;96.769409,npp_d20250910_t1804042_e1805284_b71879;npp_d20250910_t1805296_e1806538_b71879;npp_d20250910_t1806550_e1808192_b71879;npp_d20250910_t1808204_e1809446_b71879,157.641,50.1702,48.9473,97.4332,19.6701,75.0646
132,VBD_npp_d20250910_t1809141_x1039258E_y098272N_l0491_s0984_v23,2025-09-10 20:03:39,9.827222,103.925781,66.4224,2025-09-10 18:09:14,2025-09-11 01:09:14,491,984,0.351274,1,2529,1.06813,0.196045,0.912854,0.4,0.950188,0.75,0.086472,0.0001,1.4357e-06,999999,-1.478774e-01,3,Vietnamese Exclusive Economic Zone,,,SVDNB_npp_d20250910_t1808204_e1809446_b71879_c20250910193708290000_oeac_ops.h5,GDNBO_npp_d20250910_t1808204_e1809446_b71879_c20250910193435689000_oeac_ops.h5,SVI04_npp_d20250910_t1808204_e1809446_b71879_c20250910193716857000_oeac_ops.dspace_rad,,eez_v11.shp,WPP_BFAR_merge.shp,vbd_mpa_r20170830.shp,VNF-VBD_npp_20120301-20151231_global_asia-enhanced_c201607211230.bitmask,vbd_landsea_r20220824.mask,timezone.shp,VBD_platforms-recurring_2015_r20170330.shp,999999,VBD_bridges_c20160811.shp,13.807614;11.988322;9.502959;4.653294;6.975082;8.905746,97.681961;111.744194;125.481216;124.205185;110.604576;96.769409,npp_d20250910_t1804042_e1805284_b71879;npp_d20250910_t1805296_e1806538_b71879;npp_d20250910_t1806550_e1808192_b71879;npp_d20250910_t1808204_e1809446_b71879,157.708,50.3197,48.9435,97.5551,19.7055,74.8222
133,VBD_npp_d20250910_t1809123_x1039504E_y099100N_l0478_s0985_v23,2025-09-10 20:03:39,9.910026,103.950424,18.1672,2025-09-10 18:09:12,2025-09-11 01:09:12,478,985,0.348429,1,2529,0.46688,0.153819,0.869881,0.4,0.796673,0.75,0.0864887,0.0001,1.45422e-06,999999,1.998789e-01,3,Vietnamese Exclusive Economic Zone,,,SVDNB_npp_d20250910_t1808204_e1809446_b71879_c20250910193708290000_oeac_ops.h5,GDNBO_npp_d20250910_t1808204_e1809446_b71879_c20250910193435689000_oeac_ops.h5,SVI04_npp_d20250910_t1808204_e1809446_b71879_c20250910193716857000_oeac_ops.dspace_rad,,eez_v11.shp,WPP_BFAR_merge.shp,vbd_mpa_r20170830.shp,VNF-VBD_npp_20120301-20151231_global_asia-enhanced_c201607211230.bitmask,vbd_landsea_r20220824.mask,timezone.shp,VBD_platforms-recurring_2015_r20170330.shp,999999,VBD_bridges_c20160811.shp,13.807614;11.988322;9.502959;4.653294;6.975082;8.905746,97.681961;111.744194;125.481216;124.205185;110.604576;96.769409,npp_d20250910_t1804042_e1805284_b71879;npp_d20250910_t1805296_e1806538_b71879;npp_d20250910_t1806550_e1808192_b71879;npp_d20250910_t1808204_e1809446_b71879,157.642,50.194,48.9178,97.3796,19.6667,75.0405
134,VBD_npp_d20250910_t1809141_x1039418E_y098457N_l0488_s0986_v23,2025-09-10 20:03:39,9.845658,103.941803,32.4928,2025-09-10 18:09:14,2025-09-11 01:09:14,488,986,0.343663,1,2529,0.775851,0.180061,0.913868,0.4,0.899752,0.75,0.0864827,0.0001,1.48744e-06,999999,-1.623598e-02,3,Vietnamese Exclusive Economic Zone,,,SVDNB_npp_d20250910_t1808204_e1809446_b71879_c20250910193708290000_oeac_ops.h5,GDNBO_npp_d20250910_t1808204_e1809446_b71879_c20250910193435689000_oeac_ops.h5,SVI04_npp_d20250910_t1808204_e1809446_b71879_c20250910193716857000_oeac_ops.dspace_rad,,eez_v11.shp,WPP_BFAR_merge.shp,vbd_mpa_r20170830.shp,VNF-VBD_npp_20120301-20151231_global_asia-enhanced_c201607211230.bitmask,vbd_landsea_r20220824.mask,timezone.shp,VBD_platforms-recurring_2015_r20170330.shp,999999,VBD_bridges_c20160811.shp,13.807614;11.988322;9.502959;4.653294;6.975082;8.905746,97.681961;111.744194;125.481216;124.205185;110.604576;96.769409,npp_d20250910_t1804042_e1805284_b71879;npp_d20250910_t1805296_e1806538_b71879;npp_d20250910_t1806550_e1808192_b71879;npp_d20250910_t1808204_e1809446_b71879,157.684,50.3124,48.8833,97.7212,19.6851,74.8638
135,VBD_npp_d20250910_t1809141_x1039522E_y098717N_l0484_s0987_v23,2025-09-10 20:03:39,9.871699,103.952171,40.3822,2025-09-10 18:09:14,2025-09-11 01:09:14,484,987,0.340178,1,2529,0.851947,0.211614,0.895027,0.4,0.928133,0.75,0.0864896,0.0001,1.5225e-06,999999,-2.760974e-01,3,Vietnamese Exclusive Economic Zone,,,SVDNB_npp_d20250910_t1808204_e1809446_b71879_c20250910193708290000_oeac_ops.h5,GDNBO_npp_d20250910_t1808204_e1809446_b71879_c20250910193435689000_oeac_ops.h5,SVI04_npp_d20250910_t1808204_e1809446_b71879_c20250910193716857000_oeac_ops.dspace_rad,,eez_v11.shp,WPP_BFAR_merge.shp,vbd_mpa_r20170830.shp,VNF-VBD_npp_20120301-20151231_global_asia-enhanced_c201607211230.bitmask,vbd_landsea_r20220824.mask,timezone.shp,VBD_platforms-recurring_2015_r20170330.shp,999999,VBD_bridges_c20160811.shp,13.807614;11.988322;9.502959;4.653294;6.975082;8.905746,97.681961;111.744194;125.481216;124.205185;110.604576;96.769409,npp_d20250910_t1804042_e1805284_b71879;npp_d20250910_t1805296_e1806538_b71879;npp_d20250910_t1806550_e1808192_b71879;npp_d20250910_t1808204_e1809446_b71879,157.659,50.2813,48.8532,97.9411,19.6682,74.9296
136,VBD_npp_d20250910_t1809016_x1040992E_y105182N_l0384_s0988_v23,2025-09-10 20:03:39,10.518210,104.099228,14.0386,2025-09-10 18:09:01,2025-09-11 01:09:01,384,988,0.233126,2,2465,0.389711,0.191794,0.637008,0.4,0.74079,0.75,0.0866873,0.0001,1.57947e-06,999999,-1.128680e-01,3,Cambodian Exclusive Economic Zone,,,SVDNB_npp_d20250910_t1808204_e1809446_b71879_c20250910193708290000_oeac_ops.h5,GDNBO_npp_d20250910_t1808204_e1809446_b71879_c20250910193435689000_oeac_ops.h5,SVI04_npp_d20250910_t1808204_e1809446_b71879_c20250910193716857000_oeac_ops.dspace_rad,,eez_v11.shp,WPP_BFAR_merge.shp,vbd_mpa_r20170830.shp,VNF-VBD_npp_20120301-20151231_global_asia-enhanced_c201607211230.bitmask,vbd_landsea_r20220824.mask,timezone.shp,VBD_platforms-recurring_2015_r20170330.shp,999999,VBD_bridges_c20160811.shp,13.807614;11.988322;9.502959;4.653294;6.975082;8.905746,97.681961;111.744194;125.481216;124.205185;110.604576;96.769409,npp_d20250910_t1804042_e1805284_b71879;npp_d20250910_t1805296_e1806538_b71879;npp_d20250910_t1806550_e1808192_b71879;npp_d20250910_t1808204_e1809446_b71879,157.17,49.2568,48.8239,97.2107,19.4127,76.6814
137,VBD_npp_d20250910_t1809158_x1039389E_y097800N_l0498_s0988_v23,2025-09-10 20:03:39,9.780020,103.938889,76.6519,2025-09-10 18:09:15,2025-09-11 01:09:15,498,988,0.361161,1,2529,1.17453,0.166058,0.909328,0.4,0.964051,0.75,0.086485,0.0001,1.54005e-06,999999,9.908134e-02,3,Vietnamese Exclusive Economic Zone,,,SVDNB_npp_d20250910_t1808204_e1809446_b71879_c20250910193708290000_oeac_ops.h5,GDNBO_npp_d20250910_t1808204_e1809446_b71879_c20250910193435689000_oeac_ops.h5,SVI04_npp_d20250910_t1808204_e1809446_b71879_c20250910193716857000_oeac_ops.dspace_rad,,eez_v11.shp,WPP_BFAR_merge.shp,vbd_mpa_r20170830.shp,VNF-VBD_npp_20120301-20151231_global_asia-enhanced_c201607211230.bitmask,vbd_landsea_r20220824.mask,timezone.shp,VBD_platforms-recurring_2015_r20170330.shp,999999,VBD_bridges_c20160811.shp,13.807614;11.988322;9.502959;4.653294;6.975082;8.905746,97.681961;111.744194;125.481216;124.205185;110.604576;96.769409,npp_d20250910_t1804042_e1805284_b71879;npp_d20250910_t1805296_e1806538_b71879;npp_d20250910_t1806550_e1808192_b71879;npp_d20250910_t1808204_e1809446_b71879,157.722,50.4434,48.8235,98.0608,19.6985,74.6807
138,VBD_npp_d20250910_t1809141_x1039623E_y098018N_l0494_s0990_v23,2025-09-10 20:03:39,9.801755,103.962318,38.3351,2025-09-10 18:09:14,2025-09-11 01:09:14,494,990,0.356751,1,2529,0.89931,0.175567,0.910989,0.4,0.889414,0.75,0.0864963,0.0001,1.55188e-06,999999,2.076929e-02,3,Vietnamese Exclusive Economic Zone,,,SVDNB_npp_d20250910_t1808204_e1809446_b71879_c20250910193708290000_oeac_ops.h5,GDNBO_npp_d20250910_t1808204_e1809446_b71879_c20250910193435689000_oeac_ops.h5,SVI04_npp_d20250910_t1808204_e1809446_b71879_c20250910193716857000_oeac_ops.dspace_rad,,eez_v11.shp,WPP_BFAR_merge.shp,vbd_mpa_r20170830.shp,VNF-VBD_npp_20120301-20151231_global_asia-enhanced_c201607211230.bitmask,vbd_landsea_r20220824.mask,timezone.shp,VBD_platforms-recurring_2015_r20170330.shp,999999,VBD_bridges_c20160811.shp,13.807614;11.988322;9.502959;4.653294;6.975082;8.905746,97.681961;111.744194;125.481216;124.205185;110.604576;96.769409,npp_d20250910_t1804042_e1805284_b71879;npp_d20250910_t1805296_e1806538_b71879;npp_d20250910_t1806550_e1808192_b71879;npp_d20250910_t1808204_e1809446_b71879,157.696,50.4297,48.7655,97.397,19.677,74.7315
139,VBD_npp_d20250910_t1809123_x1039879E_y098913N_l0480_s0991_v23,2025-09-10 20:03:39,9.891350,103.987938,28.1734,2025-09-10 18:09:12,2025-09-11 01:09:12,480,991,0.340249,1,2529,0.725762,0.157287,0.864564,0.4,0.909006,0.75,0.0865111,0.0001,1.57555e-06,999999,1.713199e-01,3,Vietnamese Exclusive Economic Zone,,,SVDNB_npp_d20250910_t1808204_e1809446_b71879_c20250910193708290000_oeac_ops.h5,GDNBO_npp_d20250910_t1808204_e1809446_b71879_c20250910193435689000_oeac_ops.h5,SVI04_npp_d20250910_t1808204_e1809446_b71879_c20250910193716857000_oeac_ops.dspace_rad,,eez_v11.shp,WPP_BFAR_merge.shp,vbd_mpa_r20170830.shp,VNF-VBD_npp_20120301-20151231_global_asia-enhanced_c201607211230.bitmask,vbd_landsea_r20220824.mask,timezone.shp,VBD_platforms-recurring_2015_r20170330.shp,999999,VBD_bridges_c20160811.shp,13.807614;11.988322;9.502959;4.653294;6.975082;8.905746,97.681961;111.744194;125.481216;124.205185;110.604576;96.769409,npp_d20250910_t1804042_e1805284_b71879;npp_d20250910_t1805296_e1806538_b71879;npp_d20250910_t1806550_e1808192_b71879;npp_d20250910_t1808204_e1809446_b71879,157.625,50.2927,48.7396,97.2757,19.6353,74.9682
140,VBD_npp_d20250910_t1809354_x1037146E_y085995N_l0679_s0991_v23,2025-09-10 20:03:39,8.599524,103.714622,113,2025-09-10 18:09:35,2025-09-11 01:09:35,679,991,0.346153,1,2529,1.32616,0.167767,0.912564,0.4,0.979378,0.75,0.0862303,0.0001,1.45927e-06,999999,8.501078e-02,3,Vietnamese Exclusive Economic Zone,,,SVDNB_npp_d20250910_t1808204_e1809446_b71879_c20250910193708290000_oeac_ops.h5,GDNBO_npp_d20250910_t1808204_e1809446_b71879_c20250910193435689000_oeac_ops.h5,SVI04_npp_d20250910_t1808204_e1809446_b71879_c20250910193716857000_oeac_ops.dspace_rad,,eez_v11.shp,WPP_BFAR_merge.shp,vbd_mpa_r20170830.shp,VNF-VBD_npp_20120301-20151231_global_asia-enhanced_c201607211230.bitmask,vbd_landsea_r20220824.mask,timezone.shp,VBD_platforms-recurring_2015_r20170330.shp,999999,VBD_bridges_c20160811.shp,13.807614;11.988322;9.502959;4.653294;6.975082;8.905746,97.681961;111.744194;125.481216;124.205185;110.604576;96.769409,npp_d20250910_t1804042_e1805284_b71879;npp_d20250910_t1805296_e1806538_b71879;npp_d20250910_t1806550_e1808192_b71879;npp_d20250910_t1808204_e1809446_b71879,158.568,52.5046,48.7314,97.9109,20.187,71.5979
141,VBD_npp_d20250910_t1809141_x1039868E_y098806N_l0482_s0992_v23,2025-09-10 20:03:39,9.880616,103.986816,35.928,2025-09-10 18:09:14,2025-09-11 01:09:14,482,992,0.344161,1,2529,0.74519,0.190538,0.864564,0.4,0.909899,0.75,0.0865128,0.0001,1.64099e-06,999999,-1.025189e-01,3,Vietnamese Exclusive Economic Zone,,,SVDNB_npp_d20250910_t1808204_e1809446_b71879_c20250910193708290000_oeac_ops.h5,GDNBO_npp_d20250910_t1808204_e1809446_b71879_c20250910193435689000_oeac_ops.h5,SVI04_npp_d20250910_t1808204_e1809446_b71879_c20250910193716857000_oeac_ops.dspace_rad,,eez_v11.shp,WPP_BFAR_merge.shp,vbd_mpa_r20170830.shp,VNF-VBD_npp_20120301-20151231_global_asia-enhanced_c201607211230.bitmask,vbd_landsea_r20220824.mask,timezone.shp,VBD_platforms-recurring_2015_r20170330.shp,999999,VBD_bridges_c20160811.shp,13.807614;11.988322;9.502959;4.653294;6.975082;8.905746,97.681961;111.744194;125.481216;124.205185;110.604576;96.769409,npp_d20250910_t1804042_e1805284_b71879;npp_d20250910_t1805296_e1806538_b71879;npp_d20250910_t1806550_e1808192_b71879;npp_d20250910_t1808204_e1809446_b71879,157.627,50.3235,48.7042,98.0567,19.6323,74.9348
142,VBD_npp_d20250910_t1809354_x1037173E_y085718N_l0683_s0992_v23,2025-09-10 20:03:39,8.571754,103.717278,54.7872,2025-09-10 18:09:35,2025-09-11 01:09:35,683,992,0.371547,1,2529,1.02531,0.162706,0.901834,0.4,0.953321,0.75,0.0862346,0.0001,1.46411e-06,999999,1.266924e-01,3,Vietnamese Exclusive Economic Zone,,,SVDNB_npp_d20250910_t1808204_e1809446_b71879_c20250910193708290000_oeac_ops.h5,GDNBO_npp_d20250910_t1808204_e1809446_b71879_c20250910193435689000_oeac_ops.h5,SVI04_npp_d20250910_t1808204_e1809446_b71879_c20250910193716857000_oeac_ops.dspace_rad,,eez_v11.shp,WPP_BFAR_merge.shp,vbd_mpa_r20170830.shp,VNF-VBD_npp_20120301-20151231_global_asia-enhanced_c201607211230.bitmask,vbd_landsea_r20220824.mask,timezone.shp,VBD_platforms-recurring_2015_r20170330.shp,999999,VBD_bridges_c20160811.shp,13.807614;11.988322;9.502959;4.653294;6.975082;8.905746,97.681961;111.744194;125.481216;124.205185;110.604576;96.769409,npp_d20250910_t1804042_e1805284_b71879;npp_d20250910_t1805296_e1806538_b71879;npp_d20250910_t1806550_e1808192_b71879;npp_d20250910_t1808204_e1809446_b71879,158.583,52.5653,48.7023,97.6926,20.1934,71.523
143,VBD_npp_d20250910_t1809123_x1040010E_y098896N_l0480_s0993_v23,2025-09-10 20:03:39,9.889627,104.000999,36.0251,2025-09-10 18:09:12,2025-09-11 01:09:12,480,993,0.347433,1,2529,0.641787,0.159263,0.864564,0.4,0.841896,0.75,0.0865198,0.0001,1.62043e-06,999999,1.550481e-01,3,Vietnamese Exclusive Economic Zone,,,SVDNB_npp_d20250910_t1808204_e1809446_b71879_c20250910193708290000_oeac_ops.h5,GDNBO_npp_d20250910_t1808204_e1809446_b71879_c20250910193435689000_oeac_ops.h5,SVI04_npp_d20250910_t1808204_e1809446_b71879_c20250910193716857000_oeac_ops.dspace_rad,,eez_v11.shp,WPP_BFAR_merge.shp,vbd_mpa_r20170830.shp,VNF-VBD_npp_20120301-20151231_global_asia-enhanced_c201607211230.bitmask,vbd_landsea_r20220824.mask,timezone.shp,VBD_platforms-recurring_2015_r20170330.shp,999999,VBD_bridges_c20160811.shp,13.807614;11.988322;9.502959;4.653294;6.975082;8.905746,97.681961;111.744194;125.481216;124.205185;110.604576;96.769409,npp_d20250910_t1804042_e1805284_b71879;npp_d20250910_t1805296_e1806538_b71879;npp_d20250910_t1806550_e1808192_b71879;npp_d20250910_t1808204_e1809446_b71879,157.616,50.3182,48.68,97.2775,19.6231,74.9561
144,VBD_npp_d20250910_t1809141_x1040008E_y098855N_l0481_s0994_v23,2025-09-10 20:03:39,9.885514,104.000816,29.206,2025-09-10 18:09:14,2025-09-11 01:09:14,481,994,0.347433,1,2529,0.608041,0.185533,0.864564,0.4,0.849606,0.75,0.0865221,0.0001,1.69139e-06,999999,-6.130572e-02,3,Vietnamese Exclusive Economic Zone,,,SVDNB_npp_d20250910_t1808204_e1809446_b71879_c20250910193708290000_oeac_ops.h5,GDNBO_npp_d20250910_t1808204_e1809446_b71879_c20250910193435689000_oeac_ops.h5,SVI04_npp_d20250910_t1808204_e1809446_b71879_c20250910193716857000_oeac_ops.dspace_rad,,eez_v11.shp,WPP_BFAR_merge.shp,vbd_mpa_r20170830.shp,VNF-VBD_npp_20120301-20151231_global_asia-enhanced_c201607211230.bitmask,vbd_landsea_r20220824.mask,timezone.shp,VBD_platforms-recurring_2015_r20170330.shp,999999,VBD_bridges_c20160811.shp,13.807614;11.988322;9.502959;4.653294;6.975082;8.905746,97.681961;111.744194;125.481216;124.205185;110.604576;96.769409,npp_d20250910_t1804042_e1805284_b71879;npp_d20250910_t1805296_e1806538_b71879;npp_d20250910_t1806550_e1808192_b71879;npp_d20250910_t1808204_e1809446_b71879,157.614,50.3382,48.6447,98.1141,19.6175,74.9405
145,VBD_npp_d20250910_t1809141_x1040026E_y098511N_l0486_s0995_v23,2025-09-10 20:03:39,9.851066,104.002602,6.81243,2025-09-10 18:09:14,2025-09-11 01:09:14,486,995,0.349852,7,2465,0.245671,0.233595,0.84149,0.4,0.671276,0.75,0.0865232,0.0001,1.69606e-06,999999,-4.571211e-01,3,,,,SVDNB_npp_d20250910_t1808204_e1809446_b71879_c20250910193708290000_oeac_ops.h5,GDNBO_npp_d20250910_t1808204_e1809446_b71879_c20250910193435689000_oeac_ops.h5,SVI04_npp_d20250910_t1808204_e1809446_b71879_c20250910193716857000_oeac_ops.dspace_rad,,eez_v11.shp,WPP_BFAR_merge.shp,vbd_mpa_r20170830.shp,VNF-VBD_npp_20120301-20151231_global_asia-enhanced_c201607211230.bitmask,vbd_landsea_r20220824.mask,timezone.shp,VBD_platforms-recurring_2015_r20170330.shp,999999,VBD_bridges_c20160811.shp,13.807614;11.988322;9.502959;4.653294;6.975082;8.905746,97.681961;111.744194;125.481216;124.205185;110.604576;96.769409,npp_d20250910_t1804042_e1805284_b71879;npp_d20250910_t1805296_e1806538_b71879;npp_d20250910_t1806550_e1808192_b71879;npp_d20250910_t1808204_e1809446_b71879,157.634,50.4056,48.6149,97.8408,19.6249,74.8444
146,VBD_npp_d20250910_t1809141_x1040166E_y098560N_l0485_s0997_v23,2025-09-10 20:03:39,9.855985,104.016556,8.86536,2025-09-10 18:09:14,2025-09-11 01:09:14,485,997,0.349496,7,2465,0.312089,0.17472,0.84149,0.4,0.71196,0.75,0.0865324,0.0001,1.74801e-06,999999,2.774660e-02,3,,,,SVDNB_npp_d20250910_t1808204_e1809446_b71879_c20250910193708290000_oeac_ops.h5,GDNBO_npp_d20250910_t1808204_e1809446_b71879_c20250910193435689000_oeac_ops.h5,SVI04_npp_d20250910_t1808204_e1809446_b71879_c20250910193716857000_oeac_ops.dspace_rad,,eez_v11.shp,WPP_BFAR_merge.shp,vbd_mpa_r20170830.shp,VNF-VBD_npp_20120301-20151231_global_asia-enhanced_c201607211230.bitmask,vbd_landsea_r20220824.mask,timezone.shp,VBD_platforms-recurring_2015_r20170330.shp,999999,VBD_bridges_c20160811.shp,13.807614;11.988322;9.502959;4.653294;6.975082;8.905746,97.681961;111.744194;125.481216;124.205185;110.604576;96.769409,npp_d20250910_t1804042_e1805284_b71879;npp_d20250910_t1805296_e1806538_b71879;npp_d20250910_t1806550_e1808192_b71879;npp_d20250910_t1808204_e1809446_b71879,157.621,50.4201,48.5554,97.8981,19.6101,74.8501
147,VBD_npp_d20250910_t1809141_x1040080E_y097957N_l0494_s0997_v23,2025-09-10 20:03:39,9.795671,104.008003,18.0026,2025-09-10 18:09:14,2025-09-11 01:09:14,494,997,0.359312,1,2529,0.616755,0.158422,0.872355,0.4,0.8935,0.75,0.0865266,0.0001,1.71196e-06,999999,1.619702e-01,3,Vietnamese Exclusive Economic Zone,,,SVDNB_npp_d20250910_t1808204_e1809446_b71879_c20250910193708290000_oeac_ops.h5,GDNBO_npp_d20250910_t1808204_e1809446_b71879_c20250910193435689000_oeac_ops.h5,SVI04_npp_d20250910_t1808204_e1809446_b71879_c20250910193716857000_oeac_ops.dspace_rad,,eez_v11.shp,WPP_BFAR_merge.shp,vbd_mpa_r20170830.shp,VNF-VBD_npp_20120301-20151231_global_asia-enhanced_c201607211230.bitmask,vbd_landsea_r20220824.mask,timezone.shp,VBD_platforms-recurring_2015_r20170330.shp,999999,VBD_bridges_c20160811.shp,13.807614;11.988322;9.502959;4.653294;6.975082;8.905746,97.681961;111.744194;125.481216;124.205185;110.604576;96.769409,npp_d20250910_t1804042_e1805284_b71879;npp_d20250910_t1805296_e1806538_b71879;npp_d20250910_t1806550_e1808192_b71879;npp_d20250910_t1808204_e1809446_b71879,157.665,50.5187,48.557,97.4035,19.6344,74.6887
148,VBD_npp_d20250910_t1809141_x1040211E_y098417N_l0487_s0998_v23,2025-09-10 20:03:39,9.841693,104.021149,10.3145,2025-09-10 18:09:14,2025-09-11 01:09:14,487,998,0.350492,1,2529,0.390033,0.200244,0.856064,0.4,0.776255,0.75,0.0865354,0.0001,1.76449e-06,999999,-1.824597e-01,3,Vietnamese Exclusive Economic Zone,,,SVDNB_npp_d20250910_t1808204_e1809446_b71879_c20250910193708290000_oeac_ops.h5,GDNBO_npp_d20250910_t1808204_e1809446_b71879_c20250910193435689000_oeac_ops.h5,SVI04_npp_d20250910_t1808204_e1809446_b71879_c20250910193716857000_oeac_ops.dspace_rad,,eez_v11.shp,WPP_BFAR_merge.shp,vbd_mpa_r20170830.shp,VNF-VBD_npp_20120301-20151231_global_asia-enhanced_c201607211230.bitmask,vbd_landsea_r20220824.mask,timezone.shp,VBD_platforms-recurring_2015_r20170330.shp,999999,VBD_bridges_c20160811.shp,13.807614;11.988322;9.502959;4.653294;6.975082;8.905746,97.681961;111.744194;125.481216;124.205185;110.604576;96.769409,npp_d20250910_t1804042_e1805284_b71879;npp_d20250910_t1805296_e1806538_b71879;npp_d20250910_t1806550_e1808192_b71879;npp_d20250910_t1808204_e1809446_b71879,157.626,50.4547,48.5257,97.7893,19.6094,74.8081
149,VBD_npp_d20250910_t1809141_x1040210E_y097939N_l0494_s0999_v23,2025-09-10 20:03:39,9.793940,104.021011,16.405,2025-09-10 18:09:14,2025-09-11 01:09:14,494,999,0.358459,1,2529,0.57481,0.154164,0.843804,0.4,0.882577,0.75,0.0865351,0.0001,1.76032e-06,999999,1.970392e-01,3,Vietnamese Exclusive Economic Zone,,,SVDNB_npp_d20250910_t1808204_e1809446_b71879_c20250910193708290000_oeac_ops.h5,GDNBO_npp_d20250910_t1808204_e1809446_b71879_c20250910193435689000_oeac_ops.h5,SVI04_npp_d20250910_t1808204_e1809446_b71879_c20250910193716857000_oeac_ops.dspace_rad,,eez_v11.shp,WPP_BFAR_merge.shp,vbd_mpa_r20170830.shp,VNF-VBD_npp_20120301-20151231_global_asia-enhanced_c201607211230.bitmask,vbd_landsea_r20220824.mask,timezone.shp,VBD_platforms-recurring_2015_r20170330.shp,999999,VBD_bridges_c20160811.shp,13.807614;11.988322;9.502959;4.653294;6.975082;8.905746,97.681961;111.744194;125.481216;124.205185;110.604576;96.769409,npp_d20250910_t1804042_e1805284_b71879;npp_d20250910_t1805296_e1806538_b71879;npp_d20250910_t1806550_e1808192_b71879;npp_d20250910_t1808204_e1809446_b71879,157.657,50.544,48.4975,97.4054,19.6223,74.6765
150,VBD_npp_d20250910_t1809212_x1039452E_y094582N_l0546_s0999_v23,2025-09-10 20:03:39,9.458184,103.945221,46.6132,2025-09-10 18:09:21,2025-09-11 01:09:21,546,999,0.379015,1,2529,1.00806,0.173465,0.879699,0.4,0.965194,0.75,0.0865014,0.0001,1.7577e-06,999999,3.808235e-02,3,Vietnamese Exclusive Economic Zone,,,SVDNB_npp_d20250910_t1808204_e1809446_b71879_c20250910193708290000_oeac_ops.h5,GDNBO_npp_d20250910_t1808204_e1809446_b71879_c20250910193435689000_oeac_ops.h5,SVI04_npp_d20250910_t1808204_e1809446_b71879_c20250910193716857000_oeac_ops.dspace_rad,,eez_v11.shp,WPP_BFAR_merge.shp,vbd_mpa_r20170830.shp,VNF-VBD_npp_20120301-20151231_global_asia-enhanced_c201607211230.bitmask,vbd_landsea_r20220824.mask,timezone.shp,VBD_platforms-recurring_2015_r20170330.shp,999999,VBD_bridges_c20160811.shp,13.807614;11.988322;9.502959;4.653294;6.975082;8.905746,97.681961;111.744194;125.481216;124.205185;110.604576;96.769409,npp_d20250910_t1804042_e1805284_b71879;npp_d20250910_t1805296_e1806538_b71879;npp_d20250910_t1806550_e1808192_b71879;npp_d20250910_t1808204_e1809446_b71879,157.904,51.1031,48.4968,98.1082,19.7607,73.7833
151,VBD_npp_d20250910_t1809319_x1038145E_y088339N_l0642_s0999_v23,2025-09-10 20:03:39,8.833864,103.814545,8.96857,2025-09-10 18:09:31,2025-09-11 01:09:31,642,999,0.293231,2,2465,0.346337,0.239218,0.621624,0.4,0.546463,0.75,0.0863344,0.0001,1.67967e-06,999999,-5.034310e-01,3,Vietnamese Exclusive Economic Zone,,,SVDNB_npp_d20250910_t1808204_e1809446_b71879_c20250910193708290000_oeac_ops.h5,GDNBO_npp_d20250910_t1808204_e1809446_b71879_c20250910193435689000_oeac_ops.h5,SVI04_npp_d20250910_t1808204_e1809446_b71879_c20250910193716857000_oeac_ops.dspace_rad,,eez_v11.shp,WPP_BFAR_merge.shp,vbd_mpa_r20170830.shp,VNF-VBD_npp_20120301-20151231_global_asia-enhanced_c201607211230.bitmask,vbd_landsea_r20220824.mask,timezone.shp,VBD_platforms-recurring_2015_r20170330.shp,999999,VBD_bridges_c20160811.shp,13.807614;11.988322;9.502959;4.653294;6.975082;8.905746,97.681961;111.744194;125.481216;124.205185;110.604576;96.769409,npp_d20250910_t1804042_e1805284_b71879;npp_d20250910_t1805296_e1806538_b71879;npp_d20250910_t1806550_e1808192_b71879;npp_d20250910_t1808204_e1809446_b71879,158.358,52.1776,48.4956,98.1718,20.031,72.1581
152,VBD_npp_d20250910_t1809123_x1040561E_y099505N_l0470_s1000_v23,2025-09-10 20:03:39,9.950536,104.056061,11.558,2025-09-10 18:09:12,2025-09-11 01:09:12,470,1000,0.332567,2,2465,0.337141,0.168128,0.744586,0.4,0.694605,0.75,0.0865696,0.0001,1.82831e-06,999999,8.203373e-02,3,Vietnamese Exclusive Economic Zone,,,SVDNB_npp_d20250910_t1808204_e1809446_b71879_c20250910193708290000_oeac_ops.h5,GDNBO_npp_d20250910_t1808204_e1809446_b71879_c20250910193435689000_oeac_ops.h5,SVI04_npp_d20250910_t1808204_e1809446_b71879_c20250910193716857000_oeac_ops.dspace_rad,,eez_v11.shp,WPP_BFAR_merge.shp,vbd_mpa_r20170830.shp,VNF-VBD_npp_20120301-20151231_global_asia-enhanced_c201607211230.bitmask,vbd_landsea_r20220824.mask,timezone.shp,VBD_platforms-recurring_2015_r20170330.shp,999999,VBD_bridges_c20160811.shp,13.807614;11.988322;9.502959;4.653294;6.975082;8.905746,97.681961;111.744194;125.481216;124.205185;110.604576;96.769409,npp_d20250910_t1804042_e1805284_b71879;npp_d20250910_t1805296_e1806538_b71879;npp_d20250910_t1806550_e1808192_b71879;npp_d20250910_t1808204_e1809446_b71879,157.536,50.298,48.4693,97.834,19.5538,75.0939
153,VBD_npp_d20250910_t1809141_x1040349E_y097989N_l0493_s1001_v23,2025-09-10 20:03:39,9.798900,104.034927,11.7518,2025-09-10 18:09:14,2025-09-11 01:09:14,493,1001,0.354973,2,2465,0.427943,0.1562,0.843804,0.4,0.734061,0.75,0.0865444,0.0001,1.8142e-06,999999,1.802707e-01,3,Vietnamese Exclusive Economic Zone,,,SVDNB_npp_d20250910_t1808204_e1809446_b71879_c20250910193708290000_oeac_ops.h5,GDNBO_npp_d20250910_t1808204_e1809446_b71879_c20250910193435689000_oeac_ops.h5,SVI04_npp_d20250910_t1808204_e1809446_b71879_c20250910193716857000_oeac_ops.dspace_rad,,eez_v11.shp,WPP_BFAR_merge.shp,vbd_mpa_r20170830.shp,VNF-VBD_npp_20120301-20151231_global_asia-enhanced_c201607211230.bitmask,vbd_landsea_r20220824.mask,timezone.shp,VBD_platforms-recurring_2015_r20170330.shp,999999,VBD_bridges_c20160811.shp,13.807614;11.988322;9.502959;4.653294;6.975082;8.905746,97.681961;111.744194;125.481216;124.205185;110.604576;96.769409,npp_d20250910_t1804042_e1805284_b71879;npp_d20250910_t1805296_e1806538_b71879;npp_d20250910_t1806550_e1808192_b71879;npp_d20250910_t1808204_e1809446_b71879,157.643,50.5582,48.4377,97.4623,19.6076,74.6822
154,VBD_npp_d20250910_t1809141_x1040479E_y097972N_l0493_s1003_v23,2025-09-10 20:03:39,9.797170,104.047852,9.98974,2025-09-10 18:09:14,2025-09-11 01:09:14,493,1003,0.354973,8,18913,0.37046,0.161559,0.789701,0.4,0.756326,0.75,0.086553,0.0001,1.86509e-06,999999,1.361363e-01,3,Vietnamese Exclusive Economic Zone,,,SVDNB_npp_d20250910_t1808204_e1809446_b71879_c20250910193708290000_oeac_ops.h5,GDNBO_npp_d20250910_t1808204_e1809446_b71879_c20250910193435689000_oeac_ops.h5,SVI04_npp_d20250910_t1808204_e1809446_b71879_c20250910193716857000_oeac_ops.dspace_rad,,eez_v11.shp,WPP_BFAR_merge.shp,vbd_mpa_r20170830.shp,VNF-VBD_npp_20120301-20151231_global_asia-enhanced_c201607211230.bitmask,vbd_landsea_r20220824.mask,timezone.shp,VBD_platforms-recurring_2015_r20170330.shp,0.392998,VBD_bridges_c20160811.shp,13.807614;11.988322;9.502959;4.653294;6.975082;8.905746,97.681961;111.744194;125.481216;124.205185;110.604576;96.769409,npp_d20250910_t1804042_e1805284_b71879;npp_d20250910_t1805296_e1806538_b71879;npp_d20250910_t1806550_e1808192_b71879;npp_d20250910_t1808204_e1809446_b71879,157.634,50.5833,48.3783,97.4642,19.5955,74.67
155,VBD_npp_d20250910_t1809123_x1040789E_y098793N_l0480_s1005_v23,2025-09-10 20:03:39,9.879335,104.078926,6.61402,2025-09-10 18:09:12,2025-09-11 01:09:12,480,1005,0.347433,8,18849,0.258195,0.194137,0.69485,0.4,0.673496,0.75,0.0865714,0.0001,1.91483e-06,999999,-1.321650e-01,3,Vietnamese Exclusive Economic Zone,,,SVDNB_npp_d20250910_t1808204_e1809446_b71879_c20250910193708290000_oeac_ops.h5,GDNBO_npp_d20250910_t1808204_e1809446_b71879_c20250910193435689000_oeac_ops.h5,SVI04_npp_d20250910_t1808204_e1809446_b71879_c20250910193716857000_oeac_ops.dspace_rad,,eez_v11.shp,WPP_BFAR_merge.shp,vbd_mpa_r20170830.shp,VNF-VBD_npp_20120301-20151231_global_asia-enhanced_c201607211230.bitmask,vbd_landsea_r20220824.mask,timezone.shp,VBD_platforms-recurring_2015_r20170330.shp,0.445295,VBD_bridges_c20160811.shp,13.807614;11.988322;9.502959;4.653294;6.975082;8.905746,97.681961;111.744194;125.481216;124.205185;110.604576;96.769409,npp_d20250910_t1804042_e1805284_b71879;npp_d20250910_t1805296_e1806538_b71879;npp_d20250910_t1806550_e1808192_b71879;npp_d20250910_t1808204_e1809446_b71879,157.564,50.4695,48.323,97.2882,19.5504,74.8839
156,VBD_npp_d20250910_t1809141_x1040617E_y098021N_l0492_s1005_v23,2025-09-10 20:03:39,9.802118,104.061707,10.3516,2025-09-10 18:09:14,2025-09-11 01:09:14,492,1005,0.354617,1,2529,0.394046,0.170778,0.789701,0.4,0.795255,0.75,0.0865622,0.0001,1.92178e-06,999999,6.021351e-02,3,Vietnamese Exclusive Economic Zone,,,SVDNB_npp_d20250910_t1808204_e1809446_b71879_c20250910193708290000_oeac_ops.h5,GDNBO_npp_d20250910_t1808204_e1809446_b71879_c20250910193435689000_oeac_ops.h5,SVI04_npp_d20250910_t1808204_e1809446_b71879_c20250910193716857000_oeac_ops.dspace_rad,,eez_v11.shp,WPP_BFAR_merge.shp,vbd_mpa_r20170830.shp,VNF-VBD_npp_20120301-20151231_global_asia-enhanced_c201607211230.bitmask,vbd_landsea_r20220824.mask,timezone.shp,VBD_platforms-recurring_2015_r20170330.shp,999999,VBD_bridges_c20160811.shp,13.807614;11.988322;9.502959;4.653294;6.975082;8.905746,97.681961;111.744194;125.481216;124.205185;110.604576;96.769409,npp_d20250910_t1804042_e1805284_b71879;npp_d20250910_t1805296_e1806538_b71879;npp_d20250910_t1806550_e1808192_b71879;npp_d20250910_t1808204_e1809446_b71879,157.62,50.5975,48.3186,97.5212,19.5808,74.6757
157,VBD_npp_d20250910_t1809176_x1040177E_y095873N_l0525_s1005_v23,2025-09-10 20:03:39,9.587322,104.017685,28.8061,2025-09-10 18:09:17,2025-09-11 01:09:17,525,1005,0.346011,1,2529,0.816451,0.199481,0.885236,0.4,0.937196,0.75,0.0865407,0.0001,1.89103e-06,999999,-1.761692e-01,3,Vietnamese Exclusive Economic Zone,,,SVDNB_npp_d20250910_t1808204_e1809446_b71879_c20250910193708290000_oeac_ops.h5,GDNBO_npp_d20250910_t1808204_e1809446_b71879_c20250910193435689000_oeac_ops.h5,SVI04_npp_d20250910_t1808204_e1809446_b71879_c20250910193716857000_oeac_ops.dspace_rad,,eez_v11.shp,WPP_BFAR_merge.shp,vbd_mpa_r20170830.shp,VNF-VBD_npp_20120301-20151231_global_asia-enhanced_c201607211230.bitmask,vbd_landsea_r20220824.mask,timezone.shp,VBD_platforms-recurring_2015_r20170330.shp,999999,VBD_bridges_c20160811.shp,13.807614;11.988322;9.502959;4.653294;6.975082;8.905746,97.681961;111.744194;125.481216;124.205185;110.604576;96.769409,npp_d20250910_t1804042_e1805284_b71879;npp_d20250910_t1805296_e1806538_b71879;npp_d20250910_t1806550_e1808192_b71879;npp_d20250910_t1808204_e1809446_b71879,157.779,50.9539,48.3169,97.4875,19.6683,74.1014
158,VBD_npp_d20250910_t1809141_x1040785E_y098747N_l0481_s1006_v23,2025-09-10 20:03:39,9.874666,104.078529,5.53594,2025-09-10 18:09:14,2025-09-11 01:09:14,481,1006,0.350136,8,18593,0.189136,0.177164,0.69485,0.4,0.5596,0.75,0.0865737,0.0001,1.99751e-06,999999,7.619817e-03,3,Vietnamese Exclusive Economic Zone,,,SVDNB_npp_d20250910_t1808204_e1809446_b71879_c20250910193708290000_oeac_ops.h5,GDNBO_npp_d20250910_t1808204_e1809446_b71879_c20250910193435689000_oeac_ops.h5,SVI04_npp_d20250910_t1808204_e1809446_b71879_c20250910193716857000_oeac_ops.dspace_rad,,eez_v11.shp,WPP_BFAR_merge.shp,vbd_mpa_r20170830.shp,VNF-VBD_npp_20120301-20151231_global_asia-enhanced_c201607211230.bitmask,vbd_landsea_r20220824.mask,timezone.shp,VBD_platforms-recurring_2015_r20170330.shp,0.96623,VBD_bridges_c20160811.shp,13.807614;11.988322;9.502959;4.653294;6.975082;8.905746,97.681961;111.744194;125.481216;124.205185;110.604576;96.769409,npp_d20250910_t1804042_e1805284_b71879;npp_d20250910_t1805296_e1806538_b71879;npp_d20250910_t1806550_e1808192_b71879;npp_d20250910_t1808204_e1809446_b71879,157.562,50.4901,48.288,98.1292,19.5452,74.8667
159,VBD_npp_d20250910_t1809176_x1040408E_y096114N_l0521_s1008_v23,2025-09-10 20:03:39,9.611395,104.040794,31.6343,2025-09-10 18:09:17,2025-09-11 01:09:17,521,1008,0.354333,1,2529,0.86329,0.170592,0.884604,0.4,0.943148,0.75,0.0865561,0.0001,1.98963e-06,999999,6.174238e-02,3,Vietnamese Exclusive Economic Zone,,,SVDNB_npp_d20250910_t1808204_e1809446_b71879_c20250910193708290000_oeac_ops.h5,GDNBO_npp_d20250910_t1808204_e1809446_b71879_c20250910193435689000_oeac_ops.h5,SVI04_npp_d20250910_t1808204_e1809446_b71879_c20250910193716857000_oeac_ops.dspace_rad,,eez_v11.shp,WPP_BFAR_merge.shp,vbd_mpa_r20170830.shp,VNF-VBD_npp_20120301-20151231_global_asia-enhanced_c201607211230.bitmask,vbd_landsea_r20220824.mask,timezone.shp,VBD_platforms-recurring_2015_r20170330.shp,999999,VBD_bridges_c20160811.shp,13.807614;11.988322;9.502959;4.653294;6.975082;8.905746,97.681961;111.744194;125.481216;124.205185;110.604576;96.769409,npp_d20250910_t1804042_e1805284_b71879;npp_d20250910_t1805296_e1806538_b71879;npp_d20250910_t1806550_e1808192_b71879;npp_d20250910_t1808204_e1809446_b71879,157.746,50.9472,48.2268,97.7112,19.6393,74.1535
160,VBD_npp_d20250910_t1809123_x1041177E_y099146N_l0474_s1010_v23,2025-09-10 20:03:39,9.914586,104.117706,9.15549,2025-09-10 18:09:12,2025-09-11 01:09:12,474,1010,0.347647,2,2465,0.342767,0.204289,0.626554,0.4,0.699401,0.75,0.0866047,0.0001,2.0835e-06,999999,-2.157726e-01,3,Vietnamese Exclusive Economic Zone,,,SVDNB_npp_d20250910_t1808204_e1809446_b71879_c20250910193708290000_oeac_ops.h5,GDNBO_npp_d20250910_t1808204_e1809446_b71879_c20250910193435689000_oeac_ops.h5,SVI04_npp_d20250910_t1808204_e1809446_b71879_c20250910193716857000_oeac_ops.dspace_rad,,eez_v11.shp,WPP_BFAR_merge.shp,vbd_mpa_r20170830.shp,VNF-VBD_npp_20120301-20151231_global_asia-enhanced_c201607211230.bitmask,vbd_landsea_r20220824.mask,timezone.shp,VBD_platforms-recurring_2015_r20170330.shp,999999,VBD_bridges_c20160811.shp,13.807614;11.988322;9.502959;4.653294;6.975082;8.905746,97.681961;111.744194;125.481216;124.205185;110.604576;96.769409,npp_d20250910_t1804042_e1805284_b71879;npp_d20250910_t1805296_e1806538_b71879;npp_d20250910_t1806550_e1808192_b71879;npp_d20250910_t1808204_e1809446_b71879,157.512,50.4692,48.1683,97.6217,19.5036,74.9597
161,VBD_npp_d20250910_t1809123_x1041238E_y099068N_l0475_s1011_v23,2025-09-10 20:03:39,9.906754,104.123779,9.63484,2025-09-10 18:09:12,2025-09-11 01:09:12,475,1011,0.344375,2,2465,0.264547,0.216845,0.579206,0.4,0.667241,0.75,0.086607,0.0001,2.11006e-06,999999,-3.191753e-01,3,Vietnamese Exclusive Economic Zone,,,SVDNB_npp_d20250910_t1808204_e1809446_b71879_c20250910193708290000_oeac_ops.h5,GDNBO_npp_d20250910_t1808204_e1809446_b71879_c20250910193435689000_oeac_ops.h5,SVI04_npp_d20250910_t1808204_e1809446_b71879_c20250910193716857000_oeac_ops.dspace_rad,,eez_v11.shp,WPP_BFAR_merge.shp,vbd_mpa_r20170830.shp,VNF-VBD_npp_20120301-20151231_global_asia-enhanced_c201607211230.bitmask,vbd_landsea_r20220824.mask,timezone.shp,VBD_platforms-recurring_2015_r20170330.shp,999999,VBD_bridges_c20160811.shp,13.807614;11.988322;9.502959;4.653294;6.975082;8.905746,97.681961;111.744194;125.481216;124.205185;110.604576;96.769409,npp_d20250910_t1804042_e1805284_b71879;npp_d20250910_t1805296_e1806538_b71879;npp_d20250910_t1806550_e1808192_b71879;npp_d20250910_t1808204_e1809446_b71879,157.512,50.494,48.1359,97.5656,19.4998,74.9346
162,VBD_npp_d20250910_t1809158_x1040760E_y096642N_l0512_s1011_v23,2025-09-10 20:03:39,9.664162,104.076050,15.9183,2025-09-10 18:09:15,2025-09-11 01:09:15,512,1011,0.356253,1,2529,0.615853,0.167721,0.852883,0.4,0.890964,0.75,0.0865749,0.0001,2.0576e-06,999999,8.538638e-02,3,Vietnamese Exclusive Economic Zone,,,SVDNB_npp_d20250910_t1808204_e1809446_b71879_c20250910193708290000_oeac_ops.h5,GDNBO_npp_d20250910_t1808204_e1809446_b71879_c20250910193435689000_oeac_ops.h5,SVI04_npp_d20250910_t1808204_e1809446_b71879_c20250910193716857000_oeac_ops.dspace_rad,,eez_v11.shp,WPP_BFAR_merge.shp,vbd_mpa_r20170830.shp,VNF-VBD_npp_20120301-20151231_global_asia-enhanced_c201607211230.bitmask,vbd_landsea_r20220824.mask,timezone.shp,VBD_platforms-recurring_2015_r20170330.shp,999999,VBD_bridges_c20160811.shp,13.807614;11.988322;9.502959;4.653294;6.975082;8.905746,97.681961;111.744194;125.481216;124.205185;110.604576;96.769409,npp_d20250910_t1804042_e1805284_b71879;npp_d20250910_t1805296_e1806538_b71879;npp_d20250910_t1806550_e1808192_b71879;npp_d20250910_t1808204_e1809446_b71879,157.691,50.8941,48.1345,97.3009,19.5976,74.2822
163,VBD_npp_d20250910_t1809176_x1040764E_y096625N_l0513_s1012_v23,2025-09-10 20:03:39,9.662496,104.076431,35.8589,2025-09-10 18:09:17,2025-09-11 01:09:17,513,1012,0.356253,1,2529,0.864942,0.164341,0.852883,0.4,0.926228,0.75,0.0865785,0.0001,2.15189e-06,999999,1.132267e-01,3,Vietnamese Exclusive Economic Zone,,,SVDNB_npp_d20250910_t1808204_e1809446_b71879_c20250910193708290000_oeac_ops.h5,GDNBO_npp_d20250910_t1808204_e1809446_b71879_c20250910193435689000_oeac_ops.h5,SVI04_npp_d20250910_t1808204_e1809446_b71879_c20250910193716857000_oeac_ops.dspace_rad,,eez_v11.shp,WPP_BFAR_merge.shp,vbd_mpa_r20170830.shp,VNF-VBD_npp_20120301-20151231_global_asia-enhanced_c201607211230.bitmask,vbd_landsea_r20220824.mask,timezone.shp,VBD_platforms-recurring_2015_r20170330.shp,999999,VBD_bridges_c20160811.shp,13.807614;11.988322;9.502959;4.653294;6.975082;8.905746,97.681961;111.744194;125.481216;124.205185;110.604576;96.769409,npp_d20250910_t1804042_e1805284_b71879;npp_d20250910_t1805296_e1806538_b71879;npp_d20250910_t1806550_e1808192_b71879;npp_d20250910_t1808204_e1809446_b71879,157.686,50.9104,48.0976,98.1723,19.5908,74.2727
164,VBD_npp_d20250910_t1809319_x1039236E_y087359N_l0654_s1017_v23,2025-09-10 20:03:39,8.735923,103.923630,16.1463,2025-09-10 18:09:31,2025-09-11 01:09:31,654,1017,0.342098,1,2529,0.600199,0.208243,0.789009,0.4,0.887585,0.75,0.0863838,0.0001,2.10978e-06,999999,-2.483329e-01,3,Vietnamese Exclusive Economic Zone,,,SVDNB_npp_d20250910_t1808204_e1809446_b71879_c20250910193708290000_oeac_ops.h5,GDNBO_npp_d20250910_t1808204_e1809446_b71879_c20250910193435689000_oeac_ops.h5,SVI04_npp_d20250910_t1808204_e1809446_b71879_c20250910193716857000_oeac_ops.dspace_rad,,eez_v11.shp,WPP_BFAR_merge.shp,vbd_mpa_r20170830.shp,VNF-VBD_npp_20120301-20151231_global_asia-enhanced_c201607211230.bitmask,vbd_landsea_r20220824.mask,timezone.shp,VBD_platforms-recurring_2015_r20170330.shp,999999,VBD_bridges_c20160811.shp,13.807614;11.988322;9.502959;4.653294;6.975082;8.905746,97.681961;111.744194;125.481216;124.205185;110.604576;96.769409,npp_d20250910_t1804042_e1805284_b71879;npp_d20250910_t1805296_e1806538_b71879;npp_d20250910_t1806550_e1808192_b71879;npp_d20250910_t1808204_e1809446_b71879,158.333,52.5554,47.9378,97.5167,19.9576,71.8206
165,VBD_npp_d20250910_t1809158_x1041490E_y096754N_l0509_s1021_v23,2025-09-10 20:03:39,9.675395,104.149033,26.9701,2025-09-10 18:09:15,2025-09-11 01:09:15,509,1021,0.35035,1,2529,0.756593,0.165438,0.860659,0.4,0.909323,0.75,0.0866197,0.0001,2.40595e-06,999999,1.041932e-01,3,Vietnamese Exclusive Economic Zone,,,SVDNB_npp_d20250910_t1808204_e1809446_b71879_c20250910193708290000_oeac_ops.h5,GDNBO_npp_d20250910_t1808204_e1809446_b71879_c20250910193435689000_oeac_ops.h5,SVI04_npp_d20250910_t1808204_e1809446_b71879_c20250910193716857000_oeac_ops.dspace_rad,,eez_v11.shp,WPP_BFAR_merge.shp,vbd_mpa_r20170830.shp,VNF-VBD_npp_20120301-20151231_global_asia-enhanced_c201607211230.bitmask,vbd_landsea_r20220824.mask,timezone.shp,VBD_platforms-recurring_2015_r20170330.shp,999999,VBD_bridges_c20160811.shp,13.807614;11.988322;9.502959;4.653294;6.975082;8.905746,97.681961;111.744194;125.481216;124.205185;110.604576;96.769409,npp_d20250910_t1804042_e1805284_b71879;npp_d20250910_t1805296_e1806538_b71879;npp_d20250910_t1806550_e1808192_b71879;npp_d20250910_t1808204_e1809446_b71879,157.628,50.9954,47.8076,97.4825,19.5241,74.2695
166,VBD_npp_d20250910_t1809212_x1041092E_y093948N_l0552_s1024_v23,2025-09-10 20:03:39,9.394817,104.109215,9.01513,2025-09-10 18:09:21,2025-09-11 01:09:21,552,1024,0.344019,1,2529,0.33595,0.17061,0.844948,0.4,0.753593,0.75,0.0866041,0.0001,2.48985e-06,999999,6.159944e-02,3,Vietnamese Exclusive Economic Zone,,,SVDNB_npp_d20250910_t1808204_e1809446_b71879_c20250910193708290000_oeac_ops.h5,GDNBO_npp_d20250910_t1808204_e1809446_b71879_c20250910193435689000_oeac_ops.h5,SVI04_npp_d20250910_t1808204_e1809446_b71879_c20250910193716857000_oeac_ops.dspace_rad,,eez_v11.shp,WPP_BFAR_merge.shp,vbd_mpa_r20170830.shp,VNF-VBD_npp_20120301-20151231_global_asia-enhanced_c201607211230.bitmask,vbd_landsea_r20220824.mask,timezone.shp,VBD_platforms-recurring_2015_r20170330.shp,999999,VBD_bridges_c20160811.shp,13.807614;11.988322;9.502959;4.653294;6.975082;8.905746,97.681961;111.744194;125.481216;124.205185;110.604576;96.769409,npp_d20250910_t1804042_e1805284_b71879;npp_d20250910_t1805296_e1806538_b71879;npp_d20250910_t1806550_e1808192_b71879;npp_d20250910_t1808204_e1809446_b71879,157.817,51.5001,47.7096,97.8062,19.621,73.5074
167,VBD_npp_d20250910_t1809212_x1041053E_y093675N_l0556_s1024_v23,2025-09-10 20:03:39,9.367476,104.105309,10.6217,2025-09-10 18:09:21,2025-09-11 01:09:21,556,1024,0.331286,1,2529,0.406972,0.193478,0.851585,0.4,0.759491,0.75,0.0866014,0.0001,2.46528e-06,999999,-1.267393e-01,3,Vietnamese Exclusive Economic Zone,,,SVDNB_npp_d20250910_t1808204_e1809446_b71879_c20250910193708290000_oeac_ops.h5,GDNBO_npp_d20250910_t1808204_e1809446_b71879_c20250910193435689000_oeac_ops.h5,SVI04_npp_d20250910_t1808204_e1809446_b71879_c20250910193716857000_oeac_ops.dspace_rad,,eez_v11.shp,WPP_BFAR_merge.shp,vbd_mpa_r20170830.shp,VNF-VBD_npp_20120301-20151231_global_asia-enhanced_c201607211230.bitmask,vbd_landsea_r20220824.mask,timezone.shp,VBD_platforms-recurring_2015_r20170330.shp,999999,VBD_bridges_c20160811.shp,13.807614;11.988322;9.502959;4.653294;6.975082;8.905746,97.681961;111.744194;125.481216;124.205185;110.604576;96.769409,npp_d20250910_t1804042_e1805284_b71879;npp_d20250910_t1805296_e1806538_b71879;npp_d20250910_t1806550_e1808192_b71879;npp_d20250910_t1808204_e1809446_b71879,157.837,51.5461,47.7104,97.576,19.6327,73.435
168,VBD_npp_d20250910_t1809212_x1041171E_y094007N_l0551_s1025_v23,2025-09-10 20:03:39,9.400694,104.117119,16.3208,2025-09-10 18:09:21,2025-09-11 01:09:21,551,1025,0.337902,1,2529,0.537162,0.168966,0.844948,0.4,0.844114,0.75,0.086609,0.0001,2.53295e-06,999999,7.513212e-02,3,Vietnamese Exclusive Economic Zone,,,SVDNB_npp_d20250910_t1808204_e1809446_b71879_c20250910193708290000_oeac_ops.h5,GDNBO_npp_d20250910_t1808204_e1809446_b71879_c20250910193435689000_oeac_ops.h5,SVI04_npp_d20250910_t1808204_e1809446_b71879_c20250910193716857000_oeac_ops.dspace_rad,,eez_v11.shp,WPP_BFAR_merge.shp,vbd_mpa_r20170830.shp,VNF-VBD_npp_20120301-20151231_global_asia-enhanced_c201607211230.bitmask,vbd_landsea_r20220824.mask,timezone.shp,VBD_platforms-recurring_2015_r20170330.shp,999999,VBD_bridges_c20160811.shp,13.807614;11.988322;9.502959;4.653294;6.975082;8.905746,97.681961;111.744194;125.481216;124.205185;110.604576;96.769409,npp_d20250910_t1804042_e1805284_b71879;npp_d20250910_t1805296_e1806538_b71879;npp_d20250910_t1806550_e1808192_b71879;npp_d20250910_t1808204_e1809446_b71879,157.808,51.5021,47.6769,97.8649,19.6117,73.5184
169,VBD_npp_d20250910_t1809212_x1041291E_y093364N_l0560_s1028_v23,2025-09-10 20:03:39,9.336438,104.129066,20.7387,2025-09-10 18:09:21,2025-09-11 01:09:21,560,1028,0.345584,1,2529,0.574484,0.168713,0.849222,0.4,0.769454,0.75,0.0866158,0.0001,2.58805e-06,999999,7.721539e-02,3,Vietnamese Exclusive Economic Zone,,,SVDNB_npp_d20250910_t1808204_e1809446_b71879_c20250910193708290000_oeac_ops.h5,GDNBO_npp_d20250910_t1808204_e1809446_b71879_c20250910193435689000_oeac_ops.h5,SVI04_npp_d20250910_t1808204_e1809446_b71879_c20250910193716857000_oeac_ops.dspace_rad,,eez_v11.shp,WPP_BFAR_merge.shp,vbd_mpa_r20170830.shp,VNF-VBD_npp_20120301-20151231_global_asia-enhanced_c201607211230.bitmask,vbd_landsea_r20220824.mask,timezone.shp,VBD_platforms-recurring_2015_r20170330.shp,999999,VBD_bridges_c20160811.shp,13.807614;11.988322;9.502959;4.653294;6.975082;8.905746,97.681961;111.744194;125.481216;124.205185;110.604576;96.769409,npp_d20250910_t1804042_e1805284_b71879;npp_d20250910_t1805296_e1806538_b71879;npp_d20250910_t1806550_e1808192_b71879;npp_d20250910_t1808204_e1809446_b71879,157.838,51.6455,47.5818,97.3492,19.6189,73.3347
170,VBD_npp_d20250910_t1809230_x1041287E_y093335N_l0561_s1029_v23,2025-09-10 20:03:39,9.333475,104.128716,19.9436,2025-09-10 18:09:23,2025-09-11 01:09:23,561,1029,0.345584,1,2529,0.559584,0.167253,0.849222,0.4,0.843027,0.75,0.0866194,0.0001,2.70499e-06,999999,8.924130e-02,3,Vietnamese Exclusive Economic Zone,,,SVDNB_npp_d20250910_t1808204_e1809446_b71879_c20250910193708290000_oeac_ops.h5,GDNBO_npp_d20250910_t1808204_e1809446_b71879_c20250910193435689000_oeac_ops.h5,SVI04_npp_d20250910_t1808204_e1809446_b71879_c20250910193716857000_oeac_ops.dspace_rad,,eez_v11.shp,WPP_BFAR_merge.shp,vbd_mpa_r20170830.shp,VNF-VBD_npp_20120301-20151231_global_asia-enhanced_c201607211230.bitmask,vbd_landsea_r20220824.mask,timezone.shp,VBD_platforms-recurring_2015_r20170330.shp,999999,VBD_bridges_c20160811.shp,13.807614;11.988322;9.502959;4.653294;6.975082;8.905746,97.681961;111.744194;125.481216;124.205185;110.604576;96.769409,npp_d20250910_t1804042_e1805284_b71879;npp_d20250910_t1805296_e1806538_b71879;npp_d20250910_t1806550_e1808192_b71879;npp_d20250910_t1808204_e1809446_b71879,157.835,51.6629,47.5469,98.2239,19.6132,73.3218
171,VBD_npp_d20250910_t1809212_x1041673E_y094076N_l0549_s1032_v23,2025-09-10 20:03:39,9.407640,104.167336,9.40699,2025-09-10 18:09:21,2025-09-11 01:09:21,549,1032,0.343877,7,2465,0.321138,0.185954,0.851578,0.4,0.747626,0.75,0.0866402,0.0001,2.81915e-06,999999,-6.476740e-02,3,,,,SVDNB_npp_d20250910_t1808204_e1809446_b71879_c20250910193708290000_oeac_ops.h5,GDNBO_npp_d20250910_t1808204_e1809446_b71879_c20250910193435689000_oeac_ops.h5,SVI04_npp_d20250910_t1808204_e1809446_b71879_c20250910193716857000_oeac_ops.dspace_rad,,eez_v11.shp,WPP_BFAR_merge.shp,vbd_mpa_r20170830.shp,VNF-VBD_npp_20120301-20151231_global_asia-enhanced_c201607211230.bitmask,vbd_landsea_r20220824.mask,timezone.shp,VBD_platforms-recurring_2015_r20170330.shp,999999,VBD_bridges_c20160811.shp,13.807614;11.988322;9.502959;4.653294;6.975082;8.905746,97.681961;111.744194;125.481216;124.205185;110.604576;96.769409,npp_d20250910_t1804042_e1805284_b71879;npp_d20250910_t1805296_e1806538_b71879;npp_d20250910_t1806550_e1808192_b71879;npp_d20250910_t1808204_e1809446_b71879,157.764,51.5724,47.4494,97.9884,19.5614,73.5054
172,VBD_npp_d20250910_t1809212_x1041654E_y093940N_l0551_s1032_v23,2025-09-10 20:03:39,9.394023,104.165398,15.0935,2025-09-10 18:09:21,2025-09-11 01:09:21,551,1032,0.328939,1,2529,0.530259,0.174841,0.860404,0.4,0.864095,0.75,0.0866388,0.0001,2.80559e-06,999999,2.675056e-02,3,Vietnamese Exclusive Economic Zone,,,SVDNB_npp_d20250910_t1808204_e1809446_b71879_c20250910193708290000_oeac_ops.h5,GDNBO_npp_d20250910_t1808204_e1809446_b71879_c20250910193435689000_oeac_ops.h5,SVI04_npp_d20250910_t1808204_e1809446_b71879_c20250910193716857000_oeac_ops.dspace_rad,,eez_v11.shp,WPP_BFAR_merge.shp,vbd_mpa_r20170830.shp,VNF-VBD_npp_20120301-20151231_global_asia-enhanced_c201607211230.bitmask,vbd_landsea_r20220824.mask,timezone.shp,VBD_platforms-recurring_2015_r20170330.shp,999999,VBD_bridges_c20160811.shp,13.807614;11.988322;9.502959;4.653294;6.975082;8.905746,97.681961;111.744194;125.481216;124.205185;110.604576;96.769409,npp_d20250910_t1804042_e1805284_b71879;npp_d20250910_t1805296_e1806538_b71879;npp_d20250910_t1806550_e1808192_b71879;npp_d20250910_t1808204_e1809446_b71879,157.774,51.5953,47.4495,97.8728,19.5672,73.4693
173,VBD_npp_d20250910_t1809212_x1041596E_y093532N_l0557_s1032_v23,2025-09-10 20:03:39,9.353174,104.159554,15.008,2025-09-10 18:09:21,2025-09-11 01:09:21,557,1032,0.318341,1,2529,0.499557,0.16742,0.874779,0.4,0.844234,0.75,0.0866348,0.0001,2.76443e-06,999999,8.786383e-02,3,Vietnamese Exclusive Economic Zone,,,SVDNB_npp_d20250910_t1808204_e1809446_b71879_c20250910193708290000_oeac_ops.h5,GDNBO_npp_d20250910_t1808204_e1809446_b71879_c20250910193435689000_oeac_ops.h5,SVI04_npp_d20250910_t1808204_e1809446_b71879_c20250910193716857000_oeac_ops.dspace_rad,,eez_v11.shp,WPP_BFAR_merge.shp,vbd_mpa_r20170830.shp,VNF-VBD_npp_20120301-20151231_global_asia-enhanced_c201607211230.bitmask,vbd_landsea_r20220824.mask,timezone.shp,VBD_platforms-recurring_2015_r20170330.shp,999999,VBD_bridges_c20160811.shp,13.807614;11.988322;9.502959;4.653294;6.975082;8.905746,97.681961;111.744194;125.481216;124.205185;110.604576;96.769409,npp_d20250910_t1804042_e1805284_b71879;npp_d20250910_t1805296_e1806538_b71879;npp_d20250910_t1806550_e1808192_b71879;npp_d20250910_t1808204_e1809446_b71879,157.804,51.664,47.4508,97.526,19.5847,73.3609
174,VBD_npp_d20250910_t1809105_x1043129E_y100301N_l0453_s1034_v23,2025-09-10 20:03:39,10.030131,104.312874,5.03838,2025-09-10 18:09:10,2025-09-11 01:09:10,453,1034,0.34473,2,2209,0.176875,0.158898,0.579552,0.4,0.565927,0.75,0.0867494,0.0001,3.03089e-06,999999,1.580535e-01,3,Vietnamese Exclusive Economic Zone,,,SVDNB_npp_d20250910_t1808204_e1809446_b71879_c20250910193708290000_oeac_ops.h5,GDNBO_npp_d20250910_t1808204_e1809446_b71879_c20250910193435689000_oeac_ops.h5,SVI04_npp_d20250910_t1808204_e1809446_b71879_c20250910193716857000_oeac_ops.dspace_rad,,eez_v11.shp,WPP_BFAR_merge.shp,vbd_mpa_r20170830.shp,VNF-VBD_npp_20120301-20151231_global_asia-enhanced_c201607211230.bitmask,vbd_landsea_r20220824.mask,timezone.shp,VBD_platforms-recurring_2015_r20170330.shp,999999,VBD_bridges_c20160811.shp,13.807614;11.988322;9.502959;4.653294;6.975082;8.905746,97.681961;111.744194;125.481216;124.205185;110.604576;96.769409,npp_d20250910_t1804042_e1805284_b71879;npp_d20250910_t1805296_e1806538_b71879;npp_d20250910_t1806550_e1808192_b71879;npp_d20250910_t1808204_e1809446_b71879,157.296,50.5699,47.3799,97.9301,19.2914,75.1776
175,VBD_npp_d20250910_t1809194_x1041997E_y094823N_l0537_s1034_v23,2025-09-10 20:03:39,9.482285,104.199684,24.8687,2025-09-10 18:09:19,2025-09-11 01:09:19,537,1034,0.311939,1,2529,0.587794,0.196138,0.802349,0.4,0.850091,0.75,0.0866567,0.0001,2.8991e-06,999999,-1.486448e-01,3,Vietnamese Exclusive Economic Zone,,,SVDNB_npp_d20250910_t1808204_e1809446_b71879_c20250910193708290000_oeac_ops.h5,GDNBO_npp_d20250910_t1808204_e1809446_b71879_c20250910193435689000_oeac_ops.h5,SVI04_npp_d20250910_t1808204_e1809446_b71879_c20250910193716857000_oeac_ops.dspace_rad,,eez_v11.shp,WPP_BFAR_merge.shp,vbd_mpa_r20170830.shp,VNF-VBD_npp_20120301-20151231_global_asia-enhanced_c201607211230.bitmask,vbd_landsea_r20220824.mask,timezone.shp,VBD_platforms-recurring_2015_r20170330.shp,999999,VBD_bridges_c20160811.shp,13.807614;11.988322;9.502959;4.653294;6.975082;8.905746,97.681961;111.744194;125.481216;124.205185;110.604576;96.769409,npp_d20250910_t1804042_e1805284_b71879;npp_d20250910_t1805296_e1806538_b71879;npp_d20250910_t1806550_e1808192_b71879;npp_d20250910_t1808204_e1809446_b71879,157.699,51.4712,47.3816,97.7473,19.5157,73.6954
176,VBD_npp_d20250910_t1809194_x1041929E_y094347N_l0544_s1034_v23,2025-09-10 20:03:39,9.434677,104.192871,22.4395,2025-09-10 18:09:19,2025-09-11 01:09:19,544,1034,0.316064,1,2529,0.568514,0.209981,0.842464,0.4,0.833778,0.75,0.086652,0.0001,2.84961e-06,999999,-2.626477e-01,3,Vietnamese Exclusive Economic Zone,,,SVDNB_npp_d20250910_t1808204_e1809446_b71879_c20250910193708290000_oeac_ops.h5,GDNBO_npp_d20250910_t1808204_e1809446_b71879_c20250910193435689000_oeac_ops.h5,SVI04_npp_d20250910_t1808204_e1809446_b71879_c20250910193716857000_oeac_ops.dspace_rad,,eez_v11.shp,WPP_BFAR_merge.shp,vbd_mpa_r20170830.shp,VNF-VBD_npp_20120301-20151231_global_asia-enhanced_c201607211230.bitmask,vbd_landsea_r20220824.mask,timezone.shp,VBD_platforms-recurring_2015_r20170330.shp,999999,VBD_bridges_c20160811.shp,13.807614;11.988322;9.502959;4.653294;6.975082;8.905746,97.681961;111.744194;125.481216;124.205185;110.604576;96.769409,npp_d20250910_t1804042_e1805284_b71879;npp_d20250910_t1805296_e1806538_b71879;npp_d20250910_t1806550_e1808192_b71879;npp_d20250910_t1808204_e1809446_b71879,157.734,51.5508,47.3837,97.3423,19.5359,73.5685
177,VBD_npp_d20250910_t1809212_x1041820E_y094125N_l0548_s1034_v23,2025-09-10 20:03:39,9.412530,104.182030,25.6402,2025-09-10 18:09:21,2025-09-11 01:09:21,548,1034,0.329793,1,2529,0.673953,0.188242,0.851578,0.4,0.892239,0.75,0.0866494,0.0001,2.90905e-06,999999,-8.361592e-02,3,Vietnamese Exclusive Economic Zone,,,SVDNB_npp_d20250910_t1808204_e1809446_b71879_c20250910193708290000_oeac_ops.h5,GDNBO_npp_d20250910_t1808204_e1809446_b71879_c20250910193435689000_oeac_ops.h5,SVI04_npp_d20250910_t1808204_e1809446_b71879_c20250910193716857000_oeac_ops.dspace_rad,,eez_v11.shp,WPP_BFAR_merge.shp,vbd_mpa_r20170830.shp,VNF-VBD_npp_20120301-20151231_global_asia-enhanced_c201607211230.bitmask,vbd_landsea_r20220824.mask,timezone.shp,VBD_platforms-recurring_2015_r20170330.shp,999999,VBD_bridges_c20160811.shp,13.807614;11.988322;9.502959;4.653294;6.975082;8.905746,97.681961;111.744194;125.481216;124.205185;110.604576;96.769409,npp_d20250910_t1804042_e1805284_b71879;npp_d20250910_t1805296_e1806538_b71879;npp_d20250910_t1806550_e1808192_b71879;npp_d20250910_t1808204_e1809446_b71879,157.75,51.5875,47.3845,98.0486,19.5459,73.5095
178,VBD_npp_d20250910_t1809247_x1041389E_y092043N_l0580_s1034_v23,2025-09-10 20:03:39,9.204282,104.138870,12.369,2025-09-10 18:09:24,2025-09-11 01:09:24,580,1034,0.287754,1,2529,0.420296,0.209581,0.659418,0.4,0.799878,0.75,0.0866232,0.0001,2.87061e-06,999999,-2.593499e-01,3,Vietnamese Exclusive Economic Zone,,,SVDNB_npp_d20250910_t1808204_e1809446_b71879_c20250910193708290000_oeac_ops.h5,GDNBO_npp_d20250910_t1808204_e1809446_b71879_c20250910193435689000_oeac_ops.h5,SVI04_npp_d20250910_t1808204_e1809446_b71879_c20250910193716857000_oeac_ops.dspace_rad,,eez_v11.shp,WPP_BFAR_merge.shp,vbd_mpa_r20170830.shp,VNF-VBD_npp_20120301-20151231_global_asia-enhanced_c201607211230.bitmask,vbd_landsea_r20220824.mask,timezone.shp,VBD_platforms-recurring_2015_r20170330.shp,999999,VBD_bridges_c20160811.shp,13.807614;11.988322;9.502959;4.653294;6.975082;8.905746,97.681961;111.744194;125.481216;124.205185;110.604576;96.769409,npp_d20250910_t1804042_e1805284_b71879;npp_d20250910_t1805296_e1806538_b71879;npp_d20250910_t1806550_e1808192_b71879;npp_d20250910_t1808204_e1809446_b71879,157.901,51.9418,47.3817,98.0691,19.6347,72.9568
179,VBD_npp_d20250910_t1809194_x1042046E_y094677N_l0539_s1035_v23,2025-09-10 20:03:39,9.467749,104.204597,23.32,2025-09-10 18:09:19,2025-09-11 01:09:19,539,1035,0.301838,1,2529,0.539558,0.200599,0.820657,0.4,0.80716,0.75,0.0866596,0.0001,2.92709e-06,999999,-1.853779e-01,3,Vietnamese Exclusive Economic Zone,,,SVDNB_npp_d20250910_t1808204_e1809446_b71879_c20250910193708290000_oeac_ops.h5,GDNBO_npp_d20250910_t1808204_e1809446_b71879_c20250910193435689000_oeac_ops.h5,SVI04_npp_d20250910_t1808204_e1809446_b71879_c20250910193716857000_oeac_ops.dspace_rad,,eez_v11.shp,WPP_BFAR_merge.shp,vbd_mpa_r20170830.shp,VNF-VBD_npp_20120301-20151231_global_asia-enhanced_c201607211230.bitmask,vbd_landsea_r20220824.mask,timezone.shp,VBD_platforms-recurring_2015_r20170330.shp,999999,VBD_bridges_c20160811.shp,13.807614;11.988322;9.502959;4.653294;6.975082;8.905746,97.681961;111.744194;125.481216;124.205185;110.604576;96.769409,npp_d20250910_t1804042_e1805284_b71879;npp_d20250910_t1805296_e1806538_b71879;npp_d20250910_t1806550_e1808192_b71879;npp_d20250910_t1808204_e1809446_b71879,157.704,51.5071,47.3496,97.6326,19.5152,73.6522
180,VBD_npp_d20250910_t1809212_x1041918E_y094320N_l0545_s1035_v23,2025-09-10 20:03:39,9.431968,104.191780,31.8783,2025-09-10 18:09:21,2025-09-11 01:09:21,545,1035,0.316064,1,2529,0.704811,0.202866,0.831059,0.4,0.888573,0.75,0.0866556,0.0001,2.97237e-06,999999,-2.040513e-01,3,Vietnamese Exclusive Economic Zone,,,SVDNB_npp_d20250910_t1808204_e1809446_b71879_c20250910193708290000_oeac_ops.h5,GDNBO_npp_d20250910_t1808204_e1809446_b71879_c20250910193435689000_oeac_ops.h5,SVI04_npp_d20250910_t1808204_e1809446_b71879_c20250910193716857000_oeac_ops.dspace_rad,,eez_v11.shp,WPP_BFAR_merge.shp,vbd_mpa_r20170830.shp,VNF-VBD_npp_20120301-20151231_global_asia-enhanced_c201607211230.bitmask,vbd_landsea_r20220824.mask,timezone.shp,VBD_platforms-recurring_2015_r20170330.shp,999999,VBD_bridges_c20160811.shp,13.807614;11.988322;9.502959;4.653294;6.975082;8.905746,97.681961;111.744194;125.481216;124.205185;110.604576;96.769409,npp_d20250910_t1804042_e1805284_b71879;npp_d20250910_t1805296_e1806538_b71879;npp_d20250910_t1806550_e1808192_b71879;npp_d20250910_t1808204_e1809446_b71879,157.73,51.5665,47.3522,98.2235,19.5309,73.5568
181,VBD_npp_d20250910_t1809212_x1041870E_y093980N_l0550_s1035_v23,2025-09-10 20:03:39,9.397975,104.186951,11.5596,2025-09-10 18:09:21,2025-09-11 01:09:21,550,1035,0.331215,1,2529,0.403421,0.176796,0.835337,0.4,0.756765,0.75,0.0866523,0.0001,2.93734e-06,999999,1.065344e-02,3,Vietnamese Exclusive Economic Zone,,,SVDNB_npp_d20250910_t1808204_e1809446_b71879_c20250910193708290000_oeac_ops.h5,GDNBO_npp_d20250910_t1808204_e1809446_b71879_c20250910193435689000_oeac_ops.h5,SVI04_npp_d20250910_t1808204_e1809446_b71879_c20250910193716857000_oeac_ops.dspace_rad,,eez_v11.shp,WPP_BFAR_merge.shp,vbd_mpa_r20170830.shp,VNF-VBD_npp_20120301-20151231_global_asia-enhanced_c201607211230.bitmask,vbd_landsea_r20220824.mask,timezone.shp,VBD_platforms-recurring_2015_r20170330.shp,999999,VBD_bridges_c20160811.shp,13.807614;11.988322;9.502959;4.653294;6.975082;8.905746,97.681961;111.744194;125.481216;124.205185;110.604576;96.769409,npp_d20250910_t1804042_e1805284_b71879;npp_d20250910_t1805296_e1806538_b71879;npp_d20250910_t1806550_e1808192_b71879;npp_d20250910_t1808204_e1809446_b71879,157.755,51.6235,47.3521,97.934,19.5454,73.4663
182,VBD_npp_d20250910_t1809212_x1041792E_y093436N_l0558_s1035_v23,2025-09-10 20:03:39,9.343589,104.179169,28.5572,2025-09-10 18:09:21,2025-09-11 01:09:21,558,1035,0.343165,1,2529,0.704537,0.175854,0.855247,0.4,0.879777,0.75,0.0866469,0.0001,2.88016e-06,999999,1.840556e-02,3,Vietnamese Exclusive Economic Zone,,,SVDNB_npp_d20250910_t1808204_e1809446_b71879_c20250910193708290000_oeac_ops.h5,GDNBO_npp_d20250910_t1808204_e1809446_b71879_c20250910193435689000_oeac_ops.h5,SVI04_npp_d20250910_t1808204_e1809446_b71879_c20250910193716857000_oeac_ops.dspace_rad,,eez_v11.shp,WPP_BFAR_merge.shp,vbd_mpa_r20170830.shp,VNF-VBD_npp_20120301-20151231_global_asia-enhanced_c201607211230.bitmask,vbd_landsea_r20220824.mask,timezone.shp,VBD_platforms-recurring_2015_r20170330.shp,999999,VBD_bridges_c20160811.shp,13.807614;11.988322;9.502959;4.653294;6.975082;8.905746,97.681961;111.744194;125.481216;124.205185;110.604576;96.769409,npp_d20250910_t1804042_e1805284_b71879;npp_d20250910_t1805296_e1806538_b71879;npp_d20250910_t1806550_e1808192_b71879;npp_d20250910_t1808204_e1809446_b71879,157.795,51.715,47.3538,97.4709,19.5686,73.3219
183,VBD_npp_d20250910_t1809105_x1043276E_y100350N_l0452_s1036_v23,2025-09-10 20:03:39,10.035032,104.327560,8.59838,2025-09-10 18:09:10,2025-09-11 01:09:10,452,1036,0.345797,2,2465,0.308202,0.166204,0.661256,0.4,0.733467,0.75,0.0867599,0.0001,3.12632e-06,999999,9.787785e-02,3,Vietnamese Exclusive Economic Zone,,,SVDNB_npp_d20250910_t1808204_e1809446_b71879_c20250910193708290000_oeac_ops.h5,GDNBO_npp_d20250910_t1808204_e1809446_b71879_c20250910193435689000_oeac_ops.h5,SVI04_npp_d20250910_t1808204_e1809446_b71879_c20250910193716857000_oeac_ops.dspace_rad,,eez_v11.shp,WPP_BFAR_merge.shp,vbd_mpa_r20170830.shp,VNF-VBD_npp_20120301-20151231_global_asia-enhanced_c201607211230.bitmask,vbd_landsea_r20220824.mask,timezone.shp,VBD_platforms-recurring_2015_r20170330.shp,999999,VBD_bridges_c20160811.shp,13.807614;11.988322;9.502959;4.653294;6.975082;8.905746,97.681961;111.744194;125.481216;124.205185;110.604576;96.769409,npp_d20250910_t1804042_e1805284_b71879;npp_d20250910_t1805296_e1806538_b71879;npp_d20250910_t1806550_e1808192_b71879;npp_d20250910_t1808204_e1809446_b71879,157.282,50.5854,47.315,97.9906,19.2759,75.1832
184,VBD_npp_d20250910_t1809194_x1042105E_y094600N_l0540_s1036_v23,2025-09-10 20:03:39,9.460021,104.210472,24.127,2025-09-10 18:09:19,2025-09-11 01:09:19,540,1036,0.280783,2,2465,0.445952,0.197952,0.820657,0.4,0.733095,0.75,0.0866632,0.0001,2.96243e-06,999999,-1.635821e-01,3,Vietnamese Exclusive Economic Zone,,,SVDNB_npp_d20250910_t1808204_e1809446_b71879_c20250910193708290000_oeac_ops.h5,GDNBO_npp_d20250910_t1808204_e1809446_b71879_c20250910193435689000_oeac_ops.h5,SVI04_npp_d20250910_t1808204_e1809446_b71879_c20250910193716857000_oeac_ops.dspace_rad,,eez_v11.shp,WPP_BFAR_merge.shp,vbd_mpa_r20170830.shp,VNF-VBD_npp_20120301-20151231_global_asia-enhanced_c201607211230.bitmask,vbd_landsea_r20220824.mask,timezone.shp,VBD_platforms-recurring_2015_r20170330.shp,999999,VBD_bridges_c20160811.shp,13.807614;11.988322;9.502959;4.653294;6.975082;8.905746,97.681961;111.744194;125.481216;124.205185;110.604576;96.769409,npp_d20250910_t1804042_e1805284_b71879;npp_d20250910_t1805296_e1806538_b71879;npp_d20250910_t1806550_e1808192_b71879;npp_d20250910_t1808204_e1809446_b71879,157.704,51.5316,47.3174,97.5757,19.5117,73.6271
185,VBD_npp_d20250910_t1809212_x1041889E_y093630N_l0555_s1036_v23,2025-09-10 20:03:39,9.363049,104.188934,7.7835,2025-09-10 18:09:21,2025-09-11 01:09:21,555,1036,0.33214,7,2465,0.258756,0.153135,0.855247,0.4,0.644571,0.75,0.0866532,0.0001,2.944e-06,999999,2.055096e-01,3,,,,SVDNB_npp_d20250910_t1808204_e1809446_b71879_c20250910193708290000_oeac_ops.h5,GDNBO_npp_d20250910_t1808204_e1809446_b71879_c20250910193435689000_oeac_ops.h5,SVI04_npp_d20250910_t1808204_e1809446_b71879_c20250910193716857000_oeac_ops.dspace_rad,,eez_v11.shp,WPP_BFAR_merge.shp,vbd_mpa_r20170830.shp,VNF-VBD_npp_20120301-20151231_global_asia-enhanced_c201607211230.bitmask,vbd_landsea_r20220824.mask,timezone.shp,VBD_platforms-recurring_2015_r20170330.shp,999999,VBD_bridges_c20160811.shp,13.807614;11.988322;9.502959;4.653294;6.975082;8.905746,97.681961;111.744194;125.481216;124.205185;110.604576;96.769409,npp_d20250910_t1804042_e1805284_b71879;npp_d20250910_t1805296_e1806538_b71879;npp_d20250910_t1806550_e1808192_b71879;npp_d20250910_t1808204_e1809446_b71879,157.775,51.6938,47.3204,97.6456,19.5536,73.369
186,VBD_npp_d20250910_t1809105_x1043306E_y100069N_l0456_s1037_v23,2025-09-10 20:03:39,10.006917,104.330559,7.41819,2025-09-10 18:09:10,2025-09-11 01:09:10,456,1037,0.351274,2,2465,0.261785,0.170003,0.635689,0.4,0.64487,0.75,0.0867563,0.0001,3.14369e-06,999999,6.659552e-02,3,Vietnamese Exclusive Economic Zone,,,SVDNB_npp_d20250910_t1808204_e1809446_b71879_c20250910193708290000_oeac_ops.h5,GDNBO_npp_d20250910_t1808204_e1809446_b71879_c20250910193435689000_oeac_ops.h5,SVI04_npp_d20250910_t1808204_e1809446_b71879_c20250910193716857000_oeac_ops.dspace_rad,,eez_v11.shp,WPP_BFAR_merge.shp,vbd_mpa_r20170830.shp,VNF-VBD_npp_20120301-20151231_global_asia-enhanced_c201607211230.bitmask,vbd_landsea_r20220824.mask,timezone.shp,VBD_platforms-recurring_2015_r20170330.shp,999999,VBD_bridges_c20160811.shp,13.807614;11.988322;9.502959;4.653294;6.975082;8.905746,97.681961;111.744194;125.481216;124.205185;110.604576;96.769409,npp_d20250910_t1804042_e1805284_b71879;npp_d20250910_t1805296_e1806538_b71879;npp_d20250910_t1806550_e1808192_b71879;npp_d20250910_t1808204_e1809446_b71879,157.297,50.6423,47.2828,97.76,19.2803,75.1024
187,VBD_npp_d20250910_t1809105_x1043364E_y099992N_l0457_s1038_v23,2025-09-10 20:03:39,9.999194,104.336433,7.53424,2025-09-10 18:09:10,2025-09-11 01:09:10,457,1038,0.353622,2,2465,0.25679,0.16281,0.635689,0.4,0.647764,0.75,0.0867587,0.0001,3.18201e-06,999999,1.258322e-01,3,Vietnamese Exclusive Economic Zone,,,SVDNB_npp_d20250910_t1808204_e1809446_b71879_c20250910193708290000_oeac_ops.h5,GDNBO_npp_d20250910_t1808204_e1809446_b71879_c20250910193435689000_oeac_ops.h5,SVI04_npp_d20250910_t1808204_e1809446_b71879_c20250910193716857000_oeac_ops.dspace_rad,,eez_v11.shp,WPP_BFAR_merge.shp,vbd_mpa_r20170830.shp,VNF-VBD_npp_20120301-20151231_global_asia-enhanced_c201607211230.bitmask,vbd_landsea_r20220824.mask,timezone.shp,VBD_platforms-recurring_2015_r20170330.shp,999999,VBD_bridges_c20160811.shp,13.807614;11.988322;9.502959;4.653294;6.975082;8.905746,97.681961;111.744194;125.481216;124.205185;110.604576;96.769409,npp_d20250910_t1804042_e1805284_b71879;npp_d20250910_t1805296_e1806538_b71879;npp_d20250910_t1806550_e1808192_b71879;npp_d20250910_t1808204_e1809446_b71879,157.298,50.6663,47.2505,97.7031,19.2767,75.0773
188,VBD_npp_d20250910_t1809194_x1042232E_y094514N_l0541_s1038_v23,2025-09-10 20:03:39,9.451378,104.223175,49.0596,2025-09-10 18:09:19,2025-09-11 01:09:19,541,1038,0.292733,1,2529,0.678569,0.171278,0.820657,0.4,0.848194,0.75,0.0866711,0.0001,3.04158e-06,999999,5.609847e-02,3,Vietnamese Exclusive Economic Zone,,,SVDNB_npp_d20250910_t1808204_e1809446_b71879_c20250910193708290000_oeac_ops.h5,GDNBO_npp_d20250910_t1808204_e1809446_b71879_c20250910193435689000_oeac_ops.h5,SVI04_npp_d20250910_t1808204_e1809446_b71879_c20250910193716857000_oeac_ops.dspace_rad,,eez_v11.shp,WPP_BFAR_merge.shp,vbd_mpa_r20170830.shp,VNF-VBD_npp_20120301-20151231_global_asia-enhanced_c201607211230.bitmask,vbd_landsea_r20220824.mask,timezone.shp,VBD_platforms-recurring_2015_r20170330.shp,999999,VBD_bridges_c20160811.shp,13.807614;11.988322;9.502959;4.653294;6.975082;8.905746,97.681961;111.744194;125.481216;124.205185;110.604576;96.769409,npp_d20250910_t1804042_e1805284_b71879;npp_d20250910_t1805296_e1806538_b71879;npp_d20250910_t1806550_e1808192_b71879;npp_d20250910_t1808204_e1809446_b71879,157.7,51.5692,47.2529,97.5196,19.502,73.5952
189,VBD_npp_d20250910_t1809194_x1042203E_y094310N_l0544_s1038_v23,2025-09-10 20:03:39,9.431015,104.220253,66.9744,2025-09-10 18:09:19,2025-09-11 01:09:19,544,1038,0.286332,1,2529,0.661286,0.171705,0.831059,0.4,0.867595,0.75,0.0866691,0.0001,3.01905e-06,999999,5.257765e-02,3,Vietnamese Exclusive Economic Zone,,,SVDNB_npp_d20250910_t1808204_e1809446_b71879_c20250910193708290000_oeac_ops.h5,GDNBO_npp_d20250910_t1808204_e1809446_b71879_c20250910193435689000_oeac_ops.h5,SVI04_npp_d20250910_t1808204_e1809446_b71879_c20250910193716857000_oeac_ops.dspace_rad,,eez_v11.shp,WPP_BFAR_merge.shp,vbd_mpa_r20170830.shp,VNF-VBD_npp_20120301-20151231_global_asia-enhanced_c201607211230.bitmask,vbd_landsea_r20220824.mask,timezone.shp,VBD_platforms-recurring_2015_r20170330.shp,999999,VBD_bridges_c20160811.shp,13.807614;11.988322;9.502959;4.653294;6.975082;8.905746,97.681961;111.744194;125.481216;124.205185;110.604576;96.769409,npp_d20250910_t1804042_e1805284_b71879;npp_d20250910_t1805296_e1806538_b71879;npp_d20250910_t1806550_e1808192_b71879;npp_d20250910_t1808204_e1809446_b71879,157.715,51.6032,47.254,97.3457,19.5106,73.5409
190,VBD_npp_d20250910_t1809230_x1041817E_y092636N_l0570_s1038_v23,2025-09-10 20:03:39,9.263645,104.181717,7.36786,2025-09-10 18:09:23,2025-09-11 01:09:23,570,1038,0.328086,2,2465,0.266936,0.215295,0.776996,0.4,0.700487,0.75,0.0866517,0.0001,3.01526e-06,999999,-3.064142e-01,3,Vietnamese Exclusive Economic Zone,,,SVDNB_npp_d20250910_t1808204_e1809446_b71879_c20250910193708290000_oeac_ops.h5,GDNBO_npp_d20250910_t1808204_e1809446_b71879_c20250910193435689000_oeac_ops.h5,SVI04_npp_d20250910_t1808204_e1809446_b71879_c20250910193716857000_oeac_ops.dspace_rad,,eez_v11.shp,WPP_BFAR_merge.shp,vbd_mpa_r20170830.shp,VNF-VBD_npp_20120301-20151231_global_asia-enhanced_c201607211230.bitmask,vbd_landsea_r20220824.mask,timezone.shp,VBD_platforms-recurring_2015_r20170330.shp,999999,VBD_bridges_c20160811.shp,13.807614;11.988322;9.502959;4.653294;6.975082;8.905746,97.681961;111.744194;125.481216;124.205185;110.604576;96.769409,npp_d20250910_t1804042_e1805284_b71879;npp_d20250910_t1805296_e1806538_b71879;npp_d20250910_t1806550_e1808192_b71879;npp_d20250910_t1808204_e1809446_b71879,157.837,51.8856,47.2551,97.7138,19.5828,73.0959
191,VBD_npp_d20250910_t1809247_x1041545E_y091190N_l0592_s1038_v23,2025-09-10 20:03:39,9.118992,104.154541,22.2158,2025-09-10 18:09:24,2025-09-11 01:09:24,592,1038,0.375174,1,2529,0.706705,0.169902,0.812737,0.4,0.92158,0.75,0.0866131,0.0001,2.95086e-06,999999,6.742566e-02,3,Vietnamese Exclusive Economic Zone,,,SVDNB_npp_d20250910_t1808204_e1809446_b71879_c20250910193708290000_oeac_ops.h5,GDNBO_npp_d20250910_t1808204_e1809446_b71879_c20250910193435689000_oeac_ops.h5,SVI04_npp_d20250910_t1808204_e1809446_b71879_c20250910193716857000_oeac_ops.dspace_rad,,eez_v11.shp,WPP_BFAR_merge.shp,vbd_mpa_r20170830.shp,VNF-VBD_npp_20120301-20151231_global_asia-enhanced_c201607211230.bitmask,vbd_landsea_r20220824.mask,timezone.shp,VBD_platforms-recurring_2015_r20170330.shp,999999,VBD_bridges_c20160811.shp,13.807614;11.988322;9.502959;4.653294;6.975082;8.905746,97.681961;111.744194;125.481216;124.205185;110.604576;96.769409,npp_d20250910_t1804042_e1805284_b71879;npp_d20250910_t1805296_e1806538_b71879;npp_d20250910_t1806550_e1808192_b71879;npp_d20250910_t1808204_e1809446_b71879,157.941,52.1335,47.2545,97.3781,19.6453,72.7136
192,VBD_npp_d20250910_t1809212_x1042191E_y094281N_l0545_s1039_v23,2025-09-10 20:03:39,9.428107,104.219101,57.8786,2025-09-10 18:09:21,2025-09-11 01:09:21,545,1039,0.286332,1,2529,0.737162,0.167093,0.790345,0.4,0.882114,0.75,0.0866727,0.0001,3.14854e-06,999999,9.056118e-02,3,Vietnamese Exclusive Economic Zone,,,SVDNB_npp_d20250910_t1808204_e1809446_b71879_c20250910193708290000_oeac_ops.h5,GDNBO_npp_d20250910_t1808204_e1809446_b71879_c20250910193435689000_oeac_ops.h5,SVI04_npp_d20250910_t1808204_e1809446_b71879_c20250910193716857000_oeac_ops.dspace_rad,,eez_v11.shp,WPP_BFAR_merge.shp,vbd_mpa_r20170830.shp,VNF-VBD_npp_20120301-20151231_global_asia-enhanced_c201607211230.bitmask,vbd_landsea_r20220824.mask,timezone.shp,VBD_platforms-recurring_2015_r20170330.shp,999999,VBD_bridges_c20160811.shp,13.807614;11.988322;9.502959;4.653294;6.975082;8.905746,97.681961;111.744194;125.481216;124.205185;110.604576;96.769409,npp_d20250910_t1804042_e1805284_b71879;npp_d20250910_t1805296_e1806538_b71879;npp_d20250910_t1806550_e1808192_b71879;npp_d20250910_t1808204_e1809446_b71879,157.712,51.6192,47.2225,98.2287,19.5057,73.5287
193,VBD_npp_d20250910_t1809194_x1042368E_y094495N_l0541_s1040_v23,2025-09-10 20:03:39,9.449532,104.236824,26.7853,2025-09-10 18:09:19,2025-09-11 01:09:19,541,1040,0.272817,2,2465,0.319303,0.147693,0.778351,0.4,0.510641,0.75,0.0866797,0.0001,3.13025e-06,999999,2.503317e-01,3,Vietnamese Exclusive Economic Zone,,,SVDNB_npp_d20250910_t1808204_e1809446_b71879_c20250910193708290000_oeac_ops.h5,GDNBO_npp_d20250910_t1808204_e1809446_b71879_c20250910193435689000_oeac_ops.h5,SVI04_npp_d20250910_t1808204_e1809446_b71879_c20250910193716857000_oeac_ops.dspace_rad,,eez_v11.shp,WPP_BFAR_merge.shp,vbd_mpa_r20170830.shp,VNF-VBD_npp_20120301-20151231_global_asia-enhanced_c201607211230.bitmask,vbd_landsea_r20220824.mask,timezone.shp,VBD_platforms-recurring_2015_r20170330.shp,999999,VBD_bridges_c20160811.shp,13.807614;11.988322;9.502959;4.653294;6.975082;8.905746,97.681961;111.744194;125.481216;124.205185;110.604576;96.769409,npp_d20250910_t1804042_e1805284_b71879;npp_d20250910_t1805296_e1806538_b71879;npp_d20250910_t1806550_e1808192_b71879;npp_d20250910_t1808204_e1809446_b71879,157.69,51.5953,47.188,97.5215,19.4894,73.5814
194,VBD_npp_d20250910_t1809230_x1041982E_y092821N_l0567_s1040_v23,2025-09-10 20:03:39,9.282122,104.198250,9.9817,2025-09-10 18:09:23,2025-09-11 01:09:23,567,1040,0.314855,2,2465,0.297434,0.245661,0.832282,0.4,0.638045,0.75,0.0866622,0.0001,3.12616e-06,999999,-5.564894e-01,3,Vietnamese Exclusive Economic Zone,,,SVDNB_npp_d20250910_t1808204_e1809446_b71879_c20250910193708290000_oeac_ops.h5,GDNBO_npp_d20250910_t1808204_e1809446_b71879_c20250910193435689000_oeac_ops.h5,SVI04_npp_d20250910_t1808204_e1809446_b71879_c20250910193716857000_oeac_ops.dspace_rad,,eez_v11.shp,WPP_BFAR_merge.shp,vbd_mpa_r20170830.shp,VNF-VBD_npp_20120301-20151231_global_asia-enhanced_c201607211230.bitmask,vbd_landsea_r20220824.mask,timezone.shp,VBD_platforms-recurring_2015_r20170330.shp,999999,VBD_bridges_c20160811.shp,13.807614;11.988322;9.502959;4.653294;6.975082;8.905746,97.681961;111.744194;125.481216;124.205185;110.604576;96.769409,npp_d20250910_t1804042_e1805284_b71879;npp_d20250910_t1805296_e1806538_b71879;npp_d20250910_t1806550_e1808192_b71879;npp_d20250910_t1808204_e1809446_b71879,157.813,51.8773,47.1899,97.8899,19.5615,73.1356
195,VBD_npp_d20250910_t1809247_x1041750E_y091162N_l0592_s1041_v23,2025-09-10 20:03:39,9.116241,104.174988,5.16556,2025-09-10 18:09:24,2025-09-11 01:09:24,592,1041,0.351345,7,2209,0.17696,0.15174,0.83462,0.4,0.588208,0.75,0.0866259,0.0001,3.08105e-06,999999,2.170037e-01,3,,,,SVDNB_npp_d20250910_t1808204_e1809446_b71879_c20250910193708290000_oeac_ops.h5,GDNBO_npp_d20250910_t1808204_e1809446_b71879_c20250910193435689000_oeac_ops.h5,SVI04_npp_d20250910_t1808204_e1809446_b71879_c20250910193716857000_oeac_ops.dspace_rad,,eez_v11.shp,WPP_BFAR_merge.shp,vbd_mpa_r20170830.shp,VNF-VBD_npp_20120301-20151231_global_asia-enhanced_c201607211230.bitmask,vbd_landsea_r20220824.mask,timezone.shp,VBD_platforms-recurring_2015_r20170330.shp,999999,VBD_bridges_c20160811.shp,13.807614;11.988322;9.502959;4.653294;6.975082;8.905746,97.681961;111.744194;125.481216;124.205185;110.604576;96.769409,npp_d20250910_t1804042_e1805284_b71879;npp_d20250910_t1805296_e1806538_b71879;npp_d20250910_t1806550_e1808192_b71879;npp_d20250910_t1808204_e1809446_b71879,157.927,52.1727,47.1572,97.3805,19.6265,72.6922
196,VBD_npp_d20250910_t1809265_x1041658E_y091000N_l0595_s1041_v23,2025-09-10 20:03:39,9.100039,104.165817,6.80627,2025-09-10 18:09:26,2025-09-11 01:09:26,595,1041,0.294512,7,2465,0.260364,0.158854,0.78161,0.4,0.657932,0.75,0.0866191,0.0001,3.16034e-06,999999,1.584112e-01,3,,,,SVDNB_npp_d20250910_t1808204_e1809446_b71879_c20250910193708290000_oeac_ops.h5,GDNBO_npp_d20250910_t1808204_e1809446_b71879_c20250910193435689000_oeac_ops.h5,SVI04_npp_d20250910_t1808204_e1809446_b71879_c20250910193716857000_oeac_ops.dspace_rad,,eez_v11.shp,WPP_BFAR_merge.shp,vbd_mpa_r20170830.shp,VNF-VBD_npp_20120301-20151231_global_asia-enhanced_c201607211230.bitmask,vbd_landsea_r20220824.mask,timezone.shp,VBD_platforms-recurring_2015_r20170330.shp,999999,VBD_bridges_c20160811.shp,13.807614;11.988322;9.502959;4.653294;6.975082;8.905746,97.681961;111.744194;125.481216;124.205185;110.604576;96.769409,npp_d20250910_t1804042_e1805284_b71879;npp_d20250910_t1805296_e1806538_b71879;npp_d20250910_t1806550_e1808192_b71879;npp_d20250910_t1808204_e1809446_b71879,157.938,52.2013,47.1541,98.1439,19.6334,72.6491
197,VBD_npp_d20250910_t1809230_x1042157E_y093073N_l0563_s1042_v23,2025-09-10 20:03:39,9.307337,104.215714,9.20208,2025-09-10 18:09:23,2025-09-11 01:09:23,563,1042,0.341529,1,2529,0.336891,0.210039,0.83058,0.4,0.758405,0.75,0.0866734,0.0001,3.24816e-06,999999,-2.631260e-01,3,Vietnamese Exclusive Economic Zone,,,SVDNB_npp_d20250910_t1808204_e1809446_b71879_c20250910193708290000_oeac_ops.h5,GDNBO_npp_d20250910_t1808204_e1809446_b71879_c20250910193435689000_oeac_ops.h5,SVI04_npp_d20250910_t1808204_e1809446_b71879_c20250910193716857000_oeac_ops.dspace_rad,,eez_v11.shp,WPP_BFAR_merge.shp,vbd_mpa_r20170830.shp,VNF-VBD_npp_20120301-20151231_global_asia-enhanced_c201607211230.bitmask,vbd_landsea_r20220824.mask,timezone.shp,VBD_platforms-recurring_2015_r20170330.shp,999999,VBD_bridges_c20160811.shp,13.807614;11.988322;9.502959;4.653294;6.975082;8.905746,97.681961;111.744194;125.481216;124.205185;110.604576;96.769409,npp_d20250910_t1804042_e1805284_b71879;npp_d20250910_t1805296_e1806538_b71879;npp_d20250910_t1806550_e1808192_b71879;npp_d20250910_t1808204_e1809446_b71879,157.783,51.8576,47.125,98.1245,19.5373,73.1933
198,VBD_npp_d20250910_t1809123_x1043511E_y099175N_l0469_s1043_v23,2025-09-10 20:03:39,9.917457,104.351143,12.6658,2025-09-10 18:09:12,2025-09-11 01:09:12,469,1043,0.347504,2,2465,0.315863,0.237089,0.593849,0.4,0.518567,0.75,0.0867565,0.0001,3.41497e-06,999999,-4.858970e-01,3,Vietnamese Exclusive Economic Zone,,,SVDNB_npp_d20250910_t1808204_e1809446_b71879_c20250910193708290000_oeac_ops.h5,GDNBO_npp_d20250910_t1808204_e1809446_b71879_c20250910193435689000_oeac_ops.h5,SVI04_npp_d20250910_t1808204_e1809446_b71879_c20250910193716857000_oeac_ops.dspace_rad,,eez_v11.shp,WPP_BFAR_merge.shp,vbd_mpa_r20170830.shp,VNF-VBD_npp_20120301-20151231_global_asia-enhanced_c201607211230.bitmask,vbd_landsea_r20220824.mask,timezone.shp,VBD_platforms-recurring_2015_r20170330.shp,999999,VBD_bridges_c20160811.shp,13.807614;11.988322;9.502959;4.653294;6.975082;8.905746,97.681961;111.744194;125.481216;124.205185;110.604576;96.769409,npp_d20250910_t1804042_e1805284_b71879;npp_d20250910_t1805296_e1806538_b71879;npp_d20250910_t1806550_e1808192_b71879;npp_d20250910_t1808204_e1809446_b71879,157.332,50.8546,47.0948,97.9488,19.2771,74.8345
199,VBD_npp_d20250910_t1809212_x1042415E_y093421N_l0557_s1044_v23,2025-09-10 20:03:39,9.342075,104.241478,11.1014,2025-09-10 18:09:21,2025-09-11 01:09:21,557,1044,0.321968,2,2465,0.335652,0.197405,0.774163,0.4,0.745508,0.75,0.086686,0.0001,3.28576e-06,999999,-1.590764e-01,3,Vietnamese Exclusive Economic Zone,,,SVDNB_npp_d20250910_t1808204_e1809446_b71879_c20250910193708290000_oeac_ops.h5,GDNBO_npp_d20250910_t1808204_e1809446_b71879_c20250910193435689000_oeac_ops.h5,SVI04_npp_d20250910_t1808204_e1809446_b71879_c20250910193716857000_oeac_ops.dspace_rad,,eez_v11.shp,WPP_BFAR_merge.shp,vbd_mpa_r20170830.shp,VNF-VBD_npp_20120301-20151231_global_asia-enhanced_c201607211230.bitmask,vbd_landsea_r20220824.mask,timezone.shp,VBD_platforms-recurring_2015_r20170330.shp,999999,VBD_bridges_c20160811.shp,13.807614;11.988322;9.502959;4.653294;6.975082;8.905746,97.681961;111.744194;125.481216;124.205185;110.604576;96.769409,npp_d20250910_t1804042_e1805284_b71879;npp_d20250910_t1805296_e1806538_b71879;npp_d20250910_t1806550_e1808192_b71879;npp_d20250910_t1808204_e1809446_b71879,157.748,51.8212,47.0618,97.5372,19.5092,73.2771
200,VBD_npp_d20250910_t1809247_x1042012E_y091541N_l0586_s1044_v23,2025-09-10 20:03:39,9.154110,104.201187,7.99575,2025-09-10 18:09:24,2025-09-11 01:09:24,586,1044,0.264352,2,2465,0.302587,0.20299,0.841592,0.4,0.721446,0.75,0.0866522,0.0001,3.26562e-06,999999,-2.050721e-01,3,Vietnamese Exclusive Economic Zone,,,SVDNB_npp_d20250910_t1808204_e1809446_b71879_c20250910193708290000_oeac_ops.h5,GDNBO_npp_d20250910_t1808204_e1809446_b71879_c20250910193435689000_oeac_ops.h5,SVI04_npp_d20250910_t1808204_e1809446_b71879_c20250910193716857000_oeac_ops.dspace_rad,,eez_v11.shp,WPP_BFAR_merge.shp,vbd_mpa_r20170830.shp,VNF-VBD_npp_20120301-20151231_global_asia-enhanced_c201607211230.bitmask,vbd_landsea_r20220824.mask,timezone.shp,VBD_platforms-recurring_2015_r20170330.shp,999999,VBD_bridges_c20160811.shp,13.807614;11.988322;9.502959;4.653294;6.975082;8.905746,97.681961;111.744194;125.481216;124.205185;110.604576;96.769409,npp_d20250910_t1804042_e1805284_b71879;npp_d20250910_t1805296_e1806538_b71879;npp_d20250910_t1806550_e1808192_b71879;npp_d20250910_t1808204_e1809446_b71879,157.883,52.1423,47.0582,97.732,19.59,72.7779
201,VBD_npp_d20250910_t1809230_x1042312E_y092706N_l0568_s1045_v23,2025-09-10 20:03:39,9.270646,104.231239,24.5206,2025-09-10 18:09:23,2025-09-11 01:09:23,568,1045,0.340676,1,2529,0.613462,0.189874,0.8442,0.4,0.857008,0.75,0.0866828,0.0001,3.34955e-06,999999,-9.705203e-02,3,Vietnamese Exclusive Economic Zone,,,SVDNB_npp_d20250910_t1808204_e1809446_b71879_c20250910193708290000_oeac_ops.h5,GDNBO_npp_d20250910_t1808204_e1809446_b71879_c20250910193435689000_oeac_ops.h5,SVI04_npp_d20250910_t1808204_e1809446_b71879_c20250910193716857000_oeac_ops.dspace_rad,,eez_v11.shp,WPP_BFAR_merge.shp,vbd_mpa_r20170830.shp,VNF-VBD_npp_20120301-20151231_global_asia-enhanced_c201607211230.bitmask,vbd_landsea_r20220824.mask,timezone.shp,VBD_platforms-recurring_2015_r20170330.shp,999999,VBD_bridges_c20160811.shp,13.807614;11.988322;9.502959;4.653294;6.975082;8.905746,97.681961;111.744194;125.481216;124.205185;110.604576;96.769409,npp_d20250910_t1804042_e1805284_b71879;npp_d20250910_t1805296_e1806538_b71879;npp_d20250910_t1806550_e1808192_b71879;npp_d20250910_t1808204_e1809446_b71879,157.794,51.954,47.028,97.8372,19.5332,73.0823
202,VBD_npp_d20250910_t1809247_x1042050E_y091329N_l0589_s1045_v23,2025-09-10 20:03:39,9.132883,104.205048,7.68723,2025-09-10 18:09:24,2025-09-11 01:09:24,589,1045,0.322182,2,2465,0.319281,0.198114,0.845082,0.4,0.742128,0.75,0.0866496,0.0001,3.28753e-06,999999,-1.649159e-01,3,Vietnamese Exclusive Economic Zone,,,SVDNB_npp_d20250910_t1808204_e1809446_b71879_c20250910193708290000_oeac_ops.h5,GDNBO_npp_d20250910_t1808204_e1809446_b71879_c20250910193435689000_oeac_ops.h5,SVI04_npp_d20250910_t1808204_e1809446_b71879_c20250910193716857000_oeac_ops.dspace_rad,,eez_v11.shp,WPP_BFAR_merge.shp,vbd_mpa_r20170830.shp,VNF-VBD_npp_20120301-20151231_global_asia-enhanced_c201607211230.bitmask,vbd_landsea_r20220824.mask,timezone.shp,VBD_platforms-recurring_2015_r20170330.shp,999999,VBD_bridges_c20160811.shp,13.807614;11.988322;9.502959;4.653294;6.975082;8.905746,97.681961;111.744194;125.481216;124.205185;110.604576;96.769409,npp_d20250910_t1804042_e1805284_b71879;npp_d20250910_t1805296_e1806538_b71879;npp_d20250910_t1806550_e1808192_b71879;npp_d20250910_t1808204_e1809446_b71879,157.893,52.1899,47.0266,97.5583,19.5927,72.7172
203,VBD_npp_d20250910_t1809123_x1043715E_y099146N_l0469_s1046_v23,2025-09-10 20:03:39,9.914639,104.371506,6.41773,2025-09-10 18:09:12,2025-09-11 01:09:12,469,1046,0.361304,2,2465,0.229035,0.232808,0.593849,0.4,0.667845,0.75,0.0867694,0.0001,3.56358e-06,999999,-4.506390e-01,3,Vietnamese Exclusive Economic Zone,,,SVDNB_npp_d20250910_t1808204_e1809446_b71879_c20250910193708290000_oeac_ops.h5,GDNBO_npp_d20250910_t1808204_e1809446_b71879_c20250910193435689000_oeac_ops.h5,SVI04_npp_d20250910_t1808204_e1809446_b71879_c20250910193716857000_oeac_ops.dspace_rad,,eez_v11.shp,WPP_BFAR_merge.shp,vbd_mpa_r20170830.shp,VNF-VBD_npp_20120301-20151231_global_asia-enhanced_c201607211230.bitmask,vbd_landsea_r20220824.mask,timezone.shp,VBD_platforms-recurring_2015_r20170330.shp,999999,VBD_bridges_c20160811.shp,13.807614;11.988322;9.502959;4.653294;6.975082;8.905746,97.681961;111.744194;125.481216;124.205185;110.604576;96.769409,npp_d20250910_t1804042_e1805284_b71879;npp_d20250910_t1805296_e1806538_b71879;npp_d20250910_t1806550_e1808192_b71879;npp_d20250910_t1808204_e1809446_b71879,157.319,50.8936,46.9977,97.9525,19.2582,74.8148
204,VBD_npp_d20250910_t1809158_x1043314E_y097267N_l0498_s1046_v23,2025-09-10 20:03:39,9.726650,104.331367,10.9894,2025-09-10 18:09:15,2025-09-11 01:09:15,498,1046,0.346651,2,2465,0.295288,0.19189,0.545558,0.4,0.583533,0.75,0.0867343,0.0001,3.5444e-06,999999,-1.136568e-01,3,Vietnamese Exclusive Economic Zone,,,SVDNB_npp_d20250910_t1808204_e1809446_b71879_c20250910193708290000_oeac_ops.h5,GDNBO_npp_d20250910_t1808204_e1809446_b71879_c20250910193435689000_oeac_ops.h5,SVI04_npp_d20250910_t1808204_e1809446_b71879_c20250910193716857000_oeac_ops.dspace_rad,,eez_v11.shp,WPP_BFAR_merge.shp,vbd_mpa_r20170830.shp,VNF-VBD_npp_20120301-20151231_global_asia-enhanced_c201607211230.bitmask,vbd_landsea_r20220824.mask,timezone.shp,VBD_platforms-recurring_2015_r20170330.shp,999999,VBD_bridges_c20160811.shp,13.807614;11.988322;9.502959;4.653294;6.975082;8.905746,97.681961;111.744194;125.481216;124.205185;110.604576;96.769409,npp_d20250910_t1804042_e1805284_b71879;npp_d20250910_t1805296_e1806538_b71879;npp_d20250910_t1806550_e1808192_b71879;npp_d20250910_t1808204_e1809446_b71879,157.456,51.2027,46.9949,98.1474,19.3341,74.3021
205,VBD_npp_d20250910_t1809230_x1042428E_y093035N_l0563_s1046_v23,2025-09-10 20:03:39,9.303521,104.242828,7.22588,2025-09-10 18:09:23,2025-09-11 01:09:23,563,1046,0.337831,7,2465,0.271771,0.249132,0.830506,0.4,0.704521,0.75,0.0866904,0.0001,3.43867e-06,999999,-5.850751e-01,3,,,,SVDNB_npp_d20250910_t1808204_e1809446_b71879_c20250910193708290000_oeac_ops.h5,GDNBO_npp_d20250910_t1808204_e1809446_b71879_c20250910193435689000_oeac_ops.h5,SVI04_npp_d20250910_t1808204_e1809446_b71879_c20250910193716857000_oeac_ops.dspace_rad,,eez_v11.shp,WPP_BFAR_merge.shp,vbd_mpa_r20170830.shp,VNF-VBD_npp_20120301-20151231_global_asia-enhanced_c201607211230.bitmask,vbd_landsea_r20220824.mask,timezone.shp,VBD_platforms-recurring_2015_r20170330.shp,999999,VBD_bridges_c20160811.shp,13.807614;11.988322;9.502959;4.653294;6.975082;8.905746,97.681961;111.744194;125.481216;124.205185;110.604576;96.769409,npp_d20250910_t1804042_e1805284_b71879;npp_d20250910_t1805296_e1806538_b71879;npp_d20250910_t1806550_e1808192_b71879;npp_d20250910_t1808204_e1809446_b71879,157.765,51.9098,46.9955,98.1294,19.5124,73.165
206,VBD_npp_d20250910_t1809230_x1042351E_y092494N_l0571_s1046_v23,2025-09-10 20:03:39,9.249423,104.235100,18.5336,2025-09-10 18:09:23,2025-09-11 01:09:23,571,1046,0.35227,1,2529,0.557005,0.173751,0.830625,0.4,0.859798,0.75,0.086685,0.0001,3.37253e-06,999999,3.572879e-02,3,Vietnamese Exclusive Economic Zone,,,SVDNB_npp_d20250910_t1808204_e1809446_b71879_c20250910193708290000_oeac_ops.h5,GDNBO_npp_d20250910_t1808204_e1809446_b71879_c20250910193435689000_oeac_ops.h5,SVI04_npp_d20250910_t1808204_e1809446_b71879_c20250910193716857000_oeac_ops.dspace_rad,,eez_v11.shp,WPP_BFAR_merge.shp,vbd_mpa_r20170830.shp,VNF-VBD_npp_20120301-20151231_global_asia-enhanced_c201607211230.bitmask,vbd_landsea_r20220824.mask,timezone.shp,VBD_platforms-recurring_2015_r20170330.shp,999999,VBD_bridges_c20160811.shp,13.807614;11.988322;9.502959;4.653294;6.975082;8.905746,97.681961;111.744194;125.481216;124.205185;110.604576;96.769409,npp_d20250910_t1804042_e1805284_b71879;npp_d20250910_t1805296_e1806538_b71879;npp_d20250910_t1806550_e1808192_b71879;npp_d20250910_t1808204_e1809446_b71879,157.804,52.0013,46.9962,97.6636,19.5358,73.0214
207,VBD_npp_d20250910_t1809034_x1044811E_y103804N_l0397_s1047_v23,2025-09-10 20:03:39,10.380411,104.481064,29.2055,2025-09-10 18:09:03,2025-09-11 01:09:03,397,1047,0.257879,2,2209,0.180129,0.16476,0.478223,0.4,0.575483,0.75,0.0869158,0.0001,3.68112e-06,999999,1.097757e-01,1,,,,SVDNB_npp_d20250910_t1808204_e1809446_b71879_c20250910193708290000_oeac_ops.h5,GDNBO_npp_d20250910_t1808204_e1809446_b71879_c20250910193435689000_oeac_ops.h5,SVI04_npp_d20250910_t1808204_e1809446_b71879_c20250910193716857000_oeac_ops.dspace_rad,,eez_v11.shp,WPP_BFAR_merge.shp,vbd_mpa_r20170830.shp,VNF-VBD_npp_20120301-20151231_global_asia-enhanced_c201607211230.bitmask,vbd_landsea_r20220824.mask,timezone.shp,VBD_platforms-recurring_2015_r20170330.shp,999999,VBD_bridges_c20160811.shp,13.807614;11.988322;9.502959;4.653294;6.975082;8.905746,97.681961;111.744194;125.481216;124.205185;110.604576;96.769409,npp_d20250910_t1804042_e1805284_b71879;npp_d20250910_t1805296_e1806538_b71879;npp_d20250910_t1806550_e1808192_b71879;npp_d20250910_t1808204_e1809446_b71879,156.967,50.161,46.9596,97.442,19.0677,76.0979
208,VBD_npp_d20250910_t1809230_x1042428E_y092553N_l0570_s1047_v23,2025-09-10 20:03:39,9.255258,104.242828,15.9648,2025-09-10 18:09:23,2025-09-11 01:09:23,570,1047,0.355258,1,2529,0.453626,0.186006,0.831776,0.4,0.796749,0.75,0.08669,0.0001,3.42922e-06,999999,-6.520261e-02,3,Vietnamese Exclusive Economic Zone,,,SVDNB_npp_d20250910_t1808204_e1809446_b71879_c20250910193708290000_oeac_ops.h5,GDNBO_npp_d20250910_t1808204_e1809446_b71879_c20250910193435689000_oeac_ops.h5,SVI04_npp_d20250910_t1808204_e1809446_b71879_c20250910193716857000_oeac_ops.dspace_rad,,eez_v11.shp,WPP_BFAR_merge.shp,vbd_mpa_r20170830.shp,VNF-VBD_npp_20120301-20151231_global_asia-enhanced_c201607211230.bitmask,vbd_landsea_r20220824.mask,timezone.shp,VBD_platforms-recurring_2015_r20170330.shp,999999,VBD_bridges_c20160811.shp,13.807614;11.988322;9.502959;4.653294;6.975082;8.905746,97.681961;111.744194;125.481216;124.205185;110.604576;96.769409,npp_d20250910_t1804042_e1805284_b71879;npp_d20250910_t1805296_e1806538_b71879;npp_d20250910_t1806550_e1808192_b71879;npp_d20250910_t1808204_e1809446_b71879,157.794,52.0028,46.9637,97.7228,19.5267,73.0323
209,VBD_npp_d20250910_t1809247_x1042225E_y091581N_l0585_s1047_v23,2025-09-10 20:03:39,9.158075,104.222458,6.71391,2025-09-10 18:09:24,2025-09-11 01:09:24,585,1047,0.253469,7,2209,0.199015,0.191303,0.866557,0.4,0.557268,0.75,0.0866672,0.0001,3.41658e-06,999999,-1.088204e-01,3,,,,SVDNB_npp_d20250910_t1808204_e1809446_b71879_c20250910193708290000_oeac_ops.h5,GDNBO_npp_d20250910_t1808204_e1809446_b71879_c20250910193435689000_oeac_ops.h5,SVI04_npp_d20250910_t1808204_e1809446_b71879_c20250910193716857000_oeac_ops.dspace_rad,,eez_v11.shp,WPP_BFAR_merge.shp,vbd_mpa_r20170830.shp,VNF-VBD_npp_20120301-20151231_global_asia-enhanced_c201607211230.bitmask,vbd_landsea_r20220824.mask,timezone.shp,VBD_platforms-recurring_2015_r20170330.shp,999999,VBD_bridges_c20160811.shp,13.807614;11.988322;9.502959;4.653294;6.975082;8.905746,97.681961;111.744194;125.481216;124.205185;110.604576;96.769409,npp_d20250910_t1804042_e1805284_b71879;npp_d20250910_t1805296_e1806538_b71879;npp_d20250910_t1806550_e1808192_b71879;npp_d20250910_t1808204_e1809446_b71879,157.864,52.1696,46.9609,97.7932,19.5684,72.7743
210,VBD_npp_d20250910_t1809247_x1042321E_y091774N_l0582_s1048_v23,2025-09-10 20:03:39,9.177409,104.232117,6.69232,2025-09-10 18:09:24,2025-09-11 01:09:24,582,1048,0.285834,2,2209,0.188577,0.177908,0.840263,0.4,0.550827,0.75,0.0866782,0.0001,3.4911e-06,999999,1.489110e-03,3,Vietnamese Exclusive Economic Zone,,,SVDNB_npp_d20250910_t1808204_e1809446_b71879_c20250910193708290000_oeac_ops.h5,GDNBO_npp_d20250910_t1808204_e1809446_b71879_c20250910193435689000_oeac_ops.h5,SVI04_npp_d20250910_t1808204_e1809446_b71879_c20250910193716857000_oeac_ops.dspace_rad,,eez_v11.shp,WPP_BFAR_merge.shp,vbd_mpa_r20170830.shp,VNF-VBD_npp_20120301-20151231_global_asia-enhanced_c201607211230.bitmask,vbd_landsea_r20220824.mask,timezone.shp,VBD_platforms-recurring_2015_r20170330.shp,999999,VBD_bridges_c20160811.shp,13.807614;11.988322;9.502959;4.653294;6.975082;8.905746,97.681961;111.744194;125.481216;124.205185;110.604576;96.769409,npp_d20250910_t1804042_e1805284_b71879;npp_d20250910_t1805296_e1806538_b71879;npp_d20250910_t1806550_e1808192_b71879;npp_d20250910_t1808204_e1809446_b71879,157.845,52.148,46.9282,97.9691,19.5533,72.8207
211,VBD_npp_d20250910_t1809247_x1042418E_y091967N_l0579_s1049_v23,2025-09-10 20:03:39,9.196724,104.241753,12.9452,2025-09-10 18:09:24,2025-09-11 01:09:24,579,1049,0.280286,1,2529,0.412673,0.214555,0.840263,0.4,0.783464,0.75,0.0866892,0.0001,3.56672e-06,999999,-3.003194e-01,3,Vietnamese Exclusive Economic Zone,,,SVDNB_npp_d20250910_t1808204_e1809446_b71879_c20250910193708290000_oeac_ops.h5,GDNBO_npp_d20250910_t1808204_e1809446_b71879_c20250910193435689000_oeac_ops.h5,SVI04_npp_d20250910_t1808204_e1809446_b71879_c20250910193716857000_oeac_ops.dspace_rad,,eez_v11.shp,WPP_BFAR_merge.shp,vbd_mpa_r20170830.shp,VNF-VBD_npp_20120301-20151231_global_asia-enhanced_c201607211230.bitmask,vbd_landsea_r20220824.mask,timezone.shp,VBD_platforms-recurring_2015_r20170330.shp,999999,VBD_bridges_c20160811.shp,13.807614;11.988322;9.502959;4.653294;6.975082;8.905746,97.681961;111.744194;125.481216;124.205185;110.604576;96.769409,npp_d20250910_t1804042_e1805284_b71879;npp_d20250910_t1805296_e1806538_b71879;npp_d20250910_t1806550_e1808192_b71879;npp_d20250910_t1808204_e1809446_b71879,157.826,52.1265,46.8958,98.1452,19.5383,72.8671
212,VBD_npp_d20250910_t1809247_x1042340E_y091427N_l0587_s1049_v23,2025-09-10 20:03:39,9.142708,104.234024,19.947,2025-09-10 18:09:24,2025-09-11 01:09:24,587,1049,0.265633,1,2529,0.585866,0.193999,0.857929,0.4,0.856682,0.75,0.0866712,0.0001,3.49737e-06,999999,-1.310271e-01,3,Vietnamese Exclusive Economic Zone,,,SVDNB_npp_d20250910_t1808204_e1809446_b71879_c20250910193708290000_oeac_ops.h5,GDNBO_npp_d20250910_t1808204_e1809446_b71879_c20250910193435689000_oeac_ops.h5,SVI04_npp_d20250910_t1808204_e1809446_b71879_c20250910193716857000_oeac_ops.dspace_rad,,eez_v11.shp,WPP_BFAR_merge.shp,vbd_mpa_r20170830.shp,VNF-VBD_npp_20120301-20151231_global_asia-enhanced_c201607211230.bitmask,vbd_landsea_r20220824.mask,timezone.shp,VBD_platforms-recurring_2015_r20170330.shp,999999,VBD_bridges_c20160811.shp,13.807614;11.988322;9.502959;4.653294;6.975082;8.905746,97.681961;111.744194;125.481216;124.205185;110.604576;96.769409,npp_d20250910_t1804042_e1805284_b71879;npp_d20250910_t1805296_e1806538_b71879;npp_d20250910_t1806550_e1808192_b71879;npp_d20250910_t1808204_e1809446_b71879,157.865,52.2185,46.8966,97.6786,19.562,72.7243
213,VBD_npp_d20250910_t1809212_x1042801E_y093231N_l0559_s1050_v23,2025-09-10 20:03:39,9.323071,104.280121,13.1566,2025-09-10 18:09:21,2025-09-11 01:09:21,559,1050,0.33342,2,2465,0.395007,0.201999,0.802323,0.4,0.739139,0.75,0.0867102,0.0001,3.56012e-06,999999,-1.969137e-01,3,Vietnamese Exclusive Economic Zone,,,SVDNB_npp_d20250910_t1808204_e1809446_b71879_c20250910193708290000_oeac_ops.h5,GDNBO_npp_d20250910_t1808204_e1809446_b71879_c20250910193435689000_oeac_ops.h5,SVI04_npp_d20250910_t1808204_e1809446_b71879_c20250910193716857000_oeac_ops.dspace_rad,,eez_v11.shp,WPP_BFAR_merge.shp,vbd_mpa_r20170830.shp,VNF-VBD_npp_20120301-20151231_global_asia-enhanced_c201607211230.bitmask,vbd_landsea_r20220824.mask,timezone.shp,VBD_platforms-recurring_2015_r20170330.shp,999999,VBD_bridges_c20160811.shp,13.807614;11.988322;9.502959;4.653294;6.975082;8.905746,97.681961;111.744194;125.481216;124.205185;110.604576;96.769409,npp_d20250910_t1804042_e1805284_b71879;npp_d20250910_t1805296_e1806538_b71879;npp_d20250910_t1806550_e1808192_b71879;npp_d20250910_t1808204_e1809446_b71879,157.729,51.9214,46.8683,97.426,19.4777,73.1993
214,VBD_npp_d20250910_t1809123_x1044043E_y099032N_l0470_s1051_v23,2025-09-10 20:03:39,9.903212,104.404335,5.64991,2025-09-10 18:09:12,2025-09-11 01:09:12,470,1051,0.359881,8,18593,0.199128,0.175684,0.511172,0.4,0.622612,0.75,0.0867889,0.0001,3.81558e-06,999999,1.981141e-02,3,Vietnamese Exclusive Economic Zone,,,SVDNB_npp_d20250910_t1808204_e1809446_b71879_c20250910193708290000_oeac_ops.h5,GDNBO_npp_d20250910_t1808204_e1809446_b71879_c20250910193435689000_oeac_ops.h5,SVI04_npp_d20250910_t1808204_e1809446_b71879_c20250910193716857000_oeac_ops.dspace_rad,,eez_v11.shp,WPP_BFAR_merge.shp,vbd_mpa_r20170830.shp,VNF-VBD_npp_20120301-20151231_global_asia-enhanced_c201607211230.bitmask,vbd_landsea_r20220824.mask,timezone.shp,VBD_platforms-recurring_2015_r20170330.shp,0.450663,VBD_bridges_c20160811.shp,13.807614;11.988322;9.502959;4.653294;6.975082;8.905746,97.681961;111.744194;125.481216;124.205185;110.604576;96.769409,npp_d20250910_t1804042_e1805284_b71879;npp_d20250910_t1805296_e1806538_b71879;npp_d20250910_t1806550_e1808192_b71879;npp_d20250910_t1808204_e1809446_b71879,157.301,50.9693,46.836,97.9002,19.2295,74.7635
215,VBD_npp_d20250910_t1809247_x1042523E_y091746N_l0582_s1051_v23,2025-09-10 20:03:39,9.174589,104.252319,7.22178,2025-09-10 18:09:24,2025-09-11 01:09:24,582,1051,0.263214,2,2465,0.227384,0.198752,0.839578,0.4,0.601264,0.75,0.086691,0.0001,3.64227e-06,999999,-1.701693e-01,3,Vietnamese Exclusive Economic Zone,,,SVDNB_npp_d20250910_t1808204_e1809446_b71879_c20250910193708290000_oeac_ops.h5,GDNBO_npp_d20250910_t1808204_e1809446_b71879_c20250910193435689000_oeac_ops.h5,SVI04_npp_d20250910_t1808204_e1809446_b71879_c20250910193716857000_oeac_ops.dspace_rad,,eez_v11.shp,WPP_BFAR_merge.shp,vbd_mpa_r20170830.shp,VNF-VBD_npp_20120301-20151231_global_asia-enhanced_c201607211230.bitmask,vbd_landsea_r20220824.mask,timezone.shp,VBD_platforms-recurring_2015_r20170330.shp,999999,VBD_bridges_c20160811.shp,13.807614;11.988322;9.502959;4.653294;6.975082;8.905746,97.681961;111.744194;125.481216;124.205185;110.604576;96.769409,npp_d20250910_t1804042_e1805284_b71879;npp_d20250910_t1805296_e1806538_b71879;npp_d20250910_t1806550_e1808192_b71879;npp_d20250910_t1808204_e1809446_b71879,157.831,52.1867,46.8312,97.9724,19.5348,72.7993
216,VBD_npp_d20250910_t1809141_x1043861E_y097713N_l0490_s1052_v23,2025-09-10 20:03:39,9.771328,104.386055,8.99179,2025-09-10 18:09:14,2025-09-11 01:09:14,490,1052,0.348642,2,2465,0.326595,0.194408,0.598167,0.4,0.71301,0.75,0.0867654,0.0001,3.81423e-06,999999,-1.343955e-01,3,Vietnamese Exclusive Economic Zone,,,SVDNB_npp_d20250910_t1808204_e1809446_b71879_c20250910193708290000_oeac_ops.h5,GDNBO_npp_d20250910_t1808204_e1809446_b71879_c20250910193435689000_oeac_ops.h5,SVI04_npp_d20250910_t1808204_e1809446_b71879_c20250910193716857000_oeac_ops.dspace_rad,,eez_v11.shp,WPP_BFAR_merge.shp,vbd_mpa_r20170830.shp,VNF-VBD_npp_20120301-20151231_global_asia-enhanced_c201607211230.bitmask,vbd_landsea_r20220824.mask,timezone.shp,VBD_platforms-recurring_2015_r20170330.shp,999999,VBD_bridges_c20160811.shp,13.807614;11.988322;9.502959;4.653294;6.975082;8.905746,97.681961;111.744194;125.481216;124.205185;110.604576;96.769409,npp_d20250910_t1804042_e1805284_b71879;npp_d20250910_t1805296_e1806538_b71879;npp_d20250910_t1806550_e1808192_b71879;npp_d20250910_t1808204_e1809446_b71879,157.392,51.1971,46.8013,97.6796,19.2759,74.3989
217,VBD_npp_d20250910_t1809247_x1042561E_y091534N_l0585_s1052_v23,2025-09-10 20:03:39,9.153424,104.256134,13.9936,2025-09-10 18:09:24,2025-09-11 01:09:24,585,1052,0.274382,1,2529,0.452475,0.186276,0.866683,0.4,0.803254,0.75,0.0866884,0.0001,3.66682e-06,999999,-6.741890e-02,3,Vietnamese Exclusive Economic Zone,,,SVDNB_npp_d20250910_t1808204_e1809446_b71879_c20250910193708290000_oeac_ops.h5,GDNBO_npp_d20250910_t1808204_e1809446_b71879_c20250910193435689000_oeac_ops.h5,SVI04_npp_d20250910_t1808204_e1809446_b71879_c20250910193716857000_oeac_ops.dspace_rad,,eez_v11.shp,WPP_BFAR_merge.shp,vbd_mpa_r20170830.shp,VNF-VBD_npp_20120301-20151231_global_asia-enhanced_c201607211230.bitmask,vbd_landsea_r20220824.mask,timezone.shp,VBD_platforms-recurring_2015_r20170330.shp,999999,VBD_bridges_c20160811.shp,13.807614;11.988322;9.502959;4.653294;6.975082;8.905746,97.681961;111.744194;125.481216;124.205185;110.604576;96.769409,npp_d20250910_t1804042_e1805284_b71879;npp_d20250910_t1805296_e1806538_b71879;npp_d20250910_t1806550_e1808192_b71879;npp_d20250910_t1808204_e1809446_b71879,157.841,52.2341,46.7992,97.7982,19.5375,72.7386
218,VBD_npp_d20250910_t1809247_x1042657E_y091727N_l0582_s1053_v23,2025-09-10 20:03:39,9.172713,104.265747,14.1653,2025-09-10 18:09:24,2025-09-11 01:09:24,582,1053,0.277369,1,2529,0.463512,0.211286,0.839578,0.4,0.807268,0.75,0.0866995,0.0001,3.74624e-06,999999,-2.733956e-01,3,Vietnamese Exclusive Economic Zone,,,SVDNB_npp_d20250910_t1808204_e1809446_b71879_c20250910193708290000_oeac_ops.h5,GDNBO_npp_d20250910_t1808204_e1809446_b71879_c20250910193435689000_oeac_ops.h5,SVI04_npp_d20250910_t1808204_e1809446_b71879_c20250910193716857000_oeac_ops.dspace_rad,,eez_v11.shp,WPP_BFAR_merge.shp,vbd_mpa_r20170830.shp,VNF-VBD_npp_20120301-20151231_global_asia-enhanced_c201607211230.bitmask,vbd_landsea_r20220824.mask,timezone.shp,VBD_platforms-recurring_2015_r20170330.shp,999999,VBD_bridges_c20160811.shp,13.807614;11.988322;9.502959;4.653294;6.975082;8.905746,97.681961;111.744194;125.481216;124.205185;110.604576;96.769409,npp_d20250910_t1804042_e1805284_b71879;npp_d20250910_t1805296_e1806538_b71879;npp_d20250910_t1806550_e1808192_b71879;npp_d20250910_t1808204_e1809446_b71879,157.822,52.2125,46.7666,97.9746,19.5225,72.785
219,VBD_npp_d20250910_t1809247_x1042609E_y091390N_l0587_s1053_v23,2025-09-10 20:03:39,9.139018,104.260910,7.20111,2025-09-10 18:09:24,2025-09-11 01:09:24,587,1053,0.247494,7,2209,0.213148,0.199955,0.852657,0.4,0.51824,0.75,0.0866882,0.0001,3.70032e-06,999999,-1.800799e-01,3,,,,SVDNB_npp_d20250910_t1808204_e1809446_b71879_c20250910193708290000_oeac_ops.h5,GDNBO_npp_d20250910_t1808204_e1809446_b71879_c20250910193435689000_oeac_ops.h5,SVI04_npp_d20250910_t1808204_e1809446_b71879_c20250910193716857000_oeac_ops.dspace_rad,,eez_v11.shp,WPP_BFAR_merge.shp,vbd_mpa_r20170830.shp,VNF-VBD_npp_20120301-20151231_global_asia-enhanced_c201607211230.bitmask,vbd_landsea_r20220824.mask,timezone.shp,VBD_platforms-recurring_2015_r20170330.shp,999999,VBD_bridges_c20160811.shp,13.807614;11.988322;9.502959;4.653294;6.975082;8.905746,97.681961;111.744194;125.481216;124.205185;110.604576;96.769409,npp_d20250910_t1804042_e1805284_b71879;npp_d20250910_t1805296_e1806538_b71879;npp_d20250910_t1806550_e1808192_b71879;npp_d20250910_t1808204_e1809446_b71879,157.846,52.2699,46.7673,97.6824,19.5373,72.6959
220,VBD_npp_d20250910_t1809212_x1043060E_y093127N_l0560_s1054_v23,2025-09-10 20:03:39,9.312710,104.306038,8.39513,2025-09-10 18:09:21,2025-09-11 01:09:21,560,1054,0.314002,2,2465,0.236385,0.199981,0.800732,0.4,0.622469,0.75,0.0867265,0.0001,3.75694e-06,999999,-1.802896e-01,3,Vietnamese Exclusive Economic Zone,,,SVDNB_npp_d20250910_t1808204_e1809446_b71879_c20250910193708290000_oeac_ops.h5,GDNBO_npp_d20250910_t1808204_e1809446_b71879_c20250910193435689000_oeac_ops.h5,SVI04_npp_d20250910_t1808204_e1809446_b71879_c20250910193716857000_oeac_ops.dspace_rad,,eez_v11.shp,WPP_BFAR_merge.shp,vbd_mpa_r20170830.shp,VNF-VBD_npp_20120301-20151231_global_asia-enhanced_c201607211230.bitmask,vbd_landsea_r20220824.mask,timezone.shp,VBD_platforms-recurring_2015_r20170330.shp,999999,VBD_bridges_c20160811.shp,13.807614;11.988322;9.502959;4.653294;6.975082;8.905746,97.681961;111.744194;125.481216;124.205185;110.604576;96.769409,npp_d20250910_t1804042_e1805284_b71879;npp_d20250910_t1805296_e1806538_b71879;npp_d20250910_t1806550_e1808192_b71879;npp_d20250910_t1808204_e1809446_b71879,157.716,51.984,46.7395,97.3709,19.4558,73.1536
221,VBD_npp_d20250910_t1809230_x1042967E_y092959N_l0563_s1054_v23,2025-09-10 20:03:39,9.295937,104.296692,9.62344,2025-09-10 18:09:23,2025-09-11 01:09:23,563,1054,0.334132,2,2465,0.247755,0.225789,0.806325,0.4,0.638933,0.75,0.0867245,0.0001,3.84956e-06,999999,-3.928325e-01,3,Vietnamese Exclusive Economic Zone,,,SVDNB_npp_d20250910_t1808204_e1809446_b71879_c20250910193708290000_oeac_ops.h5,GDNBO_npp_d20250910_t1808204_e1809446_b71879_c20250910193435689000_oeac_ops.h5,SVI04_npp_d20250910_t1808204_e1809446_b71879_c20250910193716857000_oeac_ops.dspace_rad,,eez_v11.shp,WPP_BFAR_merge.shp,vbd_mpa_r20170830.shp,VNF-VBD_npp_20120301-20151231_global_asia-enhanced_c201607211230.bitmask,vbd_landsea_r20220824.mask,timezone.shp,VBD_platforms-recurring_2015_r20170330.shp,999999,VBD_bridges_c20160811.shp,13.807614;11.988322;9.502959;4.653294;6.975082;8.905746,97.681961;111.744194;125.481216;124.205185;110.604576;96.769409,npp_d20250910_t1804042_e1805284_b71879;npp_d20250910_t1805296_e1806538_b71879;npp_d20250910_t1806550_e1808192_b71879;npp_d20250910_t1808204_e1809446_b71879,157.728,52.0131,46.7368,98.1391,19.4629,73.1084
222,VBD_npp_d20250910_t1809230_x1042909E_y092555N_l0569_s1054_v23,2025-09-10 20:03:39,9.255518,104.290916,23.6113,2025-09-10 18:09:23,2025-09-11 01:09:23,569,1054,0.363011,1,2529,0.493007,0.192563,0.81222,0.4,0.809019,0.75,0.0867204,0.0001,3.79453e-06,999999,-1.192033e-01,3,Vietnamese Exclusive Economic Zone,,,SVDNB_npp_d20250910_t1808204_e1809446_b71879_c20250910193708290000_oeac_ops.h5,GDNBO_npp_d20250910_t1808204_e1809446_b71879_c20250910193435689000_oeac_ops.h5,SVI04_npp_d20250910_t1808204_e1809446_b71879_c20250910193716857000_oeac_ops.dspace_rad,,eez_v11.shp,WPP_BFAR_merge.shp,vbd_mpa_r20170830.shp,VNF-VBD_npp_20120301-20151231_global_asia-enhanced_c201607211230.bitmask,vbd_landsea_r20220824.mask,timezone.shp,VBD_platforms-recurring_2015_r20170330.shp,999999,VBD_bridges_c20160811.shp,13.807614;11.988322;9.502959;4.653294;6.975082;8.905746,97.681961;111.744194;125.481216;124.205185;110.604576;96.769409,npp_d20250910_t1804042_e1805284_b71879;npp_d20250910_t1805296_e1806538_b71879;npp_d20250910_t1806550_e1808192_b71879;npp_d20250910_t1808204_e1809446_b71879,157.757,52.0815,46.7372,97.7882,19.4804,73.0008
223,VBD_npp_d20250910_t1809230_x1042890E_y092420N_l0571_s1054_v23,2025-09-10 20:03:39,9.242045,104.288986,12.1612,2025-09-10 18:09:23,2025-09-11 01:09:23,571,1054,0.327801,7,2465,0.326926,0.179688,0.801191,0.4,0.667498,0.75,0.0867191,0.0001,3.77597e-06,999999,-1.316910e-02,3,,,,SVDNB_npp_d20250910_t1808204_e1809446_b71879_c20250910193708290000_oeac_ops.h5,GDNBO_npp_d20250910_t1808204_e1809446_b71879_c20250910193435689000_oeac_ops.h5,SVI04_npp_d20250910_t1808204_e1809446_b71879_c20250910193716857000_oeac_ops.dspace_rad,,eez_v11.shp,WPP_BFAR_merge.shp,vbd_mpa_r20170830.shp,VNF-VBD_npp_20120301-20151231_global_asia-enhanced_c201607211230.bitmask,vbd_landsea_r20220824.mask,timezone.shp,VBD_platforms-recurring_2015_r20170330.shp,999999,VBD_bridges_c20160811.shp,13.807614;11.988322;9.502959;4.653294;6.975082;8.905746,97.681961;111.744194;125.481216;124.205185;110.604576;96.769409,npp_d20250910_t1804042_e1805284_b71879;npp_d20250910_t1805296_e1806538_b71879;npp_d20250910_t1806550_e1808192_b71879;npp_d20250910_t1808204_e1809446_b71879,157.767,52.1043,46.7376,97.6712,19.4863,72.965
224,VBD_npp_d20250910_t1809212_x1043176E_y093455N_l0555_s1055_v23,2025-09-10 20:03:39,9.345472,104.317589,11.3474,2025-09-10 18:09:21,2025-09-11 01:09:21,555,1055,0.303119,2,2465,0.272957,0.214831,0.762508,0.4,0.632745,0.75,0.0867342,0.0001,3.85726e-06,999999,-3.025860e-01,3,Vietnamese Exclusive Economic Zone,,,SVDNB_npp_d20250910_t1808204_e1809446_b71879_c20250910193708290000_oeac_ops.h5,GDNBO_npp_d20250910_t1808204_e1809446_b71879_c20250910193435689000_oeac_ops.h5,SVI04_npp_d20250910_t1808204_e1809446_b71879_c20250910193716857000_oeac_ops.dspace_rad,,eez_v11.shp,WPP_BFAR_merge.shp,vbd_mpa_r20170830.shp,VNF-VBD_npp_20120301-20151231_global_asia-enhanced_c201607211230.bitmask,vbd_landsea_r20220824.mask,timezone.shp,VBD_platforms-recurring_2015_r20170330.shp,999999,VBD_bridges_c20160811.shp,13.807614;11.988322;9.502959;4.653294;6.975082;8.905746,97.681961;111.744194;125.481216;124.205185;110.604576;96.769409,npp_d20250910_t1804042_e1805284_b71879;npp_d20250910_t1805296_e1806538_b71879;npp_d20250910_t1806550_e1808192_b71879;npp_d20250910_t1808204_e1809446_b71879,157.687,51.9401,46.7055,97.6642,19.4351,73.2365
225,VBD_npp_d20250910_t1809247_x1042734E_y091304N_l0588_s1055_v23,2025-09-10 20:03:39,9.130445,104.273354,11.09,2025-09-10 18:09:24,2025-09-11 01:09:24,588,1055,0.249628,2,2465,0.356779,0.20167,0.84057,0.4,0.743403,0.75,0.0866944,0.0001,3.7962e-06,999999,-1.942033e-01,3,Vietnamese Exclusive Economic Zone,,,SVDNB_npp_d20250910_t1808204_e1809446_b71879_c20250910193708290000_oeac_ops.h5,GDNBO_npp_d20250910_t1808204_e1809446_b71879_c20250910193435689000_oeac_ops.h5,SVI04_npp_d20250910_t1808204_e1809446_b71879_c20250910193716857000_oeac_ops.dspace_rad,,eez_v11.shp,WPP_BFAR_merge.shp,vbd_mpa_r20170830.shp,VNF-VBD_npp_20120301-20151231_global_asia-enhanced_c201607211230.bitmask,vbd_landsea_r20220824.mask,timezone.shp,VBD_platforms-recurring_2015_r20170330.shp,999999,VBD_bridges_c20160811.shp,13.807614;11.988322;9.502959;4.653294;6.975082;8.905746,97.681961;111.744194;125.481216;124.205185;110.604576;96.769409,npp_d20250910_t1804042_e1805284_b71879;npp_d20250910_t1805296_e1806538_b71879;npp_d20250910_t1806550_e1808192_b71879;npp_d20250910_t1808204_e1809446_b71879,157.841,52.307,46.703,97.6257,19.528,72.6638
226,VBD_npp_d20250910_t1809230_x1042985E_y092133N_l0575_s1056_v23,2025-09-10 20:03:39,9.213292,104.298508,6.18513,2025-09-10 18:09:23,2025-09-11 01:09:23,575,1056,0.364505,2,2209,0.220711,0.208041,0.806279,0.4,0.624715,0.75,0.0867249,0.0001,3.84481e-06,999999,-2.466732e-01,3,Vietnamese Exclusive Economic Zone,,,SVDNB_npp_d20250910_t1808204_e1809446_b71879_c20250910193708290000_oeac_ops.h5,GDNBO_npp_d20250910_t1808204_e1809446_b71879_c20250910193435689000_oeac_ops.h5,SVI04_npp_d20250910_t1808204_e1809446_b71879_c20250910193716857000_oeac_ops.dspace_rad,,eez_v11.shp,WPP_BFAR_merge.shp,vbd_mpa_r20170830.shp,VNF-VBD_npp_20120301-20151231_global_asia-enhanced_c201607211230.bitmask,vbd_landsea_r20220824.mask,timezone.shp,VBD_platforms-recurring_2015_r20170330.shp,999999,VBD_bridges_c20160811.shp,13.807614;11.988322;9.502959;4.653294;6.975082;8.905746,97.681961;111.744194;125.481216;124.205185;110.604576;96.769409,npp_d20250910_t1804042_e1805284_b71879;npp_d20250910_t1805296_e1806538_b71879;npp_d20250910_t1806550_e1808192_b71879;npp_d20250910_t1808204_e1809446_b71879,157.777,52.1755,46.6743,97.439,19.4857,72.8795
227,VBD_npp_d20250910_t1809212_x1043271E_y093167N_l0559_s1057_v23,2025-09-10 20:03:39,9.316734,104.327118,7.58347,2025-09-10 18:09:21,2025-09-11 01:09:21,559,1057,0.343165,2,2465,0.234922,0.237287,0.775229,0.4,0.64726,0.75,0.08674,0.0001,3.92795e-06,999999,-4.875264e-01,3,Vietnamese Exclusive Economic Zone,,,SVDNB_npp_d20250910_t1808204_e1809446_b71879_c20250910193708290000_oeac_ops.h5,GDNBO_npp_d20250910_t1808204_e1809446_b71879_c20250910193435689000_oeac_ops.h5,SVI04_npp_d20250910_t1808204_e1809446_b71879_c20250910193716857000_oeac_ops.dspace_rad,,eez_v11.shp,WPP_BFAR_merge.shp,vbd_mpa_r20170830.shp,VNF-VBD_npp_20120301-20151231_global_asia-enhanced_c201607211230.bitmask,vbd_landsea_r20220824.mask,timezone.shp,VBD_platforms-recurring_2015_r20170330.shp,999999,VBD_bridges_c20160811.shp,13.807614;11.988322;9.502959;4.653294;6.975082;8.905746,97.681961;111.744194;125.481216;124.205185;110.604576;96.769409,npp_d20250910_t1804042_e1805284_b71879;npp_d20250910_t1805296_e1806538_b71879;npp_d20250910_t1806550_e1808192_b71879;npp_d20250910_t1808204_e1809446_b71879,157.697,52.0109,46.6422,97.4319,19.4344,73.1507
228,VBD_npp_d20250910_t1809212_x1043405E_y093149N_l0559_s1059_v23,2025-09-10 20:03:39,9.314932,104.340469,8.34443,2025-09-10 18:09:21,2025-09-11 01:09:21,559,1059,0.292591,2,2465,0.233429,0.226593,0.695478,0.4,0.618232,0.75,0.0867485,0.0001,4.03899e-06,999999,-3.994599e-01,3,Vietnamese Exclusive Economic Zone,,,SVDNB_npp_d20250910_t1808204_e1809446_b71879_c20250910193708290000_oeac_ops.h5,GDNBO_npp_d20250910_t1808204_e1809446_b71879_c20250910193435689000_oeac_ops.h5,SVI04_npp_d20250910_t1808204_e1809446_b71879_c20250910193716857000_oeac_ops.dspace_rad,,eez_v11.shp,WPP_BFAR_merge.shp,vbd_mpa_r20170830.shp,VNF-VBD_npp_20120301-20151231_global_asia-enhanced_c201607211230.bitmask,vbd_landsea_r20220824.mask,timezone.shp,VBD_platforms-recurring_2015_r20170330.shp,999999,VBD_bridges_c20160811.shp,13.807614;11.988322;9.502959;4.653294;6.975082;8.905746,97.681961;111.744194;125.481216;124.205185;110.604576;96.769409,npp_d20250910_t1804042_e1805284_b71879;npp_d20250910_t1805296_e1806538_b71879;npp_d20250910_t1806550_e1808192_b71879;npp_d20250910_t1808204_e1809446_b71879,157.688,52.0363,46.5777,97.4335,19.4221,73.1369
229,VBD_npp_d20250910_t1809230_x1043215E_y092307N_l0572_s1059_v23,2025-09-10 20:03:39,9.230742,104.321457,7.7437,2025-09-10 18:09:23,2025-09-11 01:09:23,572,1059,0.319906,2,2209,0.206095,0.192881,0.773694,0.4,0.542809,0.75,0.0867397,0.0001,4.03936e-06,999999,-1.218169e-01,3,Vietnamese Exclusive Economic Zone,,,SVDNB_npp_d20250910_t1808204_e1809446_b71879_c20250910193708290000_oeac_ops.h5,GDNBO_npp_d20250910_t1808204_e1809446_b71879_c20250910193435689000_oeac_ops.h5,SVI04_npp_d20250910_t1808204_e1809446_b71879_c20250910193716857000_oeac_ops.dspace_rad,,eez_v11.shp,WPP_BFAR_merge.shp,vbd_mpa_r20170830.shp,VNF-VBD_npp_20120301-20151231_global_asia-enhanced_c201607211230.bitmask,vbd_landsea_r20220824.mask,timezone.shp,VBD_platforms-recurring_2015_r20170330.shp,999999,VBD_bridges_c20160811.shp,13.807614;11.988322;9.502959;4.653294;6.975082;8.905746,97.681961;111.744194;125.481216;124.205185;110.604576;96.769409,npp_d20250910_t1804042_e1805284_b71879;npp_d20250910_t1805296_e1806538_b71879;npp_d20250910_t1806550_e1808192_b71879;npp_d20250910_t1808204_e1809446_b71879,157.748,52.1795,46.5765,97.6174,19.4585,72.912
230,VBD_npp_d20250910_t1809230_x1043186E_y092106N_l0575_s1059_v23,2025-09-10 20:03:39,9.210582,104.318558,8.74672,2025-09-10 18:09:23,2025-09-11 01:09:23,575,1059,0.353835,2,2465,0.292218,0.191987,0.824691,0.4,0.714731,0.75,0.0867376,0.0001,4.00932e-06,999999,-1.144530e-01,3,Vietnamese Exclusive Economic Zone,,,SVDNB_npp_d20250910_t1808204_e1809446_b71879_c20250910193708290000_oeac_ops.h5,GDNBO_npp_d20250910_t1808204_e1809446_b71879_c20250910193435689000_oeac_ops.h5,SVI04_npp_d20250910_t1808204_e1809446_b71879_c20250910193716857000_oeac_ops.dspace_rad,,eez_v11.shp,WPP_BFAR_merge.shp,vbd_mpa_r20170830.shp,VNF-VBD_npp_20120301-20151231_global_asia-enhanced_c201607211230.bitmask,vbd_landsea_r20220824.mask,timezone.shp,VBD_platforms-recurring_2015_r20170330.shp,999999,VBD_bridges_c20160811.shp,13.807614;11.988322;9.502959;4.653294;6.975082;8.905746,97.681961;111.744194;125.481216;124.205185;110.604576;96.769409,npp_d20250910_t1804042_e1805284_b71879;npp_d20250910_t1805296_e1806538_b71879;npp_d20250910_t1806550_e1808192_b71879;npp_d20250910_t1808204_e1809446_b71879,157.763,52.2136,46.5775,97.4414,19.4673,72.8585
231,VBD_npp_d20250910_t1809247_x1043067E_y091259N_l0588_s1060_v23,2025-09-10 20:03:39,9.125875,104.306747,8.51288,2025-09-10 18:09:24,2025-09-11 01:09:24,588,1060,0.305679,2,2465,0.3175,0.177624,0.861268,0.4,0.718886,0.75,0.0867157,0.0001,4.07071e-06,999999,3.834282e-03,3,Vietnamese Exclusive Economic Zone,,,SVDNB_npp_d20250910_t1808204_e1809446_b71879_c20250910193708290000_oeac_ops.h5,GDNBO_npp_d20250910_t1808204_e1809446_b71879_c20250910193435689000_oeac_ops.h5,SVI04_npp_d20250910_t1808204_e1809446_b71879_c20250910193716857000_oeac_ops.dspace_rad,,eez_v11.shp,WPP_BFAR_merge.shp,vbd_mpa_r20170830.shp,VNF-VBD_npp_20120301-20151231_global_asia-enhanced_c201607211230.bitmask,vbd_landsea_r20220824.mask,timezone.shp,VBD_platforms-recurring_2015_r20170330.shp,999999,VBD_bridges_c20160811.shp,13.807614;11.988322;9.502959;4.653294;6.975082;8.905746,97.681961;111.744194;125.481216;124.205185;110.604576;96.769409,npp_d20250910_t1804042_e1805284_b71879;npp_d20250910_t1805296_e1806538_b71879;npp_d20250910_t1806550_e1808192_b71879;npp_d20250910_t1808204_e1809446_b71879,157.818,52.3706,46.5416,97.6303,19.4973,72.6283
232,VBD_npp_d20250910_t1809194_x1043879E_y094496N_l0538_s1062_v23,2025-09-10 20:03:39,9.449580,104.387863,8.68322,2025-09-10 18:09:19,2025-09-11 01:09:19,538,1062,0.311085,2,2465,0.300246,0.219924,0.512166,0.4,0.697123,0.75,0.0867756,0.0001,4.29881e-06,999999,-3.445298e-01,3,Vietnamese Exclusive Economic Zone,,,SVDNB_npp_d20250910_t1808204_e1809446_b71879_c20250910193708290000_oeac_ops.h5,GDNBO_npp_d20250910_t1808204_e1809446_b71879_c20250910193435689000_oeac_ops.h5,SVI04_npp_d20250910_t1808204_e1809446_b71879_c20250910193716857000_oeac_ops.dspace_rad,,eez_v11.shp,WPP_BFAR_merge.shp,vbd_mpa_r20170830.shp,VNF-VBD_npp_20120301-20151231_global_asia-enhanced_c201607211230.bitmask,vbd_landsea_r20220824.mask,timezone.shp,VBD_platforms-recurring_2015_r20170330.shp,999999,VBD_bridges_c20160811.shp,13.807614;11.988322;9.502959;4.653294;6.975082;8.905746,97.681961;111.744194;125.481216;124.205185;110.604576;96.769409,npp_d20250910_t1804042_e1805284_b71879;npp_d20250910_t1805296_e1806538_b71879;npp_d20250910_t1806550_e1808192_b71879;npp_d20250910_t1808204_e1809446_b71879,157.573,51.8443,46.476,97.718,19.3441,73.4843
233,VBD_npp_d20250910_t1809247_x1043297E_y091912N_l0578_s1062_v23,2025-09-10 20:03:39,9.191157,104.329689,12.0406,2025-09-10 18:09:24,2025-09-11 01:09:24,578,1062,0.362015,1,2529,0.43206,0.185682,0.824691,0.4,0.795693,0.75,0.0867468,0.0001,4.28833e-06,999999,-6.252824e-02,3,Vietnamese Exclusive Economic Zone,,,SVDNB_npp_d20250910_t1808204_e1809446_b71879_c20250910193708290000_oeac_ops.h5,GDNBO_npp_d20250910_t1808204_e1809446_b71879_c20250910193435689000_oeac_ops.h5,SVI04_npp_d20250910_t1808204_e1809446_b71879_c20250910193716857000_oeac_ops.dspace_rad,,eez_v11.shp,WPP_BFAR_merge.shp,vbd_mpa_r20170830.shp,VNF-VBD_npp_20120301-20151231_global_asia-enhanced_c201607211230.bitmask,vbd_landsea_r20220824.mask,timezone.shp,VBD_platforms-recurring_2015_r20170330.shp,999999,VBD_bridges_c20160811.shp,13.807614;11.988322;9.502959;4.653294;6.975082;8.905746,97.681961;111.744194;125.481216;124.205185;110.604576;96.769409,npp_d20250910_t1804042_e1805284_b71879;npp_d20250910_t1805296_e1806538_b71879;npp_d20250910_t1806550_e1808192_b71879;npp_d20250910_t1808204_e1809446_b71879,157.76,52.2816,46.4761,98.2194,19.4556,72.7921
234,VBD_npp_d20250910_t1809247_x1043249E_y091576N_l0583_s1062_v23,2025-09-10 20:03:39,9.157605,104.324883,7.03116,2025-09-10 18:09:24,2025-09-11 01:09:24,583,1062,0.362086,2,2465,0.281125,0.193644,0.873881,0.4,0.742832,0.75,0.0867355,0.0001,4.23724e-06,999999,-1.281056e-01,3,Vietnamese Exclusive Economic Zone,,,SVDNB_npp_d20250910_t1808204_e1809446_b71879_c20250910193708290000_oeac_ops.h5,GDNBO_npp_d20250910_t1808204_e1809446_b71879_c20250910193435689000_oeac_ops.h5,SVI04_npp_d20250910_t1808204_e1809446_b71879_c20250910193716857000_oeac_ops.dspace_rad,,eez_v11.shp,WPP_BFAR_merge.shp,vbd_mpa_r20170830.shp,VNF-VBD_npp_20120301-20151231_global_asia-enhanced_c201607211230.bitmask,vbd_landsea_r20220824.mask,timezone.shp,VBD_platforms-recurring_2015_r20170330.shp,999999,VBD_bridges_c20160811.shp,13.807614;11.988322;9.502959;4.653294;6.975082;8.905746,97.681961;111.744194;125.481216;124.205185;110.604576;96.769409,npp_d20250910_t1804042_e1805284_b71879;npp_d20250910_t1805296_e1806538_b71879;npp_d20250910_t1806550_e1808192_b71879;npp_d20250910_t1808204_e1809446_b71879,157.785,52.3387,46.4761,97.9258,19.4704,72.703
235,VBD_npp_d20250910_t1809247_x1043296E_y091433N_l0585_s1063_v23,2025-09-10 20:03:39,9.143265,104.329613,12.877,2025-09-10 18:09:24,2025-09-11 01:09:24,585,1063,0.374748,1,2529,0.50502,0.195264,0.898408,0.4,0.864039,0.75,0.0867352,0.0001,4.27542e-06,999999,-1.414475e-01,3,Vietnamese Exclusive Economic Zone,,,SVDNB_npp_d20250910_t1808204_e1809446_b71879_c20250910193708290000_oeac_ops.h5,GDNBO_npp_d20250910_t1808204_e1809446_b71879_c20250910193435689000_oeac_ops.h5,SVI04_npp_d20250910_t1808204_e1809446_b71879_c20250910193716857000_oeac_ops.dspace_rad,,eez_v11.shp,WPP_BFAR_merge.shp,vbd_mpa_r20170830.shp,VNF-VBD_npp_20120301-20151231_global_asia-enhanced_c201607211230.bitmask,vbd_landsea_r20220824.mask,timezone.shp,VBD_platforms-recurring_2015_r20170330.shp,999999,VBD_bridges_c20160811.shp,13.807614;11.988322;9.502959;4.653294;6.975082;8.905746,97.681961;111.744194;125.481216;124.205185;110.604576;96.769409,npp_d20250910_t1804042_e1805284_b71879;npp_d20250910_t1805296_e1806538_b71879;npp_d20250910_t1806550_e1808192_b71879;npp_d20250910_t1808204_e1809446_b71879,157.79,52.3742,46.4441,97.8093,19.4702,72.6604
236,VBD_npp_d20250910_t1809247_x1043490E_y091828N_l0579_s1065_v23,2025-09-10 20:03:39,9.182794,104.349014,8.55507,2025-09-10 18:09:24,2025-09-11 01:09:24,579,1065,0.363011,1,2529,0.327895,0.194506,0.885896,0.4,0.751133,0.75,0.0867572,0.0001,4.46308e-06,999999,-1.352034e-01,3,Vietnamese Exclusive Economic Zone,,,SVDNB_npp_d20250910_t1808204_e1809446_b71879_c20250910193708290000_oeac_ops.h5,GDNBO_npp_d20250910_t1808204_e1809446_b71879_c20250910193435689000_oeac_ops.h5,SVI04_npp_d20250910_t1808204_e1809446_b71879_c20250910193716857000_oeac_ops.dspace_rad,,eez_v11.shp,WPP_BFAR_merge.shp,vbd_mpa_r20170830.shp,VNF-VBD_npp_20120301-20151231_global_asia-enhanced_c201607211230.bitmask,vbd_landsea_r20220824.mask,timezone.shp,VBD_platforms-recurring_2015_r20170330.shp,999999,VBD_bridges_c20160811.shp,13.807614;11.988322;9.502959;4.653294;6.975082;8.905746,97.681961;111.744194;125.481216;124.205185;110.604576;96.769409,npp_d20250910_t1804042_e1805284_b71879;npp_d20250910_t1805296_e1806538_b71879;npp_d20250910_t1806550_e1808192_b71879;npp_d20250910_t1808204_e1809446_b71879,157.75,52.3294,46.3783,98.1748,19.4396,72.7559
237,VBD_npp_d20250910_t1809247_x1043441E_y091482N_l0584_s1065_v23,2025-09-10 20:03:39,9.148196,104.344147,7.2278,2025-09-10 18:09:24,2025-09-11 01:09:24,584,1065,0.331927,2,2465,0.280329,0.174471,0.898408,0.4,0.688683,0.75,0.086746,0.0001,4.40805e-06,999999,2.979658e-02,3,Vietnamese Exclusive Economic Zone,,,SVDNB_npp_d20250910_t1808204_e1809446_b71879_c20250910193708290000_oeac_ops.h5,GDNBO_npp_d20250910_t1808204_e1809446_b71879_c20250910193435689000_oeac_ops.h5,SVI04_npp_d20250910_t1808204_e1809446_b71879_c20250910193716857000_oeac_ops.dspace_rad,,eez_v11.shp,WPP_BFAR_merge.shp,vbd_mpa_r20170830.shp,VNF-VBD_npp_20120301-20151231_global_asia-enhanced_c201607211230.bitmask,vbd_landsea_r20220824.mask,timezone.shp,VBD_platforms-recurring_2015_r20170330.shp,999999,VBD_bridges_c20160811.shp,13.807614;11.988322;9.502959;4.653294;6.975082;8.905746,97.681961;111.744194;125.481216;124.205185;110.604576;96.769409,npp_d20250910_t1804042_e1805284_b71879;npp_d20250910_t1805296_e1806538_b71879;npp_d20250910_t1806550_e1808192_b71879;npp_d20250910_t1808204_e1809446_b71879,157.775,52.3883,46.3785,97.8711,19.4548,72.664
238,VBD_npp_d20250910_t1809247_x1043491E_y091334N_l0586_s1066_v23,2025-09-10 20:03:39,9.133406,104.349091,10.9808,2025-09-10 18:09:24,2025-09-11 01:09:24,586,1066,0.376028,1,2529,0.412247,0.170334,0.898408,0.4,0.823722,0.75,0.0867457,0.0001,4.45035e-06,999999,6.387217e-02,3,Vietnamese Exclusive Economic Zone,,,SVDNB_npp_d20250910_t1808204_e1809446_b71879_c20250910193708290000_oeac_ops.h5,GDNBO_npp_d20250910_t1808204_e1809446_b71879_c20250910193435689000_oeac_ops.h5,SVI04_npp_d20250910_t1808204_e1809446_b71879_c20250910193716857000_oeac_ops.dspace_rad,,eez_v11.shp,WPP_BFAR_merge.shp,vbd_mpa_r20170830.shp,VNF-VBD_npp_20120301-20151231_global_asia-enhanced_c201607211230.bitmask,vbd_landsea_r20220824.mask,timezone.shp,VBD_platforms-recurring_2015_r20170330.shp,999999,VBD_bridges_c20160811.shp,13.807614;11.988322;9.502959;4.653294;6.975082;8.905746,97.681961;111.744194;125.481216;124.205185;110.604576;96.769409,npp_d20250910_t1804042_e1805284_b71879;npp_d20250910_t1805296_e1806538_b71879;npp_d20250910_t1806550_e1808192_b71879;npp_d20250910_t1808204_e1809446_b71879,157.78,52.4252,46.3447,97.7506,19.4545,72.6198
239,VBD_npp_d20250910_t1809247_x1043451E_y091058N_l0590_s1066_v23,2025-09-10 20:03:39,9.105753,104.345108,10.8908,2025-09-10 18:09:24,2025-09-11 01:09:24,590,1066,0.37681,1,2529,0.44496,0.154605,0.889474,0.4,0.84269,0.75,0.0867367,0.0001,4.40486e-06,999999,1.934064e-01,3,Vietnamese Exclusive Economic Zone,,,SVDNB_npp_d20250910_t1808204_e1809446_b71879_c20250910193708290000_oeac_ops.h5,GDNBO_npp_d20250910_t1808204_e1809446_b71879_c20250910193435689000_oeac_ops.h5,SVI04_npp_d20250910_t1808204_e1809446_b71879_c20250910193716857000_oeac_ops.dspace_rad,,eez_v11.shp,WPP_BFAR_merge.shp,vbd_mpa_r20170830.shp,VNF-VBD_npp_20120301-20151231_global_asia-enhanced_c201607211230.bitmask,vbd_landsea_r20220824.mask,timezone.shp,VBD_platforms-recurring_2015_r20170330.shp,999999,VBD_bridges_c20160811.shp,13.807614;11.988322;9.502959;4.653294;6.975082;8.905746,97.681961;111.744194;125.481216;124.205185;110.604576;96.769409,npp_d20250910_t1804042_e1805284_b71879;npp_d20250910_t1805296_e1806538_b71879;npp_d20250910_t1806550_e1808192_b71879;npp_d20250910_t1808204_e1809446_b71879,157.8,52.4724,46.3459,97.5076,19.4667,72.5465
240,VBD_npp_d20250910_t1809247_x1043611E_y091670N_l0581_s1067_v23,2025-09-10 20:03:39,9.166978,104.361145,7.01904,2025-09-10 18:09:24,2025-09-11 01:09:24,581,1067,0.372329,7,2465,0.251693,0.174266,0.897885,0.4,0.690049,0.75,0.0867612,0.0001,4.57266e-06,999999,3.148655e-02,3,,,,SVDNB_npp_d20250910_t1808204_e1809446_b71879_c20250910193708290000_oeac_ops.h5,GDNBO_npp_d20250910_t1808204_e1809446_b71879_c20250910193435689000_oeac_ops.h5,SVI04_npp_d20250910_t1808204_e1809446_b71879_c20250910193716857000_oeac_ops.dspace_rad,,eez_v11.shp,WPP_BFAR_merge.shp,vbd_mpa_r20170830.shp,VNF-VBD_npp_20120301-20151231_global_asia-enhanced_c201607211230.bitmask,vbd_landsea_r20220824.mask,timezone.shp,VBD_platforms-recurring_2015_r20170330.shp,999999,VBD_bridges_c20160811.shp,13.807614;11.988322;9.502959;4.653294;6.975082;8.905746,97.681961;111.744194;125.481216;124.205185;110.604576;96.769409,npp_d20250910_t1804042_e1805284_b71879;npp_d20250910_t1805296_e1806538_b71879;npp_d20250910_t1806550_e1808192_b71879;npp_d20250910_t1808204_e1809446_b71879,157.751,52.3796,46.31,98.0557,19.4329,72.704
241,VBD_npp_d20250910_t1809247_x1043541E_y091186N_l0588_s1067_v23,2025-09-10 20:03:39,9.118619,104.354111,6.16757,2025-09-10 18:09:24,2025-09-11 01:09:24,588,1067,0.383995,2,2465,0.264162,0.17438,0.90513,0.4,0.674713,0.75,0.0867454,0.0001,4.49275e-06,999999,3.055160e-02,3,Vietnamese Exclusive Economic Zone,,,SVDNB_npp_d20250910_t1808204_e1809446_b71879_c20250910193708290000_oeac_ops.h5,GDNBO_npp_d20250910_t1808204_e1809446_b71879_c20250910193435689000_oeac_ops.h5,SVI04_npp_d20250910_t1808204_e1809446_b71879_c20250910193716857000_oeac_ops.dspace_rad,,eez_v11.shp,WPP_BFAR_merge.shp,vbd_mpa_r20170830.shp,VNF-VBD_npp_20120301-20151231_global_asia-enhanced_c201607211230.bitmask,vbd_landsea_r20220824.mask,timezone.shp,VBD_platforms-recurring_2015_r20170330.shp,999999,VBD_bridges_c20160811.shp,13.807614;11.988322;9.502959;4.653294;6.975082;8.905746,97.681961;111.744194;125.481216;124.205185;110.604576;96.769409,npp_d20250910_t1804042_e1805284_b71879;npp_d20250910_t1805296_e1806538_b71879;npp_d20250910_t1806550_e1808192_b71879;npp_d20250910_t1808204_e1809446_b71879,157.786,52.4621,46.3111,97.6301,19.4542,72.5756
242,VBD_npp_d20250910_t1809265_x1043492E_y090824N_l0594_s1068_v23,2025-09-10 20:03:39,9.082376,104.349197,7.20363,2025-09-10 18:09:26,2025-09-11 01:09:26,594,1068,0.381007,1,2529,0.307119,0.169313,0.866635,0.4,0.752536,0.75,0.0867361,0.0001,4.64207e-06,999999,7.227587e-02,3,Vietnamese Exclusive Economic Zone,,,SVDNB_npp_d20250910_t1808204_e1809446_b71879_c20250910193708290000_oeac_ops.h5,GDNBO_npp_d20250910_t1808204_e1809446_b71879_c20250910193435689000_oeac_ops.h5,SVI04_npp_d20250910_t1808204_e1809446_b71879_c20250910193716857000_oeac_ops.dspace_rad,,eez_v11.shp,WPP_BFAR_merge.shp,vbd_mpa_r20170830.shp,VNF-VBD_npp_20120301-20151231_global_asia-enhanced_c201607211230.bitmask,vbd_landsea_r20220824.mask,timezone.shp,VBD_platforms-recurring_2015_r20170330.shp,999999,VBD_bridges_c20160811.shp,13.807614;11.988322;9.502959;4.653294;6.975082;8.905746,97.681961;111.744194;125.481216;124.205185;110.604576;96.769409,npp_d20250910_t1804042_e1805284_b71879;npp_d20250910_t1805296_e1806538_b71879;npp_d20250910_t1806550_e1808192_b71879;npp_d20250910_t1808204_e1809446_b71879,157.806,52.5366,46.2752,98.2474,19.4631,72.474
243,VBD_npp_d20250910_t1809247_x1043731E_y091512N_l0583_s1069_v23,2025-09-10 20:03:39,9.151217,104.373077,32.7109,2025-09-10 18:09:24,2025-09-11 01:09:24,583,1069,0.374534,1,2529,0.824467,0.165488,0.91063,0.4,0.924019,0.75,0.0867652,0.0001,4.68434e-06,999999,1.037787e-01,3,Vietnamese Exclusive Economic Zone,,,SVDNB_npp_d20250910_t1808204_e1809446_b71879_c20250910193708290000_oeac_ops.h5,GDNBO_npp_d20250910_t1808204_e1809446_b71879_c20250910193435689000_oeac_ops.h5,SVI04_npp_d20250910_t1808204_e1809446_b71879_c20250910193716857000_oeac_ops.dspace_rad,,eez_v11.shp,WPP_BFAR_merge.shp,vbd_mpa_r20170830.shp,VNF-VBD_npp_20120301-20151231_global_asia-enhanced_c201607211230.bitmask,vbd_landsea_r20220824.mask,timezone.shp,VBD_platforms-recurring_2015_r20170330.shp,999999,VBD_bridges_c20160811.shp,13.807614;11.988322;9.502959;4.653294;6.975082;8.905746,97.681961;111.744194;125.481216;124.205185;110.604576;96.769409,npp_d20250910_t1804042_e1805284_b71879;npp_d20250910_t1805296_e1806538_b71879;npp_d20250910_t1806550_e1808192_b71879;npp_d20250910_t1808204_e1809446_b71879,157.751,52.4298,46.2418,97.9363,19.4261,72.6522
244,VBD_npp_d20250910_t1809247_x1043641E_y090891N_l0592_s1069_v23,2025-09-10 20:03:39,9.089088,104.364136,9.10082,2025-09-10 18:09:24,2025-09-11 01:09:24,592,1069,0.384635,1,2529,0.394297,0.17135,0.866635,0.4,0.799892,0.75,0.0867449,0.0001,4.57781e-06,999999,5.549819e-02,3,Vietnamese Exclusive Economic Zone,,,SVDNB_npp_d20250910_t1808204_e1809446_b71879_c20250910193708290000_oeac_ops.h5,GDNBO_npp_d20250910_t1808204_e1809446_b71879_c20250910193435689000_oeac_ops.h5,SVI04_npp_d20250910_t1808204_e1809446_b71879_c20250910193716857000_oeac_ops.dspace_rad,,eez_v11.shp,WPP_BFAR_merge.shp,vbd_mpa_r20170830.shp,VNF-VBD_npp_20120301-20151231_global_asia-enhanced_c201607211230.bitmask,vbd_landsea_r20220824.mask,timezone.shp,VBD_platforms-recurring_2015_r20170330.shp,999999,VBD_bridges_c20160811.shp,13.807614;11.988322;9.502959;4.653294;6.975082;8.905746,97.681961;111.744194;125.481216;124.205185;110.604576;96.769409,npp_d20250910_t1804042_e1805284_b71879;npp_d20250910_t1805296_e1806538_b71879;npp_d20250910_t1806550_e1808192_b71879;npp_d20250910_t1808204_e1809446_b71879,157.796,52.5358,46.2443,97.3884,19.4536,72.4874
245,VBD_npp_d20250910_t1809247_x1043830E_y091709N_l0580_s1070_v23,2025-09-10 20:03:39,9.170940,104.383034,42.702,2025-09-10 18:09:24,2025-09-11 01:09:24,580,1070,0.360735,1,2529,0.806745,0.173092,0.897885,0.4,0.899616,0.75,0.0867762,0.0001,4.78819e-06,999999,4.115535e-02,3,Vietnamese Exclusive Economic Zone,,,SVDNB_npp_d20250910_t1808204_e1809446_b71879_c20250910193708290000_oeac_ops.h5,GDNBO_npp_d20250910_t1808204_e1809446_b71879_c20250910193435689000_oeac_ops.h5,SVI04_npp_d20250910_t1808204_e1809446_b71879_c20250910193716857000_oeac_ops.dspace_rad,,eez_v11.shp,WPP_BFAR_merge.shp,vbd_mpa_r20170830.shp,VNF-VBD_npp_20120301-20151231_global_asia-enhanced_c201607211230.bitmask,vbd_landsea_r20220824.mask,timezone.shp,VBD_platforms-recurring_2015_r20170330.shp,999999,VBD_bridges_c20160811.shp,13.807614;11.988322;9.502959;4.653294;6.975082;8.905746,97.681961;111.744194;125.481216;124.205185;110.604576;96.769409,npp_d20250910_t1804042_e1805284_b71879;npp_d20250910_t1805296_e1806538_b71879;npp_d20250910_t1806550_e1808192_b71879;npp_d20250910_t1808204_e1809446_b71879,157.731,52.4078,46.2075,98.1201,19.4106,72.6998
246,VBD_npp_d20250910_t1809265_x1043642E_y090873N_l0593_s1070_v23,2025-09-10 20:03:39,9.087288,104.364174,9.57428,2025-09-10 18:09:26,2025-09-11 01:09:26,593,1070,0.384635,2,2465,0.364141,0.176526,0.866635,0.4,0.743644,0.75,0.0867469,0.0001,4.79063e-06,999999,1.287630e-02,3,Vietnamese Exclusive Economic Zone,,,SVDNB_npp_d20250910_t1808204_e1809446_b71879_c20250910193708290000_oeac_ops.h5,GDNBO_npp_d20250910_t1808204_e1809446_b71879_c20250910193435689000_oeac_ops.h5,SVI04_npp_d20250910_t1808204_e1809446_b71879_c20250910193716857000_oeac_ops.dspace_rad,,eez_v11.shp,WPP_BFAR_merge.shp,vbd_mpa_r20170830.shp,VNF-VBD_npp_20120301-20151231_global_asia-enhanced_c201607211230.bitmask,vbd_landsea_r20220824.mask,timezone.shp,VBD_platforms-recurring_2015_r20170330.shp,999999,VBD_bridges_c20160811.shp,13.807614;11.988322;9.502959;4.653294;6.975082;8.905746,97.681961;111.744194;125.481216;124.205185;110.604576;96.769409,npp_d20250910_t1804042_e1805284_b71879;npp_d20250910_t1805296_e1806538_b71879;npp_d20250910_t1806550_e1808192_b71879;npp_d20250910_t1808204_e1809446_b71879,157.791,52.5515,46.207,98.3109,19.4473,72.477
247,VBD_npp_d20250910_t1809247_x1043911E_y091276N_l0586_s1072_v23,2025-09-10 20:03:39,9.127612,104.391068,13.4088,2025-09-10 18:09:24,2025-09-11 01:09:24,586,1072,0.378446,1,2529,0.509007,0.170529,0.904448,0.4,0.849412,0.75,0.0867712,0.0001,4.85586e-06,999999,6.225998e-02,3,Vietnamese Exclusive Economic Zone,,,SVDNB_npp_d20250910_t1808204_e1809446_b71879_c20250910193708290000_oeac_ops.h5,GDNBO_npp_d20250910_t1808204_e1809446_b71879_c20250910193435689000_oeac_ops.h5,SVI04_npp_d20250910_t1808204_e1809446_b71879_c20250910193716857000_oeac_ops.dspace_rad,,eez_v11.shp,WPP_BFAR_merge.shp,vbd_mpa_r20170830.shp,VNF-VBD_npp_20120301-20151231_global_asia-enhanced_c201607211230.bitmask,vbd_landsea_r20220824.mask,timezone.shp,VBD_platforms-recurring_2015_r20170330.shp,999999,VBD_bridges_c20160811.shp,13.807614;11.988322;9.502959;4.653294;6.975082;8.905746,97.681961;111.744194;125.481216;124.205185;110.604576;96.769409,npp_d20250910_t1804042_e1805284_b71879;npp_d20250910_t1805296_e1806538_b71879;npp_d20250910_t1806550_e1808192_b71879;npp_d20250910_t1808204_e1809446_b71879,157.751,52.5048,46.1398,97.7567,19.4161,72.5747
248,VBD_npp_d20250910_t1809247_x1044060E_y091818N_l0578_s1073_v23,2025-09-10 20:03:39,9.181756,104.406021,9.13333,2025-09-10 18:09:24,2025-09-11 01:09:24,578,1073,0.364789,2,2465,0.294172,0.177427,0.863263,0.4,0.599685,0.75,0.0867935,0.0001,5.02498e-06,999999,5.450626e-03,3,Vietnamese Exclusive Economic Zone,,,SVDNB_npp_d20250910_t1808204_e1809446_b71879_c20250910193708290000_oeac_ops.h5,GDNBO_npp_d20250910_t1808204_e1809446_b71879_c20250910193435689000_oeac_ops.h5,SVI04_npp_d20250910_t1808204_e1809446_b71879_c20250910193716857000_oeac_ops.dspace_rad,,eez_v11.shp,WPP_BFAR_merge.shp,vbd_mpa_r20170830.shp,VNF-VBD_npp_20120301-20151231_global_asia-enhanced_c201607211230.bitmask,vbd_landsea_r20220824.mask,timezone.shp,VBD_platforms-recurring_2015_r20170330.shp,999999,VBD_bridges_c20160811.shp,13.807614;11.988322;9.502959;4.653294;6.975082;8.905746,97.681961;111.744194;125.481216;124.205185;110.604576;96.769409,npp_d20250910_t1804042_e1805284_b71879;npp_d20250910_t1805296_e1806538_b71879;npp_d20250910_t1806550_e1808192_b71879;npp_d20250910_t1808204_e1809446_b71879,157.706,52.4242,46.1052,98.2458,19.3854,72.7139
249,VBD_npp_d20250910_t1809247_x1044030E_y091611N_l0581_s1073_v23,2025-09-10 20:03:39,9.161098,104.402977,5.7706,2025-09-10 18:09:24,2025-09-11 01:09:24,581,1073,0.374107,7,2209,0.19103,0.185649,0.894883,0.4,0.563108,0.75,0.0867867,0.0001,4.98837e-06,999999,-6.225750e-02,3,,,,SVDNB_npp_d20250910_t1808204_e1809446_b71879_c20250910193708290000_oeac_ops.h5,GDNBO_npp_d20250910_t1808204_e1809446_b71879_c20250910193435689000_oeac_ops.h5,SVI04_npp_d20250910_t1808204_e1809446_b71879_c20250910193716857000_oeac_ops.dspace_rad,,eez_v11.shp,WPP_BFAR_merge.shp,vbd_mpa_r20170830.shp,VNF-VBD_npp_20120301-20151231_global_asia-enhanced_c201607211230.bitmask,vbd_landsea_r20220824.mask,timezone.shp,VBD_platforms-recurring_2015_r20170330.shp,999999,VBD_bridges_c20160811.shp,13.807614;11.988322;9.502959;4.653294;6.975082;8.905746,97.681961;111.744194;125.481216;124.205185;110.604576;96.769409,npp_d20250910_t1804042_e1805284_b71879;npp_d20250910_t1805296_e1806538_b71879;npp_d20250910_t1806550_e1808192_b71879;npp_d20250910_t1808204_e1809446_b71879,157.721,52.4594,46.1051,98.0628,19.3945,72.6588
250,VBD_npp_d20250910_t1809247_x1044010E_y091473N_l0583_s1073_v23,2025-09-10 20:03:39,9.147318,104.401009,16.0653,2025-09-10 18:09:24,2025-09-11 01:09:24,583,1073,0.380082,8,18913,0.558596,0.187741,0.904448,0.4,0.876042,0.75,0.0867822,0.0001,4.96377e-06,999999,-7.948456e-02,3,Vietnamese Exclusive Economic Zone,,,SVDNB_npp_d20250910_t1808204_e1809446_b71879_c20250910193708290000_oeac_ops.h5,GDNBO_npp_d20250910_t1808204_e1809446_b71879_c20250910193435689000_oeac_ops.h5,SVI04_npp_d20250910_t1808204_e1809446_b71879_c20250910193716857000_oeac_ops.dspace_rad,,eez_v11.shp,WPP_BFAR_merge.shp,vbd_mpa_r20170830.shp,VNF-VBD_npp_20120301-20151231_global_asia-enhanced_c201607211230.bitmask,vbd_landsea_r20220824.mask,timezone.shp,VBD_platforms-recurring_2015_r20170330.shp,0.857636,VBD_bridges_c20160811.shp,13.807614;11.988322;9.502959;4.653294;6.975082;8.905746,97.681961;111.744194;125.481216;124.205185;110.604576;96.769409,npp_d20250910_t1804042_e1805284_b71879;npp_d20250910_t1805296_e1806538_b71879;npp_d20250910_t1806550_e1808192_b71879;npp_d20250910_t1808204_e1809446_b71879,157.731,52.4828,46.1052,97.9408,19.4005,72.6221
251,VBD_npp_d20250910_t1809247_x1043951E_y091060N_l0589_s1073_v23,2025-09-10 20:03:39,9.105982,104.395065,5.25788,2025-09-10 18:09:24,2025-09-11 01:09:24,589,1073,0.37617,2,2209,0.212265,0.171393,0.896699,0.4,0.608938,0.75,0.0867687,0.0001,4.88908e-06,999999,5.514556e-02,3,Vietnamese Exclusive Economic Zone,,,SVDNB_npp_d20250910_t1808204_e1809446_b71879_c20250910193708290000_oeac_ops.h5,GDNBO_npp_d20250910_t1808204_e1809446_b71879_c20250910193435689000_oeac_ops.h5,SVI04_npp_d20250910_t1808204_e1809446_b71879_c20250910193716857000_oeac_ops.dspace_rad,,eez_v11.shp,WPP_BFAR_merge.shp,vbd_mpa_r20170830.shp,VNF-VBD_npp_20120301-20151231_global_asia-enhanced_c201607211230.bitmask,vbd_landsea_r20220824.mask,timezone.shp,VBD_platforms-recurring_2015_r20170330.shp,999999,VBD_bridges_c20160811.shp,13.807614;11.988322;9.502959;4.653294;6.975082;8.905746,97.681961;111.744194;125.481216;124.205185;110.604576;96.769409,npp_d20250910_t1804042_e1805284_b71879;npp_d20250910_t1805296_e1806538_b71879;npp_d20250910_t1806550_e1808192_b71879;npp_d20250910_t1808204_e1809446_b71879,157.761,52.5533,46.1065,97.5747,19.4188,72.5123
252,VBD_npp_d20250910_t1809123_x1045634E_y098467N_l0475_s1075_v23,2025-09-10 20:03:39,9.846657,104.563416,10.3087,2025-09-10 18:09:12,2025-09-11 01:09:12,475,1075,0.345513,2,2465,0.276123,0.221822,0.588524,0.4,0.630515,0.75,0.0868823,0.0001,5.29875e-06,999999,-3.601664e-01,3,Vietnamese Exclusive Economic Zone,,,SVDNB_npp_d20250910_t1808204_e1809446_b71879_c20250910193708290000_oeac_ops.h5,GDNBO_npp_d20250910_t1808204_e1809446_b71879_c20250910193435689000_oeac_ops.h5,SVI04_npp_d20250910_t1808204_e1809446_b71879_c20250910193716857000_oeac_ops.dspace_rad,,eez_v11.shp,WPP_BFAR_merge.shp,vbd_mpa_r20170830.shp,VNF-VBD_npp_20120301-20151231_global_asia-enhanced_c201607211230.bitmask,vbd_landsea_r20220824.mask,timezone.shp,VBD_platforms-recurring_2015_r20170330.shp,999999,VBD_bridges_c20160811.shp,13.807614;11.988322;9.502959;4.653294;6.975082;8.905746,97.681961;111.744194;125.481216;124.205185;110.604576;96.769409,npp_d20250910_t1804042_e1805284_b71879;npp_d20250910_t1805296_e1806538_b71879;npp_d20250910_t1806550_e1808192_b71879;npp_d20250910_t1808204_e1809446_b71879,157.214,51.3361,46.0425,97.6285,19.0911,74.5092
253,VBD_npp_d20250910_t1809247_x1044159E_y091523N_l0582_s1075_v23,2025-09-10 20:03:39,9.152259,104.415901,8.716,2025-09-10 18:09:24,2025-09-11 01:09:24,582,1075,0.377166,8,18849,0.321989,0.174544,0.88497,0.4,0.746441,0.75,0.086793,0.0001,5.12146e-06,999999,2.919486e-02,3,Vietnamese Exclusive Economic Zone,,,SVDNB_npp_d20250910_t1808204_e1809446_b71879_c20250910193708290000_oeac_ops.h5,GDNBO_npp_d20250910_t1808204_e1809446_b71879_c20250910193435689000_oeac_ops.h5,SVI04_npp_d20250910_t1808204_e1809446_b71879_c20250910193716857000_oeac_ops.dspace_rad,,eez_v11.shp,WPP_BFAR_merge.shp,vbd_mpa_r20170830.shp,VNF-VBD_npp_20120301-20151231_global_asia-enhanced_c201607211230.bitmask,vbd_landsea_r20220824.mask,timezone.shp,VBD_platforms-recurring_2015_r20170330.shp,0.867933,VBD_bridges_c20160811.shp,13.807614;11.988322;9.502959;4.653294;6.975082;8.905746,97.681961;111.744194;125.481216;124.205185;110.604576;96.769409,npp_d20250910_t1804042_e1805284_b71879;npp_d20250910_t1805296_e1806538_b71879;npp_d20250910_t1806550_e1808192_b71879;npp_d20250910_t1808204_e1809446_b71879,157.717,52.4975,46.0369,98.0041,19.3848,72.6255
254,VBD_npp_d20250910_t1809230_x1044393E_y092209N_l0571_s1076_v23,2025-09-10 20:03:39,9.220863,104.439316,16.1682,2025-09-10 18:09:23,2025-09-11 01:09:23,571,1076,0.36863,1,2529,0.501896,0.187765,0.840042,0.4,0.845063,0.75,0.0868127,0.0001,5.16227e-06,999999,-7.968844e-02,3,Vietnamese Exclusive Economic Zone,,,SVDNB_npp_d20250910_t1808204_e1809446_b71879_c20250910193708290000_oeac_ops.h5,GDNBO_npp_d20250910_t1808204_e1809446_b71879_c20250910193435689000_oeac_ops.h5,SVI04_npp_d20250910_t1808204_e1809446_b71879_c20250910193716857000_oeac_ops.dspace_rad,,eez_v11.shp,WPP_BFAR_merge.shp,vbd_mpa_r20170830.shp,VNF-VBD_npp_20120301-20151231_global_asia-enhanced_c201607211230.bitmask,vbd_landsea_r20220824.mask,timezone.shp,VBD_platforms-recurring_2015_r20170330.shp,999999,VBD_bridges_c20160811.shp,13.807614;11.988322;9.502959;4.653294;6.975082;8.905746,97.681961;111.744194;125.481216;124.205185;110.604576;96.769409,npp_d20250910_t1804042_e1805284_b71879;npp_d20250910_t1805296_e1806538_b71879;npp_d20250910_t1806550_e1808192_b71879;npp_d20250910_t1808204_e1809446_b71879,157.662,52.391,46.0062,97.6878,19.3484,72.8045
255,VBD_npp_d20250910_t1809247_x1044248E_y091650N_l0580_s1076_v23,2025-09-10 20:03:39,9.165045,104.424812,7.20452,2025-09-10 18:09:24,2025-09-11 01:09:24,580,1076,0.36927,2,2465,0.279477,0.176058,0.88497,0.4,0.681093,0.75,0.0868017,0.0001,5.2211e-06,999999,1.672548e-02,3,Vietnamese Exclusive Economic Zone,,,SVDNB_npp_d20250910_t1808204_e1809446_b71879_c20250910193708290000_oeac_ops.h5,GDNBO_npp_d20250910_t1808204_e1809446_b71879_c20250910193435689000_oeac_ops.h5,SVI04_npp_d20250910_t1808204_e1809446_b71879_c20250910193716857000_oeac_ops.dspace_rad,,eez_v11.shp,WPP_BFAR_merge.shp,vbd_mpa_r20170830.shp,VNF-VBD_npp_20120301-20151231_global_asia-enhanced_c201607211230.bitmask,vbd_landsea_r20220824.mask,timezone.shp,VBD_platforms-recurring_2015_r20170330.shp,999999,VBD_bridges_c20160811.shp,13.807614;11.988322;9.502959;4.653294;6.975082;8.905746,97.681961;111.744194;125.481216;124.205185;110.604576;96.769409,npp_d20250910_t1804042_e1805284_b71879;npp_d20250910_t1805296_e1806538_b71879;npp_d20250910_t1806550_e1808192_b71879;npp_d20250910_t1808204_e1809446_b71879,157.702,52.4872,46.0028,98.1275,19.3723,72.6546
256,VBD_npp_d20250910_t1809247_x1044179E_y091169N_l0587_s1076_v23,2025-09-10 20:03:39,9.116890,104.417900,6.48923,2025-09-10 18:09:24,2025-09-11 01:09:24,587,1076,0.37617,2,2465,0.259385,0.195342,0.876462,0.4,0.72577,0.75,0.0867859,0.0001,5.13101e-06,999999,-1.420891e-01,3,Vietnamese Exclusive Economic Zone,,,SVDNB_npp_d20250910_t1808204_e1809446_b71879_c20250910193708290000_oeac_ops.h5,GDNBO_npp_d20250910_t1808204_e1809446_b71879_c20250910193435689000_oeac_ops.h5,SVI04_npp_d20250910_t1808204_e1809446_b71879_c20250910193716857000_oeac_ops.dspace_rad,,eez_v11.shp,WPP_BFAR_merge.shp,vbd_mpa_r20170830.shp,VNF-VBD_npp_20120301-20151231_global_asia-enhanced_c201607211230.bitmask,vbd_landsea_r20220824.mask,timezone.shp,VBD_platforms-recurring_2015_r20170330.shp,999999,VBD_bridges_c20160811.shp,13.807614;11.988322;9.502959;4.653294;6.975082;8.905746,97.681961;111.744194;125.481216;124.205185;110.604576;96.769409,npp_d20250910_t1804042_e1805284_b71879;npp_d20250910_t1805296_e1806538_b71879;npp_d20250910_t1806550_e1808192_b71879;npp_d20250910_t1808204_e1809446_b71879,157.737,52.5693,46.0037,97.6996,19.3936,72.5264
257,VBD_npp_d20250910_t1809247_x1044219E_y090953N_l0590_s1077_v23,2025-09-10 20:03:39,9.095308,104.421852,8.1639,2025-09-10 18:09:24,2025-09-11 01:09:24,590,1077,0.371404,1,2529,0.321147,0.200089,0.876462,0.4,0.773961,0.75,0.0867834,0.0001,5.16546e-06,999999,-1.811822e-01,3,Vietnamese Exclusive Economic Zone,,,SVDNB_npp_d20250910_t1808204_e1809446_b71879_c20250910193708290000_oeac_ops.h5,GDNBO_npp_d20250910_t1808204_e1809446_b71879_c20250910193435689000_oeac_ops.h5,SVI04_npp_d20250910_t1808204_e1809446_b71879_c20250910193716857000_oeac_ops.dspace_rad,,eez_v11.shp,WPP_BFAR_merge.shp,vbd_mpa_r20170830.shp,VNF-VBD_npp_20120301-20151231_global_asia-enhanced_c201607211230.bitmask,vbd_landsea_r20220824.mask,timezone.shp,VBD_platforms-recurring_2015_r20170330.shp,999999,VBD_bridges_c20160811.shp,13.807614;11.988322;9.502959;4.653294;6.975082;8.905746,97.681961;111.744194;125.481216;124.205185;110.604576;96.769409,npp_d20250910_t1804042_e1805284_b71879;npp_d20250910_t1805296_e1806538_b71879;npp_d20250910_t1806550_e1808192_b71879;npp_d20250910_t1808204_e1809446_b71879,157.747,52.6176,45.9705,97.5171,19.3964,72.464
258,VBD_npp_d20250910_t1809265_x1044119E_y090735N_l0594_s1077_v23,2025-09-10 20:03:39,9.073461,104.411858,5.90713,2025-09-10 18:09:26,2025-09-11 01:09:26,594,1077,0.385417,2,2465,0.264517,0.211835,0.817369,0.4,0.704098,0.75,0.0867744,0.0001,5.28623e-06,999999,-2.779138e-01,3,Vietnamese Exclusive Economic Zone,,,SVDNB_npp_d20250910_t1808204_e1809446_b71879_c20250910193708290000_oeac_ops.h5,GDNBO_npp_d20250910_t1808204_e1809446_b71879_c20250910193435689000_oeac_ops.h5,SVI04_npp_d20250910_t1808204_e1809446_b71879_c20250910193716857000_oeac_ops.dspace_rad,,eez_v11.shp,WPP_BFAR_merge.shp,vbd_mpa_r20170830.shp,VNF-VBD_npp_20120301-20151231_global_asia-enhanced_c201607211230.bitmask,vbd_landsea_r20220824.mask,timezone.shp,VBD_platforms-recurring_2015_r20170330.shp,999999,VBD_bridges_c20160811.shp,13.807614;11.988322;9.502959;4.653294;6.975082;8.905746,97.681961;111.744194;125.481216;124.205185;110.604576;96.769409,npp_d20250910_t1804042_e1805284_b71879;npp_d20250910_t1805296_e1806538_b71879;npp_d20250910_t1806550_e1808192_b71879;npp_d20250910_t1808204_e1809446_b71879,157.762,52.6559,45.9681,98.2589,19.4059,72.4054
259,VBD_npp_d20250910_t1809230_x1044552E_y092327N_l0569_s1078_v23,2025-09-10 20:03:39,9.232702,104.455162,23.1677,2025-09-10 18:09:23,2025-09-11 01:09:23,569,1078,0.34658,1,2529,0.656627,0.183134,0.808373,0.4,0.857616,0.75,0.0868225,0.0001,5.33893e-06,999999,-4.155037e-02,3,Vietnamese Exclusive Economic Zone,,,SVDNB_npp_d20250910_t1808204_e1809446_b71879_c20250910193708290000_oeac_ops.h5,GDNBO_npp_d20250910_t1808204_e1809446_b71879_c20250910193435689000_oeac_ops.h5,SVI04_npp_d20250910_t1808204_e1809446_b71879_c20250910193716857000_oeac_ops.dspace_rad,,eez_v11.shp,WPP_BFAR_merge.shp,vbd_mpa_r20170830.shp,VNF-VBD_npp_20120301-20151231_global_asia-enhanced_c201607211230.bitmask,vbd_landsea_r20220824.mask,timezone.shp,VBD_platforms-recurring_2015_r20170330.shp,999999,VBD_bridges_c20160811.shp,13.807614;11.988322;9.502959;4.653294;6.975082;8.905746,97.681961;111.744194;125.481216;124.205185;110.604576;96.769409,npp_d20250910_t1804042_e1805284_b71879;npp_d20250910_t1805296_e1806538_b71879;npp_d20250910_t1806550_e1808192_b71879;npp_d20250910_t1808204_e1809446_b71879,157.643,52.3939,45.9376,97.8121,19.3297,72.8264
260,VBD_npp_d20250910_t1809230_x1044482E_y091846N_l0576_s1078_v23,2025-09-10 20:03:39,9.184593,104.448235,9.81105,2025-09-10 18:09:23,2025-09-11 01:09:23,576,1078,0.352057,2,2465,0.340763,0.20737,0.864283,0.4,0.736175,0.75,0.0868177,0.0001,5.24565e-06,999999,-2.411460e-01,3,Vietnamese Exclusive Economic Zone,,,SVDNB_npp_d20250910_t1808204_e1809446_b71879_c20250910193708290000_oeac_ops.h5,GDNBO_npp_d20250910_t1808204_e1809446_b71879_c20250910193435689000_oeac_ops.h5,SVI04_npp_d20250910_t1808204_e1809446_b71879_c20250910193716857000_oeac_ops.dspace_rad,,eez_v11.shp,WPP_BFAR_merge.shp,vbd_mpa_r20170830.shp,VNF-VBD_npp_20120301-20151231_global_asia-enhanced_c201607211230.bitmask,vbd_landsea_r20220824.mask,timezone.shp,VBD_platforms-recurring_2015_r20170330.shp,999999,VBD_bridges_c20160811.shp,13.807614;11.988322;9.502959;4.653294;6.975082;8.905746,97.681961;111.744194;125.481216;124.205185;110.604576;96.769409,npp_d20250910_t1804042_e1805284_b71879;npp_d20250910_t1805296_e1806538_b71879;npp_d20250910_t1806550_e1808192_b71879;npp_d20250910_t1808204_e1809446_b71879,157.677,52.4754,45.9398,97.3838,19.3508,72.6978
261,VBD_npp_d20250910_t1809247_x1044406E_y091768N_l0578_s1078_v23,2025-09-10 20:03:39,9.176835,104.440643,7.08049,2025-09-10 18:09:24,2025-09-11 01:09:24,578,1078,0.344019,2,2465,0.234953,0.196426,0.864283,0.4,0.60369,0.75,0.0868148,0.0001,5.39893e-06,999999,-1.510169e-01,3,Vietnamese Exclusive Economic Zone,,,SVDNB_npp_d20250910_t1808204_e1809446_b71879_c20250910193708290000_oeac_ops.h5,GDNBO_npp_d20250910_t1808204_e1809446_b71879_c20250910193435689000_oeac_ops.h5,SVI04_npp_d20250910_t1808204_e1809446_b71879_c20250910193716857000_oeac_ops.dspace_rad,,eez_v11.shp,WPP_BFAR_merge.shp,vbd_mpa_r20170830.shp,VNF-VBD_npp_20120301-20151231_global_asia-enhanced_c201607211230.bitmask,vbd_landsea_r20220824.mask,timezone.shp,VBD_platforms-recurring_2015_r20170330.shp,999999,VBD_bridges_c20160811.shp,13.807614;11.988322;9.502959;4.653294;6.975082;8.905746,97.681961;111.744194;125.481216;124.205185;110.604576;96.769409,npp_d20250910_t1804042_e1805284_b71879;npp_d20250910_t1805296_e1806538_b71879;npp_d20250910_t1806550_e1808192_b71879;npp_d20250910_t1808204_e1809446_b71879,157.682,52.4902,45.9348,98.2523,19.3536,72.6763
262,VBD_npp_d20250910_t1809247_x1044337E_y091287N_l0585_s1078_v23,2025-09-10 20:03:39,9.128726,104.433739,5.09882,2025-09-10 18:09:24,2025-09-11 01:09:24,585,1078,0.38058,2,2209,0.200427,0.181546,0.889845,0.4,0.601141,0.75,0.086799,0.0001,5.30693e-06,999999,-2.847224e-02,3,Vietnamese Exclusive Economic Zone,,,SVDNB_npp_d20250910_t1808204_e1809446_b71879_c20250910193708290000_oeac_ops.h5,GDNBO_npp_d20250910_t1808204_e1809446_b71879_c20250910193435689000_oeac_ops.h5,SVI04_npp_d20250910_t1808204_e1809446_b71879_c20250910193716857000_oeac_ops.dspace_rad,,eez_v11.shp,WPP_BFAR_merge.shp,vbd_mpa_r20170830.shp,VNF-VBD_npp_20120301-20151231_global_asia-enhanced_c201607211230.bitmask,vbd_landsea_r20220824.mask,timezone.shp,VBD_platforms-recurring_2015_r20170330.shp,999999,VBD_bridges_c20160811.shp,13.807614;11.988322;9.502959;4.653294;6.975082;8.905746,97.681961;111.744194;125.481216;124.205185;110.604576;96.769409,npp_d20250910_t1804042_e1805284_b71879;npp_d20250910_t1805296_e1806538_b71879;npp_d20250910_t1806550_e1808192_b71879;npp_d20250910_t1808204_e1809446_b71879,157.717,52.572,45.9351,97.8239,19.3748,72.548
263,VBD_npp_d20250910_t1809141_x1045788E_y098007N_l0482_s1079_v23,2025-09-10 20:03:39,9.800692,104.578766,13.2579,2025-09-10 18:09:14,2025-09-11 01:09:14,482,1079,0.324244,8,18849,0.310669,0.178932,0.578689,0.4,0.701355,0.75,0.0868869,0.0001,5.69604e-06,999999,-6.937551e-03,3,Vietnamese Exclusive Economic Zone,,,SVDNB_npp_d20250910_t1808204_e1809446_b71879_c20250910193708290000_oeac_ops.h5,GDNBO_npp_d20250910_t1808204_e1809446_b71879_c20250910193435689000_oeac_ops.h5,SVI04_npp_d20250910_t1808204_e1809446_b71879_c20250910193716857000_oeac_ops.dspace_rad,,eez_v11.shp,WPP_BFAR_merge.shp,vbd_mpa_r20170830.shp,VNF-VBD_npp_20120301-20151231_global_asia-enhanced_c201607211230.bitmask,vbd_landsea_r20220824.mask,timezone.shp,VBD_platforms-recurring_2015_r20170330.shp,0.0885969,VBD_bridges_c20160811.shp,13.807614;11.988322;9.502959;4.653294;6.975082;8.905746,97.681961;111.744194;125.481216;124.205185;110.604576;96.769409,npp_d20250910_t1804042_e1805284_b71879;npp_d20250910_t1805296_e1806538_b71879;npp_d20250910_t1806550_e1808192_b71879;npp_d20250910_t1808204_e1809446_b71879,157.225,51.4589,45.9026,98.1954,19.0819,74.3647
264,VBD_npp_d20250910_t1809247_x1044485E_y091827N_l0577_s1079_v23,2025-09-10 20:03:39,9.182721,104.448540,10.3373,2025-09-10 18:09:24,2025-09-11 01:09:24,577,1079,0.352057,2,2465,0.345658,0.189053,0.861233,0.4,0.741421,0.75,0.0868213,0.0001,5.48977e-06,999999,-9.029337e-02,3,Vietnamese Exclusive Economic Zone,,,SVDNB_npp_d20250910_t1808204_e1809446_b71879_c20250910193708290000_oeac_ops.h5,GDNBO_npp_d20250910_t1808204_e1809446_b71879_c20250910193435689000_oeac_ops.h5,SVI04_npp_d20250910_t1808204_e1809446_b71879_c20250910193716857000_oeac_ops.dspace_rad,,eez_v11.shp,WPP_BFAR_merge.shp,vbd_mpa_r20170830.shp,VNF-VBD_npp_20120301-20151231_global_asia-enhanced_c201607211230.bitmask,vbd_landsea_r20220824.mask,timezone.shp,VBD_platforms-recurring_2015_r20170330.shp,999999,VBD_bridges_c20160811.shp,13.807614;11.988322;9.502959;4.653294;6.975082;8.905746,97.681961;111.744194;125.481216;124.205185;110.604576;96.769409,npp_d20250910_t1804042_e1805284_b71879;npp_d20250910_t1805296_e1806538_b71879;npp_d20250910_t1806550_e1808192_b71879;npp_d20250910_t1808204_e1809446_b71879,157.673,52.4916,45.9008,98.3148,19.3443,72.6871
265,VBD_npp_d20250910_t1809247_x1044436E_y091484N_l0582_s1079_v23,2025-09-10 20:03:39,9.148374,104.443619,10.7199,2025-09-10 18:09:24,2025-09-11 01:09:24,582,1079,0.376241,2,2465,0.406891,0.199517,0.870485,0.4,0.749416,0.75,0.08681,0.0001,5.42358e-06,999999,-1.764699e-01,3,Vietnamese Exclusive Economic Zone,,,SVDNB_npp_d20250910_t1808204_e1809446_b71879_c20250910193708290000_oeac_ops.h5,GDNBO_npp_d20250910_t1808204_e1809446_b71879_c20250910193435689000_oeac_ops.h5,SVI04_npp_d20250910_t1808204_e1809446_b71879_c20250910193716857000_oeac_ops.dspace_rad,,eez_v11.shp,WPP_BFAR_merge.shp,vbd_mpa_r20170830.shp,VNF-VBD_npp_20120301-20151231_global_asia-enhanced_c201607211230.bitmask,vbd_landsea_r20220824.mask,timezone.shp,VBD_platforms-recurring_2015_r20170330.shp,999999,VBD_bridges_c20160811.shp,13.807614;11.988322;9.502959;4.653294;6.975082;8.905746,97.681961;111.744194;125.481216;124.205185;110.604576;96.769409,npp_d20250910_t1804042_e1805284_b71879;npp_d20250910_t1805296_e1806538_b71879;npp_d20250910_t1806550_e1808192_b71879;npp_d20250910_t1808204_e1809446_b71879,157.697,52.55,45.9006,98.0086,19.3594,72.5954
266,VBD_npp_d20250910_t1809123_x1045942E_y098145N_l0479_s1080_v23,2025-09-10 20:03:39,9.814462,104.594193,7.31502,2025-09-10 18:09:12,2025-09-11 01:09:12,479,1080,0.319977,2,2209,0.191665,0.168501,0.578689,0.4,0.524483,0.75,0.0868959,0.0001,5.63822e-06,999999,7.896607e-02,3,Vietnamese Exclusive Economic Zone,,,SVDNB_npp_d20250910_t1808204_e1809446_b71879_c20250910193708290000_oeac_ops.h5,GDNBO_npp_d20250910_t1808204_e1809446_b71879_c20250910193435689000_oeac_ops.h5,SVI04_npp_d20250910_t1808204_e1809446_b71879_c20250910193716857000_oeac_ops.dspace_rad,,eez_v11.shp,WPP_BFAR_merge.shp,vbd_mpa_r20170830.shp,VNF-VBD_npp_20120301-20151231_global_asia-enhanced_c201607211230.bitmask,vbd_landsea_r20220824.mask,timezone.shp,VBD_platforms-recurring_2015_r20170330.shp,999999,VBD_bridges_c20160811.shp,13.807614;11.988322;9.502959;4.653294;6.975082;8.905746,97.681961;111.744194;125.481216;124.205185;110.604576;96.769409,npp_d20250910_t1804042_e1805284_b71879;npp_d20250910_t1805296_e1806538_b71879;npp_d20250910_t1806550_e1808192_b71879;npp_d20250910_t1808204_e1809446_b71879,157.21,51.4463,45.8735,97.3887,19.0701,74.3991
267,VBD_npp_d20250910_t1809247_x1044545E_y091258N_l0585_s1081_v23,2025-09-10 20:03:39,9.125849,104.454475,5.88589,2025-09-10 18:09:24,2025-09-11 01:09:24,585,1081,0.378802,2,2209,0.207473,0.195186,0.870302,0.4,0.602851,0.75,0.0868117,0.0001,5.5392e-06,999999,-1.407976e-01,3,Vietnamese Exclusive Economic Zone,,,SVDNB_npp_d20250910_t1808204_e1809446_b71879_c20250910193708290000_oeac_ops.h5,GDNBO_npp_d20250910_t1808204_e1809446_b71879_c20250910193435689000_oeac_ops.h5,SVI04_npp_d20250910_t1808204_e1809446_b71879_c20250910193716857000_oeac_ops.dspace_rad,,eez_v11.shp,WPP_BFAR_merge.shp,vbd_mpa_r20170830.shp,VNF-VBD_npp_20120301-20151231_global_asia-enhanced_c201607211230.bitmask,vbd_landsea_r20220824.mask,timezone.shp,VBD_platforms-recurring_2015_r20170330.shp,999999,VBD_bridges_c20160811.shp,13.807614;11.988322;9.502959;4.653294;6.975082;8.905746,97.681961;111.744194;125.481216;124.205185;110.604576;96.769409,npp_d20250910_t1804042_e1805284_b71879;npp_d20250910_t1805296_e1806538_b71879;npp_d20250910_t1806550_e1808192_b71879;npp_d20250910_t1808204_e1809446_b71879,157.702,52.6113,45.8329,97.827,19.3559,72.5255
268,VBD_npp_d20250910_t1809247_x1044673E_y091660N_l0579_s1082_v23,2025-09-10 20:03:39,9.166045,104.467285,12.4491,2025-09-10 18:09:24,2025-09-11 01:09:24,579,1082,0.355613,1,2529,0.414206,0.184925,0.870485,0.4,0.776088,0.75,0.0868295,0.0001,5.70197e-06,999999,-5.629950e-02,3,Vietnamese Exclusive Economic Zone,,,SVDNB_npp_d20250910_t1808204_e1809446_b71879_c20250910193708290000_oeac_ops.h5,GDNBO_npp_d20250910_t1808204_e1809446_b71879_c20250910193435689000_oeac_ops.h5,SVI04_npp_d20250910_t1808204_e1809446_b71879_c20250910193716857000_oeac_ops.dspace_rad,,eez_v11.shp,WPP_BFAR_merge.shp,vbd_mpa_r20170830.shp,VNF-VBD_npp_20120301-20151231_global_asia-enhanced_c201607211230.bitmask,vbd_landsea_r20220824.mask,timezone.shp,VBD_platforms-recurring_2015_r20170330.shp,999999,VBD_bridges_c20160811.shp,13.807614;11.988322;9.502959;4.653294;6.975082;8.905746,97.681961;111.744194;125.481216;124.205185;110.604576;96.769409,npp_d20250910_t1804042_e1805284_b71879;npp_d20250910_t1805296_e1806538_b71879;npp_d20250910_t1806550_e1808192_b71879;npp_d20250910_t1808204_e1809446_b71879,157.668,52.5542,45.7984,98.1961,19.3314,72.6278
269,VBD_npp_d20250910_t1809247_x1044604E_y091180N_l0586_s1082_v23,2025-09-10 20:03:39,9.118032,104.460388,9.2458,2025-09-10 18:09:24,2025-09-11 01:09:24,586,1082,0.377806,2,2465,0.31496,0.180427,0.870302,0.4,0.712287,0.75,0.0868137,0.0001,5.60459e-06,999999,-1.925188e-02,3,Vietnamese Exclusive Economic Zone,,,SVDNB_npp_d20250910_t1808204_e1809446_b71879_c20250910193708290000_oeac_ops.h5,GDNBO_npp_d20250910_t1808204_e1809446_b71879_c20250910193435689000_oeac_ops.h5,SVI04_npp_d20250910_t1808204_e1809446_b71879_c20250910193716857000_oeac_ops.dspace_rad,,eez_v11.shp,WPP_BFAR_merge.shp,vbd_mpa_r20170830.shp,VNF-VBD_npp_20120301-20151231_global_asia-enhanced_c201607211230.bitmask,vbd_landsea_r20220824.mask,timezone.shp,VBD_platforms-recurring_2015_r20170330.shp,999999,VBD_bridges_c20160811.shp,13.807614;11.988322;9.502959;4.653294;6.975082;8.905746,97.681961;111.744194;125.481216;124.205185;110.604576;96.769409,npp_d20250910_t1804042_e1805284_b71879;npp_d20250910_t1805296_e1806538_b71879;npp_d20250910_t1806550_e1808192_b71879;npp_d20250910_t1808204_e1809446_b71879,157.703,52.636,45.799,97.7667,19.3526,72.4997
270,VBD_npp_d20250910_t1809247_x1044693E_y091308N_l0584_s1083_v23,2025-09-10 20:03:39,9.130790,104.469254,7.28678,2025-09-10 18:09:24,2025-09-11 01:09:24,584,1083,0.376028,2,2465,0.246294,0.213617,0.845067,0.4,0.671924,0.75,0.0868225,0.0001,5.71324e-06,999999,-2.925890e-01,3,Vietnamese Exclusive Economic Zone,,,SVDNB_npp_d20250910_t1808204_e1809446_b71879_c20250910193708290000_oeac_ops.h5,GDNBO_npp_d20250910_t1808204_e1809446_b71879_c20250910193435689000_oeac_ops.h5,SVI04_npp_d20250910_t1808204_e1809446_b71879_c20250910193716857000_oeac_ops.dspace_rad,,eez_v11.shp,WPP_BFAR_merge.shp,vbd_mpa_r20170830.shp,VNF-VBD_npp_20120301-20151231_global_asia-enhanced_c201607211230.bitmask,vbd_landsea_r20220824.mask,timezone.shp,VBD_platforms-recurring_2015_r20170330.shp,999999,VBD_bridges_c20160811.shp,13.807614;11.988322;9.502959;4.653294;6.975082;8.905746,97.681961;111.744194;125.481216;124.205185;110.604576;96.769409,npp_d20250910_t1804042_e1805284_b71879;npp_d20250910_t1805296_e1806538_b71879;npp_d20250910_t1806550_e1808192_b71879;npp_d20250910_t1808204_e1809446_b71879,157.688,52.6256,45.7646,97.8904,19.3402,72.5288
271,VBD_npp_d20250910_t1809176_x1045621E_y095327N_l0522_s1084_v23,2025-09-10 20:03:39,9.532686,104.562065,5.54019,2025-09-10 18:09:17,2025-09-11 01:09:17,522,1084,0.320901,2,2209,0.198104,0.195126,0.528502,0.4,0.642494,0.75,0.0868807,0.0001,5.93009e-06,999999,-1.403042e-01,3,Vietnamese Exclusive Economic Zone,,,SVDNB_npp_d20250910_t1808204_e1809446_b71879_c20250910193708290000_oeac_ops.h5,GDNBO_npp_d20250910_t1808204_e1809446_b71879_c20250910193435689000_oeac_ops.h5,SVI04_npp_d20250910_t1808204_e1809446_b71879_c20250910193716857000_oeac_ops.dspace_rad,,eez_v11.shp,WPP_BFAR_merge.shp,vbd_mpa_r20170830.shp,VNF-VBD_npp_20120301-20151231_global_asia-enhanced_c201607211230.bitmask,vbd_landsea_r20220824.mask,timezone.shp,VBD_platforms-recurring_2015_r20170330.shp,999999,VBD_bridges_c20160811.shp,13.807614;11.988322;9.502959;4.653294;6.975082;8.905746,97.681961;111.744194;125.481216;124.205185;110.604576;96.769409,npp_d20250910_t1804042_e1805284_b71879;npp_d20250910_t1805296_e1806538_b71879;npp_d20250910_t1806550_e1808192_b71879;npp_d20250910_t1808204_e1809446_b71879,157.393,51.9589,45.7307,97.7303,19.1595,73.6085
272,VBD_npp_d20250910_t1809230_x1044897E_y091790N_l0576_s1084_v23,2025-09-10 20:03:39,9.178994,104.489685,9.17077,2025-09-10 18:09:23,2025-09-11 01:09:23,576,1084,0.355613,2,2465,0.23096,0.164155,0.846468,0.4,0.538876,0.75,0.0868432,0.0001,5.71399e-06,999999,1.147588e-01,3,Vietnamese Exclusive Economic Zone,,,SVDNB_npp_d20250910_t1808204_e1809446_b71879_c20250910193708290000_oeac_ops.h5,GDNBO_npp_d20250910_t1808204_e1809446_b71879_c20250910193435689000_oeac_ops.h5,SVI04_npp_d20250910_t1808204_e1809446_b71879_c20250910193716857000_oeac_ops.dspace_rad,,eez_v11.shp,WPP_BFAR_merge.shp,vbd_mpa_r20170830.shp,VNF-VBD_npp_20120301-20151231_global_asia-enhanced_c201607211230.bitmask,vbd_landsea_r20220824.mask,timezone.shp,VBD_platforms-recurring_2015_r20170330.shp,999999,VBD_bridges_c20160811.shp,13.807614;11.988322;9.502959;4.653294;6.975082;8.905746,97.681961;111.744194;125.481216;124.205185;110.604576;96.769409,npp_d20250910_t1804042_e1805284_b71879;npp_d20250910_t1805296_e1806538_b71879;npp_d20250910_t1806550_e1808192_b71879;npp_d20250910_t1808204_e1809446_b71879,157.648,52.5535,45.7355,97.3885,19.3128,72.6535
273,VBD_npp_d20250910_t1809247_x1044899E_y091768N_l0577_s1085_v23,2025-09-10 20:03:39,9.176817,104.489891,10.1073,2025-09-10 18:09:24,2025-09-11 01:09:24,577,1085,0.355613,2,2465,0.261134,0.172306,0.846468,0.4,0.614297,0.75,0.0868468,0.0001,5.97829e-06,999999,4.762877e-02,3,Vietnamese Exclusive Economic Zone,,,SVDNB_npp_d20250910_t1808204_e1809446_b71879_c20250910193708290000_oeac_ops.h5,GDNBO_npp_d20250910_t1808204_e1809446_b71879_c20250910193435689000_oeac_ops.h5,SVI04_npp_d20250910_t1808204_e1809446_b71879_c20250910193716857000_oeac_ops.dspace_rad,,eez_v11.shp,WPP_BFAR_merge.shp,vbd_mpa_r20170830.shp,VNF-VBD_npp_20120301-20151231_global_asia-enhanced_c201607211230.bitmask,vbd_landsea_r20220824.mask,timezone.shp,VBD_platforms-recurring_2015_r20170330.shp,999999,VBD_bridges_c20160811.shp,13.807614;11.988322;9.502959;4.653294;6.975082;8.905746,97.681961;111.744194;125.481216;124.205185;110.604576;96.769409,npp_d20250910_t1804042_e1805284_b71879;npp_d20250910_t1805296_e1806538_b71879;npp_d20250910_t1806550_e1808192_b71879;npp_d20250910_t1808204_e1809446_b71879,157.644,52.57,45.6965,98.3227,19.3064,72.642
274,VBD_npp_d20250910_t1809230_x1045133E_y092456N_l0566_s1086_v23,2025-09-10 20:03:39,9.245593,104.513290,10.4016,2025-09-10 18:09:23,2025-09-11 01:09:23,566,1086,0.355542,1,2529,0.38617,0.18636,0.734367,0.4,0.781587,0.75,0.0868587,0.0001,6.0258e-06,999999,-6.811074e-02,3,Vietnamese Exclusive Economic Zone,,,SVDNB_npp_d20250910_t1808204_e1809446_b71879_c20250910193708290000_oeac_ops.h5,GDNBO_npp_d20250910_t1808204_e1809446_b71879_c20250910193435689000_oeac_ops.h5,SVI04_npp_d20250910_t1808204_e1809446_b71879_c20250910193716857000_oeac_ops.dspace_rad,,eez_v11.shp,WPP_BFAR_merge.shp,vbd_mpa_r20170830.shp,VNF-VBD_npp_20120301-20151231_global_asia-enhanced_c201607211230.bitmask,vbd_landsea_r20220824.mask,timezone.shp,VBD_platforms-recurring_2015_r20170330.shp,999999,VBD_bridges_c20160811.shp,13.807614;11.988322;9.502959;4.653294;6.975082;8.905746,97.681961;111.744194;125.481216;124.205185;110.604576;96.769409,npp_d20250910_t1804042_e1805284_b71879;npp_d20250910_t1805296_e1806538_b71879;npp_d20250910_t1806550_e1808192_b71879;npp_d20250910_t1808204_e1809446_b71879,157.589,52.4634,45.6648,98.0049,19.2701,72.8223
275,VBD_npp_d20250910_t1809247_x1044898E_y090791N_l0591_s1087_v23,2025-09-10 20:03:39,9.079064,104.489838,7.31638,2025-09-10 18:09:24,2025-09-11 01:09:24,591,1087,0.365643,1,2529,0.304389,0.195373,0.816192,0.4,0.76307,0.75,0.0868237,0.0001,5.94035e-06,999999,-1.423377e-01,3,Vietnamese Exclusive Economic Zone,,,SVDNB_npp_d20250910_t1808204_e1809446_b71879_c20250910193708290000_oeac_ops.h5,GDNBO_npp_d20250910_t1808204_e1809446_b71879_c20250910193435689000_oeac_ops.h5,SVI04_npp_d20250910_t1808204_e1809446_b71879_c20250910193716857000_oeac_ops.dspace_rad,,eez_v11.shp,WPP_BFAR_merge.shp,vbd_mpa_r20170830.shp,VNF-VBD_npp_20120301-20151231_global_asia-enhanced_c201607211230.bitmask,vbd_landsea_r20220824.mask,timezone.shp,VBD_platforms-recurring_2015_r20170330.shp,999999,VBD_bridges_c20160811.shp,13.807614;11.988322;9.502959;4.653294;6.975082;8.905746,97.681961;111.744194;125.481216;124.205185;110.604576;96.769409,npp_d20250910_t1804042_e1805284_b71879;npp_d20250910_t1805296_e1806538_b71879;npp_d20250910_t1806550_e1808192_b71879;npp_d20250910_t1808204_e1809446_b71879,157.703,52.7592,45.6304,97.4641,19.3364,72.3711
276,VBD_npp_d20250910_t1809247_x1045095E_y091670N_l0578_s1088_v23,2025-09-10 20:03:39,9.167038,104.509499,13.0284,2025-09-10 18:09:24,2025-09-11 01:09:24,578,1088,0.340391,2,2465,0.29742,0.176395,0.826929,0.4,0.671979,0.75,0.0868573,0.0001,6.22187e-06,999999,1.395137e-02,3,Vietnamese Exclusive Economic Zone,,,SVDNB_npp_d20250910_t1808204_e1809446_b71879_c20250910193708290000_oeac_ops.h5,GDNBO_npp_d20250910_t1808204_e1809446_b71879_c20250910193435689000_oeac_ops.h5,SVI04_npp_d20250910_t1808204_e1809446_b71879_c20250910193716857000_oeac_ops.dspace_rad,,eez_v11.shp,WPP_BFAR_merge.shp,vbd_mpa_r20170830.shp,VNF-VBD_npp_20120301-20151231_global_asia-enhanced_c201607211230.bitmask,vbd_landsea_r20220824.mask,timezone.shp,VBD_platforms-recurring_2015_r20170330.shp,999999,VBD_bridges_c20160811.shp,13.807614;11.988322;9.502959;4.653294;6.975082;8.905746,97.681961;111.744194;125.481216;124.205185;110.604576;96.769409,npp_d20250910_t1804042_e1805284_b71879;npp_d20250910_t1805296_e1806538_b71879;npp_d20250910_t1806550_e1808192_b71879;npp_d20250910_t1808204_e1809446_b71879,157.634,52.6206,45.5943,98.2651,19.2906,72.6011
277,VBD_npp_d20250910_t1809247_x1045046E_y091328N_l0583_s1088_v23,2025-09-10 20:03:39,9.132841,104.504585,7.9416,2025-09-10 18:09:24,2025-09-11 01:09:24,583,1088,0.359383,2,2209,0.222299,0.191053,0.81784,0.4,0.574343,0.75,0.086846,0.0001,6.14698e-06,999999,-1.067676e-01,3,Vietnamese Exclusive Economic Zone,,,SVDNB_npp_d20250910_t1808204_e1809446_b71879_c20250910193708290000_oeac_ops.h5,GDNBO_npp_d20250910_t1808204_e1809446_b71879_c20250910193435689000_oeac_ops.h5,SVI04_npp_d20250910_t1808204_e1809446_b71879_c20250910193716857000_oeac_ops.dspace_rad,,eez_v11.shp,WPP_BFAR_merge.shp,vbd_mpa_r20170830.shp,VNF-VBD_npp_20120301-20151231_global_asia-enhanced_c201607211230.bitmask,vbd_landsea_r20220824.mask,timezone.shp,VBD_platforms-recurring_2015_r20170330.shp,999999,VBD_bridges_c20160811.shp,13.807614;11.988322;9.502959;4.653294;6.975082;8.905746,97.681961;111.744194;125.481216;124.205185;110.604576;96.769409,npp_d20250910_t1804042_e1805284_b71879;npp_d20250910_t1805296_e1806538_b71879;npp_d20250910_t1806550_e1808192_b71879;npp_d20250910_t1808204_e1809446_b71879,157.659,52.6788,45.5943,97.9573,19.3057,72.5097
278,VBD_npp_d20250910_t1809247_x1045134E_y091456N_l0581_s1089_v23,2025-09-10 20:03:39,9.145555,104.513397,8.38365,2025-09-10 18:09:24,2025-09-11 01:09:24,581,1089,0.328157,2,2465,0.233824,0.181114,0.834812,0.4,0.651098,0.75,0.0868547,0.0001,6.26457e-06,999999,-2.490699e-02,3,Vietnamese Exclusive Economic Zone,,,SVDNB_npp_d20250910_t1808204_e1809446_b71879_c20250910193708290000_oeac_ops.h5,GDNBO_npp_d20250910_t1808204_e1809446_b71879_c20250910193435689000_oeac_ops.h5,SVI04_npp_d20250910_t1808204_e1809446_b71879_c20250910193716857000_oeac_ops.dspace_rad,,eez_v11.shp,WPP_BFAR_merge.shp,vbd_mpa_r20170830.shp,VNF-VBD_npp_20120301-20151231_global_asia-enhanced_c201607211230.bitmask,vbd_landsea_r20220824.mask,timezone.shp,VBD_platforms-recurring_2015_r20170330.shp,999999,VBD_bridges_c20160811.shp,13.807614;11.988322;9.502959;4.653294;6.975082;8.905746,97.681961;111.744194;125.481216;124.205185;110.604576;96.769409,npp_d20250910_t1804042_e1805284_b71879;npp_d20250910_t1805296_e1806538_b71879;npp_d20250910_t1806550_e1808192_b71879;npp_d20250910_t1808204_e1809446_b71879,157.644,52.6684,45.5602,98.0816,19.2934,72.5387
279,VBD_npp_d20250910_t1809247_x1045045E_y090840N_l0590_s1089_v23,2025-09-10 20:03:39,9.084036,104.504532,7.67925,2025-09-10 18:09:24,2025-09-11 01:09:24,590,1089,0.386698,2,2465,0.314403,0.204684,0.809491,0.4,0.736443,0.75,0.0868344,0.0001,6.12587e-06,999999,-2.190196e-01,3,Vietnamese Exclusive Economic Zone,,,SVDNB_npp_d20250910_t1808204_e1809446_b71879_c20250910193708290000_oeac_ops.h5,GDNBO_npp_d20250910_t1808204_e1809446_b71879_c20250910193435689000_oeac_ops.h5,SVI04_npp_d20250910_t1808204_e1809446_b71879_c20250910193716857000_oeac_ops.dspace_rad,,eez_v11.shp,WPP_BFAR_merge.shp,vbd_mpa_r20170830.shp,VNF-VBD_npp_20120301-20151231_global_asia-enhanced_c201607211230.bitmask,vbd_landsea_r20220824.mask,timezone.shp,VBD_platforms-recurring_2015_r20170330.shp,999999,VBD_bridges_c20160811.shp,13.807614;11.988322;9.502959;4.653294;6.975082;8.905746,97.681961;111.744194;125.481216;124.205185;110.604576;96.769409,npp_d20250910_t1804042_e1805284_b71879;npp_d20250910_t1805296_e1806538_b71879;npp_d20250910_t1806550_e1808192_b71879;npp_d20250910_t1808204_e1809446_b71879,157.688,52.7733,45.562,97.5272,19.3208,72.3744
280,VBD_npp_d20250910_t1809230_x1045387E_y091793N_l0575_s1091_v23,2025-09-10 20:03:39,9.179331,104.538666,8.4395,2025-09-10 18:09:23,2025-09-11 01:09:23,575,1091,0.328939,2,2209,0.205726,0.187628,0.785673,0.4,0.547855,0.75,0.0868737,0.0001,6.32269e-06,999999,-7.855482e-02,3,Vietnamese Exclusive Economic Zone,,,SVDNB_npp_d20250910_t1808204_e1809446_b71879_c20250910193708290000_oeac_ops.h5,GDNBO_npp_d20250910_t1808204_e1809446_b71879_c20250910193435689000_oeac_ops.h5,SVI04_npp_d20250910_t1808204_e1809446_b71879_c20250910193716857000_oeac_ops.dspace_rad,,eez_v11.shp,WPP_BFAR_merge.shp,vbd_mpa_r20170830.shp,VNF-VBD_npp_20120301-20151231_global_asia-enhanced_c201607211230.bitmask,vbd_landsea_r20220824.mask,timezone.shp,VBD_platforms-recurring_2015_r20170330.shp,999999,VBD_bridges_c20160811.shp,13.807614;11.988322;9.502959;4.653294;6.975082;8.905746,97.681961;111.744194;125.481216;124.205185;110.604576;96.769409,npp_d20250910_t1804042_e1805284_b71879;npp_d20250910_t1805296_e1806538_b71879;npp_d20250910_t1806550_e1808192_b71879;npp_d20250910_t1808204_e1809446_b71879,157.61,52.632,45.497,97.4556,19.2658,72.6203
281,VBD_npp_d20250910_t1809247_x1045280E_y091505N_l0580_s1091_v23,2025-09-10 20:03:39,9.150459,104.528038,11.0128,2025-09-10 18:09:24,2025-09-11 01:09:24,580,1091,0.355329,2,2465,0.33708,0.184659,0.794093,0.4,0.724214,0.75,0.0868655,0.0001,6.4583e-06,999999,-5.410665e-02,3,Vietnamese Exclusive Economic Zone,,,SVDNB_npp_d20250910_t1808204_e1809446_b71879_c20250910193708290000_oeac_ops.h5,GDNBO_npp_d20250910_t1808204_e1809446_b71879_c20250910193435689000_oeac_ops.h5,SVI04_npp_d20250910_t1808204_e1809446_b71879_c20250910193716857000_oeac_ops.dspace_rad,,eez_v11.shp,WPP_BFAR_merge.shp,vbd_mpa_r20170830.shp,VNF-VBD_npp_20120301-20151231_global_asia-enhanced_c201607211230.bitmask,vbd_landsea_r20220824.mask,timezone.shp,VBD_platforms-recurring_2015_r20170330.shp,999999,VBD_bridges_c20160811.shp,13.807614;11.988322;9.502959;4.653294;6.975082;8.905746,97.681961;111.744194;125.481216;124.205185;110.604576;96.769409,npp_d20250910_t1804042_e1805284_b71879;npp_d20250910_t1805296_e1806538_b71879;npp_d20250910_t1806550_e1808192_b71879;npp_d20250910_t1808204_e1809446_b71879,157.63,52.6826,45.4922,98.1456,19.2779,72.5421
282,VBD_npp_d20250910_t1809176_x1046131E_y094978N_l0526_s1092_v23,2025-09-10 20:03:39,9.497820,104.613106,8.5526,2025-09-10 18:09:17,2025-09-11 01:09:17,526,1092,0.325952,2,2209,0.203485,0.177471,0.557107,0.4,0.529798,0.75,0.086912,0.0001,6.57306e-06,999999,5.087561e-03,3,Vietnamese Exclusive Economic Zone,,,SVDNB_npp_d20250910_t1808204_e1809446_b71879_c20250910193708290000_oeac_ops.h5,GDNBO_npp_d20250910_t1808204_e1809446_b71879_c20250910193435689000_oeac_ops.h5,SVI04_npp_d20250910_t1808204_e1809446_b71879_c20250910193716857000_oeac_ops.dspace_rad,,eez_v11.shp,WPP_BFAR_merge.shp,vbd_mpa_r20170830.shp,VNF-VBD_npp_20120301-20151231_global_asia-enhanced_c201607211230.bitmask,vbd_landsea_r20220824.mask,timezone.shp,VBD_platforms-recurring_2015_r20170330.shp,999999,VBD_bridges_c20160811.shp,13.807614;11.988322;9.502959;4.653294;6.975082;8.905746,97.681961;111.744194;125.481216;124.205185;110.604576;96.769409,npp_d20250910_t1804042_e1805284_b71879;npp_d20250910_t1805296_e1806538_b71879;npp_d20250910_t1806550_e1808192_b71879;npp_d20250910_t1808204_e1809446_b71879,157.375,52.1075,45.4598,97.4918,19.1205,73.477
283,VBD_npp_d20250910_t1809265_x1045149E_y090588N_l0594_s1092_v23,2025-09-10 20:03:39,9.058772,104.514923,15.8936,2025-09-10 18:09:26,2025-09-11 01:09:26,594,1092,0.390965,1,2529,0.575287,0.178505,0.811844,0.4,0.873931,0.75,0.086838,0.0001,6.53684e-06,999999,-3.424886e-03,3,Vietnamese Exclusive Economic Zone,,,SVDNB_npp_d20250910_t1808204_e1809446_b71879_c20250910193708290000_oeac_ops.h5,GDNBO_npp_d20250910_t1808204_e1809446_b71879_c20250910193435689000_oeac_ops.h5,SVI04_npp_d20250910_t1808204_e1809446_b71879_c20250910193716857000_oeac_ops.dspace_rad,,eez_v11.shp,WPP_BFAR_merge.shp,vbd_mpa_r20170830.shp,VNF-VBD_npp_20120301-20151231_global_asia-enhanced_c201607211230.bitmask,vbd_landsea_r20220824.mask,timezone.shp,VBD_platforms-recurring_2015_r20170330.shp,999999,VBD_bridges_c20160811.shp,13.807614;11.988322;9.502959;4.653294;6.975082;8.905746,97.681961;111.744194;125.481216;124.205185;110.604576;96.769409,npp_d20250910_t1804042_e1805284_b71879;npp_d20250910_t1805296_e1806538_b71879;npp_d20250910_t1806550_e1808192_b71879;npp_d20250910_t1808204_e1809446_b71879,157.69,52.851,45.4577,98.2779,19.3118,72.2916
284,VBD_npp_d20250910_t1809194_x1045980E_y093925N_l0542_s1093_v23,2025-09-10 20:03:39,9.392511,104.598015,14.5936,2025-09-10 18:09:19,2025-09-11 01:09:19,542,1093,0.333918,8,18849,0.255479,0.152173,0.489686,0.4,0.548368,0.75,0.0869049,0.0001,6.62013e-06,999999,2.134390e-01,3,Vietnamese Exclusive Economic Zone,,,SVDNB_npp_d20250910_t1808204_e1809446_b71879_c20250910193708290000_oeac_ops.h5,GDNBO_npp_d20250910_t1808204_e1809446_b71879_c20250910193435689000_oeac_ops.h5,SVI04_npp_d20250910_t1808204_e1809446_b71879_c20250910193716857000_oeac_ops.dspace_rad,,eez_v11.shp,WPP_BFAR_merge.shp,vbd_mpa_r20170830.shp,VNF-VBD_npp_20120301-20151231_global_asia-enhanced_c201607211230.bitmask,vbd_landsea_r20220824.mask,timezone.shp,VBD_platforms-recurring_2015_r20170330.shp,0.87524,VBD_bridges_c20160811.shp,13.807614;11.988322;9.502959;4.653294;6.975082;8.905746,97.681961;111.744194;125.481216;124.205185;110.604576;96.769409,npp_d20250910_t1804042_e1805284_b71879;npp_d20250910_t1805296_e1806538_b71879;npp_d20250910_t1806550_e1808192_b71879;npp_d20250910_t1808204_e1809446_b71879,157.445,52.2951,45.4254,97.5002,19.1588,73.1858
285,VBD_npp_d20250910_t1809230_x1045573E_y092116N_l0570_s1093_v23,2025-09-10 20:03:39,9.211579,104.557320,11.3736,2025-09-10 18:09:23,2025-09-11 01:09:23,570,1093,0.303617,2,2465,0.368892,0.239293,0.689081,0.4,0.695085,0.75,0.0868854,0.0001,6.58366e-06,999999,-5.040488e-01,3,Vietnamese Exclusive Economic Zone,,,SVDNB_npp_d20250910_t1808204_e1809446_b71879_c20250910193708290000_oeac_ops.h5,GDNBO_npp_d20250910_t1808204_e1809446_b71879_c20250910193435689000_oeac_ops.h5,SVI04_npp_d20250910_t1808204_e1809446_b71879_c20250910193716857000_oeac_ops.dspace_rad,,eez_v11.shp,WPP_BFAR_merge.shp,vbd_mpa_r20170830.shp,VNF-VBD_npp_20120301-20151231_global_asia-enhanced_c201607211230.bitmask,vbd_landsea_r20220824.mask,timezone.shp,VBD_platforms-recurring_2015_r20170330.shp,999999,VBD_bridges_c20160811.shp,13.807614;11.988322;9.502959;4.653294;6.975082;8.905746,97.681961;111.744194;125.481216;124.205185;110.604576;96.769409,npp_d20250910_t1804042_e1805284_b71879;npp_d20250910_t1805296_e1806538_b71879;npp_d20250910_t1806550_e1808192_b71879;npp_d20250910_t1808204_e1809446_b71879,157.576,52.5998,45.4274,97.7659,19.2382,72.6971
286,VBD_npp_d20250910_t1809158_x1046695E_y096040N_l0509_s1097_v23,2025-09-10 20:03:39,9.603998,104.669548,8.46097,2025-09-10 18:09:15,2025-09-11 01:09:15,509,1097,0.322182,2,2465,0.244201,0.179508,0.595501,0.4,0.551696,0.75,0.0869443,0.0001,7.10462e-06,999999,-1.168082e-02,3,Vietnamese Exclusive Economic Zone,,,SVDNB_npp_d20250910_t1808204_e1809446_b71879_c20250910193708290000_oeac_ops.h5,GDNBO_npp_d20250910_t1808204_e1809446_b71879_c20250910193435689000_oeac_ops.h5,SVI04_npp_d20250910_t1808204_e1809446_b71879_c20250910193716857000_oeac_ops.dspace_rad,,eez_v11.shp,WPP_BFAR_merge.shp,vbd_mpa_r20170830.shp,VNF-VBD_npp_20120301-20151231_global_asia-enhanced_c201607211230.bitmask,vbd_landsea_r20220824.mask,timezone.shp,VBD_platforms-recurring_2015_r20170330.shp,999999,VBD_bridges_c20160811.shp,13.807614;11.988322;9.502959;4.653294;6.975082;8.905746,97.681961;111.744194;125.481216;124.205185;110.604576;96.769409,npp_d20250910_t1804042_e1805284_b71879;npp_d20250910_t1805296_e1806538_b71879;npp_d20250910_t1806550_e1808192_b71879;npp_d20250910_t1808204_e1809446_b71879,157.271,51.9866,45.2918,97.5465,19.0425,73.7451
287,VBD_npp_d20250910_t1809336_x1044573E_y086169N_l0661_s1097_v23,2025-09-10 20:03:39,8.616880,104.457268,6.24131,2025-09-10 18:09:33,2025-09-11 01:09:33,661,1097,0.399359,1,2529,0.304584,0.195414,0.610824,0.4,0.752225,0.75,0.086707,0.0001,6.75209e-06,999999,-1.426776e-01,3,Vietnamese Exclusive Economic Zone,,,SVDNB_npp_d20250910_t1808204_e1809446_b71879_c20250910193708290000_oeac_ops.h5,GDNBO_npp_d20250910_t1808204_e1809446_b71879_c20250910193435689000_oeac_ops.h5,SVI04_npp_d20250910_t1808204_e1809446_b71879_c20250910193716857000_oeac_ops.dspace_rad,,eez_v11.shp,WPP_BFAR_merge.shp,vbd_mpa_r20170830.shp,VNF-VBD_npp_20120301-20151231_global_asia-enhanced_c201607211230.bitmask,vbd_landsea_r20220824.mask,timezone.shp,VBD_platforms-recurring_2015_r20170330.shp,999999,VBD_bridges_c20160811.shp,13.807614;11.988322;9.502959;4.653294;6.975082;8.905746,97.681961;111.744194;125.481216;124.205185;110.604576;96.769409,npp_d20250910_t1804042_e1805284_b71879;npp_d20250910_t1805296_e1806538_b71879;npp_d20250910_t1806550_e1808192_b71879;npp_d20250910_t1808204_e1809446_b71879,157.976,53.6752,45.2904,98.1356,19.4808,71.0979
288,VBD_npp_d20250910_t1809176_x1046647E_y095186N_l0522_s1099_v23,2025-09-10 20:03:39,9.518562,104.664658,6.62609,2025-09-10 18:09:17,2025-09-11 01:09:17,522,1099,0.342667,2,2209,0.194396,0.186178,0.525847,0.4,0.59289,0.75,0.0869434,0.0001,7.31359e-06,999999,-6.661213e-02,3,Vietnamese Exclusive Economic Zone,,,SVDNB_npp_d20250910_t1808204_e1809446_b71879_c20250910193708290000_oeac_ops.h5,GDNBO_npp_d20250910_t1808204_e1809446_b71879_c20250910193435689000_oeac_ops.h5,SVI04_npp_d20250910_t1808204_e1809446_b71879_c20250910193716857000_oeac_ops.dspace_rad,,eez_v11.shp,WPP_BFAR_merge.shp,vbd_mpa_r20170830.shp,VNF-VBD_npp_20120301-20151231_global_asia-enhanced_c201607211230.bitmask,vbd_landsea_r20220824.mask,timezone.shp,VBD_platforms-recurring_2015_r20170330.shp,999999,VBD_bridges_c20160811.shp,13.807614;11.988322;9.502959;4.653294;6.975082;8.905746,97.681961;111.744194;125.481216;124.205185;110.604576;96.769409,npp_d20250910_t1804042_e1805284_b71879;npp_d20250910_t1805296_e1806538_b71879;npp_d20250910_t1806550_e1808192_b71879;npp_d20250910_t1808204_e1809446_b71879,157.322,52.1516,45.2209,97.7458,19.0649,73.5015
289,VBD_npp_d20250910_t1809158_x1047082E_y095849N_l0511_s1103_v23,2025-09-10 20:03:39,9.584883,104.708244,8.0593,2025-09-10 18:09:15,2025-09-11 01:09:15,511,1103,0.326307,2,2209,0.217495,0.216686,0.508613,0.4,0.41631,0.75,0.0869675,0.0001,7.68083e-06,999999,-3.178628e-01,3,Vietnamese Exclusive Economic Zone,,,SVDNB_npp_d20250910_t1808204_e1809446_b71879_c20250910193708290000_oeac_ops.h5,GDNBO_npp_d20250910_t1808204_e1809446_b71879_c20250910193435689000_oeac_ops.h5,SVI04_npp_d20250910_t1808204_e1809446_b71879_c20250910193716857000_oeac_ops.dspace_rad,,eez_v11.shp,WPP_BFAR_merge.shp,vbd_mpa_r20170830.shp,VNF-VBD_npp_20120301-20151231_global_asia-enhanced_c201607211230.bitmask,vbd_landsea_r20220824.mask,timezone.shp,VBD_platforms-recurring_2015_r20170330.shp,999999,VBD_bridges_c20160811.shp,13.807614;11.988322;9.502959;4.653294;6.975082;8.905746,97.681961;111.744194;125.481216;124.205185;110.604576;96.769409,npp_d20250910_t1804042_e1805284_b71879;npp_d20250910_t1805296_e1806538_b71879;npp_d20250910_t1806550_e1808192_b71879;npp_d20250910_t1808204_e1809446_b71879,157.253,52.085,45.089,97.4277,19.0107,73.6657
290,VBD_npp_d20250910_t1809319_x1045131E_y086680N_l0652_s1103_v23,2025-09-10 20:03:39,8.667962,104.513107,4.4602,2025-09-10 18:09:31,2025-09-11 01:09:31,652,1103,0.407041,2,2209,0.212441,0.179133,0.506068,0.4,0.665899,0.75,0.0867517,0.0001,7.26055e-06,999999,-8.599929e-03,3,Vietnamese Exclusive Economic Zone,,,SVDNB_npp_d20250910_t1808204_e1809446_b71879_c20250910193708290000_oeac_ops.h5,GDNBO_npp_d20250910_t1808204_e1809446_b71879_c20250910193435689000_oeac_ops.h5,SVI04_npp_d20250910_t1808204_e1809446_b71879_c20250910193716857000_oeac_ops.dspace_rad,,eez_v11.shp,WPP_BFAR_merge.shp,vbd_mpa_r20170830.shp,VNF-VBD_npp_20120301-20151231_global_asia-enhanced_c201607211230.bitmask,vbd_landsea_r20220824.mask,timezone.shp,VBD_platforms-recurring_2015_r20170330.shp,999999,VBD_bridges_c20160811.shp,13.807614;11.988322;9.502959;4.653294;6.975082;8.905746,97.681961;111.744194;125.481216;124.205185;110.604576;96.769409,npp_d20250910_t1804042_e1805284_b71879;npp_d20250910_t1805296_e1806538_b71879;npp_d20250910_t1806550_e1808192_b71879;npp_d20250910_t1808204_e1809446_b71879,157.907,53.651,45.0875,97.7001,19.4177,71.2001
291,VBD_npp_d20250910_t1809230_x1046588E_y092459N_l0563_s1107_v23,2025-09-10 20:03:39,9.245910,104.658821,16.3538,2025-09-10 18:09:23,2025-09-11 01:09:23,563,1107,0.305466,1,2529,0.389563,0.208899,0.586111,0.4,0.754898,0.75,0.0869472,0.0001,8.12132e-06,999999,-2.537329e-01,3,Vietnamese Exclusive Economic Zone,,,SVDNB_npp_d20250910_t1808204_e1809446_b71879_c20250910193708290000_oeac_ops.h5,GDNBO_npp_d20250910_t1808204_e1809446_b71879_c20250910193435689000_oeac_ops.h5,SVI04_npp_d20250910_t1808204_e1809446_b71879_c20250910193716857000_oeac_ops.dspace_rad,,eez_v11.shp,WPP_BFAR_merge.shp,vbd_mpa_r20170830.shp,VNF-VBD_npp_20120301-20151231_global_asia-enhanced_c201607211230.bitmask,vbd_landsea_r20220824.mask,timezone.shp,VBD_platforms-recurring_2015_r20170330.shp,999999,VBD_bridges_c20160811.shp,13.807614;11.988322;9.502959;4.653294;6.975082;8.905746,97.681961;111.744194;125.481216;124.205185;110.604576;96.769409,npp_d20250910_t1804042_e1805284_b71879;npp_d20250910_t1805296_e1806538_b71879;npp_d20250910_t1806550_e1808192_b71879;npp_d20250910_t1808204_e1809446_b71879,157.475,52.6971,44.9521,98.2154,19.1305,72.7221
292,VBD_npp_d20250910_t1809336_x1045874E_y085708N_l0665_s1117_v23,2025-09-10 20:03:39,8.570836,104.587357,6.28418,2025-09-10 18:09:33,2025-09-11 01:09:33,665,1117,0.389329,2,2465,0.254418,0.183688,0.509272,0.4,0.686831,0.75,0.0867792,0.0001,8.78696e-06,999999,-4.611253e-02,3,Vietnamese Exclusive Economic Zone,,,SVDNB_npp_d20250910_t1808204_e1809446_b71879_c20250910193708290000_oeac_ops.h5,GDNBO_npp_d20250910_t1808204_e1809446_b71879_c20250910193435689000_oeac_ops.h5,SVI04_npp_d20250910_t1808204_e1809446_b71879_c20250910193716857000_oeac_ops.dspace_rad,,eez_v11.shp,WPP_BFAR_merge.shp,vbd_mpa_r20170830.shp,VNF-VBD_npp_20120301-20151231_global_asia-enhanced_c201607211230.bitmask,vbd_landsea_r20220824.mask,timezone.shp,VBD_platforms-recurring_2015_r20170330.shp,999999,VBD_bridges_c20160811.shp,13.807614;11.988322;9.502959;4.653294;6.975082;8.905746,97.681961;111.744194;125.481216;124.205185;110.604576;96.769409,npp_d20250910_t1804042_e1805284_b71879;npp_d20250910_t1805296_e1806538_b71879;npp_d20250910_t1806550_e1808192_b71879;npp_d20250910_t1808204_e1809446_b71879,157.9,53.9737,44.6134,97.9067,19.3724,70.8705
293,VBD_npp_d20250910_t1809283_x1047977E_y088634N_l0617_s1139_v23,2025-09-10 20:03:39,8.863437,104.797707,7.75973,2025-09-10 18:09:28,2025-09-11 01:09:28,617,1139,0.387693,2,2465,0.294685,0.212889,0.628786,0.4,0.566166,0.75,0.0869769,0.0001,1.20024e-05,999999,-2.865941e-01,1,,,,SVDNB_npp_d20250910_t1808204_e1809446_b71879_c20250910193708290000_oeac_ops.h5,GDNBO_npp_d20250910_t1808204_e1809446_b71879_c20250910193435689000_oeac_ops.h5,SVI04_npp_d20250910_t1808204_e1809446_b71879_c20250910193716857000_oeac_ops.dspace_rad,,eez_v11.shp,WPP_BFAR_merge.shp,vbd_mpa_r20170830.shp,VNF-VBD_npp_20120301-20151231_global_asia-enhanced_c201607211230.bitmask,vbd_landsea_r20220824.mask,timezone.shp,VBD_platforms-recurring_2015_r20170330.shp,999999,VBD_bridges_c20160811.shp,13.807614;11.988322;9.502959;4.653294;6.975082;8.905746,97.681961;111.744194;125.481216;124.205185;110.604576;96.769409,npp_d20250910_t1804042_e1805284_b71879;npp_d20250910_t1805296_e1806538_b71879;npp_d20250910_t1806550_e1808192_b71879;npp_d20250910_t1808204_e1809446_b71879,157.577,53.6932,43.8732,97.9021,19.0967,71.5333
1,VBD_npp_d20250910_t1810288_x0963090E_y064020N_l0393_s0007_v23,2025-09-10 20:24:38,6.402006,96.309036,11.1214,2025-09-10 18:10:28,2025-09-11 01:10:28,393,7,-999.3,2,2209,0.242484,0.223324,0.55677,0.4,0.696836,0.75,0.0800738,0.0001,8.70682e-15,999999,-1.088490e-01,3,Indonesian Exclusive Economic Zone,WPP571,,SVDNB_npp_d20250910_t1809458_e1811100_b71879_c20250910193718573000_oeac_ops.h5,GDNBO_npp_d20250910_t1809458_e1811100_b71879_c20250910193449503000_oeac_ops.h5,SVI04_npp_d20250910_t1809458_e1811100_b71879_c20250910193726893000_oeac_ops.dspace_rad,,eez_v11.shp,WPP_BFAR_merge.shp,vbd_mpa_r20170830.shp,VNF-VBD_npp_20120301-20151231_global_asia-enhanced_c201607211230.bitmask,vbd_landsea_r20220824.mask,timezone.shp,VBD_platforms-recurring_2015_r20170330.shp,999999,VBD_bridges_c20160811.shp,8.908844;6.970024;4.655672;-0.214400;1.955167;4.018827,96.765038;110.596878;124.199928;123.046227;109.474426;95.761597,npp_d20250910_t1809458_e1811100_b71879;npp_d20250910_t1811112_e1812354_b71879;npp_d20250910_t1812366_e1814008_b71879;npp_d20250910_t1814020_e1815262_b71879,165.303,41.5865,70.1375,97.4698,27.7658,71.1083
2,VBD_npp_d20250910_t1810003_x0977300E_y079154N_l0134_s0164_v23,2025-09-10 20:24:38,7.915433,97.729980,23.5296,2025-09-10 18:10:00,2025-09-11 01:10:00,134,164,0.170815,1,2529,0.5177,0.23307,0.692307,0.4,0.804486,0.75,0.0815245,0.0001,4.21907e-13,999999,-1.872772e-01,3,Thailand Exclusive Economic Zone,,,SVDNB_npp_d20250910_t1809458_e1811100_b71879_c20250910193718573000_oeac_ops.h5,GDNBO_npp_d20250910_t1809458_e1811100_b71879_c20250910193449503000_oeac_ops.h5,SVI04_npp_d20250910_t1809458_e1811100_b71879_c20250910193726893000_oeac_ops.dspace_rad,,eez_v11.shp,WPP_BFAR_merge.shp,vbd_mpa_r20170830.shp,VNF-VBD_npp_20120301-20151231_global_asia-enhanced_c201607211230.bitmask,vbd_landsea_r20220824.mask,timezone.shp,VBD_platforms-recurring_2015_r20170330.shp,999999,VBD_bridges_c20160811.shp,8.908844;6.970024;4.655672;-0.214400;1.955167;4.018827,96.765038;110.596878;124.199928;123.046227;109.474426;95.761597,npp_d20250910_t1809458_e1811100_b71879;npp_d20250910_t1811112_e1812354_b71879;npp_d20250910_t1812366_e1814008_b71879;npp_d20250910_t1814020_e1815262_b71879,163.313,41.6112,67.6431,97.332,26.0422,73.378
3,VBD_npp_d20250910_t1810039_x0976909E_y077175N_l0165_s0164_v23,2025-09-10 20:24:38,7.717470,97.690880,17.1806,2025-09-10 18:10:03,2025-09-11 01:10:03,165,164,0.127852,2,2465,0.3728,0.220947,0.608895,0.4,0.7226,0.75,0.0814403,0.0001,4.08175e-13,999999,-1.012479e-01,3,Thailand Exclusive Economic Zone,,,SVDNB_npp_d20250910_t1809458_e1811100_b71879_c20250910193718573000_oeac_ops.h5,GDNBO_npp_d20250910_t1809458_e1811100_b71879_c20250910193449503000_oeac_ops.h5,SVI04_npp_d20250910_t1809458_e1811100_b71879_c20250910193726893000_oeac_ops.dspace_rad,,eez_v11.shp,WPP_BFAR_merge.shp,vbd_mpa_r20170830.shp,VNF-VBD_npp_20120301-20151231_global_asia-enhanced_c201607211230.bitmask,vbd_landsea_r20220824.mask,timezone.shp,VBD_platforms-recurring_2015_r20170330.shp,999999,VBD_bridges_c20160811.shp,8.908844;6.970024;4.655672;-0.214400;1.955167;4.018827,96.765038;110.596878;124.199928;123.046227;109.474426;95.761597,npp_d20250910_t1809458_e1811100_b71879;npp_d20250910_t1811112_e1812354_b71879;npp_d20250910_t1812366_e1814008_b71879;npp_d20250910_t1814020_e1815262_b71879,163.477,41.9902,67.64,97.406,26.1243,72.9941
4,VBD_npp_d20250910_t1810128_x0977936E_y072059N_l0241_s0193_v23,2025-09-10 20:24:38,7.205899,97.793633,35.6412,2025-09-10 18:10:12,2025-09-11 01:10:12,241,193,0.172807,1,2529,0.605604,0.227128,0.625935,0.4,0.770571,0.75,0.0813912,0.0001,6.98108e-13,999999,-1.451075e-01,3,Thailand Exclusive Economic Zone,,,SVDNB_npp_d20250910_t1809458_e1811100_b71879_c20250910193718573000_oeac_ops.h5,GDNBO_npp_d20250910_t1809458_e1811100_b71879_c20250910193449503000_oeac_ops.h5,SVI04_npp_d20250910_t1809458_e1811100_b71879_c20250910193726893000_oeac_ops.dspace_rad,,eez_v11.shp,WPP_BFAR_merge.shp,vbd_mpa_r20170830.shp,VNF-VBD_npp_20120301-20151231_global_asia-enhanced_c201607211230.bitmask,vbd_landsea_r20220824.mask,timezone.shp,VBD_platforms-recurring_2015_r20170330.shp,999999,VBD_bridges_c20160811.shp,8.908844;6.970024;4.655672;-0.214400;1.955167;4.018827,96.765038;110.596878;124.199928;123.046227;109.474426;95.761597,npp_d20250910_t1809458_e1811100_b71879;npp_d20250910_t1811112_e1812354_b71879;npp_d20250910_t1812366_e1814008_b71879;npp_d20250910_t1814020_e1815262_b71879,163.758,43.5362,67.1449,97.6617,26.1481,71.911
7,VBD_npp_d20250910_t1810092_x0983297E_y072765N_l0219_s0266_v23,2025-09-10 20:24:38,7.276545,98.329674,13.0144,2025-09-10 18:10:09,2025-09-11 01:10:09,219,266,0.177715,8,18849,0.308813,0.245297,0.554413,0.4,0.596575,0.75,0.0818554,0.0001,3.1879e-12,999999,-2.740453e-01,3,Thailand Exclusive Economic Zone,,,SVDNB_npp_d20250910_t1809458_e1811100_b71879_c20250910193718573000_oeac_ops.h5,GDNBO_npp_d20250910_t1809458_e1811100_b71879_c20250910193449503000_oeac_ops.h5,SVI04_npp_d20250910_t1809458_e1811100_b71879_c20250910193726893000_oeac_ops.dspace_rad,,eez_v11.shp,WPP_BFAR_merge.shp,vbd_mpa_r20170830.shp,VNF-VBD_npp_20120301-20151231_global_asia-enhanced_c201607211230.bitmask,vbd_landsea_r20220824.mask,timezone.shp,VBD_platforms-recurring_2015_r20170330.shp,0.817986,VBD_bridges_c20160811.shp,8.908844;6.970024;4.655672;-0.214400;1.955167;4.018827,96.765038;110.596878;124.199928;123.046227;109.474426;95.761597,npp_d20250910_t1809458_e1811100_b71879;npp_d20250910_t1811112_e1812354_b71879;npp_d20250910_t1812366_e1814008_b71879;npp_d20250910_t1814020_e1815262_b71879,163.348,44.6925,65.8749,97.3693,25.6261,71.7796
9,VBD_npp_d20250910_t1810128_x0983189E_y071375N_l0241_s0269_v23,2025-09-10 20:24:38,7.137535,98.318924,36.4154,2025-09-10 18:10:12,2025-09-11 01:10:12,241,269,0.28875,1,2529,0.387597,0.199222,0.763596,0.4,0.771479,0.75,0.0818094,0.0001,3.41331e-12,999999,5.291865e-02,3,Thailand Exclusive Economic Zone,,,SVDNB_npp_d20250910_t1809458_e1811100_b71879_c20250910193718573000_oeac_ops.h5,GDNBO_npp_d20250910_t1809458_e1811100_b71879_c20250910193449503000_oeac_ops.h5,SVI04_npp_d20250910_t1809458_e1811100_b71879_c20250910193726893000_oeac_ops.dspace_rad,,eez_v11.shp,WPP_BFAR_merge.shp,vbd_mpa_r20170830.shp,VNF-VBD_npp_20120301-20151231_global_asia-enhanced_c201607211230.bitmask,vbd_landsea_r20220824.mask,timezone.shp,VBD_platforms-recurring_2015_r20170330.shp,999999,VBD_bridges_c20160811.shp,8.908844;6.970024;4.655672;-0.214400;1.955167;4.018827,96.765038;110.596878;124.199928;123.046227;109.474426;95.761597,npp_d20250910_t1809458_e1811100_b71879;npp_d20250910_t1811112_e1812354_b71879;npp_d20250910_t1812366_e1814008_b71879;npp_d20250910_t1814020_e1815262_b71879,163.444,45.0315,65.8176,97.7399,25.6673,71.4969
10,VBD_npp_d20250910_t1810110_x0983675E_y071876N_l0232_s0274_v23,2025-09-10 20:24:38,7.187584,98.367477,13.214,2025-09-10 18:10:11,2025-09-11 01:10:11,232,274,0.300487,2,2465,0.419081,0.182212,0.683945,0.4,0.677782,0.75,0.0818624,0.0001,3.73915e-12,999999,1.736327e-01,3,Thailand Exclusive Economic Zone,,,SVDNB_npp_d20250910_t1809458_e1811100_b71879_c20250910193718573000_oeac_ops.h5,GDNBO_npp_d20250910_t1809458_e1811100_b71879_c20250910193449503000_oeac_ops.h5,SVI04_npp_d20250910_t1809458_e1811100_b71879_c20250910193726893000_oeac_ops.dspace_rad,,eez_v11.shp,WPP_BFAR_merge.shp,vbd_mpa_r20170830.shp,VNF-VBD_npp_20120301-20151231_global_asia-enhanced_c201607211230.bitmask,vbd_landsea_r20220824.mask,timezone.shp,VBD_platforms-recurring_2015_r20170330.shp,999999,VBD_bridges_c20160811.shp,8.908844;6.970024;4.655672;-0.214400;1.955167;4.018827,96.765038;110.596878;124.199928;123.046227;109.474426;95.761597,npp_d20250910_t1809458_e1811100_b71879;npp_d20250910_t1811112_e1812354_b71879;npp_d20250910_t1812366_e1814008_b71879;npp_d20250910_t1814020_e1815262_b71879,163.379,45.0146,65.7293,97.496,25.6115,71.5756
11,VBD_npp_d20250910_t1809568_x0987092E_y079930N_l0103_s0299_v23,2025-09-10 20:24:38,7.993016,98.709206,10.3616,2025-09-10 18:09:56,2025-09-11 01:09:56,103,299,0.1812,2,2209,0.244678,0.205769,0.481398,0.4,0.550024,0.75,0.0823548,0.0001,7.27992e-12,999999,6.465075e-03,3,Thailand Exclusive Economic Zone,,,SVDNB_npp_d20250910_t1809458_e1811100_b71879_c20250910193718573000_oeac_ops.h5,GDNBO_npp_d20250910_t1809458_e1811100_b71879_c20250910193449503000_oeac_ops.h5,SVI04_npp_d20250910_t1809458_e1811100_b71879_c20250910193726893000_oeac_ops.dspace_rad,,eez_v11.shp,WPP_BFAR_merge.shp,vbd_mpa_r20170830.shp,VNF-VBD_npp_20120301-20151231_global_asia-enhanced_c201607211230.bitmask,vbd_landsea_r20220824.mask,timezone.shp,VBD_platforms-recurring_2015_r20170330.shp,999999,VBD_bridges_c20160811.shp,8.908844;6.970024;4.655672;-0.214400;1.955167;4.018827,96.765038;110.596878;124.199928;123.046227;109.474426;95.761597,npp_d20250910_t1809458_e1811100_b71879;npp_d20250910_t1811112_e1812354_b71879;npp_d20250910_t1812366_e1814008_b71879;npp_d20250910_t1814020_e1815262_b71879,162.608,43.8615,65.2744,97.3917,25.0899,73.0828
12,VBD_npp_d20250910_t1810021_x0986905E_y076512N_l0155_s0306_v23,2025-09-10 20:24:38,7.651227,98.690506,9.43632,2025-09-10 18:10:02,2025-09-11 01:10:02,155,306,0.24913,2,2465,0.309468,0.220047,0.649996,0.4,0.49101,0.75,0.0822512,0.0001,7.79135e-12,999999,-9.486264e-02,3,Thailand Exclusive Economic Zone,,,SVDNB_npp_d20250910_t1809458_e1811100_b71879_c20250910193718573000_oeac_ops.h5,GDNBO_npp_d20250910_t1809458_e1811100_b71879_c20250910193449503000_oeac_ops.h5,SVI04_npp_d20250910_t1809458_e1811100_b71879_c20250910193726893000_oeac_ops.dspace_rad,,eez_v11.shp,WPP_BFAR_merge.shp,vbd_mpa_r20170830.shp,VNF-VBD_npp_20120301-20151231_global_asia-enhanced_c201607211230.bitmask,vbd_landsea_r20220824.mask,timezone.shp,VBD_platforms-recurring_2015_r20170330.shp,999999,VBD_bridges_c20160811.shp,8.908844;6.970024;4.655672;-0.214400;1.955167;4.018827,96.765038;110.596878;124.199928;123.046227;109.474426;95.761597,npp_d20250910_t1809458_e1811100_b71879;npp_d20250910_t1811112_e1812354_b71879;npp_d20250910_t1812366_e1814008_b71879;npp_d20250910_t1814020_e1815262_b71879,162.851,44.6372,65.1486,97.3244,25.1904,72.3715
13,VBD_npp_d20250910_t1810021_x0987064E_y076630N_l0153_s0308_v23,2025-09-10 20:24:38,7.662954,98.706413,11.2839,2025-09-10 18:10:02,2025-09-11 01:10:02,153,308,0.21769,2,2465,0.320648,0.195434,0.702393,0.4,0.70641,0.75,0.0822673,0.0001,8.18328e-12,999999,7.980461e-02,3,Thailand Exclusive Economic Zone,,,SVDNB_npp_d20250910_t1809458_e1811100_b71879_c20250910193718573000_oeac_ops.h5,GDNBO_npp_d20250910_t1809458_e1811100_b71879_c20250910193449503000_oeac_ops.h5,SVI04_npp_d20250910_t1809458_e1811100_b71879_c20250910193726893000_oeac_ops.dspace_rad,,eez_v11.shp,WPP_BFAR_merge.shp,vbd_mpa_r20170830.shp,VNF-VBD_npp_20120301-20151231_global_asia-enhanced_c201607211230.bitmask,vbd_landsea_r20220824.mask,timezone.shp,VBD_platforms-recurring_2015_r20170330.shp,999999,VBD_bridges_c20160811.shp,8.908844;6.970024;4.655672;-0.214400;1.955167;4.018827,96.765038;110.596878;124.199928;123.046227;109.474426;95.761597,npp_d20250910_t1809458_e1811100_b71879;npp_d20250910_t1811112_e1812354_b71879;npp_d20250910_t1812366_e1814008_b71879;npp_d20250910_t1814020_e1815262_b71879,162.831,44.649,65.111,97.392,25.1715,72.3875
14,VBD_npp_d20250910_t1810021_x0987171E_y076891N_l0149_s0309_v23,2025-09-10 20:24:38,7.689122,98.717133,10.3882,2025-09-10 18:10:02,2025-09-11 01:10:02,149,309,0.215485,2,2209,0.261326,0.226446,0.64327,0.4,0.614499,0.75,0.0822836,0.0001,8.48742e-12,999999,-1.402662e-01,3,Thailand Exclusive Economic Zone,,,SVDNB_npp_d20250910_t1809458_e1811100_b71879_c20250910193718573000_oeac_ops.h5,GDNBO_npp_d20250910_t1809458_e1811100_b71879_c20250910193449503000_oeac_ops.h5,SVI04_npp_d20250910_t1809458_e1811100_b71879_c20250910193726893000_oeac_ops.dspace_rad,,eez_v11.shp,WPP_BFAR_merge.shp,vbd_mpa_r20170830.shp,VNF-VBD_npp_20120301-20151231_global_asia-enhanced_c201607211230.bitmask,vbd_landsea_r20220824.mask,timezone.shp,VBD_platforms-recurring_2015_r20170330.shp,999999,VBD_bridges_c20160811.shp,8.908844;6.970024;4.655672;-0.214400;1.955167;4.018827,96.765038;110.596878;124.199928;123.046227;109.474426;95.761597,npp_d20250910_t1809458_e1811100_b71879;npp_d20250910_t1811112_e1812354_b71879;npp_d20250910_t1812366_e1814008_b71879;npp_d20250910_t1814020_e1815262_b71879,162.805,44.6154,65.0919,97.5244,25.1532,72.4361
15,VBD_npp_d20250910_t1810057_x0987003E_y074528N_l0185_s0313_v23,2025-09-10 20:24:38,7.452801,98.700264,30.7127,2025-09-10 18:10:05,2025-09-11 01:10:05,185,313,0.269758,1,2529,0.655423,0.207815,0.808323,0.4,0.837797,0.75,0.0822073,0.0001,8.74964e-12,999999,-8.059263e-03,3,Thailand Exclusive Economic Zone,,,SVDNB_npp_d20250910_t1809458_e1811100_b71879_c20250910193718573000_oeac_ops.h5,GDNBO_npp_d20250910_t1809458_e1811100_b71879_c20250910193449503000_oeac_ops.h5,SVI04_npp_d20250910_t1809458_e1811100_b71879_c20250910193726893000_oeac_ops.dspace_rad,,eez_v11.shp,WPP_BFAR_merge.shp,vbd_mpa_r20170830.shp,VNF-VBD_npp_20120301-20151231_global_asia-enhanced_c201607211230.bitmask,vbd_landsea_r20220824.mask,timezone.shp,VBD_platforms-recurring_2015_r20170330.shp,999999,VBD_bridges_c20160811.shp,8.908844;6.970024;4.655672;-0.214400;1.955167;4.018827,96.765038;110.596878;124.199928;123.046227;109.474426;95.761597,npp_d20250910_t1809458_e1811100_b71879;npp_d20250910_t1811112_e1812354_b71879;npp_d20250910_t1812366_e1814008_b71879;npp_d20250910_t1814020_e1815262_b71879,162.974,45.1522,65.0155,97.4358,25.2292,71.9492
16,VBD_npp_d20250910_t1810057_x0987350E_y074483N_l0185_s0318_v23,2025-09-10 20:24:38,7.448250,98.734955,27.1856,2025-09-10 18:10:05,2025-09-11 01:10:05,185,318,0.279788,1,2529,0.655705,0.199775,0.832066,0.4,0.874513,0.75,0.0822341,0.0001,9.67966e-12,999999,4.899776e-02,3,Thailand Exclusive Economic Zone,,,SVDNB_npp_d20250910_t1809458_e1811100_b71879_c20250910193718573000_oeac_ops.h5,GDNBO_npp_d20250910_t1809458_e1811100_b71879_c20250910193449503000_oeac_ops.h5,SVI04_npp_d20250910_t1809458_e1811100_b71879_c20250910193726893000_oeac_ops.dspace_rad,,eez_v11.shp,WPP_BFAR_merge.shp,vbd_mpa_r20170830.shp,VNF-VBD_npp_20120301-20151231_global_asia-enhanced_c201607211230.bitmask,vbd_landsea_r20220824.mask,timezone.shp,VBD_platforms-recurring_2015_r20170330.shp,999999,VBD_bridges_c20160811.shp,8.908844;6.970024;4.655672;-0.214400;1.955167;4.018827,96.765038;110.596878;124.199928;123.046227;109.474426;95.761597,npp_d20250910_t1809458_e1811100_b71879;npp_d20250910_t1811112_e1812354_b71879;npp_d20250910_t1812366_e1814008_b71879;npp_d20250910_t1814020_e1815262_b71879,162.953,45.2463,64.9226,97.4402,25.1974,71.9212
17,VBD_npp_d20250910_t1810039_x0987595E_y075234N_l0173_s0319_v23,2025-09-10 20:24:38,7.523435,98.759529,30.2309,2025-09-10 18:10:03,2025-09-11 01:10:03,173,319,0.260369,1,2529,0.719034,0.241463,0.802842,0.4,0.875792,0.75,0.0822721,0.0001,9.91125e-12,999999,-2.468326e-01,3,Thailand Exclusive Economic Zone,,,SVDNB_npp_d20250910_t1809458_e1811100_b71879_c20250910193718573000_oeac_ops.h5,GDNBO_npp_d20250910_t1809458_e1811100_b71879_c20250910193449503000_oeac_ops.h5,SVI04_npp_d20250910_t1809458_e1811100_b71879_c20250910193726893000_oeac_ops.dspace_rad,,eez_v11.shp,WPP_BFAR_merge.shp,vbd_mpa_r20170830.shp,VNF-VBD_npp_20120301-20151231_global_asia-enhanced_c201607211230.bitmask,vbd_landsea_r20220824.mask,timezone.shp,VBD_platforms-recurring_2015_r20170330.shp,999999,VBD_bridges_c20160811.shp,8.908844;6.970024;4.655672;-0.214400;1.955167;4.018827,96.765038;110.596878;124.199928;123.046227;109.474426;95.761597,npp_d20250910_t1809458_e1811100_b71879;npp_d20250910_t1811112_e1812354_b71879;npp_d20250910_t1812366_e1814008_b71879;npp_d20250910_t1814020_e1815262_b71879,162.888,45.114,64.9038,97.2915,25.157,72.0673
18,VBD_npp_d20250910_t1810039_x0987879E_y075255N_l0172_s0323_v23,2025-09-10 20:24:38,7.525527,98.787918,24.4892,2025-09-10 18:10:03,2025-09-11 01:10:03,172,323,0.281922,2,2465,0.522155,0.216283,0.803094,0.4,0.689164,0.75,0.0822963,0.0001,1.07752e-11,999999,-6.814865e-02,3,Thailand Exclusive Economic Zone,,,SVDNB_npp_d20250910_t1809458_e1811100_b71879_c20250910193718573000_oeac_ops.h5,GDNBO_npp_d20250910_t1809458_e1811100_b71879_c20250910193449503000_oeac_ops.h5,SVI04_npp_d20250910_t1809458_e1811100_b71879_c20250910193726893000_oeac_ops.dspace_rad,,eez_v11.shp,WPP_BFAR_merge.shp,vbd_mpa_r20170830.shp,VNF-VBD_npp_20120301-20151231_global_asia-enhanced_c201607211230.bitmask,vbd_landsea_r20220824.mask,timezone.shp,VBD_platforms-recurring_2015_r20170330.shp,999999,VBD_bridges_c20160811.shp,8.908844;6.970024;4.655672;-0.214400;1.955167;4.018827,96.765038;110.596878;124.199928;123.046227;109.474426;95.761597,npp_d20250910_t1809458_e1811100_b71879;npp_d20250910_t1811112_e1812354_b71879;npp_d20250910_t1812366_e1814008_b71879;npp_d20250910_t1814020_e1815262_b71879,162.866,45.1773,64.8295,97.3227,25.1292,72.0565
19,VBD_npp_d20250910_t1810057_x0987656E_y074154N_l0189_s0323_v23,2025-09-10 20:24:38,7.415432,98.765556,27.12,2025-09-10 18:10:05,2025-09-11 01:10:05,189,323,0.284625,8,18913,0.672627,0.202207,0.851116,0.4,0.784637,0.75,0.0822501,0.0001,1.05178e-11,999999,3.173540e-02,3,Thailand Exclusive Economic Zone,,,SVDNB_npp_d20250910_t1809458_e1811100_b71879_c20250910193718573000_oeac_ops.h5,GDNBO_npp_d20250910_t1809458_e1811100_b71879_c20250910193449503000_oeac_ops.h5,SVI04_npp_d20250910_t1809458_e1811100_b71879_c20250910193726893000_oeac_ops.dspace_rad,,eez_v11.shp,WPP_BFAR_merge.shp,vbd_mpa_r20170830.shp,VNF-VBD_npp_20120301-20151231_global_asia-enhanced_c201607211230.bitmask,vbd_landsea_r20220824.mask,timezone.shp,VBD_platforms-recurring_2015_r20170330.shp,0.688608,VBD_bridges_c20160811.shp,8.908844;6.970024;4.655672;-0.214400;1.955167;4.018827,96.765038;110.596878;124.199928;123.046227;109.474426;95.761597,npp_d20250910_t1809458_e1811100_b71879;npp_d20250910_t1811112_e1812354_b71879;npp_d20250910_t1812366_e1814008_b71879;npp_d20250910_t1814020_e1815262_b71879,162.954,45.3959,64.8305,97.306,25.1784,71.8371
20,VBD_npp_d20250910_t1810057_x0987979E_y074470N_l0184_s0327_v23,2025-09-10 20:24:38,7.446979,98.797913,44.4826,2025-09-10 18:10:05,2025-09-11 01:10:05,184,327,0.286332,1,2529,0.850669,0.209774,0.851032,0.4,0.928158,0.75,0.0822852,0.0001,1.16375e-11,999999,-2.195869e-02,3,Thailand Exclusive Economic Zone,,,SVDNB_npp_d20250910_t1809458_e1811100_b71879_c20250910193718573000_oeac_ops.h5,GDNBO_npp_d20250910_t1809458_e1811100_b71879_c20250910193449503000_oeac_ops.h5,SVI04_npp_d20250910_t1809458_e1811100_b71879_c20250910193726893000_oeac_ops.dspace_rad,,eez_v11.shp,WPP_BFAR_merge.shp,vbd_mpa_r20170830.shp,VNF-VBD_npp_20120301-20151231_global_asia-enhanced_c201607211230.bitmask,vbd_landsea_r20220824.mask,timezone.shp,VBD_platforms-recurring_2015_r20170330.shp,999999,VBD_bridges_c20160811.shp,8.908844;6.970024;4.655672;-0.214400;1.955167;4.018827,96.765038;110.596878;124.199928;123.046227;109.474426;95.761597,npp_d20250910_t1809458_e1811100_b71879;npp_d20250910_t1811112_e1812354_b71879;npp_d20250910_t1812366_e1814008_b71879;npp_d20250910_t1814020_e1815262_b71879,162.909,45.4003,64.7556,97.4818,25.1375,71.8847
21,VBD_npp_d20250910_t1810039_x0988525E_y075385N_l0169_s0332_v23,2025-09-10 20:24:38,7.538547,98.852516,33.3324,2025-09-10 18:10:03,2025-09-11 01:10:03,169,332,0.262361,1,2529,0.74473,0.232248,0.818534,0.4,0.896661,0.75,0.0823528,0.0001,1.3047e-11,999999,-1.814444e-01,3,Thailand Exclusive Economic Zone,,,SVDNB_npp_d20250910_t1809458_e1811100_b71879_c20250910193718573000_oeac_ops.h5,GDNBO_npp_d20250910_t1809458_e1811100_b71879_c20250910193449503000_oeac_ops.h5,SVI04_npp_d20250910_t1809458_e1811100_b71879_c20250910193726893000_oeac_ops.dspace_rad,,eez_v11.shp,WPP_BFAR_merge.shp,vbd_mpa_r20170830.shp,VNF-VBD_npp_20120301-20151231_global_asia-enhanced_c201607211230.bitmask,vbd_landsea_r20220824.mask,timezone.shp,VBD_platforms-recurring_2015_r20170330.shp,999999,VBD_bridges_c20160811.shp,8.908844;6.970024;4.655672;-0.214400;1.955167;4.018827,96.765038;110.596878;124.199928;123.046227;109.474426;95.761597,npp_d20250910_t1809458_e1811100_b71879;npp_d20250910_t1811112_e1812354_b71879;npp_d20250910_t1812366_e1814008_b71879;npp_d20250910_t1814020_e1815262_b71879,162.812,45.3018,64.6625,97.4341,25.0632,72.049
22,VBD_npp_d20250910_t1810039_x0988486E_y075105N_l0173_s0332_v23,2025-09-10 20:24:38,7.510522,98.848618,20.9386,2025-09-10 18:10:03,2025-09-11 01:10:03,173,332,0.273813,1,2529,0.568758,0.215422,0.834119,0.4,0.846138,0.75,0.0823419,0.0001,1.28281e-11,999999,-6.204100e-02,3,Thailand Exclusive Economic Zone,,,SVDNB_npp_d20250910_t1809458_e1811100_b71879_c20250910193718573000_oeac_ops.h5,GDNBO_npp_d20250910_t1809458_e1811100_b71879_c20250910193449503000_oeac_ops.h5,SVI04_npp_d20250910_t1809458_e1811100_b71879_c20250910193726893000_oeac_ops.dspace_rad,,eez_v11.shp,WPP_BFAR_merge.shp,vbd_mpa_r20170830.shp,VNF-VBD_npp_20120301-20151231_global_asia-enhanced_c201607211230.bitmask,vbd_landsea_r20220824.mask,timezone.shp,VBD_platforms-recurring_2015_r20170330.shp,999999,VBD_bridges_c20160811.shp,8.908844;6.970024;4.655672;-0.214400;1.955167;4.018827,96.765038;110.596878;124.199928;123.046227;109.474426;95.761597,npp_d20250910_t1809458_e1811100_b71879;npp_d20250910_t1811112_e1812354_b71879;npp_d20250910_t1812366_e1814008_b71879;npp_d20250910_t1814020_e1815262_b71879,162.834,45.357,64.6632,97.296,25.0757,71.993
24,VBD_npp_d20250910_t1810057_x0988495E_y074687N_l0180_s0334_v23,2025-09-10 20:24:38,7.468686,98.849533,31.533,2025-09-10 18:10:05,2025-09-11 01:10:05,180,334,0.290528,1,2529,0.776985,0.185056,0.841492,0.4,0.91242,0.75,0.0823336,0.0001,1.35884e-11,999999,1.534507e-01,3,Thailand Exclusive Economic Zone,,,SVDNB_npp_d20250910_t1809458_e1811100_b71879_c20250910193718573000_oeac_ops.h5,GDNBO_npp_d20250910_t1809458_e1811100_b71879_c20250910193449503000_oeac_ops.h5,SVI04_npp_d20250910_t1809458_e1811100_b71879_c20250910193726893000_oeac_ops.dspace_rad,,eez_v11.shp,WPP_BFAR_merge.shp,vbd_mpa_r20170830.shp,VNF-VBD_npp_20120301-20151231_global_asia-enhanced_c201607211230.bitmask,vbd_landsea_r20220824.mask,timezone.shp,VBD_platforms-recurring_2015_r20170330.shp,999999,VBD_bridges_c20160811.shp,8.908844;6.970024;4.655672;-0.214400;1.955167;4.018827,96.765038;110.596878;124.199928;123.046227;109.474426;95.761597,npp_d20250910_t1809458_e1811100_b71879;npp_d20250910_t1811112_e1812354_b71879;npp_d20250910_t1812366_e1814008_b71879;npp_d20250910_t1814020_e1815262_b71879,162.858,45.4734,64.626,97.6261,25.0812,71.9017
25,VBD_npp_d20250910_t1810074_x0988613E_y073618N_l0196_s0339_v23,2025-09-10 20:24:38,7.361751,98.861305,27.8511,2025-09-10 18:10:07,2025-09-11 01:10:07,196,339,0.272105,1,2529,0.598968,0.231242,0.669592,0.4,0.853246,0.75,0.0823167,0.0001,1.46677e-11,999999,-1.743011e-01,3,Thailand Exclusive Economic Zone,,,SVDNB_npp_d20250910_t1809458_e1811100_b71879_c20250910193718573000_oeac_ops.h5,GDNBO_npp_d20250910_t1809458_e1811100_b71879_c20250910193449503000_oeac_ops.h5,SVI04_npp_d20250910_t1809458_e1811100_b71879_c20250910193726893000_oeac_ops.dspace_rad,,eez_v11.shp,WPP_BFAR_merge.shp,vbd_mpa_r20170830.shp,VNF-VBD_npp_20120301-20151231_global_asia-enhanced_c201607211230.bitmask,vbd_landsea_r20220824.mask,timezone.shp,VBD_platforms-recurring_2015_r20170330.shp,999999,VBD_bridges_c20160811.shp,8.908844;6.970024;4.655672;-0.214400;1.955167;4.018827,96.765038;110.596878;124.199928;123.046227;109.474426;95.761597,npp_d20250910_t1809458_e1811100_b71879;npp_d20250910_t1811112_e1812354_b71879;npp_d20250910_t1812366_e1814008_b71879;npp_d20250910_t1814020_e1815262_b71879,162.919,45.7673,64.5369,97.6509,25.0971,71.6699
26,VBD_npp_d20250910_t1810110_x0988490E_y071168N_l0233_s0344_v23,2025-09-10 20:24:38,7.116765,98.848969,36.5923,2025-09-10 18:10:11,2025-09-11 01:10:11,233,344,0.313646,1,2529,0.802994,0.244258,0.758541,0.4,0.913471,0.75,0.0822384,0.0001,1.52922e-11,999999,-2.666715e-01,3,Thailand Exclusive Economic Zone,,,SVDNB_npp_d20250910_t1809458_e1811100_b71879_c20250910193718573000_oeac_ops.h5,GDNBO_npp_d20250910_t1809458_e1811100_b71879_c20250910193449503000_oeac_ops.h5,SVI04_npp_d20250910_t1809458_e1811100_b71879_c20250910193726893000_oeac_ops.dspace_rad,,eez_v11.shp,WPP_BFAR_merge.shp,vbd_mpa_r20170830.shp,VNF-VBD_npp_20120301-20151231_global_asia-enhanced_c201607211230.bitmask,vbd_landsea_r20220824.mask,timezone.shp,VBD_platforms-recurring_2015_r20170330.shp,999999,VBD_bridges_c20160811.shp,8.908844;6.970024;4.655672;-0.214400;1.955167;4.018827,96.765038;110.596878;124.199928;123.046227;109.474426;95.761597,npp_d20250910_t1809458_e1811100_b71879;npp_d20250910_t1811112_e1812354_b71879;npp_d20250910_t1812366_e1814008_b71879;npp_d20250910_t1814020_e1815262_b71879,163.087,46.3504,64.4426,97.5216,25.1746,71.1636
27,VBD_npp_d20250910_t1810163_x0988018E_y067847N_l0284_s0347_v23,2025-09-10 20:24:38,6.784665,98.801750,56.4565,2025-09-10 18:10:16,2025-09-11 01:10:16,284,347,0.348927,1,2529,0.982211,0.20292,0.841102,0.4,0.942706,0.75,0.0821095,0.0001,1.50624e-11,999999,2.667653e-02,3,Thailand Exclusive Economic Zone,,,SVDNB_npp_d20250910_t1809458_e1811100_b71879_c20250910193718573000_oeac_ops.h5,GDNBO_npp_d20250910_t1809458_e1811100_b71879_c20250910193449503000_oeac_ops.h5,SVI04_npp_d20250910_t1809458_e1811100_b71879_c20250910193726893000_oeac_ops.dspace_rad,,eez_v11.shp,WPP_BFAR_merge.shp,vbd_mpa_r20170830.shp,VNF-VBD_npp_20120301-20151231_global_asia-enhanced_c201607211230.bitmask,vbd_landsea_r20220824.mask,timezone.shp,VBD_platforms-recurring_2015_r20170330.shp,999999,VBD_bridges_c20160811.shp,8.908844;6.970024;4.655672;-0.214400;1.955167;4.018827,96.765038;110.596878;124.199928;123.046227;109.474426;95.761597,npp_d20250910_t1809458_e1811100_b71879;npp_d20250910_t1811112_e1812354_b71879;npp_d20250910_t1812366_e1814008_b71879;npp_d20250910_t1814020_e1815262_b71879,163.333,47.0923,64.3899,97.4767,25.31,70.4995
28,VBD_npp_d20250910_t1810074_x0989510E_y073426N_l0197_s0352_v23,2025-09-10 20:24:38,7.342634,98.950974,50.764,2025-09-10 18:10:07,2025-09-11 01:10:07,197,352,0.317131,1,2529,0.871119,0.218914,0.775975,0.4,0.934479,0.75,0.0823836,0.0001,1.89623e-11,999999,-8.682096e-02,3,Thailand Exclusive Economic Zone,,,SVDNB_npp_d20250910_t1809458_e1811100_b71879_c20250910193718573000_oeac_ops.h5,GDNBO_npp_d20250910_t1809458_e1811100_b71879_c20250910193449503000_oeac_ops.h5,SVI04_npp_d20250910_t1809458_e1811100_b71879_c20250910193726893000_oeac_ops.dspace_rad,,eez_v11.shp,WPP_BFAR_merge.shp,vbd_mpa_r20170830.shp,VNF-VBD_npp_20120301-20151231_global_asia-enhanced_c201607211230.bitmask,vbd_landsea_r20220824.mask,timezone.shp,VBD_platforms-recurring_2015_r20170330.shp,999999,VBD_bridges_c20160811.shp,8.908844;6.970024;4.655672;-0.214400;1.955167;4.018827,96.765038;110.596878;124.199928;123.046227;109.474426;95.761597,npp_d20250910_t1809458_e1811100_b71879;npp_d20250910_t1811112_e1812354_b71879;npp_d20250910_t1812366_e1814008_b71879;npp_d20250910_t1814020_e1815262_b71879,162.868,46.0245,64.289,97.628,25.0175,71.5806
29,VBD_npp_d20250910_t1810074_x0989413E_y072732N_l0207_s0352_v23,2025-09-10 20:24:38,7.273180,98.941277,15.5253,2025-09-10 18:10:07,2025-09-11 01:10:07,207,352,0.331571,7,2465,0.510988,0.223921,0.781724,0.4,0.737431,0.75,0.0823552,0.0001,1.81763e-11,999999,-1.223533e-01,3,,,,SVDNB_npp_d20250910_t1809458_e1811100_b71879_c20250910193718573000_oeac_ops.h5,GDNBO_npp_d20250910_t1809458_e1811100_b71879_c20250910193449503000_oeac_ops.h5,SVI04_npp_d20250910_t1809458_e1811100_b71879_c20250910193726893000_oeac_ops.dspace_rad,,eez_v11.shp,WPP_BFAR_merge.shp,vbd_mpa_r20170830.shp,VNF-VBD_npp_20120301-20151231_global_asia-enhanced_c201607211230.bitmask,vbd_landsea_r20220824.mask,timezone.shp,VBD_platforms-recurring_2015_r20170330.shp,999999,VBD_bridges_c20160811.shp,8.908844;6.970024;4.655672;-0.214400;1.955167;4.018827,96.765038;110.596878;124.199928;123.046227;109.474426;95.761597,npp_d20250910_t1809458_e1811100_b71879;npp_d20250910_t1811112_e1812354_b71879;npp_d20250910_t1812366_e1814008_b71879;npp_d20250910_t1814020_e1815262_b71879,162.923,46.1642,64.2906,97.2817,25.0491,71.4423
30,VBD_npp_d20250910_t1810092_x0989405E_y072665N_l0209_s0353_v23,2025-09-10 20:24:38,7.266469,98.940475,18.9569,2025-09-10 18:10:09,2025-09-11 01:10:09,209,353,0.323249,1,2529,0.567544,0.19985,0.781724,0.4,0.853612,0.75,0.0823549,0.0001,1.93021e-11,999999,4.846216e-02,3,Thailand Exclusive Economic Zone,,,SVDNB_npp_d20250910_t1809458_e1811100_b71879_c20250910193718573000_oeac_ops.h5,GDNBO_npp_d20250910_t1809458_e1811100_b71879_c20250910193449503000_oeac_ops.h5,SVI04_npp_d20250910_t1809458_e1811100_b71879_c20250910193726893000_oeac_ops.dspace_rad,,eez_v11.shp,WPP_BFAR_merge.shp,vbd_mpa_r20170830.shp,VNF-VBD_npp_20120301-20151231_global_asia-enhanced_c201607211230.bitmask,vbd_landsea_r20220824.mask,timezone.shp,VBD_platforms-recurring_2015_r20170330.shp,999999,VBD_bridges_c20160811.shp,8.908844;6.970024;4.655672;-0.214400;1.955167;4.018827,96.765038;110.596878;124.199928;123.046227;109.474426;95.761597,npp_d20250910_t1809458_e1811100_b71879;npp_d20250910_t1811112_e1812354_b71879;npp_d20250910_t1812366_e1814008_b71879;npp_d20250910_t1814020_e1815262_b71879,162.923,46.1956,64.2701,97.7856,25.0452,71.4245
31,VBD_npp_d20250910_t1810092_x0989350E_y071753N_l0222_s0354_v23,2025-09-10 20:24:38,7.175288,98.935013,23.6281,2025-09-10 18:10:09,2025-09-11 01:10:09,222,354,0.304755,8,18913,0.67758,0.236436,0.770557,0.4,0.892427,0.75,0.0823233,0.0001,1.86456e-11,999999,-2.111611e-01,3,Thailand Exclusive Economic Zone,,,SVDNB_npp_d20250910_t1809458_e1811100_b71879_c20250910193718573000_oeac_ops.h5,GDNBO_npp_d20250910_t1809458_e1811100_b71879_c20250910193449503000_oeac_ops.h5,SVI04_npp_d20250910_t1809458_e1811100_b71879_c20250910193726893000_oeac_ops.dspace_rad,,eez_v11.shp,WPP_BFAR_merge.shp,vbd_mpa_r20170830.shp,VNF-VBD_npp_20120301-20151231_global_asia-enhanced_c201607211230.bitmask,vbd_landsea_r20220824.mask,timezone.shp,VBD_platforms-recurring_2015_r20170330.shp,0.469394,VBD_bridges_c20160811.shp,8.908844;6.970024;4.655672;-0.214400;1.955167;4.018827,96.765038;110.596878;124.199928;123.046227;109.474426;95.761597,npp_d20250910_t1809458_e1811100_b71879;npp_d20250910_t1811112_e1812354_b71879;npp_d20250910_t1812366_e1814008_b71879;npp_d20250910_t1814020_e1815262_b71879,162.99,46.3977,64.252,97.3361,25.0801,71.2393
32,VBD_npp_d20250910_t1810074_x0989899E_y072598N_l0208_s0359_v23,2025-09-10 20:24:38,7.259838,98.989853,17.1147,2025-09-10 18:10:07,2025-09-11 01:10:07,208,359,0.317629,1,2529,0.537025,0.214791,0.800642,0.4,0.84349,0.75,0.08239,0.0001,2.08664e-11,999999,-5.756429e-02,3,Thailand Exclusive Economic Zone,,,SVDNB_npp_d20250910_t1809458_e1811100_b71879_c20250910193718573000_oeac_ops.h5,GDNBO_npp_d20250910_t1809458_e1811100_b71879_c20250910193449503000_oeac_ops.h5,SVI04_npp_d20250910_t1809458_e1811100_b71879_c20250910193726893000_oeac_ops.dspace_rad,,eez_v11.shp,WPP_BFAR_merge.shp,vbd_mpa_r20170830.shp,VNF-VBD_npp_20120301-20151231_global_asia-enhanced_c201607211230.bitmask,vbd_landsea_r20220824.mask,timezone.shp,VBD_platforms-recurring_2015_r20170330.shp,999999,VBD_bridges_c20160811.shp,8.908844;6.970024;4.655672;-0.214400;1.955167;4.018827,96.765038;110.596878;124.199928;123.046227;109.474426;95.761597,npp_d20250910_t1809458_e1811100_b71879;npp_d20250910_t1811112_e1812354_b71879;npp_d20250910_t1812366_e1814008_b71879;npp_d20250910_t1814020_e1815262_b71879,162.898,46.3101,64.1543,97.2529,25.007,71.3873
33,VBD_npp_d20250910_t1810092_x0989899E_y072597N_l0209_s0360_v23,2025-09-10 20:24:38,7.259736,98.989914,24.7722,2025-09-10 18:10:09,2025-09-11 01:10:09,209,360,0.317629,1,2529,0.581756,0.205997,0.800642,0.4,0.831522,0.75,0.0823925,0.0001,2.22437e-11,999999,4.842107e-03,3,Thailand Exclusive Economic Zone,,,SVDNB_npp_d20250910_t1809458_e1811100_b71879_c20250910193718573000_oeac_ops.h5,GDNBO_npp_d20250910_t1809458_e1811100_b71879_c20250910193449503000_oeac_ops.h5,SVI04_npp_d20250910_t1809458_e1811100_b71879_c20250910193726893000_oeac_ops.dspace_rad,,eez_v11.shp,WPP_BFAR_merge.shp,vbd_mpa_r20170830.shp,VNF-VBD_npp_20120301-20151231_global_asia-enhanced_c201607211230.bitmask,vbd_landsea_r20220824.mask,timezone.shp,VBD_platforms-recurring_2015_r20170330.shp,999999,VBD_bridges_c20160811.shp,8.908844;6.970024;4.655672;-0.214400;1.955167;4.018827,96.765038;110.596878;124.199928;123.046227;109.474426;95.761597,npp_d20250910_t1809458_e1811100_b71879;npp_d20250910_t1811112_e1812354_b71879;npp_d20250910_t1812366_e1814008_b71879;npp_d20250910_t1814020_e1815262_b71879,162.892,46.3279,64.1337,97.792,25.0002,71.3827
34,VBD_npp_d20250910_t1810181_x0989037E_y066798N_l0298_s0364_v23,2025-09-10 20:24:38,6.679822,98.903748,14.8349,2025-09-10 18:10:18,2025-09-11 01:10:18,298,364,0.346651,1,2529,0.550565,0.223771,0.822029,0.4,0.88158,0.75,0.0821763,0.0001,2.11574e-11,999999,-1.212850e-01,3,Thailand Exclusive Economic Zone,,,SVDNB_npp_d20250910_t1809458_e1811100_b71879_c20250910193718573000_oeac_ops.h5,GDNBO_npp_d20250910_t1809458_e1811100_b71879_c20250910193449503000_oeac_ops.h5,SVI04_npp_d20250910_t1809458_e1811100_b71879_c20250910193726893000_oeac_ops.dspace_rad,,eez_v11.shp,WPP_BFAR_merge.shp,vbd_mpa_r20170830.shp,VNF-VBD_npp_20120301-20151231_global_asia-enhanced_c201607211230.bitmask,vbd_landsea_r20220824.mask,timezone.shp,VBD_platforms-recurring_2015_r20170330.shp,999999,VBD_bridges_c20160811.shp,8.908844;6.970024;4.655672;-0.214400;1.955167;4.018827,96.765038;110.596878;124.199928;123.046227;109.474426;95.761597,npp_d20250910_t1809458_e1811100_b71879;npp_d20250910_t1811112_e1812354_b71879;npp_d20250910_t1812366_e1814008_b71879;npp_d20250910_t1814020_e1815262_b71879,163.324,47.6085,64.0549,97.5803,25.2421,70.2201
36,VBD_npp_d20250910_t1810074_x0990579E_y072861N_l0203_s0368_v23,2025-09-10 20:24:38,7.286148,99.057892,16.5877,2025-09-10 18:10:07,2025-09-11 01:10:07,203,368,0.310658,2,2465,0.529211,0.214152,0.800223,0.4,0.749687,0.75,0.0824525,0.0001,2.55379e-11,999999,-5.302504e-02,3,Thailand Exclusive Economic Zone,,,SVDNB_npp_d20250910_t1809458_e1811100_b71879_c20250910193718573000_oeac_ops.h5,GDNBO_npp_d20250910_t1809458_e1811100_b71879_c20250910193449503000_oeac_ops.h5,SVI04_npp_d20250910_t1809458_e1811100_b71879_c20250910193726893000_oeac_ops.dspace_rad,,eez_v11.shp,WPP_BFAR_merge.shp,vbd_mpa_r20170830.shp,VNF-VBD_npp_20120301-20151231_global_asia-enhanced_c201607211230.bitmask,vbd_landsea_r20220824.mask,timezone.shp,VBD_platforms-recurring_2015_r20170330.shp,999999,VBD_bridges_c20160811.shp,8.908844;6.970024;4.655672;-0.214400;1.955167;4.018827,96.765038;110.596878;124.199928;123.046227;109.474426;95.761597,npp_d20250910_t1809458_e1811100_b71879;npp_d20250910_t1811112_e1812354_b71879;npp_d20250910_t1812366_e1814008_b71879;npp_d20250910_t1814020_e1815262_b71879,162.831,46.408,63.9782,97.4341,24.9335,71.4034
37,VBD_npp_d20250910_t1810074_x0990620E_y072646N_l0206_s0369_v23,2025-09-10 20:24:38,7.264554,99.061966,23.9744,2025-09-10 18:10:07,2025-09-11 01:10:07,206,369,0.329864,1,2529,0.522927,0.21542,0.800223,0.4,0.810616,0.75,0.0824493,0.0001,2.57247e-11,999999,-6.202535e-02,3,Thailand Exclusive Economic Zone,,,SVDNB_npp_d20250910_t1809458_e1811100_b71879_c20250910193718573000_oeac_ops.h5,GDNBO_npp_d20250910_t1809458_e1811100_b71879_c20250910193449503000_oeac_ops.h5,SVI04_npp_d20250910_t1809458_e1811100_b71879_c20250910193726893000_oeac_ops.dspace_rad,,eez_v11.shp,WPP_BFAR_merge.shp,vbd_mpa_r20170830.shp,VNF-VBD_npp_20120301-20151231_global_asia-enhanced_c201607211230.bitmask,vbd_landsea_r20220824.mask,timezone.shp,VBD_platforms-recurring_2015_r20170330.shp,999999,VBD_bridges_c20160811.shp,8.908844;6.970024;4.655672;-0.214400;1.955167;4.018827,96.765038;110.596878;124.199928;123.046227;109.474426;95.761597,npp_d20250910_t1809458_e1811100_b71879;npp_d20250910_t1811112_e1812354_b71879;npp_d20250910_t1812366_e1814008_b71879;npp_d20250910_t1814020_e1815262_b71879,162.843,46.4682,63.9593,97.3307,24.9366,71.3562
38,VBD_npp_d20250910_t1810092_x0990520E_y072442N_l0210_s0369_v23,2025-09-10 20:24:38,7.244250,99.051994,35.2315,2025-09-10 18:10:09,2025-09-11 01:10:09,210,369,0.300273,1,2529,0.736444,0.225343,0.804526,0.4,0.881192,0.75,0.082438,0.0001,2.65271e-11,999999,-1.324424e-01,3,Thailand Exclusive Economic Zone,,,SVDNB_npp_d20250910_t1809458_e1811100_b71879_c20250910193718573000_oeac_ops.h5,GDNBO_npp_d20250910_t1809458_e1811100_b71879_c20250910193449503000_oeac_ops.h5,SVI04_npp_d20250910_t1809458_e1811100_b71879_c20250910193726893000_oeac_ops.dspace_rad,,eez_v11.shp,WPP_BFAR_merge.shp,vbd_mpa_r20170830.shp,VNF-VBD_npp_20120301-20151231_global_asia-enhanced_c201607211230.bitmask,vbd_landsea_r20220824.mask,timezone.shp,VBD_platforms-recurring_2015_r20170330.shp,999999,VBD_bridges_c20160811.shp,8.908844;6.970024;4.655672;-0.214400;1.955167;4.018827,96.765038;110.596878;124.199928;123.046227;109.474426;95.761597,npp_d20250910_t1809458_e1811100_b71879;npp_d20250910_t1811112_e1812354_b71879;npp_d20250910_t1812366_e1814008_b71879;npp_d20250910_t1814020_e1815262_b71879,162.859,46.5099,63.9588,97.7655,24.946,71.3153
39,VBD_npp_d20250910_t1810110_x0990718E_y071221N_l0228_s0375_v23,2025-09-10 20:24:38,7.122122,99.071846,22.7174,2025-09-10 18:10:11,2025-09-11 01:10:11,228,375,0.349354,8,18913,0.671029,0.200311,0.818645,0.4,0.906032,0.75,0.082419,0.0001,2.92062e-11,999999,4.519367e-02,3,Thailand Exclusive Economic Zone,,,SVDNB_npp_d20250910_t1809458_e1811100_b71879_c20250910193718573000_oeac_ops.h5,GDNBO_npp_d20250910_t1809458_e1811100_b71879_c20250910193449503000_oeac_ops.h5,SVI04_npp_d20250910_t1809458_e1811100_b71879_c20250910193726893000_oeac_ops.dspace_rad,,eez_v11.shp,WPP_BFAR_merge.shp,vbd_mpa_r20170830.shp,VNF-VBD_npp_20120301-20151231_global_asia-enhanced_c201607211230.bitmask,vbd_landsea_r20220824.mask,timezone.shp,VBD_platforms-recurring_2015_r20170330.shp,0.654958,VBD_bridges_c20160811.shp,8.908844;6.970024;4.655672;-0.214400;1.955167;4.018827,96.765038;110.596878;124.199928;123.046227;109.474426;95.761597,npp_d20250910_t1809458_e1811100_b71879;npp_d20250910_t1811112_e1812354_b71879;npp_d20250910_t1812366_e1814008_b71879;npp_d20250910_t1814020_e1815262_b71879,162.923,46.8623,63.839,97.722,24.9602,71.0462
40,VBD_npp_d20250910_t1810110_x0990699E_y071084N_l0230_s0375_v23,2025-09-10 20:24:38,7.108373,99.069931,19.3561,2025-09-10 18:10:11,2025-09-11 01:10:11,230,375,0.353906,8,18913,0.590727,0.224961,0.818645,0.4,0.877729,0.75,0.0824133,0.0001,2.89639e-11,999999,-1.297305e-01,3,Thailand Exclusive Economic Zone,,,SVDNB_npp_d20250910_t1809458_e1811100_b71879_c20250910193718573000_oeac_ops.h5,GDNBO_npp_d20250910_t1809458_e1811100_b71879_c20250910193449503000_oeac_ops.h5,SVI04_npp_d20250910_t1809458_e1811100_b71879_c20250910193726893000_oeac_ops.dspace_rad,,eez_v11.shp,WPP_BFAR_merge.shp,vbd_mpa_r20170830.shp,VNF-VBD_npp_20120301-20151231_global_asia-enhanced_c201607211230.bitmask,vbd_landsea_r20220824.mask,timezone.shp,VBD_platforms-recurring_2015_r20170330.shp,0.36021,VBD_bridges_c20160811.shp,8.908844;6.970024;4.655672;-0.214400;1.955167;4.018827,96.765038;110.596878;124.199928;123.046227;109.474426;95.761597,npp_d20250910_t1809458_e1811100_b71879;npp_d20250910_t1811112_e1812354_b71879;npp_d20250910_t1812366_e1814008_b71879;npp_d20250910_t1814020_e1815262_b71879,162.933,46.8905,63.8392,97.6524,24.9666,71.0188
41,VBD_npp_d20250910_t1810288_x0988817E_y060138N_l0399_s0380_v23,2025-09-10 20:24:38,6.013752,98.881676,18.2333,2025-09-10 18:10:28,2025-09-11 01:10:28,399,380,0.310943,1,2529,0.595833,0.231081,0.795806,0.4,0.871306,0.75,0.0821181,0.0001,2.5288e-11,999999,-1.731626e-01,3,Malaysian Exclusive Economic Zone,,,SVDNB_npp_d20250910_t1809458_e1811100_b71879_c20250910193718573000_oeac_ops.h5,GDNBO_npp_d20250910_t1809458_e1811100_b71879_c20250910193449503000_oeac_ops.h5,SVI04_npp_d20250910_t1809458_e1811100_b71879_c20250910193726893000_oeac_ops.dspace_rad,,eez_v11.shp,WPP_BFAR_merge.shp,vbd_mpa_r20170830.shp,VNF-VBD_npp_20120301-20151231_global_asia-enhanced_c201607211230.bitmask,vbd_landsea_r20220824.mask,timezone.shp,VBD_platforms-recurring_2015_r20170330.shp,999999,VBD_bridges_c20160811.shp,8.908844;6.970024;4.655672;-0.214400;1.955167;4.018827,96.765038;110.596878;124.199928;123.046227;109.474426;95.761597,npp_d20250910_t1809458_e1811100_b71879;npp_d20250910_t1811112_e1812354_b71879;npp_d20250910_t1812366_e1814008_b71879;npp_d20250910_t1814020_e1815262_b71879,163.749,49.3484,63.7441,97.534,25.4592,68.8621
43,VBD_npp_d20250910_t1810146_x0990790E_y068609N_l0267_s0383_v23,2025-09-10 20:24:38,6.860913,99.079048,56.4886,2025-09-10 18:10:14,2025-09-11 01:10:14,267,383,0.359028,8,18913,1.04412,0.209797,0.889228,0.4,0.960455,0.75,0.0823511,0.0001,3.20939e-11,999999,-2.212460e-02,3,Thailand Exclusive Economic Zone,,,SVDNB_npp_d20250910_t1809458_e1811100_b71879_c20250910193718573000_oeac_ops.h5,GDNBO_npp_d20250910_t1809458_e1811100_b71879_c20250910193449503000_oeac_ops.h5,SVI04_npp_d20250910_t1809458_e1811100_b71879_c20250910193726893000_oeac_ops.dspace_rad,,eez_v11.shp,WPP_BFAR_merge.shp,vbd_mpa_r20170830.shp,VNF-VBD_npp_20120301-20151231_global_asia-enhanced_c201607211230.bitmask,vbd_landsea_r20220824.mask,timezone.shp,VBD_platforms-recurring_2015_r20170330.shp,0.87325,VBD_bridges_c20160811.shp,8.908844;6.970024;4.655672;-0.214400;1.955167;4.018827,96.765038;110.596878;124.199928;123.046227;109.474426;95.761597,npp_d20250910_t1809458_e1811100_b71879;npp_d20250910_t1811112_e1812354_b71879;npp_d20250910_t1812366_e1814008_b71879;npp_d20250910_t1814020_e1815262_b71879,163.084,47.5406,63.6815,97.5236,25.0273,70.4935
44,VBD_npp_d20250910_t1810074_x0991782E_y072912N_l0200_s0385_v23,2025-09-10 20:24:38,7.291210,99.178238,48.7103,2025-09-10 18:10:07,2025-09-11 01:10:07,200,385,0.339538,1,2529,0.902186,0.208728,0.830523,0.4,0.925396,0.75,0.0825523,0.0001,3.61235e-11,999999,-1.453824e-02,3,Thailand Exclusive Economic Zone,,,SVDNB_npp_d20250910_t1809458_e1811100_b71879_c20250910193718573000_oeac_ops.h5,GDNBO_npp_d20250910_t1809458_e1811100_b71879_c20250910193449503000_oeac_ops.h5,SVI04_npp_d20250910_t1809458_e1811100_b71879_c20250910193726893000_oeac_ops.dspace_rad,,eez_v11.shp,WPP_BFAR_merge.shp,vbd_mpa_r20170830.shp,VNF-VBD_npp_20120301-20151231_global_asia-enhanced_c201607211230.bitmask,vbd_landsea_r20220824.mask,timezone.shp,VBD_platforms-recurring_2015_r20170330.shp,999999,VBD_bridges_c20160811.shp,8.908844;6.970024;4.655672;-0.214400;1.955167;4.018827,96.765038;110.596878;124.199928;123.046227;109.474426;95.761597,npp_d20250910_t1809458_e1811100_b71879;npp_d20250910_t1811112_e1812354_b71879;npp_d20250910_t1812366_e1814008_b71879;npp_d20250910_t1814020_e1815262_b71879,162.741,46.6764,63.649,97.553,24.8169,71.3453
45,VBD_npp_d20250910_t1810110_x0991465E_y071050N_l0229_s0386_v23,2025-09-10 20:24:38,7.105028,99.146484,26.876,2025-09-10 18:10:11,2025-09-11 01:10:11,229,386,0.350634,1,2529,0.688246,0.212711,0.768319,0.4,0.889597,0.75,0.0824752,0.0001,3.60678e-11,999999,-4.280440e-02,3,Thailand Exclusive Economic Zone,,,SVDNB_npp_d20250910_t1809458_e1811100_b71879_c20250910193718573000_oeac_ops.h5,GDNBO_npp_d20250910_t1809458_e1811100_b71879_c20250910193449503000_oeac_ops.h5,SVI04_npp_d20250910_t1809458_e1811100_b71879_c20250910193726893000_oeac_ops.dspace_rad,,eez_v11.shp,WPP_BFAR_merge.shp,vbd_mpa_r20170830.shp,VNF-VBD_npp_20120301-20151231_global_asia-enhanced_c201607211230.bitmask,vbd_landsea_r20220824.mask,timezone.shp,VBD_platforms-recurring_2015_r20170330.shp,999999,VBD_bridges_c20160811.shp,8.908844;6.970024;4.655672;-0.214400;1.955167;4.018827,96.765038;110.596878;124.199928;123.046227;109.474426;95.761597,npp_d20250910_t1809458_e1811100_b71879;npp_d20250910_t1811112_e1812354_b71879;npp_d20250910_t1812366_e1814008_b71879;npp_d20250910_t1814020_e1815262_b71879,162.88,47.0765,63.6267,97.6967,24.8947,70.9671
46,VBD_npp_d20250910_t1810146_x0991072E_y069129N_l0259_s0386_v23,2025-09-10 20:24:38,6.912897,99.107239,31.3143,2025-09-10 18:10:14,2025-09-11 01:10:14,259,386,0.358174,8,18913,0.844377,0.20558,0.885711,0.4,0.940456,0.75,0.08239,0.0001,3.51987e-11,999999,7.801249e-03,3,Thailand Exclusive Economic Zone,,,SVDNB_npp_d20250910_t1809458_e1811100_b71879_c20250910193718573000_oeac_ops.h5,GDNBO_npp_d20250910_t1809458_e1811100_b71879_c20250910193449503000_oeac_ops.h5,SVI04_npp_d20250910_t1809458_e1811100_b71879_c20250910193726893000_oeac_ops.dspace_rad,,eez_v11.shp,WPP_BFAR_merge.shp,vbd_mpa_r20170830.shp,VNF-VBD_npp_20120301-20151231_global_asia-enhanced_c201607211230.bitmask,vbd_landsea_r20220824.mask,timezone.shp,VBD_platforms-recurring_2015_r20170330.shp,0.521694,VBD_bridges_c20160811.shp,8.908844;6.970024;4.655672;-0.214400;1.955167;4.018827,96.765038;110.596878;124.199928;123.046227;109.474426;95.761597,npp_d20250910_t1809458_e1811100_b71879;npp_d20250910_t1811112_e1812354_b71879;npp_d20250910_t1812366_e1814008_b71879;npp_d20250910_t1814020_e1815262_b71879,163.028,47.4802,63.6228,97.8048,24.9828,70.5836
47,VBD_npp_d20250910_t1810199_x0990401E_y065487N_l0315_s0387_v23,2025-09-10 20:24:38,6.548655,99.040123,17.3998,2025-09-10 18:10:19,2025-09-11 01:10:19,315,387,0.358316,1,2529,0.602826,0.17596,0.814485,0.4,0.902368,0.75,0.08228,0.0001,3.25632e-11,999999,2.179949e-01,3,Thailand Exclusive Economic Zone,,,SVDNB_npp_d20250910_t1809458_e1811100_b71879_c20250910193718573000_oeac_ops.h5,GDNBO_npp_d20250910_t1809458_e1811100_b71879_c20250910193449503000_oeac_ops.h5,SVI04_npp_d20250910_t1809458_e1811100_b71879_c20250910193726893000_oeac_ops.dspace_rad,,eez_v11.shp,WPP_BFAR_merge.shp,vbd_mpa_r20170830.shp,VNF-VBD_npp_20120301-20151231_global_asia-enhanced_c201607211230.bitmask,vbd_landsea_r20220824.mask,timezone.shp,VBD_platforms-recurring_2015_r20170330.shp,999999,VBD_bridges_c20160811.shp,8.908844;6.970024;4.655672;-0.214400;1.955167;4.018827,96.765038;110.596878;124.199928;123.046227;109.474426;95.761597,npp_d20250910_t1809458_e1811100_b71879;npp_d20250910_t1811112_e1812354_b71879;npp_d20250910_t1812366_e1814008_b71879;npp_d20250910_t1814020_e1815262_b71879,163.306,48.2691,63.6104,97.5815,25.1515,69.8637
48,VBD_npp_d20250910_t1810181_x0990985E_y066189N_l0303_s0393_v23,2025-09-10 20:24:38,6.618904,99.098549,24.7224,2025-09-10 18:10:18,2025-09-11 01:10:18,303,393,0.358316,8,18849,0.692415,0.17451,0.801544,0.4,0.692275,0.75,0.082326,0.0001,3.66542e-11,999999,2.282836e-01,3,Thailand Exclusive Economic Zone,,,SVDNB_npp_d20250910_t1809458_e1811100_b71879_c20250910193718573000_oeac_ops.h5,GDNBO_npp_d20250910_t1809458_e1811100_b71879_c20250910193449503000_oeac_ops.h5,SVI04_npp_d20250910_t1809458_e1811100_b71879_c20250910193726893000_oeac_ops.dspace_rad,,eez_v11.shp,WPP_BFAR_merge.shp,vbd_mpa_r20170830.shp,VNF-VBD_npp_20120301-20151231_global_asia-enhanced_c201607211230.bitmask,vbd_landsea_r20220824.mask,timezone.shp,VBD_platforms-recurring_2015_r20170330.shp,0.799851,VBD_bridges_c20160811.shp,8.908844;6.970024;4.655672;-0.214400;1.955167;4.018827,96.765038;110.596878;124.199928;123.046227;109.474426;95.761597,npp_d20250910_t1809458_e1811100_b71879;npp_d20250910_t1811112_e1812354_b71879;npp_d20250910_t1812366_e1814008_b71879;npp_d20250910_t1814020_e1815262_b71879,163.221,48.2129,63.4955,97.4284,25.0784,69.9753
49,VBD_npp_d20250910_t1810235_x0990974E_y063780N_l0340_s0401_v23,2025-09-10 20:24:38,6.378028,99.097435,51.0203,2025-09-10 18:10:23,2025-09-11 01:10:23,340,401,0.334985,1,2529,1.00253,0.226582,0.86424,0.4,0.949743,0.75,0.0823252,0.0001,4.21695e-11,999999,-1.412340e-01,3,Thailand Exclusive Economic Zone,,,SVDNB_npp_d20250910_t1809458_e1811100_b71879_c20250910193718573000_oeac_ops.h5,GDNBO_npp_d20250910_t1809458_e1811100_b71879_c20250910193449503000_oeac_ops.h5,SVI04_npp_d20250910_t1809458_e1811100_b71879_c20250910193726893000_oeac_ops.dspace_rad,,eez_v11.shp,WPP_BFAR_merge.shp,vbd_mpa_r20170830.shp,VNF-VBD_npp_20120301-20151231_global_asia-enhanced_c201607211230.bitmask,vbd_landsea_r20220824.mask,timezone.shp,VBD_platforms-recurring_2015_r20170330.shp,999999,VBD_bridges_c20160811.shp,8.908844;6.970024;4.655672;-0.214400;1.955167;4.018827,96.765038;110.596878;124.199928;123.046227;109.474426;95.761597,npp_d20250910_t1809458_e1811100_b71879;npp_d20250910_t1811112_e1812354_b71879;npp_d20250910_t1812366_e1814008_b71879;npp_d20250910_t1814020_e1815262_b71879,163.365,48.863,63.3444,97.8746,25.144,69.47
50,VBD_npp_d20250910_t1810181_x0991783E_y066014N_l0304_s0405_v23,2025-09-10 20:24:38,6.601426,99.178337,36.1692,2025-09-10 18:10:18,2025-09-11 01:10:18,304,405,0.352484,8,18913,0.850329,0.229392,0.829079,0.4,0.917086,0.75,0.0823877,0.0001,4.59041e-11,999999,-1.611728e-01,3,Thailand Exclusive Economic Zone,,,SVDNB_npp_d20250910_t1809458_e1811100_b71879_c20250910193718573000_oeac_ops.h5,GDNBO_npp_d20250910_t1809458_e1811100_b71879_c20250910193449503000_oeac_ops.h5,SVI04_npp_d20250910_t1809458_e1811100_b71879_c20250910193726893000_oeac_ops.dspace_rad,,eez_v11.shp,WPP_BFAR_merge.shp,vbd_mpa_r20170830.shp,VNF-VBD_npp_20120301-20151231_global_asia-enhanced_c201607211230.bitmask,vbd_landsea_r20220824.mask,timezone.shp,VBD_platforms-recurring_2015_r20170330.shp,0.40128,VBD_bridges_c20160811.shp,8.908844;6.970024;4.655672;-0.214400;1.955167;4.018827,96.765038;110.596878;124.199928;123.046227;109.474426;95.761597,npp_d20250910_t1809458_e1811100_b71879;npp_d20250910_t1811112_e1812354_b71879;npp_d20250910_t1812366_e1814008_b71879;npp_d20250910_t1814020_e1815262_b71879,163.174,48.4398,63.2657,97.4021,25.0088,69.8894
51,VBD_npp_d20250910_t1810199_x0991779E_y065992N_l0305_s0406_v23,2025-09-10 20:24:38,6.599219,99.177872,35.6846,2025-09-10 18:10:19,2025-09-11 01:10:19,305,406,0.352484,8,18913,0.835787,0.220723,0.829079,0.4,0.925168,0.75,0.0823917,0.0001,4.89445e-11,999999,-9.965568e-02,3,Thailand Exclusive Economic Zone,,,SVDNB_npp_d20250910_t1809458_e1811100_b71879_c20250910193718573000_oeac_ops.h5,GDNBO_npp_d20250910_t1809458_e1811100_b71879_c20250910193449503000_oeac_ops.h5,SVI04_npp_d20250910_t1809458_e1811100_b71879_c20250910193726893000_oeac_ops.dspace_rad,,eez_v11.shp,WPP_BFAR_merge.shp,vbd_mpa_r20170830.shp,VNF-VBD_npp_20120301-20151231_global_asia-enhanced_c201607211230.bitmask,vbd_landsea_r20220824.mask,timezone.shp,VBD_platforms-recurring_2015_r20170330.shp,0.328862,VBD_bridges_c20160811.shp,8.908844;6.970024;4.655672;-0.214400;1.955167;4.018827,96.765038;110.596878;124.199928;123.046227;109.474426;95.761597,npp_d20250910_t1809458_e1811100_b71879;npp_d20250910_t1811112_e1812354_b71879;npp_d20250910_t1812366_e1814008_b71879;npp_d20250910_t1814020_e1815262_b71879,163.17,48.4612,63.2451,97.9454,25.0033,69.8803
52,VBD_npp_d20250910_t1810235_x0991848E_y063246N_l0346_s0415_v23,2025-09-10 20:24:38,6.324594,99.184814,30.5575,2025-09-10 18:10:23,2025-09-11 01:10:23,346,415,0.301411,1,2529,0.759176,0.181452,0.794132,0.4,0.764454,0.75,0.0823903,0.0001,5.35095e-11,999999,1.790199e-01,3,Thailand Exclusive Economic Zone,,,SVDNB_npp_d20250910_t1809458_e1811100_b71879_c20250910193718573000_oeac_ops.h5,GDNBO_npp_d20250910_t1809458_e1811100_b71879_c20250910193449503000_oeac_ops.h5,SVI04_npp_d20250910_t1809458_e1811100_b71879_c20250910193726893000_oeac_ops.dspace_rad,,eez_v11.shp,WPP_BFAR_merge.shp,vbd_mpa_r20170830.shp,VNF-VBD_npp_20120301-20151231_global_asia-enhanced_c201607211230.bitmask,vbd_landsea_r20220824.mask,timezone.shp,VBD_platforms-recurring_2015_r20170330.shp,999999,VBD_bridges_c20160811.shp,8.908844;6.970024;4.655672;-0.214400;1.955167;4.018827,96.765038;110.596878;124.199928;123.046227;109.474426;95.761597,npp_d20250910_t1809458_e1811100_b71879;npp_d20250910_t1811112_e1812354_b71879;npp_d20250910_t1812366_e1814008_b71879;npp_d20250910_t1814020_e1815262_b71879,163.334,49.1979,63.0777,97.6749,25.0806,69.3044
53,VBD_npp_d20250910_t1810270_x0991474E_y061042N_l0380_s0416_v23,2025-09-10 20:24:38,6.104239,99.147438,28.9895,2025-09-10 18:10:27,2025-09-11 01:10:27,380,416,0.252402,8,18913,0.708827,0.207653,0.81287,0.4,0.898467,0.75,0.0823556,0.0001,5.2132e-11,999999,-6.909009e-03,3,Malaysian Exclusive Economic Zone,,,SVDNB_npp_d20250910_t1809458_e1811100_b71879_c20250910193718573000_oeac_ops.h5,GDNBO_npp_d20250910_t1809458_e1811100_b71879_c20250910193449503000_oeac_ops.h5,SVI04_npp_d20250910_t1809458_e1811100_b71879_c20250910193726893000_oeac_ops.dspace_rad,,eez_v11.shp,WPP_BFAR_merge.shp,vbd_mpa_r20170830.shp,VNF-VBD_npp_20120301-20151231_global_asia-enhanced_c201607211230.bitmask,vbd_landsea_r20220824.mask,timezone.shp,VBD_platforms-recurring_2015_r20170330.shp,0.961229,VBD_bridges_c20160811.shp,8.908844;6.970024;4.655672;-0.214400;1.955167;4.018827,96.765038;110.596878;124.199928;123.046227;109.474426;95.761597,npp_d20250910_t1809458_e1811100_b71879;npp_d20250910_t1811112_e1812354_b71879;npp_d20250910_t1812366_e1814008_b71879;npp_d20250910_t1814020_e1815262_b71879,163.495,49.7088,63.056,97.6429,25.1823,68.8718
54,VBD_npp_d20250910_t1810306_x0991162E_y058741N_l0415_s0418_v23,2025-09-10 20:24:38,5.874136,99.116165,25.7995,2025-09-10 18:10:30,2025-09-11 01:10:30,415,418,0.251691,1,2529,0.657232,0.21935,0.756632,0.4,0.884893,0.75,0.0822659,0.0001,5.15287e-11,999999,-8.991530e-02,3,Malaysian Exclusive Economic Zone,,,SVDNB_npp_d20250910_t1809458_e1811100_b71879_c20250910193718573000_oeac_ops.h5,GDNBO_npp_d20250910_t1809458_e1811100_b71879_c20250910193449503000_oeac_ops.h5,SVI04_npp_d20250910_t1809458_e1811100_b71879_c20250910193726893000_oeac_ops.dspace_rad,,eez_v11.shp,WPP_BFAR_merge.shp,vbd_mpa_r20170830.shp,VNF-VBD_npp_20120301-20151231_global_asia-enhanced_c201607211230.bitmask,vbd_landsea_r20220824.mask,timezone.shp,VBD_platforms-recurring_2015_r20170330.shp,999999,VBD_bridges_c20160811.shp,8.908844;6.970024;4.655672;-0.214400;1.955167;4.018827,96.765038;110.596878;124.199928;123.046227;109.474426;95.761597,npp_d20250910_t1809458_e1811100_b71879;npp_d20250910_t1811112_e1812354_b71879;npp_d20250910_t1812366_e1814008_b71879;npp_d20250910_t1814020_e1815262_b71879,163.655,50.2692,63.0127,97.5661,25.2835,68.4191
56,VBD_npp_d20250910_t1810341_x0990922E_y057158N_l0440_s0420_v23,2025-09-10 20:24:38,5.715837,99.092216,19.616,2025-09-10 18:10:34,2025-09-11 01:10:34,440,420,0.289817,1,2529,0.519973,0.228691,0.7562,0.4,0.815568,0.75,0.0821977,0.0001,5.30068e-11,999999,-1.561979e-01,3,Malaysian Exclusive Economic Zone,,,SVDNB_npp_d20250910_t1809458_e1811100_b71879_c20250910193718573000_oeac_ops.h5,GDNBO_npp_d20250910_t1809458_e1811100_b71879_c20250910193449503000_oeac_ops.h5,SVI04_npp_d20250910_t1809458_e1811100_b71879_c20250910193726893000_oeac_ops.dspace_rad,,eez_v11.shp,WPP_BFAR_merge.shp,vbd_mpa_r20170830.shp,VNF-VBD_npp_20120301-20151231_global_asia-enhanced_c201607211230.bitmask,vbd_landsea_r20220824.mask,timezone.shp,VBD_platforms-recurring_2015_r20170330.shp,999999,VBD_bridges_c20160811.shp,8.908844;6.970024;4.655672;-0.214400;1.955167;4.018827,96.765038;110.596878;124.199928;123.046227;109.474426;95.761597,npp_d20250910_t1809458_e1811100_b71879;npp_d20250910_t1811112_e1812354_b71879;npp_d20250910_t1812366_e1814008_b71879;npp_d20250910_t1814020_e1815262_b71879,163.763,50.6664,62.9758,97.8604,25.3522,68.1083
57,VBD_npp_d20250910_t1810181_x0993079E_y066393N_l0296_s0423_v23,2025-09-10 20:24:38,6.639301,99.307861,22.4621,2025-09-10 18:10:18,2025-09-11 01:10:18,296,423,0.36358,1,2529,0.701056,0.214921,0.855018,0.4,0.88503,0.75,0.0824901,0.0001,6.70214e-11,999999,-5.848103e-02,3,Thailand Exclusive Economic Zone,,,SVDNB_npp_d20250910_t1809458_e1811100_b71879_c20250910193718573000_oeac_ops.h5,GDNBO_npp_d20250910_t1809458_e1811100_b71879_c20250910193449503000_oeac_ops.h5,SVI04_npp_d20250910_t1809458_e1811100_b71879_c20250910193726893000_oeac_ops.dspace_rad,,eez_v11.shp,WPP_BFAR_merge.shp,vbd_mpa_r20170830.shp,VNF-VBD_npp_20120301-20151231_global_asia-enhanced_c201607211230.bitmask,vbd_landsea_r20220824.mask,timezone.shp,VBD_platforms-recurring_2015_r20170330.shp,999999,VBD_bridges_c20160811.shp,8.908844;6.970024;4.655672;-0.214400;1.955167;4.018827,96.765038;110.596878;124.199928;123.046227;109.474426;95.761597,npp_d20250910_t1809458_e1811100_b71879;npp_d20250910_t1811112_e1812354_b71879;npp_d20250910_t1812366_e1814008_b71879;npp_d20250910_t1814020_e1815262_b71879,163.052,48.6418,62.9135,97.6966,24.8728,69.8853
58,VBD_npp_d20250910_t1810181_x0993297E_y066435N_l0295_s0426_v23,2025-09-10 20:24:38,6.643479,99.329704,32.934,2025-09-10 18:10:18,2025-09-11 01:10:18,295,426,0.362228,1,2529,0.771894,0.237014,0.855018,0.4,0.867883,0.75,0.0825068,0.0001,7.13804e-11,999999,-2.152625e-01,3,Thailand Exclusive Economic Zone,,,SVDNB_npp_d20250910_t1809458_e1811100_b71879_c20250910193718573000_oeac_ops.h5,GDNBO_npp_d20250910_t1809458_e1811100_b71879_c20250910193449503000_oeac_ops.h5,SVI04_npp_d20250910_t1809458_e1811100_b71879_c20250910193726893000_oeac_ops.dspace_rad,,eez_v11.shp,WPP_BFAR_merge.shp,vbd_mpa_r20170830.shp,VNF-VBD_npp_20120301-20151231_global_asia-enhanced_c201607211230.bitmask,vbd_landsea_r20220824.mask,timezone.shp,VBD_platforms-recurring_2015_r20170330.shp,999999,VBD_bridges_c20160811.shp,8.908844;6.970024;4.655672;-0.214400;1.955167;4.018827,96.765038;110.596878;124.199928;123.046227;109.474426;95.761597,npp_d20250910_t1809458_e1811100_b71879;npp_d20250910_t1811112_e1812354_b71879;npp_d20250910_t1812366_e1814008_b71879;npp_d20250910_t1814020_e1815262_b71879,163.033,48.681,62.8529,97.7356,24.8507,69.88
65,VBD_npp_d20250910_t1810306_x0992663E_y058894N_l0410_s0439_v23,2025-09-10 20:24:38,5.889367,99.266266,11.1773,2025-09-10 18:10:30,2025-09-11 01:10:30,410,439,0.245716,2,2465,0.28371,0.242038,0.547329,0.4,0.624118,0.75,0.0823892,0.0001,7.95344e-11,999999,-2.509133e-01,3,Malaysian Exclusive Economic Zone,,,SVDNB_npp_d20250910_t1809458_e1811100_b71879_c20250910193718573000_oeac_ops.h5,GDNBO_npp_d20250910_t1809458_e1811100_b71879_c20250910193449503000_oeac_ops.h5,SVI04_npp_d20250910_t1809458_e1811100_b71879_c20250910193726893000_oeac_ops.dspace_rad,,eez_v11.shp,WPP_BFAR_merge.shp,vbd_mpa_r20170830.shp,VNF-VBD_npp_20120301-20151231_global_asia-enhanced_c201607211230.bitmask,vbd_landsea_r20220824.mask,timezone.shp,VBD_platforms-recurring_2015_r20170330.shp,999999,VBD_bridges_c20160811.shp,8.908844;6.970024;4.655672;-0.214400;1.955167;4.018827,96.765038;110.596878;124.199928;123.046227;109.474426;95.761597,npp_d20250910_t1809458_e1811100_b71879;npp_d20250910_t1811112_e1812354_b71879;npp_d20250910_t1812366_e1814008_b71879;npp_d20250910_t1814020_e1815262_b71879,163.53,50.5678,62.5889,97.7634,25.1368,68.346
70,VBD_npp_d20250910_t1810288_x0993594E_y060111N_l0390_s0449_v23,2025-09-10 20:24:38,6.011087,99.359413,19.9245,2025-09-10 18:10:28,2025-09-11 01:10:28,390,449,0.316562,1,2529,0.658045,0.185706,0.806164,0.4,0.91975,0.75,0.0825031,0.0001,9.98291e-11,999999,1.488365e-01,3,Malaysian Exclusive Economic Zone,,,SVDNB_npp_d20250910_t1809458_e1811100_b71879_c20250910193718573000_oeac_ops.h5,GDNBO_npp_d20250910_t1809458_e1811100_b71879_c20250910193449503000_oeac_ops.h5,SVI04_npp_d20250910_t1809458_e1811100_b71879_c20250910193726893000_oeac_ops.dspace_rad,,eez_v11.shp,WPP_BFAR_merge.shp,vbd_mpa_r20170830.shp,VNF-VBD_npp_20120301-20151231_global_asia-enhanced_c201607211230.bitmask,vbd_landsea_r20220824.mask,timezone.shp,VBD_platforms-recurring_2015_r20170330.shp,999999,VBD_bridges_c20160811.shp,8.908844;6.970024;4.655672;-0.214400;1.955167;4.018827,96.765038;110.596878;124.199928;123.046227;109.474426;95.761597,npp_d20250910_t1809458_e1811100_b71879;npp_d20250910_t1811112_e1812354_b71879;npp_d20250910_t1812366_e1814008_b71879;npp_d20250910_t1814020_e1815262_b71879,163.387,50.443,62.3896,97.9005,25.0105,68.5334
71,VBD_npp_d20250910_t1810288_x0994154E_y059680N_l0395_s0458_v23,2025-09-10 20:24:38,5.968019,99.415443,87.1264,2025-09-10 18:10:28,2025-09-11 01:10:28,395,458,0.330646,8,18913,1.2014,0.202469,0.890829,0.4,0.970632,0.75,0.0825336,0.0001,1.15748e-10,999999,2.987685e-02,3,Malaysian Exclusive Economic Zone,,,SVDNB_npp_d20250910_t1809458_e1811100_b71879_c20250910193718573000_oeac_ops.h5,GDNBO_npp_d20250910_t1809458_e1811100_b71879_c20250910193449503000_oeac_ops.h5,SVI04_npp_d20250910_t1809458_e1811100_b71879_c20250910193726893000_oeac_ops.dspace_rad,,eez_v11.shp,WPP_BFAR_merge.shp,vbd_mpa_r20170830.shp,VNF-VBD_npp_20120301-20151231_global_asia-enhanced_c201607211230.bitmask,vbd_landsea_r20220824.mask,timezone.shp,VBD_platforms-recurring_2015_r20170330.shp,0.694706,VBD_bridges_c20160811.shp,8.908844;6.970024;4.655672;-0.214400;1.955167;4.018827,96.765038;110.596878;124.199928;123.046227;109.474426;95.761597,npp_d20250910_t1809458_e1811100_b71879;npp_d20250910_t1811112_e1812354_b71879;npp_d20250910_t1812366_e1814008_b71879;npp_d20250910_t1814020_e1815262_b71879,163.371,50.6788,62.209,97.7225,24.9739,68.4069
75,VBD_npp_d20250910_t1810235_x0996184E_y062580N_l0347_s0478_v23,2025-09-10 20:24:38,6.258010,99.618416,8.73789,2025-09-10 18:10:23,2025-09-11 01:10:23,347,478,0.329935,1,2529,0.358508,0.1862,0.68697,0.4,0.79133,0.75,0.0827131,0.0001,1.79625e-10,999999,1.453320e-01,3,Malaysian Exclusive Economic Zone,,,SVDNB_npp_d20250910_t1809458_e1811100_b71879_c20250910193718573000_oeac_ops.h5,GDNBO_npp_d20250910_t1809458_e1811100_b71879_c20250910193449503000_oeac_ops.h5,SVI04_npp_d20250910_t1809458_e1811100_b71879_c20250910193726893000_oeac_ops.dspace_rad,,eez_v11.shp,WPP_BFAR_merge.shp,vbd_mpa_r20170830.shp,VNF-VBD_npp_20120301-20151231_global_asia-enhanced_c201607211230.bitmask,vbd_landsea_r20220824.mask,timezone.shp,VBD_platforms-recurring_2015_r20170330.shp,999999,VBD_bridges_c20160811.shp,8.908844;6.970024;4.655672;-0.214400;1.955167;4.018827,96.765038;110.596878;124.199928;123.046227;109.474426;95.761597,npp_d20250910_t1809458_e1811100_b71879;npp_d20250910_t1811112_e1812354_b71879;npp_d20250910_t1812366_e1814008_b71879;npp_d20250910_t1814020_e1815262_b71879,163.048,50.3351,61.7948,97.6817,24.6956,68.8772
77,VBD_npp_d20250910_t1810235_x0996548E_y063158N_l0338_s0482_v23,2025-09-10 20:24:38,6.315793,99.654800,7.94538,2025-09-10 18:10:23,2025-09-11 01:10:23,338,482,0.337475,2,2465,0.294673,0.206304,0.707597,0.4,0.707051,0.75,0.0827446,0.0001,2.01481e-10,999999,2.663855e-03,3,Malaysian Exclusive Economic Zone,,,SVDNB_npp_d20250910_t1809458_e1811100_b71879_c20250910193718573000_oeac_ops.h5,GDNBO_npp_d20250910_t1809458_e1811100_b71879_c20250910193449503000_oeac_ops.h5,SVI04_npp_d20250910_t1809458_e1811100_b71879_c20250910193726893000_oeac_ops.dspace_rad,,eez_v11.shp,WPP_BFAR_merge.shp,vbd_mpa_r20170830.shp,VNF-VBD_npp_20120301-20151231_global_asia-enhanced_c201607211230.bitmask,vbd_landsea_r20220824.mask,timezone.shp,VBD_platforms-recurring_2015_r20170330.shp,999999,VBD_bridges_c20160811.shp,8.908844;6.970024;4.655672;-0.214400;1.955167;4.018827,96.765038;110.596878;124.199928;123.046227;109.474426;95.761597,npp_d20250910_t1809458_e1811100_b71879;npp_d20250910_t1811112_e1812354_b71879;npp_d20250910_t1812366_e1814008_b71879;npp_d20250910_t1814020_e1815262_b71879,162.984,50.2692,61.7104,98.0182,24.6402,68.972
78,VBD_npp_d20250910_t1810235_x0996519E_y062953N_l0341_s0482_v23,2025-09-10 20:24:38,6.295275,99.651886,5.13662,2025-09-10 18:10:23,2025-09-11 01:10:23,341,482,0.325952,2,2209,0.177607,0.164055,0.720147,0.4,0.626063,0.75,0.082741,0.0001,1.98929e-10,999999,3.024761e-01,3,Malaysian Exclusive Economic Zone,,,SVDNB_npp_d20250910_t1809458_e1811100_b71879_c20250910193718573000_oeac_ops.h5,GDNBO_npp_d20250910_t1809458_e1811100_b71879_c20250910193449503000_oeac_ops.h5,SVI04_npp_d20250910_t1809458_e1811100_b71879_c20250910193726893000_oeac_ops.dspace_rad,,eez_v11.shp,WPP_BFAR_merge.shp,vbd_mpa_r20170830.shp,VNF-VBD_npp_20120301-20151231_global_asia-enhanced_c201607211230.bitmask,vbd_landsea_r20220824.mask,timezone.shp,VBD_platforms-recurring_2015_r20170330.shp,999999,VBD_bridges_c20160811.shp,8.908844;6.970024;4.655672;-0.214400;1.955167;4.018827,96.765038;110.596878;124.199928;123.046227;109.474426;95.761597,npp_d20250910_t1809458_e1811100_b71879;npp_d20250910_t1811112_e1812354_b71879;npp_d20250910_t1812366_e1814008_b71879;npp_d20250910_t1814020_e1815262_b71879,162.999,50.3144,61.7106,97.907,24.6505,68.9315
81,VBD_npp_d20250910_t1810235_x0996755E_y062641N_l0345_s0486_v23,2025-09-10 20:24:38,6.264143,99.675461,6.47654,2025-09-10 18:10:23,2025-09-11 01:10:23,345,486,0.298495,2,2209,0.227813,0.199306,0.66864,0.4,0.667964,0.75,0.0827567,0.0001,2.10925e-10,999999,5.232401e-02,3,Malaysian Exclusive Economic Zone,,,SVDNB_npp_d20250910_t1809458_e1811100_b71879_c20250910193718573000_oeac_ops.h5,GDNBO_npp_d20250910_t1809458_e1811100_b71879_c20250910193449503000_oeac_ops.h5,SVI04_npp_d20250910_t1809458_e1811100_b71879_c20250910193726893000_oeac_ops.dspace_rad,,eez_v11.shp,WPP_BFAR_merge.shp,vbd_mpa_r20170830.shp,VNF-VBD_npp_20120301-20151231_global_asia-enhanced_c201607211230.bitmask,vbd_landsea_r20220824.mask,timezone.shp,VBD_platforms-recurring_2015_r20170330.shp,999999,VBD_bridges_c20160811.shp,8.908844;6.970024;4.655672;-0.214400;1.955167;4.018827,96.765038;110.596878;124.199928;123.046227;109.474426;95.761597,npp_d20250910_t1809458_e1811100_b71879;npp_d20250910_t1811112_e1812354_b71879;npp_d20250910_t1812366_e1814008_b71879;npp_d20250910_t1814020_e1815262_b71879,163.001,50.4443,61.6275,97.7616,24.6396,68.8508
83,VBD_npp_d20250910_t1810217_x0997178E_y063507N_l0331_s0489_v23,2025-09-10 20:24:38,6.350672,99.717827,16.8908,2025-09-10 18:10:21,2025-09-11 02:10:21,331,489,0.319408,2,2209,0.259706,0.224552,0.761461,0.4,0.583532,0.75,0.0827891,0.0001,2.26618e-10,999999,-1.268264e-01,1,Malaysian Exclusive Economic Zone,,,SVDNB_npp_d20250910_t1809458_e1811100_b71879_c20250910193718573000_oeac_ops.h5,GDNBO_npp_d20250910_t1809458_e1811100_b71879_c20250910193449503000_oeac_ops.h5,SVI04_npp_d20250910_t1809458_e1811100_b71879_c20250910193726893000_oeac_ops.dspace_rad,,eez_v11.shp,WPP_BFAR_merge.shp,vbd_mpa_r20170830.shp,VNF-VBD_npp_20120301-20151231_global_asia-enhanced_c201607211230.bitmask,vbd_landsea_r20220824.mask,timezone.shp,VBD_platforms-recurring_2015_r20170330.shp,999999,VBD_bridges_c20160811.shp,8.908844;6.970024;4.655672;-0.214400;1.955167;4.018827,96.765038;110.596878;124.199928;123.046227;109.474426;95.761597,npp_d20250910_t1809458_e1811100_b71879;npp_d20250910_t1811112_e1812354_b71879;npp_d20250910_t1812366_e1814008_b71879;npp_d20250910_t1814020_e1815262_b71879,162.919,50.3029,61.5589,97.6732,24.5748,69.0067
84,VBD_npp_d20250910_t1810324_x0996019E_y057441N_l0425_s0491_v23,2025-09-10 20:24:38,5.744115,99.601906,7.78565,2025-09-10 18:10:32,2025-09-11 01:10:32,425,491,0.248419,2,2209,0.239264,0.226781,0.554223,0.4,0.651439,0.75,0.0826084,0.0001,2.11829e-10,999999,-1.426482e-01,3,Malaysian Exclusive Economic Zone,,,SVDNB_npp_d20250910_t1809458_e1811100_b71879_c20250910193718573000_oeac_ops.h5,GDNBO_npp_d20250910_t1809458_e1811100_b71879_c20250910193449503000_oeac_ops.h5,SVI04_npp_d20250910_t1809458_e1811100_b71879_c20250910193726893000_oeac_ops.dspace_rad,,eez_v11.shp,WPP_BFAR_merge.shp,vbd_mpa_r20170830.shp,VNF-VBD_npp_20120301-20151231_global_asia-enhanced_c201607211230.bitmask,vbd_landsea_r20220824.mask,timezone.shp,VBD_platforms-recurring_2015_r20170330.shp,999999,VBD_bridges_c20160811.shp,8.908844;6.970024;4.655672;-0.214400;1.955167;4.018827,96.765038;110.596878;124.199928;123.046227;109.474426;95.761597,npp_d20250910_t1809458_e1811100_b71879;npp_d20250910_t1811112_e1812354_b71879;npp_d20250910_t1812366_e1814008_b71879;npp_d20250910_t1814020_e1815262_b71879,163.356,51.7033,61.5209,97.8544,24.8705,67.8076
89,VBD_npp_d20250910_t1810235_x0997747E_y062782N_l0341_s0500_v23,2025-09-10 20:24:38,6.278166,99.774658,24.3171,2025-09-10 18:10:23,2025-09-11 02:10:23,341,500,0.340178,1,2529,0.525151,0.237018,0.783575,0.4,0.786435,0.75,0.0828331,0.0001,2.78678e-10,999999,-2.152921e-01,1,Malaysian Exclusive Economic Zone,,,SVDNB_npp_d20250910_t1809458_e1811100_b71879_c20250910193718573000_oeac_ops.h5,GDNBO_npp_d20250910_t1809458_e1811100_b71879_c20250910193449503000_oeac_ops.h5,SVI04_npp_d20250910_t1809458_e1811100_b71879_c20250910193726893000_oeac_ops.dspace_rad,,eez_v11.shp,WPP_BFAR_merge.shp,vbd_mpa_r20170830.shp,VNF-VBD_npp_20120301-20151231_global_asia-enhanced_c201607211230.bitmask,vbd_landsea_r20220824.mask,timezone.shp,VBD_platforms-recurring_2015_r20170330.shp,999999,VBD_bridges_c20160811.shp,8.908844;6.970024;4.655672;-0.214400;1.955167;4.018827,96.765038;110.596878;124.199928;123.046227;109.474426;95.761597,npp_d20250910_t1809458_e1811100_b71879;npp_d20250910_t1811112_e1812354_b71879;npp_d20250910_t1812366_e1814008_b71879;npp_d20250910_t1814020_e1815262_b71879,162.916,50.6241,61.3359,97.9206,24.5411,68.8115
92,VBD_npp_d20250910_t1810252_x0997741E_y061724N_l0357_s0503_v23,2025-09-10 20:24:38,6.172437,99.774139,7.77236,2025-09-10 18:10:25,2025-09-11 02:10:25,357,503,0.328228,1,2529,0.311486,0.212124,0.655321,0.4,0.751124,0.75,0.0828287,0.0001,2.9014e-10,999999,-3.863636e-02,1,Malaysian Exclusive Economic Zone,,,SVDNB_npp_d20250910_t1809458_e1811100_b71879_c20250910193718573000_oeac_ops.h5,GDNBO_npp_d20250910_t1809458_e1811100_b71879_c20250910193449503000_oeac_ops.h5,SVI04_npp_d20250910_t1809458_e1811100_b71879_c20250910193726893000_oeac_ops.dspace_rad,,eez_v11.shp,WPP_BFAR_merge.shp,vbd_mpa_r20170830.shp,VNF-VBD_npp_20120301-20151231_global_asia-enhanced_c201607211230.bitmask,vbd_landsea_r20220824.mask,timezone.shp,VBD_platforms-recurring_2015_r20170330.shp,999999,VBD_bridges_c20160811.shp,8.908844;6.970024;4.655672;-0.214400;1.955167;4.018827,96.765038;110.596878;124.199928;123.046227;109.474426;95.761597,npp_d20250910_t1809458_e1811100_b71879;npp_d20250910_t1811112_e1812354_b71879;npp_d20250910_t1812366_e1814008_b71879;npp_d20250910_t1814020_e1815262_b71879,162.977,50.9061,61.2708,97.9422,24.5739,68.5868
95,VBD_npp_d20250910_t1810306_x0997456E_y058231N_l0410_s0509_v23,2025-09-10 20:24:38,5.823127,99.745567,13.0193,2025-09-10 18:10:30,2025-09-11 01:10:30,410,509,0.241448,2,2465,0.388756,0.233316,0.640912,0.4,0.676689,0.75,0.082746,0.0001,3.01264e-10,999999,-1.890221e-01,3,Malaysian Exclusive Economic Zone,,,SVDNB_npp_d20250910_t1809458_e1811100_b71879_c20250910193718573000_oeac_ops.h5,GDNBO_npp_d20250910_t1809458_e1811100_b71879_c20250910193449503000_oeac_ops.h5,SVI04_npp_d20250910_t1809458_e1811100_b71879_c20250910193726893000_oeac_ops.dspace_rad,,eez_v11.shp,WPP_BFAR_merge.shp,vbd_mpa_r20170830.shp,VNF-VBD_npp_20120301-20151231_global_asia-enhanced_c201607211230.bitmask,vbd_landsea_r20220824.mask,timezone.shp,VBD_platforms-recurring_2015_r20170330.shp,999999,VBD_bridges_c20160811.shp,8.908844;6.970024;4.655672;-0.214400;1.955167;4.018827,96.765038;110.596878;124.199928;123.046227;109.474426;95.761597,npp_d20250910_t1809458_e1811100_b71879;npp_d20250910_t1811112_e1812354_b71879;npp_d20250910_t1812366_e1814008_b71879;npp_d20250910_t1814020_e1815262_b71879,163.2,51.7898,61.143,97.8104,24.7123,67.8701
96,VBD_npp_d20250910_t1810235_x0998323E_y062012N_l0351_s0510_v23,2025-09-10 20:24:38,6.201240,99.832329,6.9051,2025-09-10 18:10:23,2025-09-11 02:10:23,351,510,0.354475,2,2465,0.263378,0.212889,0.616425,0.4,0.748151,0.75,0.082871,0.0001,3.20883e-10,999999,-4.406679e-02,3,Malaysian Exclusive Economic Zone,,,SVDNB_npp_d20250910_t1809458_e1811100_b71879_c20250910193718573000_oeac_ops.h5,GDNBO_npp_d20250910_t1809458_e1811100_b71879_c20250910193449503000_oeac_ops.h5,SVI04_npp_d20250910_t1809458_e1811100_b71879_c20250910193726893000_oeac_ops.dspace_rad,,eez_v11.shp,WPP_BFAR_merge.shp,vbd_mpa_r20170830.shp,VNF-VBD_npp_20120301-20151231_global_asia-enhanced_c201607211230.bitmask,vbd_landsea_r20220824.mask,timezone.shp,VBD_platforms-recurring_2015_r20170330.shp,999999,VBD_bridges_c20160811.shp,8.908844;6.970024;4.655672;-0.214400;1.955167;4.018827,96.765038;110.596878;124.199928;123.046227;109.474426;95.761597,npp_d20250910_t1809458_e1811100_b71879;npp_d20250910_t1811112_e1812354_b71879;npp_d20250910_t1812366_e1814008_b71879;npp_d20250910_t1814020_e1815262_b71879,162.92,50.9417,61.1302,97.5551,24.5154,68.6113
98,VBD_npp_d20250910_t1810306_x0997954E_y058802N_l0401_s0515_v23,2025-09-10 20:24:38,5.880198,99.795425,16.2631,2025-09-10 18:10:30,2025-09-11 01:10:30,401,515,0.240452,2,2465,0.493123,0.23606,0.717512,0.4,0.701505,0.75,0.0828042,0.0001,3.50724e-10,999999,-2.084930e-01,3,Malaysian Exclusive Economic Zone,,,SVDNB_npp_d20250910_t1809458_e1811100_b71879_c20250910193718573000_oeac_ops.h5,GDNBO_npp_d20250910_t1809458_e1811100_b71879_c20250910193449503000_oeac_ops.h5,SVI04_npp_d20250910_t1809458_e1811100_b71879_c20250910193726893000_oeac_ops.dspace_rad,,eez_v11.shp,WPP_BFAR_merge.shp,vbd_mpa_r20170830.shp,VNF-VBD_npp_20120301-20151231_global_asia-enhanced_c201607211230.bitmask,vbd_landsea_r20220824.mask,timezone.shp,VBD_platforms-recurring_2015_r20170330.shp,999999,VBD_bridges_c20160811.shp,8.908844;6.970024;4.655672;-0.214400;1.955167;4.018827,96.765038;110.596878;124.199928;123.046227;109.474426;95.761597,npp_d20250910_t1809458_e1811100_b71879;npp_d20250910_t1811112_e1812354_b71879;npp_d20250910_t1812366_e1814008_b71879;npp_d20250910_t1814020_e1815262_b71879,163.126,51.7481,61.0156,98.1621,24.6439,67.9511
109,VBD_npp_d20250910_t1809514_x1004454E_y080194N_l0064_s0543_v23,2025-09-10 20:24:38,8.019436,100.445351,16.6689,2025-09-10 18:09:51,2025-09-11 01:09:51,64,543,0.381078,1,2529,0.622469,0.260006,0.845823,0.4,0.909529,0.75,0.0837315,0.0001,7.89905e-10,999999,-1.773104e-01,3,Thailand Exclusive Economic Zone,,,SVDNB_npp_d20250910_t1809458_e1811100_b71879_c20250910193718573000_oeac_ops.h5,GDNBO_npp_d20250910_t1809458_e1811100_b71879_c20250910193449503000_oeac_ops.h5,SVI04_npp_d20250910_t1809458_e1811100_b71879_c20250910193726893000_oeac_ops.dspace_rad,,eez_v11.shp,WPP_BFAR_merge.shp,vbd_mpa_r20170830.shp,VNF-VBD_npp_20120301-20151231_global_asia-enhanced_c201607211230.bitmask,vbd_landsea_r20220824.mask,timezone.shp,VBD_platforms-recurring_2015_r20170330.shp,999999,VBD_bridges_c20160811.shp,8.908844;6.970024;4.655672;-0.214400;1.955167;4.018827,96.765038;110.596878;124.199928;123.046227;109.474426;95.761597,npp_d20250910_t1809458_e1811100_b71879;npp_d20250910_t1811112_e1812354_b71879;npp_d20250910_t1812366_e1814008_b71879;npp_d20250910_t1814020_e1815262_b71879,161.373,47.6837,60.4154,97.224,23.4347,72.2349
110,VBD_npp_d20250910_t1809532_x1004462E_y080194N_l0065_s0544_v23,2025-09-10 20:24:38,8.019406,100.446236,16.5001,2025-09-10 18:09:53,2025-09-11 01:09:53,65,544,0.381078,1,2529,0.598933,0.261785,0.845823,0.4,0.884752,0.75,0.083734,0.0001,8.38666e-10,999999,-1.885602e-01,3,Thailand Exclusive Economic Zone,,,SVDNB_npp_d20250910_t1809458_e1811100_b71879_c20250910193718573000_oeac_ops.h5,GDNBO_npp_d20250910_t1809458_e1811100_b71879_c20250910193449503000_oeac_ops.h5,SVI04_npp_d20250910_t1809458_e1811100_b71879_c20250910193726893000_oeac_ops.dspace_rad,,eez_v11.shp,WPP_BFAR_merge.shp,vbd_mpa_r20170830.shp,VNF-VBD_npp_20120301-20151231_global_asia-enhanced_c201607211230.bitmask,vbd_landsea_r20220824.mask,timezone.shp,VBD_platforms-recurring_2015_r20170330.shp,999999,VBD_bridges_c20160811.shp,8.908844;6.970024;4.655672;-0.214400;1.955167;4.018827,96.765038;110.596878;124.199928;123.046227;109.474426;95.761597,npp_d20250910_t1809458_e1811100_b71879;npp_d20250910_t1811112_e1812354_b71879;npp_d20250910_t1812366_e1814008_b71879;npp_d20250910_t1814020_e1815262_b71879,161.367,47.7013,60.3893,97.831,23.4271,72.2299
111,VBD_npp_d20250910_t1809497_x1005056E_y081390N_l0045_s0548_v23,2025-09-10 20:24:38,8.139015,100.505646,27.751,2025-09-10 18:09:49,2025-09-11 01:09:49,45,548,0.385275,1,2529,0.814347,0.212285,0.884857,0.4,0.926996,0.75,0.0838053,0.0001,8.91427e-10,999999,1.244203e-01,3,Thailand Exclusive Economic Zone,,,SVDNB_npp_d20250910_t1809458_e1811100_b71879_c20250910193718573000_oeac_ops.h5,GDNBO_npp_d20250910_t1809458_e1811100_b71879_c20250910193449503000_oeac_ops.h5,SVI04_npp_d20250910_t1809458_e1811100_b71879_c20250910193726893000_oeac_ops.dspace_rad,,eez_v11.shp,WPP_BFAR_merge.shp,vbd_mpa_r20170830.shp,VNF-VBD_npp_20120301-20151231_global_asia-enhanced_c201607211230.bitmask,vbd_landsea_r20220824.mask,timezone.shp,VBD_platforms-recurring_2015_r20170330.shp,999999,VBD_bridges_c20160811.shp,8.908844;6.970024;4.655672;-0.214400;1.955167;4.018827,96.765038;110.596878;124.199928;123.046227;109.474426;95.761597,npp_d20250910_t1809458_e1811100_b71879;npp_d20250910_t1811112_e1812354_b71879;npp_d20250910_t1812366_e1814008_b71879;npp_d20250910_t1814020_e1815262_b71879,161.254,47.5343,60.3002,97.331,23.3469,72.4736
112,VBD_npp_d20250910_t1809514_x1004919E_y081050N_l0051_s0548_v23,2025-09-10 20:24:38,8.104951,100.491852,12.3989,2025-09-10 18:09:51,2025-09-11 01:09:51,51,548,0.380651,1,2529,0.511018,0.242818,0.842745,0.4,0.866586,0.75,0.0837899,0.0001,9.05324e-10,999999,-6.863785e-02,3,Thailand Exclusive Economic Zone,,,SVDNB_npp_d20250910_t1809458_e1811100_b71879_c20250910193718573000_oeac_ops.h5,GDNBO_npp_d20250910_t1809458_e1811100_b71879_c20250910193449503000_oeac_ops.h5,SVI04_npp_d20250910_t1809458_e1811100_b71879_c20250910193726893000_oeac_ops.dspace_rad,,eez_v11.shp,WPP_BFAR_merge.shp,vbd_mpa_r20170830.shp,VNF-VBD_npp_20120301-20151231_global_asia-enhanced_c201607211230.bitmask,vbd_landsea_r20220824.mask,timezone.shp,VBD_platforms-recurring_2015_r20170330.shp,999999,VBD_bridges_c20160811.shp,8.908844;6.970024;4.655672;-0.214400;1.955167;4.018827,96.765038;110.596878;124.199928;123.046227;109.474426;95.761597,npp_d20250910_t1809458_e1811100_b71879;npp_d20250910_t1811112_e1812354_b71879;npp_d20250910_t1812366_e1814008_b71879;npp_d20250910_t1814020_e1815262_b71879,161.281,47.595,60.3058,97.7382,23.3638,72.4004
113,VBD_npp_d20250910_t1809514_x1004977E_y080478N_l0059_s0550_v23,2025-09-10 20:24:38,8.047841,100.497734,11.0443,2025-09-10 18:09:51,2025-09-11 01:09:51,59,550,0.37553,8,18913,0.463096,0.271439,0.867639,0.4,0.837046,0.75,0.0837796,0.0001,9.12105e-10,999999,-2.496025e-01,3,Thailand Exclusive Economic Zone,,,SVDNB_npp_d20250910_t1809458_e1811100_b71879_c20250910193718573000_oeac_ops.h5,GDNBO_npp_d20250910_t1809458_e1811100_b71879_c20250910193449503000_oeac_ops.h5,SVI04_npp_d20250910_t1809458_e1811100_b71879_c20250910193726893000_oeac_ops.dspace_rad,,eez_v11.shp,WPP_BFAR_merge.shp,vbd_mpa_r20170830.shp,VNF-VBD_npp_20120301-20151231_global_asia-enhanced_c201607211230.bitmask,vbd_landsea_r20220824.mask,timezone.shp,VBD_platforms-recurring_2015_r20170330.shp,0.746274,VBD_bridges_c20160811.shp,8.908844;6.970024;4.655672;-0.214400;1.955167;4.018827,96.765038;110.596878;124.199928;123.046227;109.474426;95.761597,npp_d20250910_t1809458_e1811100_b71879;npp_d20250910_t1811112_e1812354_b71879;npp_d20250910_t1812366_e1814008_b71879;npp_d20250910_t1814020_e1815262_b71879,161.316,47.7321,60.2635,97.4262,23.3757,72.2687
114,VBD_npp_d20250910_t1809514_x1004948E_y080271N_l0062_s0550_v23,2025-09-10 20:24:38,8.027114,100.494843,9.37013,2025-09-10 18:09:51,2025-09-11 01:09:51,62,550,0.381292,1,2529,0.400361,0.20704,0.867639,0.4,0.801193,0.75,0.0837719,0.0001,9.02279e-10,999999,1.575821e-01,3,Thailand Exclusive Economic Zone,,,SVDNB_npp_d20250910_t1809458_e1811100_b71879_c20250910193718573000_oeac_ops.h5,GDNBO_npp_d20250910_t1809458_e1811100_b71879_c20250910193449503000_oeac_ops.h5,SVI04_npp_d20250910_t1809458_e1811100_b71879_c20250910193726893000_oeac_ops.dspace_rad,,eez_v11.shp,WPP_BFAR_merge.shp,vbd_mpa_r20170830.shp,VNF-VBD_npp_20120301-20151231_global_asia-enhanced_c201607211230.bitmask,vbd_landsea_r20220824.mask,timezone.shp,VBD_platforms-recurring_2015_r20170330.shp,999999,VBD_bridges_c20160811.shp,8.908844;6.970024;4.655672;-0.214400;1.955167;4.018827,96.765038;110.596878;124.199928;123.046227;109.474426;95.761597,npp_d20250910_t1809458_e1811100_b71879;npp_d20250910_t1811112_e1812354_b71879;npp_d20250910_t1812366_e1814008_b71879;npp_d20250910_t1814020_e1815262_b71879,161.332,47.7714,60.2642,97.3085,23.3849,72.2238
115,VBD_npp_d20250910_t1809514_x1005172E_y080383N_l0060_s0553_v23,2025-09-10 20:24:38,8.038252,100.517227,10.9774,2025-09-10 18:09:51,2025-09-11 01:09:51,60,553,0.385062,1,2529,0.441005,0.265848,0.87071,0.4,0.818158,0.75,0.0837922,0.0001,9.59208e-10,999999,-2.142489e-01,3,Thailand Exclusive Economic Zone,,,SVDNB_npp_d20250910_t1809458_e1811100_b71879_c20250910193718573000_oeac_ops.h5,GDNBO_npp_d20250910_t1809458_e1811100_b71879_c20250910193449503000_oeac_ops.h5,SVI04_npp_d20250910_t1809458_e1811100_b71879_c20250910193726893000_oeac_ops.dspace_rad,,eez_v11.shp,WPP_BFAR_merge.shp,vbd_mpa_r20170830.shp,VNF-VBD_npp_20120301-20151231_global_asia-enhanced_c201607211230.bitmask,vbd_landsea_r20220824.mask,timezone.shp,VBD_platforms-recurring_2015_r20170330.shp,999999,VBD_bridges_c20160811.shp,8.908844;6.970024;4.655672;-0.214400;1.955167;4.018827,96.765038;110.596878;124.199928;123.046227;109.474426;95.761597,npp_d20250910_t1809458_e1811100_b71879;npp_d20250910_t1811112_e1812354_b71879;npp_d20250910_t1812366_e1814008_b71879;npp_d20250910_t1814020_e1815262_b71879,161.308,47.7942,60.1986,97.3897,23.36,72.236
116,VBD_npp_d20250910_t1809514_x1005134E_y080107N_l0064_s0553_v23,2025-09-10 20:24:38,8.010654,100.513367,39.6685,2025-09-10 18:09:51,2025-09-11 01:09:51,64,553,0.387409,1,2529,0.821285,0.210309,0.87044,0.4,0.918755,0.75,0.0837819,0.0001,9.4541e-10,999999,1.369164e-01,3,Thailand Exclusive Economic Zone,,,SVDNB_npp_d20250910_t1809458_e1811100_b71879_c20250910193718573000_oeac_ops.h5,GDNBO_npp_d20250910_t1809458_e1811100_b71879_c20250910193449503000_oeac_ops.h5,SVI04_npp_d20250910_t1809458_e1811100_b71879_c20250910193726893000_oeac_ops.dspace_rad,,eez_v11.shp,WPP_BFAR_merge.shp,vbd_mpa_r20170830.shp,VNF-VBD_npp_20120301-20151231_global_asia-enhanced_c201607211230.bitmask,vbd_landsea_r20220824.mask,timezone.shp,VBD_platforms-recurring_2015_r20170330.shp,999999,VBD_bridges_c20160811.shp,8.908844;6.970024;4.655672;-0.214400;1.955167;4.018827,96.765038;110.596878;124.199928;123.046227;109.474426;95.761597,npp_d20250910_t1809458_e1811100_b71879;npp_d20250910_t1811112_e1812354_b71879;npp_d20250910_t1812366_e1814008_b71879;npp_d20250910_t1814020_e1815262_b71879,161.329,47.8465,60.1996,97.2326,23.3723,72.1762
117,VBD_npp_d20250910_t1809532_x1005144E_y080101N_l0065_s0554_v23,2025-09-10 20:24:38,8.010099,100.514420,38.4123,2025-09-10 18:09:53,2025-09-11 01:09:53,65,554,0.381932,1,2529,0.848208,0.207135,0.87044,0.4,0.931439,0.75,0.0837844,0.0001,1.004e-09,999999,1.569808e-01,3,Thailand Exclusive Economic Zone,,,SVDNB_npp_d20250910_t1809458_e1811100_b71879_c20250910193718573000_oeac_ops.h5,GDNBO_npp_d20250910_t1809458_e1811100_b71879_c20250910193449503000_oeac_ops.h5,SVI04_npp_d20250910_t1809458_e1811100_b71879_c20250910193726893000_oeac_ops.dspace_rad,,eez_v11.shp,WPP_BFAR_merge.shp,vbd_mpa_r20170830.shp,VNF-VBD_npp_20120301-20151231_global_asia-enhanced_c201607211230.bitmask,vbd_landsea_r20220824.mask,timezone.shp,VBD_platforms-recurring_2015_r20170330.shp,999999,VBD_bridges_c20160811.shp,8.908844;6.970024;4.655672;-0.214400;1.955167;4.018827,96.765038;110.596878;124.199928;123.046227;109.474426;95.761597,npp_d20250910_t1809458_e1811100_b71879;npp_d20250910_t1811112_e1812354_b71879;npp_d20250910_t1812366_e1814008_b71879;npp_d20250910_t1814020_e1815262_b71879,161.323,47.8656,60.1726,97.841,23.3646,72.1699
118,VBD_npp_d20250910_t1809532_x1005039E_y079342N_l0076_s0554_v23,2025-09-10 20:24:38,7.934238,100.503876,14.4541,2025-09-10 18:09:53,2025-09-11 01:09:53,76,554,0.389827,1,2529,0.559787,0.211653,0.824594,0.4,0.854553,0.75,0.0837563,0.0001,9.65498e-10,999999,1.284158e-01,3,Thailand Exclusive Economic Zone,,,SVDNB_npp_d20250910_t1809458_e1811100_b71879_c20250910193718573000_oeac_ops.h5,GDNBO_npp_d20250910_t1809458_e1811100_b71879_c20250910193449503000_oeac_ops.h5,SVI04_npp_d20250910_t1809458_e1811100_b71879_c20250910193726893000_oeac_ops.dspace_rad,,eez_v11.shp,WPP_BFAR_merge.shp,vbd_mpa_r20170830.shp,VNF-VBD_npp_20120301-20151231_global_asia-enhanced_c201607211230.bitmask,vbd_landsea_r20220824.mask,timezone.shp,VBD_platforms-recurring_2015_r20170330.shp,999999,VBD_bridges_c20160811.shp,8.908844;6.970024;4.655672;-0.214400;1.955167;4.018827,96.765038;110.596878;124.199928;123.046227;109.474426;95.761597,npp_d20250910_t1809458_e1811100_b71879;npp_d20250910_t1811112_e1812354_b71879;npp_d20250910_t1812366_e1814008_b71879;npp_d20250910_t1814020_e1815262_b71879,161.382,48.0103,60.1736,97.4089,23.3984,72.0058
119,VBD_npp_d20250910_t1809550_x1005387E_y078723N_l0085_s0561_v23,2025-09-10 20:24:38,7.872274,100.538704,39.0971,2025-09-10 18:09:55,2025-09-11 01:09:55,85,561,0.378446,1,2529,0.927586,0.291859,0.885363,0.4,0.957041,0.75,0.0837686,0.0001,1.11154e-09,999999,-3.787154e-01,3,Thailand Exclusive Economic Zone,,,SVDNB_npp_d20250910_t1809458_e1811100_b71879_c20250910193718573000_oeac_ops.h5,GDNBO_npp_d20250910_t1809458_e1811100_b71879_c20250910193449503000_oeac_ops.h5,SVI04_npp_d20250910_t1809458_e1811100_b71879_c20250910193726893000_oeac_ops.dspace_rad,,eez_v11.shp,WPP_BFAR_merge.shp,vbd_mpa_r20170830.shp,VNF-VBD_npp_20120301-20151231_global_asia-enhanced_c201607211230.bitmask,vbd_landsea_r20220824.mask,timezone.shp,VBD_platforms-recurring_2015_r20170330.shp,999999,VBD_bridges_c20160811.shp,8.908844;6.970024;4.655672;-0.214400;1.955167;4.018827,96.765038;110.596878;124.199928;123.046227;109.474426;95.761597,npp_d20250910_t1809458_e1811100_b71879;npp_d20250910_t1811112_e1812354_b71879;npp_d20250910_t1812366_e1814008_b71879;npp_d20250910_t1814020_e1815262_b71879,161.392,48.236,60.0146,97.7056,23.3778,71.8421
120,VBD_npp_d20250910_t1809532_x1005705E_y078975N_l0080_s0564_v23,2025-09-10 20:24:38,7.897512,100.570511,14.7008,2025-09-10 18:09:53,2025-09-11 01:09:53,80,564,0.384492,8,18913,0.582825,0.263242,0.863325,0.4,0.90516,0.75,0.0837965,0.0001,1.14556e-09,999999,-1.977725e-01,3,Thailand Exclusive Economic Zone,,,SVDNB_npp_d20250910_t1809458_e1811100_b71879_c20250910193718573000_oeac_ops.h5,GDNBO_npp_d20250910_t1809458_e1811100_b71879_c20250910193449503000_oeac_ops.h5,SVI04_npp_d20250910_t1809458_e1811100_b71879_c20250910193726893000_oeac_ops.dspace_rad,,eez_v11.shp,WPP_BFAR_merge.shp,vbd_mpa_r20170830.shp,VNF-VBD_npp_20120301-20151231_global_asia-enhanced_c201607211230.bitmask,vbd_landsea_r20220824.mask,timezone.shp,VBD_platforms-recurring_2015_r20170330.shp,0.190043,VBD_bridges_c20160811.shp,8.908844;6.970024;4.655672;-0.214400;1.955167;4.018827,96.765038;110.596878;124.199928;123.046227;109.474426;95.761597,npp_d20250910_t1809458_e1811100_b71879;npp_d20250910_t1811112_e1812354_b71879;npp_d20250910_t1812366_e1814008_b71879;npp_d20250910_t1814020_e1815262_b71879,161.357,48.2312,59.9488,97.2607,23.3462,71.8844
121,VBD_npp_d20250910_t1809550_x1005706E_y078959N_l0081_s0565_v23,2025-09-10 20:24:38,7.895926,100.570557,17.6791,2025-09-10 18:09:55,2025-09-11 01:09:55,81,565,0.384492,8,18913,0.590192,0.258609,0.863325,0.4,0.889063,0.75,0.083799,0.0001,1.21351e-09,999999,-1.684790e-01,3,Thailand Exclusive Economic Zone,,,SVDNB_npp_d20250910_t1809458_e1811100_b71879_c20250910193718573000_oeac_ops.h5,GDNBO_npp_d20250910_t1809458_e1811100_b71879_c20250910193449503000_oeac_ops.h5,SVI04_npp_d20250910_t1809458_e1811100_b71879_c20250910193726893000_oeac_ops.dspace_rad,,eez_v11.shp,WPP_BFAR_merge.shp,vbd_mpa_r20170830.shp,VNF-VBD_npp_20120301-20151231_global_asia-enhanced_c201607211230.bitmask,vbd_landsea_r20220824.mask,timezone.shp,VBD_platforms-recurring_2015_r20170330.shp,0.0321913,VBD_bridges_c20160811.shp,8.908844;6.970024;4.655672;-0.214400;1.955167;4.018827,96.765038;110.596878;124.199928;123.046227;109.474426;95.761597,npp_d20250910_t1809458_e1811100_b71879;npp_d20250910_t1811112_e1812354_b71879;npp_d20250910_t1812366_e1814008_b71879;npp_d20250910_t1814020_e1815262_b71879,161.353,48.2504,59.9243,97.867,23.3399,71.8763
122,VBD_npp_d20250910_t1809514_x1006764E_y080034N_l0062_s0576_v23,2025-09-10 20:24:38,8.003448,100.676407,12.6592,2025-09-10 18:09:51,2025-09-11 01:09:51,62,576,0.375672,1,2529,0.515424,0.252958,0.839619,0.4,0.872002,0.75,0.083903,0.0001,1.45343e-09,999999,-1.327468e-01,3,Thailand Exclusive Economic Zone,,,SVDNB_npp_d20250910_t1809458_e1811100_b71879_c20250910193718573000_oeac_ops.h5,GDNBO_npp_d20250910_t1809458_e1811100_b71879_c20250910193449503000_oeac_ops.h5,SVI04_npp_d20250910_t1809458_e1811100_b71879_c20250910193726893000_oeac_ops.dspace_rad,,eez_v11.shp,WPP_BFAR_merge.shp,vbd_mpa_r20170830.shp,VNF-VBD_npp_20120301-20151231_global_asia-enhanced_c201607211230.bitmask,vbd_landsea_r20220824.mask,timezone.shp,VBD_platforms-recurring_2015_r20170330.shp,999999,VBD_bridges_c20160811.shp,8.908844;6.970024;4.655672;-0.214400;1.955167;4.018827,96.765038;110.596878;124.199928;123.046227;109.474426;95.761597,npp_d20250910_t1809458_e1811100_b71879;npp_d20250910_t1811112_e1812354_b71879;npp_d20250910_t1812366_e1814008_b71879;npp_d20250910_t1814020_e1815262_b71879,161.214,48.2035,59.6811,97.3321,23.2184,72.0653
123,VBD_npp_d20250910_t1809514_x1007431E_y080293N_l0057_s0585_v23,2025-09-10 20:24:38,8.029341,100.743088,17.4376,2025-09-10 18:09:51,2025-09-11 01:09:51,57,585,0.387622,1,2529,0.654753,0.203376,0.875319,0.4,0.915194,0.75,0.0839612,0.0001,1.73831e-09,999999,1.807505e-01,3,Thailand Exclusive Economic Zone,,,SVDNB_npp_d20250910_t1809458_e1811100_b71879_c20250910193718573000_oeac_ops.h5,GDNBO_npp_d20250910_t1809458_e1811100_b71879_c20250910193449503000_oeac_ops.h5,SVI04_npp_d20250910_t1809458_e1811100_b71879_c20250910193726893000_oeac_ops.dspace_rad,,eez_v11.shp,WPP_BFAR_merge.shp,vbd_mpa_r20170830.shp,VNF-VBD_npp_20120301-20151231_global_asia-enhanced_c201607211230.bitmask,vbd_landsea_r20220824.mask,timezone.shp,VBD_platforms-recurring_2015_r20170330.shp,999999,VBD_bridges_c20160811.shp,8.908844;6.970024;4.655672;-0.214400;1.955167;4.018827,96.765038;110.596878;124.199928;123.046227;109.474426;95.761597,npp_d20250910_t1809458_e1811100_b71879;npp_d20250910_t1811112_e1812354_b71879;npp_d20250910_t1812366_e1814008_b71879;npp_d20250910_t1814020_e1815262_b71879,161.147,48.2852,59.4785,97.538,23.1464,72.0849
126,VBD_npp_d20250910_t1809514_x1007724E_y079909N_l0062_s0590_v23,2025-09-10 20:24:38,7.990895,100.772430,36.1789,2025-09-10 18:09:51,2025-09-11 01:09:51,62,590,0.379229,8,18913,0.935983,0.241762,0.901661,0.4,0.962855,0.75,0.0839736,0.0001,1.86661e-09,999999,-6.195949e-02,3,Thailand Exclusive Economic Zone,,,SVDNB_npp_d20250910_t1809458_e1811100_b71879_c20250910193718573000_oeac_ops.h5,GDNBO_npp_d20250910_t1809458_e1811100_b71879_c20250910193449503000_oeac_ops.h5,SVI04_npp_d20250910_t1809458_e1811100_b71879_c20250910193726893000_oeac_ops.dspace_rad,,eez_v11.shp,WPP_BFAR_merge.shp,vbd_mpa_r20170830.shp,VNF-VBD_npp_20120301-20151231_global_asia-enhanced_c201607211230.bitmask,vbd_landsea_r20220824.mask,timezone.shp,VBD_platforms-recurring_2015_r20170330.shp,0.839198,VBD_bridges_c20160811.shp,8.908844;6.970024;4.655672;-0.214400;1.955167;4.018827,96.765038;110.596878;124.199928;123.046227;109.474426;95.761597,npp_d20250910_t1809458_e1811100_b71879;npp_d20250910_t1811112_e1812354_b71879;npp_d20250910_t1812366_e1814008_b71879;npp_d20250910_t1814020_e1815262_b71879,161.151,48.4299,59.3678,97.3445,23.1304,71.9804
127,VBD_npp_d20250910_t1809479_x1008318E_y082092N_l0028_s0592_v23,2025-09-10 20:24:38,8.209194,100.831825,62.4923,2025-09-10 18:09:47,2025-09-11 01:09:47,28,592,0.385275,1,2529,1.10129,0.219975,0.879611,0.4,0.973916,0.75,0.0840707,0.0001,2.00795e-09,999999,7.579986e-02,3,Thailand Exclusive Economic Zone,,,SVDNB_npp_d20250910_t1809458_e1811100_b71879_c20250910193718573000_oeac_ops.h5,GDNBO_npp_d20250910_t1809458_e1811100_b71879_c20250910193449503000_oeac_ops.h5,SVI04_npp_d20250910_t1809458_e1811100_b71879_c20250910193726893000_oeac_ops.dspace_rad,,eez_v11.shp,WPP_BFAR_merge.shp,vbd_mpa_r20170830.shp,VNF-VBD_npp_20120301-20151231_global_asia-enhanced_c201607211230.bitmask,vbd_landsea_r20220824.mask,timezone.shp,VBD_platforms-recurring_2015_r20170330.shp,999999,VBD_bridges_c20160811.shp,8.908844;6.970024;4.655672;-0.214400;1.955167;4.018827,96.765038;110.596878;124.199928;123.046227;109.474426;95.761597,npp_d20250910_t1809458_e1811100_b71879;npp_d20250910_t1811112_e1812354_b71879;npp_d20250910_t1812366_e1814008_b71879;npp_d20250910_t1814020_e1815262_b71879,160.973,48.0473,59.3184,97.3936,23.0194,72.452
129,VBD_npp_d20250910_t1810021_x1006754E_y074426N_l0147_s0593_v23,2025-09-10 20:24:38,7.442565,100.675415,16.3115,2025-09-10 18:10:02,2025-09-11 01:10:02,147,593,0.374463,1,2529,0.572551,0.257452,0.792188,0.4,0.877771,0.75,0.0837635,0.0001,1.8828e-09,999999,-1.611653e-01,3,Thailand Exclusive Economic Zone,,,SVDNB_npp_d20250910_t1809458_e1811100_b71879_c20250910193718573000_oeac_ops.h5,GDNBO_npp_d20250910_t1809458_e1811100_b71879_c20250910193449503000_oeac_ops.h5,SVI04_npp_d20250910_t1809458_e1811100_b71879_c20250910193726893000_oeac_ops.dspace_rad,,eez_v11.shp,WPP_BFAR_merge.shp,vbd_mpa_r20170830.shp,VNF-VBD_npp_20120301-20151231_global_asia-enhanced_c201607211230.bitmask,vbd_landsea_r20220824.mask,timezone.shp,VBD_platforms-recurring_2015_r20170330.shp,999999,VBD_bridges_c20160811.shp,8.908844;6.970024;4.655672;-0.214400;1.955167;4.018827,96.765038;110.596878;124.199928;123.046227;109.474426;95.761597,npp_d20250910_t1809458_e1811100_b71879;npp_d20250910_t1811112_e1812354_b71879;npp_d20250910_t1812366_e1814008_b71879;npp_d20250910_t1814020_e1815262_b71879,161.55,49.5477,59.2979,97.8796,23.3602,70.7788
130,VBD_npp_d20250910_t1810021_x1006784E_y074146N_l0151_s0594_v23,2025-09-10 20:24:38,7.414556,100.678391,8.52057,2025-09-10 18:10:02,2025-09-11 01:10:02,151,594,0.384066,1,2529,0.318578,0.265138,0.753481,0.4,0.762414,0.75,0.0837577,0.0001,1.88885e-09,999999,-2.097629e-01,3,Thailand Exclusive Economic Zone,,,SVDNB_npp_d20250910_t1809458_e1811100_b71879_c20250910193718573000_oeac_ops.h5,GDNBO_npp_d20250910_t1809458_e1811100_b71879_c20250910193449503000_oeac_ops.h5,SVI04_npp_d20250910_t1809458_e1811100_b71879_c20250910193726893000_oeac_ops.dspace_rad,,eez_v11.shp,WPP_BFAR_merge.shp,vbd_mpa_r20170830.shp,VNF-VBD_npp_20120301-20151231_global_asia-enhanced_c201607211230.bitmask,vbd_landsea_r20220824.mask,timezone.shp,VBD_platforms-recurring_2015_r20170330.shp,999999,VBD_bridges_c20160811.shp,8.908844;6.970024;4.655672;-0.214400;1.955167;4.018827,96.765038;110.596878;124.199928;123.046227;109.474426;95.761597,npp_d20250910_t1809458_e1811100_b71879;npp_d20250910_t1811112_e1812354_b71879;npp_d20250910_t1812366_e1814008_b71879;npp_d20250910_t1814020_e1815262_b71879,161.566,49.6178,59.2759,97.7219,23.3667,70.7145
131,VBD_npp_d20250910_t1809497_x1008278E_y080763N_l0048_s0595_v23,2025-09-10 20:24:38,8.076256,100.827797,66.3279,2025-09-10 18:09:49,2025-09-11 01:09:49,48,595,0.382714,1,2529,1.15653,0.221302,0.897276,0.4,0.977842,0.75,0.0840347,0.0001,2.06325e-09,999999,6.740955e-02,3,Thailand Exclusive Economic Zone,,,SVDNB_npp_d20250910_t1809458_e1811100_b71879_c20250910193718573000_oeac_ops.h5,GDNBO_npp_d20250910_t1809458_e1811100_b71879_c20250910193449503000_oeac_ops.h5,SVI04_npp_d20250910_t1809458_e1811100_b71879_c20250910193726893000_oeac_ops.dspace_rad,,eez_v11.shp,WPP_BFAR_merge.shp,vbd_mpa_r20170830.shp,VNF-VBD_npp_20120301-20151231_global_asia-enhanced_c201607211230.bitmask,vbd_landsea_r20220824.mask,timezone.shp,VBD_platforms-recurring_2015_r20170330.shp,999999,VBD_bridges_c20160811.shp,8.908844;6.970024;4.655672;-0.214400;1.955167;4.018827,96.765038;110.596878;124.199928;123.046227;109.474426;95.761597,npp_d20250910_t1809458_e1811100_b71879;npp_d20250910_t1811112_e1812354_b71879;npp_d20250910_t1812366_e1814008_b71879;npp_d20250910_t1814020_e1815262_b71879,161.059,48.3423,59.2502,97.2551,23.0575,72.1464
132,VBD_npp_d20250910_t1809514_x1008254E_y080735N_l0049_s0596_v23,2025-09-10 20:24:38,8.073491,100.825378,67.494,2025-09-10 18:09:51,2025-09-11 01:09:51,49,596,0.382003,8,18913,1.07331,0.213748,0.897276,0.4,0.952739,0.75,0.0840371,0.0001,2.16866e-09,999999,1.151678e-01,3,Thailand Exclusive Economic Zone,,,SVDNB_npp_d20250910_t1809458_e1811100_b71879_c20250910193718573000_oeac_ops.h5,GDNBO_npp_d20250910_t1809458_e1811100_b71879_c20250910193449503000_oeac_ops.h5,SVI04_npp_d20250910_t1809458_e1811100_b71879_c20250910193726893000_oeac_ops.dspace_rad,,eez_v11.shp,WPP_BFAR_merge.shp,vbd_mpa_r20170830.shp,VNF-VBD_npp_20120301-20151231_global_asia-enhanced_c201607211230.bitmask,vbd_landsea_r20220824.mask,timezone.shp,VBD_platforms-recurring_2015_r20170330.shp,0.760022,VBD_bridges_c20160811.shp,8.908844;6.970024;4.655672;-0.214400;1.955167;4.018827,96.765038;110.596878;124.199928;123.046227;109.474426;95.761597,npp_d20250910_t1809458_e1811100_b71879;npp_d20250910_t1811112_e1812354_b71879;npp_d20250910_t1812366_e1814008_b71879;npp_d20250910_t1814020_e1815262_b71879,161.057,48.3586,59.2326,97.8656,23.0539,72.137
133,VBD_npp_d20250910_t1809514_x1008207E_y080397N_l0054_s0596_v23,2025-09-10 20:24:38,8.039671,100.820694,65.6487,2025-09-10 18:09:51,2025-09-11 01:09:51,54,596,0.380936,8,18913,1.12726,0.222691,0.910015,0.4,0.963199,0.75,0.0840243,0.0001,2.13255e-09,999999,5.862724e-02,3,Thailand Exclusive Economic Zone,,,SVDNB_npp_d20250910_t1809458_e1811100_b71879_c20250910193718573000_oeac_ops.h5,GDNBO_npp_d20250910_t1809458_e1811100_b71879_c20250910193449503000_oeac_ops.h5,SVI04_npp_d20250910_t1809458_e1811100_b71879_c20250910193726893000_oeac_ops.dspace_rad,,eez_v11.shp,WPP_BFAR_merge.shp,vbd_mpa_r20170830.shp,VNF-VBD_npp_20120301-20151231_global_asia-enhanced_c201607211230.bitmask,vbd_landsea_r20220824.mask,timezone.shp,VBD_platforms-recurring_2015_r20170330.shp,0.52346,VBD_bridges_c20160811.shp,8.908844;6.970024;4.655672;-0.214400;1.955167;4.018827,96.765038;110.596878;124.199928;123.046227;109.474426;95.761597,npp_d20250910_t1809458_e1811100_b71879;npp_d20250910_t1811112_e1812354_b71879;npp_d20250910_t1812366_e1814008_b71879;npp_d20250910_t1814020_e1815262_b71879,161.083,48.4227,59.2327,97.6672,23.0689,72.0627
134,VBD_npp_d20250910_t1809514_x1008362E_y080032N_l0059_s0599_v23,2025-09-10 20:24:38,8.003177,100.836205,16.6199,2025-09-10 18:09:51,2025-09-11 01:09:51,59,599,0.378802,1,2529,0.634572,0.25576,0.872357,0.4,0.918837,0.75,0.0840264,0.0001,2.20912e-09,999999,-1.504627e-01,3,Thailand Exclusive Economic Zone,,,SVDNB_npp_d20250910_t1809458_e1811100_b71879_c20250910193718573000_oeac_ops.h5,GDNBO_npp_d20250910_t1809458_e1811100_b71879_c20250910193449503000_oeac_ops.h5,SVI04_npp_d20250910_t1809458_e1811100_b71879_c20250910193726893000_oeac_ops.dspace_rad,,eez_v11.shp,WPP_BFAR_merge.shp,vbd_mpa_r20170830.shp,VNF-VBD_npp_20120301-20151231_global_asia-enhanced_c201607211230.bitmask,vbd_landsea_r20220824.mask,timezone.shp,VBD_platforms-recurring_2015_r20170330.shp,999999,VBD_bridges_c20160811.shp,8.908844;6.970024;4.655672;-0.214400;1.955167;4.018827,96.765038;110.596878;124.199928;123.046227;109.474426;95.761597,npp_d20250910_t1809458_e1811100_b71879;npp_d20250910_t1811112_e1812354_b71879;npp_d20250910_t1812366_e1814008_b71879;npp_d20250910_t1814020_e1815262_b71879,161.096,48.5343,59.1666,97.4715,23.0655,71.9705
135,VBD_npp_d20250910_t1810021_x1007149E_y074302N_l0148_s0599_v23,2025-09-10 20:24:38,7.430228,100.714935,20.8368,2025-09-10 18:10:02,2025-09-11 01:10:02,148,599,0.3793,8,18913,0.622083,0.246024,0.852339,0.4,0.880678,0.75,0.0837907,0.0001,2.08461e-09,999999,-8.890535e-02,3,Thailand Exclusive Economic Zone,,,SVDNB_npp_d20250910_t1809458_e1811100_b71879_c20250910193718573000_oeac_ops.h5,GDNBO_npp_d20250910_t1809458_e1811100_b71879_c20250910193449503000_oeac_ops.h5,SVI04_npp_d20250910_t1809458_e1811100_b71879_c20250910193726893000_oeac_ops.dspace_rad,,eez_v11.shp,WPP_BFAR_merge.shp,vbd_mpa_r20170830.shp,VNF-VBD_npp_20120301-20151231_global_asia-enhanced_c201607211230.bitmask,vbd_landsea_r20220824.mask,timezone.shp,VBD_platforms-recurring_2015_r20170330.shp,0.224478,VBD_bridges_c20160811.shp,8.908844;6.970024;4.655672;-0.214400;1.955167;4.018827,96.765038;110.596878;124.199928;123.046227;109.474426;95.761597,npp_d20250910_t1809458_e1811100_b71879;npp_d20250910_t1811112_e1812354_b71879;npp_d20250910_t1812366_e1814008_b71879;npp_d20250910_t1814020_e1815262_b71879,161.529,49.657,59.1643,97.8453,23.3267,70.7259
137,VBD_npp_d20250910_t1810021_x1007458E_y073986N_l0152_s0604_v23,2025-09-10 20:24:38,7.398643,100.745834,17.1865,2025-09-10 18:10:02,2025-09-11 01:10:02,152,604,0.383497,1,2529,0.604018,0.223688,0.886559,0.4,0.89774,0.75,0.0838045,0.0001,2.24879e-09,999999,5.231960e-02,3,Thailand Exclusive Economic Zone,,,SVDNB_npp_d20250910_t1809458_e1811100_b71879_c20250910193718573000_oeac_ops.h5,GDNBO_npp_d20250910_t1809458_e1811100_b71879_c20250910193449503000_oeac_ops.h5,SVI04_npp_d20250910_t1809458_e1811100_b71879_c20250910193726893000_oeac_ops.dspace_rad,,eez_v11.shp,WPP_BFAR_merge.shp,vbd_mpa_r20170830.shp,VNF-VBD_npp_20120301-20151231_global_asia-enhanced_c201607211230.bitmask,vbd_landsea_r20220824.mask,timezone.shp,VBD_platforms-recurring_2015_r20170330.shp,999999,VBD_bridges_c20160811.shp,8.908844;6.970024;4.655672;-0.214400;1.955167;4.018827,96.765038;110.596878;124.199928;123.046227;109.474426;95.761597,npp_d20250910_t1809458_e1811100_b71879;npp_d20250910_t1811112_e1812354_b71879;npp_d20250910_t1812366_e1814008_b71879;npp_d20250910_t1814020_e1815262_b71879,161.526,49.7925,59.0496,97.6917,23.3079,70.6354
138,VBD_npp_d20250910_t1810039_x1007452E_y072856N_l0169_s0607_v23,2025-09-10 20:24:38,7.285617,100.745201,11.2515,2025-09-10 18:10:03,2025-09-11 01:10:03,169,607,0.388689,2,2465,0.337835,0.320248,0.612462,0.4,0.710212,0.75,0.0837732,0.0001,2.33717e-09,999999,-5.582148e-01,3,Thailand Exclusive Economic Zone,,,SVDNB_npp_d20250910_t1809458_e1811100_b71879_c20250910193718573000_oeac_ops.h5,GDNBO_npp_d20250910_t1809458_e1811100_b71879_c20250910193449503000_oeac_ops.h5,SVI04_npp_d20250910_t1809458_e1811100_b71879_c20250910193726893000_oeac_ops.dspace_rad,,eez_v11.shp,WPP_BFAR_merge.shp,vbd_mpa_r20170830.shp,VNF-VBD_npp_20120301-20151231_global_asia-enhanced_c201607211230.bitmask,vbd_landsea_r20220824.mask,timezone.shp,VBD_platforms-recurring_2015_r20170330.shp,999999,VBD_bridges_c20160811.shp,8.908844;6.970024;4.655672;-0.214400;1.955167;4.018827,96.765038;110.596878;124.199928;123.046227;109.474426;95.761597,npp_d20250910_t1809458_e1811100_b71879;npp_d20250910_t1811112_e1812354_b71879;npp_d20250910_t1812366_e1814008_b71879;npp_d20250910_t1814020_e1815262_b71879,161.593,50.0657,58.9771,97.6707,23.3401,70.379
139,VBD_npp_d20250910_t1810021_x1007738E_y073948N_l0152_s0608_v23,2025-09-10 20:24:38,7.394836,100.773849,21.1488,2025-09-10 18:10:02,2025-09-11 01:10:02,152,608,0.385204,1,2529,0.70573,0.209084,0.891911,0.4,0.927396,0.75,0.0838243,0.0001,2.41838e-09,999999,1.446630e-01,3,Thailand Exclusive Economic Zone,,,SVDNB_npp_d20250910_t1809458_e1811100_b71879_c20250910193718573000_oeac_ops.h5,GDNBO_npp_d20250910_t1809458_e1811100_b71879_c20250910193449503000_oeac_ops.h5,SVI04_npp_d20250910_t1809458_e1811100_b71879_c20250910193726893000_oeac_ops.dspace_rad,,eez_v11.shp,WPP_BFAR_merge.shp,vbd_mpa_r20170830.shp,VNF-VBD_npp_20120301-20151231_global_asia-enhanced_c201607211230.bitmask,vbd_landsea_r20220824.mask,timezone.shp,VBD_platforms-recurring_2015_r20170330.shp,999999,VBD_bridges_c20160811.shp,8.908844;6.970024;4.655672;-0.214400;1.955167;4.018827,96.765038;110.596878;124.199928;123.046227;109.474426;95.761597,npp_d20250910_t1809458_e1811100_b71879;npp_d20250910_t1811112_e1812354_b71879;npp_d20250910_t1812366_e1814008_b71879;npp_d20250910_t1814020_e1815262_b71879,161.507,49.8584,58.9563,97.6952,23.2826,70.6087
140,VBD_npp_d20250910_t1810021_x1007689E_y073599N_l0157_s0608_v23,2025-09-10 20:24:38,7.359872,100.768906,12.589,2025-09-10 18:10:02,2025-09-11 01:10:02,157,608,0.381078,1,2529,0.478711,0.279332,0.8925,0.4,0.865023,0.75,0.0838107,0.0001,2.373e-09,999999,-2.995101e-01,3,Thailand Exclusive Economic Zone,,,SVDNB_npp_d20250910_t1809458_e1811100_b71879_c20250910193718573000_oeac_ops.h5,GDNBO_npp_d20250910_t1809458_e1811100_b71879_c20250910193449503000_oeac_ops.h5,SVI04_npp_d20250910_t1809458_e1811100_b71879_c20250910193726893000_oeac_ops.dspace_rad,,eez_v11.shp,WPP_BFAR_merge.shp,vbd_mpa_r20170830.shp,VNF-VBD_npp_20120301-20151231_global_asia-enhanced_c201607211230.bitmask,vbd_landsea_r20220824.mask,timezone.shp,VBD_platforms-recurring_2015_r20170330.shp,999999,VBD_bridges_c20160811.shp,8.908844;6.970024;4.655672;-0.214400;1.955167;4.018827,96.765038;110.596878;124.199928;123.046227;109.474426;95.761597,npp_d20250910_t1809458_e1811100_b71879;npp_d20250910_t1811112_e1812354_b71879;npp_d20250910_t1812366_e1814008_b71879;npp_d20250910_t1814020_e1815262_b71879,161.533,49.9283,58.9572,97.4882,23.2991,70.5339
142,VBD_npp_d20250910_t1810021_x1007868E_y073361N_l0160_s0611_v23,2025-09-10 20:24:38,7.336133,100.786842,6.82495,2025-09-10 18:10:02,2025-09-11 01:10:02,160,611,0.361731,2,2465,0.296728,0.255294,0.819348,0.4,0.729014,0.75,0.0838174,0.0001,2.4766e-09,999999,-1.475180e-01,3,Thailand Exclusive Economic Zone,,,SVDNB_npp_d20250910_t1809458_e1811100_b71879_c20250910193718573000_oeac_ops.h5,GDNBO_npp_d20250910_t1809458_e1811100_b71879_c20250910193449503000_oeac_ops.h5,SVI04_npp_d20250910_t1809458_e1811100_b71879_c20250910193726893000_oeac_ops.dspace_rad,,eez_v11.shp,WPP_BFAR_merge.shp,vbd_mpa_r20170830.shp,VNF-VBD_npp_20120301-20151231_global_asia-enhanced_c201607211230.bitmask,vbd_landsea_r20220824.mask,timezone.shp,VBD_platforms-recurring_2015_r20170330.shp,999999,VBD_bridges_c20160811.shp,8.908844;6.970024;4.655672;-0.214400;1.955167;4.018827,96.765038;110.596878;124.199928;123.046227;109.474426;95.761597,npp_d20250910_t1809458_e1811100_b71879;npp_d20250910_t1811112_e1812354_b71879;npp_d20250910_t1812366_e1814008_b71879;npp_d20250910_t1814020_e1815262_b71879,161.535,50.0193,58.8882,97.3664,23.2901,70.4692
143,VBD_npp_d20250910_t1809568_x1008702E_y077222N_l0101_s0612_v23,2025-09-10 20:24:38,7.722241,100.870247,12.2193,2025-09-10 18:09:56,2025-09-11 01:09:56,101,612,0.351986,1,2529,0.420087,0.263069,0.617741,0.4,0.762373,0.75,0.0839825,0.0001,2.74965e-09,999999,-1.966785e-01,3,Thailand Exclusive Economic Zone,,,SVDNB_npp_d20250910_t1809458_e1811100_b71879_c20250910193718573000_oeac_ops.h5,GDNBO_npp_d20250910_t1809458_e1811100_b71879_c20250910193449503000_oeac_ops.h5,SVI04_npp_d20250910_t1809458_e1811100_b71879_c20250910193726893000_oeac_ops.dspace_rad,,eez_v11.shp,WPP_BFAR_merge.shp,vbd_mpa_r20170830.shp,VNF-VBD_npp_20120301-20151231_global_asia-enhanced_c201607211230.bitmask,vbd_landsea_r20220824.mask,timezone.shp,VBD_platforms-recurring_2015_r20170330.shp,999999,VBD_bridges_c20160811.shp,8.908844;6.970024;4.655672;-0.214400;1.955167;4.018827,96.765038;110.596878;124.199928;123.046227;109.474426;95.761597,npp_d20250910_t1809458_e1811100_b71879;npp_d20250910_t1811112_e1812354_b71879;npp_d20250910_t1812366_e1814008_b71879;npp_d20250910_t1814020_e1815262_b71879,161.238,49.2702,58.859,97.7774,23.1025,71.2981
144,VBD_npp_d20250910_t1810039_x1007879E_y073367N_l0161_s0612_v23,2025-09-10 20:24:38,7.336723,100.787933,7.8248,2025-09-10 18:10:03,2025-09-11 01:10:03,161,612,0.361731,2,2209,0.29445,0.283611,0.819348,0.4,0.716849,0.75,0.0838196,0.0001,2.6361e-09,999999,-3.265613e-01,3,Thailand Exclusive Economic Zone,,,SVDNB_npp_d20250910_t1809458_e1811100_b71879_c20250910193718573000_oeac_ops.h5,GDNBO_npp_d20250910_t1809458_e1811100_b71879_c20250910193449503000_oeac_ops.h5,SVI04_npp_d20250910_t1809458_e1811100_b71879_c20250910193726893000_oeac_ops.dspace_rad,,eez_v11.shp,WPP_BFAR_merge.shp,vbd_mpa_r20170830.shp,VNF-VBD_npp_20120301-20151231_global_asia-enhanced_c201607211230.bitmask,vbd_landsea_r20220824.mask,timezone.shp,VBD_platforms-recurring_2015_r20170330.shp,999999,VBD_bridges_c20160811.shp,8.908844;6.970024;4.655672;-0.214400;1.955167;4.018827,96.765038;110.596878;124.199928;123.046227;109.474426;95.761597,npp_d20250910_t1809458_e1811100_b71879;npp_d20250910_t1811112_e1812354_b71879;npp_d20250910_t1812366_e1814008_b71879;npp_d20250910_t1814020_e1815262_b71879,161.528,50.0352,58.8602,98.0065,23.2821,70.4647
145,VBD_npp_d20250910_t1810021_x1008057E_y073692N_l0155_s0613_v23,2025-09-10 20:24:38,7.369176,100.805695,41.5561,2025-09-10 18:10:02,2025-09-11 01:10:02,155,613,0.387053,1,2529,0.945592,0.207205,0.887492,0.4,0.964148,0.75,0.0838408,0.0001,2.61696e-09,999999,1.565398e-01,3,Thailand Exclusive Economic Zone,,,SVDNB_npp_d20250910_t1809458_e1811100_b71879_c20250910193718573000_oeac_ops.h5,GDNBO_npp_d20250910_t1809458_e1811100_b71879_c20250910193449503000_oeac_ops.h5,SVI04_npp_d20250910_t1809458_e1811100_b71879_c20250910193726893000_oeac_ops.dspace_rad,,eez_v11.shp,WPP_BFAR_merge.shp,vbd_mpa_r20170830.shp,VNF-VBD_npp_20120301-20151231_global_asia-enhanced_c201607211230.bitmask,vbd_landsea_r20220824.mask,timezone.shp,VBD_platforms-recurring_2015_r20170330.shp,999999,VBD_bridges_c20160811.shp,8.908844;6.970024;4.655672;-0.214400;1.955167;4.018827,96.765038;110.596878;124.199928;123.046227;109.474426;95.761597,npp_d20250910_t1809458_e1811100_b71879;npp_d20250910_t1811112_e1812354_b71879;npp_d20250910_t1812366_e1814008_b71879;npp_d20250910_t1814020_e1815262_b71879,161.499,49.9819,58.8405,97.5753,23.261,70.5306
146,VBD_npp_d20250910_t1810021_x1009675E_y073685N_l0152_s0636_v23,2025-09-10 20:24:38,7.368481,100.967499,37.4695,2025-09-10 18:10:02,2025-09-11 01:10:02,152,636,0.382572,1,2529,0.907466,0.229016,0.898791,0.4,0.95035,0.75,0.0839626,0.0001,3.98488e-09,999999,1.863048e-02,3,Thailand Exclusive Economic Zone,,,SVDNB_npp_d20250910_t1809458_e1811100_b71879_c20250910193718573000_oeac_ops.h5,GDNBO_npp_d20250910_t1809458_e1811100_b71879_c20250910193449503000_oeac_ops.h5,SVI04_npp_d20250910_t1809458_e1811100_b71879_c20250910193726893000_oeac_ops.dspace_rad,,eez_v11.shp,WPP_BFAR_merge.shp,vbd_mpa_r20170830.shp,VNF-VBD_npp_20120301-20151231_global_asia-enhanced_c201607211230.bitmask,vbd_landsea_r20220824.mask,timezone.shp,VBD_platforms-recurring_2015_r20170330.shp,999999,VBD_bridges_c20160811.shp,8.908844;6.970024;4.655672;-0.214400;1.955167;4.018827,96.765038;110.596878;124.199928;123.046227;109.474426;95.761597,npp_d20250910_t1809458_e1811100_b71879;npp_d20250910_t1811112_e1812354_b71879;npp_d20250910_t1812366_e1814008_b71879;npp_d20250910_t1814020_e1815262_b71879,161.376,50.3105,58.3034,97.7197,23.1075,70.4221
147,VBD_npp_d20250910_t1810057_x1009341E_y071744N_l0182_s0637_v23,2025-09-10 20:24:38,7.174366,100.934067,43.5277,2025-09-10 18:10:05,2025-09-11 01:10:05,182,637,0.271252,1,2529,0.745563,0.273125,0.707188,0.4,0.880665,0.75,0.0838861,0.0001,3.98143e-09,999999,-2.602626e-01,3,Thailand Exclusive Economic Zone,,,SVDNB_npp_d20250910_t1809458_e1811100_b71879_c20250910193718573000_oeac_ops.h5,GDNBO_npp_d20250910_t1809458_e1811100_b71879_c20250910193449503000_oeac_ops.h5,SVI04_npp_d20250910_t1809458_e1811100_b71879_c20250910193726893000_oeac_ops.dspace_rad,,eez_v11.shp,WPP_BFAR_merge.shp,vbd_mpa_r20170830.shp,VNF-VBD_npp_20120301-20151231_global_asia-enhanced_c201607211230.bitmask,vbd_landsea_r20220824.mask,timezone.shp,VBD_platforms-recurring_2015_r20170330.shp,999999,VBD_bridges_c20160811.shp,8.908844;6.970024;4.655672;-0.214400;1.955167;4.018827,96.765038;110.596878;124.199928;123.046227;109.474426;95.761597,npp_d20250910_t1809458_e1811100_b71879;npp_d20250910_t1811112_e1812354_b71879;npp_d20250910_t1812366_e1814008_b71879;npp_d20250910_t1814020_e1815262_b71879,161.514,50.7195,58.2767,97.8351,23.1925,69.999
148,VBD_npp_d20250910_t1810003_x1009984E_y074358N_l0141_s0638_v23,2025-09-10 20:24:38,7.435755,100.998352,16.5631,2025-09-10 18:10:00,2025-09-11 01:10:00,141,638,0.386413,1,2529,0.595077,0.213464,0.865124,0.4,0.861477,0.75,0.0840023,0.0001,4.1146e-09,999999,1.169667e-01,3,Thailand Exclusive Economic Zone,,,SVDNB_npp_d20250910_t1809458_e1811100_b71879_c20250910193718573000_oeac_ops.h5,GDNBO_npp_d20250910_t1809458_e1811100_b71879_c20250910193449503000_oeac_ops.h5,SVI04_npp_d20250910_t1809458_e1811100_b71879_c20250910193726893000_oeac_ops.dspace_rad,,eez_v11.shp,WPP_BFAR_merge.shp,vbd_mpa_r20170830.shp,VNF-VBD_npp_20120301-20151231_global_asia-enhanced_c201607211230.bitmask,vbd_landsea_r20220824.mask,timezone.shp,VBD_platforms-recurring_2015_r20170330.shp,999999,VBD_bridges_c20160811.shp,8.908844;6.970024;4.655672;-0.214400;1.955167;4.018827,96.765038;110.596878;124.199928;123.046227;109.474426;95.761597,npp_d20250910_t1809458_e1811100_b71879;npp_d20250910_t1811112_e1812354_b71879;npp_d20250910_t1812366_e1814008_b71879;npp_d20250910_t1814020_e1815262_b71879,161.316,50.2042,58.2559,97.4988,23.0621,70.5584
149,VBD_npp_d20250910_t1810057_x1009313E_y071044N_l0192_s0638_v23,2025-09-10 20:24:38,7.104449,100.931328,18.7541,2025-09-10 18:10:05,2025-09-11 01:10:05,192,638,0.374819,1,2529,0.502506,0.25283,0.739404,0.4,0.827066,0.75,0.0838638,0.0001,3.90402e-09,999999,-1.319365e-01,3,Thailand Exclusive Economic Zone,,,SVDNB_npp_d20250910_t1809458_e1811100_b71879_c20250910193718573000_oeac_ops.h5,GDNBO_npp_d20250910_t1809458_e1811100_b71879_c20250910193449503000_oeac_ops.h5,SVI04_npp_d20250910_t1809458_e1811100_b71879_c20250910193726893000_oeac_ops.dspace_rad,,eez_v11.shp,WPP_BFAR_merge.shp,vbd_mpa_r20170830.shp,VNF-VBD_npp_20120301-20151231_global_asia-enhanced_c201607211230.bitmask,vbd_landsea_r20220824.mask,timezone.shp,VBD_platforms-recurring_2015_r20170330.shp,999999,VBD_bridges_c20160811.shp,8.908844;6.970024;4.655672;-0.214400;1.955167;4.018827,96.765038;110.596878;124.199928;123.046227;109.474426;95.761597,npp_d20250910_t1809458_e1811100_b71879;npp_d20250910_t1811112_e1812354_b71879;npp_d20250910_t1812366_e1814008_b71879;npp_d20250910_t1814020_e1815262_b71879,161.56,50.8763,58.2544,97.4187,23.2195,69.8448
151,VBD_npp_d20250910_t1810021_x1009945E_y074069N_l0146_s0639_v23,2025-09-10 20:24:38,7.406939,100.994545,9.05066,2025-09-10 18:10:02,2025-09-11 01:10:02,146,639,0.393028,1,2529,0.373452,0.208286,0.886464,0.4,0.806672,0.75,0.0839937,0.0001,4.29997e-09,999999,1.497030e-01,3,Thailand Exclusive Economic Zone,,,SVDNB_npp_d20250910_t1809458_e1811100_b71879_c20250910193718573000_oeac_ops.h5,GDNBO_npp_d20250910_t1809458_e1811100_b71879_c20250910193449503000_oeac_ops.h5,SVI04_npp_d20250910_t1809458_e1811100_b71879_c20250910193726893000_oeac_ops.dspace_rad,,eez_v11.shp,WPP_BFAR_merge.shp,vbd_mpa_r20170830.shp,VNF-VBD_npp_20120301-20151231_global_asia-enhanced_c201607211230.bitmask,vbd_landsea_r20220824.mask,timezone.shp,VBD_platforms-recurring_2015_r20170330.shp,999999,VBD_bridges_c20160811.shp,8.908844;6.970024;4.655672;-0.214400;1.955167;4.018827,96.765038;110.596878;124.199928;123.046227;109.474426;95.761597,npp_d20250910_t1809458_e1811100_b71879;npp_d20250910_t1811112_e1812354_b71879;npp_d20250910_t1812366_e1814008_b71879;npp_d20250910_t1814020_e1815262_b71879,161.331,50.277,58.2306,97.9728,23.0688,70.4908
152,VBD_npp_d20250910_t1810021_x1009819E_y073173N_l0159_s0639_v23,2025-09-10 20:24:38,7.317349,100.981857,8.1329,2025-09-10 18:10:02,2025-09-11 01:10:02,159,639,0.362584,2,2465,0.306549,0.300292,0.764754,0.4,0.730057,0.75,0.0839584,0.0001,4.09983e-09,999999,-4.320351e-01,3,Thailand Exclusive Economic Zone,,,SVDNB_npp_d20250910_t1809458_e1811100_b71879_c20250910193718573000_oeac_ops.h5,GDNBO_npp_d20250910_t1809458_e1811100_b71879_c20250910193449503000_oeac_ops.h5,SVI04_npp_d20250910_t1809458_e1811100_b71879_c20250910193726893000_oeac_ops.dspace_rad,,eez_v11.shp,WPP_BFAR_merge.shp,vbd_mpa_r20170830.shp,VNF-VBD_npp_20120301-20151231_global_asia-enhanced_c201607211230.bitmask,vbd_landsea_r20220824.mask,timezone.shp,VBD_platforms-recurring_2015_r20170330.shp,999999,VBD_bridges_c20160811.shp,8.908844;6.970024;4.655672;-0.214400;1.955167;4.018827,96.765038;110.596878;124.199928;123.046227;109.474426;95.761597,npp_d20250910_t1809458_e1811100_b71879;npp_d20250910_t1811112_e1812354_b71879;npp_d20250910_t1812366_e1814008_b71879;npp_d20250910_t1814020_e1815262_b71879,161.398,50.4562,58.2323,97.4302,23.1114,70.2975
153,VBD_npp_d20250910_t1810074_x1009307E_y071038N_l0193_s0639_v23,2025-09-10 20:24:38,7.103791,100.930656,22.2092,2025-09-10 18:10:07,2025-09-11 01:10:07,193,639,0.348002,1,2529,0.622002,0.26212,0.745585,0.4,0.872154,0.75,0.0838661,0.0001,4.13782e-09,999999,-1.906788e-01,3,Thailand Exclusive Economic Zone,,,SVDNB_npp_d20250910_t1809458_e1811100_b71879_c20250910193718573000_oeac_ops.h5,GDNBO_npp_d20250910_t1809458_e1811100_b71879_c20250910193449503000_oeac_ops.h5,SVI04_npp_d20250910_t1809458_e1811100_b71879_c20250910193726893000_oeac_ops.dspace_rad,,eez_v11.shp,WPP_BFAR_merge.shp,vbd_mpa_r20170830.shp,VNF-VBD_npp_20120301-20151231_global_asia-enhanced_c201607211230.bitmask,vbd_landsea_r20220824.mask,timezone.shp,VBD_platforms-recurring_2015_r20170330.shp,999999,VBD_bridges_c20160811.shp,8.908844;6.970024;4.655672;-0.214400;1.955167;4.018827,96.765038;110.596878;124.199928;123.046227;109.474426;95.761597,npp_d20250910_t1809458_e1811100_b71879;npp_d20250910_t1811112_e1812354_b71879;npp_d20250910_t1812366_e1814008_b71879;npp_d20250910_t1814020_e1815262_b71879,161.556,50.8913,58.2312,98.0623,23.2137,69.8385
154,VBD_npp_d20250910_t1810021_x1009977E_y073784N_l0150_s0640_v23,2025-09-10 20:24:38,7.378401,100.997719,15.6647,2025-09-10 18:10:02,2025-09-11 01:10:02,150,640,0.384492,8,18913,0.570296,0.202976,0.899603,0.4,0.877407,0.75,0.0839878,0.0001,4.3157e-09,999999,1.832778e-01,3,Thailand Exclusive Economic Zone,,,SVDNB_npp_d20250910_t1809458_e1811100_b71879_c20250910193718573000_oeac_ops.h5,GDNBO_npp_d20250910_t1809458_e1811100_b71879_c20250910193449503000_oeac_ops.h5,SVI04_npp_d20250910_t1809458_e1811100_b71879_c20250910193726893000_oeac_ops.dspace_rad,,eez_v11.shp,WPP_BFAR_merge.shp,vbd_mpa_r20170830.shp,VNF-VBD_npp_20120301-20151231_global_asia-enhanced_c201607211230.bitmask,vbd_landsea_r20220824.mask,timezone.shp,VBD_platforms-recurring_2015_r20170330.shp,0.716112,VBD_bridges_c20160811.shp,8.908844;6.970024;4.655672;-0.214400;1.955167;4.018827,96.765038;110.596878;124.199928;123.046227;109.474426;95.761597,npp_d20250910_t1809458_e1811100_b71879;npp_d20250910_t1811112_e1812354_b71879;npp_d20250910_t1812366_e1814008_b71879;npp_d20250910_t1814020_e1815262_b71879,161.347,50.3484,58.2066,97.8067,23.0754,70.4244
155,VBD_npp_d20250910_t1810003_x1010235E_y074605N_l0137_s0641_v23,2025-09-10 20:24:38,7.460459,101.023460,19.1376,2025-09-10 18:10:00,2025-09-11 01:10:00,137,641,0.388049,8,18913,0.649502,0.227325,0.870023,0.4,0.907971,0.75,0.084028,0.0001,4.40819e-09,999999,2.932641e-02,3,Thailand Exclusive Economic Zone,,,SVDNB_npp_d20250910_t1809458_e1811100_b71879_c20250910193718573000_oeac_ops.h5,GDNBO_npp_d20250910_t1809458_e1811100_b71879_c20250910193449503000_oeac_ops.h5,SVI04_npp_d20250910_t1809458_e1811100_b71879_c20250910193726893000_oeac_ops.dspace_rad,,eez_v11.shp,WPP_BFAR_merge.shp,vbd_mpa_r20170830.shp,VNF-VBD_npp_20120301-20151231_global_asia-enhanced_c201607211230.bitmask,vbd_landsea_r20220824.mask,timezone.shp,VBD_platforms-recurring_2015_r20170330.shp,0.785436,VBD_bridges_c20160811.shp,8.908844;6.970024;4.655672;-0.214400;1.955167;4.018827,96.765038;110.596878;124.199928;123.046227;109.474426;95.761597,npp_d20250910_t1809458_e1811100_b71879;npp_d20250910_t1811112_e1812354_b71879;npp_d20250910_t1812366_e1814008_b71879;npp_d20250910_t1814020_e1815262_b71879,161.281,50.1985,58.1827,97.6684,23.0299,70.5976
156,VBD_npp_d20250910_t1810003_x1010256E_y074251N_l0142_s0642_v23,2025-09-10 20:24:38,7.425096,101.025627,9.16782,2025-09-10 18:10:00,2025-09-11 01:10:00,142,642,0.392032,1,2529,0.363003,0.256859,0.879395,0.4,0.758538,0.75,0.0840194,0.0001,4.40697e-09,999999,-1.574140e-01,3,Thailand Exclusive Economic Zone,,,SVDNB_npp_d20250910_t1809458_e1811100_b71879_c20250910193718573000_oeac_ops.h5,GDNBO_npp_d20250910_t1809458_e1811100_b71879_c20250910193449503000_oeac_ops.h5,SVI04_npp_d20250910_t1809458_e1811100_b71879_c20250910193726893000_oeac_ops.dspace_rad,,eez_v11.shp,WPP_BFAR_merge.shp,vbd_mpa_r20170830.shp,VNF-VBD_npp_20120301-20151231_global_asia-enhanced_c201607211230.bitmask,vbd_landsea_r20220824.mask,timezone.shp,VBD_platforms-recurring_2015_r20170330.shp,999999,VBD_bridges_c20160811.shp,8.908844;6.970024;4.655672;-0.214400;1.955167;4.018827,96.765038;110.596878;124.199928;123.046227;109.474426;95.761597,npp_d20250910_t1809458_e1811100_b71879;npp_d20250910_t1811112_e1812354_b71879;npp_d20250910_t1812366_e1814008_b71879;npp_d20250910_t1814020_e1815262_b71879,161.302,50.2831,58.1595,97.4604,23.0398,70.5162
157,VBD_npp_d20250910_t1810021_x1010089E_y073558N_l0153_s0642_v23,2025-09-10 20:24:38,7.355820,101.008896,43.2157,2025-09-10 18:10:02,2025-09-11 01:10:02,153,642,0.389472,1,2529,0.911654,0.221193,0.901116,0.4,0.949662,0.75,0.0839895,0.0001,4.42556e-09,999999,6.809733e-02,3,Thailand Exclusive Economic Zone,,,SVDNB_npp_d20250910_t1809458_e1811100_b71879_c20250910193718573000_oeac_ops.h5,GDNBO_npp_d20250910_t1809458_e1811100_b71879_c20250910193449503000_oeac_ops.h5,SVI04_npp_d20250910_t1809458_e1811100_b71879_c20250910193726893000_oeac_ops.dspace_rad,,eez_v11.shp,WPP_BFAR_merge.shp,vbd_mpa_r20170830.shp,VNF-VBD_npp_20120301-20151231_global_asia-enhanced_c201607211230.bitmask,vbd_landsea_r20220824.mask,timezone.shp,VBD_platforms-recurring_2015_r20170330.shp,999999,VBD_bridges_c20160811.shp,8.908844;6.970024;4.655672;-0.214400;1.955167;4.018827,96.765038;110.596878;124.199928;123.046227;109.474426;95.761597,npp_d20250910_t1809458_e1811100_b71879;npp_d20250910_t1811112_e1812354_b71879;npp_d20250910_t1812366_e1814008_b71879;npp_d20250910_t1814020_e1815262_b71879,161.353,50.4223,58.1587,97.6832,23.0725,70.366
158,VBD_npp_d20250910_t1810021_x1010220E_y073470N_l0154_s0644_v23,2025-09-10 20:24:38,7.347031,101.021996,8.74841,2025-09-10 18:10:02,2025-09-11 01:10:02,154,644,0.380651,7,2465,0.30615,0.224233,0.878123,0.4,0.692885,0.75,0.0839967,0.0001,4.57098e-09,999999,4.887290e-02,3,,,,SVDNB_npp_d20250910_t1809458_e1811100_b71879_c20250910193718573000_oeac_ops.h5,GDNBO_npp_d20250910_t1809458_e1811100_b71879_c20250910193449503000_oeac_ops.h5,SVI04_npp_d20250910_t1809458_e1811100_b71879_c20250910193726893000_oeac_ops.dspace_rad,,eez_v11.shp,WPP_BFAR_merge.shp,vbd_mpa_r20170830.shp,VNF-VBD_npp_20120301-20151231_global_asia-enhanced_c201607211230.bitmask,vbd_landsea_r20220824.mask,timezone.shp,VBD_platforms-recurring_2015_r20170330.shp,999999,VBD_bridges_c20160811.shp,8.908844;6.970024;4.655672;-0.214400;1.955167;4.018827,96.765038;110.596878;124.199928;123.046227;109.474426;95.761597,npp_d20250910_t1809458_e1811100_b71879;npp_d20250910_t1811112_e1812354_b71879;npp_d20250910_t1812366_e1814008_b71879;npp_d20250910_t1814020_e1815262_b71879,161.348,50.4686,58.1106,97.6432,23.0631,70.3374
159,VBD_npp_d20250910_t1810074_x1009649E_y070920N_l0194_s0644_v23,2025-09-10 20:24:38,7.091961,100.964890,6.70586,2025-09-10 18:10:07,2025-09-11 01:10:07,194,644,0.382074,7,2209,0.263396,0.246185,0.689949,0.4,0.634649,0.75,0.0838879,0.0001,4.5122e-09,999999,-8.992445e-02,3,,,,SVDNB_npp_d20250910_t1809458_e1811100_b71879_c20250910193718573000_oeac_ops.h5,GDNBO_npp_d20250910_t1809458_e1811100_b71879_c20250910193449503000_oeac_ops.h5,SVI04_npp_d20250910_t1809458_e1811100_b71879_c20250910193726893000_oeac_ops.dspace_rad,,eez_v11.shp,WPP_BFAR_merge.shp,vbd_mpa_r20170830.shp,VNF-VBD_npp_20120301-20151231_global_asia-enhanced_c201607211230.bitmask,vbd_landsea_r20220824.mask,timezone.shp,VBD_platforms-recurring_2015_r20170330.shp,999999,VBD_bridges_c20160811.shp,8.908844;6.970024;4.655672;-0.214400;1.955167;4.018827,96.765038;110.596878;124.199928;123.046227;109.474426;95.761597,npp_d20250910_t1809458_e1811100_b71879;npp_d20250910_t1811112_e1812354_b71879;npp_d20250910_t1812366_e1814008_b71879;npp_d20250910_t1814020_e1815262_b71879,161.537,50.9872,58.1104,98.0252,23.1854,69.7885
160,VBD_npp_d20250910_t1810003_x1010518E_y074076N_l0144_s0646_v23,2025-09-10 20:24:38,7.407612,101.051788,41.3541,2025-09-10 18:10:00,2025-09-11 01:10:00,144,646,0.357463,1,2529,0.81154,0.253091,0.874538,0.4,0.842944,0.75,0.0840337,0.0001,4.7004e-09,999999,-1.335870e-01,3,Thailand Exclusive Economic Zone,,,SVDNB_npp_d20250910_t1809458_e1811100_b71879_c20250910193718573000_oeac_ops.h5,GDNBO_npp_d20250910_t1809458_e1811100_b71879_c20250910193449503000_oeac_ops.h5,SVI04_npp_d20250910_t1809458_e1811100_b71879_c20250910193726893000_oeac_ops.dspace_rad,,eez_v11.shp,WPP_BFAR_merge.shp,vbd_mpa_r20170830.shp,VNF-VBD_npp_20120301-20151231_global_asia-enhanced_c201607211230.bitmask,vbd_landsea_r20220824.mask,timezone.shp,VBD_platforms-recurring_2015_r20170330.shp,999999,VBD_bridges_c20160811.shp,8.908844;6.970024;4.655672;-0.214400;1.955167;4.018827,96.765038;110.596878;124.199928;123.046227;109.474426;95.761597,npp_d20250910_t1809458_e1811100_b71879;npp_d20250910_t1811112_e1812354_b71879;npp_d20250910_t1812366_e1814008_b71879;npp_d20250910_t1814020_e1815262_b71879,161.293,50.3752,58.0636,97.3801,23.0209,70.4593
161,VBD_npp_d20250910_t1810021_x1010419E_y073863N_l0148_s0646_v23,2025-09-10 20:24:38,7.386340,101.041855,11.3045,2025-09-10 18:10:02,2025-09-11 01:10:02,148,646,0.384279,1,2529,0.447496,0.250316,0.884328,0.4,0.82242,0.75,0.0840228,0.0001,4.84214e-09,999999,-1.160433e-01,3,Thailand Exclusive Economic Zone,,,SVDNB_npp_d20250910_t1809458_e1811100_b71879_c20250910193718573000_oeac_ops.h5,GDNBO_npp_d20250910_t1809458_e1811100_b71879_c20250910193449503000_oeac_ops.h5,SVI04_npp_d20250910_t1809458_e1811100_b71879_c20250910193726893000_oeac_ops.dspace_rad,,eez_v11.shp,WPP_BFAR_merge.shp,vbd_mpa_r20170830.shp,VNF-VBD_npp_20120301-20151231_global_asia-enhanced_c201607211230.bitmask,vbd_landsea_r20220824.mask,timezone.shp,VBD_platforms-recurring_2015_r20170330.shp,999999,VBD_bridges_c20160811.shp,8.908844;6.970024;4.655672;-0.214400;1.955167;4.018827,96.765038;110.596878;124.199928;123.046227;109.474426;95.761597,npp_d20250910_t1809458_e1811100_b71879;npp_d20250910_t1811112_e1812354_b71879;npp_d20250910_t1812366_e1814008_b71879;npp_d20250910_t1814020_e1815262_b71879,161.308,50.4186,58.0617,97.8958,23.0308,70.4128
162,VBD_npp_d20250910_t1810021_x1010450E_y073579N_l0152_s0647_v23,2025-09-10 20:24:38,7.357909,101.044975,11.4201,2025-09-10 18:10:02,2025-09-11 01:10:02,152,647,0.377237,1,2529,0.415286,0.263911,0.82004,0.4,0.799567,0.75,0.0840169,0.0001,4.85883e-09,999999,-2.020033e-01,3,Thailand Exclusive Economic Zone,,,SVDNB_npp_d20250910_t1809458_e1811100_b71879_c20250910193718573000_oeac_ops.h5,GDNBO_npp_d20250910_t1809458_e1811100_b71879_c20250910193449503000_oeac_ops.h5,SVI04_npp_d20250910_t1809458_e1811100_b71879_c20250910193726893000_oeac_ops.dspace_rad,,eez_v11.shp,WPP_BFAR_merge.shp,vbd_mpa_r20170830.shp,VNF-VBD_npp_20120301-20151231_global_asia-enhanced_c201607211230.bitmask,vbd_landsea_r20220824.mask,timezone.shp,VBD_platforms-recurring_2015_r20170330.shp,999999,VBD_bridges_c20160811.shp,8.908844;6.970024;4.655672;-0.214400;1.955167;4.018827,96.765038;110.596878;124.199928;123.046227;109.474426;95.761597,npp_d20250910_t1809458_e1811100_b71879;npp_d20250910_t1811112_e1812354_b71879;npp_d20250910_t1812366_e1814008_b71879;npp_d20250910_t1814020_e1815262_b71879,161.324,50.4897,58.038,97.7294,23.0376,70.3465
163,VBD_npp_d20250910_t1809532_x1011918E_y078492N_l0075_s0653_v23,2025-09-10 20:24:38,7.849212,101.191811,40.3998,2025-09-10 18:09:53,2025-09-11 01:09:53,75,653,0.38499,1,2529,0.984025,0.243402,0.898277,0.4,0.971806,0.75,0.0842521,0.0001,5.72602e-09,999999,-7.232652e-02,3,Thailand Exclusive Economic Zone,,,SVDNB_npp_d20250910_t1809458_e1811100_b71879_c20250910193718573000_oeac_ops.h5,GDNBO_npp_d20250910_t1809458_e1811100_b71879_c20250910193449503000_oeac_ops.h5,SVI04_npp_d20250910_t1809458_e1811100_b71879_c20250910193726893000_oeac_ops.dspace_rad,,eez_v11.shp,WPP_BFAR_merge.shp,vbd_mpa_r20170830.shp,VNF-VBD_npp_20120301-20151231_global_asia-enhanced_c201607211230.bitmask,vbd_landsea_r20220824.mask,timezone.shp,VBD_platforms-recurring_2015_r20170330.shp,999999,VBD_bridges_c20160811.shp,8.908844;6.970024;4.655672;-0.214400;1.955167;4.018827,96.765038;110.596878;124.199928;123.046227;109.474426;95.761597,npp_d20250910_t1809458_e1811100_b71879;npp_d20250910_t1811112_e1812354_b71879;npp_d20250910_t1812366_e1814008_b71879;npp_d20250910_t1814020_e1815262_b71879,160.925,49.6069,57.8931,97.5343,22.768,71.3956
164,VBD_npp_d20250910_t1810039_x1010622E_y072216N_l0172_s0653_v23,2025-09-10 20:24:38,7.221550,101.062172,21.9513,2025-09-10 18:10:03,2025-09-11 01:10:03,172,653,0.345584,1,2529,0.575369,0.257031,0.72665,0.4,0.8187,0.75,0.0839922,0.0001,5.2651e-09,999999,-1.585020e-01,3,Thailand Exclusive Economic Zone,,,SVDNB_npp_d20250910_t1809458_e1811100_b71879_c20250910193718573000_oeac_ops.h5,GDNBO_npp_d20250910_t1809458_e1811100_b71879_c20250910193449503000_oeac_ops.h5,SVI04_npp_d20250910_t1809458_e1811100_b71879_c20250910193726893000_oeac_ops.dspace_rad,,eez_v11.shp,WPP_BFAR_merge.shp,vbd_mpa_r20170830.shp,VNF-VBD_npp_20120301-20151231_global_asia-enhanced_c201607211230.bitmask,vbd_landsea_r20220824.mask,timezone.shp,VBD_platforms-recurring_2015_r20170330.shp,999999,VBD_bridges_c20160811.shp,8.908844;6.970024;4.655672;-0.214400;1.955167;4.018827,96.765038;110.596878;124.199928;123.046227;109.474426;95.761597,npp_d20250910_t1809458_e1811100_b71879;npp_d20250910_t1811112_e1812354_b71879;npp_d20250910_t1812366_e1814008_b71879;npp_d20250910_t1814020_e1815262_b71879,161.391,50.8513,57.8916,97.5843,23.0615,70.0224
165,VBD_npp_d20250910_t1809550_x1011989E_y077974N_l0083_s0656_v23,2025-09-10 20:24:38,7.797356,101.198906,74.653,2025-09-10 18:09:55,2025-09-11 01:09:55,83,656,0.388262,8,18913,1.14024,0.229849,0.893057,0.4,0.957368,0.75,0.0842465,0.0001,6.12425e-09,999999,1.336628e-02,3,Thailand Exclusive Economic Zone,,,SVDNB_npp_d20250910_t1809458_e1811100_b71879_c20250910193718573000_oeac_ops.h5,GDNBO_npp_d20250910_t1809458_e1811100_b71879_c20250910193449503000_oeac_ops.h5,SVI04_npp_d20250910_t1809458_e1811100_b71879_c20250910193726893000_oeac_ops.dspace_rad,,eez_v11.shp,WPP_BFAR_merge.shp,vbd_mpa_r20170830.shp,VNF-VBD_npp_20120301-20151231_global_asia-enhanced_c201607211230.bitmask,vbd_landsea_r20220824.mask,timezone.shp,VBD_platforms-recurring_2015_r20170330.shp,0.815305,VBD_bridges_c20160811.shp,8.908844;6.970024;4.655672;-0.214400;1.955167;4.018827,96.765038;110.596878;124.199928;123.046227;109.474426;95.761597,npp_d20250910_t1809458_e1811100_b71879;npp_d20250910_t1811112_e1812354_b71879;npp_d20250910_t1812366_e1814008_b71879;npp_d20250910_t1814020_e1815262_b71879,160.948,49.7502,57.82,97.8861,22.7714,71.2669
166,VBD_npp_d20250910_t1809568_x1012492E_y076496N_l0104_s0667_v23,2025-09-10 20:24:38,7.649550,101.249237,17.3843,2025-09-10 18:09:56,2025-09-11 01:09:56,104,667,0.326307,8,18913,0.491199,0.27416,0.782927,0.4,0.751116,0.75,0.084246,0.0001,7.2129e-09,999999,-2.668064e-01,3,Thailand Exclusive Economic Zone,,,SVDNB_npp_d20250910_t1809458_e1811100_b71879_c20250910193718573000_oeac_ops.h5,GDNBO_npp_d20250910_t1809458_e1811100_b71879_c20250910193449503000_oeac_ops.h5,SVI04_npp_d20250910_t1809458_e1811100_b71879_c20250910193726893000_oeac_ops.dspace_rad,,eez_v11.shp,WPP_BFAR_merge.shp,vbd_mpa_r20170830.shp,VNF-VBD_npp_20120301-20151231_global_asia-enhanced_c201607211230.bitmask,vbd_landsea_r20220824.mask,timezone.shp,VBD_platforms-recurring_2015_r20170330.shp,0.421828,VBD_bridges_c20160811.shp,8.908844;6.970024;4.655672;-0.214400;1.955167;4.018827,96.765038;110.596878;124.199928;123.046227;109.474426;95.761597,npp_d20250910_t1809458_e1811100_b71879;npp_d20250910_t1811112_e1812354_b71879;npp_d20250910_t1812366_e1814008_b71879;npp_d20250910_t1814020_e1815262_b71879,160.999,50.1928,57.5538,97.7032,22.7653,70.89
167,VBD_npp_d20250910_t1809568_x1012697E_y076468N_l0104_s0670_v23,2025-09-10 20:24:38,7.646765,101.269722,22.1046,2025-09-10 18:09:56,2025-09-11 01:09:56,104,670,0.363864,1,2529,0.654135,0.32627,0.782927,0.4,0.896077,0.75,0.0842608,0.0001,7.59563e-09,999999,-5.962897e-01,3,Thailand Exclusive Economic Zone,,,SVDNB_npp_d20250910_t1809458_e1811100_b71879_c20250910193718573000_oeac_ops.h5,GDNBO_npp_d20250910_t1809458_e1811100_b71879_c20250910193449503000_oeac_ops.h5,SVI04_npp_d20250910_t1809458_e1811100_b71879_c20250910193726893000_oeac_ops.dspace_rad,,eez_v11.shp,WPP_BFAR_merge.shp,vbd_mpa_r20170830.shp,VNF-VBD_npp_20120301-20151231_global_asia-enhanced_c201607211230.bitmask,vbd_landsea_r20220824.mask,timezone.shp,VBD_platforms-recurring_2015_r20170330.shp,999999,VBD_bridges_c20160811.shp,8.908844;6.970024;4.655672;-0.214400;1.955167;4.018827,96.765038;110.596878;124.199928;123.046227;109.474426;95.761597,npp_d20250910_t1809458_e1811100_b71879;npp_d20250910_t1811112_e1812354_b71879;npp_d20250910_t1812366_e1814008_b71879;npp_d20250910_t1814020_e1815262_b71879,160.985,50.2395,57.4821,97.7059,22.7468,70.8701
168,VBD_npp_d20250910_t1809532_x1014019E_y077990N_l0078_s0684_v23,2025-09-10 20:24:38,7.799000,101.401863,15.9333,2025-09-10 18:09:53,2025-09-11 01:09:53,78,684,0.372542,1,2529,0.497175,0.271552,0.68665,0.4,0.7733,0.75,0.0843976,0.0001,9.69071e-09,999999,-2.503138e-01,3,Thailand Exclusive Economic Zone,,,SVDNB_npp_d20250910_t1809458_e1811100_b71879_c20250910193718573000_oeac_ops.h5,GDNBO_npp_d20250910_t1809458_e1811100_b71879_c20250910193449503000_oeac_ops.h5,SVI04_npp_d20250910_t1809458_e1811100_b71879_c20250910193726893000_oeac_ops.dspace_rad,,eez_v11.shp,WPP_BFAR_merge.shp,vbd_mpa_r20170830.shp,VNF-VBD_npp_20120301-20151231_global_asia-enhanced_c201607211230.bitmask,vbd_landsea_r20220824.mask,timezone.shp,VBD_platforms-recurring_2015_r20170330.shp,999999,VBD_bridges_c20160811.shp,8.908844;6.970024;4.655672;-0.214400;1.955167;4.018827,96.765038;110.596878;124.199928;123.046227;109.474426;95.761597,npp_d20250910_t1809458_e1811100_b71879;npp_d20250910_t1811112_e1812354_b71879;npp_d20250910_t1812366_e1814008_b71879;npp_d20250910_t1814020_e1815262_b71879,160.798,50.1326,57.1486,97.4261,22.5841,71.1451
169,VBD_npp_d20250910_t1809550_x1013974E_y077143N_l0091_s0686_v23,2025-09-10 20:24:38,7.714316,101.397385,69.6613,2025-09-10 18:09:55,2025-09-11 01:09:55,91,686,0.382003,8,18913,1.15754,0.236871,0.890575,0.4,0.963853,0.75,0.0843742,0.0001,1.00152e-08,999999,-3.103335e-02,3,Thailand Exclusive Economic Zone,,,SVDNB_npp_d20250910_t1809458_e1811100_b71879_c20250910193718573000_oeac_ops.h5,GDNBO_npp_d20250910_t1809458_e1811100_b71879_c20250910193449503000_oeac_ops.h5,SVI04_npp_d20250910_t1809458_e1811100_b71879_c20250910193726893000_oeac_ops.dspace_rad,,eez_v11.shp,WPP_BFAR_merge.shp,vbd_mpa_r20170830.shp,VNF-VBD_npp_20120301-20151231_global_asia-enhanced_c201607211230.bitmask,vbd_landsea_r20220824.mask,timezone.shp,VBD_platforms-recurring_2015_r20170330.shp,0.312242,VBD_bridges_c20160811.shp,8.908844;6.970024;4.655672;-0.214400;1.955167;4.018827,96.765038;110.596878;124.199928;123.046227;109.474426;95.761597,npp_d20250910_t1809458_e1811100_b71879;npp_d20250910_t1811112_e1812354_b71879;npp_d20250910_t1812366_e1814008_b71879;npp_d20250910_t1814020_e1815262_b71879,160.85,50.3255,57.0979,97.5727,22.6096,70.947
170,VBD_npp_d20250910_t1809479_x1015008E_y080976N_l0031_s0689_v23,2025-09-10 20:24:38,8.097609,101.500832,90.7139,2025-09-10 18:09:47,2025-09-11 01:09:47,31,689,0.384564,1,2529,0.98664,0.247626,0.777529,0.4,0.942127,0.75,0.0845424,0.0001,1.09613e-08,999999,-9.903740e-02,3,Thailand Exclusive Economic Zone,,,SVDNB_npp_d20250910_t1809458_e1811100_b71879_c20250910193718573000_oeac_ops.h5,GDNBO_npp_d20250910_t1809458_e1811100_b71879_c20250910193449503000_oeac_ops.h5,SVI04_npp_d20250910_t1809458_e1811100_b71879_c20250910193726893000_oeac_ops.dspace_rad,,eez_v11.shp,WPP_BFAR_merge.shp,vbd_mpa_r20170830.shp,VNF-VBD_npp_20120301-20151231_global_asia-enhanced_c201607211230.bitmask,vbd_landsea_r20220824.mask,timezone.shp,VBD_platforms-recurring_2015_r20170330.shp,999999,VBD_bridges_c20160811.shp,8.908844;6.970024;4.655672;-0.214400;1.955167;4.018827,96.765038;110.596878;124.199928;123.046227;109.474426;95.761597,npp_d20250910_t1809458_e1811100_b71879;npp_d20250910_t1811112_e1812354_b71879;npp_d20250910_t1812366_e1814008_b71879;npp_d20250910_t1814020_e1815262_b71879,160.548,49.6317,57.0228,97.3403,22.4136,71.7935
171,VBD_npp_d20250910_t1809550_x1014333E_y077166N_l0090_s0691_v23,2025-09-10 20:24:38,7.716598,101.433296,66.1475,2025-09-10 18:09:55,2025-09-11 01:09:55,90,691,0.385417,8,18913,1.06279,0.227153,0.875217,0.4,0.960841,0.75,0.0844014,0.0001,1.09684e-08,999999,3.041273e-02,3,Thailand Exclusive Economic Zone,,,SVDNB_npp_d20250910_t1809458_e1811100_b71879_c20250910193718573000_oeac_ops.h5,GDNBO_npp_d20250910_t1809458_e1811100_b71879_c20250910193449503000_oeac_ops.h5,SVI04_npp_d20250910_t1809458_e1811100_b71879_c20250910193726893000_oeac_ops.dspace_rad,,eez_v11.shp,WPP_BFAR_merge.shp,vbd_mpa_r20170830.shp,VNF-VBD_npp_20120301-20151231_global_asia-enhanced_c201607211230.bitmask,vbd_landsea_r20220824.mask,timezone.shp,VBD_platforms-recurring_2015_r20170330.shp,0.00867711,VBD_bridges_c20160811.shp,8.908844;6.970024;4.655672;-0.214400;1.955167;4.018827,96.765038;110.596878;124.199928;123.046227;109.474426;95.761597,npp_d20250910_t1809458_e1811100_b71879;npp_d20250910_t1811112_e1812354_b71879;npp_d20250910_t1812366_e1814008_b71879;npp_d20250910_t1814020_e1815262_b71879,160.821,50.3906,56.9736,97.6211,22.5746,70.9286
172,VBD_npp_d20250910_t1809568_x1014115E_y076062N_l0107_s0691_v23,2025-09-10 20:24:38,7.606233,101.411537,18.0407,2025-09-10 18:09:56,2025-09-11 01:09:56,107,691,0.384421,8,18913,0.649377,0.282169,0.802071,0.4,0.929687,0.75,0.0843564,0.0001,1.08115e-08,999999,-3.174461e-01,3,Thailand Exclusive Economic Zone,,,SVDNB_npp_d20250910_t1809458_e1811100_b71879_c20250910193718573000_oeac_ops.h5,GDNBO_npp_d20250910_t1809458_e1811100_b71879_c20250910193449503000_oeac_ops.h5,SVI04_npp_d20250910_t1809458_e1811100_b71879_c20250910193726893000_oeac_ops.dspace_rad,,eez_v11.shp,WPP_BFAR_merge.shp,vbd_mpa_r20170830.shp,VNF-VBD_npp_20120301-20151231_global_asia-enhanced_c201607211230.bitmask,vbd_landsea_r20220824.mask,timezone.shp,VBD_platforms-recurring_2015_r20170330.shp,0.253091,VBD_bridges_c20160811.shp,8.908844;6.970024;4.655672;-0.214400;1.955167;4.018827,96.765038;110.596878;124.199928;123.046227;109.474426;95.761597,npp_d20250910_t1809458_e1811100_b71879;npp_d20250910_t1811112_e1812354_b71879;npp_d20250910_t1812366_e1814008_b71879;npp_d20250910_t1814020_e1815262_b71879,160.903,50.608,56.971,97.5936,22.6254,70.6828
173,VBD_npp_d20250910_t1809479_x1015465E_y081697N_l0020_s0694_v23,2025-09-10 20:24:38,8.169709,101.546471,67.8909,2025-09-10 18:09:47,2025-09-11 01:09:47,20,694,0.337048,1,2529,0.937431,0.251874,0.776565,0.4,0.943954,0.75,0.0845953,0.0001,1.24051e-08,999999,-1.258941e-01,3,Thailand Exclusive Economic Zone,,,SVDNB_npp_d20250910_t1809458_e1811100_b71879_c20250910193718573000_oeac_ops.h5,GDNBO_npp_d20250910_t1809458_e1811100_b71879_c20250910193449503000_oeac_ops.h5,SVI04_npp_d20250910_t1809458_e1811100_b71879_c20250910193726893000_oeac_ops.dspace_rad,,eez_v11.shp,WPP_BFAR_merge.shp,vbd_mpa_r20170830.shp,VNF-VBD_npp_20120301-20151231_global_asia-enhanced_c201607211230.bitmask,vbd_landsea_r20220824.mask,timezone.shp,VBD_platforms-recurring_2015_r20170330.shp,999999,VBD_bridges_c20160811.shp,8.908844;6.970024;4.655672;-0.214400;1.955167;4.018827,96.765038;110.596878;124.199928;123.046227;109.474426;95.761597,npp_d20250910_t1809458_e1811100_b71879;npp_d20250910_t1811112_e1812354_b71879;npp_d20250910_t1812366_e1814008_b71879;npp_d20250910_t1814020_e1815262_b71879,160.467,49.5657,56.8969,97.8291,22.3471,71.9347
174,VBD_npp_d20250910_t1810074_x1013032E_y069466N_l0208_s0695_v23,2025-09-10 20:24:38,6.946581,101.303177,8.42422,2025-09-10 18:10:07,2025-09-11 01:10:07,208,695,0.386555,2,2465,0.309919,0.319073,0.739802,0.4,0.733443,0.75,0.0840999,0.0001,1.04619e-08,999999,-5.507868e-01,3,Thailand Exclusive Economic Zone,,,SVDNB_npp_d20250910_t1809458_e1811100_b71879_c20250910193718573000_oeac_ops.h5,GDNBO_npp_d20250910_t1809458_e1811100_b71879_c20250910193449503000_oeac_ops.h5,SVI04_npp_d20250910_t1809458_e1811100_b71879_c20250910193726893000_oeac_ops.dspace_rad,,eez_v11.shp,WPP_BFAR_merge.shp,vbd_mpa_r20170830.shp,VNF-VBD_npp_20120301-20151231_global_asia-enhanced_c201607211230.bitmask,vbd_landsea_r20220824.mask,timezone.shp,VBD_platforms-recurring_2015_r20170330.shp,999999,VBD_bridges_c20160811.shp,8.908844;6.970024;4.655672;-0.214400;1.955167;4.018827,96.765038;110.596878;124.199928;123.046227;109.474426;95.761597,npp_d20250910_t1809458_e1811100_b71879;npp_d20250910_t1811112_e1812354_b71879;npp_d20250910_t1812366_e1814008_b71879;npp_d20250910_t1814020_e1815262_b71879,161.364,51.9905,56.8775,97.4653,22.9175,69.2221
175,VBD_npp_d20250910_t1810074_x1013300E_y070352N_l0195_s0697_v23,2025-09-10 20:24:38,7.035202,101.329971,46.116,2025-09-10 18:10:07,2025-09-11 01:10:07,195,697,0.393526,1,2529,1.0057,0.216535,0.880037,0.4,0.956333,0.75,0.0841464,0.0001,1.13748e-08,999999,9.754651e-02,3,Thailand Exclusive Economic Zone,,,SVDNB_npp_d20250910_t1809458_e1811100_b71879_c20250910193718573000_oeac_ops.h5,GDNBO_npp_d20250910_t1809458_e1811100_b71879_c20250910193449503000_oeac_ops.h5,SVI04_npp_d20250910_t1809458_e1811100_b71879_c20250910193726893000_oeac_ops.dspace_rad,,eez_v11.shp,WPP_BFAR_merge.shp,vbd_mpa_r20170830.shp,VNF-VBD_npp_20120301-20151231_global_asia-enhanced_c201607211230.bitmask,vbd_landsea_r20220824.mask,timezone.shp,VBD_platforms-recurring_2015_r20170330.shp,999999,VBD_bridges_c20160811.shp,8.908844;6.970024;4.655672;-0.214400;1.955167;4.018827,96.765038;110.596878;124.199928;123.046227;109.474426;95.761597,npp_d20250910_t1809458_e1811100_b71879;npp_d20250910_t1811112_e1812354_b71879;npp_d20250910_t1812366_e1814008_b71879;npp_d20250910_t1814020_e1815262_b71879,161.289,51.836,56.8258,98.0395,22.8604,69.4028
176,VBD_npp_d20250910_t1810039_x1013742E_y071926N_l0170_s0698_v23,2025-09-10 20:24:38,7.192555,101.374214,88.4288,2025-09-10 18:10:03,2025-09-11 01:10:03,170,698,0.391606,1,2529,1.18203,0.221899,0.866417,0.4,0.956114,0.75,0.0842192,0.0001,1.16124e-08,999999,6.363088e-02,3,Thailand Exclusive Economic Zone,,,SVDNB_npp_d20250910_t1809458_e1811100_b71879_c20250910193718573000_oeac_ops.h5,GDNBO_npp_d20250910_t1809458_e1811100_b71879_c20250910193449503000_oeac_ops.h5,SVI04_npp_d20250910_t1809458_e1811100_b71879_c20250910193726893000_oeac_ops.dspace_rad,,eez_v11.shp,WPP_BFAR_merge.shp,vbd_mpa_r20170830.shp,VNF-VBD_npp_20120301-20151231_global_asia-enhanced_c201607211230.bitmask,vbd_landsea_r20220824.mask,timezone.shp,VBD_platforms-recurring_2015_r20170330.shp,999999,VBD_bridges_c20160811.shp,8.908844;6.970024;4.655672;-0.214400;1.955167;4.018827,96.765038;110.596878;124.199928;123.046227;109.474426;95.761597,npp_d20250910_t1809458_e1811100_b71879;npp_d20250910_t1811112_e1812354_b71879;npp_d20250910_t1812366_e1814008_b71879;npp_d20250910_t1814020_e1815262_b71879,161.168,51.5296,56.7985,97.7029,22.7762,69.7392
177,VBD_npp_d20250910_t1810039_x1014076E_y071809N_l0171_s0703_v23,2025-09-10 20:24:38,7.180907,101.407646,33.6322,2025-09-10 18:10:03,2025-09-11 01:10:03,171,703,0.389472,1,2529,0.790421,0.231327,0.863627,0.4,0.919604,0.75,0.0842402,0.0001,1.26104e-08,999999,4.023918e-03,3,Thailand Exclusive Economic Zone,,,SVDNB_npp_d20250910_t1809458_e1811100_b71879_c20250910193718573000_oeac_ops.h5,GDNBO_npp_d20250910_t1809458_e1811100_b71879_c20250910193449503000_oeac_ops.h5,SVI04_npp_d20250910_t1809458_e1811100_b71879_c20250910193726893000_oeac_ops.dspace_rad,,eez_v11.shp,WPP_BFAR_merge.shp,vbd_mpa_r20170830.shp,VNF-VBD_npp_20120301-20151231_global_asia-enhanced_c201607211230.bitmask,vbd_landsea_r20220824.mask,timezone.shp,VBD_platforms-recurring_2015_r20170330.shp,999999,VBD_bridges_c20160811.shp,8.908844;6.970024;4.655672;-0.214400;1.955167;4.018827,96.765038;110.596878;124.199928;123.046227;109.474426;95.761597,npp_d20250910_t1809458_e1811100_b71879;npp_d20250910_t1811112_e1812354_b71879;npp_d20250910_t1812366_e1814008_b71879;npp_d20250910_t1814020_e1815262_b71879,161.15,51.6209,56.6749,97.6628,22.7487,69.6889
178,VBD_npp_d20250910_t1810092_x1013414E_y068702N_l0219_s0703_v23,2025-09-10 20:24:38,6.870165,101.341438,20.9987,2025-09-10 18:10:09,2025-09-11 01:10:09,219,703,0.346651,2,2465,0.342527,0.292723,0.774425,0.4,0.724012,0.75,0.0841063,0.0001,1.20722e-08,999999,-3.841783e-01,1,,,,SVDNB_npp_d20250910_t1809458_e1811100_b71879_c20250910193718573000_oeac_ops.h5,GDNBO_npp_d20250910_t1809458_e1811100_b71879_c20250910193449503000_oeac_ops.h5,SVI04_npp_d20250910_t1809458_e1811100_b71879_c20250910193726893000_oeac_ops.dspace_rad,,eez_v11.shp,WPP_BFAR_merge.shp,vbd_mpa_r20170830.shp,VNF-VBD_npp_20120301-20151231_global_asia-enhanced_c201607211230.bitmask,vbd_landsea_r20220824.mask,timezone.shp,VBD_platforms-recurring_2015_r20170330.shp,999999,VBD_bridges_c20160811.shp,8.908844;6.970024;4.655672;-0.214400;1.955167;4.018827,96.765038;110.596878;124.199928;123.046227;109.474426;95.761597,npp_d20250910_t1809458_e1811100_b71879;npp_d20250910_t1811112_e1812354_b71879;npp_d20250910_t1812366_e1814008_b71879;npp_d20250910_t1814020_e1815262_b71879,161.376,52.2574,56.6787,97.7053,22.9024,69.0164
179,VBD_npp_d20250910_t1809479_x1016126E_y081394N_l0023_s0704_v23,2025-09-10 20:24:38,8.139430,101.612625,68.4332,2025-09-10 18:09:47,2025-09-11 01:09:47,23,704,0.380651,1,2529,0.942345,0.237045,0.817226,0.4,0.925304,0.75,0.084635,0.0001,1.45795e-08,999999,-3.213029e-02,3,Thailand Exclusive Economic Zone,,,SVDNB_npp_d20250910_t1809458_e1811100_b71879_c20250910193718573000_oeac_ops.h5,GDNBO_npp_d20250910_t1809458_e1811100_b71879_c20250910193449503000_oeac_ops.h5,SVI04_npp_d20250910_t1809458_e1811100_b71879_c20250910193726893000_oeac_ops.dspace_rad,,eez_v11.shp,WPP_BFAR_merge.shp,vbd_mpa_r20170830.shp,VNF-VBD_npp_20120301-20151231_global_asia-enhanced_c201607211230.bitmask,vbd_landsea_r20220824.mask,timezone.shp,VBD_platforms-recurring_2015_r20170330.shp,999999,VBD_bridges_c20160811.shp,8.908844;6.970024;4.655672;-0.214400;1.955167;4.018827,96.765038;110.596878;124.199928;123.046227;109.474426;95.761597,npp_d20250910_t1809458_e1811100_b71879;npp_d20250910_t1811112_e1812354_b71879;npp_d20250910_t1812366_e1814008_b71879;npp_d20250910_t1814020_e1815262_b71879,160.436,49.7595,56.6496,97.7067,22.2934,71.8221
180,VBD_npp_d20250910_t1810021_x1014726E_y073488N_l0145_s0708_v23,2025-09-10 20:24:38,7.348849,101.472618,37.5426,2025-09-10 18:10:02,2025-09-11 01:10:02,145,708,0.373467,1,2529,0.901966,0.271525,0.877799,0.4,0.86687,0.75,0.0843344,0.0001,1.43956e-08,999999,-2.501474e-01,3,Thailand Exclusive Economic Zone,,,SVDNB_npp_d20250910_t1809458_e1811100_b71879_c20250910193718573000_oeac_ops.h5,GDNBO_npp_d20250910_t1809458_e1811100_b71879_c20250910193449503000_oeac_ops.h5,SVI04_npp_d20250910_t1809458_e1811100_b71879_c20250910193726893000_oeac_ops.dspace_rad,,eez_v11.shp,WPP_BFAR_merge.shp,vbd_mpa_r20170830.shp,VNF-VBD_npp_20120301-20151231_global_asia-enhanced_c201607211230.bitmask,vbd_landsea_r20220824.mask,timezone.shp,VBD_platforms-recurring_2015_r20170330.shp,999999,VBD_bridges_c20160811.shp,8.908844;6.970024;4.655672;-0.214400;1.955167;4.018827,96.765038;110.596878;124.199928;123.046227;109.474426;95.761597,npp_d20250910_t1809458_e1811100_b71879;npp_d20250910_t1811112_e1812354_b71879;npp_d20250910_t1812366_e1814008_b71879;npp_d20250910_t1814020_e1815262_b71879,161,51.3487,56.5532,98.0924,22.6351,70.0327
181,VBD_npp_d20250910_t1810003_x1015167E_y073649N_l0141_s0713_v23,2025-09-10 20:24:38,7.364948,101.516693,20.4365,2025-09-10 18:10:00,2025-09-11 01:10:00,141,713,0.391748,1,2529,0.715878,0.233173,0.894624,0.4,0.929281,0.75,0.0843689,0.0001,1.52157e-08,999999,-7.652681e-03,3,Thailand Exclusive Economic Zone,,,SVDNB_npp_d20250910_t1809458_e1811100_b71879_c20250910193718573000_oeac_ops.h5,GDNBO_npp_d20250910_t1809458_e1811100_b71879_c20250910193449503000_oeac_ops.h5,SVI04_npp_d20250910_t1809458_e1811100_b71879_c20250910193726893000_oeac_ops.dspace_rad,,eez_v11.shp,WPP_BFAR_merge.shp,vbd_mpa_r20170830.shp,VNF-VBD_npp_20120301-20151231_global_asia-enhanced_c201607211230.bitmask,vbd_landsea_r20220824.mask,timezone.shp,VBD_platforms-recurring_2015_r20170330.shp,999999,VBD_bridges_c20160811.shp,8.908844;6.970024;4.655672;-0.214400;1.955167;4.018827,96.765038;110.596878;124.199928;123.046227;109.474426;95.761597,npp_d20250910_t1809458_e1811100_b71879;npp_d20250910_t1811112_e1812354_b71879;npp_d20250910_t1812366_e1814008_b71879;npp_d20250910_t1814020_e1815262_b71879,160.962,51.3827,56.4306,97.5528,22.5945,70.0442
182,VBD_npp_d20250910_t1810003_x1015430E_y073473N_l0143_s0717_v23,2025-09-10 20:24:38,7.347344,101.542992,58.5024,2025-09-10 18:10:00,2025-09-11 01:10:00,143,717,0.392815,1,2529,1.08295,0.219232,0.908308,0.4,0.958002,0.75,0.0843823,0.0001,1.62051e-08,999999,8.049781e-02,3,Thailand Exclusive Economic Zone,,,SVDNB_npp_d20250910_t1809458_e1811100_b71879_c20250910193718573000_oeac_ops.h5,GDNBO_npp_d20250910_t1809458_e1811100_b71879_c20250910193449503000_oeac_ops.h5,SVI04_npp_d20250910_t1809458_e1811100_b71879_c20250910193726893000_oeac_ops.dspace_rad,,eez_v11.shp,WPP_BFAR_merge.shp,vbd_mpa_r20170830.shp,VNF-VBD_npp_20120301-20151231_global_asia-enhanced_c201607211230.bitmask,vbd_landsea_r20220824.mask,timezone.shp,VBD_platforms-recurring_2015_r20170330.shp,999999,VBD_bridges_c20160811.shp,8.908844;6.970024;4.655672;-0.214400;1.955167;4.018827,96.765038;110.596878;124.199928;123.046227;109.474426;95.761597,npp_d20250910_t1809458_e1811100_b71879;npp_d20250910_t1811112_e1812354_b71879;npp_d20250910_t1812366_e1814008_b71879;npp_d20250910_t1814020_e1815262_b71879,160.953,51.4731,56.3283,97.4674,22.5757,69.9852
183,VBD_npp_d20250910_t1810021_x1015372E_y073046N_l0150_s0718_v23,2025-09-10 20:24:38,7.304594,101.537186,37.2318,2025-09-10 18:10:02,2025-09-11 01:10:02,150,718,0.392459,1,2529,0.907688,0.219785,0.868599,0.4,0.951011,0.75,0.0843681,0.0001,1.68096e-08,999999,7.700178e-02,3,Thailand Exclusive Economic Zone,,,SVDNB_npp_d20250910_t1809458_e1811100_b71879_c20250910193718573000_oeac_ops.h5,GDNBO_npp_d20250910_t1809458_e1811100_b71879_c20250910193449503000_oeac_ops.h5,SVI04_npp_d20250910_t1809458_e1811100_b71879_c20250910193726893000_oeac_ops.dspace_rad,,eez_v11.shp,WPP_BFAR_merge.shp,vbd_mpa_r20170830.shp,VNF-VBD_npp_20120301-20151231_global_asia-enhanced_c201607211230.bitmask,vbd_landsea_r20220824.mask,timezone.shp,VBD_platforms-recurring_2015_r20170330.shp,999999,VBD_bridges_c20160811.shp,8.908844;6.970024;4.655672;-0.214400;1.955167;4.018827,96.765038;110.596878;124.199928;123.046227;109.474426;95.761597,npp_d20250910_t1809458_e1811100_b71879;npp_d20250910_t1811112_e1812354_b71879;npp_d20250910_t1812366_e1814008_b71879;npp_d20250910_t1814020_e1815262_b71879,160.978,51.5732,56.3009,97.8803,22.5894,69.8855
184,VBD_npp_d20250910_t1810074_x1014980E_y069764N_l0200_s0722_v23,2025-09-10 20:24:38,6.976439,101.498039,39.2126,2025-09-10 18:10:07,2025-09-11 01:10:07,200,722,0.393028,1,2529,0.931593,0.228689,0.839061,0.4,0.948421,0.75,0.0842503,0.0001,1.72001e-08,999999,2.070237e-02,3,Thailand Exclusive Economic Zone,,,SVDNB_npp_d20250910_t1809458_e1811100_b71879_c20250910193718573000_oeac_ops.h5,GDNBO_npp_d20250910_t1809458_e1811100_b71879_c20250910193449503000_oeac_ops.h5,SVI04_npp_d20250910_t1809458_e1811100_b71879_c20250910193726893000_oeac_ops.dspace_rad,,eez_v11.shp,WPP_BFAR_merge.shp,vbd_mpa_r20170830.shp,VNF-VBD_npp_20120301-20151231_global_asia-enhanced_c201607211230.bitmask,vbd_landsea_r20220824.mask,timezone.shp,VBD_platforms-recurring_2015_r20170330.shp,999999,VBD_bridges_c20160811.shp,8.908844;6.970024;4.655672;-0.214400;1.955167;4.018827,96.765038;110.596878;124.199928;123.046227;109.474426;95.761597,npp_d20250910_t1809458_e1811100_b71879;npp_d20250910_t1811112_e1812354_b71879;npp_d20250910_t1812366_e1814008_b71879;npp_d20250910_t1814020_e1815262_b71879,161.193,52.2949,56.1989,97.8398,22.7229,69.1468
185,VBD_npp_d20250910_t1809461_x1017923E_y082568N_l0002_s0726_v23,2025-09-10 20:24:38,8.256757,101.792336,20.134,2025-09-10 18:09:46,2025-09-11 01:09:46,2,726,0.390112,8,51681,0.437891,0.295226,0.8187,0.4,0.774777,0.75,0.0847927,0.0001,2.18735e-08,999999,999999,3,Thailand Exclusive Economic Zone,,,SVDNB_npp_d20250910_t1809458_e1811100_b71879_c20250910193718573000_oeac_ops.h5,GDNBO_npp_d20250910_t1809458_e1811100_b71879_c20250910193449503000_oeac_ops.h5,SVI04_npp_d20250910_t1809458_e1811100_b71879_c20250910193726893000_oeac_ops.dspace_rad,,eez_v11.shp,WPP_BFAR_merge.shp,vbd_mpa_r20170830.shp,VNF-VBD_npp_20120301-20151231_global_asia-enhanced_c201607211230.bitmask,vbd_landsea_r20220824.mask,timezone.shp,VBD_platforms-recurring_2015_r20170330.shp,0.190089,VBD_bridges_c20160811.shp,8.908844;6.970024;4.655672;-0.214400;1.955167;4.018827,96.765038;110.596878;124.199928;123.046227;109.474426;95.761597,npp_d20250910_t1809458_e1811100_b71879;npp_d20250910_t1811112_e1812354_b71879;npp_d20250910_t1812366_e1814008_b71879;npp_d20250910_t1814020_e1815262_b71879,160.23,49.8413,56.0924,97.9379,22.0914,71.9931
186,VBD_npp_d20250910_t1809461_x1017895E_y082362N_l0005_s0726_v23,2025-09-10 20:24:38,8.236158,101.789474,1160.47,2025-09-10 18:09:46,2025-09-11 01:09:46,5,726,0.359099,4,117221,1.4129,0.226625,0.81177,0.4,0.954043,0.75,0.0847851,0.0001,2.16677e-08,999999,3.375222e-02,3,Thailand Exclusive Economic Zone,,,SVDNB_npp_d20250910_t1809458_e1811100_b71879_c20250910193718573000_oeac_ops.h5,GDNBO_npp_d20250910_t1809458_e1811100_b71879_c20250910193449503000_oeac_ops.h5,SVI04_npp_d20250910_t1809458_e1811100_b71879_c20250910193726893000_oeac_ops.dspace_rad,,eez_v11.shp,WPP_BFAR_merge.shp,vbd_mpa_r20170830.shp,VNF-VBD_npp_20120301-20151231_global_asia-enhanced_c201607211230.bitmask,vbd_landsea_r20220824.mask,timezone.shp,VBD_platforms-recurring_2015_r20170330.shp,0.263541,VBD_bridges_c20160811.shp,8.908844;6.970024;4.655672;-0.214400;1.955167;4.018827,96.765038;110.596878;124.199928;123.046227;109.474426;95.761597,npp_d20250910_t1809458_e1811100_b71879;npp_d20250910_t1811112_e1812354_b71879;npp_d20250910_t1812366_e1814008_b71879;npp_d20250910_t1814020_e1815262_b71879,160.246,49.8796,56.0925,97.8045,22.1006,71.9457
187,VBD_npp_d20250910_t1809479_x1017572E_y080568N_l0032_s0726_v23,2025-09-10 20:24:38,8.056828,101.757156,70.2038,2025-09-10 18:09:47,2025-09-11 01:09:47,32,726,0.395945,1,2529,1.12278,0.214167,0.875135,0.4,0.96801,0.75,0.084716,0.0001,2.06502e-08,999999,1.125204e-01,3,Thailand Exclusive Economic Zone,,,SVDNB_npp_d20250910_t1809458_e1811100_b71879_c20250910193718573000_oeac_ops.h5,GDNBO_npp_d20250910_t1809458_e1811100_b71879_c20250910193449503000_oeac_ops.h5,SVI04_npp_d20250910_t1809458_e1811100_b71879_c20250910193726893000_oeac_ops.dspace_rad,,eez_v11.shp,WPP_BFAR_merge.shp,vbd_mpa_r20170830.shp,VNF-VBD_npp_20120301-20151231_global_asia-enhanced_c201607211230.bitmask,vbd_landsea_r20220824.mask,timezone.shp,VBD_platforms-recurring_2015_r20170330.shp,999999,VBD_bridges_c20160811.shp,8.908844;6.970024;4.655672;-0.214400;1.955167;4.018827,96.765038;110.596878;124.199928;123.046227;109.474426;95.761597,npp_d20250910_t1809458_e1811100_b71879;npp_d20250910_t1811112_e1812354_b71879;npp_d20250910_t1812366_e1814008_b71879;npp_d20250910_t1814020_e1815262_b71879,160.38,50.2161,56.095,97.3281,22.1818,71.5349
188,VBD_npp_d20250910_t1809497_x1017578E_y080554N_l0033_s0727_v23,2025-09-10 20:24:38,8.055373,101.757782,72.5177,2025-09-10 18:09:49,2025-09-11 01:09:49,33,727,0.392032,1,2529,1.08617,0.216212,0.901452,0.4,0.954044,0.75,0.0847182,0.0001,2.184e-08,999999,9.959051e-02,3,Thailand Exclusive Economic Zone,,,SVDNB_npp_d20250910_t1809458_e1811100_b71879_c20250910193718573000_oeac_ops.h5,GDNBO_npp_d20250910_t1809458_e1811100_b71879_c20250910193449503000_oeac_ops.h5,SVI04_npp_d20250910_t1809458_e1811100_b71879_c20250910193726893000_oeac_ops.dspace_rad,,eez_v11.shp,WPP_BFAR_merge.shp,vbd_mpa_r20170830.shp,VNF-VBD_npp_20120301-20151231_global_asia-enhanced_c201607211230.bitmask,vbd_landsea_r20220824.mask,timezone.shp,VBD_platforms-recurring_2015_r20170330.shp,999999,VBD_bridges_c20160811.shp,8.908844;6.970024;4.655672;-0.214400;1.955167;4.018827,96.765038;110.596878;124.199928;123.046227;109.474426;95.761597,npp_d20250910_t1809458_e1811100_b71879;npp_d20250910_t1811112_e1812354_b71879;npp_d20250910_t1812366_e1814008_b71879;npp_d20250910_t1814020_e1815262_b71879,160.375,50.2346,56.065,98.0121,22.1748,71.5261
189,VBD_npp_d20250910_t1809497_x1017640E_y079986N_l0041_s0729_v23,2025-09-10 20:24:38,7.998591,101.764023,43.2519,2025-09-10 18:09:49,2025-09-11 01:09:49,41,729,0.391392,1,2529,0.904291,0.23396,0.897599,0.4,0.939937,0.75,0.0847072,0.0001,2.20223e-08,999999,-1.262962e-02,3,Thailand Exclusive Economic Zone,,,SVDNB_npp_d20250910_t1809458_e1811100_b71879_c20250910193718573000_oeac_ops.h5,GDNBO_npp_d20250910_t1809458_e1811100_b71879_c20250910193449503000_oeac_ops.h5,SVI04_npp_d20250910_t1809458_e1811100_b71879_c20250910193726893000_oeac_ops.dspace_rad,,eez_v11.shp,WPP_BFAR_merge.shp,vbd_mpa_r20170830.shp,VNF-VBD_npp_20120301-20151231_global_asia-enhanced_c201607211230.bitmask,vbd_landsea_r20220824.mask,timezone.shp,VBD_platforms-recurring_2015_r20170330.shp,999999,VBD_bridges_c20160811.shp,8.908844;6.970024;4.655672;-0.214400;1.955167;4.018827,96.765038;110.596878;124.199928;123.046227;109.474426;95.761597,npp_d20250910_t1809458_e1811100_b71879;npp_d20250910_t1811112_e1812354_b71879;npp_d20250910_t1812366_e1814008_b71879;npp_d20250910_t1814020_e1815262_b71879,160.406,50.3692,56.0142,97.6581,22.1872,71.3875
190,VBD_npp_d20250910_t1809479_x1017860E_y080600N_l0031_s0730_v23,2025-09-10 20:24:38,8.060005,101.786018,26.0513,2025-09-10 18:09:47,2025-09-11 01:09:47,31,730,0.388974,1,2529,0.728655,0.209991,0.901452,0.4,0.914948,0.75,0.0847375,0.0001,2.21872e-08,999999,1.389270e-01,3,Thailand Exclusive Economic Zone,,,SVDNB_npp_d20250910_t1809458_e1811100_b71879_c20250910193718573000_oeac_ops.h5,GDNBO_npp_d20250910_t1809458_e1811100_b71879_c20250910193449503000_oeac_ops.h5,SVI04_npp_d20250910_t1809458_e1811100_b71879_c20250910193726893000_oeac_ops.dspace_rad,,eez_v11.shp,WPP_BFAR_merge.shp,vbd_mpa_r20170830.shp,VNF-VBD_npp_20120301-20151231_global_asia-enhanced_c201607211230.bitmask,vbd_landsea_r20220824.mask,timezone.shp,VBD_platforms-recurring_2015_r20170330.shp,999999,VBD_bridges_c20160811.shp,8.908844;6.970024;4.655672;-0.214400;1.955167;4.018827,96.765038;110.596878;124.199928;123.046227;109.474426;95.761597,npp_d20250910_t1809458_e1811100_b71879;npp_d20250910_t1811112_e1812354_b71879;npp_d20250910_t1812366_e1814008_b71879;npp_d20250910_t1814020_e1815262_b71879,160.356,50.2645,55.9923,97.376,22.1532,71.5238
191,VBD_npp_d20250910_t1809497_x1017897E_y080300N_l0036_s0732_v23,2025-09-10 20:24:38,8.029992,101.789680,14.9716,2025-09-10 18:09:49,2025-09-11 01:09:49,36,732,0.386413,1,2529,0.544483,0.218013,0.917183,0.4,0.880806,0.75,0.0847341,0.0001,2.35563e-08,999999,8.820463e-02,3,Thailand Exclusive Economic Zone,,,SVDNB_npp_d20250910_t1809458_e1811100_b71879_c20250910193718573000_oeac_ops.h5,GDNBO_npp_d20250910_t1809458_e1811100_b71879_c20250910193449503000_oeac_ops.h5,SVI04_npp_d20250910_t1809458_e1811100_b71879_c20250910193726893000_oeac_ops.dspace_rad,,eez_v11.shp,WPP_BFAR_merge.shp,vbd_mpa_r20170830.shp,VNF-VBD_npp_20120301-20151231_global_asia-enhanced_c201607211230.bitmask,vbd_landsea_r20220824.mask,timezone.shp,VBD_platforms-recurring_2015_r20170330.shp,999999,VBD_bridges_c20160811.shp,8.908844;6.970024;4.655672;-0.214400;1.955167;4.018827,96.765038;110.596878;124.199928;123.046227;109.474426;95.761597,npp_d20250910_t1809458_e1811100_b71879;npp_d20250910_t1811112_e1812354_b71879;npp_d20250910_t1812366_e1814008_b71879;npp_d20250910_t1814020_e1815262_b71879,160.367,50.3504,55.9371,97.8837,22.1526,71.4452
192,VBD_npp_d20250910_t1809497_x1017829E_y079821N_l0043_s0732_v23,2025-09-10 20:24:38,7.982080,101.782928,39.289,2025-09-10 18:09:49,2025-09-11 01:09:49,43,732,0.394237,1,2529,0.862465,0.225701,0.878174,0.4,0.932106,0.75,0.0847162,0.0001,2.30244e-08,999999,3.959112e-02,3,Thailand Exclusive Economic Zone,,,SVDNB_npp_d20250910_t1809458_e1811100_b71879_c20250910193718573000_oeac_ops.h5,GDNBO_npp_d20250910_t1809458_e1811100_b71879_c20250910193449503000_oeac_ops.h5,SVI04_npp_d20250910_t1809458_e1811100_b71879_c20250910193726893000_oeac_ops.dspace_rad,,eez_v11.shp,WPP_BFAR_merge.shp,vbd_mpa_r20170830.shp,VNF-VBD_npp_20120301-20151231_global_asia-enhanced_c201607211230.bitmask,vbd_landsea_r20220824.mask,timezone.shp,VBD_platforms-recurring_2015_r20170330.shp,999999,VBD_bridges_c20160811.shp,8.908844;6.970024;4.655672;-0.214400;1.955167;4.018827,96.765038;110.596878;124.199928;123.046227;109.474426;95.761597,npp_d20250910_t1809458_e1811100_b71879;npp_d20250910_t1811112_e1812354_b71879;npp_d20250910_t1812366_e1814008_b71879;npp_d20250910_t1814020_e1815262_b71879,160.402,50.4411,55.9379,97.5718,22.1746,71.336
193,VBD_npp_d20250910_t1809497_x1017937E_y080085N_l0039_s0733_v23,2025-09-10 20:24:38,8.008512,101.793724,59.8582,2025-09-10 18:09:49,2025-09-11 01:09:49,39,733,0.40192,1,2529,1.02925,0.216771,0.909474,0.4,0.952479,0.75,0.0847312,0.0001,2.37283e-08,999999,9.605434e-02,3,Thailand Exclusive Economic Zone,,,SVDNB_npp_d20250910_t1809458_e1811100_b71879_c20250910193718573000_oeac_ops.h5,GDNBO_npp_d20250910_t1809458_e1811100_b71879_c20250910193449503000_oeac_ops.h5,SVI04_npp_d20250910_t1809458_e1811100_b71879_c20250910193726893000_oeac_ops.dspace_rad,,eez_v11.shp,WPP_BFAR_merge.shp,vbd_mpa_r20170830.shp,VNF-VBD_npp_20120301-20151231_global_asia-enhanced_c201607211230.bitmask,vbd_landsea_r20220824.mask,timezone.shp,VBD_platforms-recurring_2015_r20170330.shp,999999,VBD_bridges_c20160811.shp,8.908844;6.970024;4.655672;-0.214400;1.955167;4.018827,96.765038;110.596878;124.199928;123.046227;109.474426;95.761597,npp_d20250910_t1809458_e1811100_b71879;npp_d20250910_t1811112_e1812354_b71879;npp_d20250910_t1812366_e1814008_b71879;npp_d20250910_t1814020_e1815262_b71879,160.377,50.4045,55.9117,97.751,22.1557,71.3916
194,VBD_npp_d20250910_t1810057_x1016000E_y070408N_l0188_s0734_v23,2025-09-10 20:24:38,7.040788,101.600044,10.2183,2025-09-10 18:10:05,2025-09-11 01:10:05,188,734,0.394166,1,2529,0.484788,0.213261,0.767169,0.4,0.868083,0.75,0.0843405,0.0001,2.11589e-08,999999,1.182474e-01,3,Thailand Exclusive Economic Zone,,,SVDNB_npp_d20250910_t1809458_e1811100_b71879_c20250910193718573000_oeac_ops.h5,GDNBO_npp_d20250910_t1809458_e1811100_b71879_c20250910193449503000_oeac_ops.h5,SVI04_npp_d20250910_t1809458_e1811100_b71879_c20250910193726893000_oeac_ops.dspace_rad,,eez_v11.shp,WPP_BFAR_merge.shp,vbd_mpa_r20170830.shp,VNF-VBD_npp_20120301-20151231_global_asia-enhanced_c201607211230.bitmask,vbd_landsea_r20220824.mask,timezone.shp,VBD_platforms-recurring_2015_r20170330.shp,999999,VBD_bridges_c20160811.shp,8.908844;6.970024;4.655672;-0.214400;1.955167;4.018827,96.765038;110.596878;124.199928;123.046227;109.474426;95.761597,npp_d20250910_t1809458_e1811100_b71879;npp_d20250910_t1811112_e1812354_b71879;npp_d20250910_t1812366_e1814008_b71879;npp_d20250910_t1814020_e1815262_b71879,161.08,52.3254,55.8897,97.6558,22.6102,69.2238
195,VBD_npp_d20250910_t1809550_x1017645E_y076578N_l0092_s0739_v23,2025-09-10 20:24:38,7.657800,101.764481,12.7079,2025-09-10 18:09:55,2025-09-11 01:09:55,92,739,0.309592,2,2465,0.36248,0.320107,0.588882,0.4,0.680297,0.75,0.084624,0.0001,2.48466e-08,999999,-5.573201e-01,3,Thailand Exclusive Economic Zone,,,SVDNB_npp_d20250910_t1809458_e1811100_b71879_c20250910193718573000_oeac_ops.h5,GDNBO_npp_d20250910_t1809458_e1811100_b71879_c20250910193449503000_oeac_ops.h5,SVI04_npp_d20250910_t1809458_e1811100_b71879_c20250910193726893000_oeac_ops.dspace_rad,,eez_v11.shp,WPP_BFAR_merge.shp,vbd_mpa_r20170830.shp,VNF-VBD_npp_20120301-20151231_global_asia-enhanced_c201607211230.bitmask,vbd_landsea_r20220824.mask,timezone.shp,VBD_platforms-recurring_2015_r20170330.shp,999999,VBD_bridges_c20160811.shp,8.908844;6.970024;4.655672;-0.214400;1.955167;4.018827,96.765038;110.596878;124.199928;123.046227;109.474426;95.761597,npp_d20250910_t1809458_e1811100_b71879;npp_d20250910_t1811112_e1812354_b71879;npp_d20250910_t1812366_e1814008_b71879;npp_d20250910_t1814020_e1815262_b71879,160.604,51.1581,55.7631,97.5744,22.2794,70.5686
196,VBD_npp_d20250910_t1809585_x1017797E_y075120N_l0114_s0746_v23,2025-09-10 20:24:38,7.511992,101.779671,53.4328,2025-09-10 18:09:58,2025-09-11 01:09:58,114,746,0.366283,1,2529,0.996781,0.241188,0.837365,0.4,0.956019,0.75,0.0845981,0.0001,2.82648e-08,999999,-5.832960e-02,3,Thailand Exclusive Economic Zone,,,SVDNB_npp_d20250910_t1809458_e1811100_b71879_c20250910193718573000_oeac_ops.h5,GDNBO_npp_d20250910_t1809458_e1811100_b71879_c20250910193449503000_oeac_ops.h5,SVI04_npp_d20250910_t1809458_e1811100_b71879_c20250910193726893000_oeac_ops.dspace_rad,,eez_v11.shp,WPP_BFAR_merge.shp,vbd_mpa_r20170830.shp,VNF-VBD_npp_20120301-20151231_global_asia-enhanced_c201607211230.bitmask,vbd_landsea_r20220824.mask,timezone.shp,VBD_platforms-recurring_2015_r20170330.shp,999999,VBD_bridges_c20160811.shp,8.908844;6.970024;4.655672;-0.214400;1.955167;4.018827,96.765038;110.596878;124.199928;123.046227;109.474426;95.761597,npp_d20250910_t1809458_e1811100_b71879;npp_d20250910_t1811112_e1812354_b71879;npp_d20250910_t1812366_e1814008_b71879;npp_d20250910_t1814020_e1815262_b71879,160.672,51.539,55.5804,98.0565,22.3012,70.206
197,VBD_npp_d20250910_t1810092_x1017754E_y067761N_l0224_s0767_v23,2025-09-10 20:24:38,6.776085,101.775391,8.78122,2025-09-10 18:10:09,2025-09-11 01:10:09,224,767,0.399003,1,2529,0.406007,0.243255,0.710527,0.4,0.842147,0.75,0.0843945,0.0001,3.51159e-08,999999,-7.139892e-02,3,Thailand Exclusive Economic Zone,,,SVDNB_npp_d20250910_t1809458_e1811100_b71879_c20250910193718573000_oeac_ops.h5,GDNBO_npp_d20250910_t1809458_e1811100_b71879_c20250910193449503000_oeac_ops.h5,SVI04_npp_d20250910_t1809458_e1811100_b71879_c20250910193726893000_oeac_ops.dspace_rad,,eez_v11.shp,WPP_BFAR_merge.shp,vbd_mpa_r20170830.shp,VNF-VBD_npp_20120301-20151231_global_asia-enhanced_c201607211230.bitmask,vbd_landsea_r20220824.mask,timezone.shp,VBD_platforms-recurring_2015_r20170330.shp,999999,VBD_bridges_c20160811.shp,8.908844;6.970024;4.655672;-0.214400;1.955167;4.018827,96.765038;110.596878;124.199928;123.046227;109.474426;95.761597,npp_d20250910_t1809458_e1811100_b71879;npp_d20250910_t1811112_e1812354_b71879;npp_d20250910_t1812366_e1814008_b71879;npp_d20250910_t1814020_e1815262_b71879,161.089,53.2966,55.0551,97.5286,22.5289,68.4741
198,VBD_npp_d20250910_t1810110_x1017756E_y067726N_l0225_s0768_v23,2025-09-10 20:24:38,6.772617,101.775551,6.33782,2025-09-10 18:10:11,2025-09-11 01:10:11,225,768,0.390681,2,2209,0.283186,0.243827,0.710527,0.4,0.734328,0.75,0.0843964,0.0001,3.72582e-08,999999,-7.501449e-02,3,Thailand Exclusive Economic Zone,,,SVDNB_npp_d20250910_t1809458_e1811100_b71879_c20250910193718573000_oeac_ops.h5,GDNBO_npp_d20250910_t1809458_e1811100_b71879_c20250910193449503000_oeac_ops.h5,SVI04_npp_d20250910_t1809458_e1811100_b71879_c20250910193726893000_oeac_ops.dspace_rad,,eez_v11.shp,WPP_BFAR_merge.shp,vbd_mpa_r20170830.shp,VNF-VBD_npp_20120301-20151231_global_asia-enhanced_c201607211230.bitmask,vbd_landsea_r20220824.mask,timezone.shp,VBD_platforms-recurring_2015_r20170330.shp,999999,VBD_bridges_c20160811.shp,8.908844;6.970024;4.655672;-0.214400;1.955167;4.018827,96.765038;110.596878;124.199928;123.046227;109.474426;95.761597,npp_d20250910_t1809458_e1811100_b71879;npp_d20250910_t1811112_e1812354_b71879;npp_d20250910_t1812366_e1814008_b71879;npp_d20250910_t1814020_e1815262_b71879,161.085,53.3187,55.0247,98.2211,22.5234,68.4602
199,VBD_npp_d20250910_t1809568_x1019938E_y075272N_l0107_s0776_v23,2025-09-10 20:24:38,7.527223,101.993805,21.7831,2025-09-10 18:09:56,2025-09-11 01:09:56,107,776,0.394878,1,2529,0.725027,0.24395,0.825646,0.4,0.927745,0.75,0.0847589,0.0001,4.52663e-08,999999,-7.579254e-02,3,Thailand Exclusive Economic Zone,,,SVDNB_npp_d20250910_t1809458_e1811100_b71879_c20250910193718573000_oeac_ops.h5,GDNBO_npp_d20250910_t1809458_e1811100_b71879_c20250910193449503000_oeac_ops.h5,SVI04_npp_d20250910_t1809458_e1811100_b71879_c20250910193726893000_oeac_ops.dspace_rad,,eez_v11.shp,WPP_BFAR_merge.shp,vbd_mpa_r20170830.shp,VNF-VBD_npp_20120301-20151231_global_asia-enhanced_c201607211230.bitmask,vbd_landsea_r20220824.mask,timezone.shp,VBD_platforms-recurring_2015_r20170330.shp,999999,VBD_bridges_c20160811.shp,8.908844;6.970024;4.655672;-0.214400;1.955167;4.018827,96.765038;110.596878;124.199928;123.046227;109.474426;95.761597,npp_d20250910_t1809458_e1811100_b71879;npp_d20250910_t1811112_e1812354_b71879;npp_d20250910_t1812366_e1814008_b71879;npp_d20250910_t1814020_e1815262_b71879,160.502,51.8924,54.8216,97.6655,22.0997,70.0952
200,VBD_npp_d20250910_t1810074_x1019035E_y069610N_l0194_s0781_v23,2025-09-10 20:24:38,6.960958,101.903450,38.9681,2025-09-10 18:10:07,2025-09-11 01:10:07,194,781,0.391819,1,2529,0.929383,0.23045,0.852409,0.4,0.956119,0.75,0.0845462,0.0001,4.68331e-08,999999,9.563732e-03,3,Thailand Exclusive Economic Zone,,,SVDNB_npp_d20250910_t1809458_e1811100_b71879_c20250910193718573000_oeac_ops.h5,GDNBO_npp_d20250910_t1809458_e1811100_b71879_c20250910193449503000_oeac_ops.h5,SVI04_npp_d20250910_t1809458_e1811100_b71879_c20250910193726893000_oeac_ops.dspace_rad,,eez_v11.shp,WPP_BFAR_merge.shp,vbd_mpa_r20170830.shp,VNF-VBD_npp_20120301-20151231_global_asia-enhanced_c201607211230.bitmask,vbd_landsea_r20220824.mask,timezone.shp,VBD_platforms-recurring_2015_r20170330.shp,999999,VBD_bridges_c20160811.shp,8.908844;6.970024;4.655672;-0.214400;1.955167;4.018827,96.765038;110.596878;124.199928;123.046227;109.474426;95.761597,npp_d20250910_t1809458_e1811100_b71879;npp_d20250910_t1811112_e1812354_b71879;npp_d20250910_t1812366_e1814008_b71879;npp_d20250910_t1814020_e1815262_b71879,160.883,53.0897,54.6989,98.1586,22.3468,68.8059
201,VBD_npp_d20250910_t1809532_x1020751E_y077226N_l0076_s0782_v23,2025-09-10 20:24:38,7.722649,102.075089,72.1248,2025-09-10 18:09:53,2025-09-11 01:09:53,76,782,0.392459,1,2529,1.18664,0.251647,0.899927,0.4,0.974984,0.75,0.0848682,0.0001,5.07317e-08,999999,-1.244590e-01,3,Thailand Exclusive Economic Zone,,,SVDNB_npp_d20250910_t1809458_e1811100_b71879_c20250910193718573000_oeac_ops.h5,GDNBO_npp_d20250910_t1809458_e1811100_b71879_c20250910193449503000_oeac_ops.h5,SVI04_npp_d20250910_t1809458_e1811100_b71879_c20250910193726893000_oeac_ops.dspace_rad,,eez_v11.shp,WPP_BFAR_merge.shp,vbd_mpa_r20170830.shp,VNF-VBD_npp_20120301-20151231_global_asia-enhanced_c201607211230.bitmask,vbd_landsea_r20220824.mask,timezone.shp,VBD_platforms-recurring_2015_r20170330.shp,999999,VBD_bridges_c20160811.shp,8.908844;6.970024;4.655672;-0.214400;1.955167;4.018827,96.765038;110.596878;124.199928;123.046227;109.474426;95.761597,npp_d20250910_t1809458_e1811100_b71879;npp_d20250910_t1811112_e1812354_b71879;npp_d20250910_t1812366_e1814008_b71879;npp_d20250910_t1814020_e1815262_b71879,160.329,51.5845,54.6732,97.5978,21.9692,70.5117
202,VBD_npp_d20250910_t1810092_x1018745E_y067626N_l0224_s0782_v23,2025-09-10 20:24:38,6.762618,101.874458,16.9405,2025-09-10 18:10:09,2025-09-11 01:10:09,224,782,0.331073,1,2529,0.581681,0.279623,0.74451,0.4,0.886279,0.75,0.0844654,0.0001,4.46982e-08,999999,-3.013463e-01,3,Thailand Exclusive Economic Zone,,,SVDNB_npp_d20250910_t1809458_e1811100_b71879_c20250910193718573000_oeac_ops.h5,GDNBO_npp_d20250910_t1809458_e1811100_b71879_c20250910193449503000_oeac_ops.h5,SVI04_npp_d20250910_t1809458_e1811100_b71879_c20250910193726893000_oeac_ops.dspace_rad,,eez_v11.shp,WPP_BFAR_merge.shp,vbd_mpa_r20170830.shp,VNF-VBD_npp_20120301-20151231_global_asia-enhanced_c201607211230.bitmask,vbd_landsea_r20220824.mask,timezone.shp,VBD_platforms-recurring_2015_r20170330.shp,999999,VBD_bridges_c20160811.shp,8.908844;6.970024;4.655672;-0.214400;1.955167;4.018827,96.765038;110.596878;124.199928;123.046227;109.474426;95.761597,npp_d20250910_t1809458_e1811100_b71879;npp_d20250910_t1811112_e1812354_b71879;npp_d20250910_t1812366_e1814008_b71879;npp_d20250910_t1814020_e1815262_b71879,161.018,53.5106,54.6764,97.5384,22.441,68.3659
203,VBD_npp_d20250910_t1810128_x1018801E_y066032N_l0248_s0788_v23,2025-09-10 20:24:38,6.603152,101.880127,11.4909,2025-09-10 18:10:12,2025-09-11 01:10:12,248,788,0.293089,2,2465,0.301411,0.282335,0.487779,0.4,0.662197,0.75,0.0844253,0.0001,4.96145e-08,999999,-3.184971e-01,3,Thailand Exclusive Economic Zone,,,SVDNB_npp_d20250910_t1809458_e1811100_b71879_c20250910193718573000_oeac_ops.h5,GDNBO_npp_d20250910_t1809458_e1811100_b71879_c20250910193449503000_oeac_ops.h5,SVI04_npp_d20250910_t1809458_e1811100_b71879_c20250910193726893000_oeac_ops.dspace_rad,,eez_v11.shp,WPP_BFAR_merge.shp,vbd_mpa_r20170830.shp,VNF-VBD_npp_20120301-20151231_global_asia-enhanced_c201607211230.bitmask,vbd_landsea_r20220824.mask,timezone.shp,VBD_platforms-recurring_2015_r20170330.shp,999999,VBD_bridges_c20160811.shp,8.908844;6.970024;4.655672;-0.214400;1.955167;4.018827,96.765038;110.596878;124.199928;123.046227;109.474426;95.761597,npp_d20250910_t1809458_e1811100_b71879;npp_d20250910_t1811112_e1812354_b71879;npp_d20250910_t1812366_e1814008_b71879;npp_d20250910_t1814020_e1815262_b71879,161.096,53.9227,54.5135,97.9345,22.4826,67.9844
204,VBD_npp_d20250910_t1810092_x1019362E_y068509N_l0210_s0789_v23,2025-09-10 20:24:38,6.850939,101.936234,22.3152,2025-09-10 18:10:09,2025-09-11 01:10:09,210,789,0.391606,8,18913,0.666324,0.211052,0.808486,0.4,0.903564,0.75,0.0845384,0.0001,5.28088e-08,999999,1.322171e-01,3,Thailand Exclusive Economic Zone,,,SVDNB_npp_d20250910_t1809458_e1811100_b71879_c20250910193718573000_oeac_ops.h5,GDNBO_npp_d20250910_t1809458_e1811100_b71879_c20250910193449503000_oeac_ops.h5,SVI04_npp_d20250910_t1809458_e1811100_b71879_c20250910193726893000_oeac_ops.dspace_rad,,eez_v11.shp,WPP_BFAR_merge.shp,vbd_mpa_r20170830.shp,VNF-VBD_npp_20120301-20151231_global_asia-enhanced_c201607211230.bitmask,vbd_landsea_r20220824.mask,timezone.shp,VBD_platforms-recurring_2015_r20170330.shp,0.480905,VBD_bridges_c20160811.shp,8.908844;6.970024;4.655672;-0.214400;1.955167;4.018827,96.765038;110.596878;124.199928;123.046227;109.474426;95.761597,npp_d20250910_t1809458_e1811100_b71879;npp_d20250910_t1811112_e1812354_b71879;npp_d20250910_t1812366_e1814008_b71879;npp_d20250910_t1814020_e1815262_b71879,160.917,53.4181,54.4887,98.1892,22.35,68.5206
205,VBD_npp_d20250910_t1809461_x1022313E_y081764N_l0005_s0791_v23,2025-09-10 20:24:38,8.176360,102.231323,19.9616,2025-09-10 18:09:46,2025-09-11 01:09:46,5,791,0.39189,1,2529,0.724188,0.225924,0.873228,0.4,0.938473,0.75,0.0850923,0.0001,6.31013e-08,999999,3.818645e-02,3,Thailand Exclusive Economic Zone,,,SVDNB_npp_d20250910_t1809458_e1811100_b71879_c20250910193718573000_oeac_ops.h5,GDNBO_npp_d20250910_t1809458_e1811100_b71879_c20250910193449503000_oeac_ops.h5,SVI04_npp_d20250910_t1809458_e1811100_b71879_c20250910193726893000_oeac_ops.dspace_rad,,eez_v11.shp,WPP_BFAR_merge.shp,vbd_mpa_r20170830.shp,VNF-VBD_npp_20120301-20151231_global_asia-enhanced_c201607211230.bitmask,vbd_landsea_r20220824.mask,timezone.shp,VBD_platforms-recurring_2015_r20170330.shp,999999,VBD_bridges_c20160811.shp,8.908844;6.970024;4.655672;-0.214400;1.955167;4.018827,96.765038;110.596878;124.199928;123.046227;109.474426;95.761597,npp_d20250910_t1809458_e1811100_b71879;npp_d20250910_t1811112_e1812354_b71879;npp_d20250910_t1812366_e1814008_b71879;npp_d20250910_t1814020_e1815262_b71879,159.947,50.8404,54.4299,97.875,21.6975,71.5173
206,VBD_npp_d20250910_t1809532_x1021533E_y077252N_l0074_s0793_v23,2025-09-10 20:24:38,7.725225,102.153267,7.02823,2025-09-10 18:09:53,2025-09-11 01:09:53,74,793,0.392388,1,2529,0.363619,0.248253,0.773395,0.4,0.83334,0.75,0.0849253,0.0001,6.13195e-08,999999,-1.029999e-01,3,Thailand Exclusive Economic Zone,,,SVDNB_npp_d20250910_t1809458_e1811100_b71879_c20250910193718573000_oeac_ops.h5,GDNBO_npp_d20250910_t1809458_e1811100_b71879_c20250910193449503000_oeac_ops.h5,SVI04_npp_d20250910_t1809458_e1811100_b71879_c20250910193726893000_oeac_ops.dspace_rad,,eez_v11.shp,WPP_BFAR_merge.shp,vbd_mpa_r20170830.shp,VNF-VBD_npp_20120301-20151231_global_asia-enhanced_c201607211230.bitmask,vbd_landsea_r20220824.mask,timezone.shp,VBD_platforms-recurring_2015_r20170330.shp,999999,VBD_bridges_c20160811.shp,8.908844;6.970024;4.655672;-0.214400;1.955167;4.018827,96.765038;110.596878;124.199928;123.046227;109.474426;95.761597,npp_d20250910_t1809458_e1811100_b71879;npp_d20250910_t1811112_e1812354_b71879;npp_d20250910_t1812366_e1814008_b71879;npp_d20250910_t1814020_e1815262_b71879,160.267,51.7236,54.3783,97.6955,21.8941,70.4628
207,VBD_npp_d20250910_t1809461_x1022555E_y081449N_l0009_s0795_v23,2025-09-10 20:24:38,8.144924,102.255524,9.07086,2025-09-10 18:09:46,2025-09-11 01:09:46,9,795,0.390396,1,35297,0.443937,0.224941,0.835719,0.4,0.872949,0.75,0.0851009,0.0001,6.66337e-08,999999,4.439575e-02,3,Thailand Exclusive Economic Zone,,,SVDNB_npp_d20250910_t1809458_e1811100_b71879_c20250910193718573000_oeac_ops.h5,GDNBO_npp_d20250910_t1809458_e1811100_b71879_c20250910193449503000_oeac_ops.h5,SVI04_npp_d20250910_t1809458_e1811100_b71879_c20250910193726893000_oeac_ops.dspace_rad,,eez_v11.shp,WPP_BFAR_merge.shp,vbd_mpa_r20170830.shp,VNF-VBD_npp_20120301-20151231_global_asia-enhanced_c201607211230.bitmask,vbd_landsea_r20220824.mask,timezone.shp,VBD_platforms-recurring_2015_r20170330.shp,999999,VBD_bridges_c20160811.shp,8.908844;6.970024;4.655672;-0.214400;1.955167;4.018827,96.765038;110.596878;124.199928;123.046227;109.474426;95.761597,npp_d20250910_t1809458_e1811100_b71879;npp_d20250910_t1811112_e1812354_b71879;npp_d20250910_t1812366_e1814008_b71879;npp_d20250910_t1814020_e1815262_b71879,159.948,50.9521,54.3215,97.6904,21.6846,71.4248
208,VBD_npp_d20250910_t1810039_x1020421E_y070863N_l0172_s0796_v23,2025-09-10 20:24:38,7.086278,102.042053,10.9568,2025-09-10 18:10:03,2025-09-11 01:10:03,172,796,0.393455,8,18913,0.501951,0.226918,0.811316,0.4,0.872602,0.75,0.0846767,0.0001,5.96893e-08,999999,3.189906e-02,3,Thailand Exclusive Economic Zone,,,SVDNB_npp_d20250910_t1809458_e1811100_b71879_c20250910193718573000_oeac_ops.h5,GDNBO_npp_d20250910_t1809458_e1811100_b71879_c20250910193449503000_oeac_ops.h5,SVI04_npp_d20250910_t1809458_e1811100_b71879_c20250910193726893000_oeac_ops.dspace_rad,,eez_v11.shp,WPP_BFAR_merge.shp,vbd_mpa_r20170830.shp,VNF-VBD_npp_20120301-20151231_global_asia-enhanced_c201607211230.bitmask,vbd_landsea_r20220824.mask,timezone.shp,VBD_platforms-recurring_2015_r20170330.shp,0.438676,VBD_bridges_c20160811.shp,8.908844;6.970024;4.655672;-0.214400;1.955167;4.018827,96.765038;110.596878;124.199928;123.046227;109.474426;95.761597,npp_d20250910_t1809458_e1811100_b71879;npp_d20250910_t1811112_e1812354_b71879;npp_d20250910_t1812366_e1814008_b71879;npp_d20250910_t1814020_e1815262_b71879,160.709,53.0292,54.2954,97.685,22.1839,69.0022
209,VBD_npp_d20250910_t1809532_x1022241E_y077225N_l0073_s0803_v23,2025-09-10 20:24:38,7.722541,102.224052,6.98807,2025-09-10 18:09:53,2025-09-11 01:09:53,73,803,0.398078,1,2529,0.362286,0.22691,0.742986,0.4,0.820004,0.75,0.084974,0.0001,7.26908e-08,999999,3.194943e-02,3,Thailand Exclusive Economic Zone,,,SVDNB_npp_d20250910_t1809458_e1811100_b71879_c20250910193718573000_oeac_ops.h5,GDNBO_npp_d20250910_t1809458_e1811100_b71879_c20250910193449503000_oeac_ops.h5,SVI04_npp_d20250910_t1809458_e1811100_b71879_c20250910193726893000_oeac_ops.dspace_rad,,eez_v11.shp,WPP_BFAR_merge.shp,vbd_mpa_r20170830.shp,VNF-VBD_npp_20120301-20151231_global_asia-enhanced_c201607211230.bitmask,vbd_landsea_r20220824.mask,timezone.shp,VBD_platforms-recurring_2015_r20170330.shp,999999,VBD_bridges_c20160811.shp,8.908844;6.970024;4.655672;-0.214400;1.955167;4.018827,96.765038;110.596878;124.199928;123.046227;109.474426;95.761597,npp_d20250910_t1809458_e1811100_b71879;npp_d20250910_t1811112_e1812354_b71879;npp_d20250910_t1812366_e1814008_b71879;npp_d20250910_t1814020_e1815262_b71879,160.213,51.8598,54.1064,97.7517,21.8278,70.4062
210,VBD_npp_d20250910_t1809568_x1021882E_y074651N_l0112_s0805_v23,2025-09-10 20:24:38,7.465081,102.188187,14.9325,2025-09-10 18:09:56,2025-09-11 01:09:56,112,805,0.395731,1,2529,0.61569,0.212403,0.879951,0.4,0.919028,0.75,0.0848811,0.0001,7.18147e-08,999999,1.236724e-01,3,Thailand Exclusive Economic Zone,,,SVDNB_npp_d20250910_t1809458_e1811100_b71879_c20250910193718573000_oeac_ops.h5,GDNBO_npp_d20250910_t1809458_e1811100_b71879_c20250910193449503000_oeac_ops.h5,SVI04_npp_d20250910_t1809458_e1811100_b71879_c20250910193726893000_oeac_ops.dspace_rad,,eez_v11.shp,WPP_BFAR_merge.shp,vbd_mpa_r20170830.shp,VNF-VBD_npp_20120301-20151231_global_asia-enhanced_c201607211230.bitmask,vbd_landsea_r20220824.mask,timezone.shp,VBD_platforms-recurring_2015_r20170330.shp,999999,VBD_bridges_c20160811.shp,8.908844;6.970024;4.655672;-0.214400;1.955167;4.018827,96.765038;110.596878;124.199928;123.046227;109.474426;95.761597,npp_d20250910_t1809458_e1811100_b71879;npp_d20250910_t1811112_e1812354_b71879;npp_d20250910_t1812366_e1814008_b71879;npp_d20250910_t1814020_e1815262_b71879,160.388,52.3888,54.0513,97.4488,21.9374,69.8069
211,VBD_npp_d20250910_t1809479_x1023103E_y080305N_l0025_s0806_v23,2025-09-10 20:24:38,8.030546,102.310326,1774.01,2025-09-10 18:09:47,2025-09-11 01:09:47,25,806,0.389756,4,100837,1.81802,0.215371,0.85946,0.4,0.981386,0.75,0.0851107,0.0001,7.905e-08,999999,1.049066e-01,3,Thailand Exclusive Economic Zone,,,SVDNB_npp_d20250910_t1809458_e1811100_b71879_c20250910193718573000_oeac_ops.h5,GDNBO_npp_d20250910_t1809458_e1811100_b71879_c20250910193449503000_oeac_ops.h5,SVI04_npp_d20250910_t1809458_e1811100_b71879_c20250910193726893000_oeac_ops.dspace_rad,,eez_v11.shp,WPP_BFAR_merge.shp,vbd_mpa_r20170830.shp,VNF-VBD_npp_20120301-20151231_global_asia-enhanced_c201607211230.bitmask,vbd_landsea_r20220824.mask,timezone.shp,VBD_platforms-recurring_2015_r20170330.shp,999999,VBD_bridges_c20160811.shp,8.908844;6.970024;4.655672;-0.214400;1.955167;4.018827,96.765038;110.596878;124.199928;123.046227;109.474426;95.761597,npp_d20250910_t1809458_e1811100_b71879;npp_d20250910_t1811112_e1812354_b71879;npp_d20250910_t1812366_e1814008_b71879;npp_d20250910_t1814020_e1815262_b71879,159.972,51.3109,54.0235,97.7126,21.6629,71.105
212,VBD_npp_d20250910_t1809585_x1021882E_y074630N_l0113_s0806_v23,2025-09-10 20:24:38,7.462996,102.188179,18.6758,2025-09-10 18:09:58,2025-09-11 01:09:58,113,806,0.39502,1,2529,0.673359,0.223925,0.879951,0.4,0.923012,0.75,0.084883,0.0001,7.59237e-08,999999,5.082301e-02,3,Thailand Exclusive Economic Zone,,,SVDNB_npp_d20250910_t1809458_e1811100_b71879_c20250910193718573000_oeac_ops.h5,GDNBO_npp_d20250910_t1809458_e1811100_b71879_c20250910193449503000_oeac_ops.h5,SVI04_npp_d20250910_t1809458_e1811100_b71879_c20250910193726893000_oeac_ops.dspace_rad,,eez_v11.shp,WPP_BFAR_merge.shp,vbd_mpa_r20170830.shp,VNF-VBD_npp_20120301-20151231_global_asia-enhanced_c201607211230.bitmask,vbd_landsea_r20220824.mask,timezone.shp,VBD_platforms-recurring_2015_r20170330.shp,999999,VBD_bridges_c20160811.shp,8.908844;6.970024;4.655672;-0.214400;1.955167;4.018827,96.765038;110.596878;124.199928;123.046227;109.474426;95.761597,npp_d20250910_t1809458_e1811100_b71879;npp_d20250910_t1811112_e1812354_b71879;npp_d20250910_t1812366_e1814008_b71879;npp_d20250910_t1814020_e1815262_b71879,160.383,52.407,54.0213,98.172,21.9314,69.7964
213,VBD_npp_d20250910_t1809585_x1021862E_y074493N_l0115_s0806_v23,2025-09-10 20:24:38,7.449291,102.186234,26.4821,2025-09-10 18:09:58,2025-09-11 01:09:58,115,806,0.394237,1,2529,0.823548,0.229469,0.886002,0.4,0.951378,0.75,0.0848776,0.0001,7.54257e-08,999999,1.576761e-02,3,Thailand Exclusive Economic Zone,,,SVDNB_npp_d20250910_t1809458_e1811100_b71879_c20250910193718573000_oeac_ops.h5,GDNBO_npp_d20250910_t1809458_e1811100_b71879_c20250910193449503000_oeac_ops.h5,SVI04_npp_d20250910_t1809458_e1811100_b71879_c20250910193726893000_oeac_ops.dspace_rad,,eez_v11.shp,WPP_BFAR_merge.shp,vbd_mpa_r20170830.shp,VNF-VBD_npp_20120301-20151231_global_asia-enhanced_c201607211230.bitmask,vbd_landsea_r20220824.mask,timezone.shp,VBD_platforms-recurring_2015_r20170330.shp,999999,VBD_bridges_c20160811.shp,8.908844;6.970024;4.655672;-0.214400;1.955167;4.018827,96.765038;110.596878;124.199928;123.046227;109.474426;95.761597,npp_d20250910_t1809458_e1811100_b71879;npp_d20250910_t1811112_e1812354_b71879;npp_d20250910_t1812366_e1814008_b71879;npp_d20250910_t1814020_e1815262_b71879,160.393,52.434,54.0213,98.0773,21.938,69.7653
214,VBD_npp_d20250910_t1810110_x1020306E_y067099N_l0229_s0806_v23,2025-09-10 20:24:38,6.709892,102.030602,6.35659,2025-09-10 18:10:11,2025-09-11 01:10:11,229,806,0.40135,8,18913,0.31877,0.22052,0.726174,0.4,0.813217,0.75,0.0845632,0.0001,6.87834e-08,999999,7.235316e-02,3,Thailand Exclusive Economic Zone,,,SVDNB_npp_d20250910_t1809458_e1811100_b71879_c20250910193718573000_oeac_ops.h5,GDNBO_npp_d20250910_t1809458_e1811100_b71879_c20250910193449503000_oeac_ops.h5,SVI04_npp_d20250910_t1809458_e1811100_b71879_c20250910193726893000_oeac_ops.dspace_rad,,eez_v11.shp,WPP_BFAR_merge.shp,vbd_mpa_r20170830.shp,VNF-VBD_npp_20120301-20151231_global_asia-enhanced_c201607211230.bitmask,vbd_landsea_r20220824.mask,timezone.shp,VBD_platforms-recurring_2015_r20170330.shp,0.330443,VBD_bridges_c20160811.shp,8.908844;6.970024;4.655672;-0.214400;1.955167;4.018827,96.765038;110.596878;124.199928;123.046227;109.474426;95.761597,npp_d20250910_t1809458_e1811100_b71879;npp_d20250910_t1811112_e1812354_b71879;npp_d20250910_t1812366_e1814008_b71879;npp_d20250910_t1814020_e1815262_b71879,160.919,53.9317,54.0236,98.0781,22.3078,68.1146
215,VBD_npp_d20250910_t1809585_x1021951E_y074131N_l0120_s0808_v23,2025-09-10 20:24:38,7.413120,102.195145,29.9981,2025-09-10 18:09:58,2025-09-11 01:09:58,120,808,0.395375,1,2529,0.80051,0.219249,0.895924,0.4,0.933,0.75,0.0848732,0.0001,7.66611e-08,999999,8.038886e-02,3,Thailand Exclusive Economic Zone,,,SVDNB_npp_d20250910_t1809458_e1811100_b71879_c20250910193718573000_oeac_ops.h5,GDNBO_npp_d20250910_t1809458_e1811100_b71879_c20250910193449503000_oeac_ops.h5,SVI04_npp_d20250910_t1809458_e1811100_b71879_c20250910193726893000_oeac_ops.dspace_rad,,eez_v11.shp,WPP_BFAR_merge.shp,vbd_mpa_r20170830.shp,VNF-VBD_npp_20120301-20151231_global_asia-enhanced_c201607211230.bitmask,vbd_landsea_r20220824.mask,timezone.shp,VBD_platforms-recurring_2015_r20170330.shp,999999,VBD_bridges_c20160811.shp,8.908844;6.970024;4.655672;-0.214400;1.955167;4.018827,96.765038;110.596878;124.199928;123.046227;109.474426;95.761597,npp_d20250910_t1809458_e1811100_b71879;npp_d20250910_t1811112_e1812354_b71879;npp_d20250910_t1812366_e1814008_b71879;npp_d20250910_t1814020_e1815262_b71879,160.408,52.5308,53.9674,97.8423,21.9423,69.6729
216,VBD_npp_d20250910_t1809479_x1023369E_y080688N_l0019_s0809_v23,2025-09-10 20:24:38,8.068769,102.336884,18.2525,2025-09-10 18:09:47,2025-09-11 01:09:47,19,809,0.401137,9,117217,0.64,0.200635,0.849117,0.4,0.889492,0.75,0.0851399,0.0001,8.46085e-08,999999,1.980845e-01,3,,,,SVDNB_npp_d20250910_t1809458_e1811100_b71879_c20250910193718573000_oeac_ops.h5,GDNBO_npp_d20250910_t1809458_e1811100_b71879_c20250910193449503000_oeac_ops.h5,SVI04_npp_d20250910_t1809458_e1811100_b71879_c20250910193726893000_oeac_ops.dspace_rad,,eez_v11.shp,WPP_BFAR_merge.shp,vbd_mpa_r20170830.shp,VNF-VBD_npp_20120301-20151231_global_asia-enhanced_c201607211230.bitmask,vbd_landsea_r20220824.mask,timezone.shp,VBD_platforms-recurring_2015_r20170330.shp,0.455275,VBD_bridges_c20160811.shp,8.908844;6.970024;4.655672;-0.214400;1.955167;4.018827,96.765038;110.596878;124.199928;123.046227;109.474426;95.761597,npp_d20250910_t1809458_e1811100_b71879;npp_d20250910_t1811112_e1812354_b71879;npp_d20250910_t1812366_e1814008_b71879;npp_d20250910_t1814020_e1815262_b71879,159.928,51.278,53.9417,97.9998,21.6251,71.1798
217,VBD_npp_d20250910_t1810110_x1020532E_y067206N_l0227_s0809_v23,2025-09-10 20:24:38,6.720638,102.053238,6.1718,2025-09-10 18:10:11,2025-09-11 01:10:11,227,809,0.399501,1,2529,0.312853,0.218734,0.786496,0.4,0.803991,0.75,0.0845827,0.0001,7.27992e-08,999999,8.364168e-02,3,Thailand Exclusive Economic Zone,,,SVDNB_npp_d20250910_t1809458_e1811100_b71879_c20250910193718573000_oeac_ops.h5,GDNBO_npp_d20250910_t1809458_e1811100_b71879_c20250910193449503000_oeac_ops.h5,SVI04_npp_d20250910_t1809458_e1811100_b71879_c20250910193726893000_oeac_ops.dspace_rad,,eez_v11.shp,WPP_BFAR_merge.shp,vbd_mpa_r20170830.shp,VNF-VBD_npp_20120301-20151231_global_asia-enhanced_c201607211230.bitmask,vbd_landsea_r20220824.mask,timezone.shp,VBD_platforms-recurring_2015_r20170330.shp,999999,VBD_bridges_c20160811.shp,8.908844;6.970024;4.655672;-0.214400;1.955167;4.018827,96.765038;110.596878;124.199928;123.046227;109.474426;95.761597,npp_d20250910_t1809458_e1811100_b71879;npp_d20250910_t1811112_e1812354_b71879;npp_d20250910_t1812366_e1814008_b71879;npp_d20250910_t1814020_e1815262_b71879,160.894,53.9474,53.9423,98.1753,22.2825,68.1212
218,VBD_npp_d20250910_t1809585_x1022079E_y074044N_l0121_s0810_v23,2025-09-10 20:24:38,7.404373,102.207932,23.9976,2025-09-10 18:09:58,2025-09-11 01:09:58,121,810,0.40384,1,2529,0.657323,0.250859,0.895924,0.4,0.89846,0.75,0.0848798,0.0001,7.89526e-08,999999,-1.194767e-01,3,Thailand Exclusive Economic Zone,,,SVDNB_npp_d20250910_t1809458_e1811100_b71879_c20250910193718573000_oeac_ops.h5,GDNBO_npp_d20250910_t1809458_e1811100_b71879_c20250910193449503000_oeac_ops.h5,SVI04_npp_d20250910_t1809458_e1811100_b71879_c20250910193726893000_oeac_ops.dspace_rad,,eez_v11.shp,WPP_BFAR_merge.shp,vbd_mpa_r20170830.shp,VNF-VBD_npp_20120301-20151231_global_asia-enhanced_c201607211230.bitmask,vbd_landsea_r20220824.mask,timezone.shp,VBD_platforms-recurring_2015_r20170330.shp,999999,VBD_bridges_c20160811.shp,8.908844;6.970024;4.655672;-0.214400;1.955167;4.018827,96.765038;110.596878;124.199928;123.046227;109.474426;95.761597,npp_d20250910_t1809458_e1811100_b71879;npp_d20250910_t1811112_e1812354_b71879;npp_d20250910_t1812366_e1814008_b71879;npp_d20250910_t1814020_e1815262_b71879,160.403,52.5736,53.9134,97.7966,21.9333,69.6426
219,VBD_npp_d20250910_t1810074_x1021082E_y069124N_l0197_s0811_v23,2025-09-10 20:24:38,6.912431,102.108208,7.34601,2025-09-10 18:10:07,2025-09-11 01:10:07,197,811,0.395091,1,2529,0.366027,0.251188,0.693734,0.4,0.834155,0.75,0.0846775,0.0001,7.64387e-08,999999,-1.215554e-01,3,Thailand Exclusive Economic Zone,,,SVDNB_npp_d20250910_t1809458_e1811100_b71879_c20250910193718573000_oeac_ops.h5,GDNBO_npp_d20250910_t1809458_e1811100_b71879_c20250910193449503000_oeac_ops.h5,SVI04_npp_d20250910_t1809458_e1811100_b71879_c20250910193726893000_oeac_ops.dspace_rad,,eez_v11.shp,WPP_BFAR_merge.shp,vbd_mpa_r20170830.shp,VNF-VBD_npp_20120301-20151231_global_asia-enhanced_c201607211230.bitmask,vbd_landsea_r20220824.mask,timezone.shp,VBD_platforms-recurring_2015_r20170330.shp,999999,VBD_bridges_c20160811.shp,8.908844;6.970024;4.655672;-0.214400;1.955167;4.018827,96.765038;110.596878;124.199928;123.046227;109.474426;95.761597,npp_d20250910_t1809458_e1811100_b71879;npp_d20250910_t1811112_e1812354_b71879;npp_d20250910_t1812366_e1814008_b71879;npp_d20250910_t1814020_e1815262_b71879,160.749,53.5752,53.8908,98.0546,22.1723,68.534
220,VBD_npp_d20250910_t1809585_x1022266E_y073879N_l0123_s0813_v23,2025-09-10 20:24:38,7.387869,102.226570,18.58,2025-09-10 18:09:58,2025-09-11 01:09:58,123,813,0.39189,1,2529,0.643846,0.251454,0.902252,0.4,0.903907,0.75,0.0848882,0.0001,8.23631e-08,999999,-1.232365e-01,3,Thailand Exclusive Economic Zone,,,SVDNB_npp_d20250910_t1809458_e1811100_b71879_c20250910193718573000_oeac_ops.h5,GDNBO_npp_d20250910_t1809458_e1811100_b71879_c20250910193449503000_oeac_ops.h5,SVI04_npp_d20250910_t1809458_e1811100_b71879_c20250910193726893000_oeac_ops.dspace_rad,,eez_v11.shp,WPP_BFAR_merge.shp,vbd_mpa_r20170830.shp,VNF-VBD_npp_20120301-20151231_global_asia-enhanced_c201607211230.bitmask,vbd_landsea_r20220824.mask,timezone.shp,VBD_platforms-recurring_2015_r20170330.shp,999999,VBD_bridges_c20160811.shp,8.908844;6.970024;4.655672;-0.214400;1.955167;4.018827,96.765038;110.596878;124.199928;123.046227;109.474426;95.761597,npp_d20250910_t1809458_e1811100_b71879;npp_d20250910_t1811112_e1812354_b71879;npp_d20250910_t1812366_e1814008_b71879;npp_d20250910_t1814020_e1815262_b71879,160.399,52.6443,53.8326,97.7042,21.9216,69.5895
221,VBD_npp_d20250910_t1810074_x1021238E_y068754N_l0202_s0814_v23,2025-09-10 20:24:38,6.875398,102.123833,5.31987,2025-09-10 18:10:07,2025-09-11 01:10:07,202,814,0.394522,1,2273,0.268699,0.224519,0.698904,0.4,0.767272,0.75,0.084677,0.0001,7.88866e-08,999999,4.706573e-02,3,Thailand Exclusive Economic Zone,,,SVDNB_npp_d20250910_t1809458_e1811100_b71879_c20250910193718573000_oeac_ops.h5,GDNBO_npp_d20250910_t1809458_e1811100_b71879_c20250910193449503000_oeac_ops.h5,SVI04_npp_d20250910_t1809458_e1811100_b71879_c20250910193726893000_oeac_ops.dspace_rad,,eez_v11.shp,WPP_BFAR_merge.shp,vbd_mpa_r20170830.shp,VNF-VBD_npp_20120301-20151231_global_asia-enhanced_c201607211230.bitmask,vbd_landsea_r20220824.mask,timezone.shp,VBD_platforms-recurring_2015_r20170330.shp,999999,VBD_bridges_c20160811.shp,8.908844;6.970024;4.655672;-0.214400;1.955167;4.018827,96.765038;110.596878;124.199928;123.046227;109.474426;95.761597,npp_d20250910_t1809458_e1811100_b71879;npp_d20250910_t1811112_e1812354_b71879;npp_d20250910_t1812366_e1814008_b71879;npp_d20250910_t1814020_e1815262_b71879,160.758,53.6888,53.8102,97.8198,22.1714,68.4355
222,VBD_npp_d20250910_t1809585_x1022383E_y073723N_l0125_s0815_v23,2025-09-10 20:24:38,7.372346,102.238304,58.6333,2025-09-10 18:09:58,2025-09-11 01:09:58,125,815,0.39061,1,2529,1.02171,0.253742,0.903135,0.4,0.956307,0.75,0.0848919,0.0001,8.45163e-08,999999,-1.377080e-01,3,Thailand Exclusive Economic Zone,,,SVDNB_npp_d20250910_t1809458_e1811100_b71879_c20250910193718573000_oeac_ops.h5,GDNBO_npp_d20250910_t1809458_e1811100_b71879_c20250910193449503000_oeac_ops.h5,SVI04_npp_d20250910_t1809458_e1811100_b71879_c20250910193726893000_oeac_ops.dspace_rad,,eez_v11.shp,WPP_BFAR_merge.shp,vbd_mpa_r20170830.shp,VNF-VBD_npp_20120301-20151231_global_asia-enhanced_c201607211230.bitmask,vbd_landsea_r20220824.mask,timezone.shp,VBD_platforms-recurring_2015_r20170330.shp,999999,VBD_bridges_c20160811.shp,8.908844;6.970024;4.655672;-0.214400;1.955167;4.018827,96.765038;110.596878;124.199928;123.046227;109.474426;95.761597,npp_d20250910_t1809458_e1811100_b71879;npp_d20250910_t1811112_e1812354_b71879;npp_d20250910_t1812366_e1814008_b71879;npp_d20250910_t1814020_e1815262_b71879,160.399,52.7003,53.779,97.6108,21.916,69.5439
223,VBD_npp_d20250910_t1809585_x1022442E_y073646N_l0126_s0816_v23,2025-09-10 20:24:38,7.364596,102.244164,23.7712,2025-09-10 18:09:58,2025-09-11 01:09:58,126,816,0.392317,1,2529,0.614033,0.248135,0.903135,0.4,0.874111,0.75,0.0848938,0.0001,8.56098e-08,999999,-1.022533e-01,3,Thailand Exclusive Economic Zone,,,SVDNB_npp_d20250910_t1809458_e1811100_b71879_c20250910193718573000_oeac_ops.h5,GDNBO_npp_d20250910_t1809458_e1811100_b71879_c20250910193449503000_oeac_ops.h5,SVI04_npp_d20250910_t1809458_e1811100_b71879_c20250910193726893000_oeac_ops.dspace_rad,,eez_v11.shp,WPP_BFAR_merge.shp,vbd_mpa_r20170830.shp,VNF-VBD_npp_20120301-20151231_global_asia-enhanced_c201607211230.bitmask,vbd_landsea_r20220824.mask,timezone.shp,VBD_platforms-recurring_2015_r20170330.shp,999999,VBD_bridges_c20160811.shp,8.908844;6.970024;4.655672;-0.214400;1.955167;4.018827,96.765038;110.596878;124.199928;123.046227;109.474426;95.761597,npp_d20250910_t1809458_e1811100_b71879;npp_d20250910_t1811112_e1812354_b71879;npp_d20250910_t1812366_e1814008_b71879;npp_d20250910_t1814020_e1815262_b71879,160.399,52.7283,53.7522,97.5641,21.9132,69.5211
224,VBD_npp_d20250910_t1809585_x1022422E_y073510N_l0128_s0816_v23,2025-09-10 20:24:38,7.350960,102.242195,36.8144,2025-09-10 18:09:58,2025-09-11 01:09:58,128,816,0.390965,1,2529,0.84623,0.240811,0.897003,0.4,0.841689,0.75,0.0848884,0.0001,8.50232e-08,999999,-5.594474e-02,3,Thailand Exclusive Economic Zone,,,SVDNB_npp_d20250910_t1809458_e1811100_b71879_c20250910193718573000_oeac_ops.h5,GDNBO_npp_d20250910_t1809458_e1811100_b71879_c20250910193449503000_oeac_ops.h5,SVI04_npp_d20250910_t1809458_e1811100_b71879_c20250910193726893000_oeac_ops.dspace_rad,,eez_v11.shp,WPP_BFAR_merge.shp,vbd_mpa_r20170830.shp,VNF-VBD_npp_20120301-20151231_global_asia-enhanced_c201607211230.bitmask,vbd_landsea_r20220824.mask,timezone.shp,VBD_platforms-recurring_2015_r20170330.shp,999999,VBD_bridges_c20160811.shp,8.908844;6.970024;4.655672;-0.214400;1.955167;4.018827,96.765038;110.596878;124.199928;123.046227;109.474426;95.761597,npp_d20250910_t1809458_e1811100_b71879;npp_d20250910_t1811112_e1812354_b71879;npp_d20250910_t1812366_e1814008_b71879;npp_d20250910_t1814020_e1815262_b71879,160.409,52.7552,53.7528,97.469,21.9199,69.4903
225,VBD_npp_d20250910_t1810128_x1020790E_y065613N_l0250_s0817_v23,2025-09-10 20:24:38,6.561253,102.078957,5.30332,2025-09-10 18:10:12,2025-09-11 01:10:12,250,817,0.399003,1,2273,0.245067,0.243174,0.725359,0.4,0.761079,0.75,0.0845539,0.0001,7.99061e-08,999999,-7.088657e-02,3,Thailand Exclusive Economic Zone,,,SVDNB_npp_d20250910_t1809458_e1811100_b71879_c20250910193718573000_oeac_ops.h5,GDNBO_npp_d20250910_t1809458_e1811100_b71879_c20250910193449503000_oeac_ops.h5,SVI04_npp_d20250910_t1809458_e1811100_b71879_c20250910193726893000_oeac_ops.dspace_rad,,eez_v11.shp,WPP_BFAR_merge.shp,vbd_mpa_r20170830.shp,VNF-VBD_npp_20120301-20151231_global_asia-enhanced_c201607211230.bitmask,vbd_landsea_r20220824.mask,timezone.shp,VBD_platforms-recurring_2015_r20170330.shp,999999,VBD_bridges_c20160811.shp,8.908844;6.970024;4.655672;-0.214400;1.955167;4.018827,96.765038;110.596878;124.199928;123.046227;109.474426;95.761597,npp_d20250910_t1809458_e1811100_b71879;npp_d20250910_t1811112_e1812354_b71879;npp_d20250910_t1812366_e1814008_b71879;npp_d20250910_t1814020_e1815262_b71879,160.961,54.3807,53.7269,97.8619,22.3127,67.7271
226,VBD_npp_d20250910_t1809497_x1023668E_y078816N_l0046_s0818_v23,2025-09-10 20:24:38,7.881615,102.366829,12.7418,2025-09-10 18:09:49,2025-09-11 01:09:49,46,818,0.387053,1,2529,0.549009,0.239915,0.799505,0.4,0.884077,0.75,0.0851123,0.0001,9.36813e-08,999999,-5.027957e-02,3,Thailand Exclusive Economic Zone,,,SVDNB_npp_d20250910_t1809458_e1811100_b71879_c20250910193718573000_oeac_ops.h5,GDNBO_npp_d20250910_t1809458_e1811100_b71879_c20250910193449503000_oeac_ops.h5,SVI04_npp_d20250910_t1809458_e1811100_b71879_c20250910193726893000_oeac_ops.dspace_rad,,eez_v11.shp,WPP_BFAR_merge.shp,vbd_mpa_r20170830.shp,VNF-VBD_npp_20120301-20151231_global_asia-enhanced_c201607211230.bitmask,vbd_landsea_r20220824.mask,timezone.shp,VBD_platforms-recurring_2015_r20170330.shp,999999,VBD_bridges_c20160811.shp,8.908844;6.970024;4.655672;-0.214400;1.955167;4.018827,96.765038;110.596878;124.199928;123.046227;109.474426;95.761597,npp_d20250910_t1809458_e1811100_b71879;npp_d20250910_t1811112_e1812354_b71879;npp_d20250910_t1812366_e1814008_b71879;npp_d20250910_t1814020_e1815262_b71879,160.015,51.7482,53.6977,97.5007,21.6519,70.6994
227,VBD_npp_d20250910_t1810003_x1022466E_y073411N_l0130_s0818_v23,2025-09-10 20:24:38,7.341061,102.246620,7.53317,2025-09-10 18:10:00,2025-09-11 01:10:00,130,818,0.389756,1,2529,0.34264,0.24503,0.897003,0.4,0.759595,0.75,0.0848922,0.0001,9.07739e-08,999999,-8.261979e-02,3,Thailand Exclusive Economic Zone,,,SVDNB_npp_d20250910_t1809458_e1811100_b71879_c20250910193718573000_oeac_ops.h5,GDNBO_npp_d20250910_t1809458_e1811100_b71879_c20250910193449503000_oeac_ops.h5,SVI04_npp_d20250910_t1809458_e1811100_b71879_c20250910193726893000_oeac_ops.dspace_rad,,eez_v11.shp,WPP_BFAR_merge.shp,vbd_mpa_r20170830.shp,VNF-VBD_npp_20120301-20151231_global_asia-enhanced_c201607211230.bitmask,vbd_landsea_r20220824.mask,timezone.shp,VBD_platforms-recurring_2015_r20170330.shp,999999,VBD_bridges_c20160811.shp,8.908844;6.970024;4.655672;-0.214400;1.955167;4.018827,96.765038;110.596878;124.199928;123.046227;109.474426;95.761597,npp_d20250910_t1809458_e1811100_b71879;npp_d20250910_t1811112_e1812354_b71879;npp_d20250910_t1812366_e1814008_b71879;npp_d20250910_t1814020_e1815262_b71879,160.405,52.7988,53.701,98.1505,21.9126,69.4577
228,VBD_npp_d20250910_t1809585_x1022715E_y073609N_l0126_s0820_v23,2025-09-10 20:24:38,7.360886,102.271454,64.0899,2025-09-10 18:09:58,2025-09-11 01:09:58,126,820,0.401564,1,2529,0.623413,0.198211,0.890713,0.4,0.950647,0.75,0.0849123,0.0001,9.13462e-08,999999,2.134077e-01,3,Thailand Exclusive Economic Zone,,,SVDNB_npp_d20250910_t1809458_e1811100_b71879_c20250910193718573000_oeac_ops.h5,GDNBO_npp_d20250910_t1809458_e1811100_b71879_c20250910193449503000_oeac_ops.h5,SVI04_npp_d20250910_t1809458_e1811100_b71879_c20250910193726893000_oeac_ops.dspace_rad,,eez_v11.shp,WPP_BFAR_merge.shp,vbd_mpa_r20170830.shp,VNF-VBD_npp_20120301-20151231_global_asia-enhanced_c201607211230.bitmask,vbd_landsea_r20220824.mask,timezone.shp,VBD_platforms-recurring_2015_r20170330.shp,999999,VBD_bridges_c20160811.shp,8.908844;6.970024;4.655672;-0.214400;1.955167;4.018827,96.765038;110.596878;124.199928;123.046227;109.474426;95.761597,npp_d20250910_t1809458_e1811100_b71879;npp_d20250910_t1811112_e1812354_b71879;npp_d20250910_t1812366_e1814008_b71879;npp_d20250910_t1814020_e1815262_b71879,160.38,52.786,53.6441,97.5671,21.8888,69.4918
229,VBD_npp_d20250910_t1810128_x1021013E_y065720N_l0248_s0820_v23,2025-09-10 20:24:38,6.572007,102.101318,7.83533,2025-09-10 18:10:12,2025-09-11 01:10:12,248,820,0.391534,8,18913,0.383604,0.247731,0.754992,0.4,0.817592,0.75,0.0845735,0.0001,8.45124e-08,999999,-9.969678e-02,3,Thailand Exclusive Economic Zone,,,SVDNB_npp_d20250910_t1809458_e1811100_b71879_c20250910193718573000_oeac_ops.h5,GDNBO_npp_d20250910_t1809458_e1811100_b71879_c20250910193449503000_oeac_ops.h5,SVI04_npp_d20250910_t1809458_e1811100_b71879_c20250910193726893000_oeac_ops.dspace_rad,,eez_v11.shp,WPP_BFAR_merge.shp,vbd_mpa_r20170830.shp,VNF-VBD_npp_20120301-20151231_global_asia-enhanced_c201607211230.bitmask,vbd_landsea_r20220824.mask,timezone.shp,VBD_platforms-recurring_2015_r20170330.shp,0.195583,VBD_bridges_c20160811.shp,8.908844;6.970024;4.655672;-0.214400;1.955167;4.018827,96.765038;110.596878;124.199928;123.046227;109.474426;95.761597,npp_d20250910_t1809458_e1811100_b71879;npp_d20250910_t1811112_e1812354_b71879;npp_d20250910_t1812366_e1814008_b71879;npp_d20250910_t1814020_e1815262_b71879,160.937,54.3954,53.6457,97.9592,22.2876,67.7335
230,VBD_npp_d20250910_t1809585_x1022773E_y073532N_l0127_s0821_v23,2025-09-10 20:24:38,7.353160,102.277275,24.0168,2025-09-10 18:09:58,2025-09-11 01:09:58,127,821,0.395091,7,2209,0.270665,0.213514,0.887224,0.4,0.638581,0.75,0.0849142,0.0001,9.25157e-08,999999,1.166519e-01,3,,,,SVDNB_npp_d20250910_t1809458_e1811100_b71879_c20250910193718573000_oeac_ops.h5,GDNBO_npp_d20250910_t1809458_e1811100_b71879_c20250910193449503000_oeac_ops.h5,SVI04_npp_d20250910_t1809458_e1811100_b71879_c20250910193726893000_oeac_ops.dspace_rad,,eez_v11.shp,WPP_BFAR_merge.shp,vbd_mpa_r20170830.shp,VNF-VBD_npp_20120301-20151231_global_asia-enhanced_c201607211230.bitmask,vbd_landsea_r20220824.mask,timezone.shp,VBD_platforms-recurring_2015_r20170330.shp,999999,VBD_bridges_c20160811.shp,8.908844;6.970024;4.655672;-0.214400;1.955167;4.018827,96.765038;110.596878;124.199928;123.046227;109.474426;95.761597,npp_d20250910_t1809458_e1811100_b71879;npp_d20250910_t1811112_e1812354_b71879;npp_d20250910_t1812366_e1814008_b71879;npp_d20250910_t1814020_e1815262_b71879,160.38,52.8138,53.6174,97.5202,21.886,69.4691
231,VBD_npp_d20250910_t1809585_x1022880E_y073794N_l0123_s0822_v23,2025-09-10 20:24:38,7.379433,102.287979,18.0659,2025-09-10 18:09:58,2025-09-11 01:09:58,123,822,0.397865,1,2529,0.636903,0.203612,0.890713,0.4,0.907085,0.75,0.0849296,0.0001,9.53037e-08,999999,1.792592e-01,3,Thailand Exclusive Economic Zone,,,SVDNB_npp_d20250910_t1809458_e1811100_b71879_c20250910193718573000_oeac_ops.h5,GDNBO_npp_d20250910_t1809458_e1811100_b71879_c20250910193449503000_oeac_ops.h5,SVI04_npp_d20250910_t1809458_e1811100_b71879_c20250910193726893000_oeac_ops.dspace_rad,,eez_v11.shp,WPP_BFAR_merge.shp,vbd_mpa_r20170830.shp,VNF-VBD_npp_20120301-20151231_global_asia-enhanced_c201607211230.bitmask,vbd_landsea_r20220824.mask,timezone.shp,VBD_platforms-recurring_2015_r20170330.shp,999999,VBD_bridges_c20160811.shp,8.908844;6.970024;4.655672;-0.214400;1.955167;4.018827,96.765038;110.596878;124.199928;123.046227;109.474426;95.761597,npp_d20250910_t1809458_e1811100_b71879;npp_d20250910_t1811112_e1812354_b71879;npp_d20250910_t1812366_e1814008_b71879;npp_d20250910_t1814020_e1815262_b71879,160.355,52.7745,53.5894,97.7115,21.8666,69.5235
232,VBD_npp_d20250910_t1809585_x1022908E_y073513N_l0127_s0823_v23,2025-09-10 20:24:38,7.351322,102.290840,24.1186,2025-09-10 18:09:58,2025-09-11 01:09:58,127,823,0.398719,1,2529,0.624869,0.209558,0.851114,0.4,0.873331,0.75,0.0849234,0.0001,9.55424e-08,999999,1.416656e-01,3,Thailand Exclusive Economic Zone,,,SVDNB_npp_d20250910_t1809458_e1811100_b71879_c20250910193718573000_oeac_ops.h5,GDNBO_npp_d20250910_t1809458_e1811100_b71879_c20250910193449503000_oeac_ops.h5,SVI04_npp_d20250910_t1809458_e1811100_b71879_c20250910193726893000_oeac_ops.dspace_rad,,eez_v11.shp,WPP_BFAR_merge.shp,vbd_mpa_r20170830.shp,VNF-VBD_npp_20120301-20151231_global_asia-enhanced_c201607211230.bitmask,vbd_landsea_r20220824.mask,timezone.shp,VBD_platforms-recurring_2015_r20170330.shp,999999,VBD_bridges_c20160811.shp,8.908844;6.970024;4.655672;-0.214400;1.955167;4.018827,96.765038;110.596878;124.199928;123.046227;109.474426;95.761597,npp_d20250910_t1809458_e1811100_b71879;npp_d20250910_t1811112_e1812354_b71879;npp_d20250910_t1812366_e1814008_b71879;npp_d20250910_t1814020_e1815262_b71879,160.37,52.8425,53.5635,97.5217,21.8739,69.4545
233,VBD_npp_d20250910_t1810021_x1022596E_y071905N_l0152_s0824_v23,2025-09-10 20:24:38,7.190524,102.259628,38.7797,2025-09-10 18:10:02,2025-09-11 01:10:02,152,824,0.335056,8,18913,0.890483,0.256312,0.858874,0.4,0.943304,0.75,0.0848601,0.0001,9.6865e-08,999999,-1.539585e-01,3,Thailand Exclusive Economic Zone,,,SVDNB_npp_d20250910_t1809458_e1811100_b71879_c20250910193718573000_oeac_ops.h5,GDNBO_npp_d20250910_t1809458_e1811100_b71879_c20250910193449503000_oeac_ops.h5,SVI04_npp_d20250910_t1809458_e1811100_b71879_c20250910193726893000_oeac_ops.dspace_rad,,eez_v11.shp,WPP_BFAR_merge.shp,vbd_mpa_r20170830.shp,VNF-VBD_npp_20120301-20151231_global_asia-enhanced_c201607211230.bitmask,vbd_landsea_r20220824.mask,timezone.shp,VBD_platforms-recurring_2015_r20170330.shp,0.615758,VBD_bridges_c20160811.shp,8.908844;6.970024;4.655672;-0.214400;1.955167;4.018827,96.765038;110.596878;124.199928;123.046227;109.474426;95.761597,npp_d20250910_t1809458_e1811100_b71879;npp_d20250910_t1811112_e1812354_b71879;npp_d20250910_t1812366_e1814008_b71879;npp_d20250910_t1814020_e1815262_b71879,160.48,53.1741,53.5394,97.8817,21.9477,69.0857
234,VBD_npp_d20250910_t1810021_x1022692E_y071615N_l0156_s0826_v23,2025-09-10 20:24:38,7.161493,102.269249,11.1453,2025-09-10 18:10:02,2025-09-11 01:10:02,156,826,0.332211,8,18913,0.468961,0.250569,0.843271,0.4,0.829718,0.75,0.0848585,0.0001,9.8669e-08,999999,-1.176433e-01,3,Thailand Exclusive Economic Zone,,,SVDNB_npp_d20250910_t1809458_e1811100_b71879_c20250910193718573000_oeac_ops.h5,GDNBO_npp_d20250910_t1809458_e1811100_b71879_c20250910193449503000_oeac_ops.h5,SVI04_npp_d20250910_t1809458_e1811100_b71879_c20250910193726893000_oeac_ops.dspace_rad,,eez_v11.shp,WPP_BFAR_merge.shp,vbd_mpa_r20170830.shp,VNF-VBD_npp_20120301-20151231_global_asia-enhanced_c201607211230.bitmask,vbd_landsea_r20220824.mask,timezone.shp,VBD_platforms-recurring_2015_r20170330.shp,0.752946,VBD_bridges_c20160811.shp,8.908844;6.970024;4.655672;-0.214400;1.955167;4.018827,96.765038;110.596878;124.199928;123.046227;109.474426;95.761597,npp_d20250910_t1809458_e1811100_b71879;npp_d20250910_t1811112_e1812354_b71879;npp_d20250910_t1812366_e1814008_b71879;npp_d20250910_t1814020_e1815262_b71879,160.49,53.257,53.4861,97.6926,21.9492,69.0097
235,VBD_npp_d20250910_t1810057_x1022519E_y069434N_l0189_s0830_v23,2025-09-10 20:24:38,6.943427,102.251923,11.4271,2025-09-10 18:10:05,2025-09-11 01:10:05,189,830,0.393597,8,18913,0.511303,0.261087,0.828529,0.4,0.870485,0.75,0.0847873,0.0001,1.02465e-07,999999,-1.841501e-01,3,Thailand Exclusive Economic Zone,,,SVDNB_npp_d20250910_t1809458_e1811100_b71879_c20250910193718573000_oeac_ops.h5,GDNBO_npp_d20250910_t1809458_e1811100_b71879_c20250910193449503000_oeac_ops.h5,SVI04_npp_d20250910_t1809458_e1811100_b71879_c20250910193726893000_oeac_ops.dspace_rad,,eez_v11.shp,WPP_BFAR_merge.shp,vbd_mpa_r20170830.shp,VNF-VBD_npp_20120301-20151231_global_asia-enhanced_c201607211230.bitmask,vbd_landsea_r20220824.mask,timezone.shp,VBD_platforms-recurring_2015_r20170330.shp,0.341509,VBD_bridges_c20160811.shp,8.908844;6.970024;4.655672;-0.214400;1.955167;4.018827,96.765038;110.596878;124.199928;123.046227;109.474426;95.761597,npp_d20250910_t1809458_e1811100_b71879;npp_d20250910_t1811112_e1812354_b71879;npp_d20250910_t1812366_e1814008_b71879;npp_d20250910_t1814020_e1815262_b71879,160.621,53.7491,53.3765,97.6741,22.0325,68.4985
236,VBD_npp_d20250910_t1810057_x1023443E_y069238N_l0190_s0844_v23,2025-09-10 20:24:38,6.923834,102.344307,36.6158,2025-09-10 18:10:05,2025-09-11 01:10:05,190,844,0.395518,1,2529,0.930347,0.21736,0.895008,0.4,0.958824,0.75,0.0848492,0.0001,1.2735e-07,999999,9.233299e-02,3,Thailand Exclusive Economic Zone,,,SVDNB_npp_d20250910_t1809458_e1811100_b71879_c20250910193718573000_oeac_ops.h5,GDNBO_npp_d20250910_t1809458_e1811100_b71879_c20250910193449503000_oeac_ops.h5,SVI04_npp_d20250910_t1809458_e1811100_b71879_c20250910193726893000_oeac_ops.dspace_rad,,eez_v11.shp,WPP_BFAR_merge.shp,vbd_mpa_r20170830.shp,VNF-VBD_npp_20120301-20151231_global_asia-enhanced_c201607211230.bitmask,vbd_landsea_r20220824.mask,timezone.shp,VBD_platforms-recurring_2015_r20170330.shp,999999,VBD_bridges_c20160811.shp,8.908844;6.970024;4.655672;-0.214400;1.955167;4.018827,96.765038;110.596878;124.199928;123.046227;109.474426;95.761597,npp_d20250910_t1809458_e1811100_b71879;npp_d20250910_t1811112_e1812354_b71879;npp_d20250910_t1812366_e1814008_b71879;npp_d20250910_t1814020_e1815262_b71879,160.559,53.9587,53.0007,97.636,21.9531,68.3787
237,VBD_npp_d20250910_t1809479_x1025734E_y079877N_l0026_s0845_v23,2025-09-10 20:24:38,7.987670,102.573425,5.77037,2025-09-10 18:09:47,2025-09-11 01:09:47,26,845,0.397794,1,2529,0.306631,0.236113,0.687512,0.4,0.778898,0.75,0.0852879,0.0001,1.4677e-07,999999,-2.623910e-02,3,Thailand Exclusive Economic Zone,,,SVDNB_npp_d20250910_t1809458_e1811100_b71879_c20250910193718573000_oeac_ops.h5,GDNBO_npp_d20250910_t1809458_e1811100_b71879_c20250910193449503000_oeac_ops.h5,SVI04_npp_d20250910_t1809458_e1811100_b71879_c20250910193726893000_oeac_ops.dspace_rad,,eez_v11.shp,WPP_BFAR_merge.shp,vbd_mpa_r20170830.shp,VNF-VBD_npp_20120301-20151231_global_asia-enhanced_c201607211230.bitmask,vbd_landsea_r20220824.mask,timezone.shp,VBD_platforms-recurring_2015_r20170330.shp,999999,VBD_bridges_c20160811.shp,8.908844;6.970024;4.655672;-0.214400;1.955167;4.018827,96.765038;110.596878;124.199928;123.046227;109.474426;95.761597,npp_d20250910_t1809458_e1811100_b71879;npp_d20250910_t1811112_e1812354_b71879;npp_d20250910_t1812366_e1814008_b71879;npp_d20250910_t1814020_e1815262_b71879,159.795,51.8811,52.9725,97.6999,21.4268,70.8177
238,VBD_npp_d20250910_t1810057_x1023595E_y069355N_l0188_s0846_v23,2025-09-10 20:24:38,6.935459,102.359474,29.2636,2025-09-10 18:10:05,2025-09-11 01:10:05,188,846,0.404196,1,2529,0.83278,0.199545,0.895008,0.4,0.946359,0.75,0.0848638,0.0001,1.32299e-07,999999,2.049708e-01,3,Thailand Exclusive Economic Zone,,,SVDNB_npp_d20250910_t1809458_e1811100_b71879_c20250910193718573000_oeac_ops.h5,GDNBO_npp_d20250910_t1809458_e1811100_b71879_c20250910193449503000_oeac_ops.h5,SVI04_npp_d20250910_t1809458_e1811100_b71879_c20250910193726893000_oeac_ops.dspace_rad,,eez_v11.shp,WPP_BFAR_merge.shp,vbd_mpa_r20170830.shp,VNF-VBD_npp_20120301-20151231_global_asia-enhanced_c201607211230.bitmask,vbd_landsea_r20220824.mask,timezone.shp,VBD_platforms-recurring_2015_r20170330.shp,999999,VBD_bridges_c20160811.shp,8.908844;6.970024;4.655672;-0.214400;1.955167;4.018827,96.765038;110.596878;124.199928;123.046227;109.474426;95.761597,npp_d20250910_t1809458_e1811100_b71879;npp_d20250910_t1811112_e1812354_b71879;npp_d20250910_t1812366_e1814008_b71879;npp_d20250910_t1814020_e1815262_b71879,160.54,53.959,52.9466,97.7334,21.9345,68.3938
239,VBD_npp_d20250910_t1809497_x1026414E_y078926N_l0039_s0858_v23,2025-09-10 20:24:38,7.892612,102.641396,6.27768,2025-09-10 18:09:49,2025-09-11 01:09:49,39,858,0.391037,1,2529,0.347407,0.233334,0.767435,0.4,0.836903,0.75,0.0853146,0.0001,1.79474e-07,999999,-8.666781e-03,3,Thailand Exclusive Economic Zone,,,SVDNB_npp_d20250910_t1809458_e1811100_b71879_c20250910193718573000_oeac_ops.h5,GDNBO_npp_d20250910_t1809458_e1811100_b71879_c20250910193449503000_oeac_ops.h5,SVI04_npp_d20250910_t1809458_e1811100_b71879_c20250910193726893000_oeac_ops.dspace_rad,,eez_v11.shp,WPP_BFAR_merge.shp,vbd_mpa_r20170830.shp,VNF-VBD_npp_20120301-20151231_global_asia-enhanced_c201607211230.bitmask,vbd_landsea_r20220824.mask,timezone.shp,VBD_platforms-recurring_2015_r20170330.shp,999999,VBD_bridges_c20160811.shp,8.908844;6.970024;4.655672;-0.214400;1.955167;4.018827,96.765038;110.596878;124.199928;123.046227;109.474426;95.761597,npp_d20250910_t1809458_e1811100_b71879;npp_d20250910_t1811112_e1812354_b71879;npp_d20250910_t1812366_e1814008_b71879;npp_d20250910_t1814020_e1815262_b71879,159.794,52.22,52.6189,97.8729,21.3874,70.5305
240,VBD_npp_d20250910_t1809479_x1026716E_y080091N_l0021_s0859_v23,2025-09-10 20:24:38,8.009143,102.671585,19.4113,2025-09-10 18:09:47,2025-09-11 01:09:47,21,859,0.391819,8,18913,0.701504,0.206392,0.845095,0.4,0.936134,0.75,0.0853653,0.0001,1.85235e-07,999999,1.616840e-01,3,Thailand Exclusive Economic Zone,,,SVDNB_npp_d20250910_t1809458_e1811100_b71879_c20250910193718573000_oeac_ops.h5,GDNBO_npp_d20250910_t1809458_e1811100_b71879_c20250910193449503000_oeac_ops.h5,SVI04_npp_d20250910_t1809458_e1811100_b71879_c20250910193726893000_oeac_ops.dspace_rad,,eez_v11.shp,WPP_BFAR_merge.shp,vbd_mpa_r20170830.shp,VNF-VBD_npp_20120301-20151231_global_asia-enhanced_c201607211230.bitmask,vbd_landsea_r20220824.mask,timezone.shp,VBD_platforms-recurring_2015_r20170330.shp,0.657725,VBD_bridges_c20160811.shp,8.908844;6.970024;4.655672;-0.214400;1.955167;4.018827,96.765038;110.596878;124.199928;123.046227;109.474426;95.761597,npp_d20250910_t1809458_e1811100_b71879;npp_d20250910_t1811112_e1812354_b71879;npp_d20250910_t1812366_e1814008_b71879;npp_d20250910_t1814020_e1815262_b71879,159.705,52.0114,52.5923,97.9596,21.3263,70.8009
241,VBD_npp_d20250910_t1809568_x1025878E_y074656N_l0104_s0863_v23,2025-09-10 20:24:38,7.465627,102.587845,23.6071,2025-09-10 18:09:56,2025-09-11 01:09:56,104,863,0.403698,1,35297,0.796052,0.209518,0.899728,0.4,0.953843,0.75,0.0851703,0.0001,1.85812e-07,999999,1.419137e-01,3,Thailand Exclusive Economic Zone,,,SVDNB_npp_d20250910_t1809458_e1811100_b71879_c20250910193718573000_oeac_ops.h5,GDNBO_npp_d20250910_t1809458_e1811100_b71879_c20250910193449503000_oeac_ops.h5,SVI04_npp_d20250910_t1809458_e1811100_b71879_c20250910193726893000_oeac_ops.dspace_rad,,eez_v11.shp,WPP_BFAR_merge.shp,vbd_mpa_r20170830.shp,VNF-VBD_npp_20120301-20151231_global_asia-enhanced_c201607211230.bitmask,vbd_landsea_r20220824.mask,timezone.shp,VBD_platforms-recurring_2015_r20170330.shp,999999,VBD_bridges_c20160811.shp,8.908844;6.970024;4.655672;-0.214400;1.955167;4.018827,96.765038;110.596878;124.199928;123.046227;109.474426;95.761597,npp_d20250910_t1809458_e1811100_b71879;npp_d20250910_t1811112_e1812354_b71879;npp_d20250910_t1812366_e1814008_b71879;npp_d20250910_t1814020_e1815262_b71879,160.072,53.1069,52.4764,97.8783,21.5595,69.5083
242,VBD_npp_d20250910_t1809568_x1026137E_y074972N_l0099_s0866_v23,2025-09-10 20:24:38,7.497190,102.613693,143.568,2025-09-10 18:09:56,2025-09-11 01:09:56,99,866,0.426531,4,100837,1.41619,0.121373,0.911188,0.4,0.971981,0.75,0.0851977,0.0001,1.98281e-07,999999,6.992458e-01,3,Thailand Exclusive Economic Zone,,,SVDNB_npp_d20250910_t1809458_e1811100_b71879_c20250910193718573000_oeac_ops.h5,GDNBO_npp_d20250910_t1809458_e1811100_b71879_c20250910193449503000_oeac_ops.h5,SVI04_npp_d20250910_t1809458_e1811100_b71879_c20250910193726893000_oeac_ops.dspace_rad,,eez_v11.shp,WPP_BFAR_merge.shp,vbd_mpa_r20170830.shp,VNF-VBD_npp_20120301-20151231_global_asia-enhanced_c201607211230.bitmask,vbd_landsea_r20220824.mask,timezone.shp,VBD_platforms-recurring_2015_r20170330.shp,999999,VBD_bridges_c20160811.shp,8.908844;6.970024;4.655672;-0.214400;1.955167;4.018827,96.765038;110.596878;124.199928;123.046227;109.474426;95.761597,npp_d20250910_t1809458_e1811100_b71879;npp_d20250910_t1811112_e1812354_b71879;npp_d20250910_t1812366_e1814008_b71879;npp_d20250910_t1814020_e1815262_b71879,160.033,53.0831,52.39,98.1317,21.5238,69.5648
243,VBD_npp_d20250910_t1809585_x1025960E_y073715N_l0118_s0867_v23,2025-09-10 20:24:38,7.371506,102.595993,8.10626,2025-09-10 18:09:58,2025-09-11 01:09:58,118,867,0.397083,1,2529,0.428686,0.256106,0.802445,0.4,0.895643,0.75,0.0851507,0.0001,1.97476e-07,999999,-1.526538e-01,3,Thailand Exclusive Economic Zone,,,SVDNB_npp_d20250910_t1809458_e1811100_b71879_c20250910193718573000_oeac_ops.h5,GDNBO_npp_d20250910_t1809458_e1811100_b71879_c20250910193449503000_oeac_ops.h5,SVI04_npp_d20250910_t1809458_e1811100_b71879_c20250910193726893000_oeac_ops.dspace_rad,,eez_v11.shp,WPP_BFAR_merge.shp,vbd_mpa_r20170830.shp,VNF-VBD_npp_20120301-20151231_global_asia-enhanced_c201607211230.bitmask,vbd_landsea_r20220824.mask,timezone.shp,VBD_platforms-recurring_2015_r20170330.shp,999999,VBD_bridges_c20160811.shp,8.908844;6.970024;4.655672;-0.214400;1.955167;4.018827,96.765038;110.596878;124.199928;123.046227;109.474426;95.761597,npp_d20250910_t1809458_e1811100_b71879;npp_d20250910_t1811112_e1812354_b71879;npp_d20250910_t1812366_e1814008_b71879;npp_d20250910_t1814020_e1815262_b71879,160.116,53.3426,52.3605,97.9935,21.5788,69.269
244,VBD_npp_d20250910_t1809568_x1026276E_y074952N_l0099_s0868_v23,2025-09-10 20:24:38,7.495217,102.627594,6.07559,2025-09-10 18:09:56,2025-09-11 01:09:56,99,868,0.404978,7,100513,0.226503,0.119908,0.903542,0.4,0.629486,0.75,0.0852069,0.0001,2.04787e-07,999999,7.085067e-01,3,,,,SVDNB_npp_d20250910_t1809458_e1811100_b71879_c20250910193718573000_oeac_ops.h5,GDNBO_npp_d20250910_t1809458_e1811100_b71879_c20250910193449503000_oeac_ops.h5,SVI04_npp_d20250910_t1809458_e1811100_b71879_c20250910193726893000_oeac_ops.dspace_rad,,eez_v11.shp,WPP_BFAR_merge.shp,vbd_mpa_r20170830.shp,VNF-VBD_npp_20120301-20151231_global_asia-enhanced_c201607211230.bitmask,vbd_landsea_r20220824.mask,timezone.shp,VBD_platforms-recurring_2015_r20170330.shp,999999,VBD_bridges_c20160811.shp,8.908844;6.970024;4.655672;-0.214400;1.955167;4.018827,96.765038;110.596878;124.199928;123.046227;109.474426;95.761597,npp_d20250910_t1809458_e1811100_b71879;npp_d20250910_t1811112_e1812354_b71879;npp_d20250910_t1812366_e1814008_b71879;npp_d20250910_t1814020_e1815262_b71879,160.023,53.112,52.3326,98.1336,21.5114,69.5494
245,VBD_npp_d20250910_t1810163_x1024188E_y063483N_l0275_s0873_v23,2025-09-10 20:24:38,6.348347,102.418762,18.1659,2025-09-10 18:10:16,2025-09-11 01:10:16,275,873,0.398007,1,2529,0.664788,0.233639,0.851076,0.4,0.907143,0.75,0.0847407,0.0001,1.95227e-07,999999,-1.059796e-02,3,Malaysian Exclusive Economic Zone,,,SVDNB_npp_d20250910_t1809458_e1811100_b71879_c20250910193718573000_oeac_ops.h5,GDNBO_npp_d20250910_t1809458_e1811100_b71879_c20250910193449503000_oeac_ops.h5,SVI04_npp_d20250910_t1809458_e1811100_b71879_c20250910193726893000_oeac_ops.dspace_rad,,eez_v11.shp,WPP_BFAR_merge.shp,vbd_mpa_r20170830.shp,VNF-VBD_npp_20120301-20151231_global_asia-enhanced_c201607211230.bitmask,vbd_landsea_r20220824.mask,timezone.shp,VBD_platforms-recurring_2015_r20170330.shp,999999,VBD_bridges_c20160811.shp,8.908844;6.970024;4.655672;-0.214400;1.955167;4.018827,96.765038;110.596878;124.199928;123.046227;109.474426;95.761597,npp_d20250910_t1809458_e1811100_b71879;npp_d20250910_t1811112_e1812354_b71879;npp_d20250910_t1812366_e1814008_b71879;npp_d20250910_t1814020_e1815262_b71879,160.795,55.507,52.195,98.2758,22.0661,66.9366
246,VBD_npp_d20250910_t1809479_x1028203E_y079116N_l0032_s0882_v23,2025-09-10 20:24:38,7.911597,102.820320,13.605,2025-09-10 18:09:47,2025-09-11 01:09:47,32,882,0.401635,1,2529,0.615263,0.220309,0.827459,0.4,0.926675,0.75,0.0854432,0.0001,2.58695e-07,999999,7.368884e-02,3,Thailand Exclusive Economic Zone,,,SVDNB_npp_d20250910_t1809458_e1811100_b71879_c20250910193718573000_oeac_ops.h5,GDNBO_npp_d20250910_t1809458_e1811100_b71879_c20250910193449503000_oeac_ops.h5,SVI04_npp_d20250910_t1809458_e1811100_b71879_c20250910193726893000_oeac_ops.dspace_rad,,eez_v11.shp,WPP_BFAR_merge.shp,vbd_mpa_r20170830.shp,VNF-VBD_npp_20120301-20151231_global_asia-enhanced_c201607211230.bitmask,vbd_landsea_r20220824.mask,timezone.shp,VBD_platforms-recurring_2015_r20170330.shp,999999,VBD_bridges_c20160811.shp,8.908844;6.970024;4.655672;-0.214400;1.955167;4.018827,96.765038;110.596878;124.199928;123.046227;109.474426;95.761597,npp_d20250910_t1809458_e1811100_b71879;npp_d20250910_t1811112_e1812354_b71879;npp_d20250910_t1812366_e1814008_b71879;npp_d20250910_t1814020_e1815262_b71879,159.648,52.4837,51.9349,97.4274,21.2179,70.4528
247,VBD_npp_d20250910_t1809497_x1028205E_y079096N_l0033_s0883_v23,2025-09-10 20:24:38,7.909564,102.820534,4.4672,2025-09-10 18:09:49,2025-09-11 01:09:49,33,883,0.401635,1,2273,0.256658,0.231866,0.835343,0.4,0.769333,0.75,0.0854452,0.0001,2.72837e-07,999999,6.114019e-04,3,Thailand Exclusive Economic Zone,,,SVDNB_npp_d20250910_t1809458_e1811100_b71879_c20250910193718573000_oeac_ops.h5,GDNBO_npp_d20250910_t1809458_e1811100_b71879_c20250910193449503000_oeac_ops.h5,SVI04_npp_d20250910_t1809458_e1811100_b71879_c20250910193726893000_oeac_ops.dspace_rad,,eez_v11.shp,WPP_BFAR_merge.shp,vbd_mpa_r20170830.shp,VNF-VBD_npp_20120301-20151231_global_asia-enhanced_c201607211230.bitmask,vbd_landsea_r20220824.mask,timezone.shp,VBD_platforms-recurring_2015_r20170330.shp,999999,VBD_bridges_c20160811.shp,8.908844;6.970024;4.655672;-0.214400;1.955167;4.018827,96.765038;110.596878;124.199928;123.046227;109.474426;95.761597,npp_d20250910_t1809458_e1811100_b71879;npp_d20250910_t1811112_e1812354_b71879;npp_d20250910_t1812366_e1814008_b71879;npp_d20250910_t1814020_e1815262_b71879,159.643,52.5015,51.9021,98.1996,21.2116,70.442
248,VBD_npp_d20250910_t1809479_x1028554E_y079138N_l0031_s0887_v23,2025-09-10 20:24:38,7.913829,102.855446,4.07114,2025-09-10 18:09:47,2025-09-11 01:09:47,31,887,0.407041,2,2209,0.216754,0.195648,0.801182,0.4,0.710967,0.75,0.0854688,0.0001,2.80686e-07,999999,2.296150e-01,3,Thailand Exclusive Economic Zone,,,SVDNB_npp_d20250910_t1809458_e1811100_b71879_c20250910193718573000_oeac_ops.h5,GDNBO_npp_d20250910_t1809458_e1811100_b71879_c20250910193449503000_oeac_ops.h5,SVI04_npp_d20250910_t1809458_e1811100_b71879_c20250910193726893000_oeac_ops.dspace_rad,,eez_v11.shp,WPP_BFAR_merge.shp,vbd_mpa_r20170830.shp,VNF-VBD_npp_20120301-20151231_global_asia-enhanced_c201607211230.bitmask,vbd_landsea_r20220824.mask,timezone.shp,VBD_platforms-recurring_2015_r20170330.shp,999999,VBD_bridges_c20160811.shp,8.908844;6.970024;4.655672;-0.214400;1.955167;4.018827,96.765038;110.596878;124.199928;123.046227;109.474426;95.761597,npp_d20250910_t1809458_e1811100_b71879;npp_d20250910_t1811112_e1812354_b71879;npp_d20250910_t1812366_e1814008_b71879;npp_d20250910_t1814020_e1815262_b71879,159.619,52.5408,51.7918,97.4817,21.1838,70.4325
249,VBD_npp_d20250910_t1809497_x1028331E_y078033N_l0048_s0887_v23,2025-09-10 20:24:38,7.803308,102.833130,23.8526,2025-09-10 18:09:49,2025-09-11 01:09:49,48,887,0.399572,1,2529,0.807111,0.238277,0.87803,0.4,0.960566,0.75,0.0854253,0.0001,2.77223e-07,999999,-3.992134e-02,3,Thailand Exclusive Economic Zone,,,SVDNB_npp_d20250910_t1809458_e1811100_b71879_c20250910193718573000_oeac_ops.h5,GDNBO_npp_d20250910_t1809458_e1811100_b71879_c20250910193449503000_oeac_ops.h5,SVI04_npp_d20250910_t1809458_e1811100_b71879_c20250910193726893000_oeac_ops.dspace_rad,,eez_v11.shp,WPP_BFAR_merge.shp,vbd_mpa_r20170830.shp,VNF-VBD_npp_20120301-20151231_global_asia-enhanced_c201607211230.bitmask,vbd_landsea_r20220824.mask,timezone.shp,VBD_platforms-recurring_2015_r20170330.shp,999999,VBD_bridges_c20160811.shp,8.908844;6.970024;4.655672;-0.214400;1.955167;4.018827,96.765038;110.596878;124.199928;123.046227;109.474426;95.761597,npp_d20250910_t1809458_e1811100_b71879;npp_d20250910_t1811112_e1812354_b71879;npp_d20250910_t1812366_e1814008_b71879;npp_d20250910_t1814020_e1815262_b71879,159.698,52.7516,51.7901,97.4452,21.2361,70.1702
250,VBD_npp_d20250910_t1810163_x1025125E_y063208N_l0277_s0887_v23,2025-09-10 20:24:38,6.320820,102.512527,20.204,2025-09-10 18:10:16,2025-09-11 01:10:16,277,887,0.377308,1,2529,0.66462,0.226656,0.900493,0.4,0.854432,0.75,0.0847995,0.0001,2.42303e-07,999999,3.355322e-02,3,Malaysian Exclusive Economic Zone,,,SVDNB_npp_d20250910_t1809458_e1811100_b71879_c20250910193718573000_oeac_ops.h5,GDNBO_npp_d20250910_t1809458_e1811100_b71879_c20250910193449503000_oeac_ops.h5,SVI04_npp_d20250910_t1809458_e1811100_b71879_c20250910193726893000_oeac_ops.dspace_rad,,eez_v11.shp,WPP_BFAR_merge.shp,vbd_mpa_r20170830.shp,VNF-VBD_npp_20120301-20151231_global_asia-enhanced_c201607211230.bitmask,vbd_landsea_r20220824.mask,timezone.shp,VBD_platforms-recurring_2015_r20170330.shp,999999,VBD_bridges_c20160811.shp,8.908844;6.970024;4.655672;-0.214400;1.955167;4.018827,96.765038;110.596878;124.199928;123.046227;109.474426;95.761597,npp_d20250910_t1809458_e1811100_b71879;npp_d20250910_t1811112_e1812354_b71879;npp_d20250910_t1812366_e1814008_b71879;npp_d20250910_t1814020_e1815262_b71879,160.733,55.7331,51.7946,98.1864,21.9901,66.7911
251,VBD_npp_d20250910_t1809514_x1028313E_y078008N_l0049_s0888_v23,2025-09-10 20:24:38,7.800849,102.831299,23.9669,2025-09-10 18:09:51,2025-09-11 01:09:51,49,888,0.401991,1,2529,0.799729,0.248295,0.87803,0.4,0.933639,0.75,0.0854274,0.0001,2.9109e-07,999999,-1.032633e-01,3,Thailand Exclusive Economic Zone,,,SVDNB_npp_d20250910_t1809458_e1811100_b71879_c20250910193718573000_oeac_ops.h5,GDNBO_npp_d20250910_t1809458_e1811100_b71879_c20250910193449503000_oeac_ops.h5,SVI04_npp_d20250910_t1809458_e1811100_b71879_c20250910193726893000_oeac_ops.dspace_rad,,eez_v11.shp,WPP_BFAR_merge.shp,vbd_mpa_r20170830.shp,VNF-VBD_npp_20120301-20151231_global_asia-enhanced_c201607211230.bitmask,vbd_landsea_r20220824.mask,timezone.shp,VBD_platforms-recurring_2015_r20170330.shp,999999,VBD_bridges_c20160811.shp,8.908844;6.970024;4.655672;-0.214400;1.955167;4.018827,96.765038;110.596878;124.199928;123.046227;109.474426;95.761597,npp_d20250910_t1809458_e1811100_b71879;npp_d20250910_t1811112_e1812354_b71879;npp_d20250910_t1812366_e1814008_b71879;npp_d20250910_t1814020_e1815262_b71879,159.695,52.7667,51.7653,98.2154,21.2319,70.1598
252,VBD_npp_d20250910_t1810163_x1025328E_y063179N_l0277_s0890_v23,2025-09-10 20:24:38,6.317893,102.532837,38.9348,2025-09-10 18:10:16,2025-09-11 01:10:16,277,890,0.382643,1,2529,0.957566,0.241486,0.900493,0.4,0.96038,0.75,0.0848134,0.0001,2.54021e-07,999999,-6.021537e-02,3,Malaysian Exclusive Economic Zone,,,SVDNB_npp_d20250910_t1809458_e1811100_b71879_c20250910193718573000_oeac_ops.h5,GDNBO_npp_d20250910_t1809458_e1811100_b71879_c20250910193449503000_oeac_ops.h5,SVI04_npp_d20250910_t1809458_e1811100_b71879_c20250910193726893000_oeac_ops.dspace_rad,,eez_v11.shp,WPP_BFAR_merge.shp,vbd_mpa_r20170830.shp,VNF-VBD_npp_20120301-20151231_global_asia-enhanced_c201607211230.bitmask,vbd_landsea_r20220824.mask,timezone.shp,VBD_platforms-recurring_2015_r20170330.shp,999999,VBD_bridges_c20160811.shp,8.908844;6.970024;4.655672;-0.214400;1.955167;4.018827,96.765038;110.596878;124.199928;123.046227;109.474426;95.761597,npp_d20250910_t1809458_e1811100_b71879;npp_d20250910_t1811112_e1812354_b71879;npp_d20250910_t1812366_e1814008_b71879;npp_d20250910_t1814020_e1815262_b71879,160.718,55.7747,51.7089,98.1887,21.9724,66.7664
253,VBD_npp_d20250910_t1809497_x1028652E_y078337N_l0043_s0891_v23,2025-09-10 20:24:38,7.833701,102.865219,13.3986,2025-09-10 18:09:49,2025-09-11 01:09:49,43,891,0.400426,1,2529,0.602792,0.237094,0.879192,0.4,0.922026,0.75,0.0854565,0.0001,2.99768e-07,999999,-3.244031e-02,3,Thailand Exclusive Economic Zone,,,SVDNB_npp_d20250910_t1809458_e1811100_b71879_c20250910193718573000_oeac_ops.h5,GDNBO_npp_d20250910_t1809458_e1811100_b71879_c20250910193449503000_oeac_ops.h5,SVI04_npp_d20250910_t1809458_e1811100_b71879_c20250910193726893000_oeac_ops.dspace_rad,,eez_v11.shp,WPP_BFAR_merge.shp,vbd_mpa_r20170830.shp,VNF-VBD_npp_20120301-20151231_global_asia-enhanced_c201607211230.bitmask,vbd_landsea_r20220824.mask,timezone.shp,VBD_platforms-recurring_2015_r20170330.shp,999999,VBD_bridges_c20160811.shp,8.908844;6.970024;4.655672;-0.214400;1.955167;4.018827,96.765038;110.596878;124.199928;123.046227;109.474426;95.761597,npp_d20250910_t1809458_e1811100_b71879;npp_d20250910_t1811112_e1812354_b71879;npp_d20250910_t1812366_e1814008_b71879;npp_d20250910_t1814020_e1815262_b71879,159.654,52.7426,51.6744,97.7015,21.1952,70.2214
254,VBD_npp_d20250910_t1809497_x1028827E_y078591N_l0039_s0893_v23,2025-09-10 20:24:38,7.859062,102.882652,9.74729,2025-09-10 18:09:49,2025-09-11 01:09:49,39,893,0.397296,1,2529,0.491155,0.268349,0.873347,0.4,0.903992,0.75,0.085476,0.0001,3.13063e-07,999999,-2.300610e-01,3,Thailand Exclusive Economic Zone,,,SVDNB_npp_d20250910_t1809458_e1811100_b71879_c20250910193718573000_oeac_ops.h5,GDNBO_npp_d20250910_t1809458_e1811100_b71879_c20250910193449503000_oeac_ops.h5,SVI04_npp_d20250910_t1809458_e1811100_b71879_c20250910193726893000_oeac_ops.dspace_rad,,eez_v11.shp,WPP_BFAR_merge.shp,vbd_mpa_r20170830.shp,VNF-VBD_npp_20120301-20151231_global_asia-enhanced_c201607211230.bitmask,vbd_landsea_r20220824.mask,timezone.shp,VBD_platforms-recurring_2015_r20170330.shp,999999,VBD_bridges_c20160811.shp,8.908844;6.970024;4.655672;-0.214400;1.955167;4.018827,96.765038;110.596878;124.199928;123.046227;109.474426;95.761597,npp_d20250910_t1809458_e1811100_b71879;npp_d20250910_t1811112_e1812354_b71879;npp_d20250910_t1812366_e1814008_b71879;npp_d20250910_t1814020_e1815262_b71879,159.625,52.7188,51.6168,97.9059,21.17,70.2711
255,VBD_npp_d20250910_t1810146_x1025690E_y063645N_l0269_s0893_v23,2025-09-10 20:24:38,6.364477,102.568970,26.4312,2025-09-10 18:10:14,2025-09-11 01:10:14,269,893,0.367919,1,2529,0.803371,0.235017,0.875967,0.4,0.941018,0.75,0.08485,0.0001,2.62889e-07,999999,-1.931223e-02,3,Malaysian Exclusive Economic Zone,,,SVDNB_npp_d20250910_t1809458_e1811100_b71879_c20250910193718573000_oeac_ops.h5,GDNBO_npp_d20250910_t1809458_e1811100_b71879_c20250910193449503000_oeac_ops.h5,SVI04_npp_d20250910_t1809458_e1811100_b71879_c20250910193726893000_oeac_ops.dspace_rad,,eez_v11.shp,WPP_BFAR_merge.shp,vbd_mpa_r20170830.shp,VNF-VBD_npp_20120301-20151231_global_asia-enhanced_c201607211230.bitmask,vbd_landsea_r20220824.mask,timezone.shp,VBD_platforms-recurring_2015_r20170330.shp,999999,VBD_bridges_c20160811.shp,8.908844;6.970024;4.655672;-0.214400;1.955167;4.018827,96.765038;110.596878;124.199928;123.046227;109.474426;95.761597,npp_d20250910_t1809458_e1811100_b71879;npp_d20250910_t1811112_e1812354_b71879;npp_d20250910_t1812366_e1814008_b71879;npp_d20250910_t1814020_e1815262_b71879,160.668,55.714,51.6173,97.7758,21.9267,66.8494
256,VBD_npp_d20250910_t1810163_x1025740E_y062704N_l0283_s0897_v23,2025-09-10 20:24:38,6.270353,102.573997,42.8413,2025-09-10 18:10:16,2025-09-11 01:10:16,283,897,0.387124,1,2529,0.969779,0.235533,0.881455,0.4,0.947872,0.75,0.0848274,0.0001,2.77306e-07,999999,-2.257458e-02,3,Malaysian Exclusive Economic Zone,,,SVDNB_npp_d20250910_t1809458_e1811100_b71879_c20250910193718573000_oeac_ops.h5,GDNBO_npp_d20250910_t1809458_e1811100_b71879_c20250910193449503000_oeac_ops.h5,SVI04_npp_d20250910_t1809458_e1811100_b71879_c20250910193726893000_oeac_ops.dspace_rad,,eez_v11.shp,WPP_BFAR_merge.shp,vbd_mpa_r20170830.shp,VNF-VBD_npp_20120301-20151231_global_asia-enhanced_c201607211230.bitmask,vbd_landsea_r20220824.mask,timezone.shp,VBD_platforms-recurring_2015_r20170330.shp,999999,VBD_bridges_c20160811.shp,8.908844;6.970024;4.655672;-0.214400;1.955167;4.018827,96.765038;110.596878;124.199928;123.046227;109.474426;95.761597,npp_d20250910_t1809458_e1811100_b71879;npp_d20250910_t1811112_e1812354_b71879;npp_d20250910_t1812366_e1814008_b71879;npp_d20250910_t1814020_e1815262_b71879,160.711,55.9573,51.5103,97.8896,21.9533,66.6197
257,VBD_npp_d20250910_t1810199_x1025415E_y060472N_l0317_s0899_v23,2025-09-10 20:24:38,6.047243,102.541534,7.98286,2025-09-10 18:10:19,2025-09-11 02:10:19,317,899,0.406828,1,2529,0.378609,0.246221,0.634833,0.4,0.75918,0.75,0.0847788,0.0001,2.7753e-07,999999,-9.014870e-02,3,Malaysian Exclusive Economic Zone,,,SVDNB_npp_d20250910_t1809458_e1811100_b71879_c20250910193718573000_oeac_ops.h5,GDNBO_npp_d20250910_t1809458_e1811100_b71879_c20250910193449503000_oeac_ops.h5,SVI04_npp_d20250910_t1809458_e1811100_b71879_c20250910193726893000_oeac_ops.dspace_rad,,eez_v11.shp,WPP_BFAR_merge.shp,vbd_mpa_r20170830.shp,VNF-VBD_npp_20120301-20151231_global_asia-enhanced_c201607211230.bitmask,vbd_landsea_r20220824.mask,timezone.shp,VBD_platforms-recurring_2015_r20170330.shp,999999,VBD_bridges_c20160811.shp,8.908844;6.970024;4.655672;-0.214400;1.955167;4.018827,96.765038;110.596878;124.199928;123.046227;109.474426;95.761597,npp_d20250910_t1809458_e1811100_b71879;npp_d20250910_t1811112_e1812354_b71879;npp_d20250910_t1812366_e1814008_b71879;npp_d20250910_t1814020_e1815262_b71879,160.85,56.4595,51.4514,97.815,22.061,66.1199
258,VBD_npp_d20250910_t1810181_x1025851E_y062036N_l0293_s0901_v23,2025-09-10 20:24:38,6.203555,102.585068,7.89921,2025-09-10 18:10:18,2025-09-11 02:10:18,293,901,0.377522,1,2529,0.403076,0.299034,0.708986,0.4,0.834778,0.75,0.0848219,0.0001,2.98343e-07,999999,-4.240784e-01,3,Malaysian Exclusive Economic Zone,,,SVDNB_npp_d20250910_t1809458_e1811100_b71879_c20250910193718573000_oeac_ops.h5,GDNBO_npp_d20250910_t1809458_e1811100_b71879_c20250910193449503000_oeac_ops.h5,SVI04_npp_d20250910_t1809458_e1811100_b71879_c20250910193726893000_oeac_ops.dspace_rad,,eez_v11.shp,WPP_BFAR_merge.shp,vbd_mpa_r20170830.shp,VNF-VBD_npp_20120301-20151231_global_asia-enhanced_c201607211230.bitmask,vbd_landsea_r20220824.mask,timezone.shp,VBD_platforms-recurring_2015_r20170330.shp,999999,VBD_bridges_c20160811.shp,8.908844;6.970024;4.655672;-0.214400;1.955167;4.018827,96.765038;110.596878;124.199928;123.046227;109.474426;95.761597,npp_d20250910_t1809458_e1811100_b71879;npp_d20250910_t1811112_e1812354_b71879;npp_d20250910_t1812366_e1814008_b71879;npp_d20250910_t1814020_e1815262_b71879,160.733,56.1473,51.3932,98.2114,21.9634,66.4481
259,VBD_npp_d20250910_t1809550_x1028774E_y074973N_l0093_s0903_v23,2025-09-10 20:24:38,7.497320,102.877426,4.73038,2025-09-10 18:09:55,2025-09-11 01:09:55,93,903,0.402204,8,18657,0.255161,0.235558,0.674235,0.4,0.794026,0.75,0.0853812,0.0001,3.46534e-07,999999,-2.273302e-02,3,Malaysian Exclusive Economic Zone,,,SVDNB_npp_d20250910_t1809458_e1811100_b71879_c20250910193718573000_oeac_ops.h5,GDNBO_npp_d20250910_t1809458_e1811100_b71879_c20250910193449503000_oeac_ops.h5,SVI04_npp_d20250910_t1809458_e1811100_b71879_c20250910193726893000_oeac_ops.dspace_rad,,eez_v11.shp,WPP_BFAR_merge.shp,vbd_mpa_r20170830.shp,VNF-VBD_npp_20120301-20151231_global_asia-enhanced_c201607211230.bitmask,vbd_landsea_r20220824.mask,timezone.shp,VBD_platforms-recurring_2015_r20170330.shp,0.354393,VBD_bridges_c20160811.shp,8.908844;6.970024;4.655672;-0.214400;1.955167;4.018827,96.765038;110.596878;124.199928;123.046227;109.474426;95.761597,npp_d20250910_t1809458_e1811100_b71879;npp_d20250910_t1811112_e1812354_b71879;npp_d20250910_t1812366_e1814008_b71879;npp_d20250910_t1814020_e1815262_b71879,159.829,53.5319,51.3369,97.6443,21.2816,69.367
260,VBD_npp_d20250910_t1810003_x1028151E_y071647N_l0144_s0904_v23,2025-09-10 20:24:38,7.164736,102.815056,6.50942,2025-09-10 18:10:00,2025-09-11 01:10:00,144,904,0.382145,1,2529,0.346216,0.232041,0.825393,0.4,0.817792,0.75,0.0852477,0.0001,3.37135e-07,999999,-4.953810e-04,3,Malaysian Exclusive Economic Zone,,,SVDNB_npp_d20250910_t1809458_e1811100_b71879_c20250910193718573000_oeac_ops.h5,GDNBO_npp_d20250910_t1809458_e1811100_b71879_c20250910193449503000_oeac_ops.h5,SVI04_npp_d20250910_t1809458_e1811100_b71879_c20250910193726893000_oeac_ops.dspace_rad,,eez_v11.shp,WPP_BFAR_merge.shp,vbd_mpa_r20170830.shp,VNF-VBD_npp_20120301-20151231_global_asia-enhanced_c201607211230.bitmask,vbd_landsea_r20220824.mask,timezone.shp,VBD_platforms-recurring_2015_r20170330.shp,999999,VBD_bridges_c20160811.shp,8.908844;6.970024;4.655672;-0.214400;1.955167;4.018827,96.765038;110.596878;124.199928;123.046227;109.474426;95.761597,npp_d20250910_t1809458_e1811100_b71879;npp_d20250910_t1811112_e1812354_b71879;npp_d20250910_t1812366_e1814008_b71879;npp_d20250910_t1814020_e1815262_b71879,160.057,54.1982,51.3104,97.5305,21.4415,68.5899
261,VBD_npp_d20250910_t1810021_x1028144E_y071612N_l0145_s0905_v23,2025-09-10 20:24:38,7.161217,102.814362,6.59464,2025-09-10 18:10:02,2025-09-11 01:10:02,145,905,0.386555,1,2529,0.330909,0.212504,0.825393,0.4,0.783973,0.75,0.0852493,0.0001,3.55692e-07,999999,1.230341e-01,3,Malaysian Exclusive Economic Zone,,,SVDNB_npp_d20250910_t1809458_e1811100_b71879_c20250910193718573000_oeac_ops.h5,GDNBO_npp_d20250910_t1809458_e1811100_b71879_c20250910193449503000_oeac_ops.h5,SVI04_npp_d20250910_t1809458_e1811100_b71879_c20250910193726893000_oeac_ops.dspace_rad,,eez_v11.shp,WPP_BFAR_merge.shp,vbd_mpa_r20170830.shp,VNF-VBD_npp_20120301-20151231_global_asia-enhanced_c201607211230.bitmask,vbd_landsea_r20220824.mask,timezone.shp,VBD_platforms-recurring_2015_r20170330.shp,999999,VBD_bridges_c20160811.shp,8.908844;6.970024;4.655672;-0.214400;1.955167;4.018827,96.765038;110.596878;124.199928;123.046227;109.474426;95.761597,npp_d20250910_t1809458_e1811100_b71879;npp_d20250910_t1811112_e1812354_b71879;npp_d20250910_t1812366_e1814008_b71879;npp_d20250910_t1814020_e1815262_b71879,160.054,54.2176,51.2799,98.3056,21.4368,68.5758
262,VBD_npp_d20250910_t1810163_x1026588E_y062928N_l0278_s0909_v23,2025-09-10 20:24:38,6.292831,102.658806,10.9591,2025-09-10 18:10:16,2025-09-11 01:10:16,278,909,0.322964,1,2529,0.448259,0.246257,0.787925,0.4,0.825007,0.75,0.0848937,0.0001,3.39587e-07,999999,-9.037963e-02,3,Malaysian Exclusive Economic Zone,,,SVDNB_npp_d20250910_t1809458_e1811100_b71879_c20250910193718573000_oeac_ops.h5,GDNBO_npp_d20250910_t1809458_e1811100_b71879_c20250910193449503000_oeac_ops.h5,SVI04_npp_d20250910_t1809458_e1811100_b71879_c20250910193726893000_oeac_ops.dspace_rad,,eez_v11.shp,WPP_BFAR_merge.shp,vbd_mpa_r20170830.shp,VNF-VBD_npp_20120301-20151231_global_asia-enhanced_c201607211230.bitmask,vbd_landsea_r20220824.mask,timezone.shp,VBD_platforms-recurring_2015_r20170330.shp,999999,VBD_bridges_c20160811.shp,8.908844;6.970024;4.655672;-0.214400;1.955167;4.018827,96.765038;110.596878;124.199928;123.046227;109.474426;95.761597,npp_d20250910_t1809458_e1811100_b71879;npp_d20250910_t1811112_e1812354_b71879;npp_d20250910_t1812366_e1814008_b71879;npp_d20250910_t1814020_e1815262_b71879,160.629,56.048,51.1684,98.1524,21.8655,66.5963
263,VBD_npp_d20250910_t1810163_x1026615E_y062649N_l0282_s0910_v23,2025-09-10 20:24:38,6.264880,102.661476,9.19316,2025-09-10 18:10:16,2025-09-11 01:10:16,282,910,0.327801,1,2529,0.35204,0.239302,0.814524,0.4,0.751967,0.75,0.0848867,0.0001,3.39929e-07,999999,-4.640411e-02,3,Malaysian Exclusive Economic Zone,,,SVDNB_npp_d20250910_t1809458_e1811100_b71879_c20250910193718573000_oeac_ops.h5,GDNBO_npp_d20250910_t1809458_e1811100_b71879_c20250910193449503000_oeac_ops.h5,SVI04_npp_d20250910_t1809458_e1811100_b71879_c20250910193726893000_oeac_ops.dspace_rad,,eez_v11.shp,WPP_BFAR_merge.shp,vbd_mpa_r20170830.shp,VNF-VBD_npp_20120301-20151231_global_asia-enhanced_c201607211230.bitmask,vbd_landsea_r20220824.mask,timezone.shp,VBD_platforms-recurring_2015_r20170330.shp,999999,VBD_bridges_c20160811.shp,8.908844;6.970024;4.655672;-0.214400;1.955167;4.018827,96.765038;110.596878;124.199928;123.046227;109.474426;95.761597,npp_d20250910_t1809458_e1811100_b71879;npp_d20250910_t1811112_e1812354_b71879;npp_d20250910_t1812366_e1814008_b71879;npp_d20250910_t1814020_e1815262_b71879,160.642,56.1185,51.1405,97.949,21.8743,66.5288
264,VBD_npp_d20250910_t1810021_x1028598E_y071478N_l0146_s0912_v23,2025-09-10 20:24:38,7.147776,102.859787,33.6667,2025-09-10 18:10:02,2025-09-11 01:10:02,146,912,0.37553,1,2529,0.907907,0.226043,0.884284,0.4,0.949513,0.75,0.085277,0.0001,3.94226e-07,999999,3.743234e-02,3,Malaysian Exclusive Economic Zone,,,SVDNB_npp_d20250910_t1809458_e1811100_b71879_c20250910193718573000_oeac_ops.h5,GDNBO_npp_d20250910_t1809458_e1811100_b71879_c20250910193449503000_oeac_ops.h5,SVI04_npp_d20250910_t1809458_e1811100_b71879_c20250910193726893000_oeac_ops.dspace_rad,,eez_v11.shp,WPP_BFAR_merge.shp,vbd_mpa_r20170830.shp,VNF-VBD_npp_20120301-20151231_global_asia-enhanced_c201607211230.bitmask,vbd_landsea_r20220824.mask,timezone.shp,VBD_platforms-recurring_2015_r20170330.shp,999999,VBD_bridges_c20160811.shp,8.908844;6.970024;4.655672;-0.214400;1.955167;4.018827,96.765038;110.596878;124.199928;123.046227;109.474426;95.761597,npp_d20250910_t1809458_e1811100_b71879;npp_d20250910_t1811112_e1812354_b71879;npp_d20250910_t1812366_e1814008_b71879;npp_d20250910_t1814020_e1815262_b71879,160.025,54.3258,51.0811,98.2611,21.3991,68.5061
265,VBD_npp_d20250910_t1810199_x1026368E_y060958N_l0308_s0912_v23,2025-09-10 20:24:38,6.095768,102.636757,13.1924,2025-09-10 18:10:19,2025-09-11 02:10:19,308,912,0.383212,1,2529,0.557295,0.295259,0.777134,0.4,0.750887,0.75,0.0848479,0.0001,3.50118e-07,999999,-4.002139e-01,3,Malaysian Exclusive Economic Zone,,,SVDNB_npp_d20250910_t1809458_e1811100_b71879_c20250910193718573000_oeac_ops.h5,GDNBO_npp_d20250910_t1809458_e1811100_b71879_c20250910193449503000_oeac_ops.h5,SVI04_npp_d20250910_t1809458_e1811100_b71879_c20250910193726893000_oeac_ops.dspace_rad,,eez_v11.shp,WPP_BFAR_merge.shp,vbd_mpa_r20170830.shp,VNF-VBD_npp_20120301-20151231_global_asia-enhanced_c201607211230.bitmask,vbd_landsea_r20220824.mask,timezone.shp,VBD_platforms-recurring_2015_r20170330.shp,999999,VBD_bridges_c20160811.shp,8.908844;6.970024;4.655672;-0.214400;1.955167;4.018827,96.765038;110.596878;124.199928;123.046227;109.474426;95.761597,npp_d20250910_t1809458_e1811100_b71879;npp_d20250910_t1811112_e1812354_b71879;npp_d20250910_t1812366_e1814008_b71879;npp_d20250910_t1814020_e1815262_b71879,160.744,56.5035,51.0808,98.2821,21.9531,66.1452
266,VBD_npp_d20250910_t1809532_x1029687E_y076126N_l0074_s0913_v23,2025-09-10 20:24:38,7.612571,102.968742,33.7274,2025-09-10 18:09:53,2025-09-11 01:09:53,74,913,0.400426,9,117217,0.86897,0.0752979,0.897835,0.4,0.951243,0.75,0.0854732,0.0001,4.11361e-07,999999,9.905694e-01,3,,,,SVDNB_npp_d20250910_t1809458_e1811100_b71879_c20250910193718573000_oeac_ops.h5,GDNBO_npp_d20250910_t1809458_e1811100_b71879_c20250910193449503000_oeac_ops.h5,SVI04_npp_d20250910_t1809458_e1811100_b71879_c20250910193726893000_oeac_ops.dspace_rad,,eez_v11.shp,WPP_BFAR_merge.shp,vbd_mpa_r20170830.shp,VNF-VBD_npp_20120301-20151231_global_asia-enhanced_c201607211230.bitmask,vbd_landsea_r20220824.mask,timezone.shp,VBD_platforms-recurring_2015_r20170330.shp,0.230843,VBD_bridges_c20160811.shp,8.908844;6.970024;4.655672;-0.214400;1.955167;4.018827,96.765038;110.596878;124.199928;123.046227;109.474426;95.761597,npp_d20250910_t1809458_e1811100_b71879;npp_d20250910_t1811112_e1812354_b71879;npp_d20250910_t1812366_e1814008_b71879;npp_d20250910_t1814020_e1815262_b71879,159.693,53.4259,51.0525,97.7951,21.1611,69.5848
267,VBD_npp_d20250910_t1810163_x1026803E_y062553N_l0283_s0913_v23,2025-09-10 20:24:38,6.255331,102.680267,16.3894,2025-09-10 18:10:16,2025-09-11 01:10:16,283,913,0.31265,1,2529,0.540596,0.237502,0.805582,0.4,0.852517,0.75,0.0848968,0.0001,3.54501e-07,999999,-3.502200e-02,3,Malaysian Exclusive Economic Zone,,,SVDNB_npp_d20250910_t1809458_e1811100_b71879_c20250910193718573000_oeac_ops.h5,GDNBO_npp_d20250910_t1809458_e1811100_b71879_c20250910193449503000_oeac_ops.h5,SVI04_npp_d20250910_t1809458_e1811100_b71879_c20250910193726893000_oeac_ops.dspace_rad,,eez_v11.shp,WPP_BFAR_merge.shp,vbd_mpa_r20170830.shp,VNF-VBD_npp_20120301-20151231_global_asia-enhanced_c201607211230.bitmask,vbd_landsea_r20220824.mask,timezone.shp,VBD_platforms-recurring_2015_r20170330.shp,999999,VBD_bridges_c20160811.shp,8.908844;6.970024;4.655672;-0.214400;1.955167;4.018827,96.765038;110.596878;124.199928;123.046227;109.474426;95.761597,npp_d20250910_t1809458_e1811100_b71879;npp_d20250910_t1811112_e1812354_b71879;npp_d20250910_t1812366_e1814008_b71879;npp_d20250910_t1814020_e1815262_b71879,160.632,56.1727,51.0557,97.8999,21.8608,66.4897
268,VBD_npp_d20250910_t1810199_x1026525E_y060660N_l0312_s0915_v23,2025-09-10 20:24:38,6.065963,102.652550,13.9429,2025-09-10 18:10:19,2025-09-11 02:10:19,312,915,0.37112,1,2529,0.566612,0.233425,0.764918,0.4,0.896517,0.75,0.0848551,0.0001,3.61186e-07,999999,-9.241566e-03,3,Malaysian Exclusive Economic Zone,,,SVDNB_npp_d20250910_t1809458_e1811100_b71879_c20250910193718573000_oeac_ops.h5,GDNBO_npp_d20250910_t1809458_e1811100_b71879_c20250910193449503000_oeac_ops.h5,SVI04_npp_d20250910_t1809458_e1811100_b71879_c20250910193726893000_oeac_ops.dspace_rad,,eez_v11.shp,WPP_BFAR_merge.shp,vbd_mpa_r20170830.shp,VNF-VBD_npp_20120301-20151231_global_asia-enhanced_c201607211230.bitmask,vbd_landsea_r20220824.mask,timezone.shp,VBD_platforms-recurring_2015_r20170330.shp,999999,VBD_bridges_c20160811.shp,8.908844;6.970024;4.655672;-0.214400;1.955167;4.018827,96.765038;110.596878;124.199928;123.046227;109.474426;95.761597,npp_d20250910_t1809458_e1811100_b71879;npp_d20250910_t1811112_e1812354_b71879;npp_d20250910_t1812366_e1814008_b71879;npp_d20250910_t1814020_e1815262_b71879,160.747,56.6012,50.9961,98.0798,21.9507,66.0619
269,VBD_npp_d20250910_t1809532_x1029856E_y075896N_l0077_s0916_v23,2025-09-10 20:24:38,7.589630,102.985603,453.655,2025-09-10 18:09:53,2025-09-11 01:09:53,77,916,0.770663,4,100837,1.79604,0.0753293,0.911502,0.4,0.976072,0.75,0.0854785,0.0001,4.26225e-07,999999,9.903711e-01,3,Malaysian Exclusive Economic Zone,,,SVDNB_npp_d20250910_t1809458_e1811100_b71879_c20250910193718573000_oeac_ops.h5,GDNBO_npp_d20250910_t1809458_e1811100_b71879_c20250910193449503000_oeac_ops.h5,SVI04_npp_d20250910_t1809458_e1811100_b71879_c20250910193726893000_oeac_ops.dspace_rad,,eez_v11.shp,WPP_BFAR_merge.shp,vbd_mpa_r20170830.shp,VNF-VBD_npp_20120301-20151231_global_asia-enhanced_c201607211230.bitmask,vbd_landsea_r20220824.mask,timezone.shp,VBD_platforms-recurring_2015_r20170330.shp,999999,VBD_bridges_c20160811.shp,8.908844;6.970024;4.655672;-0.214400;1.955167;4.018827,96.765038;110.596878;124.199928;123.046227;109.474426;95.761597,npp_d20250910_t1809458_e1811100_b71879;npp_d20250910_t1811112_e1812354_b71879;npp_d20250910_t1812366_e1814008_b71879;npp_d20250910_t1814020_e1815262_b71879,159.694,53.5048,50.9682,97.644,21.1533,69.5151
270,VBD_npp_d20250910_t1810021_x1028800E_y070556N_l0159_s0917_v23,2025-09-10 20:24:38,7.055570,102.880043,10.738,2025-09-10 18:10:02,2025-09-11 01:10:02,159,917,0.365074,1,2529,0.491793,0.229006,0.819773,0.4,0.873496,0.75,0.0852634,0.0001,4.07265e-07,999999,1.869375e-02,3,Malaysian Exclusive Economic Zone,,,SVDNB_npp_d20250910_t1809458_e1811100_b71879_c20250910193718573000_oeac_ops.h5,GDNBO_npp_d20250910_t1809458_e1811100_b71879_c20250910193449503000_oeac_ops.h5,SVI04_npp_d20250910_t1809458_e1811100_b71879_c20250910193726893000_oeac_ops.dspace_rad,,eez_v11.shp,WPP_BFAR_merge.shp,vbd_mpa_r20170830.shp,VNF-VBD_npp_20120301-20151231_global_asia-enhanced_c201607211230.bitmask,vbd_landsea_r20220824.mask,timezone.shp,VBD_platforms-recurring_2015_r20170330.shp,999999,VBD_bridges_c20160811.shp,8.908844;6.970024;4.655672;-0.214400;1.955167;4.018827,96.765038;110.596878;124.199928;123.046227;109.474426;95.761597,npp_d20250910_t1809458_e1811100_b71879;npp_d20250910_t1811112_e1812354_b71879;npp_d20250910_t1812366_e1814008_b71879;npp_d20250910_t1814020_e1815262_b71879,160.062,54.5671,50.9414,97.6003,21.4146,68.2665
271,VBD_npp_d20250910_t1809532_x1031193E_y075702N_l0077_s0936_v23,2025-09-10 20:24:38,7.570190,103.119293,24.2415,2025-09-10 18:09:53,2025-09-11 01:09:53,77,936,0.40512,1,2529,0.792367,0.20454,0.875978,0.4,0.935661,0.75,0.0855653,0.0001,5.76499e-07,999999,1.398272e-01,3,Malaysian Exclusive Economic Zone,,,SVDNB_npp_d20250910_t1809458_e1811100_b71879_c20250910193718573000_oeac_ops.h5,GDNBO_npp_d20250910_t1809458_e1811100_b71879_c20250910193449503000_oeac_ops.h5,SVI04_npp_d20250910_t1809458_e1811100_b71879_c20250910193726893000_oeac_ops.dspace_rad,,eez_v11.shp,WPP_BFAR_merge.shp,vbd_mpa_r20170830.shp,VNF-VBD_npp_20120301-20151231_global_asia-enhanced_c201607211230.bitmask,vbd_landsea_r20220824.mask,timezone.shp,VBD_platforms-recurring_2015_r20170330.shp,999999,VBD_bridges_c20160811.shp,8.908844;6.970024;4.655672;-0.214400;1.955167;4.018827,96.765038;110.596878;124.199928;123.046227;109.474426;95.761597,npp_d20250910_t1809458_e1811100_b71879;npp_d20250910_t1811112_e1812354_b71879;npp_d20250910_t1812366_e1814008_b71879;npp_d20250910_t1814020_e1815262_b71879,159.598,53.7764,50.3879,97.651,21.0341,69.3617
272,VBD_npp_d20250910_t1810199_x1028070E_y060017N_l0318_s0939_v23,2025-09-10 20:24:38,6.001709,102.806984,16.8812,2025-09-10 18:10:19,2025-09-11 02:10:19,318,939,0.397225,1,2529,0.656911,0.226369,0.745735,0.4,0.91597,0.75,0.0849502,0.0001,5.10145e-07,999999,3.537017e-02,3,Malaysian Exclusive Economic Zone,,,SVDNB_npp_d20250910_t1809458_e1811100_b71879_c20250910193718573000_oeac_ops.h5,GDNBO_npp_d20250910_t1809458_e1811100_b71879_c20250910193449503000_oeac_ops.h5,SVI04_npp_d20250910_t1809458_e1811100_b71879_c20250910193726893000_oeac_ops.dspace_rad,,eez_v11.shp,WPP_BFAR_merge.shp,vbd_mpa_r20170830.shp,VNF-VBD_npp_20120301-20151231_global_asia-enhanced_c201607211230.bitmask,vbd_landsea_r20220824.mask,timezone.shp,VBD_platforms-recurring_2015_r20170330.shp,999999,VBD_bridges_c20160811.shp,8.908844;6.970024;4.655672;-0.214400;1.955167;4.018827,96.765038;110.596878;124.199928;123.046227;109.474426;95.761597,npp_d20250910_t1809458_e1811100_b71879;npp_d20250910_t1811112_e1812354_b71879;npp_d20250910_t1812366_e1814008_b71879;npp_d20250910_t1814020_e1815262_b71879,160.654,57.0111,50.2982,97.7764,21.8349,65.7704
273,VBD_npp_d20250910_t1810181_x1028443E_y061598N_l0294_s0940_v23,2025-09-10 20:24:38,6.159822,102.844269,20.491,2025-09-10 18:10:18,2025-09-11 02:10:18,294,940,0.351772,8,18913,0.686676,0.285269,0.759613,0.4,0.922035,0.75,0.0849895,0.0001,5.39979e-07,999999,-3.370485e-01,3,Malaysian Exclusive Economic Zone,,,SVDNB_npp_d20250910_t1809458_e1811100_b71879_c20250910193718573000_oeac_ops.h5,GDNBO_npp_d20250910_t1809458_e1811100_b71879_c20250910193449503000_oeac_ops.h5,SVI04_npp_d20250910_t1809458_e1811100_b71879_c20250910193726893000_oeac_ops.dspace_rad,,eez_v11.shp,WPP_BFAR_merge.shp,vbd_mpa_r20170830.shp,VNF-VBD_npp_20120301-20151231_global_asia-enhanced_c201607211230.bitmask,vbd_landsea_r20220824.mask,timezone.shp,VBD_platforms-recurring_2015_r20170330.shp,0.344341,VBD_bridges_c20160811.shp,8.908844;6.970024;4.655672;-0.214400;1.955167;4.018827,96.765038;110.596878;124.199928;123.046227;109.474426;95.761597,npp_d20250910_t1809458_e1811100_b71879;npp_d20250910_t1811112_e1812354_b71879;npp_d20250910_t1812366_e1814008_b71879;npp_d20250910_t1814020_e1815262_b71879,160.543,56.6845,50.2662,98.1938,21.7415,66.1109
274,VBD_npp_d20250910_t1810217_x1027921E_y058971N_l0334_s0940_v23,2025-09-10 20:24:38,5.897076,102.792137,6.23349,2025-09-10 18:10:21,2025-09-11 02:10:21,334,940,0.376455,1,2273,0.280051,0.277271,0.54081,0.4,0.756066,0.75,0.0849312,0.0001,5.12757e-07,999999,-2.864747e-01,3,Malaysian Exclusive Economic Zone,,,SVDNB_npp_d20250910_t1809458_e1811100_b71879_c20250910193718573000_oeac_ops.h5,GDNBO_npp_d20250910_t1809458_e1811100_b71879_c20250910193449503000_oeac_ops.h5,SVI04_npp_d20250910_t1809458_e1811100_b71879_c20250910193726893000_oeac_ops.dspace_rad,,eez_v11.shp,WPP_BFAR_merge.shp,vbd_mpa_r20170830.shp,VNF-VBD_npp_20120301-20151231_global_asia-enhanced_c201607211230.bitmask,vbd_landsea_r20220824.mask,timezone.shp,VBD_platforms-recurring_2015_r20170330.shp,999999,VBD_bridges_c20160811.shp,8.908844;6.970024;4.655672;-0.214400;1.955167;4.018827,96.765038;110.596878;124.199928;123.046227;109.474426;95.761597,npp_d20250910_t1809458_e1811100_b71879;npp_d20250910_t1811112_e1812354_b71879;npp_d20250910_t1812366_e1814008_b71879;npp_d20250910_t1814020_e1815262_b71879,160.717,57.2496,50.2656,97.7913,21.8858,65.5352
275,VBD_npp_d20250910_t1810003_x1030958E_y071665N_l0138_s0945_v23,2025-09-10 20:24:38,7.166537,103.095833,1198.91,2025-09-10 18:10:00,2025-09-11 01:10:00,138,945,0.528035,4,100837,2.03714,0.0747291,0.902247,0.4,0.992969,0.75,0.0854418,0.0001,6.41722e-07,999999,9.941661e-01,3,Malaysian Exclusive Economic Zone,,,SVDNB_npp_d20250910_t1809458_e1811100_b71879_c20250910193718573000_oeac_ops.h5,GDNBO_npp_d20250910_t1809458_e1811100_b71879_c20250910193449503000_oeac_ops.h5,SVI04_npp_d20250910_t1809458_e1811100_b71879_c20250910193726893000_oeac_ops.dspace_rad,,eez_v11.shp,WPP_BFAR_merge.shp,vbd_mpa_r20170830.shp,VNF-VBD_npp_20120301-20151231_global_asia-enhanced_c201607211230.bitmask,vbd_landsea_r20220824.mask,timezone.shp,VBD_platforms-recurring_2015_r20170330.shp,999999,VBD_bridges_c20160811.shp,8.908844;6.970024;4.655672;-0.214400;1.955167;4.018827,96.765038;110.596878;124.199928;123.046227;109.474426;95.761597,npp_d20250910_t1809458_e1811100_b71879;npp_d20250910_t1811112_e1812354_b71879;npp_d20250910_t1812366_e1814008_b71879;npp_d20250910_t1814020_e1815262_b71879,159.829,54.673,50.1164,97.865,21.1774,68.3622
276,VBD_npp_d20250910_t1810003_x1031075E_y071509N_l0140_s0947_v23,2025-09-10 20:24:38,7.150903,103.107475,8.84717,2025-09-10 18:10:00,2025-09-11 01:10:00,140,947,0.400355,7,51617,0.296889,0.0746412,0.889226,0.4,0.679835,0.75,0.085445,0.0001,6.57337e-07,999999,9.947215e-01,3,,,,SVDNB_npp_d20250910_t1809458_e1811100_b71879_c20250910193718573000_oeac_ops.h5,GDNBO_npp_d20250910_t1809458_e1811100_b71879_c20250910193449503000_oeac_ops.h5,SVI04_npp_d20250910_t1809458_e1811100_b71879_c20250910193726893000_oeac_ops.dspace_rad,,eez_v11.shp,WPP_BFAR_merge.shp,vbd_mpa_r20170830.shp,VNF-VBD_npp_20120301-20151231_global_asia-enhanced_c201607211230.bitmask,vbd_landsea_r20220824.mask,timezone.shp,VBD_platforms-recurring_2015_r20170330.shp,0.138017,VBD_bridges_c20160811.shp,8.908844;6.970024;4.655672;-0.214400;1.955167;4.018827,96.765038;110.596878;124.199928;123.046227;109.474426;95.761597,npp_d20250910_t1809458_e1811100_b71879;npp_d20250910_t1811112_e1812354_b71879;npp_d20250910_t1812366_e1814008_b71879;npp_d20250910_t1814020_e1815262_b71879,159.829,54.7274,50.0567,97.7593,21.1723,68.3142
277,VBD_npp_d20250910_t1809532_x1032589E_y075719N_l0074_s0956_v23,2025-09-10 20:24:38,7.571857,103.258850,5.74619,2025-09-10 18:09:53,2025-09-11 01:09:53,74,956,0.389472,1,2529,0.325247,0.234669,0.731568,0.4,0.827571,0.75,0.0856597,0.0001,7.90231e-07,999999,-5.561550e-02,3,Malaysian Exclusive Economic Zone,,,SVDNB_npp_d20250910_t1809458_e1811100_b71879_c20250910193718573000_oeac_ops.h5,GDNBO_npp_d20250910_t1809458_e1811100_b71879_c20250910193449503000_oeac_ops.h5,SVI04_npp_d20250910_t1809458_e1811100_b71879_c20250910193726893000_oeac_ops.dspace_rad,,eez_v11.shp,WPP_BFAR_merge.shp,vbd_mpa_r20170830.shp,VNF-VBD_npp_20120301-20151231_global_asia-enhanced_c201607211230.bitmask,vbd_landsea_r20220824.mask,timezone.shp,VBD_platforms-recurring_2015_r20170330.shp,999999,VBD_bridges_c20160811.shp,8.908844;6.970024;4.655672;-0.214400;1.955167;4.018827,96.765038;110.596878;124.199928;123.046227;109.474426;95.761597,npp_d20250910_t1809458_e1811100_b71879;npp_d20250910_t1811112_e1812354_b71879;npp_d20250910_t1812366_e1814008_b71879;npp_d20250910_t1814020_e1815262_b71879,159.486,54.0098,49.7846,97.8278,20.9019,69.2542
278,VBD_npp_d20250910_t1810252_x1029340E_y056977N_l0361_s0967_v23,2025-09-10 20:24:38,5.697664,102.934021,21.4947,2025-09-10 18:10:25,2025-09-11 02:10:25,361,967,0.35035,8,18913,0.707562,0.219611,0.820369,0.4,0.913508,0.75,0.0850078,0.0001,7.69866e-07,999999,7.809887e-02,3,Malaysian Exclusive Economic Zone,,,SVDNB_npp_d20250910_t1809458_e1811100_b71879_c20250910193718573000_oeac_ops.h5,GDNBO_npp_d20250910_t1809458_e1811100_b71879_c20250910193449503000_oeac_ops.h5,SVI04_npp_d20250910_t1809458_e1811100_b71879_c20250910193726893000_oeac_ops.dspace_rad,,eez_v11.shp,WPP_BFAR_merge.shp,vbd_mpa_r20170830.shp,VNF-VBD_npp_20120301-20151231_global_asia-enhanced_c201607211230.bitmask,vbd_landsea_r20220824.mask,timezone.shp,VBD_platforms-recurring_2015_r20170330.shp,0.270596,VBD_bridges_c20160811.shp,8.908844;6.970024;4.655672;-0.214400;1.955167;4.018827,96.765038;110.596878;124.199928;123.046227;109.474426;95.761597,npp_d20250910_t1809458_e1811100_b71879;npp_d20250910_t1811112_e1812354_b71879;npp_d20250910_t1812366_e1814008_b71879;npp_d20250910_t1814020_e1815262_b71879,160.692,57.9849,49.4555,98.1003,21.8274,64.9249
279,VBD_npp_d20250910_t1810252_x1029611E_y056522N_l0367_s0972_v23,2025-09-10 20:24:38,5.652217,102.961113,14.6478,2025-09-10 18:10:25,2025-09-11 02:10:25,367,972,0.328583,1,2529,0.539382,0.25026,0.766394,0.4,0.854296,0.75,0.0850204,0.0001,8.11124e-07,999999,-1.156889e-01,3,Malaysian Exclusive Economic Zone,,,SVDNB_npp_d20250910_t1809458_e1811100_b71879_c20250910193718573000_oeac_ops.h5,GDNBO_npp_d20250910_t1809458_e1811100_b71879_c20250910193449503000_oeac_ops.h5,SVI04_npp_d20250910_t1809458_e1811100_b71879_c20250910193726893000_oeac_ops.dspace_rad,,eez_v11.shp,WPP_BFAR_merge.shp,vbd_mpa_r20170830.shp,VNF-VBD_npp_20120301-20151231_global_asia-enhanced_c201607211230.bitmask,vbd_landsea_r20220824.mask,timezone.shp,VBD_platforms-recurring_2015_r20170330.shp,999999,VBD_bridges_c20160811.shp,8.908844;6.970024;4.655672;-0.214400;1.955167;4.018827,96.765038;110.596878;124.199928;123.046227;109.474426;95.761597,npp_d20250910_t1809458_e1811100_b71879;npp_d20250910_t1811112_e1812354_b71879;npp_d20250910_t1812366_e1814008_b71879;npp_d20250910_t1814020_e1815262_b71879,160.693,58.1384,49.3073,97.7779,21.8222,64.7938
280,VBD_npp_d20250910_t1810252_x1029667E_y056445N_l0368_s0973_v23,2025-09-10 20:24:38,5.644510,102.966713,7.2705,2025-09-10 18:10:25,2025-09-11 02:10:25,368,973,0.33527,2,2209,0.287536,0.242318,0.766394,0.4,0.710656,0.75,0.0850232,0.0001,8.20169e-07,999999,-6.547377e-02,3,Malaysian Exclusive Economic Zone,,,SVDNB_npp_d20250910_t1809458_e1811100_b71879_c20250910193718573000_oeac_ops.h5,GDNBO_npp_d20250910_t1809458_e1811100_b71879_c20250910193449503000_oeac_ops.h5,SVI04_npp_d20250910_t1809458_e1811100_b71879_c20250910193726893000_oeac_ops.dspace_rad,,eez_v11.shp,WPP_BFAR_merge.shp,vbd_mpa_r20170830.shp,VNF-VBD_npp_20120301-20151231_global_asia-enhanced_c201607211230.bitmask,vbd_landsea_r20220824.mask,timezone.shp,VBD_platforms-recurring_2015_r20170330.shp,999999,VBD_bridges_c20160811.shp,8.908844;6.970024;4.655672;-0.214400;1.955167;4.018827,96.765038;110.596878;124.199928;123.046227;109.474426;95.761597,npp_d20250910_t1809458_e1811100_b71879;npp_d20250910_t1811112_e1812354_b71879;npp_d20250910_t1812366_e1814008_b71879;npp_d20250910_t1814020_e1815262_b71879,160.693,58.166,49.2778,97.7241,21.8205,64.7705
281,VBD_npp_d20250910_t1810270_x1029660E_y056409N_l0369_s0974_v23,2025-09-10 20:24:38,5.640917,102.966026,6.26641,2025-09-10 18:10:27,2025-09-11 02:10:27,369,974,0.334132,2,2209,0.275808,0.224393,0.766394,0.4,0.717756,0.75,0.0850261,0.0001,8.69691e-07,999999,4.786253e-02,3,Malaysian Exclusive Economic Zone,,,SVDNB_npp_d20250910_t1809458_e1811100_b71879_c20250910193718573000_oeac_ops.h5,GDNBO_npp_d20250910_t1809458_e1811100_b71879_c20250910193449503000_oeac_ops.h5,SVI04_npp_d20250910_t1809458_e1811100_b71879_c20250910193726893000_oeac_ops.dspace_rad,,eez_v11.shp,WPP_BFAR_merge.shp,vbd_mpa_r20170830.shp,VNF-VBD_npp_20120301-20151231_global_asia-enhanced_c201607211230.bitmask,vbd_landsea_r20220824.mask,timezone.shp,VBD_platforms-recurring_2015_r20170330.shp,999999,VBD_bridges_c20160811.shp,8.908844;6.970024;4.655672;-0.214400;1.955167;4.018827,96.765038;110.596878;124.199928;123.046227;109.474426;95.761597,npp_d20250910_t1809458_e1811100_b71879;npp_d20250910_t1811112_e1812354_b71879;npp_d20250910_t1812366_e1814008_b71879;npp_d20250910_t1814020_e1815262_b71879,160.689,58.1855,49.2451,98.5484,21.8161,64.7556
282,VBD_npp_d20250910_t1810146_x1031312E_y062844N_l0269_s0977_v23,2025-09-10 20:24:38,6.284385,103.131218,17.3428,2025-09-10 18:10:14,2025-09-11 01:10:14,269,977,0.336337,8,18913,0.538758,0.2858,0.773435,0.4,0.856328,0.75,0.0852143,0.0001,9.44832e-07,999999,-3.404053e-01,3,Malaysian Exclusive Economic Zone,,,SVDNB_npp_d20250910_t1809458_e1811100_b71879_c20250910193718573000_oeac_ops.h5,GDNBO_npp_d20250910_t1809458_e1811100_b71879_c20250910193449503000_oeac_ops.h5,SVI04_npp_d20250910_t1809458_e1811100_b71879_c20250910193726893000_oeac_ops.dspace_rad,,eez_v11.shp,WPP_BFAR_merge.shp,vbd_mpa_r20170830.shp,VNF-VBD_npp_20120301-20151231_global_asia-enhanced_c201607211230.bitmask,vbd_landsea_r20220824.mask,timezone.shp,VBD_platforms-recurring_2015_r20170330.shp,0.255122,VBD_bridges_c20160811.shp,8.908844;6.970024;4.655672;-0.214400;1.955167;4.018827,96.765038;110.596878;124.199928;123.046227;109.474426;95.761597,npp_d20250910_t1809458_e1811100_b71879;npp_d20250910_t1811112_e1812354_b71879;npp_d20250910_t1812366_e1814008_b71879;npp_d20250910_t1814020_e1815262_b71879,160.248,56.8377,49.1515,97.8186,21.4382,66.1519
283,VBD_npp_d20250910_t1810128_x1031662E_y064346N_l0246_s0978_v23,2025-09-10 20:24:38,6.434579,103.166176,11.3507,2025-09-10 18:10:12,2025-09-11 01:10:12,246,978,0.342596,1,2529,0.465996,0.25127,0.808728,0.4,0.848284,0.75,0.0852843,0.0001,9.91191e-07,999999,-1.220782e-01,3,Malaysian Exclusive Economic Zone,,,SVDNB_npp_d20250910_t1809458_e1811100_b71879_c20250910193718573000_oeac_ops.h5,GDNBO_npp_d20250910_t1809458_e1811100_b71879_c20250910193449503000_oeac_ops.h5,SVI04_npp_d20250910_t1809458_e1811100_b71879_c20250910193726893000_oeac_ops.dspace_rad,,eez_v11.shp,WPP_BFAR_merge.shp,vbd_mpa_r20170830.shp,VNF-VBD_npp_20120301-20151231_global_asia-enhanced_c201607211230.bitmask,vbd_landsea_r20220824.mask,timezone.shp,VBD_platforms-recurring_2015_r20170330.shp,999999,VBD_bridges_c20160811.shp,8.908844;6.970024;4.655672;-0.214400;1.955167;4.018827,96.765038;110.596878;124.199928;123.046227;109.474426;95.761597,npp_d20250910_t1809458_e1811100_b71879;npp_d20250910_t1811112_e1812354_b71879;npp_d20250910_t1812366_e1814008_b71879;npp_d20250910_t1814020_e1815262_b71879,160.143,56.534,49.1238,98.1865,21.3511,66.4842
284,VBD_npp_d20250910_t1810128_x1031602E_y063940N_l0252_s0978_v23,2025-09-10 20:24:38,6.394027,103.160240,8.36397,2025-09-10 18:10:12,2025-09-11 01:10:12,252,978,0.329224,1,2529,0.366827,0.299767,0.75836,0.4,0.764863,0.75,0.0852671,0.0001,9.70991e-07,999999,-4.287125e-01,3,Malaysian Exclusive Economic Zone,,,SVDNB_npp_d20250910_t1809458_e1811100_b71879_c20250910193718573000_oeac_ops.h5,GDNBO_npp_d20250910_t1809458_e1811100_b71879_c20250910193449503000_oeac_ops.h5,SVI04_npp_d20250910_t1809458_e1811100_b71879_c20250910193726893000_oeac_ops.dspace_rad,,eez_v11.shp,WPP_BFAR_merge.shp,vbd_mpa_r20170830.shp,VNF-VBD_npp_20120301-20151231_global_asia-enhanced_c201607211230.bitmask,vbd_landsea_r20220824.mask,timezone.shp,VBD_platforms-recurring_2015_r20170330.shp,999999,VBD_bridges_c20160811.shp,8.908844;6.970024;4.655672;-0.214400;1.955167;4.018827,96.765038;110.596878;124.199928;123.046227;109.474426;95.761597,npp_d20250910_t1809458_e1811100_b71879;npp_d20250910_t1811112_e1812354_b71879;npp_d20250910_t1812366_e1814008_b71879;npp_d20250910_t1814020_e1815262_b71879,160.17,56.6181,49.1248,97.86,21.3731,66.3929
285,VBD_npp_d20250910_t1810181_x1031315E_y060700N_l0301_s0984_v23,2025-09-10 20:24:38,6.070026,103.131470,22.0712,2025-09-10 18:10:18,2025-09-11 02:10:18,301,984,0.332851,8,18913,0.696065,0.247624,0.821776,0.4,0.911843,0.75,0.0851697,0.0001,1.02112e-06,999999,-9.902116e-02,3,Malaysian Exclusive Economic Zone,,,SVDNB_npp_d20250910_t1809458_e1811100_b71879_c20250910193718573000_oeac_ops.h5,GDNBO_npp_d20250910_t1809458_e1811100_b71879_c20250910193449503000_oeac_ops.h5,SVI04_npp_d20250910_t1809458_e1811100_b71879_c20250910193726893000_oeac_ops.dspace_rad,,eez_v11.shp,WPP_BFAR_merge.shp,vbd_mpa_r20170830.shp,VNF-VBD_npp_20120301-20151231_global_asia-enhanced_c201607211230.bitmask,vbd_landsea_r20220824.mask,timezone.shp,VBD_platforms-recurring_2015_r20170330.shp,0.269991,VBD_bridges_c20160811.shp,8.908844;6.970024;4.655672;-0.214400;1.955167;4.018827,96.765038;110.596878;124.199928;123.046227;109.474426;95.761597,npp_d20250910_t1809458_e1811100_b71879;npp_d20250910_t1811112_e1812354_b71879;npp_d20250910_t1812366_e1814008_b71879;npp_d20250910_t1814020_e1815262_b71879,160.352,57.3648,48.9471,97.8444,21.5139,65.6308
286,VBD_npp_d20250910_t1809568_x1034455E_y073659N_l0101_s0990_v23,2025-09-10 20:24:38,7.365860,103.445496,33.9109,2025-09-10 18:09:56,2025-09-11 01:09:56,101,990,0.409033,1,2529,0.94606,0.199769,0.90579,0.4,0.967249,0.75,0.0857374,0.0001,1.29703e-06,999999,1.707803e-01,3,Malaysian Exclusive Economic Zone,,,SVDNB_npp_d20250910_t1809458_e1811100_b71879_c20250910193718573000_oeac_ops.h5,GDNBO_npp_d20250910_t1809458_e1811100_b71879_c20250910193449503000_oeac_ops.h5,SVI04_npp_d20250910_t1809458_e1811100_b71879_c20250910193726893000_oeac_ops.dspace_rad,,eez_v11.shp,WPP_BFAR_merge.shp,vbd_mpa_r20170830.shp,VNF-VBD_npp_20120301-20151231_global_asia-enhanced_c201607211230.bitmask,vbd_landsea_r20220824.mask,timezone.shp,VBD_platforms-recurring_2015_r20170330.shp,999999,VBD_bridges_c20160811.shp,8.908844;6.970024;4.655672;-0.214400;1.955167;4.018827,96.765038;110.596878;124.199928;123.046227;109.474426;95.761597,npp_d20250910_t1809458_e1811100_b71879;npp_d20250910_t1811112_e1812354_b71879;npp_d20250910_t1812366_e1814008_b71879;npp_d20250910_t1814020_e1815262_b71879,159.443,54.7935,48.7639,98.1507,20.7883,68.5735
287,VBD_npp_d20250910_t1810092_x1032915E_y065622N_l0224_s0992_v23,2025-09-10 20:24:38,6.562161,103.291534,7.96771,2025-09-10 18:10:09,2025-09-11 01:10:09,224,992,0.394309,1,2529,0.4253,0.261208,0.801478,0.4,0.882248,0.75,0.0854078,0.0001,1.19699e-06,999999,-1.849096e-01,3,Malaysian Exclusive Economic Zone,,,SVDNB_npp_d20250910_t1809458_e1811100_b71879_c20250910193718573000_oeac_ops.h5,GDNBO_npp_d20250910_t1809458_e1811100_b71879_c20250910193449503000_oeac_ops.h5,SVI04_npp_d20250910_t1809458_e1811100_b71879_c20250910193726893000_oeac_ops.dspace_rad,,eez_v11.shp,WPP_BFAR_merge.shp,vbd_mpa_r20170830.shp,VNF-VBD_npp_20120301-20151231_global_asia-enhanced_c201607211230.bitmask,vbd_landsea_r20220824.mask,timezone.shp,VBD_platforms-recurring_2015_r20170330.shp,999999,VBD_bridges_c20160811.shp,8.908844;6.970024;4.655672;-0.214400;1.955167;4.018827,96.765038;110.596878;124.199928;123.046227;109.474426;95.761597,npp_d20250910_t1809458_e1811100_b71879;npp_d20250910_t1811112_e1812354_b71879;npp_d20250910_t1812366_e1814008_b71879;npp_d20250910_t1814020_e1815262_b71879,159.981,56.4205,48.7112,97.626,21.1965,66.6891
288,VBD_npp_d20250910_t1810003_x1034171E_y071351N_l0136_s0993_v23,2025-09-10 20:24:38,7.135052,103.417076,31.4243,2025-09-10 18:10:00,2025-09-11 01:10:00,136,993,0.416644,1,2529,0.905907,0.200673,0.902653,0.4,0.961794,0.75,0.0856553,0.0001,1.31317e-06,999999,1.649118e-01,3,Malaysian Exclusive Economic Zone,,,SVDNB_npp_d20250910_t1809458_e1811100_b71879_c20250910193718573000_oeac_ops.h5,GDNBO_npp_d20250910_t1809458_e1811100_b71879_c20250910193449503000_oeac_ops.h5,SVI04_npp_d20250910_t1809458_e1811100_b71879_c20250910193726893000_oeac_ops.dspace_rad,,eez_v11.shp,WPP_BFAR_merge.shp,vbd_mpa_r20170830.shp,VNF-VBD_npp_20120301-20151231_global_asia-enhanced_c201607211230.bitmask,vbd_landsea_r20220824.mask,timezone.shp,VBD_platforms-recurring_2015_r20170330.shp,999999,VBD_bridges_c20160811.shp,8.908844;6.970024;4.655672;-0.214400;1.955167;4.018827,96.765038;110.596878;124.199928;123.046227;109.474426;95.761597,npp_d20250910_t1809458_e1811100_b71879;npp_d20250910_t1811112_e1812354_b71879;npp_d20250910_t1812366_e1814008_b71879;npp_d20250910_t1814020_e1815262_b71879,159.586,55.2775,48.6781,98.0109,20.8884,68.0109
289,VBD_npp_d20250910_t1810003_x1034345E_y071189N_l0138_s0996_v23,2025-09-10 20:24:38,7.118889,103.434532,18.7457,2025-09-10 18:10:00,2025-09-11 01:10:00,138,996,0.407254,1,2529,0.708183,0.202341,0.899592,0.4,0.919132,0.75,0.0856627,0.0001,1.36169e-06,999999,1.540940e-01,3,Malaysian Exclusive Economic Zone,,,SVDNB_npp_d20250910_t1809458_e1811100_b71879_c20250910193718573000_oeac_ops.h5,GDNBO_npp_d20250910_t1809458_e1811100_b71879_c20250910193449503000_oeac_ops.h5,SVI04_npp_d20250910_t1809458_e1811100_b71879_c20250910193726893000_oeac_ops.dspace_rad,,eez_v11.shp,WPP_BFAR_merge.shp,vbd_mpa_r20170830.shp,VNF-VBD_npp_20120301-20151231_global_asia-enhanced_c201607211230.bitmask,vbd_landsea_r20220824.mask,timezone.shp,VBD_platforms-recurring_2015_r20170330.shp,999999,VBD_bridges_c20160811.shp,8.908844;6.970024;4.655672;-0.214400;1.955167;4.018827,96.765038;110.596878;124.199928;123.046227;109.474426;95.761597,npp_d20250910_t1809458_e1811100_b71879;npp_d20250910_t1811112_e1812354_b71879;npp_d20250910_t1812366_e1814008_b71879;npp_d20250910_t1814020_e1815262_b71879,159.581,55.3418,48.5892,97.9035,20.8783,67.9557
290,VBD_npp_d20250910_t1810110_x1033492E_y065496N_l0225_s1002_v23,2025-09-10 20:24:38,6.549602,103.349159,27.6411,2025-09-10 18:10:11,2025-09-11 01:10:11,225,1002,0.369555,8,18913,0.814728,0.297209,0.862218,0.4,0.931395,0.75,0.0854475,0.0001,1.43745e-06,999999,-4.125409e-01,3,Malaysian Exclusive Economic Zone,,,SVDNB_npp_d20250910_t1809458_e1811100_b71879_c20250910193718573000_oeac_ops.h5,GDNBO_npp_d20250910_t1809458_e1811100_b71879_c20250910193449503000_oeac_ops.h5,SVI04_npp_d20250910_t1809458_e1811100_b71879_c20250910193726893000_oeac_ops.dspace_rad,,eez_v11.shp,WPP_BFAR_merge.shp,vbd_mpa_r20170830.shp,VNF-VBD_npp_20120301-20151231_global_asia-enhanced_c201607211230.bitmask,vbd_landsea_r20220824.mask,timezone.shp,VBD_platforms-recurring_2015_r20170330.shp,0.102898,VBD_bridges_c20160811.shp,8.908844;6.970024;4.655672;-0.214400;1.955167;4.018827,96.765038;110.596878;124.199928;123.046227;109.474426;95.761597,npp_d20250910_t1809458_e1811100_b71879;npp_d20250910_t1811112_e1812354_b71879;npp_d20250910_t1812366_e1814008_b71879;npp_d20250910_t1814020_e1815262_b71879,159.934,56.5544,48.4083,98.4698,21.1416,66.5987
291,VBD_npp_d20250910_t1810270_x1031576E_y055919N_l0372_s1004_v23,2025-09-10 20:24:38,5.591924,103.157593,13.9774,2025-09-10 18:10:27,2025-09-11 02:10:27,372,1004,0.318483,1,2529,0.533735,0.216855,0.786134,0.4,0.869665,0.75,0.0851494,0.0001,1.32783e-06,999999,9.552277e-02,3,Malaysian Exclusive Economic Zone,,,SVDNB_npp_d20250910_t1809458_e1811100_b71879_c20250910193718573000_oeac_ops.h5,GDNBO_npp_d20250910_t1809458_e1811100_b71879_c20250910193449503000_oeac_ops.h5,SVI04_npp_d20250910_t1809458_e1811100_b71879_c20250910193726893000_oeac_ops.dspace_rad,,eez_v11.shp,WPP_BFAR_merge.shp,vbd_mpa_r20170830.shp,VNF-VBD_npp_20120301-20151231_global_asia-enhanced_c201607211230.bitmask,vbd_landsea_r20220824.mask,timezone.shp,VBD_platforms-recurring_2015_r20170330.shp,999999,VBD_bridges_c20160811.shp,8.908844;6.970024;4.655672;-0.214400;1.955167;4.018827,96.765038;110.596878;124.199928;123.046227;109.474426;95.761597,npp_d20250910_t1809458_e1811100_b71879;npp_d20250910_t1811112_e1812354_b71879;npp_d20250910_t1812366_e1814008_b71879;npp_d20250910_t1814020_e1815262_b71879,160.552,58.6069,48.3506,98.4067,21.6624,64.4523
292,VBD_npp_d20250910_t1810270_x1031620E_y055776N_l0374_s1005_v23,2025-09-10 20:24:38,5.577634,103.162003,10.6716,2025-09-10 18:10:27,2025-09-11 02:10:27,374,1005,0.306106,1,2529,0.428507,0.227541,0.786134,0.4,0.81095,0.75,0.0851506,0.0001,1.33714e-06,999999,2.796185e-02,3,Malaysian Exclusive Economic Zone,,,SVDNB_npp_d20250910_t1809458_e1811100_b71879_c20250910193718573000_oeac_ops.h5,GDNBO_npp_d20250910_t1809458_e1811100_b71879_c20250910193449503000_oeac_ops.h5,SVI04_npp_d20250910_t1809458_e1811100_b71879_c20250910193726893000_oeac_ops.dspace_rad,,eez_v11.shp,WPP_BFAR_merge.shp,vbd_mpa_r20170830.shp,VNF-VBD_npp_20120301-20151231_global_asia-enhanced_c201607211230.bitmask,vbd_landsea_r20220824.mask,timezone.shp,VBD_platforms-recurring_2015_r20170330.shp,999999,VBD_bridges_c20160811.shp,8.908844;6.970024;4.655672;-0.214400;1.955167;4.018827,96.765038;110.596878;124.199928;123.046227;109.474426;95.761597,npp_d20250910_t1809458_e1811100_b71879;npp_d20250910_t1811112_e1812354_b71879;npp_d20250910_t1812366_e1814008_b71879;npp_d20250910_t1814020_e1815262_b71879,160.556,58.6483,48.3209,98.2973,21.6647,64.4148
293,VBD_npp_d20250910_t1810199_x1033952E_y059730N_l0310_s1026_v23,2025-09-10 20:24:38,5.973012,103.395187,7.26923,2025-09-10 18:10:19,2025-09-11 02:10:19,310,1026,0.353124,8,18849,0.307461,0.312226,0.554989,0.4,0.718666,0.75,0.0853352,0.0001,1.9158e-06,999999,-5.074886e-01,3,Malaysian Exclusive Economic Zone,,,SVDNB_npp_d20250910_t1809458_e1811100_b71879_c20250910193718573000_oeac_ops.h5,GDNBO_npp_d20250910_t1809458_e1811100_b71879_c20250910193449503000_oeac_ops.h5,SVI04_npp_d20250910_t1809458_e1811100_b71879_c20250910193726893000_oeac_ops.dspace_rad,,eez_v11.shp,WPP_BFAR_merge.shp,vbd_mpa_r20170830.shp,VNF-VBD_npp_20120301-20151231_global_asia-enhanced_c201607211230.bitmask,vbd_landsea_r20220824.mask,timezone.shp,VBD_platforms-recurring_2015_r20170330.shp,0.787337,VBD_bridges_c20160811.shp,8.908844;6.970024;4.655672;-0.214400;1.955167;4.018827,96.765038;110.596878;124.199928;123.046227;109.474426;95.761597,npp_d20250910_t1809458_e1811100_b71879;npp_d20250910_t1811112_e1812354_b71879;npp_d20250910_t1812366_e1814008_b71879;npp_d20250910_t1814020_e1815262_b71879,160.176,58.0235,47.6465,98.2715,21.306,65.138
294,VBD_npp_d20250910_t1809585_x1038070E_y072074N_l0117_s1047_v23,2025-09-10 20:24:38,7.207366,103.807045,177.49,2025-09-10 18:09:58,2025-09-11 01:09:58,117,1047,0.410669,4,100837,1.5137,0.203198,0.919974,0.4,0.982123,0.75,0.0859366,0.0001,2.94945e-06,999999,1.485370e-01,3,Vietnamese Exclusive Economic Zone,,,SVDNB_npp_d20250910_t1809458_e1811100_b71879_c20250910193718573000_oeac_ops.h5,GDNBO_npp_d20250910_t1809458_e1811100_b71879_c20250910193449503000_oeac_ops.h5,SVI04_npp_d20250910_t1809458_e1811100_b71879_c20250910193726893000_oeac_ops.dspace_rad,,eez_v11.shp,WPP_BFAR_merge.shp,vbd_mpa_r20170830.shp,VNF-VBD_npp_20120301-20151231_global_asia-enhanced_c201607211230.bitmask,vbd_landsea_r20220824.mask,timezone.shp,VBD_platforms-recurring_2015_r20170330.shp,999999,VBD_bridges_c20160811.shp,8.908844;6.970024;4.655672;-0.214400;1.955167;4.018827,96.765038;110.596878;124.199928;123.046227;109.474426;95.761597,npp_d20250910_t1809458_e1811100_b71879;npp_d20250910_t1811112_e1812354_b71879;npp_d20250910_t1812366_e1814008_b71879;npp_d20250910_t1814020_e1815262_b71879,159.233,55.7387,46.9614,98.2185,20.5029,67.8549
295,VBD_npp_d20250910_t1809585_x1038108E_y071861N_l0120_s1048_v23,2025-09-10 20:24:38,7.186136,103.810799,9.29829,2025-09-10 18:09:58,2025-09-11 01:09:58,120,1048,0.41266,9,117217,0.457262,0.208712,0.912032,0.4,0.829684,0.75,0.0859327,0.0001,2.96464e-06,999999,1.127669e-01,3,,,,SVDNB_npp_d20250910_t1809458_e1811100_b71879_c20250910193718573000_oeac_ops.h5,GDNBO_npp_d20250910_t1809458_e1811100_b71879_c20250910193449503000_oeac_ops.h5,SVI04_npp_d20250910_t1809458_e1811100_b71879_c20250910193726893000_oeac_ops.dspace_rad,,eez_v11.shp,WPP_BFAR_merge.shp,vbd_mpa_r20170830.shp,VNF-VBD_npp_20120301-20151231_global_asia-enhanced_c201607211230.bitmask,vbd_landsea_r20220824.mask,timezone.shp,VBD_platforms-recurring_2015_r20170330.shp,0.413495,VBD_bridges_c20160811.shp,8.908844;6.970024;4.655672;-0.214400;1.955167;4.018827,96.765038;110.596878;124.199928;123.046227;109.474426;95.761597,npp_d20250910_t1809458_e1811100_b71879;npp_d20250910_t1811112_e1812354_b71879;npp_d20250910_t1812366_e1814008_b71879;npp_d20250910_t1814020_e1815262_b71879,159.242,55.7909,46.9293,98.0446,20.5075,67.7979
296,VBD_npp_d20250910_t1810110_x1036812E_y064542N_l0232_s1052_v23,2025-09-10 20:24:38,6.454154,103.681198,7.33129,2025-09-10 18:10:11,2025-09-11 01:10:11,232,1052,0.412518,8,18913,0.416999,0.205309,0.814777,0.4,0.892524,0.75,0.0856401,0.0001,2.93276e-06,999999,1.348407e-01,3,Malaysian Exclusive Economic Zone,,,SVDNB_npp_d20250910_t1809458_e1811100_b71879_c20250910193718573000_oeac_ops.h5,GDNBO_npp_d20250910_t1809458_e1811100_b71879_c20250910193449503000_oeac_ops.h5,SVI04_npp_d20250910_t1809458_e1811100_b71879_c20250910193726893000_oeac_ops.dspace_rad,,eez_v11.shp,WPP_BFAR_merge.shp,vbd_mpa_r20170830.shp,VNF-VBD_npp_20120301-20151231_global_asia-enhanced_c201607211230.bitmask,vbd_landsea_r20220824.mask,timezone.shp,VBD_platforms-recurring_2015_r20170330.shp,0.224447,VBD_bridges_c20160811.shp,8.908844;6.970024;4.655672;-0.214400;1.955167;4.018827,96.765038;110.596878;124.199928;123.046227;109.474426;95.761597,npp_d20250910_t1809458_e1811100_b71879;npp_d20250910_t1811112_e1812354_b71879;npp_d20250910_t1812366_e1814008_b71879;npp_d20250910_t1814020_e1815262_b71879,159.709,57.2995,46.8023,98.1224,20.8734,66.0528
297,VBD_npp_d20250910_t1810092_x1037392E_y065734N_l0213_s1057_v23,2025-09-10 20:24:38,6.573422,103.739166,8.81055,2025-09-10 18:10:09,2025-09-11 01:10:09,213,1057,0.410171,8,18913,0.468206,0.216838,0.836258,0.4,0.91166,0.75,0.0857157,0.0001,3.20715e-06,999999,6.005350e-02,3,Malaysian Exclusive Economic Zone,,,SVDNB_npp_d20250910_t1809458_e1811100_b71879_c20250910193718573000_oeac_ops.h5,GDNBO_npp_d20250910_t1809458_e1811100_b71879_c20250910193449503000_oeac_ops.h5,SVI04_npp_d20250910_t1809458_e1811100_b71879_c20250910193726893000_oeac_ops.dspace_rad,,eez_v11.shp,WPP_BFAR_merge.shp,vbd_mpa_r20170830.shp,VNF-VBD_npp_20120301-20151231_global_asia-enhanced_c201607211230.bitmask,vbd_landsea_r20220824.mask,timezone.shp,VBD_platforms-recurring_2015_r20170330.shp,0.399001,VBD_bridges_c20160811.shp,8.908844;6.970024;4.655672;-0.214400;1.955167;4.018827,96.765038;110.596878;124.199928;123.046227;109.474426;95.761597,npp_d20250910_t1809458_e1811100_b71879;npp_d20250910_t1811112_e1812354_b71879;npp_d20250910_t1812366_e1814008_b71879;npp_d20250910_t1814020_e1815262_b71879,159.603,57.1082,46.6433,98.2889,20.7774,66.2965
298,VBD_npp_d20250910_t1810163_x1036624E_y061073N_l0284_s1060_v23,2025-09-10 20:24:38,6.107341,103.662445,62.333,2025-09-10 18:10:16,2025-09-11 02:10:16,284,1060,0.406116,8,18913,1.06919,0.224502,0.875961,0.4,0.967289,0.75,0.0855257,0.0001,3.14015e-06,999999,4.717609e-02,3,Malaysian Exclusive Economic Zone,,,SVDNB_npp_d20250910_t1809458_e1811100_b71879_c20250910193718573000_oeac_ops.h5,GDNBO_npp_d20250910_t1809458_e1811100_b71879_c20250910193449503000_oeac_ops.h5,SVI04_npp_d20250910_t1809458_e1811100_b71879_c20250910193726893000_oeac_ops.dspace_rad,,eez_v11.shp,WPP_BFAR_merge.shp,vbd_mpa_r20170830.shp,VNF-VBD_npp_20120301-20151231_global_asia-enhanced_c201607211230.bitmask,vbd_landsea_r20220824.mask,timezone.shp,VBD_platforms-recurring_2015_r20170330.shp,0.110492,VBD_bridges_c20160811.shp,8.908844;6.970024;4.655672;-0.214400;1.955167;4.018827,96.765038;110.596878;124.199928;123.046227;109.474426;95.761597,npp_d20250910_t1809458_e1811100_b71879;npp_d20250910_t1811112_e1812354_b71879;npp_d20250910_t1812366_e1814008_b71879;npp_d20250910_t1814020_e1815262_b71879,159.892,58.1018,46.5486,97.9229,21.0165,65.2082
299,VBD_npp_d20250910_t1810128_x1038206E_y063688N_l0242_s1075_v23,2025-09-10 20:24:38,6.368825,103.820648,13.5057,2025-09-10 18:10:12,2025-09-11 01:10:12,242,1075,0.41451,8,51681,0.604266,0.201319,0.839834,0.4,0.932441,0.75,0.0857094,0.0001,4.12917e-06,999999,1.607260e-01,3,Malaysian Exclusive Economic Zone,,,SVDNB_npp_d20250910_t1809458_e1811100_b71879_c20250910193718573000_oeac_ops.h5,GDNBO_npp_d20250910_t1809458_e1811100_b71879_c20250910193449503000_oeac_ops.h5,SVI04_npp_d20250910_t1809458_e1811100_b71879_c20250910193726893000_oeac_ops.dspace_rad,,eez_v11.shp,WPP_BFAR_merge.shp,vbd_mpa_r20170830.shp,VNF-VBD_npp_20120301-20151231_global_asia-enhanced_c201607211230.bitmask,vbd_landsea_r20220824.mask,timezone.shp,VBD_platforms-recurring_2015_r20170330.shp,0.501197,VBD_bridges_c20160811.shp,8.908844;6.970024;4.655672;-0.214400;1.955167;4.018827,96.765038;110.596878;124.199928;123.046227;109.474426;95.761597,npp_d20250910_t1809458_e1811100_b71879;npp_d20250910_t1811112_e1812354_b71879;npp_d20250910_t1812366_e1814008_b71879;npp_d20250910_t1814020_e1815262_b71879,159.632,57.7218,46.0401,98.5153,20.7737,65.7007
300,VBD_npp_d20250910_t1810128_x1039039E_y063635N_l0241_s1087_v23,2025-09-10 20:24:38,6.363502,103.903870,3.61722,2025-09-10 18:10:12,2025-09-11 01:10:12,241,1087,0.418137,8,18593,0.198666,0.19115,0.607005,0.4,0.695224,0.75,0.0857633,0.0001,4.92775e-06,999999,2.266881e-01,3,Malaysian Exclusive Economic Zone,,,SVDNB_npp_d20250910_t1809458_e1811100_b71879_c20250910193718573000_oeac_ops.h5,GDNBO_npp_d20250910_t1809458_e1811100_b71879_c20250910193449503000_oeac_ops.h5,SVI04_npp_d20250910_t1809458_e1811100_b71879_c20250910193726893000_oeac_ops.dspace_rad,,eez_v11.shp,WPP_BFAR_merge.shp,vbd_mpa_r20170830.shp,VNF-VBD_npp_20120301-20151231_global_asia-enhanced_c201607211230.bitmask,vbd_landsea_r20220824.mask,timezone.shp,VBD_platforms-recurring_2015_r20170330.shp,0.441894,VBD_bridges_c20160811.shp,8.908844;6.970024;4.655672;-0.214400;1.955167;4.018827,96.765038;110.596878;124.199928;123.046227;109.474426;95.761597,npp_d20250910_t1809458_e1811100_b71879;npp_d20250910_t1811112_e1812354_b71879;npp_d20250910_t1812366_e1814008_b71879;npp_d20250910_t1814020_e1815262_b71879,159.565,57.8617,45.6316,98.5881,20.6993,65.6051
302,VBD_npp_d20250910_t1810163_x1038777E_y061455N_l0274_s1090_v23,2025-09-10 20:24:38,6.145489,103.877663,17.0439,2025-09-10 18:10:16,2025-09-11 02:10:16,274,1090,0.404267,1,2529,0.682281,0.217968,0.829232,0.4,0.894457,0.75,0.0856818,0.0001,5.02182e-06,999999,5.272138e-02,3,Malaysian Exclusive Economic Zone,,,SVDNB_npp_d20250910_t1809458_e1811100_b71879_c20250910193718573000_oeac_ops.h5,GDNBO_npp_d20250910_t1809458_e1811100_b71879_c20250910193449503000_oeac_ops.h5,SVI04_npp_d20250910_t1809458_e1811100_b71879_c20250910193726893000_oeac_ops.dspace_rad,,eez_v11.shp,WPP_BFAR_merge.shp,vbd_mpa_r20170830.shp,VNF-VBD_npp_20120301-20151231_global_asia-enhanced_c201607211230.bitmask,vbd_landsea_r20220824.mask,timezone.shp,VBD_platforms-recurring_2015_r20170330.shp,999999,VBD_bridges_c20160811.shp,8.908844;6.970024;4.655672;-0.214400;1.955167;4.018827,96.765038;110.596878;124.199928;123.046227;109.474426;95.761597,npp_d20250910_t1809458_e1811100_b71879;npp_d20250910_t1811112_e1812354_b71879;npp_d20250910_t1812366_e1814008_b71879;npp_d20250910_t1814020_e1815262_b71879,159.69,58.3428,45.5332,98.5488,20.8028,65.0835
303,VBD_npp_d20250910_t1810199_x1038465E_y058865N_l0313_s1093_v23,2025-09-10 20:24:38,5.886550,103.846458,13.3449,2025-09-10 18:10:19,2025-09-11 02:10:19,313,1093,0.412589,1,2529,0.594015,0.207102,0.891656,0.4,0.89645,0.75,0.0856144,0.0001,5.02315e-06,999999,1.232058e-01,3,Malaysian Exclusive Economic Zone,,,SVDNB_npp_d20250910_t1809458_e1811100_b71879_c20250910193718573000_oeac_ops.h5,GDNBO_npp_d20250910_t1809458_e1811100_b71879_c20250910193449503000_oeac_ops.h5,SVI04_npp_d20250910_t1809458_e1811100_b71879_c20250910193726893000_oeac_ops.dspace_rad,,eez_v11.shp,WPP_BFAR_merge.shp,vbd_mpa_r20170830.shp,VNF-VBD_npp_20120301-20151231_global_asia-enhanced_c201607211230.bitmask,vbd_landsea_r20220824.mask,timezone.shp,VBD_platforms-recurring_2015_r20170330.shp,999999,VBD_bridges_c20160811.shp,8.908844;6.970024;4.655672;-0.214400;1.955167;4.018827,96.765038;110.596878;124.199928;123.046227;109.474426;95.761597,npp_d20250910_t1809458_e1811100_b71879;npp_d20250910_t1811112_e1812354_b71879;npp_d20250910_t1812366_e1814008_b71879;npp_d20250910_t1814020_e1815262_b71879,159.839,58.9178,45.4293,98.1405,20.9305,64.4741
304,VBD_npp_d20250910_t1810003_x1041102E_y070571N_l0133_s1095_v23,2025-09-10 20:24:38,7.057117,104.110222,4.48527,2025-09-10 18:10:00,2025-09-11 01:10:00,133,1095,0.409744,8,18657,0.254725,0.225185,0.671826,0.4,0.777964,0.75,0.0860966,0.0001,5.80705e-06,999999,5.907516e-03,3,Vietnamese Exclusive Economic Zone,,,SVDNB_npp_d20250910_t1809458_e1811100_b71879_c20250910193718573000_oeac_ops.h5,GDNBO_npp_d20250910_t1809458_e1811100_b71879_c20250910193449503000_oeac_ops.h5,SVI04_npp_d20250910_t1809458_e1811100_b71879_c20250910193726893000_oeac_ops.dspace_rad,,eez_v11.shp,WPP_BFAR_merge.shp,vbd_mpa_r20170830.shp,VNF-VBD_npp_20120301-20151231_global_asia-enhanced_c201607211230.bitmask,vbd_landsea_r20220824.mask,timezone.shp,VBD_platforms-recurring_2015_r20170330.shp,0.413306,VBD_bridges_c20160811.shp,8.908844;6.970024;4.655672;-0.214400;1.955167;4.018827,96.765038;110.596878;124.199928;123.046227;109.474426;95.761597,npp_d20250910_t1809458_e1811100_b71879;npp_d20250910_t1811112_e1812354_b71879;npp_d20250910_t1812366_e1814008_b71879;npp_d20250910_t1814020_e1815262_b71879,159.06,56.5555,45.3613,98.2804,20.272,67.1896
305,VBD_npp_d20250910_t1810199_x1038650E_y059187N_l0308_s1095_v23,2025-09-10 20:24:38,5.918655,103.865005,21.8601,2025-09-10 18:10:19,2025-09-11 02:10:19,308,1095,0.411024,1,2529,0.74773,0.219305,0.890102,0.4,0.931549,0.75,0.0856302,0.0001,5.2576e-06,999999,4.405159e-02,3,Malaysian Exclusive Economic Zone,,,SVDNB_npp_d20250910_t1809458_e1811100_b71879_c20250910193718573000_oeac_ops.h5,GDNBO_npp_d20250910_t1809458_e1811100_b71879_c20250910193449503000_oeac_ops.h5,SVI04_npp_d20250910_t1809458_e1811100_b71879_c20250910193726893000_oeac_ops.dspace_rad,,eez_v11.shp,WPP_BFAR_merge.shp,vbd_mpa_r20170830.shp,VNF-VBD_npp_20120301-20151231_global_asia-enhanced_c201607211230.bitmask,vbd_landsea_r20220824.mask,timezone.shp,VBD_platforms-recurring_2015_r20170330.shp,999999,VBD_bridges_c20160811.shp,8.908844;6.970024;4.655672;-0.214400;1.955167;4.018827,96.765038;110.596878;124.199928;123.046227;109.474426;95.761597,npp_d20250910_t1809458_e1811100_b71879;npp_d20250910_t1811112_e1812354_b71879;npp_d20250910_t1812366_e1814008_b71879;npp_d20250910_t1814020_e1815262_b71879,159.806,58.8709,45.3609,98.4506,20.8995,64.5321
306,VBD_npp_d20250910_t1810199_x1038684E_y058486N_l0318_s1097_v23,2025-09-10 20:24:38,5.848585,103.868385,21.3563,2025-09-10 18:10:19,2025-09-11 02:10:19,318,1097,0.409815,1,2529,0.760396,0.216109,0.904194,0.4,0.951769,0.75,0.0856229,0.0001,5.22456e-06,999999,6.478294e-02,3,Malaysian Exclusive Economic Zone,,,SVDNB_npp_d20250910_t1809458_e1811100_b71879_c20250910193718573000_oeac_ops.h5,GDNBO_npp_d20250910_t1809458_e1811100_b71879_c20250910193449503000_oeac_ops.h5,SVI04_npp_d20250910_t1809458_e1811100_b71879_c20250910193726893000_oeac_ops.dspace_rad,,eez_v11.shp,WPP_BFAR_merge.shp,vbd_mpa_r20170830.shp,VNF-VBD_npp_20120301-20151231_global_asia-enhanced_c201607211230.bitmask,vbd_landsea_r20220824.mask,timezone.shp,VBD_platforms-recurring_2015_r20170330.shp,999999,VBD_bridges_c20160811.shp,8.908844;6.970024;4.655672;-0.214400;1.955167;4.018827,96.765038;110.596878;124.199928;123.046227;109.474426;95.761597,npp_d20250910_t1809458_e1811100_b71879;npp_d20250910_t1811112_e1812354_b71879;npp_d20250910_t1812366_e1814008_b71879;npp_d20250910_t1814020_e1815262_b71879,159.839,59.0393,45.2948,97.8339,20.9272,64.36
307,VBD_npp_d20250910_t1810003_x1041397E_y069765N_l0144_s1101_v23,2025-09-10 20:24:38,6.976498,104.139664,12.5993,2025-09-10 18:10:00,2025-09-11 01:10:00,144,1101,0.41707,1,35297,0.544577,0.195775,0.889628,0.4,0.901694,0.75,0.0860911,0.0001,6.10329e-06,999999,1.966865e-01,3,Vietnamese Exclusive Economic Zone,,,SVDNB_npp_d20250910_t1809458_e1811100_b71879_c20250910193718573000_oeac_ops.h5,GDNBO_npp_d20250910_t1809458_e1811100_b71879_c20250910193449503000_oeac_ops.h5,SVI04_npp_d20250910_t1809458_e1811100_b71879_c20250910193726893000_oeac_ops.dspace_rad,,eez_v11.shp,WPP_BFAR_merge.shp,vbd_mpa_r20170830.shp,VNF-VBD_npp_20120301-20151231_global_asia-enhanced_c201607211230.bitmask,vbd_landsea_r20220824.mask,timezone.shp,VBD_platforms-recurring_2015_r20170330.shp,999999,VBD_bridges_c20160811.shp,8.908844;6.970024;4.655672;-0.214400;1.955167;4.018827,96.765038;110.596878;124.199928;123.046227;109.474426;95.761597,npp_d20250910_t1809458_e1811100_b71879;npp_d20250910_t1811112_e1812354_b71879;npp_d20250910_t1812366_e1814008_b71879;npp_d20250910_t1814020_e1815262_b71879,159.08,56.7772,45.1603,97.6038,20.2766,66.957
308,VBD_npp_d20250910_t1810199_x1039107E_y058564N_l0316_s1103_v23,2025-09-10 20:24:38,5.856399,103.910675,12.8653,2025-09-10 18:10:19,2025-09-11 02:10:19,316,1103,0.412518,8,18913,0.564157,0.215466,0.88299,0.4,0.9107,0.75,0.0856502,0.0001,5.72535e-06,999999,6.894991e-02,3,Malaysian Exclusive Economic Zone,,,SVDNB_npp_d20250910_t1809458_e1811100_b71879_c20250910193718573000_oeac_ops.h5,GDNBO_npp_d20250910_t1809458_e1811100_b71879_c20250910193449503000_oeac_ops.h5,SVI04_npp_d20250910_t1809458_e1811100_b71879_c20250910193726893000_oeac_ops.dspace_rad,,eez_v11.shp,WPP_BFAR_merge.shp,vbd_mpa_r20170830.shp,VNF-VBD_npp_20120301-20151231_global_asia-enhanced_c201607211230.bitmask,vbd_landsea_r20220824.mask,timezone.shp,VBD_platforms-recurring_2015_r20170330.shp,0.336681,VBD_bridges_c20160811.shp,8.908844;6.970024;4.655672;-0.214400;1.955167;4.018827,96.765038;110.596878;124.199928;123.046227;109.474426;95.761597,npp_d20250910_t1809458_e1811100_b71879;npp_d20250910_t1811112_e1812354_b71879;npp_d20250910_t1812366_e1814008_b71879;npp_d20250910_t1814020_e1815262_b71879,159.799,59.0842,45.0906,97.9606,20.8852,64.3345
309,VBD_npp_d20250910_t1810003_x1041598E_y069737N_l0144_s1104_v23,2025-09-10 20:24:38,6.973681,104.159798,6.32273,2025-09-10 18:10:00,2025-09-11 01:10:00,144,1104,0.413656,4,51365,0.269229,0.0742367,0.911951,0.4,0.696446,0.75,0.0861032,0.0001,6.36382e-06,999999,9.850978e-01,3,Vietnamese Exclusive Economic Zone,,,SVDNB_npp_d20250910_t1809458_e1811100_b71879_c20250910193718573000_oeac_ops.h5,GDNBO_npp_d20250910_t1809458_e1811100_b71879_c20250910193449503000_oeac_ops.h5,SVI04_npp_d20250910_t1809458_e1811100_b71879_c20250910193726893000_oeac_ops.dspace_rad,,eez_v11.shp,WPP_BFAR_merge.shp,vbd_mpa_r20170830.shp,VNF-VBD_npp_20120301-20151231_global_asia-enhanced_c201607211230.bitmask,vbd_landsea_r20220824.mask,timezone.shp,VBD_platforms-recurring_2015_r20170330.shp,0.997191,VBD_bridges_c20160811.shp,8.908844;6.970024;4.655672;-0.214400;1.955167;4.018827,96.765038;110.596878;124.199928;123.046227;109.474426;95.761597,npp_d20250910_t1809458_e1811100_b71879;npp_d20250910_t1811112_e1812354_b71879;npp_d20250910_t1812366_e1814008_b71879;npp_d20250910_t1814020_e1815262_b71879,159.065,56.8144,45.0586,97.6053,20.259,66.9307
310,VBD_npp_d20250910_t1810021_x1041591E_y069701N_l0145_s1105_v23,2025-09-10 20:24:38,6.970129,104.159058,20.0657,2025-09-10 18:10:02,2025-09-11 01:10:02,145,1105,0.416217,4,51685,0.646632,0.0742579,0.911951,0.4,0.896551,0.75,0.0861046,0.0001,6.69878e-06,999999,9.849602e-01,3,Vietnamese Exclusive Economic Zone,,,SVDNB_npp_d20250910_t1809458_e1811100_b71879_c20250910193718573000_oeac_ops.h5,GDNBO_npp_d20250910_t1809458_e1811100_b71879_c20250910193449503000_oeac_ops.h5,SVI04_npp_d20250910_t1809458_e1811100_b71879_c20250910193726893000_oeac_ops.dspace_rad,,eez_v11.shp,WPP_BFAR_merge.shp,vbd_mpa_r20170830.shp,VNF-VBD_npp_20120301-20151231_global_asia-enhanced_c201607211230.bitmask,vbd_landsea_r20220824.mask,timezone.shp,VBD_platforms-recurring_2015_r20170330.shp,0.662853,VBD_bridges_c20160811.shp,8.908844;6.970024;4.655672;-0.214400;1.955167;4.018827,96.765038;110.596878;124.199928;123.046227;109.474426;95.761597,npp_d20250910_t1809458_e1811100_b71879;npp_d20250910_t1811112_e1812354_b71879;npp_d20250910_t1812366_e1814008_b71879;npp_d20250910_t1814020_e1815262_b71879,159.061,56.8325,45.0224,98.5457,20.2545,66.9152
311,VBD_npp_d20250910_t1810146_x1040091E_y062337N_l0258_s1106_v23,2025-09-10 20:24:38,6.233725,104.009117,11.455,2025-09-10 18:10:14,2025-09-11 01:10:14,258,1106,0.417782,1,2529,0.546503,0.230351,0.847071,0.4,0.910456,0.75,0.0857927,0.0001,6.37014e-06,999999,-2.760569e-02,3,Malaysian Exclusive Economic Zone,,,SVDNB_npp_d20250910_t1809458_e1811100_b71879_c20250910193718573000_oeac_ops.h5,GDNBO_npp_d20250910_t1809458_e1811100_b71879_c20250910193449503000_oeac_ops.h5,SVI04_npp_d20250910_t1809458_e1811100_b71879_c20250910193726893000_oeac_ops.dspace_rad,,eez_v11.shp,WPP_BFAR_merge.shp,vbd_mpa_r20170830.shp,VNF-VBD_npp_20120301-20151231_global_asia-enhanced_c201607211230.bitmask,vbd_landsea_r20220824.mask,timezone.shp,VBD_platforms-recurring_2015_r20170330.shp,999999,VBD_bridges_c20160811.shp,8.908844;6.970024;4.655672;-0.214400;1.955167;4.018827,96.765038;110.596878;124.199928;123.046227;109.474426;95.761597,npp_d20250910_t1809458_e1811100_b71879;npp_d20250910_t1811112_e1812354_b71879;npp_d20250910_t1812366_e1814008_b71879;npp_d20250910_t1814020_e1815262_b71879,159.539,58.3282,44.9832,98.5564,20.651,65.1728
312,VBD_npp_d20250910_t1810003_x1041809E_y069776N_l0143_s1107_v23,2025-09-10 20:24:38,6.977648,104.180870,617.2,2025-09-10 18:10:00,2025-09-11 01:10:00,143,1107,0.828279,4,100837,1.77851,0.0742837,0.911747,0.4,0.984167,0.75,0.0861181,0.0001,6.65522e-06,999999,9.847929e-01,3,Vietnamese Exclusive Economic Zone,,,SVDNB_npp_d20250910_t1809458_e1811100_b71879_c20250910193718573000_oeac_ops.h5,GDNBO_npp_d20250910_t1809458_e1811100_b71879_c20250910193449503000_oeac_ops.h5,SVI04_npp_d20250910_t1809458_e1811100_b71879_c20250910193726893000_oeac_ops.dspace_rad,,eez_v11.shp,WPP_BFAR_merge.shp,vbd_mpa_r20170830.shp,VNF-VBD_npp_20120301-20151231_global_asia-enhanced_c201607211230.bitmask,vbd_landsea_r20220824.mask,timezone.shp,VBD_platforms-recurring_2015_r20170330.shp,999999,VBD_bridges_c20160811.shp,8.908844;6.970024;4.655672;-0.214400;1.955167;4.018827,96.765038;110.596878;124.199928;123.046227;109.474426;95.761597,npp_d20250910_t1809458_e1811100_b71879;npp_d20250910_t1811112_e1812354_b71879;npp_d20250910_t1812366_e1814008_b71879;npp_d20250910_t1814020_e1815262_b71879,159.045,56.8382,44.9565,97.669,20.2379,66.9207
313,VBD_npp_d20250910_t1810217_x1039387E_y058144N_l0322_s1109_v23,2025-09-10 20:24:38,5.814421,103.938728,34.6632,2025-09-10 18:10:21,2025-09-11 02:10:21,322,1109,0.400568,1,2529,0.931855,0.219739,0.896784,0.4,0.962139,0.75,0.0856652,0.0001,6.38571e-06,999999,4.123612e-02,3,Malaysian Exclusive Economic Zone,,,SVDNB_npp_d20250910_t1809458_e1811100_b71879_c20250910193718573000_oeac_ops.h5,GDNBO_npp_d20250910_t1809458_e1811100_b71879_c20250910193449503000_oeac_ops.h5,SVI04_npp_d20250910_t1809458_e1811100_b71879_c20250910193726893000_oeac_ops.dspace_rad,,eez_v11.shp,WPP_BFAR_merge.shp,vbd_mpa_r20170830.shp,VNF-VBD_npp_20120301-20151231_global_asia-enhanced_c201607211230.bitmask,vbd_landsea_r20220824.mask,timezone.shp,VBD_platforms-recurring_2015_r20170330.shp,999999,VBD_bridges_c20160811.shp,8.908844;6.970024;4.655672;-0.214400;1.955167;4.018827,96.765038;110.596878;124.199928;123.046227;109.474426;95.761597,npp_d20250910_t1809458_e1811100_b71879;npp_d20250910_t1811112_e1812354_b71879;npp_d20250910_t1812366_e1814008_b71879;npp_d20250910_t1814020_e1815262_b71879,159.791,59.2349,44.8839,98.5989,20.8717,64.1961
314,VBD_npp_d20250910_t1810252_x1039074E_y056112N_l0353_s1111_v23,2025-09-10 20:24:38,5.611180,103.907379,39.9277,2025-09-10 18:10:25,2025-09-11 02:10:25,353,1111,0.39061,4,35301,0.856181,0.213979,0.820109,0.4,0.912828,0.75,0.0856252,0.0001,6.45196e-06,999999,7.859914e-02,3,Malaysian Exclusive Economic Zone,,,SVDNB_npp_d20250910_t1809458_e1811100_b71879_c20250910193718573000_oeac_ops.h5,GDNBO_npp_d20250910_t1809458_e1811100_b71879_c20250910193449503000_oeac_ops.h5,SVI04_npp_d20250910_t1809458_e1811100_b71879_c20250910193726893000_oeac_ops.dspace_rad,,eez_v11.shp,WPP_BFAR_merge.shp,vbd_mpa_r20170830.shp,VNF-VBD_npp_20120301-20151231_global_asia-enhanced_c201607211230.bitmask,vbd_landsea_r20220824.mask,timezone.shp,VBD_platforms-recurring_2015_r20170330.shp,999999,VBD_bridges_c20160811.shp,8.908844;6.970024;4.655672;-0.214400;1.955167;4.018827,96.765038;110.596878;124.199928;123.046227;109.474426;95.761597,npp_d20250910_t1809458_e1811100_b71879;npp_d20250910_t1811112_e1812354_b71879;npp_d20250910_t1812366_e1814008_b71879;npp_d20250910_t1814020_e1815262_b71879,159.908,59.6876,44.8193,98.6838,20.978,63.727
316,VBD_npp_d20250910_t1810110_x1041121E_y064264N_l0227_s1115_v23,2025-09-10 20:24:38,6.426353,104.112061,10.1816,2025-09-10 18:10:11,2025-09-11 01:10:11,227,1115,0.414083,1,2529,0.499987,0.269671,0.815542,0.4,0.879717,0.75,0.0859178,0.0001,7.31259e-06,999999,-2.826747e-01,3,Malaysian Exclusive Economic Zone,,,SVDNB_npp_d20250910_t1809458_e1811100_b71879_c20250910193718573000_oeac_ops.h5,GDNBO_npp_d20250910_t1809458_e1811100_b71879_c20250910193449503000_oeac_ops.h5,SVI04_npp_d20250910_t1809458_e1811100_b71879_c20250910193726893000_oeac_ops.dspace_rad,,eez_v11.shp,WPP_BFAR_merge.shp,vbd_mpa_r20170830.shp,VNF-VBD_npp_20120301-20151231_global_asia-enhanced_c201607211230.bitmask,vbd_landsea_r20220824.mask,timezone.shp,VBD_platforms-recurring_2015_r20170330.shp,999999,VBD_bridges_c20160811.shp,8.908844;6.970024;4.655672;-0.214400;1.955167;4.018827,96.765038;110.596878;124.199928;123.046227;109.474426;95.761597,npp_d20250910_t1809458_e1811100_b71879;npp_d20250910_t1811112_e1812354_b71879;npp_d20250910_t1812366_e1814008_b71879;npp_d20250910_t1814020_e1815262_b71879,159.363,58.0245,44.6818,98.4817,20.4879,65.559
318,VBD_npp_d20250910_t1810199_x1040072E_y058218N_l0319_s1118_v23,2025-09-10 20:24:38,5.821822,104.007187,41.7541,2025-09-10 18:10:19,2025-09-11 02:10:19,319,1118,0.410455,1,2529,1.00324,0.214644,0.900386,0.4,0.968464,0.75,0.0857062,0.0001,6.97389e-06,999999,7.428434e-02,3,Malaysian Exclusive Economic Zone,,,SVDNB_npp_d20250910_t1809458_e1811100_b71879_c20250910193718573000_oeac_ops.h5,GDNBO_npp_d20250910_t1809458_e1811100_b71879_c20250910193449503000_oeac_ops.h5,SVI04_npp_d20250910_t1809458_e1811100_b71879_c20250910193726893000_oeac_ops.dspace_rad,,eez_v11.shp,WPP_BFAR_merge.shp,vbd_mpa_r20170830.shp,VNF-VBD_npp_20120301-20151231_global_asia-enhanced_c201607211230.bitmask,vbd_landsea_r20220824.mask,timezone.shp,VBD_platforms-recurring_2015_r20170330.shp,999999,VBD_bridges_c20160811.shp,8.908844;6.970024;4.655672;-0.214400;1.955167;4.018827,96.765038;110.596878;124.199928;123.046227;109.474426;95.761597,npp_d20250910_t1809458_e1811100_b71879;npp_d20250910_t1811112_e1812354_b71879;npp_d20250910_t1812366_e1814008_b71879;npp_d20250910_t1814020_e1815262_b71879,159.735,59.308,44.584,97.7802,20.8125,64.1494
319,VBD_npp_d20250910_t1810199_x1040335E_y058181N_l0319_s1122_v23,2025-09-10 20:24:38,5.818064,104.033485,24.0129,2025-09-10 18:10:19,2025-09-11 02:10:19,319,1122,0.371404,1,2529,0.789902,0.246107,0.896395,0.4,0.936589,0.75,0.0857224,0.0001,7.36522e-06,999999,-1.298128e-01,3,Malaysian Exclusive Economic Zone,,,SVDNB_npp_d20250910_t1809458_e1811100_b71879_c20250910193718573000_oeac_ops.h5,GDNBO_npp_d20250910_t1809458_e1811100_b71879_c20250910193449503000_oeac_ops.h5,SVI04_npp_d20250910_t1809458_e1811100_b71879_c20250910193726893000_oeac_ops.dspace_rad,,eez_v11.shp,WPP_BFAR_merge.shp,vbd_mpa_r20170830.shp,VNF-VBD_npp_20120301-20151231_global_asia-enhanced_c201607211230.bitmask,vbd_landsea_r20220824.mask,timezone.shp,VBD_platforms-recurring_2015_r20170330.shp,999999,VBD_bridges_c20160811.shp,8.908844;6.970024;4.655672;-0.214400;1.955167;4.018827,96.765038;110.596878;124.199928;123.046227;109.474426;95.761597,npp_d20250910_t1809458_e1811100_b71879;npp_d20250910_t1811112_e1812354_b71879;npp_d20250910_t1812366_e1814008_b71879;npp_d20250910_t1814020_e1815262_b71879,159.714,59.3555,44.4489,97.7817,20.7903,64.1124
322,VBD_npp_d20250910_t1810235_x1040750E_y056590N_l0342_s1134_v23,2025-09-10 20:24:38,5.659005,104.075043,28.4657,2025-09-10 18:10:23,2025-09-11 02:10:23,342,1134,0.400924,1,2529,0.817101,0.230889,0.842087,0.4,0.944394,0.75,0.085735,0.0001,8.74604e-06,999999,-3.109516e-02,3,Malaysian Exclusive Economic Zone,,,SVDNB_npp_d20250910_t1809458_e1811100_b71879_c20250910193718573000_oeac_ops.h5,GDNBO_npp_d20250910_t1809458_e1811100_b71879_c20250910193449503000_oeac_ops.h5,SVI04_npp_d20250910_t1809458_e1811100_b71879_c20250910193726893000_oeac_ops.dspace_rad,,eez_v11.shp,WPP_BFAR_merge.shp,vbd_mpa_r20170830.shp,VNF-VBD_npp_20120301-20151231_global_asia-enhanced_c201607211230.bitmask,vbd_landsea_r20220824.mask,timezone.shp,VBD_platforms-recurring_2015_r20170330.shp,999999,VBD_bridges_c20160811.shp,8.908844;6.970024;4.655672;-0.214400;1.955167;4.018827,96.765038;110.596878;124.199928;123.046227;109.474426;95.761597,npp_d20250910_t1809458_e1811100_b71879;npp_d20250910_t1811112_e1812354_b71879;npp_d20250910_t1812366_e1814008_b71879;npp_d20250910_t1814020_e1815262_b71879,159.746,59.8095,44.0447,98.3753,20.8108,63.6686
325,VBD_npp_d20250910_t1810128_x1042487E_y062713N_l0247_s1140_v23,2025-09-10 20:24:38,6.271261,104.248657,14.6446,2025-09-10 18:10:12,2025-09-11 01:10:12,247,1140,0.418849,1,2529,0.594037,0.213837,0.819837,0.4,0.897438,0.75,0.0859622,0.0001,1.00034e-05,999999,7.952252e-02,3,Malaysian Exclusive Economic Zone,,,SVDNB_npp_d20250910_t1809458_e1811100_b71879_c20250910193718573000_oeac_ops.h5,GDNBO_npp_d20250910_t1809458_e1811100_b71879_c20250910193449503000_oeac_ops.h5,SVI04_npp_d20250910_t1809458_e1811100_b71879_c20250910193726893000_oeac_ops.dspace_rad,,eez_v11.shp,WPP_BFAR_merge.shp,vbd_mpa_r20170830.shp,VNF-VBD_npp_20120301-20151231_global_asia-enhanced_c201607211230.bitmask,vbd_landsea_r20220824.mask,timezone.shp,VBD_platforms-recurring_2015_r20170330.shp,999999,VBD_bridges_c20160811.shp,8.908844;6.970024;4.655672;-0.214400;1.955167;4.018827,96.765038;110.596878;124.199928;123.046227;109.474426;95.761597,npp_d20250910_t1809458_e1811100_b71879;npp_d20250910_t1811112_e1812354_b71879;npp_d20250910_t1812366_e1814008_b71879;npp_d20250910_t1814020_e1815262_b71879,159.322,58.5899,43.8387,98.258,20.4219,65.0265
326,VBD_npp_d20250910_t1810199_x1041544E_y058280N_l0315_s1140_v23,2025-09-10 20:24:38,5.828017,104.154396,6.15771,2025-09-10 18:10:19,2025-09-11 02:10:19,315,1140,0.334914,4,35301,0.291009,0.241027,0.622772,0.4,0.750347,0.75,0.0858015,0.0001,9.5037e-06,999999,-9.685732e-02,3,Malaysian Exclusive Economic Zone,,,SVDNB_npp_d20250910_t1809458_e1811100_b71879_c20250910193718573000_oeac_ops.h5,GDNBO_npp_d20250910_t1809458_e1811100_b71879_c20250910193449503000_oeac_ops.h5,SVI04_npp_d20250910_t1809458_e1811100_b71879_c20250910193726893000_oeac_ops.dspace_rad,,eez_v11.shp,WPP_BFAR_merge.shp,vbd_mpa_r20170830.shp,VNF-VBD_npp_20120301-20151231_global_asia-enhanced_c201607211230.bitmask,vbd_landsea_r20220824.mask,timezone.shp,VBD_platforms-recurring_2015_r20170330.shp,999999,VBD_bridges_c20160811.shp,8.908844;6.970024;4.655672;-0.214400;1.955167;4.018827,96.765038;110.596878;124.199928;123.046227;109.474426;95.761597,npp_d20250910_t1809458_e1811100_b71879;npp_d20250910_t1811112_e1812354_b71879;npp_d20250910_t1812366_e1814008_b71879;npp_d20250910_t1814020_e1815262_b71879,159.605,59.5097,43.8407,98.042,20.6759,64.0071
328,VBD_npp_d20250910_t1810181_x1041873E_y059580N_l0295_s1141_v23,2025-09-10 20:24:38,5.958038,104.187347,249.932,2025-09-10 18:10:18,2025-09-11 02:10:18,295,1141,0.381078,4,35301,1.61461,0.213494,0.886614,0.4,0.978796,0.75,0.0858369,0.0001,9.8533e-06,999999,8.174386e-02,3,Malaysian Exclusive Economic Zone,,,SVDNB_npp_d20250910_t1809458_e1811100_b71879_c20250910193718573000_oeac_ops.h5,GDNBO_npp_d20250910_t1809458_e1811100_b71879_c20250910193449503000_oeac_ops.h5,SVI04_npp_d20250910_t1809458_e1811100_b71879_c20250910193726893000_oeac_ops.dspace_rad,,eez_v11.shp,WPP_BFAR_merge.shp,vbd_mpa_r20170830.shp,VNF-VBD_npp_20120301-20151231_global_asia-enhanced_c201607211230.bitmask,vbd_landsea_r20220824.mask,timezone.shp,VBD_platforms-recurring_2015_r20170330.shp,999999,VBD_bridges_c20160811.shp,8.908844;6.970024;4.655672;-0.214400;1.955167;4.018827,96.765038;110.596878;124.199928;123.046227;109.474426;95.761597,npp_d20250910_t1809458_e1811100_b71879;npp_d20250910_t1811112_e1812354_b71879;npp_d20250910_t1812366_e1814008_b71879;npp_d20250910_t1814020_e1815262_b71879,159.517,59.2468,43.8063,98.2883,20.5947,64.2963
331,VBD_npp_d20250910_t1810217_x1041560E_y057070N_l0333_s1144_v23,2025-09-10 20:24:38,5.707037,104.156013,30.6033,2025-09-10 18:10:21,2025-09-11 02:10:21,333,1144,0.308951,1,2529,0.847708,0.253014,0.855298,0.4,0.937163,0.75,0.0857894,0.0001,9.86391e-06,999999,-1.746223e-01,3,Malaysian Exclusive Economic Zone,,,SVDNB_npp_d20250910_t1809458_e1811100_b71879_c20250910193718573000_oeac_ops.h5,GDNBO_npp_d20250910_t1809458_e1811100_b71879_c20250910193449503000_oeac_ops.h5,SVI04_npp_d20250910_t1809458_e1811100_b71879_c20250910193726893000_oeac_ops.dspace_rad,,eez_v11.shp,WPP_BFAR_merge.shp,vbd_mpa_r20170830.shp,VNF-VBD_npp_20120301-20151231_global_asia-enhanced_c201607211230.bitmask,vbd_landsea_r20220824.mask,timezone.shp,VBD_platforms-recurring_2015_r20170330.shp,999999,VBD_bridges_c20160811.shp,8.908844;6.970024;4.655672;-0.214400;1.955167;4.018827,96.765038;110.596878;124.199928;123.046227;109.474426;95.761597,npp_d20250910_t1809458_e1811100_b71879;npp_d20250910_t1811112_e1812354_b71879;npp_d20250910_t1812366_e1814008_b71879;npp_d20250910_t1814020_e1815262_b71879,159.659,59.8041,43.7045,97.9289,20.7222,63.7044
332,VBD_npp_d20250910_t1810252_x1041153E_y055322N_l0360_s1144_v23,2025-09-10 20:24:38,5.532231,104.115303,9.20133,2025-09-10 18:10:25,2025-09-11 02:10:25,360,1144,0.279147,8,18849,0.344001,0.296747,0.581812,0.4,0.674848,0.75,0.085747,0.0001,9.82967e-06,999999,-4.583103e-01,3,Malaysian Exclusive Economic Zone,,,SVDNB_npp_d20250910_t1809458_e1811100_b71879_c20250910193718573000_oeac_ops.h5,GDNBO_npp_d20250910_t1809458_e1811100_b71879_c20250910193449503000_oeac_ops.h5,SVI04_npp_d20250910_t1809458_e1811100_b71879_c20250910193726893000_oeac_ops.dspace_rad,,eez_v11.shp,WPP_BFAR_merge.shp,vbd_mpa_r20170830.shp,VNF-VBD_npp_20120301-20151231_global_asia-enhanced_c201607211230.bitmask,vbd_landsea_r20220824.mask,timezone.shp,VBD_platforms-recurring_2015_r20170330.shp,0.372742,VBD_bridges_c20160811.shp,8.908844;6.970024;4.655672;-0.214400;1.955167;4.018827,96.765038;110.596878;124.199928;123.046227;109.474426;95.761597,npp_d20250910_t1809458_e1811100_b71879;npp_d20250910_t1811112_e1812354_b71879;npp_d20250910_t1812366_e1814008_b71879;npp_d20250910_t1814020_e1815262_b71879,159.768,60.1762,43.7062,98.2671,20.8254,63.3124
335,VBD_npp_d20250910_t1810235_x1041678E_y056038N_l0348_s1149_v23,2025-09-10 20:24:38,5.603798,104.167770,7.7191,2025-09-10 18:10:23,2025-09-11 02:10:23,348,1149,0.285478,8,18849,0.301741,0.288551,0.611486,0.4,0.674118,0.75,0.085786,0.0001,1.04919e-05,999999,-4.051452e-01,3,Malaysian Exclusive Economic Zone,,,SVDNB_npp_d20250910_t1809458_e1811100_b71879_c20250910193718573000_oeac_ops.h5,GDNBO_npp_d20250910_t1809458_e1811100_b71879_c20250910193449503000_oeac_ops.h5,SVI04_npp_d20250910_t1809458_e1811100_b71879_c20250910193726893000_oeac_ops.dspace_rad,,eez_v11.shp,WPP_BFAR_merge.shp,vbd_mpa_r20170830.shp,VNF-VBD_npp_20120301-20151231_global_asia-enhanced_c201607211230.bitmask,vbd_landsea_r20220824.mask,timezone.shp,VBD_platforms-recurring_2015_r20170330.shp,0.439703,VBD_bridges_c20160811.shp,8.908844;6.970024;4.655672;-0.214400;1.955167;4.018827,96.765038;110.596878;124.199928;123.046227;109.474426;95.761597,npp_d20250910_t1809458_e1811100_b71879;npp_d20250910_t1811112_e1812354_b71879;npp_d20250910_t1812366_e1814008_b71879;npp_d20250910_t1814020_e1815262_b71879,159.694,60.073,43.5282,97.9957,20.7518,63.4346
337,VBD_npp_d20250910_t1810217_x1042251E_y057450N_l0326_s1153_v23,2025-09-10 20:24:38,5.744999,104.225052,21.2941,2025-09-10 18:10:21,2025-09-11 02:10:21,326,1153,0.373254,1,35297,0.724596,0.226132,0.878423,0.4,0.907774,0.75,0.0858367,0.0001,1.14666e-05,999999,-2.379107e-04,3,Malaysian Exclusive Economic Zone,,,SVDNB_npp_d20250910_t1809458_e1811100_b71879_c20250910193718573000_oeac_ops.h5,GDNBO_npp_d20250910_t1809458_e1811100_b71879_c20250910193449503000_oeac_ops.h5,SVI04_npp_d20250910_t1809458_e1811100_b71879_c20250910193726893000_oeac_ops.dspace_rad,,eez_v11.shp,WPP_BFAR_merge.shp,vbd_mpa_r20170830.shp,VNF-VBD_npp_20120301-20151231_global_asia-enhanced_c201607211230.bitmask,vbd_landsea_r20220824.mask,timezone.shp,VBD_platforms-recurring_2015_r20170330.shp,999999,VBD_bridges_c20160811.shp,8.908844;6.970024;4.655672;-0.214400;1.955167;4.018827,96.765038;110.596878;124.199928;123.046227;109.474426;95.761597,npp_d20250910_t1809458_e1811100_b71879;npp_d20250910_t1811112_e1812354_b71879;npp_d20250910_t1812366_e1814008_b71879;npp_d20250910_t1814020_e1815262_b71879,159.58,59.8156,43.3763,98.386,20.6424,63.721
339,VBD_npp_d20250910_t1810110_x1043815E_y063249N_l0236_s1157_v23,2025-09-10 20:24:38,6.324882,104.381454,5.01052,2025-09-10 18:10:11,2025-09-11 01:10:11,236,1157,0.402631,1,2273,0.27174,0.229643,0.672924,0.4,0.764677,0.75,0.0860626,0.0001,1.25559e-05,999999,-2.301596e-02,3,Malaysian Exclusive Economic Zone,,,SVDNB_npp_d20250910_t1809458_e1811100_b71879_c20250910193718573000_oeac_ops.h5,GDNBO_npp_d20250910_t1809458_e1811100_b71879_c20250910193449503000_oeac_ops.h5,SVI04_npp_d20250910_t1809458_e1811100_b71879_c20250910193726893000_oeac_ops.dspace_rad,,eez_v11.shp,WPP_BFAR_merge.shp,vbd_mpa_r20170830.shp,VNF-VBD_npp_20120301-20151231_global_asia-enhanced_c201607211230.bitmask,vbd_landsea_r20220824.mask,timezone.shp,VBD_platforms-recurring_2015_r20170330.shp,999999,VBD_bridges_c20160811.shp,8.908844;6.970024;4.655672;-0.214400;1.955167;4.018827,96.765038;110.596878;124.199928;123.046227;109.474426;95.761597,npp_d20250910_t1809458_e1811100_b71879;npp_d20250910_t1811112_e1812354_b71879;npp_d20250910_t1812366_e1814008_b71879;npp_d20250910_t1814020_e1815262_b71879,159.188,58.6541,43.2327,97.9348,20.2837,65.0293
340,VBD_npp_d20250910_t1810217_x1042624E_y057604N_l0323_s1158_v23,2025-09-10 20:24:38,5.760380,104.262436,46.6491,2025-09-10 18:10:21,2025-09-11 02:10:21,323,1158,0.405405,4,100837,1.03396,0.210672,0.899076,0.4,0.957723,0.75,0.0858617,0.0001,1.24209e-05,999999,1.000498e-01,3,Malaysian Exclusive Economic Zone,,,SVDNB_npp_d20250910_t1809458_e1811100_b71879_c20250910193718573000_oeac_ops.h5,GDNBO_npp_d20250910_t1809458_e1811100_b71879_c20250910193449503000_oeac_ops.h5,SVI04_npp_d20250910_t1809458_e1811100_b71879_c20250910193726893000_oeac_ops.dspace_rad,,eez_v11.shp,WPP_BFAR_merge.shp,vbd_mpa_r20170830.shp,VNF-VBD_npp_20120301-20151231_global_asia-enhanced_c201607211230.bitmask,vbd_landsea_r20220824.mask,timezone.shp,VBD_platforms-recurring_2015_r20170330.shp,999999,VBD_bridges_c20160811.shp,8.908844;6.970024;4.655672;-0.214400;1.955167;4.018827,96.765038;110.596878;124.199928;123.046227;109.474426;95.761597,npp_d20250910_t1809458_e1811100_b71879;npp_d20250910_t1811112_e1812354_b71879;npp_d20250910_t1812366_e1814008_b71879;npp_d20250910_t1814020_e1815262_b71879,159.54,59.8339,43.1943,98.5885,20.6016,63.7175
342,VBD_npp_d20250910_t1810128_x1043962E_y062361N_l0249_s1162_v23,2025-09-10 20:24:38,6.236057,104.396194,15.7682,2025-09-10 18:10:12,2025-09-11 01:10:12,249,1162,0.364647,1,2529,0.617058,0.259054,0.811063,0.4,0.904258,0.75,0.0860458,0.0001,1.34646e-05,999999,-2.138017e-01,3,Malaysian Exclusive Economic Zone,,,SVDNB_npp_d20250910_t1809458_e1811100_b71879_c20250910193718573000_oeac_ops.h5,GDNBO_npp_d20250910_t1809458_e1811100_b71879_c20250910193449503000_oeac_ops.h5,SVI04_npp_d20250910_t1809458_e1811100_b71879_c20250910193726893000_oeac_ops.dspace_rad,,eez_v11.shp,WPP_BFAR_merge.shp,vbd_mpa_r20170830.shp,VNF-VBD_npp_20120301-20151231_global_asia-enhanced_c201607211230.bitmask,vbd_landsea_r20220824.mask,timezone.shp,VBD_platforms-recurring_2015_r20170330.shp,999999,VBD_bridges_c20160811.shp,8.908844;6.970024;4.655672;-0.214400;1.955167;4.018827,96.765038;110.596878;124.199928;123.046227;109.474426;95.761597,npp_d20250910_t1809458_e1811100_b71879;npp_d20250910_t1811112_e1812354_b71879;npp_d20250910_t1812366_e1814008_b71879;npp_d20250910_t1814020_e1815262_b71879,159.215,58.8866,43.05,98.1446,20.302,64.7843
343,VBD_npp_d20250910_t1810128_x1044159E_y062749N_l0243_s1164_v23,2025-09-10 20:24:38,6.274880,104.415878,8.32787,2025-09-10 18:10:12,2025-09-11 01:10:12,243,1164,0.345797,1,2529,0.368045,0.264778,0.798166,0.4,0.81199,0.75,0.086071,0.0001,1.41102e-05,999999,-2.509340e-01,3,Malaysian Exclusive Economic Zone,,,SVDNB_npp_d20250910_t1809458_e1811100_b71879_c20250910193718573000_oeac_ops.h5,GDNBO_npp_d20250910_t1809458_e1811100_b71879_c20250910193449503000_oeac_ops.h5,SVI04_npp_d20250910_t1809458_e1811100_b71879_c20250910193726893000_oeac_ops.dspace_rad,,eez_v11.shp,WPP_BFAR_merge.shp,vbd_mpa_r20170830.shp,VNF-VBD_npp_20120301-20151231_global_asia-enhanced_c201607211230.bitmask,vbd_landsea_r20220824.mask,timezone.shp,VBD_platforms-recurring_2015_r20170330.shp,999999,VBD_bridges_c20160811.shp,8.908844;6.970024;4.655672;-0.214400;1.955167;4.018827,96.765038;110.596878;124.199928;123.046227;109.474426;95.761597,npp_d20250910_t1809458_e1811100_b71879;npp_d20250910_t1811112_e1812354_b71879;npp_d20250910_t1812366_e1814008_b71879;npp_d20250910_t1814020_e1815262_b71879,159.178,58.8279,42.977,98.5451,20.2672,64.8603
366,VBD_npp_d20250910_t1810074_x1045602E_y065485N_l0199_s1176_v23,2025-09-10 20:24:38,6.548471,104.560173,474.823,2025-09-10 18:10:07,2025-09-11 01:10:07,199,1176,0.328157,4,100837,1.51212,0.243612,0.857285,0.4,0.971029,0.75,0.0862454,0.0001,1.68137e-05,999999,-1.136310e-01,3,Malaysian Exclusive Economic Zone,,,SVDNB_npp_d20250910_t1809458_e1811100_b71879_c20250910193718573000_oeac_ops.h5,GDNBO_npp_d20250910_t1809458_e1811100_b71879_c20250910193449503000_oeac_ops.h5,SVI04_npp_d20250910_t1809458_e1811100_b71879_c20250910193726893000_oeac_ops.dspace_rad,,eez_v11.shp,WPP_BFAR_merge.shp,vbd_mpa_r20170830.shp,VNF-VBD_npp_20120301-20151231_global_asia-enhanced_c201607211230.bitmask,vbd_landsea_r20220824.mask,timezone.shp,VBD_platforms-recurring_2015_r20170330.shp,999999,VBD_bridges_c20160811.shp,8.908844;6.970024;4.655672;-0.214400;1.955167;4.018827,96.765038;110.596878;124.199928;123.046227;109.474426;95.761597,npp_d20250910_t1809458_e1811100_b71879;npp_d20250910_t1811112_e1812354_b71879;npp_d20250910_t1812366_e1814008_b71879;npp_d20250910_t1814020_e1815262_b71879,158.932,58.3963,42.5437,98.2616,20.0376,65.4218
367,VBD_npp_d20250910_t1810092_x1045671E_y064122N_l0219_s1181_v23,2025-09-10 20:24:38,6.412222,104.567139,38.3749,2025-09-10 18:10:09,2025-09-11 01:10:09,219,1181,0.377095,4,100837,0.910938,0.249214,0.877633,0.4,0.938165,0.75,0.0862086,0.0001,1.75946e-05,999999,-1.499716e-01,3,Malaysian Exclusive Economic Zone,,,SVDNB_npp_d20250910_t1809458_e1811100_b71879_c20250910193718573000_oeac_ops.h5,GDNBO_npp_d20250910_t1809458_e1811100_b71879_c20250910193449503000_oeac_ops.h5,SVI04_npp_d20250910_t1809458_e1811100_b71879_c20250910193726893000_oeac_ops.dspace_rad,,eez_v11.shp,WPP_BFAR_merge.shp,vbd_mpa_r20170830.shp,VNF-VBD_npp_20120301-20151231_global_asia-enhanced_c201607211230.bitmask,vbd_landsea_r20220824.mask,timezone.shp,VBD_platforms-recurring_2015_r20170330.shp,999999,VBD_bridges_c20160811.shp,8.908844;6.970024;4.655672;-0.214400;1.955167;4.018827,96.765038;110.596878;124.199928;123.046227;109.474426;95.761597,npp_d20250910_t1809458_e1811100_b71879;npp_d20250910_t1811112_e1812354_b71879;npp_d20250910_t1812366_e1814008_b71879;npp_d20250910_t1814020_e1815262_b71879,158.991,58.7196,42.3636,98.0035,20.0827,65.0615
368,VBD_npp_d20250910_t1810146_x1045067E_y061403N_l0261_s1181_v23,2025-09-10 20:24:38,6.140266,104.506737,6.53399,2025-09-10 18:10:14,2025-09-11 02:10:14,261,1181,0.297357,2,2209,0.274802,0.26062,0.57803,0.4,0.714421,0.75,0.0860886,0.0001,1.75126e-05,999999,-2.239574e-01,3,Malaysian Exclusive Economic Zone,,,SVDNB_npp_d20250910_t1809458_e1811100_b71879_c20250910193718573000_oeac_ops.h5,GDNBO_npp_d20250910_t1809458_e1811100_b71879_c20250910193449503000_oeac_ops.h5,SVI04_npp_d20250910_t1809458_e1811100_b71879_c20250910193726893000_oeac_ops.dspace_rad,,eez_v11.shp,WPP_BFAR_merge.shp,vbd_mpa_r20170830.shp,VNF-VBD_npp_20120301-20151231_global_asia-enhanced_c201607211230.bitmask,vbd_landsea_r20220824.mask,timezone.shp,VBD_platforms-recurring_2015_r20170330.shp,999999,VBD_bridges_c20160811.shp,8.908844;6.970024;4.655672;-0.214400;1.955167;4.018827,96.765038;110.596878;124.199928;123.046227;109.474426;95.761597,npp_d20250910_t1809458_e1811100_b71879;npp_d20250910_t1811112_e1812354_b71879;npp_d20250910_t1812366_e1814008_b71879;npp_d20250910_t1814020_e1815262_b71879,159.164,59.274,42.3566,98.4376,20.2364,64.4194
371,VBD_npp_d20250910_t1810199_x1044823E_y057592N_l0318_s1189_v23,2025-09-10 20:24:38,5.759174,104.482323,11.344,2025-09-10 18:10:19,2025-09-11 02:10:19,318,1189,0.358387,1,2529,0.453389,0.251352,0.687489,0.4,0.842769,0.75,0.0859949,0.0001,1.83654e-05,999999,-1.638356e-01,3,Malaysian Exclusive Economic Zone,,,SVDNB_npp_d20250910_t1809458_e1811100_b71879_c20250910193718573000_oeac_ops.h5,GDNBO_npp_d20250910_t1809458_e1811100_b71879_c20250910193449503000_oeac_ops.h5,SVI04_npp_d20250910_t1809458_e1811100_b71879_c20250910193726893000_oeac_ops.dspace_rad,,eez_v11.shp,WPP_BFAR_merge.shp,vbd_mpa_r20170830.shp,VNF-VBD_npp_20120301-20151231_global_asia-enhanced_c201607211230.bitmask,vbd_landsea_r20220824.mask,timezone.shp,VBD_platforms-recurring_2015_r20170330.shp,999999,VBD_bridges_c20160811.shp,8.908844;6.970024;4.655672;-0.214400;1.955167;4.018827,96.765038;110.596878;124.199928;123.046227;109.474426;95.761597,npp_d20250910_t1809458_e1811100_b71879;npp_d20250910_t1811112_e1812354_b71879;npp_d20250910_t1812366_e1814008_b71879;npp_d20250910_t1814020_e1815262_b71879,159.358,60.14,42.0736,97.859,20.4094,63.4798
378,VBD_npp_d20250910_t1810235_x1044757E_y055864N_l0344_s1194_v23,2025-09-10 20:24:38,5.586408,104.475670,1116.22,2025-09-10 18:10:23,2025-09-11 02:10:23,344,1194,0.299064,4,100837,1.79728,0.229554,0.846164,0.4,0.982487,0.75,0.0859731,0.0001,1.96311e-05,999999,-2.243507e-02,3,Malaysian Exclusive Economic Zone,,,SVDNB_npp_d20250910_t1809458_e1811100_b71879_c20250910193718573000_oeac_ops.h5,GDNBO_npp_d20250910_t1809458_e1811100_b71879_c20250910193449503000_oeac_ops.h5,SVI04_npp_d20250910_t1809458_e1811100_b71879_c20250910193726893000_oeac_ops.dspace_rad,,eez_v11.shp,WPP_BFAR_merge.shp,vbd_mpa_r20170830.shp,VNF-VBD_npp_20120301-20151231_global_asia-enhanced_c201607211230.bitmask,vbd_landsea_r20220824.mask,timezone.shp,VBD_platforms-recurring_2015_r20170330.shp,999999,VBD_bridges_c20160811.shp,8.908844;6.970024;4.655672;-0.214400;1.955167;4.018827,96.765038;110.596878;124.199928;123.046227;109.474426;95.761597,npp_d20250910_t1809458_e1811100_b71879;npp_d20250910_t1811112_e1812354_b71879;npp_d20250910_t1812366_e1814008_b71879;npp_d20250910_t1814020_e1815262_b71879,159.436,60.5509,41.8939,98.2871,20.4816,63.0488
380,VBD_npp_d20250910_t1810092_x1046760E_y063691N_l0223_s1198_v23,2025-09-10 20:24:38,6.369122,104.675964,8.89865,2025-09-10 18:10:09,2025-09-11 01:10:09,223,1198,0.340462,1,2529,0.391056,0.231671,0.711054,0.4,0.804643,0.75,0.086265,0.0001,2.17203e-05,999999,-3.617041e-02,3,Malaysian Exclusive Economic Zone,,,SVDNB_npp_d20250910_t1809458_e1811100_b71879_c20250910193718573000_oeac_ops.h5,GDNBO_npp_d20250910_t1809458_e1811100_b71879_c20250910193449503000_oeac_ops.h5,SVI04_npp_d20250910_t1809458_e1811100_b71879_c20250910193726893000_oeac_ops.dspace_rad,,eez_v11.shp,WPP_BFAR_merge.shp,vbd_mpa_r20170830.shp,VNF-VBD_npp_20120301-20151231_global_asia-enhanced_c201607211230.bitmask,vbd_landsea_r20220824.mask,timezone.shp,VBD_platforms-recurring_2015_r20170330.shp,999999,VBD_bridges_c20160811.shp,8.908844;6.970024;4.655672;-0.214400;1.955167;4.018827,96.765038;110.596878;124.199928;123.046227;109.474426;95.761597,npp_d20250910_t1809458_e1811100_b71879;npp_d20250910_t1811112_e1812354_b71879;npp_d20250910_t1812366_e1814008_b71879;npp_d20250910_t1814020_e1815262_b71879,158.921,58.973,41.7501,97.7405,20.0016,64.8366
388,VBD_npp_d20250910_t1810128_x1048206E_y061461N_l0253_s1226_v23,2025-09-10 20:24:38,6.146112,104.820610,5.26657,2025-09-10 18:10:12,2025-09-11 02:10:12,253,1226,0.352341,2,2209,0.228074,0.227834,0.442597,0.4,0.642985,0.75,0.0862886,0.0001,3.1005e-05,999999,-1.127788e-02,3,Malaysian Exclusive Economic Zone,,,SVDNB_npp_d20250910_t1809458_e1811100_b71879_c20250910193718573000_oeac_ops.h5,GDNBO_npp_d20250910_t1809458_e1811100_b71879_c20250910193449503000_oeac_ops.h5,SVI04_npp_d20250910_t1809458_e1811100_b71879_c20250910193726893000_oeac_ops.dspace_rad,,eez_v11.shp,WPP_BFAR_merge.shp,vbd_mpa_r20170830.shp,VNF-VBD_npp_20120301-20151231_global_asia-enhanced_c201607211230.bitmask,vbd_landsea_r20220824.mask,timezone.shp,VBD_platforms-recurring_2015_r20170330.shp,999999,VBD_bridges_c20160811.shp,8.908844;6.970024;4.655672;-0.214400;1.955167;4.018827,96.765038;110.596878;124.199928;123.046227;109.474426;95.761597,npp_d20250910_t1809458_e1811100_b71879;npp_d20250910_t1811112_e1812354_b71879;npp_d20250910_t1812366_e1814008_b71879;npp_d20250910_t1814020_e1815262_b71879,158.898,59.6974,40.705,97.8975,19.9544,64.0984
389,VBD_npp_d20250910_t1810217_x1047632E_y056309N_l0331_s1234_v23,2025-09-10 20:24:38,5.630929,104.763191,14.1327,2025-09-10 18:10:21,2025-09-11 02:10:21,331,1234,0.253754,8,51681,0.464008,0.274409,0.605427,0.4,0.802365,0.75,0.086149,0.0001,3.31622e-05,999999,-3.134096e-01,3,Malaysian Exclusive Economic Zone,,,SVDNB_npp_d20250910_t1809458_e1811100_b71879_c20250910193718573000_oeac_ops.h5,GDNBO_npp_d20250910_t1809458_e1811100_b71879_c20250910193449503000_oeac_ops.h5,SVI04_npp_d20250910_t1809458_e1811100_b71879_c20250910193726893000_oeac_ops.dspace_rad,,eez_v11.shp,WPP_BFAR_merge.shp,vbd_mpa_r20170830.shp,VNF-VBD_npp_20120301-20151231_global_asia-enhanced_c201607211230.bitmask,vbd_landsea_r20220824.mask,timezone.shp,VBD_platforms-recurring_2015_r20170330.shp,0.278035,VBD_bridges_c20160811.shp,8.908844;6.970024;4.655672;-0.214400;1.955167;4.018827,96.765038;110.596878;124.199928;123.046227;109.474426;95.761597,npp_d20250910_t1809458_e1811100_b71879;npp_d20250910_t1811112_e1812354_b71879;npp_d20250910_t1812366_e1814008_b71879;npp_d20250910_t1814020_e1815262_b71879,159.171,60.8367,40.4009,98.0895,20.2083,62.8367
391,VBD_npp_d20250910_t1810235_x1047596E_y055237N_l0347_s1237_v23,2025-09-10 20:24:38,5.523718,104.759560,15.367,2025-09-10 18:10:23,2025-09-11 02:10:23,347,1237,0.203393,1,35297,0.385501,0.28838,0.64735,0.4,0.760075,0.75,0.0861348,0.0001,3.41022e-05,999999,-4.040339e-01,3,Malaysian Exclusive Economic Zone,,,SVDNB_npp_d20250910_t1809458_e1811100_b71879_c20250910193718573000_oeac_ops.h5,GDNBO_npp_d20250910_t1809458_e1811100_b71879_c20250910193449503000_oeac_ops.h5,SVI04_npp_d20250910_t1809458_e1811100_b71879_c20250910193726893000_oeac_ops.dspace_rad,,eez_v11.shp,WPP_BFAR_merge.shp,vbd_mpa_r20170830.shp,VNF-VBD_npp_20120301-20151231_global_asia-enhanced_c201607211230.bitmask,vbd_landsea_r20220824.mask,timezone.shp,VBD_platforms-recurring_2015_r20170330.shp,999999,VBD_bridges_c20160811.shp,8.908844;6.970024;4.655672;-0.214400;1.955167;4.018827,96.765038;110.596878;124.199928;123.046227;109.474426;95.761597,npp_d20250910_t1809458_e1811100_b71879;npp_d20250910_t1811112_e1812354_b71879;npp_d20250910_t1812366_e1814008_b71879;npp_d20250910_t1814020_e1815262_b71879,159.22,61.0886,40.2926,98.0974,20.2551,62.5689
392,VBD_npp_d20250910_t1810235_x1047703E_y055498N_l0343_s1238_v23,2025-09-10 20:24:38,5.549819,104.770256,18.1704,2025-09-10 18:10:23,2025-09-11 02:10:23,343,1238,0.142505,4,100837,0.443666,0.298161,0.677177,0.4,0.75707,0.75,0.0861451,0.0001,3.50105e-05,999999,-4.674832e-01,3,Malaysian Exclusive Economic Zone,,,SVDNB_npp_d20250910_t1809458_e1811100_b71879_c20250910193718573000_oeac_ops.h5,GDNBO_npp_d20250910_t1809458_e1811100_b71879_c20250910193449503000_oeac_ops.h5,SVI04_npp_d20250910_t1809458_e1811100_b71879_c20250910193726893000_oeac_ops.dspace_rad,,eez_v11.shp,WPP_BFAR_merge.shp,vbd_mpa_r20170830.shp,VNF-VBD_npp_20120301-20151231_global_asia-enhanced_c201607211230.bitmask,vbd_landsea_r20220824.mask,timezone.shp,VBD_platforms-recurring_2015_r20170330.shp,999999,VBD_bridges_c20160811.shp,8.908844;6.970024;4.655672;-0.214400;1.955167;4.018827,96.765038;110.596878;124.199928;123.046227;109.474426;95.761597,npp_d20250910_t1809458_e1811100_b71879;npp_d20250910_t1811112_e1812354_b71879;npp_d20250910_t1812366_e1814008_b71879;npp_d20250910_t1814020_e1815262_b71879,159.198,61.043,40.254,98.3873,20.2333,62.6204
397,VBD_npp_d20250910_t1810217_x1048910E_y055847N_l0335_s1254_v23,2025-09-10 20:24:38,5.584697,104.890991,16.2346,2025-09-10 18:10:21,2025-09-11 02:10:21,335,1254,0.151894,7,35233,0.350897,0.218627,0.531512,0.4,0.68349,0.75,0.0862201,0.0001,4.21549e-05,999999,4.844998e-02,3,,,,SVDNB_npp_d20250910_t1809458_e1811100_b71879_c20250910193718573000_oeac_ops.h5,GDNBO_npp_d20250910_t1809458_e1811100_b71879_c20250910193449503000_oeac_ops.h5,SVI04_npp_d20250910_t1809458_e1811100_b71879_c20250910193726893000_oeac_ops.dspace_rad,,eez_v11.shp,WPP_BFAR_merge.shp,vbd_mpa_r20170830.shp,VNF-VBD_npp_20120301-20151231_global_asia-enhanced_c201607211230.bitmask,vbd_landsea_r20220824.mask,timezone.shp,VBD_platforms-recurring_2015_r20170330.shp,999999,VBD_bridges_c20160811.shp,8.908844;6.970024;4.655672;-0.214400;1.955167;4.018827,96.765038;110.596878;124.199928;123.046227;109.474426;95.761597,npp_d20250910_t1809458_e1811100_b71879;npp_d20250910_t1811112_e1812354_b71879;npp_d20250910_t1812366_e1814008_b71879;npp_d20250910_t1814020_e1815262_b71879,159.083,61.117,39.6487,97.8051,20.1149,62.5733
401,VBD_npp_d20250910_t1810217_x1049799E_y056469N_l0324_s1266_v23,2025-09-10 20:24:38,5.646909,104.979904,383.318,2025-09-10 18:10:21,2025-09-11 02:10:21,324,1266,0.290386,4,100837,1.44632,0.170584,0.82884,0.4,0.967971,0.75,0.0862847,0.0001,5.06769e-05,999999,3.600999e-01,3,Malaysian Exclusive Economic Zone,,,SVDNB_npp_d20250910_t1809458_e1811100_b71879_c20250910193718573000_oeac_ops.h5,GDNBO_npp_d20250910_t1809458_e1811100_b71879_c20250910193449503000_oeac_ops.h5,SVI04_npp_d20250910_t1809458_e1811100_b71879_c20250910193726893000_oeac_ops.dspace_rad,,eez_v11.shp,WPP_BFAR_merge.shp,vbd_mpa_r20170830.shp,VNF-VBD_npp_20120301-20151231_global_asia-enhanced_c201607211230.bitmask,vbd_landsea_r20220824.mask,timezone.shp,VBD_platforms-recurring_2015_r20170330.shp,999999,VBD_bridges_c20160811.shp,8.908844;6.970024;4.655672;-0.214400;1.955167;4.018827,96.765038;110.596878;124.199928;123.046227;109.474426;95.761597,npp_d20250910_t1809458_e1811100_b71879;npp_d20250910_t1811112_e1812354_b71879;npp_d20250910_t1812366_e1814008_b71879;npp_d20250910_t1814020_e1815262_b71879,158.975,61.0952,39.1952,98.6213,20.0059,62.6225
403,VBD_npp_d20250910_t1810235_x1049875E_y055311N_l0341_s1271_v23,2025-09-10 20:24:38,5.531086,104.987473,76.2463,2025-09-10 18:10:23,2025-09-11 02:10:23,341,1271,0.119174,4,100837,0.881236,0.230765,0.744353,0.4,0.900597,0.75,0.0862762,0.0001,5.31404e-05,999999,-3.028989e-02,3,Malaysian Exclusive Economic Zone,,,SVDNB_npp_d20250910_t1809458_e1811100_b71879_c20250910193718573000_oeac_ops.h5,GDNBO_npp_d20250910_t1809458_e1811100_b71879_c20250910193449503000_oeac_ops.h5,SVI04_npp_d20250910_t1809458_e1811100_b71879_c20250910193726893000_oeac_ops.dspace_rad,,eez_v11.shp,WPP_BFAR_merge.shp,vbd_mpa_r20170830.shp,VNF-VBD_npp_20120301-20151231_global_asia-enhanced_c201607211230.bitmask,vbd_landsea_r20220824.mask,timezone.shp,VBD_platforms-recurring_2015_r20170330.shp,999999,VBD_bridges_c20160811.shp,8.908844;6.970024;4.655672;-0.214400;1.955167;4.018827,96.765038;110.596878;124.199928;123.046227;109.474426;95.761597,npp_d20250910_t1809458_e1811100_b71879;npp_d20250910_t1811112_e1812354_b71879;npp_d20250910_t1812366_e1814008_b71879;npp_d20250910_t1814020_e1815262_b71879,159.018,61.3798,39.0124,98.5572,20.0472,62.3176
6,VBD_npp_d20250910_t1950232_x0973913E_y080253N_l0570_s3737_v23,2025-09-10 21:54:03,8.025269,97.391273,7.96969,2025-09-10 19:50:23,2025-09-11 02:50:23,570,3737,0.33527,1,2529,0.35887,0.192741,0.711367,0.4,0.810642,0.75,0.0906741,0.0001,6.58646e-06,999999,1.660181e-02,3,Thailand Exclusive Economic Zone,,,SVDNB_npp_d20250910_t1949206_e1950448_b71880_c20250910211737433000_oeac_ops.h5,GDNBO_npp_d20250910_t1949206_e1950448_b71880_c20250910211505061000_oeac_ops.h5,SVI04_npp_d20250910_t1949206_e1950448_b71880_c20250910211745452000_oeac_ops.dspace_rad,,eez_v11.shp,WPP_BFAR_merge.shp,vbd_mpa_r20170830.shp,VNF-VBD_npp_20120301-20151231_global_asia-enhanced_c201607211230.bitmask,vbd_landsea_r20220824.mask,timezone.shp,VBD_platforms-recurring_2015_r20170330.shp,999999,VBD_bridges_c20160811.shp,15.520797;13.740124;11.189163;6.348358;8.728066;10.615557,72.603233;86.777206;100.590866;99.268730;85.628906;71.722198,npp_d20250910_t1946298_e1947540_b71880;npp_d20250910_t1947552_e1949194_b71880;npp_d20250910_t1949206_e1950448_b71880;npp_d20250910_t1950460_e1952102_b71880,142.13,71.7381,64.4833,-79.189,6.94737,11.6513
7,VBD_npp_d20250910_t1950089_x0976676E_y088288N_l0442_s3746_v23,2025-09-10 21:54:03,8.828821,97.667564,19.0759,2025-09-10 19:50:08,2025-09-11 02:50:08,442,3746,0.178141,2,2465,0.440694,0.167803,0.702397,0.4,0.586816,0.75,0.090901,0.0001,6.43017e-06,999999,-1.724864e-01,3,Thailand Exclusive Economic Zone,,,SVDNB_npp_d20250910_t1949206_e1950448_b71880_c20250910211737433000_oeac_ops.h5,GDNBO_npp_d20250910_t1949206_e1950448_b71880_c20250910211505061000_oeac_ops.h5,SVI04_npp_d20250910_t1949206_e1950448_b71880_c20250910211745452000_oeac_ops.dspace_rad,,eez_v11.shp,WPP_BFAR_merge.shp,vbd_mpa_r20170830.shp,VNF-VBD_npp_20120301-20151231_global_asia-enhanced_c201607211230.bitmask,vbd_landsea_r20220824.mask,timezone.shp,VBD_platforms-recurring_2015_r20170330.shp,999999,VBD_bridges_c20160811.shp,15.520797;13.740124;11.189163;6.348358;8.728066;10.615557,72.603233;86.777206;100.590866;99.268730;85.628906;71.722198,npp_d20250910_t1946298_e1947540_b71880;npp_d20250910_t1947552_e1949194_b71880;npp_d20250910_t1949206_e1950448_b71880;npp_d20250910_t1950460_e1952102_b71880,141.669,70.8868,64.6506,-78.9905,6.1012,11.212
8,VBD_npp_d20250910_t1950089_x0976691E_y088010N_l0446_s3747_v23,2025-09-10 21:54:03,8.800959,97.669113,24.8259,2025-09-10 19:50:08,2025-09-11 02:50:08,446,3747,0.219611,2,2465,0.543847,0.148826,0.773557,0.4,0.726553,0.75,0.0908946,0.0001,6.32789e-06,999999,1.289152e-02,3,Thailand Exclusive Economic Zone,,,SVDNB_npp_d20250910_t1949206_e1950448_b71880_c20250910211737433000_oeac_ops.h5,GDNBO_npp_d20250910_t1949206_e1950448_b71880_c20250910211505061000_oeac_ops.h5,SVI04_npp_d20250910_t1949206_e1950448_b71880_c20250910211745452000_oeac_ops.dspace_rad,,eez_v11.shp,WPP_BFAR_merge.shp,vbd_mpa_r20170830.shp,VNF-VBD_npp_20120301-20151231_global_asia-enhanced_c201607211230.bitmask,vbd_landsea_r20220824.mask,timezone.shp,VBD_platforms-recurring_2015_r20170330.shp,999999,VBD_bridges_c20160811.shp,15.520797;13.740124;11.189163;6.348358;8.728066;10.615557,72.603233;86.777206;100.590866;99.268730;85.628906;71.722198,npp_d20250910_t1946298_e1947540_b71880;npp_d20250910_t1947552_e1949194_b71880;npp_d20250910_t1949206_e1950448_b71880;npp_d20250910_t1950460_e1952102_b71880,141.677,70.921,64.6691,-78.8588,6.12871,11.1467
9,VBD_npp_d20250910_t1950089_x0977261E_y088037N_l0444_s3755_v23,2025-09-10 21:54:03,8.803668,97.726120,41.7912,2025-09-10 19:50:08,2025-09-11 02:50:08,444,3755,0.192368,1,2529,0.706573,0.14338,0.7621,0.4,0.883285,0.75,0.0908983,0.0001,5.91656e-06,999999,6.608311e-02,3,Thailand Exclusive Economic Zone,,,SVDNB_npp_d20250910_t1949206_e1950448_b71880_c20250910211737433000_oeac_ops.h5,GDNBO_npp_d20250910_t1949206_e1950448_b71880_c20250910211505061000_oeac_ops.h5,SVI04_npp_d20250910_t1949206_e1950448_b71880_c20250910211745452000_oeac_ops.dspace_rad,,eez_v11.shp,WPP_BFAR_merge.shp,vbd_mpa_r20170830.shp,VNF-VBD_npp_20120301-20151231_global_asia-enhanced_c201607211230.bitmask,vbd_landsea_r20220824.mask,timezone.shp,VBD_platforms-recurring_2015_r20170330.shp,999999,VBD_bridges_c20160811.shp,15.520797;13.740124;11.189163;6.348358;8.728066;10.615557,72.603233;86.777206;100.590866;99.268730;85.628906;71.722198,npp_d20250910_t1946298_e1947540_b71880;npp_d20250910_t1947552_e1949194_b71880;npp_d20250910_t1949206_e1950448_b71880;npp_d20250910_t1950460_e1952102_b71880,141.623,70.9497,64.817,-78.9161,6.11517,10.6352
10,VBD_npp_d20250910_t1950249_x0977296E_y079179N_l0577_s3789_v23,2025-09-10 21:54:03,7.917945,97.729614,71.5769,2025-09-10 19:50:24,2025-09-11 02:50:24,577,3789,0.33904,1,2529,1.03205,0.176101,0.849557,0.4,0.918133,0.75,0.0906581,0.0001,4.18982e-06,999999,1.417903e-01,3,Thailand Exclusive Economic Zone,,,SVDNB_npp_d20250910_t1949206_e1950448_b71880_c20250910211737433000_oeac_ops.h5,GDNBO_npp_d20250910_t1949206_e1950448_b71880_c20250910211505061000_oeac_ops.h5,SVI04_npp_d20250910_t1949206_e1950448_b71880_c20250910211745452000_oeac_ops.dspace_rad,,eez_v11.shp,WPP_BFAR_merge.shp,vbd_mpa_r20170830.shp,VNF-VBD_npp_20120301-20151231_global_asia-enhanced_c201607211230.bitmask,vbd_landsea_r20220824.mask,timezone.shp,VBD_platforms-recurring_2015_r20170330.shp,999999,VBD_bridges_c20160811.shp,15.520797;13.740124;11.189163;6.348358;8.728066;10.615557,72.603233;86.777206;100.590866;99.268730;85.628906;71.722198,npp_d20250910_t1946298_e1947540_b71880;npp_d20250910_t1947552_e1949194_b71880;npp_d20250910_t1949206_e1950448_b71880;npp_d20250910_t1950460_e1952102_b71880,141.838,72.0527,65.4377,-79.4617,6.99337,8.73657
11,VBD_npp_d20250910_t1950196_x0978251E_y081917N_l0533_s3792_v23,2025-09-10 21:54:03,8.191750,97.825073,10.0808,2025-09-10 19:50:19,2025-09-11 02:50:19,533,3792,0.343165,1,2529,0.426935,0.200097,0.759223,0.4,0.819645,0.75,0.0907396,0.0001,4.13438e-06,999999,-3.873971e-02,3,Thailand Exclusive Economic Zone,,,SVDNB_npp_d20250910_t1949206_e1950448_b71880_c20250910211737433000_oeac_ops.h5,GDNBO_npp_d20250910_t1949206_e1950448_b71880_c20250910211505061000_oeac_ops.h5,SVI04_npp_d20250910_t1949206_e1950448_b71880_c20250910211745452000_oeac_ops.dspace_rad,,eez_v11.shp,WPP_BFAR_merge.shp,vbd_mpa_r20170830.shp,VNF-VBD_npp_20120301-20151231_global_asia-enhanced_c201607211230.bitmask,vbd_landsea_r20220824.mask,timezone.shp,VBD_platforms-recurring_2015_r20170330.shp,999999,VBD_bridges_c20160811.shp,15.520797;13.740124;11.189163;6.348358;8.728066;10.615557,72.603233;86.777206;100.590866;99.268730;85.628906;71.722198,npp_d20250910_t1946298_e1947540_b71880;npp_d20250910_t1947552_e1949194_b71880;npp_d20250910_t1949206_e1950448_b71880;npp_d20250910_t1950460_e1952102_b71880,141.684,71.7612,65.4913,-79.2532,6.70635,8.48077
12,VBD_npp_d20250910_t1950303_x0976891E_y074993N_l0640_s3798_v23,2025-09-10 21:54:03,7.499327,97.689125,6.99335,2025-09-10 19:50:30,2025-09-11 02:50:30,640,3798,0.314571,2,2209,0.206788,0.178461,0.662702,0.4,0.661196,0.75,0.0905389,0.0001,3.66159e-06,999999,1.240319e-01,3,Thailand Exclusive Economic Zone,,,SVDNB_npp_d20250910_t1949206_e1950448_b71880_c20250910211737433000_oeac_ops.h5,GDNBO_npp_d20250910_t1949206_e1950448_b71880_c20250910211505061000_oeac_ops.h5,SVI04_npp_d20250910_t1949206_e1950448_b71880_c20250910211745452000_oeac_ops.dspace_rad,,eez_v11.shp,WPP_BFAR_merge.shp,vbd_mpa_r20170830.shp,VNF-VBD_npp_20120301-20151231_global_asia-enhanced_c201607211230.bitmask,vbd_landsea_r20220824.mask,timezone.shp,VBD_platforms-recurring_2015_r20170330.shp,999999,VBD_bridges_c20160811.shp,15.520797;13.740124;11.189163;6.348358;8.728066;10.615557,72.603233;86.777206;100.590866;99.268730;85.628906;71.722198,npp_d20250910_t1946298_e1947540_b71880;npp_d20250910_t1947552_e1949194_b71880;npp_d20250910_t1949206_e1950448_b71880;npp_d20250910_t1950460_e1952102_b71880,141.983,72.5521,65.5935,-79.0377,7.41782,8.38218
13,VBD_npp_d20250910_t1950303_x0977239E_y074997N_l0639_s3803_v23,2025-09-10 21:54:03,7.499700,97.723885,12.9865,2025-09-10 19:50:30,2025-09-11 02:50:30,639,3803,0.323249,1,2529,0.441259,0.185297,0.716364,0.4,0.88059,0.75,0.09054,0.0001,3.50983e-06,999999,7.260568e-02,3,Thailand Exclusive Economic Zone,,,SVDNB_npp_d20250910_t1949206_e1950448_b71880_c20250910211737433000_oeac_ops.h5,GDNBO_npp_d20250910_t1949206_e1950448_b71880_c20250910211505061000_oeac_ops.h5,SVI04_npp_d20250910_t1949206_e1950448_b71880_c20250910211745452000_oeac_ops.dspace_rad,,eez_v11.shp,WPP_BFAR_merge.shp,vbd_mpa_r20170830.shp,VNF-VBD_npp_20120301-20151231_global_asia-enhanced_c201607211230.bitmask,vbd_landsea_r20220824.mask,timezone.shp,VBD_platforms-recurring_2015_r20170330.shp,999999,VBD_bridges_c20160811.shp,15.520797;13.740124;11.189163;6.348358;8.728066;10.615557,72.603233;86.777206;100.590866;99.268730;85.628906;71.722198,npp_d20250910_t1946298_e1947540_b71880;npp_d20250910_t1947552_e1949194_b71880;npp_d20250910_t1949206_e1950448_b71880;npp_d20250910_t1950460_e1952102_b71880,141.95,72.5694,65.6816,-79.066,7.41241,8.1204
14,VBD_npp_d20250910_t1950143_x0980254E_y084391N_l0490_s3811_v23,2025-09-10 21:54:03,8.439089,98.025414,7.37538,2025-09-10 19:50:14,2025-09-11 02:50:14,490,3811,0.273315,8,18849,0.231533,0.171378,0.532316,0.4,0.638258,0.75,0.0908174,0.0001,3.53964e-06,999999,-2.074103e-01,3,Thailand Exclusive Economic Zone,,,SVDNB_npp_d20250910_t1949206_e1950448_b71880_c20250910211737433000_oeac_ops.h5,GDNBO_npp_d20250910_t1949206_e1950448_b71880_c20250910211505061000_oeac_ops.h5,SVI04_npp_d20250910_t1949206_e1950448_b71880_c20250910211745452000_oeac_ops.dspace_rad,,eez_v11.shp,WPP_BFAR_merge.shp,vbd_mpa_r20170830.shp,VNF-VBD_npp_20120301-20151231_global_asia-enhanced_c201607211230.bitmask,vbd_landsea_r20220824.mask,timezone.shp,VBD_platforms-recurring_2015_r20170330.shp,0.290191,VBD_bridges_c20160811.shp,15.520797;13.740124;11.189163;6.348358;8.728066;10.615557,72.603233;86.777206;100.590866;99.268730;85.628906;71.722198,npp_d20250910_t1946298_e1947540_b71880;npp_d20250910_t1947552_e1949194_b71880;npp_d20250910_t1949206_e1950448_b71880;npp_d20250910_t1950460_e1952102_b71880,141.439,71.561,65.8225,-79.001,6.43198,7.25655
15,VBD_npp_d20250910_t1950303_x0977990E_y075632N_l0628_s3812_v23,2025-09-10 21:54:03,7.563189,97.798988,28.1833,2025-09-10 19:50:30,2025-09-11 02:50:30,628,3812,0.333705,1,2529,0.761053,0.202832,0.801798,0.4,0.929137,0.75,0.090559,0.0001,3.31772e-06,999999,-5.931823e-02,3,Thailand Exclusive Economic Zone,,,SVDNB_npp_d20250910_t1949206_e1950448_b71880_c20250910211737433000_oeac_ops.h5,GDNBO_npp_d20250910_t1949206_e1950448_b71880_c20250910211505061000_oeac_ops.h5,SVI04_npp_d20250910_t1949206_e1950448_b71880_c20250910211745452000_oeac_ops.dspace_rad,,eez_v11.shp,WPP_BFAR_merge.shp,vbd_mpa_r20170830.shp,VNF-VBD_npp_20120301-20151231_global_asia-enhanced_c201607211230.bitmask,vbd_landsea_r20220824.mask,timezone.shp,VBD_platforms-recurring_2015_r20170330.shp,999999,VBD_bridges_c20160811.shp,15.520797;13.740124;11.189163;6.348358;8.728066;10.615557,72.603233;86.777206;100.590866;99.268730;85.628906;71.722198,npp_d20250910_t1946298_e1947540_b71880;npp_d20250910_t1947552_e1949194_b71880;npp_d20250910_t1949206_e1950448_b71880;npp_d20250910_t1950460_e1952102_b71880,141.86,72.5304,65.841,-79.4144,7.33805,7.61841
16,VBD_npp_d20250910_t1950232_x0980895E_y078518N_l0576_s3841_v23,2025-09-10 21:54:03,7.851833,98.089523,63.2369,2025-09-10 19:50:23,2025-09-11 02:50:23,576,3841,0.325596,1,2529,1.01891,0.196372,0.863103,0.4,0.954638,0.75,0.090651,0.0001,2.55618e-06,999999,-1.072036e-02,3,Thailand Exclusive Economic Zone,,,SVDNB_npp_d20250910_t1949206_e1950448_b71880_c20250910211737433000_oeac_ops.h5,GDNBO_npp_d20250910_t1949206_e1950448_b71880_c20250910211505061000_oeac_ops.h5,SVI04_npp_d20250910_t1949206_e1950448_b71880_c20250910211745452000_oeac_ops.dspace_rad,,eez_v11.shp,WPP_BFAR_merge.shp,vbd_mpa_r20170830.shp,VNF-VBD_npp_20120301-20151231_global_asia-enhanced_c201607211230.bitmask,vbd_landsea_r20220824.mask,timezone.shp,VBD_platforms-recurring_2015_r20170330.shp,999999,VBD_bridges_c20160811.shp,15.520797;13.740124;11.189163;6.348358;8.728066;10.615557,72.603233;86.777206;100.590866;99.268730;85.628906;71.722198,npp_d20250910_t1946298_e1947540_b71880;npp_d20250910_t1947552_e1949194_b71880;npp_d20250910_t1949206_e1950448_b71880;npp_d20250910_t1950460_e1952102_b71880,141.526,72.3159,66.3563,-78.9134,7.01485,5.84347
17,VBD_npp_d20250910_t1950249_x0980857E_y077941N_l0585_s3843_v23,2025-09-10 21:54:03,7.794146,98.085747,9.49725,2025-09-10 19:50:24,2025-09-11 02:50:24,585,3843,0.332567,1,2529,0.353678,0.183585,0.731053,0.4,0.786632,0.75,0.0906339,0.0001,2.52587e-06,999999,8.548077e-02,3,Thailand Exclusive Economic Zone,,,SVDNB_npp_d20250910_t1949206_e1950448_b71880_c20250910211737433000_oeac_ops.h5,GDNBO_npp_d20250910_t1949206_e1950448_b71880_c20250910211505061000_oeac_ops.h5,SVI04_npp_d20250910_t1949206_e1950448_b71880_c20250910211745452000_oeac_ops.dspace_rad,,eez_v11.shp,WPP_BFAR_merge.shp,vbd_mpa_r20170830.shp,VNF-VBD_npp_20120301-20151231_global_asia-enhanced_c201607211230.bitmask,vbd_landsea_r20220824.mask,timezone.shp,VBD_platforms-recurring_2015_r20170330.shp,999999,VBD_bridges_c20160811.shp,15.520797;13.740124;11.189163;6.348358;8.728066;10.615557,72.603233;86.777206;100.590866;99.268730;85.628906;71.722198,npp_d20250910_t1946298_e1947540_b71880;npp_d20250910_t1947552_e1949194_b71880;npp_d20250910_t1949206_e1950448_b71880;npp_d20250910_t1950460_e1952102_b71880,141.54,72.3869,66.3919,-79.1535,7.07303,5.76842
18,VBD_npp_d20250910_t1950232_x0984425E_y078111N_l0572_s3893_v23,2025-09-10 21:54:03,7.811059,98.442482,12.4794,2025-09-10 19:50:23,2025-09-11 02:50:23,572,3893,0.272888,2,2465,0.262243,0.162443,0.501982,0.4,0.605953,0.75,0.090645,0.0001,1.60869e-06,999999,2.445428e-01,3,Thailand Exclusive Economic Zone,,,SVDNB_npp_d20250910_t1949206_e1950448_b71880_c20250910211737433000_oeac_ops.h5,GDNBO_npp_d20250910_t1949206_e1950448_b71880_c20250910211505061000_oeac_ops.h5,SVI04_npp_d20250910_t1949206_e1950448_b71880_c20250910211745452000_oeac_ops.dspace_rad,,eez_v11.shp,WPP_BFAR_merge.shp,vbd_mpa_r20170830.shp,VNF-VBD_npp_20120301-20151231_global_asia-enhanced_c201607211230.bitmask,vbd_landsea_r20220824.mask,timezone.shp,VBD_platforms-recurring_2015_r20170330.shp,999999,VBD_bridges_c20160811.shp,15.520797;13.740124;11.189163;6.348358;8.728066;10.615557,72.603233;86.777206;100.590866;99.268730;85.628906;71.722198,npp_d20250910_t1946298_e1947540_b71880;npp_d20250910_t1947552_e1949194_b71880;npp_d20250910_t1949206_e1950448_b71880;npp_d20250910_t1950460_e1952102_b71880,141.205,72.5447,67.2322,-78.9902,7.02884,2.98398
19,VBD_npp_d20250910_t1950178_x0987217E_y080628N_l0526_s3923_v23,2025-09-10 21:54:03,8.062787,98.721710,9.89105,2025-09-10 19:50:17,2025-09-11 02:50:17,526,3923,0.337546,1,2529,0.36068,0.188,0.667154,0.4,0.809099,0.75,0.0907231,0.0001,1.24595e-06,999999,5.227129e-02,3,Thailand Exclusive Economic Zone,,,SVDNB_npp_d20250910_t1949206_e1950448_b71880_c20250910211737433000_oeac_ops.h5,GDNBO_npp_d20250910_t1949206_e1950448_b71880_c20250910211505061000_oeac_ops.h5,SVI04_npp_d20250910_t1949206_e1950448_b71880_c20250910211745452000_oeac_ops.dspace_rad,,eez_v11.shp,WPP_BFAR_merge.shp,vbd_mpa_r20170830.shp,VNF-VBD_npp_20120301-20151231_global_asia-enhanced_c201607211230.bitmask,vbd_landsea_r20220824.mask,timezone.shp,VBD_platforms-recurring_2015_r20170330.shp,999999,VBD_bridges_c20160811.shp,15.520797;13.740124;11.189163;6.348358;8.728066;10.615557,72.603233;86.777206;100.590866;99.268730;85.628906;71.722198,npp_d20250910_t1946298_e1947540_b71880;npp_d20250910_t1947552_e1949194_b71880;npp_d20250910_t1949206_e1950448_b71880;npp_d20250910_t1950460_e1952102_b71880,140.886,72.3781,67.7252,-78.826,6.76351,0.944508
20,VBD_npp_d20250910_t1950196_x0988187E_y080294N_l0529_s3939_v23,2025-09-10 21:54:03,8.029410,98.818710,15.4967,2025-09-10 19:50:19,2025-09-11 02:50:19,529,3939,0.324742,2,2465,0.373799,0.191605,0.663495,0.4,0.551038,0.75,0.090712,0.0001,1.09634e-06,999999,2.514604e-02,1,Thailand Exclusive Economic Zone,,,SVDNB_npp_d20250910_t1949206_e1950448_b71880_c20250910211737433000_oeac_ops.h5,GDNBO_npp_d20250910_t1949206_e1950448_b71880_c20250910211505061000_oeac_ops.h5,SVI04_npp_d20250910_t1949206_e1950448_b71880_c20250910211745452000_oeac_ops.dspace_rad,,eez_v11.shp,WPP_BFAR_merge.shp,vbd_mpa_r20170830.shp,VNF-VBD_npp_20120301-20151231_global_asia-enhanced_c201607211230.bitmask,vbd_landsea_r20220824.mask,timezone.shp,VBD_platforms-recurring_2015_r20170330.shp,999999,VBD_bridges_c20160811.shp,15.520797;13.740124;11.189163;6.348358;8.728066;10.615557,72.603233;86.777206;100.590866;99.268730;85.628906;71.722198,npp_d20250910_t1946298_e1947540_b71880;npp_d20250910_t1947552_e1949194_b71880;npp_d20250910_t1949206_e1950448_b71880;npp_d20250910_t1950460_e1952102_b71880,140.798,72.4702,67.9832,-79.2295,6.79669,0.0729505
21,VBD_npp_d20250910_t1950285_x0987019E_y074488N_l0619_s3944_v23,2025-09-10 21:54:03,7.448792,98.701889,36.0713,2025-09-10 19:50:28,2025-09-11 02:50:28,619,3944,0.222954,1,2529,0.601253,0.180897,0.721624,0.4,0.858175,0.75,0.0905403,0.0001,9.86424e-07,999999,1.057079e-01,3,Thailand Exclusive Economic Zone,,,SVDNB_npp_d20250910_t1949206_e1950448_b71880_c20250910211737433000_oeac_ops.h5,GDNBO_npp_d20250910_t1949206_e1950448_b71880_c20250910211505061000_oeac_ops.h5,SVI04_npp_d20250910_t1949206_e1950448_b71880_c20250910211745452000_oeac_ops.dspace_rad,,eez_v11.shp,WPP_BFAR_merge.shp,vbd_mpa_r20170830.shp,VNF-VBD_npp_20120301-20151231_global_asia-enhanced_c201607211230.bitmask,vbd_landsea_r20220824.mask,timezone.shp,VBD_platforms-recurring_2015_r20170330.shp,999999,VBD_bridges_c20160811.shp,15.520797;13.740124;11.189163;6.348358;8.728066;10.615557,72.603233;86.777206;100.590866;99.268730;85.628906;71.722198,npp_d20250910_t1946298_e1947540_b71880;npp_d20250910_t1947552_e1949194_b71880;npp_d20250910_t1949206_e1950448_b71880;npp_d20250910_t1950460_e1952102_b71880,141.045,73.1137,68.057,-79.0562,7.38866,0.688117
22,VBD_npp_d20250910_t1950178_x0989056E_y080482N_l0523_s3950_v23,2025-09-10 21:54:03,8.048156,98.905609,44.3271,2025-09-10 19:50:17,2025-09-11 02:50:17,523,3950,0.315567,1,2529,0.592416,0.192629,0.62363,0.4,0.789934,0.75,0.09072,0.0001,9.78e-07,999999,1.744153e-02,1,,,,SVDNB_npp_d20250910_t1949206_e1950448_b71880_c20250910211737433000_oeac_ops.h5,GDNBO_npp_d20250910_t1949206_e1950448_b71880_c20250910211505061000_oeac_ops.h5,SVI04_npp_d20250910_t1949206_e1950448_b71880_c20250910211745452000_oeac_ops.dspace_rad,,eez_v11.shp,WPP_BFAR_merge.shp,vbd_mpa_r20170830.shp,VNF-VBD_npp_20120301-20151231_global_asia-enhanced_c201607211230.bitmask,vbd_landsea_r20220824.mask,timezone.shp,VBD_platforms-recurring_2015_r20170330.shp,999999,VBD_bridges_c20160811.shp,15.520797;13.740124;11.189163;6.348358;8.728066;10.615557,72.603233;86.777206;100.590866;99.268730;85.628906;71.722198,npp_d20250910_t1946298_e1947540_b71880;npp_d20250910_t1947552_e1949194_b71880;npp_d20250910_t1949206_e1950448_b71880;npp_d20250910_t1950460_e1952102_b71880,140.717,72.4885,68.1584,-78.8923,6.77785,-0.592153
23,VBD_npp_d20250910_t1949458_x0994021E_y098404N_l0239_s3951_v23,2025-09-10 21:54:03,9.840385,99.402061,50.7889,2025-09-10 19:49:45,2025-09-11 02:49:45,239,3951,0.214276,1,2529,0.740138,0.1375,0.755348,0.4,0.907403,0.75,0.0911522,0.0001,1.09071e-06,999999,1.801790e-01,3,Thailand Exclusive Economic Zone,,,SVDNB_npp_d20250910_t1949206_e1950448_b71880_c20250910211737433000_oeac_ops.h5,GDNBO_npp_d20250910_t1949206_e1950448_b71880_c20250910211505061000_oeac_ops.h5,SVI04_npp_d20250910_t1949206_e1950448_b71880_c20250910211745452000_oeac_ops.dspace_rad,,eez_v11.shp,WPP_BFAR_merge.shp,vbd_mpa_r20170830.shp,VNF-VBD_npp_20120301-20151231_global_asia-enhanced_c201607211230.bitmask,vbd_landsea_r20220824.mask,timezone.shp,VBD_platforms-recurring_2015_r20170330.shp,999999,VBD_bridges_c20160811.shp,15.520797;13.740124;11.189163;6.348358;8.728066;10.615557,72.603233;86.777206;100.590866;99.268730;85.628906;71.722198,npp_d20250910_t1946298_e1947540_b71880;npp_d20250910_t1947552_e1949194_b71880;npp_d20250910_t1949206_e1950448_b71880;npp_d20250910_t1950460_e1952102_b71880,139.81,70.6356,68.1725,-78.2883,4.97054,-4.98897
24,VBD_npp_d20250910_t1950267_x0987834E_y075318N_l0604_s3952_v23,2025-09-10 21:54:03,7.531848,98.783424,29.8066,2025-09-10 19:50:26,2025-09-11 02:50:26,604,3952,0.244649,1,2529,0.657023,0.209077,0.752657,0.4,0.827385,0.75,0.0905651,0.0001,9.18029e-07,999999,-1.063000e-01,3,Thailand Exclusive Economic Zone,,,SVDNB_npp_d20250910_t1949206_e1950448_b71880_c20250910211737433000_oeac_ops.h5,GDNBO_npp_d20250910_t1949206_e1950448_b71880_c20250910211505061000_oeac_ops.h5,SVI04_npp_d20250910_t1949206_e1950448_b71880_c20250910211745452000_oeac_ops.dspace_rad,,eez_v11.shp,WPP_BFAR_merge.shp,vbd_mpa_r20170830.shp,VNF-VBD_npp_20120301-20151231_global_asia-enhanced_c201607211230.bitmask,vbd_landsea_r20220824.mask,timezone.shp,VBD_platforms-recurring_2015_r20170330.shp,999999,VBD_bridges_c20160811.shp,15.520797;13.740124;11.189163;6.348358;8.728066;10.615557,72.603233;86.777206;100.590866;99.268730;85.628906;71.722198,npp_d20250910_t1946298_e1947540_b71880;npp_d20250910_t1947552_e1949194_b71880;npp_d20250910_t1949206_e1950448_b71880;npp_d20250910_t1950460_e1952102_b71880,140.951,73.0516,68.1915,-78.9904,7.30349,0.120168
25,VBD_npp_d20250910_t1950303_x0988556E_y073611N_l0628_s3969_v23,2025-09-10 21:54:03,7.361087,98.855598,30.6545,2025-09-10 19:50:30,2025-09-11 02:50:30,628,3969,0.19123,1,2529,0.623955,0.194815,0.743328,0.4,0.854611,0.75,0.0905163,0.0001,7.82086e-07,999999,9.955898e-04,3,Thailand Exclusive Economic Zone,,,SVDNB_npp_d20250910_t1949206_e1950448_b71880_c20250910211737433000_oeac_ops.h5,GDNBO_npp_d20250910_t1949206_e1950448_b71880_c20250910211505061000_oeac_ops.h5,SVI04_npp_d20250910_t1949206_e1950448_b71880_c20250910211745452000_oeac_ops.dspace_rad,,eez_v11.shp,WPP_BFAR_merge.shp,vbd_mpa_r20170830.shp,VNF-VBD_npp_20120301-20151231_global_asia-enhanced_c201607211230.bitmask,vbd_landsea_r20220824.mask,timezone.shp,VBD_platforms-recurring_2015_r20170330.shp,999999,VBD_bridges_c20160811.shp,15.520797;13.740124;11.189163;6.348358;8.728066;10.615557,72.603233;86.777206;100.590866;99.268730;85.628906;71.722198,npp_d20250910_t1946298_e1947540_b71880;npp_d20250910_t1947552_e1949194_b71880;npp_d20250910_t1949206_e1950448_b71880;npp_d20250910_t1950460_e1952102_b71880,140.917,73.295,68.465,-79.2631,7.47782,-0.536673
26,VBD_npp_d20250910_t1950303_x0989460E_y073439N_l0628_s3982_v23,2025-09-10 21:54:03,7.343922,98.945992,27.664,2025-09-10 19:50:30,2025-09-11 02:50:30,628,3982,0.237251,1,2529,0.602699,0.223402,0.714662,0.4,0.866832,0.75,0.0905163,0.0001,6.89051e-07,999999,-2.140783e-01,3,Thailand Exclusive Economic Zone,,,SVDNB_npp_d20250910_t1949206_e1950448_b71880_c20250910211737433000_oeac_ops.h5,GDNBO_npp_d20250910_t1949206_e1950448_b71880_c20250910211505061000_oeac_ops.h5,SVI04_npp_d20250910_t1949206_e1950448_b71880_c20250910211745452000_oeac_ops.dspace_rad,,eez_v11.shp,WPP_BFAR_merge.shp,vbd_mpa_r20170830.shp,VNF-VBD_npp_20120301-20151231_global_asia-enhanced_c201607211230.bitmask,vbd_landsea_r20220824.mask,timezone.shp,VBD_platforms-recurring_2015_r20170330.shp,999999,VBD_bridges_c20160811.shp,15.520797;13.740124;11.189163;6.348358;8.728066;10.615557,72.603233;86.777206;100.590866;99.268730;85.628906;71.722198,npp_d20250910_t1946298_e1947540_b71880;npp_d20250910_t1947552_e1949194_b71880;npp_d20250910_t1949206_e1950448_b71880;npp_d20250910_t1950460_e1952102_b71880,140.836,73.3585,68.6775,-79.2515,7.49668,-1.21755
27,VBD_npp_d20250910_t1950392_x0988035E_y067848N_l0716_s3982_v23,2025-09-10 21:54:03,6.784806,98.803505,20.6016,2025-09-10 19:50:39,2025-09-11 02:50:39,716,3982,0.291524,1,2529,0.523028,0.206091,0.634704,0.4,0.831624,0.75,0.0904339,0.0001,6.44897e-07,999999,-8.383926e-02,3,Thailand Exclusive Economic Zone,,,SVDNB_npp_d20250910_t1949206_e1950448_b71880_c20250910211737433000_oeac_ops.h5,GDNBO_npp_d20250910_t1949206_e1950448_b71880_c20250910211505061000_oeac_ops.h5,SVI04_npp_d20250910_t1949206_e1950448_b71880_c20250910211745452000_oeac_ops.dspace_rad,,eez_v11.shp,WPP_BFAR_merge.shp,vbd_mpa_r20170830.shp,VNF-VBD_npp_20120301-20151231_global_asia-enhanced_c201607211230.bitmask,vbd_landsea_r20220824.mask,timezone.shp,VBD_platforms-recurring_2015_r20170330.shp,999999,VBD_bridges_c20160811.shp,15.520797;13.740124;11.189163;6.348358;8.728066;10.615557,72.603233;86.777206;100.590866;99.268730;85.628906;71.722198,npp_d20250910_t1946298_e1947540_b71880;npp_d20250910_t1947552_e1949194_b71880;npp_d20250910_t1949206_e1950448_b71880;npp_d20250910_t1950460_e1952102_b71880,141.094,73.971,68.6791,-79.1562,8.06469,-0.383492
28,VBD_npp_d20250910_t1949458_x0996698E_y097877N_l0239_s3990_v23,2025-09-10 21:54:03,9.787694,99.669846,14.6089,2025-09-10 19:49:45,2025-09-11 02:49:45,239,3990,0.307244,1,2529,0.432218,0.17875,0.695145,0.4,0.823062,0.75,0.0911467,0.0001,7.54511e-07,999999,2.132463e-02,1,Thailand Exclusive Economic Zone,,,SVDNB_npp_d20250910_t1949206_e1950448_b71880_c20250910211737433000_oeac_ops.h5,GDNBO_npp_d20250910_t1949206_e1950448_b71880_c20250910211505061000_oeac_ops.h5,SVI04_npp_d20250910_t1949206_e1950448_b71880_c20250910211745452000_oeac_ops.dspace_rad,,eez_v11.shp,WPP_BFAR_merge.shp,vbd_mpa_r20170830.shp,VNF-VBD_npp_20120301-20151231_global_asia-enhanced_c201607211230.bitmask,vbd_landsea_r20220824.mask,timezone.shp,VBD_platforms-recurring_2015_r20170330.shp,999999,VBD_bridges_c20160811.shp,15.520797;13.740124;11.189163;6.348358;8.728066;10.615557,72.603233;86.777206;100.590866;99.268730;85.628906;71.722198,npp_d20250910_t1946298_e1947540_b71880;npp_d20250910_t1947552_e1949194_b71880;npp_d20250910_t1949206_e1950448_b71880;npp_d20250910_t1950460_e1952102_b71880,139.578,70.8425,68.8008,-78.2532,5.05404,-7.91812
29,VBD_npp_d20250910_t1950409_x0988993E_y066806N_l0729_s4000_v23,2025-09-10 21:54:03,6.680627,98.899254,17.8493,2025-09-10 19:50:40,2025-09-11 02:50:40,729,4000,0.312579,1,2529,0.519804,0.204928,0.733993,0.4,0.865427,0.75,0.0904339,0.0001,5.43983e-07,999999,-7.508480e-02,3,Thailand Exclusive Economic Zone,,,SVDNB_npp_d20250910_t1949206_e1950448_b71880_c20250910211737433000_oeac_ops.h5,GDNBO_npp_d20250910_t1949206_e1950448_b71880_c20250910211505061000_oeac_ops.h5,SVI04_npp_d20250910_t1949206_e1950448_b71880_c20250910211745452000_oeac_ops.dspace_rad,,eez_v11.shp,WPP_BFAR_merge.shp,vbd_mpa_r20170830.shp,VNF-VBD_npp_20120301-20151231_global_asia-enhanced_c201607211230.bitmask,vbd_landsea_r20220824.mask,timezone.shp,VBD_platforms-recurring_2015_r20170330.shp,999999,VBD_bridges_c20160811.shp,15.520797;13.740124;11.189163;6.348358;8.728066;10.615557,72.603233;86.777206;100.590866;99.268730;85.628906;71.722198,npp_d20250910_t1946298_e1947540_b71880;npp_d20250910_t1947552_e1949194_b71880;npp_d20250910_t1949206_e1950448_b71880;npp_d20250910_t1950460_e1952102_b71880,141.024,74.1419,68.9551,-79.253,8.17215,-1.09103
30,VBD_npp_d20250910_t1950303_x0990589E_y072599N_l0637_s4001_v23,2025-09-10 21:54:03,7.259885,99.058891,24.3852,2025-09-10 19:50:30,2025-09-11 02:50:30,637,4001,0.235686,1,2529,0.591077,0.204468,0.761637,0.4,0.860401,0.75,0.0904998,0.0001,5.66412e-07,999999,-7.162642e-02,3,Thailand Exclusive Economic Zone,,,SVDNB_npp_d20250910_t1949206_e1950448_b71880_c20250910211737433000_oeac_ops.h5,GDNBO_npp_d20250910_t1949206_e1950448_b71880_c20250910211505061000_oeac_ops.h5,SVI04_npp_d20250910_t1949206_e1950448_b71880_c20250910211745452000_oeac_ops.dspace_rad,,eez_v11.shp,WPP_BFAR_merge.shp,vbd_mpa_r20170830.shp,VNF-VBD_npp_20120301-20151231_global_asia-enhanced_c201607211230.bitmask,vbd_landsea_r20220824.mask,timezone.shp,VBD_platforms-recurring_2015_r20170330.shp,999999,VBD_bridges_c20160811.shp,15.520797;13.740124;11.189163;6.348358;8.728066;10.615557,72.603233;86.777206;100.590866;99.268730;85.628906;71.722198,npp_d20250910_t1946298_e1947540_b71880;npp_d20250910_t1947552_e1949194_b71880;npp_d20250910_t1949206_e1950448_b71880;npp_d20250910_t1950460_e1952102_b71880,140.753,73.5107,68.9672,-78.9781,7.5854,-2.04563
31,VBD_npp_d20250910_t1950303_x0990563E_y072465N_l0639_s4001_v23,2025-09-10 21:54:03,7.246476,99.056282,21.7144,2025-09-10 19:50:30,2025-09-11 02:50:30,639,4001,0.226368,1,2529,0.529353,0.183536,0.757985,0.4,0.842765,0.75,0.0904962,0.0001,5.63787e-07,999999,8.585018e-02,3,Thailand Exclusive Economic Zone,,,SVDNB_npp_d20250910_t1949206_e1950448_b71880_c20250910211737433000_oeac_ops.h5,GDNBO_npp_d20250910_t1949206_e1950448_b71880_c20250910211505061000_oeac_ops.h5,SVI04_npp_d20250910_t1949206_e1950448_b71880_c20250910211745452000_oeac_ops.dspace_rad,,eez_v11.shp,WPP_BFAR_merge.shp,vbd_mpa_r20170830.shp,VNF-VBD_npp_20120301-20151231_global_asia-enhanced_c201607211230.bitmask,vbd_landsea_r20220824.mask,timezone.shp,VBD_platforms-recurring_2015_r20170330.shp,999999,VBD_bridges_c20160811.shp,15.520797;13.740124;11.189163;6.348358;8.728066;10.615557,72.603233;86.777206;100.590866;99.268730;85.628906;71.722198,npp_d20250910_t1946298_e1947540_b71880;npp_d20250910_t1947552_e1949194_b71880;npp_d20250910_t1949206_e1950448_b71880;npp_d20250910_t1950460_e1952102_b71880,140.759,73.5252,68.9673,-78.9209,7.59895,-2.02258
32,VBD_npp_d20250910_t1950338_x0990677E_y071222N_l0658_s4008_v23,2025-09-10 21:54:03,7.122223,99.067741,12.9629,2025-09-10 19:50:33,2025-09-11 02:50:33,658,4008,0.272319,8,18849,0.299272,0.252105,0.462243,0.4,0.734873,0.75,0.0904614,0.0001,5.33003e-07,999999,-4.300215e-01,3,Thailand Exclusive Economic Zone,,,SVDNB_npp_d20250910_t1949206_e1950448_b71880_c20250910211737433000_oeac_ops.h5,GDNBO_npp_d20250910_t1949206_e1950448_b71880_c20250910211505061000_oeac_ops.h5,SVI04_npp_d20250910_t1949206_e1950448_b71880_c20250910211745452000_oeac_ops.dspace_rad,,eez_v11.shp,WPP_BFAR_merge.shp,vbd_mpa_r20170830.shp,VNF-VBD_npp_20120301-20151231_global_asia-enhanced_c201607211230.bitmask,vbd_landsea_r20220824.mask,timezone.shp,VBD_platforms-recurring_2015_r20170330.shp,0.330697,VBD_bridges_c20160811.shp,15.520797;13.740124;11.189163;6.348358;8.728066;10.615557,72.603233;86.777206;100.590866;99.268730;85.628906;71.722198,npp_d20250910_t1946298_e1947540_b71880;npp_d20250910_t1947552_e1949194_b71880;npp_d20250910_t1949206_e1950448_b71880;npp_d20250910_t1950460_e1952102_b71880,140.769,73.6835,69.0783,-79.3399,7.7265,-2.17807
33,VBD_npp_d20250910_t1949405_x0999170E_y100914N_l0186_s4014_v23,2025-09-10 21:54:03,10.091385,99.917000,33.23,2025-09-10 19:49:40,2025-09-11 02:49:40,186,4014,0.292307,1,2529,0.709711,0.17875,0.780478,0.4,0.885188,0.75,0.0912132,0.0001,6.2255e-07,999999,-1.308276e-01,3,Thailand Exclusive Economic Zone,,,SVDNB_npp_d20250910_t1949206_e1950448_b71880_c20250910211737433000_oeac_ops.h5,GDNBO_npp_d20250910_t1949206_e1950448_b71880_c20250910211505061000_oeac_ops.h5,SVI04_npp_d20250910_t1949206_e1950448_b71880_c20250910211745452000_oeac_ops.dspace_rad,,eez_v11.shp,WPP_BFAR_merge.shp,vbd_mpa_r20170830.shp,VNF-VBD_npp_20120301-20151231_global_asia-enhanced_c201607211230.bitmask,vbd_landsea_r20220824.mask,timezone.shp,VBD_platforms-recurring_2015_r20170330.shp,999999,VBD_bridges_c20160811.shp,15.520797;13.740124;11.189163;6.348358;8.728066;10.615557,72.603233;86.777206;100.590866;99.268730;85.628906;71.722198,npp_d20250910_t1946298_e1947540_b71880;npp_d20250910_t1947552_e1949194_b71880;npp_d20250910_t1949206_e1950448_b71880;npp_d20250910_t1950460_e1952102_b71880,139.269,70.6318,69.159,-78.2838,4.78604,-11.0646
34,VBD_npp_d20250910_t1949422_x0999031E_y100161N_l0198_s4015_v23,2025-09-10 21:54:03,10.016078,99.903084,12.7751,2025-09-10 19:49:42,2025-09-11 02:49:42,198,4015,0.248561,2,2465,0.269484,0.17875,0.526814,0.4,0.659258,0.75,0.0911989,0.0001,6.15162e-07,999999,-1.163021e-01,3,Thailand Exclusive Economic Zone,,,SVDNB_npp_d20250910_t1949206_e1950448_b71880_c20250910211737433000_oeac_ops.h5,GDNBO_npp_d20250910_t1949206_e1950448_b71880_c20250910211505061000_oeac_ops.h5,SVI04_npp_d20250910_t1949206_e1950448_b71880_c20250910211745452000_oeac_ops.dspace_rad,,eez_v11.shp,WPP_BFAR_merge.shp,vbd_mpa_r20170830.shp,VNF-VBD_npp_20120301-20151231_global_asia-enhanced_c201607211230.bitmask,vbd_landsea_r20220824.mask,timezone.shp,VBD_platforms-recurring_2015_r20170330.shp,999999,VBD_bridges_c20160811.shp,15.520797;13.740124;11.189163;6.348358;8.728066;10.615557,72.603233;86.777206;100.590866;99.268730;85.628906;71.722198,npp_d20250910_t1946298_e1947540_b71880;npp_d20250910_t1947552_e1949194_b71880;npp_d20250910_t1949206_e1950448_b71880;npp_d20250910_t1950460_e1952102_b71880,139.3,70.7108,69.1789,-78.426,4.86012,-10.8143
35,VBD_npp_d20250910_t1950303_x0991752E_y072933N_l0629_s4017_v23,2025-09-10 21:54:03,7.293317,99.175240,41.4138,2025-09-10 19:50:30,2025-09-11 02:50:30,629,4017,0.292876,1,2529,0.796849,0.191285,0.80834,0.4,0.931415,0.75,0.0905145,0.0001,4.96601e-07,999999,2.755405e-02,3,Thailand Exclusive Economic Zone,,,SVDNB_npp_d20250910_t1949206_e1950448_b71880_c20250910211737433000_oeac_ops.h5,GDNBO_npp_d20250910_t1949206_e1950448_b71880_c20250910211505061000_oeac_ops.h5,SVI04_npp_d20250910_t1949206_e1950448_b71880_c20250910211745452000_oeac_ops.dspace_rad,,eez_v11.shp,WPP_BFAR_merge.shp,vbd_mpa_r20170830.shp,VNF-VBD_npp_20120301-20151231_global_asia-enhanced_c201607211230.bitmask,vbd_landsea_r20220824.mask,timezone.shp,VBD_platforms-recurring_2015_r20170330.shp,999999,VBD_bridges_c20160811.shp,15.520797;13.740124;11.189163;6.348358;8.728066;10.615557,72.603233;86.777206;100.590866;99.268730;85.628906;71.722198,npp_d20250910_t1946298_e1947540_b71880;npp_d20250910_t1947552_e1949194_b71880;npp_d20250910_t1949206_e1950448_b71880;npp_d20250910_t1950460_e1952102_b71880,140.633,73.5263,69.2112,-79.1934,7.55651,-2.92509
36,VBD_npp_d20250910_t1950338_x0991395E_y071017N_l0659_s4019_v23,2025-09-10 21:54:03,7.101673,99.139526,17.6934,2025-09-10 19:50:33,2025-09-11 02:50:33,659,4019,0.308525,1,2529,0.503809,0.192453,0.704714,0.4,0.821708,0.75,0.0904595,0.0001,4.79413e-07,999999,1.876337e-02,3,Thailand Exclusive Economic Zone,,,SVDNB_npp_d20250910_t1949206_e1950448_b71880_c20250910211737433000_oeac_ops.h5,GDNBO_npp_d20250910_t1949206_e1950448_b71880_c20250910211505061000_oeac_ops.h5,SVI04_npp_d20250910_t1949206_e1950448_b71880_c20250910211745452000_oeac_ops.dspace_rad,,eez_v11.shp,WPP_BFAR_merge.shp,vbd_mpa_r20170830.shp,VNF-VBD_npp_20120301-20151231_global_asia-enhanced_c201607211230.bitmask,vbd_landsea_r20220824.mask,timezone.shp,VBD_platforms-recurring_2015_r20170330.shp,999999,VBD_bridges_c20160811.shp,15.520797;13.740124;11.189163;6.348358;8.728066;10.615557,72.603233;86.777206;100.590866;99.268730;85.628906;71.722198,npp_d20250910_t1946298_e1947540_b71880;npp_d20250910_t1947552_e1949194_b71880;npp_d20250910_t1949206_e1950448_b71880;npp_d20250910_t1950460_e1952102_b71880,140.707,73.7409,69.246,-79.3022,7.75048,-2.69578
37,VBD_npp_d20250910_t1950374_x0990764E_y068593N_l0697_s4019_v23,2025-09-10 21:54:03,6.859257,99.076424,60.9186,2025-09-10 19:50:37,2025-09-11 02:50:37,697,4019,0.305964,8,18913,0.992733,0.19854,0.846427,0.4,0.955375,0.75,0.0904339,0.0001,4.64992e-07,999999,-2.702875e-02,3,Thailand Exclusive Economic Zone,,,SVDNB_npp_d20250910_t1949206_e1950448_b71880_c20250910211737433000_oeac_ops.h5,GDNBO_npp_d20250910_t1949206_e1950448_b71880_c20250910211505061000_oeac_ops.h5,SVI04_npp_d20250910_t1949206_e1950448_b71880_c20250910211745452000_oeac_ops.dspace_rad,,eez_v11.shp,WPP_BFAR_merge.shp,vbd_mpa_r20170830.shp,VNF-VBD_npp_20120301-20151231_global_asia-enhanced_c201607211230.bitmask,vbd_landsea_r20220824.mask,timezone.shp,VBD_platforms-recurring_2015_r20170330.shp,0.587443,VBD_bridges_c20160811.shp,15.520797;13.740124;11.189163;6.348358;8.728066;10.615557,72.603233;86.777206;100.590866;99.268730;85.628906;71.722198,npp_d20250910_t1946298_e1947540_b71880;npp_d20250910_t1947552_e1949194_b71880;npp_d20250910_t1949206_e1950448_b71880;npp_d20250910_t1950460_e1952102_b71880,140.82,74.004,69.2411,-79.1849,7.99503,-2.26824
38,VBD_npp_d20250910_t1950356_x0991120E_y069732N_l0679_s4020_v23,2025-09-10 21:54:03,6.973155,99.111961,18.5409,2025-09-10 19:50:35,2025-09-11 02:50:35,679,4020,0.305181,1,2529,0.491754,0.208944,0.708522,0.4,0.876782,0.75,0.0904339,0.0001,4.67688e-07,999999,-1.053039e-01,3,Thailand Exclusive Economic Zone,,,SVDNB_npp_d20250910_t1949206_e1950448_b71880_c20250910211737433000_oeac_ops.h5,GDNBO_npp_d20250910_t1949206_e1950448_b71880_c20250910211505061000_oeac_ops.h5,SVI04_npp_d20250910_t1949206_e1950448_b71880_c20250910211745452000_oeac_ops.dspace_rad,,eez_v11.shp,WPP_BFAR_merge.shp,vbd_mpa_r20170830.shp,VNF-VBD_npp_20120301-20151231_global_asia-enhanced_c201607211230.bitmask,vbd_landsea_r20220824.mask,timezone.shp,VBD_platforms-recurring_2015_r20170330.shp,999999,VBD_bridges_c20160811.shp,15.520797;13.740124;11.189163;6.348358;8.728066;10.615557,72.603233;86.777206;100.590866;99.268730;85.628906;71.722198,npp_d20250910_t1946298_e1947540_b71880;npp_d20250910_t1947552_e1949194_b71880;npp_d20250910_t1949206_e1950448_b71880;npp_d20250910_t1950460_e1952102_b71880,140.762,73.8826,69.2555,-79.2163,7.8803,-2.50487
39,VBD_npp_d20250910_t1950356_x0991014E_y069191N_l0687_s4020_v23,2025-09-10 21:54:03,6.919119,99.101440,11.149,2025-09-10 19:50:35,2025-09-11 02:50:35,687,4020,0.315211,8,18849,0.353947,0.18465,0.739769,0.4,0.583255,0.75,0.0904339,0.0001,4.58721e-07,999999,7.747010e-02,3,Thailand Exclusive Economic Zone,,,SVDNB_npp_d20250910_t1949206_e1950448_b71880_c20250910211737433000_oeac_ops.h5,GDNBO_npp_d20250910_t1949206_e1950448_b71880_c20250910211505061000_oeac_ops.h5,SVI04_npp_d20250910_t1949206_e1950448_b71880_c20250910211745452000_oeac_ops.dspace_rad,,eez_v11.shp,WPP_BFAR_merge.shp,vbd_mpa_r20170830.shp,VNF-VBD_npp_20120301-20151231_global_asia-enhanced_c201607211230.bitmask,vbd_landsea_r20220824.mask,timezone.shp,VBD_platforms-recurring_2015_r20170330.shp,0.676351,VBD_bridges_c20160811.shp,15.520797;13.740124;11.189163;6.348358;8.728066;10.615557,72.603233;86.777206;100.590866;99.268730;85.628906;71.722198,npp_d20250910_t1946298_e1947540_b71880;npp_d20250910_t1947552_e1949194_b71880;npp_d20250910_t1949206_e1950448_b71880;npp_d20250910_t1950460_e1952102_b71880,140.787,73.9414,69.2553,-78.988,7.93478,-2.41288
40,VBD_npp_d20250910_t1950374_x0991004E_y069108N_l0689_s4021_v23,2025-09-10 21:54:03,6.910757,99.100357,10.4077,2025-09-10 19:50:37,2025-09-11 02:50:37,689,4021,0.311299,8,18849,0.301563,0.17875,0.739769,0.4,0.695524,0.75,0.0904339,0.0001,4.65058e-07,999999,1.997538e-01,3,Thailand Exclusive Economic Zone,,,SVDNB_npp_d20250910_t1949206_e1950448_b71880_c20250910211737433000_oeac_ops.h5,GDNBO_npp_d20250910_t1949206_e1950448_b71880_c20250910211505061000_oeac_ops.h5,SVI04_npp_d20250910_t1949206_e1950448_b71880_c20250910211745452000_oeac_ops.dspace_rad,,eez_v11.shp,WPP_BFAR_merge.shp,vbd_mpa_r20170830.shp,VNF-VBD_npp_20120301-20151231_global_asia-enhanced_c201607211230.bitmask,vbd_landsea_r20220824.mask,timezone.shp,VBD_platforms-recurring_2015_r20170330.shp,0.825289,VBD_bridges_c20160811.shp,15.520797;13.740124;11.189163;6.348358;8.728066;10.615557,72.603233;86.777206;100.590866;99.268730;85.628906;71.722198,npp_d20250910_t1946298_e1947540_b71880;npp_d20250910_t1947552_e1949194_b71880;npp_d20250910_t1949206_e1950448_b71880;npp_d20250910_t1950460_e1952102_b71880,140.783,73.9542,69.2724,-79.4115,7.94367,-2.45343
41,VBD_npp_d20250910_t1950427_x0990399E_y065482N_l0745_s4025_v23,2025-09-10 21:54:03,6.548241,99.039886,16.1053,2025-09-10 19:50:42,2025-09-11 02:50:42,745,4025,0.299278,1,2529,0.523142,0.211162,0.767696,0.4,0.887763,0.75,0.0904339,0.0001,4.24632e-07,999999,-1.219926e-01,3,Thailand Exclusive Economic Zone,,,SVDNB_npp_d20250910_t1949206_e1950448_b71880_c20250910211737433000_oeac_ops.h5,GDNBO_npp_d20250910_t1949206_e1950448_b71880_c20250910211505061000_oeac_ops.h5,SVI04_npp_d20250910_t1949206_e1950448_b71880_c20250910211745452000_oeac_ops.dspace_rad,,eez_v11.shp,WPP_BFAR_merge.shp,vbd_mpa_r20170830.shp,VNF-VBD_npp_20120301-20151231_global_asia-enhanced_c201607211230.bitmask,vbd_landsea_r20220824.mask,timezone.shp,VBD_platforms-recurring_2015_r20170330.shp,999999,VBD_bridges_c20160811.shp,15.520797;13.740124;11.189163;6.348358;8.728066;10.615557,72.603233;86.777206;100.590866;99.268730;85.628906;71.722198,npp_d20250910_t1946298_e1947540_b71880;npp_d20250910_t1947552_e1949194_b71880;npp_d20250910_t1949206_e1950448_b71880;npp_d20250910_t1950460_e1952102_b71880,140.919,74.3654,69.339,-79.2626,8.31107,-2.07972
42,VBD_npp_d20250910_t1950409_x0991752E_y065999N_l0733_s4042_v23,2025-09-10 21:54:03,6.599944,99.175194,33.3482,2025-09-10 19:50:40,2025-09-11 02:50:40,733,4042,0.313361,8,18913,0.724141,0.17875,0.800564,0.4,0.909192,0.75,0.0904339,0.0001,3.60433e-07,999999,1.250874e-01,3,Thailand Exclusive Economic Zone,,,SVDNB_npp_d20250910_t1949206_e1950448_b71880_c20250910211737433000_oeac_ops.h5,GDNBO_npp_d20250910_t1949206_e1950448_b71880_c20250910211505061000_oeac_ops.h5,SVI04_npp_d20250910_t1949206_e1950448_b71880_c20250910211745452000_oeac_ops.dspace_rad,,eez_v11.shp,WPP_BFAR_merge.shp,vbd_mpa_r20170830.shp,VNF-VBD_npp_20120301-20151231_global_asia-enhanced_c201607211230.bitmask,vbd_landsea_r20220824.mask,timezone.shp,VBD_platforms-recurring_2015_r20170330.shp,0.0222702,VBD_bridges_c20160811.shp,15.520797;13.740124;11.189163;6.348358;8.728066;10.615557,72.603233;86.777206;100.590866;99.268730;85.628906;71.722198,npp_d20250910_t1946298_e1947540_b71880;npp_d20250910_t1947552_e1949194_b71880;npp_d20250910_t1949206_e1950448_b71880;npp_d20250910_t1950460_e1952102_b71880,140.782,74.3609,69.5983,-79.1071,8.2641,-2.97003
43,VBD_npp_d20250910_t1950409_x0993117E_y066378N_l0724_s4060_v23,2025-09-10 21:54:03,6.637816,99.311699,22.0072,2025-09-10 19:50:40,2025-09-11 02:50:40,724,4060,0.316349,1,2529,0.532932,0.17875,0.849399,0.4,0.851472,0.75,0.0904339,0.0001,3.08227e-07,999999,2.768977e-01,3,Thailand Exclusive Economic Zone,,,SVDNB_npp_d20250910_t1949206_e1950448_b71880_c20250910211737433000_oeac_ops.h5,GDNBO_npp_d20250910_t1949206_e1950448_b71880_c20250910211505061000_oeac_ops.h5,SVI04_npp_d20250910_t1949206_e1950448_b71880_c20250910211745452000_oeac_ops.dspace_rad,,eez_v11.shp,WPP_BFAR_merge.shp,vbd_mpa_r20170830.shp,VNF-VBD_npp_20120301-20151231_global_asia-enhanced_c201607211230.bitmask,vbd_landsea_r20220824.mask,timezone.shp,VBD_platforms-recurring_2015_r20170330.shp,999999,VBD_bridges_c20160811.shp,15.520797;13.740124;11.189163;6.348358;8.728066;10.615557,72.603233;86.777206;100.590866;99.268730;85.628906;71.722198,npp_d20250910_t1946298_e1947540_b71880;npp_d20250910_t1947552_e1949194_b71880;npp_d20250910_t1949206_e1950448_b71880;npp_d20250910_t1950460_e1952102_b71880,140.642,74.3767,69.8784,-79.3487,8.23392,-3.9207
44,VBD_npp_d20250910_t1950409_x0993271E_y066420N_l0723_s4062_v23,2025-09-10 21:54:03,6.642044,99.327072,54.6687,2025-09-10 19:50:40,2025-09-11 02:50:40,723,4062,0.319834,1,2529,0.834814,0.248115,0.849399,0.4,0.937175,0.75,0.0904339,0.0001,3.02817e-07,999999,999999,3,Thailand Exclusive Economic Zone,,,SVDNB_npp_d20250910_t1949206_e1950448_b71880_c20250910211737433000_oeac_ops.h5,GDNBO_npp_d20250910_t1949206_e1950448_b71880_c20250910211505061000_oeac_ops.h5,SVI04_npp_d20250910_t1949206_e1950448_b71880_c20250910211745452000_oeac_ops.dspace_rad,,eez_v11.shp,WPP_BFAR_merge.shp,vbd_mpa_r20170830.shp,VNF-VBD_npp_20120301-20151231_global_asia-enhanced_c201607211230.bitmask,vbd_landsea_r20220824.mask,timezone.shp,VBD_platforms-recurring_2015_r20170330.shp,999999,VBD_bridges_c20160811.shp,15.520797;13.740124;11.189163;6.348358;8.728066;10.615557,72.603233;86.777206;100.590866;99.268730;85.628906;71.722198,npp_d20250910_t1946298_e1947540_b71880;npp_d20250910_t1947552_e1949194_b71880;npp_d20250910_t1949206_e1950448_b71880;npp_d20250910_t1950460_e1952102_b71880,140.626,74.3786,69.9098,-79.3754,8.23071,-4.02808
30,VBD_npp_d20250910_t1950534_x0962993E_y064025N_l0075_s3641_v23,2025-09-10 21:54:03,6.402466,96.299294,8.89872,2025-09-10 19:50:53,2025-09-11 02:50:53,75,3641,0.340889,2,2465,0.265946,0.240976,0.511248,0.4,0.694726,0.75,0.0901173,0.0001,1.3172e-05,999999,-3.462894e-01,3,Indonesian Exclusive Economic Zone,WPP571,,SVDNB_npp_d20250910_t1950460_e1952102_b71880_c20250910211729038000_oeac_ops.h5,GDNBO_npp_d20250910_t1950460_e1952102_b71880_c20250910211505999000_oeac_ops.h5,SVI04_npp_d20250910_t1950460_e1952102_b71880_c20250910211738582000_oeac_ops.dspace_rad,,eez_v11.shp,WPP_BFAR_merge.shp,vbd_mpa_r20170830.shp,VNF-VBD_npp_20120301-20151231_global_asia-enhanced_c201607211230.bitmask,vbd_landsea_r20220824.mask,timezone.shp,VBD_platforms-recurring_2015_r20170330.shp,999999,VBD_bridges_c20160811.shp,10.618765;8.723063;6.350530;1.488181;3.708864;5.724733,71.717873;85.621269;99.264221;98.066513;84.494026;70.745010,npp_d20250910_t1946298_e1947540_b71880;npp_d20250910_t1947552_e1949194_b71880;npp_d20250910_t1949206_e1950448_b71880;npp_d20250910_t1950460_e1952102_b71880,143.532,73.2786,62.6472,-79.6187,8.7862,15.6038
31,VBD_npp_d20250910_t1950587_x0972668E_y059129N_l0122_s3796_v23,2025-09-10 21:54:03,5.912892,97.266846,23.922,2025-09-10 19:50:58,2025-09-11 02:50:58,122,3796,0.288466,1,2529,0.636013,0.181634,0.758714,0.4,0.909045,0.75,0.0900217,0.0001,3.2597e-06,999999,1.001626e-01,3,Indonesian Exclusive Economic Zone,WPP571,,SVDNB_npp_d20250910_t1950460_e1952102_b71880_c20250910211729038000_oeac_ops.h5,GDNBO_npp_d20250910_t1950460_e1952102_b71880_c20250910211505999000_oeac_ops.h5,SVI04_npp_d20250910_t1950460_e1952102_b71880_c20250910211738582000_oeac_ops.dspace_rad,,eez_v11.shp,WPP_BFAR_merge.shp,vbd_mpa_r20170830.shp,VNF-VBD_npp_20120301-20151231_global_asia-enhanced_c201607211230.bitmask,vbd_landsea_r20220824.mask,timezone.shp,VBD_platforms-recurring_2015_r20170330.shp,999999,VBD_bridges_c20160811.shp,10.618765;8.723063;6.350530;1.488181;3.708864;5.724733,71.717873;85.621269;99.264221;98.066513;84.494026;70.745010,npp_d20250910_t1946298_e1947540_b71880;npp_d20250910_t1947552_e1949194_b71880;npp_d20250910_t1949206_e1950448_b71880;npp_d20250910_t1950460_e1952102_b71880,142.723,74.3771,65.5635,-79.6178,9.06242,8.80323
37,VBD_npp_d20250910_t1950516_x0988782E_y060124N_l0062_s4022_v23,2025-09-10 21:54:03,6.012430,98.878159,33.4949,2025-09-10 19:50:51,2025-09-11 02:50:51,62,4022,0.274168,1,2529,0.716233,0.17875,0.792899,0.4,0.900422,0.75,0.0901155,0.0001,4.1107e-07,999999,1.231732e-01,3,Malaysian Exclusive Economic Zone,,,SVDNB_npp_d20250910_t1950460_e1952102_b71880_c20250910211729038000_oeac_ops.h5,GDNBO_npp_d20250910_t1950460_e1952102_b71880_c20250910211505999000_oeac_ops.h5,SVI04_npp_d20250910_t1950460_e1952102_b71880_c20250910211738582000_oeac_ops.dspace_rad,,eez_v11.shp,WPP_BFAR_merge.shp,vbd_mpa_r20170830.shp,VNF-VBD_npp_20120301-20151231_global_asia-enhanced_c201607211230.bitmask,vbd_landsea_r20220824.mask,timezone.shp,VBD_platforms-recurring_2015_r20170330.shp,999999,VBD_bridges_c20160811.shp,10.618765;8.723063;6.350530;1.488181;3.708864;5.724733,71.717873;85.621269;99.264221;98.066513;84.494026;70.745010,npp_d20250910_t1946298_e1947540_b71880;npp_d20250910_t1947552_e1949194_b71880;npp_d20250910_t1949206_e1950448_b71880;npp_d20250910_t1950460_e1952102_b71880,141.18,74.9505,69.2846,-79.2532,8.85311,-1.14747
40,VBD_npp_d20250910_t1950463_x0990965E_y063746N_l0002_s4040_v23,2025-09-10 21:54:03,6.374620,99.096519,37.7046,2025-09-10 19:50:46,2025-09-11 02:50:46,2,4040,0.330717,1,2529,0.858348,0.17875,0.846568,0.4,0.936991,0.75,0.0902423,0.0001,3.66867e-07,999999,1.902981e-01,3,Thailand Exclusive Economic Zone,,,SVDNB_npp_d20250910_t1950460_e1952102_b71880_c20250910211729038000_oeac_ops.h5,GDNBO_npp_d20250910_t1950460_e1952102_b71880_c20250910211505999000_oeac_ops.h5,SVI04_npp_d20250910_t1950460_e1952102_b71880_c20250910211738582000_oeac_ops.dspace_rad,,eez_v11.shp,WPP_BFAR_merge.shp,vbd_mpa_r20170830.shp,VNF-VBD_npp_20120301-20151231_global_asia-enhanced_c201607211230.bitmask,vbd_landsea_r20220824.mask,timezone.shp,VBD_platforms-recurring_2015_r20170330.shp,999999,VBD_bridges_c20160811.shp,10.618765;8.723063;6.350530;1.488181;3.708864;5.724733,71.717873;85.621269;99.264221;98.066513;84.494026;70.745010,npp_d20250910_t1946298_e1947540_b71880;npp_d20250910_t1947552_e1949194_b71880;npp_d20250910_t1949206_e1950448_b71880;npp_d20250910_t1950460_e1952102_b71880,140.897,74.6027,69.5672,-79.5041,8.49072,-2.50936
41,VBD_npp_d20250910_t1950463_x0991864E_y063224N_l0007_s4054_v23,2025-09-10 21:54:03,6.322416,99.186409,75.6365,2025-09-10 19:50:46,2025-09-11 02:50:46,7,4054,0.320546,1,2529,1.08897,0.186321,0.871285,0.4,0.9583,0.75,0.0902318,0.0001,3.15154e-07,999999,6.489703e-02,3,Thailand Exclusive Economic Zone,,,SVDNB_npp_d20250910_t1950460_e1952102_b71880_c20250910211729038000_oeac_ops.h5,GDNBO_npp_d20250910_t1950460_e1952102_b71880_c20250910211505999000_oeac_ops.h5,SVI04_npp_d20250910_t1950460_e1952102_b71880_c20250910211738582000_oeac_ops.dspace_rad,,eez_v11.shp,WPP_BFAR_merge.shp,vbd_mpa_r20170830.shp,VNF-VBD_npp_20120301-20151231_global_asia-enhanced_c201607211230.bitmask,vbd_landsea_r20220824.mask,timezone.shp,VBD_platforms-recurring_2015_r20170330.shp,999999,VBD_bridges_c20160811.shp,10.618765;8.723063;6.350530;1.488181;3.708864;5.724733,71.717873;85.621269;99.264221;98.066513;84.494026;70.745010,npp_d20250910_t1946298_e1947540_b71880;npp_d20250910_t1947552_e1949194_b71880;npp_d20250910_t1949206_e1950448_b71880;npp_d20250910_t1950460_e1952102_b71880,140.824,74.7036,69.7839,-79.3512,8.54821,-3.08847
43,VBD_npp_d20250910_t1950498_x0991460E_y061038N_l0041_s4056_v23,2025-09-10 21:54:03,6.103756,99.146004,39.7836,2025-09-10 19:50:49,2025-09-11 02:50:49,41,4056,0.317772,1,2529,0.81996,0.17875,0.833475,0.4,0.90957,0.75,0.0901599,0.0001,3.00298e-07,999999,2.093793e-01,3,Malaysian Exclusive Economic Zone,,,SVDNB_npp_d20250910_t1950460_e1952102_b71880_c20250910211729038000_oeac_ops.h5,GDNBO_npp_d20250910_t1950460_e1952102_b71880_c20250910211505999000_oeac_ops.h5,SVI04_npp_d20250910_t1950460_e1952102_b71880_c20250910211738582000_oeac_ops.dspace_rad,,eez_v11.shp,WPP_BFAR_merge.shp,vbd_mpa_r20170830.shp,VNF-VBD_npp_20120301-20151231_global_asia-enhanced_c201607211230.bitmask,vbd_landsea_r20220824.mask,timezone.shp,VBD_platforms-recurring_2015_r20170330.shp,999999,VBD_bridges_c20160811.shp,10.618765;8.723063;6.350530;1.488181;3.708864;5.724733,71.717873;85.621269;99.264221;98.066513;84.494026;70.745010,npp_d20250910_t1946298_e1947540_b71880;npp_d20250910_t1947552_e1949194_b71880;npp_d20250910_t1949206_e1950448_b71880;npp_d20250910_t1950460_e1952102_b71880,140.906,74.952,69.817,-79.3467,8.76929,-2.8425
44,VBD_npp_d20250910_t1950570_x0990874E_y057123N_l0102_s4062_v23,2025-09-10 21:54:03,5.712252,99.087410,36.3434,2025-09-10 19:50:57,2025-09-11 02:50:57,102,4062,0.307102,1,2529,0.784777,0.248115,0.840003,0.4,0.918232,0.75,0.0900303,0.0001,2.72491e-07,999999,999999,3,Malaysian Exclusive Economic Zone,,,SVDNB_npp_d20250910_t1950460_e1952102_b71880_c20250910211729038000_oeac_ops.h5,GDNBO_npp_d20250910_t1950460_e1952102_b71880_c20250910211505999000_oeac_ops.h5,SVI04_npp_d20250910_t1950460_e1952102_b71880_c20250910211738582000_oeac_ops.dspace_rad,,eez_v11.shp,WPP_BFAR_merge.shp,vbd_mpa_r20170830.shp,VNF-VBD_npp_20120301-20151231_global_asia-enhanced_c201607211230.bitmask,vbd_landsea_r20220824.mask,timezone.shp,VBD_platforms-recurring_2015_r20170330.shp,999999,VBD_bridges_c20160811.shp,10.618765;8.723063;6.350530;1.488181;3.708864;5.724733,71.717873;85.621269;99.264221;98.066513;84.494026;70.745010,npp_d20250910_t1946298_e1947540_b71880;npp_d20250910_t1947552_e1949194_b71880;npp_d20250910_t1949206_e1950448_b71880;npp_d20250910_t1950460_e1952102_b71880,141.034,75.4069,69.9109,-79.5358,9.16629,-2.53481
0,,,999999.000000,999999.000000,999999,,,999999,999999,999999,999999,999999,999999,999999,999999,999999,999999,999999,999999,999999,999999,999999,999999,999999,,,,SVDNB_npp_d20250910_t1806550_e1808192_b71879_c20250910193658288000_oeac_ops.h5,GDNBO_npp_d20250910_t1806550_e1808192_b71879_c20250910193432325000_oeac_ops.h5,SVI04_npp_d20250910_t1806550_e1808192_b71879_c20250910193706436000_oeac_ops.dspace_rad,,eez_v11.shp,WPP_BFAR_merge.shp,vbd_mpa_r20170830.shp,VNF-VBD_npp_20120301-20151231_global_asia-enhanced_c201607211230.bitmask,vbd_landsea_r20220824.mask,timezone.shp,VBD_platforms-recurring_2015_r20170330.shp,999999,VBD_bridges_c20160811.shp,18.713047;17.003277;14.324891;9.500808;11.993426;13.804522,98.535995;112.921097;126.899872;125.486053;111.751854;97.685997,npp_d20250910_t1804042_e1805284_b71879;npp_d20250910_t1805296_e1806538_b71879;npp_d20250910_t1806550_e1808192_b71879;npp_d20250910_t1808204_e1809446_b71879,999999,999999,999999,999999,999999,999999
0,,,999999.000000,999999.000000,999999,,,999999,999999,999999,999999,999999,999999,999999,999999,999999,999999,999999,999999,999999,999999,999999,999999,999999,,,,SVDNB_npp_d20250910_t1947552_e1949194_b71880_c20250910211725221000_oeac_ops.h5,GDNBO_npp_d20250910_t1947552_e1949194_b71880_c20250910211505850000_oeac_ops.h5,SVI04_npp_d20250910_t1947552_e1949194_b71880_c20250910211733862000_oeac_ops.dspace_rad,,eez_v11.shp,WPP_BFAR_merge.shp,vbd_mpa_r20170830.shp,VNF-VBD_npp_20120301-20151231_global_asia-enhanced_c201607211230.bitmask,vbd_landsea_r20220824.mask,timezone.shp,VBD_platforms-recurring_2015_r20170330.shp,999999,VBD_bridges_c20160811.shp,20.430035;18.753429;16.003239;11.186981;13.745205;15.517679,73.409081;87.967941;102.051353;100.596046;86.784935;72.607719,npp_d20250910_t1946298_e1947540_b71880;npp_d20250910_t1947552_e1949194_b71880;npp_d20250910_t1949206_e1950448_b71880;npp_d20250910_t1950460_e1952102_b71880,999999,999999,999999,999999,999999,999999
